version 1
nodes
0 "Object009" -1
1 "Bone000" -1
2 "Bone001" 1
3 "Bone002" 2
4 "Bone003" 3
5 "Bone004" 4
6 "Bone005" 5
7 "Bone006" 6
8 "Bone007" 6
9 "Bone008" 6
10 "Bone009" 9
11 "Bone010" 10
12 "Bone011" 11
13 "Bone012" 12
14 "Bone013" 13
15 "Bone014" 14
16 "Bone015" 6
17 "Bone016" 16
18 "Bone017" 17
19 "Bone018" 18
20 "Bone019" 19
21 "Bone020" 20
22 "Bone021" 21
23 "Bone022" 6
24 "Bone023" 23
25 "Bone024" 24
26 "Bone025" 25
27 "Bone026" 26
28 "Bone027" 27
29 "Bone028" 28
30 "Bone029" 6
31 "Bone030" 30
32 "Bone031" 31
33 "Bone032" 32
34 "Bone033" 33
35 "Bone034" 34
36 "Bone035" 35
37 "Bone036" 6
38 "Bone037" 37
39 "Bone038" 38
40 "Bone039" 39
41 "Bone040" 40
42 "Bone041" 41
43 "Bone042" 42
44 "Bone043" 6
45 "Bone044" 44
46 "Bone045" 45
47 "Bone046" 46
48 "Bone047" 47
49 "Bone048" 48
50 "Bone049" 49
51 "Bone050" 6
52 "Bone051" 51
53 "Bone052" 52
54 "Bone053" 53
55 "Bone054" 54
56 "Bone055" 55
57 "Bone056" 56
58 "Bone057" 6
59 "Bone058" 58
60 "Bone059" 6
61 "Bone060" 60
62 "Bone061" 61
63 "Bone062" 62
64 "Bone063" 63
65 "Bone065" 4
66 "Bone066" 65
67 "Bone067" 66
68 "Bone068" 67
69 "Bone069" 68
70 "Bone070" 69
71 "Bone071" 67
72 "Bone072" 71
73 "Bone073" 72
74 "Bone074" 67
75 "Bone075" 74
76 "Bone076" 75
77 "Bone077" 67
78 "Bone078" 77
79 "Bone079" 78
80 "Bone080" 67
81 "Bone081" 80
82 "Bone082" 81
83 "Bone083" 66
84 "Bone084" 4
85 "Bone085" 84
86 "Bone086" 85
87 "Bone087" 86
88 "Bone088" 86
89 "Bone089" 88
90 "Bone090" 89
91 "Bone091" 86
92 "Bone092" 91
93 "Bone093" 92
94 "Bone094" 86
95 "Bone095" 94
96 "Bone064" 64
97 "Bone096" 95
98 "Bone097" 86
99 "Bone098" 98
100 "Bone099" 99
101 "Bone0100" 86
102 "Bone0101" 101
103 "Bone0102" 102
104 "Bone0103" 85
105 "Bone0104" 2
106 "Bone0105" 105
107 "Bone0106" 106
108 "Bone0107" 107
109 "Bone0108" 105
110 "Bone0109" 109
111 "Bone0110" 110
112 "Bone0111" 111
113 "Bone0112" 112
114 "Bone0113" 113
115 "Bone0114" 109
116 "Bone0115" 115
117 "Bone0116" 116
118 "Bone0117" 117
119 "Bone0118" 118
120 "Bone0119" 109
121 "Bone0120" 120
122 "Bone0121" 121
123 "Bone0122" 122
124 "Bone0123" 123
125 "Bone0124" 109
126 "Bone0125" 125
127 "Bone0126" 126
128 "Bone0127" 127
129 "Bone0128" 128
130 "Bone0129" 109
131 "Bone0130" 130
132 "Bone0131" 131
133 "Bone0132" 132
134 "Bone0133" 133
135 "Bone0134" 109
136 "Bone0135" 135
137 "Bone0136" 136
138 "Bone0137" 137
139 "Bone0138" 138
140 "Bone0139" 109
141 "Bone0140" 140
142 "Bone0141" 141
143 "Bone0142" 142
144 "Bone0143" 143
145 "Bone0144" 109
146 "Bone0145" 145
147 "Bone0146" 146
148 "Bone0147" 147
149 "Bone0148" 148
150 "Bone0149" 105
151 "Bone0150" 150
152 "Bone0151" 151
153 "Object007" -1
154 "Object010" -1
155 "Object011" -1
156 "Object013" -1
157 "Object014" -1
158 "Object015" -1
159 "Object016" -1
160 "Object017" -1
161 "Object018" -1
162 "_M3_Anim_Data" -1
163 "Object019" -1
end
skeleton
time 0
0 -0.364086866 -2.758006096 4.994803905 0 0 0.000244115
1 -0.355712891 -7.47265625 1.084960938 0 -1.570482873 -1.57071714
2 130.809036255 0 -0.000000477 0 0 0
3 6.662017822 -0.142129987 2.521339893 3.141592654 0 0
4 24.360931396 0 0.000011921 0 0.223073131 0
5 24.806396484 -0.00000599 0.765956879 0 -0.368320338 0
6 8.120269775 -0.000001997 0.000003815 0 0 0
7 8.120315552 -0.000000983 0.000001907 0 -0.880742373 0
8 8.120315552 -0.000000983 0.000001907 0 -1.357954675 0
9 5.115219116 7.517074585 -23.079299927 1.578661878 -0.213012782 -0.152788311
10 -13.525115967 0.000007629 -0.000003815 0.020482009 0.066113984 -0.155722535
11 -11.953063965 -0.000007629 0 0.022921342 -0.047016349 -0.08172675
12 -8.290374756 0 -0.000003815 0.07572279 -0.063154045 -0.212872422
13 -7.875 0.000032425 0.000003815 0.024925785 0.057648057 0.001927728
14 -8.78578186 0.000034332 0.000003815 0.165063436 0.006317173 0.003207528
15 -8.9037323 0.000001907 0 0.032996689 0.044701337 0.065511555
16 5.903457642 12.714836121 -17.693172455 1.437160516 -0.227546005 -0.187490024
17 -13.525161743 0 -0.000003815 -0.000600301 0.075955987 -0.14318872
18 -11.953033447 -0.000007629 0 0.051936824 -0.058016578 -0.085841353
19 -8.290390015 0 0 0.068691904 -0.003160105 -0.066451207
20 -7.875 0.000030518 0.000003815 0.009197016 0.072261489 -0.034737211
21 -8.785797119 0.000038147 0.000003815 0.127117922 0.120909708 0.048085806
22 -8.903717041 0 -0.000001907 -0.024464619 0.042924795 0.043081537
23 5.115219116 -7.603518486 -23.079322815 -1.67787152 0.273773625 -3.082671578
24 13.525115967 0.000007629 0 0.019098888 -0.024637376 -0.158205671
25 11.953033447 0 0 0.116296438 0.020480915 -0.081234443
26 8.290390015 -0.000003815 0.000001907 0.149046035 -0.012068357 -0.190662317
27 7.875 -0.000030518 0 0.0839471 0.088360442 0.023949373
28 8.785766602 -0.000030518 0.000000596 0.140382302 0.113395765 0.005207599
29 8.9037323 -0.000003815 0.000001907 -0.02016889 0.173234737 0.042181605
30 5.903442383 -12.801283836 -17.693199158 -1.741840763 0.351134394 -2.985922282
31 13.525131226 0 0 -0.013008414 0.025611564 -0.163243737
32 11.953063965 0.000007629 0 0.114644347 0.044788398 -0.089650128
33 8.290390015 0.000007629 0 0.122634176 0.057512137 -0.051758189
34 7.875 -0.000030518 0 0.05091988 0.122110743 -0.034432254
35 8.785766602 -0.000030518 0.000000954 0.143835673 0.228745788 0.036237589
36 8.903717041 0 0.000003815 -0.020904972 0.185672156 0.037155418
37 4.435455322 0.000127017 -25.179950714 3.068672278 0.422392244 3.083283754
38 14.171020508 0.000020742 1.280670166 -0.041088259 0.1007487 -0.028005937
39 10.9765625 0.00001812 0.352539063 0.016349395 0.122612318 0.052120073
40 8.120300293 -0.000003576 -0.000015259 0.005065942 0.063197463 0.037297123
41 8.120285034 -0.000001907 -0.000038147 -0.010847685 -0.013193243 0.034687563
42 8.120346069 0.000001907 -0.000022888 -0.007711904 0.284163205 0.047295352
43 8.120361328 0.000001907 0.000061035 -0.038652756 -0.03069641 0.070027119
44 7.146957397 16.179790497 -9.195613861 1.43276879 -0.153691369 -0.212126763
45 -13.525131226 0 0 -0.079280299 -0.107074542 -0.107229753
46 -11.953033447 -0.000013351 -0.000015259 0.068485362 -0.086765331 -0.125461903
47 -8.290390015 0.000001907 0 0.108781636 0.051425974 -0.043985726
48 -7.875 0.000030518 0 0.038272916 0.136967021 0.021836626
49 -8.785797119 0.000041962 0 0.09477206 0.272889673 -0.011226899
50 -8.903686523 0.000001907 -0.000001907 -0.046418827 0.112752369 -0.179089819
51 7.147003174 -16.266246796 -9.19562149 -1.732968971 0.290202032 -2.937929314
52 13.525115967 0.000015259 0.000007629 -0.100877383 -0.046449826 -0.090535315
53 11.953018188 0.000011444 0 0.10112557 0.11425913 -0.103601541
54 8.290390015 0 0.000003815 0.140426905 0.137373037 -0.0334334
55 7.875 -0.000034332 0 0.065028463 0.191303502 0.022378572
56 8.78578186 -0.000038147 0.000003219 0.11026485 0.381469962 -0.007919285
57 8.903717041 0 -0.000007629 -0.025118054 0.200358334 0.03929574
58 -5.36730957 8.366906166 8.703117371 1.756877257 -0.754722424 -3.135443317
59 13.525115967 0.000015259 -0.000001907 -0.294796652 0.025796171 -0.029052018
60 -3.441879272 -10.792385101 9.377006531 1.678305831 -0.829112571 -2.999723217
61 13.525115967 -0.000007629 0.000003815 -0.429085512 0.137663819 -0.472635474
62 11.953048706 0.000015259 0.000003815 0.213045707 -0.112905207 -0.390111634
63 8.290359497 0.000002861 0 0.125059006 -0.093798175 0.096679259
64 7.875 -0.00002861 0.000001907 0.069162976 -0.049838031 0.007433403
65 19.39491272 -14.052383423 -0.467086792 0.816719132 0.189915379 -2.809840098
66 26.240753174 0.000003815 0.000007629 -0.296253317 -0.050602384 -0.001614061
67 31.971000671 0.000003815 0.000003815 -0.195350114 0.021083914 -0.091345891
68 4.627235413 -2.31129837 4.185634613 -0.024611287 -0.558422955 -0.444239217
69 2.980117798 -0.000004292 -0.000007629 -0.044814452 -0.161464923 0.279695347
70 1.982421875 0.000015259 0.000015259 0 0 0.079605056
71 10.844871521 -1.281562805 -1.331679344 0.003154845 -0.01855101 -1.502721343
72 3.98828125 0 0.000037193 0.024656551 0.116612118 -1.30426207
73 2.26953125 -0.000015259 -0.000010133 0.010246566 0.020303916 -1.235445909
74 10.908851624 -1.237388611 0.829589844 0.008182385 -0.019760774 -1.502678948
75 3.989425659 -0.000015259 0.000037193 0.003562594 0.093803498 -1.240572344
76 3.478279114 0 -0.000015974 0.01062322 -0.039586617 -1.338501469
77 10.291885376 -1.202156067 -3.344136238 0.018038834 -0.023865117 -1.537453755
78 2.757148743 0 0.000027657 -0.00454994 -0.095548155 -1.291608045
79 1.775390625 -0.000007629 -0.000009537 0.198076059 0.357239486 -1.30316968
80 10.971855164 -1.19392395 2.957341194 -0.012167132 -0.015944087 -1.622309173
81 3.82421875 -0.000007629 0.000035286 -0.000576872 0.002168828 -1.309510829
82 2.94140625 -0.000007629 -0.000013351 0.003967107 0.006944486 -1.466881704
83 -0.000015259 0.000007629 0 0.398893261 0.159072221 -0.629548
84 19.39491272 13.160593033 -0.467075348 -2.434836051 -0.220009757 -0.329934074
85 -26.240753174 -0.000003815 -0.000003815 -0.149102805 0.038387509 0.120230475
86 -31.971000671 0.000015259 0 -0.640439261 0.213481567 -0.19331895
87 -11.614601135 3.933105469 0.069384575 -1.578444876 1.529198549 -2.544968004
88 -10.484527588 1.069198608 3.539872169 -3.131584703 0.028220486 2.411526648
89 2.757156372 0.000002265 0.000026703 -0.011712134 0.035128624 1.019560794
90 1.775390625 0.000007629 -0.000023842 -0.261071927 -0.262843666 1.059935836
91 -11.046470642 1.142402649 1.529694557 -3.130487012 0.018259081 2.114134707
92 3.98828125 0 0.000038147 0.004872241 -0.009924216 1.610032301
93 2.26953125 0.000007629 0.000000954 -0.076539319 -0.095407065 1.438172442
94 -11.192642212 1.041526794 -2.758434296 -3.116629264 0.004012045 2.226905852
95 3.82421875 0.000038147 0.000051498 0.00053161 0.002187187 1.610324685
96 8.785812378 -0.000034332 0.000000954 0.08229373 0.071373082 -0.580233542
97 2.94140625 0.000007629 -0.000011444 -0.004550553 0.006091757 1.767588569
98 -11.120124817 1.091545105 -0.631118774 -3.132136147 0.020772815 2.221577138
99 3.98941803 0.000001907 0.000052452 0.021444626 0.041947477 1.751021405
100 3.478290558 0.000022888 -0.00001049 -0.001306817 0.004312204 1.848998194
101 -4.853614807 2.155082703 -4.018517494 3.123057975 0.125574955 2.46129872
102 2.980110168 -0.00000906 0.000011921 0.038574713 -0.163808097 -0.240289671
103 1.982421875 -0.000009537 0.000034332 0 0 -0.040571652
104 0.000015259 -0.000007629 -0.000003815 -0.01786834 -0.032037725 -0.918099438
105 7.08984375 0 -0.000000477 3.141592654 -0.174494806 3.141592654
106 7.528259277 8.168075562 -1.23279953 -3.136643079 0.174442134 -3.112738881
107 -54.911224365 -0.64967823 -0.176695824 1.570486209 0.07895275 0.030347038
108 -61.183189392 0.000000954 0 0.173988939 0.013650073 0.001450443
109 8.588684082 0 1.514415741 0 0 0
110 4.260505676 -21.349506378 -3.218473434 0.016243512 -0.173757211 -0.093812696
111 15.606674194 0 -0.000012398 -0.000695566 0.015869325 -0.05499795
112 15.853752136 0 -0.00000608 -0.00893717 0.052585036 -0.112805188
113 15.151855469 0.000003815 0.000000715 -0.006406444 0.122575627 -0.025472858
114 11.14995575 0 -0.000006676 0 0 -0.079691439
115 1.725082397 -0.142127991 11.160655975 -1.570529059 -0.270723431 -0.000036396
116 15.606681824 -0.000001907 0 0.00399427 0.007844277 0.049739715
117 15.853729248 0.000003815 0.000000119 0.003300396 0.026639614 0.020934878
118 15.151863098 -0.000001907 0.000000238 0.003234783 0.063140221 0.042248904
119 11.149963379 0 0 0 0 -0.011393872
120 6.678688049 -0.142132998 -16.932613373 1.570495834 0.078267043 3.141580887
121 -15.606689453 0.000003815 0 -0.00381831 -0.007716675 0.027550899
122 -15.853752136 0.000007629 0.00000608 -0.002654722 -0.025820739 -0.008339178
123 -15.151855469 -0.000003815 -0.000000238 -0.001480892 -0.061193213 0.028630526
124 -11.14994812 -0.000007629 0.000006676 0 0 -0.011393872
125 2.507644653 15.93921566 6.722552299 -1.594371577 0.218342616 -2.991067666
126 -15.606697083 0 0 -0.004997036 0.038995203 -0.048103436
127 -15.853752136 -0.000000954 0.000013351 0.00994942 -0.069189577 0.006997085
128 -15.151855469 -0.000001907 0.000007629 -0.002222688 -0.06236015 -0.133886911
129 -11.149963379 -0.000003815 -0.000003815 -0.00888922 -0.000181549 -0.060257992
130 2.507621765 -17.075353622 6.722564697 -1.594393869 -0.218221144 -0.150522989
131 15.606674194 0 0.000003815 0.007100653 0.051574453 0.014171313
132 15.853736877 -0.000001907 0.000003815 0.018337745 -0.025340482 0.122515777
133 15.151870728 0.000001431 0 -0.002595676 0.045266167 0.022648869
134 11.149963379 0.000000954 -0.000015259 -0.00888922 -0.000181549 -0.060257992
135 5.893127441 15.939212799 -12.477539063 3.066669031 -0.126878978 0.148213486
136 15.606674194 0 0.000026703 0.026156626 0.043550018 -0.016095016
137 15.853744507 -0.000003815 -0.000011921 0.026126033 -0.053731095 0.066235732
138 15.151855469 0.000003815 0 -0.00281039 -0.023908315 -0.053838466
139 11.149963379 0.000003815 -0.000007629 -0.00888922 -0.000181549 -0.060257992
140 5.893135071 -17.075361252 -12.477552414 1.495546166 0.126925051 2.993474443
141 -15.606658936 0 0.000007629 0.009765307 0.036299633 -0.008973964
142 -15.853729248 -0.000000954 -0.000011444 0.01605193 -0.077236492 0.092535334
143 -15.151832581 -0.000003815 -0.000007629 -0.004596675 -0.078284373 0.011496268
144 -11.149932861 -0.000003815 -0.000011444 -0.00888922 -0.000181549 -0.060257992
145 4.260475159 20.773918152 -3.218482971 0.016243512 0.173757211 -3.047779968
146 -15.606681824 0 0 -0.012672093 -0.015515561 0.031002486
147 -15.853736877 0.000003815 -0.000000119 -0.00387212 -0.051792263 -0.070631702
148 -15.151855469 -0.000005722 0.000000238 -0.004083297 -0.12085452 0.047466647
149 -11.149963379 0.000003815 0 0 0 -0.079691439
150 7.528274536 -8.043749809 -1.232801437 0.004949575 -0.174442134 -0.028853775
151 54.911239624 0.649676323 0.176697254 1.570486209 0.07895275 0.030347038
152 61.183170319 -0.000000715 0.000000954 0.174162246 0.013649947 0.001451626
153 -0.364086866 -2.758008003 4.994803905 0 0 0.000244115
154 -0.364086866 -2.758006096 4.994803905 0 0 0.000244115
155 -0.364086866 -2.758006096 4.994803905 0 0 0.000244115
156 -0.364086866 -2.758006096 4.994803905 0 0 0.000244115
157 -0.364086866 -2.758006096 4.994803905 0 0 0.000244115
158 -0.364086866 -2.758006096 4.994803905 0 0 0.000244115
159 -0.364086866 -2.758006096 4.994803905 0 0 0.000244115
160 -0.364086866 -2.758006096 4.994803905 0 0 0.000244115
161 -0.364086866 -2.758006096 4.994803905 0 0 0.000244115
162 -0.498048782 -4.95163393 0.510848999 0 0 0.000244115
163 -0.364086866 -2.758006096 4.994803905 0 0 0.000244115
time 1
0 -0.364086866 -2.758006096 4.994803905 0 0 0.000244115
1 -0.355712891 -7.47265625 1.084960938 0 -1.570482873 -1.57071714
2 130.809036255 0 -0.000000477 0 0 0
3 6.662017822 -0.142129987 2.521339893 3.1415058 0.000776791 -0.001381102
4 24.360931396 0 0.000011921 0.006938544 0.223422217 -0.000090231
5 24.806396484 -0.00000599 0.765956879 0 -0.368320338 0
6 8.120269775 -0.000001997 0.000003815 0 0 0
7 8.120315552 -0.000000983 0.000001907 0 -0.880742373 0
8 8.120315552 -0.000000983 0.000001907 0 -1.357954675 0
9 5.115219116 7.517074585 -23.079299927 1.567739723 -0.218224312 -0.133679615
10 -13.525115967 0.000007629 -0.000003815 0.023039382 0.051362698 -0.158201616
11 -11.953063965 -0.000007629 0 0.023475657 -0.050495526 -0.077549884
12 -8.290374756 0 -0.000003815 0.075437483 -0.062245166 -0.217431234
13 -7.875 0.000032425 0.000003815 0.024547491 0.055014113 -0.008564681
14 -8.78578186 0.000034332 0.000003815 0.164890243 0.008918774 0.002122774
15 -8.9037323 0.000001907 0 0.03287483 0.044288386 0.064551331
16 5.903457642 12.714836121 -17.693172455 1.426868376 -0.235437051 -0.171532481
17 -13.525161743 0 -0.000003815 0.001159547 0.065364068 -0.149682401
18 -11.953033447 -0.000007629 0 0.052299868 -0.061031284 -0.082217217
19 -8.290390015 0 0 0.068598833 -0.002699635 -0.069891844
20 -7.875 0.000030518 0.000003815 0.008760882 0.069646627 -0.048585046
21 -8.785797119 0.000038147 0.000003815 0.126489986 0.123081485 0.045414136
22 -8.903717041 0 -0.000001907 -0.024490409 0.042739492 0.042046818
23 5.115219116 -7.603518486 -23.079322815 -1.665219142 0.268725993 -3.061722792
24 13.525115967 0.000007629 0 0.01645483 -0.009324408 -0.149983283
25 11.953033447 0 0 0.115334774 0.026822476 -0.074907935
26 8.290390015 -0.000003815 0.000001907 0.149656287 -0.014602985 -0.197906314
27 7.875 -0.000030518 0 0.083692059 0.084663884 0.015134037
28 8.785766602 -0.000030518 0.000000596 0.140395804 0.107872022 0.00611904
29 8.9037323 -0.000003815 0.000001907 -0.01999707 0.172873255 0.041246123
30 5.903442383 -12.801283836 -17.693199158 -1.728499595 0.342574584 -2.966976372
31 13.525131226 0 0 -0.015032313 0.037122068 -0.151854041
32 11.953063965 0.000007629 0 0.113687173 0.050806366 -0.082234405
33 8.290390015 0.000007629 0 0.122485833 0.056444191 -0.058318193
34 7.875 -0.000030518 0 0.050786158 0.117297119 -0.045458331
35 8.785766602 -0.000030518 0.000000954 0.143479124 0.221977822 0.034651195
36 8.903717041 0 0.000003815 -0.020560193 0.185480974 0.036235277
37 4.435455322 0.000127017 -25.179950714 3.081995575 0.424079008 3.103937419
38 14.171020508 0.000020742 1.280670166 -0.041381032 0.100452575 -0.025334472
39 10.9765625 0.00001812 0.352539063 0.016596774 0.121039785 0.066827349
40 8.120300293 -0.000003576 -0.000015259 0.005345377 0.062049862 0.046976532
41 8.120285034 -0.000001907 -0.000038147 -0.010845457 -0.01371997 0.033050152
42 8.120346069 0.000001907 -0.000022888 -0.007573891 0.285489919 0.037719799
43 8.120361328 0.000001907 0.000061035 -0.038532125 -0.029661023 0.070177472
44 7.146957397 16.179790497 -9.195613861 1.424326023 -0.163122099 -0.201970673
45 -13.525131226 0 0 -0.078401007 -0.112073939 -0.113939899
46 -11.953033447 -0.000013351 -0.000015259 0.068762771 -0.089332256 -0.120459956
47 -8.290390015 0.000001907 0 0.1084824 0.051195478 -0.049368362
48 -7.875 0.000030518 0 0.036810644 0.134350935 0.004466887
49 -8.785797119 0.000041962 0 0.093019805 0.273310523 -0.013192332
50 -8.903686523 0.000001907 -0.000001907 -0.046388203 0.112647877 -0.18021369
51 7.147003174 -16.266246796 -9.19562149 -1.722309145 0.278588914 -2.925291064
52 13.525115967 0.000015259 0.000007629 -0.101703668 -0.041598162 -0.076310158
53 11.953018188 0.000011444 0 0.100745651 0.119015087 -0.094033448
54 8.290390015 0 0.000003815 0.139839488 0.140704583 -0.042614439
55 7.875 -0.000034332 0 0.064436659 0.18691854 0.007516447
56 8.78578186 -0.000038147 0.000003219 0.109269429 0.373569216 -0.010120753
57 8.903717041 0 -0.000007629 -0.024496298 0.200335144 0.038577334
58 -5.36730957 8.366906166 8.703117371 1.769678295 -0.749349263 3.140172845
59 13.525115967 0.000015259 -0.000001907 -0.294796652 0.025796171 -0.029052018
60 -3.441879272 -10.792385101 9.377006531 1.693038077 -0.835564709 -3.0097867
61 13.525115967 -0.000007629 0.000003815 -0.430705009 0.140097663 -0.480032035
62 11.953048706 0.000015259 0.000003815 0.211509995 -0.109154952 -0.391589775
63 8.290359497 0.000002861 0 0.124704492 -0.098892718 0.099336634
64 7.875 -0.00002861 0.000001907 0.069496305 -0.054725085 0.013735938
65 19.39491272 -14.052383423 -0.467086792 0.837345925 0.18658436 -2.835684268
66 26.240753174 0.000003815 0.000007629 -0.293105136 -0.046715356 -0.00139426
67 31.971000671 0.000003815 0.000003815 -0.195152599 0.030102314 -0.09066813
68 4.627235413 -2.31129837 4.185634613 -0.024611287 -0.558422955 -0.444239217
69 2.980117798 -0.000004292 -0.000007629 -0.044814452 -0.161464923 0.279695347
70 1.982421875 0.000015259 0.000015259 0 0 0.079605056
71 10.844871521 -1.281562805 -1.331679344 0.003154845 -0.01855101 -1.502721343
72 3.98828125 0 0.000037193 0.024656551 0.116612118 -1.30426207
73 2.26953125 -0.000015259 -0.000010133 0.010246566 0.020303916 -1.235445909
74 10.908851624 -1.237388611 0.829589844 0.008182385 -0.019760774 -1.502678948
75 3.989425659 -0.000015259 0.000037193 0.003562594 0.093803498 -1.240572344
76 3.478279114 0 -0.000015974 0.01062322 -0.039586617 -1.338501469
77 10.291885376 -1.202156067 -3.344136238 0.018038834 -0.023865117 -1.537453755
78 2.757148743 0 0.000027657 -0.00454994 -0.095548155 -1.291608045
79 1.775390625 -0.000007629 -0.000009537 0.198076059 0.357239486 -1.30316968
80 10.971855164 -1.19392395 2.957341194 -0.012167132 -0.015944087 -1.622309173
81 3.82421875 -0.000007629 0.000035286 -0.000576872 0.002168828 -1.309510829
82 2.94140625 -0.000007629 -0.000013351 0.003967107 0.006944486 -1.466881704
83 -0.000015259 0.000007629 0 0.397728801 0.163865299 -0.632457431
84 19.39491272 13.160593033 -0.467075348 -2.424103872 -0.223529215 -0.330066966
85 -26.240753174 -0.000003815 -0.000003815 -0.148667502 0.039780365 0.120655203
86 -31.971000671 0.000015259 0 -0.640439261 0.213481567 -0.19331895
87 -11.614601135 3.933105469 0.069384575 -1.578444876 1.529198549 -2.544968004
88 -10.484527588 1.069198608 3.539872169 -3.131584703 0.028220486 2.411526648
89 2.757156372 0.000002265 0.000026703 -0.011712134 0.035128624 1.019560794
90 1.775390625 0.000007629 -0.000023842 -0.261071927 -0.262843666 1.059935836
91 -11.046470642 1.142402649 1.529694557 -3.130487012 0.018259081 2.114134707
92 3.98828125 0 0.000038147 0.004872241 -0.009924216 1.610032301
93 2.26953125 0.000007629 0.000000954 -0.076539319 -0.095407065 1.438172442
94 -11.192642212 1.041526794 -2.758434296 -3.116629264 0.004012045 2.226905852
95 3.82421875 0.000038147 0.000051498 0.00053161 0.002187187 1.610324685
96 8.785812378 -0.000034332 0.000000954 0.08229373 0.071373082 -0.580233542
97 2.94140625 0.000007629 -0.000011444 -0.004550553 0.006091757 1.767588569
98 -11.120124817 1.091545105 -0.631118774 -3.132136147 0.020772815 2.221577138
99 3.98941803 0.000001907 0.000052452 0.021444626 0.041947477 1.751021405
100 3.478290558 0.000022888 -0.00001049 -0.001306817 0.004312204 1.848998194
101 -4.853614807 2.155082703 -4.018517494 3.123057975 0.125574955 2.46129872
102 2.980110168 -0.00000906 0.000011921 0.038574713 -0.163808097 -0.240289671
103 1.982421875 -0.000009537 0.000034332 0 0 -0.040571652
104 0.000015259 -0.000007629 -0.000003815 -0.017797441 -0.032382978 -0.917811066
105 7.08984375 0 -0.000000477 3.141592654 -0.174494806 3.141592654
106 7.528259277 8.168075562 -1.23279953 -3.136643079 0.174442134 -3.112738881
107 -54.911224365 -0.64967823 -0.176695824 1.570486209 0.07895275 0.030347038
108 -61.183189392 0.000000954 0 0.173988939 0.013650073 0.001450443
109 8.588684082 0 1.514415741 0 0 0
110 4.260505676 -21.349506378 -3.218473434 0.016283989 -0.172801188 -0.09380455
111 15.606674194 0 -0.000012398 -0.000614412 0.009827016 -0.054735329
112 15.853752136 0 -0.00000608 -0.008583838 0.043439259 -0.112398262
113 15.151855469 0.000003815 0.000000715 -0.00686578 0.113231794 -0.02502965
114 11.14995575 0 -0.000006676 -0.000093132 0.000169054 -0.079777829
115 1.725082397 -0.142127991 11.160655975 -1.570312423 -0.265057332 -0.000557111
116 15.606681824 -0.000001907 0 0.003532509 0.00486307 0.032637914
117 15.853729248 0.000003815 0.000000119 0.003022765 0.021988004 0.015830336
118 15.151863098 -0.000001907 0.000000238 0.002949858 0.058215926 0.050867155
119 11.149963379 0 0 0 0 -0.011134918
120 6.678688049 -0.142132998 -16.932613373 1.570401471 0.077716967 3.139683785
121 -15.606689453 0.000003815 0 -0.003400662 -0.002807415 0.024260433
122 -15.853752136 0.000007629 0.00000608 -0.002535284 -0.02107909 -0.013353227
123 -15.151855469 -0.000003815 -0.000000238 -0.001182409 -0.05688049 0.023349118
124 -11.14994812 -0.000007629 0.000006676 0 0 -0.011134918
125 2.507644653 15.93921566 6.722552299 -1.594490924 0.217929195 -2.990648069
126 -15.606697083 0 0 -0.003121129 0.041210157 -0.038313134
127 -15.853752136 -0.000000954 0.000013351 0.009054342 -0.065749996 0.010929646
128 -15.151855469 -0.000001907 0.000007629 -0.003219318 -0.058472575 -0.14129835
129 -11.149963379 -0.000003815 -0.000003815 -0.008978085 -0.000099036 -0.060517439
130 2.507621765 -17.075353622 6.722564697 -1.594339951 -0.212008301 -0.15098237
131 15.606674194 0 0.000003815 0.006898398 0.049046623 -0.003888927
132 15.853736877 -0.000001907 0.000003815 0.018403664 -0.029703645 0.117375832
133 15.151870728 0.000001431 0 -0.00280425 0.040621714 0.031974554
134 11.149963379 0.000000954 -0.000015259 -0.00897811 -0.00009671 -0.059999307
135 5.893127441 15.939212799 -12.477539063 3.066790126 -0.126815436 0.147768922
136 15.606674194 0 0.000026703 0.024402931 0.043980396 -0.017164022
137 15.853744507 -0.000003815 -0.000011921 0.026848584 -0.053058981 0.065879443
138 15.151855469 0.000003815 0 -0.00205624 -0.023196715 -0.053502548
139 11.149963379 0.000003815 -0.000007629 -0.008884035 -0.000353719 -0.060170875
140 5.893135071 -17.075361252 -12.477552414 1.495557201 0.126360082 2.993069591
141 -15.606658936 0 0.000007629 0.009600883 0.039422938 -0.012242975
142 -15.853729248 -0.000000954 -0.000011444 0.016450847 -0.072535474 0.087449144
143 -15.151832581 -0.000003815 -0.000007629 -0.004024962 -0.073460273 0.0061078
144 -11.149932861 -0.000003815 -0.000011444 -0.008886654 -0.000266675 -0.059998546
145 4.260475159 20.773918152 -3.218482971 0.01523652 0.172592861 -3.048748976
146 -15.606681824 0 0 -0.010597217 -0.009236328 0.032765254
147 -15.853736877 0.000003815 -0.000000119 -0.004289125 -0.042734059 -0.070114453
148 -15.151855469 -0.000005722 0.000000238 -0.004784094 -0.111757394 0.046869414
149 -11.149963379 0.000003815 0 0.000010327 -0.000258744 -0.079777823
150 7.528274536 -8.043749809 -1.232801437 0.004949575 -0.174442134 -0.028853775
151 54.911239624 0.649676323 0.176697254 1.570486209 0.07895275 0.030347038
152 61.183170319 -0.000000715 0.000000954 0.174162246 0.013649947 0.001451626
153 -0.364086866 -2.758008003 4.994803905 0 0 0.000244115
154 -0.364086866 -2.758006096 4.994803905 0 0 0.000244115
155 -0.364086866 -2.758006096 4.994803905 0 0 0.000244115
156 -0.364086866 -2.758006096 4.994803905 0 0 0.000244115
157 -0.364086866 -2.758006096 4.994803905 0 0 0.000244115
158 -0.364086866 -2.758006096 4.994803905 0 0 0.000244115
159 -0.364086866 -2.758006096 4.994803905 0 0 0.000244115
160 -0.364086866 -2.758006096 4.994803905 0 0 0.000244115
161 -0.364086866 -2.758006096 4.994803905 0 0 0.000244115
162 -0.498048782 -4.95163393 0.510848999 0 0 0.000244115
163 -0.364086866 -2.758006096 4.994803905 0 0 0.000244115
time 2
0 -0.364086866 -2.758006096 4.994803905 0 0 0.000244115
1 -0.355712891 -7.47265625 1.084960938 0 -1.570482873 -1.57071714
2 130.809036255 0 -0.000000477 0 0 0
3 6.662017822 -0.142129987 2.521339893 3.141158805 0.001639421 -0.002762493
4 24.360931396 0 0.000011921 0.013506851 0.224383774 -0.000389254
5 24.806396484 -0.00000599 0.765956879 0 -0.368320338 0
6 8.120269775 -0.000001997 0.000003815 0 0 0
7 8.120315552 -0.000000983 0.000001907 0 -0.880742373 0
8 8.120315552 -0.000000983 0.000001907 0 -1.357954675 0
9 5.115219116 7.517074585 -23.079299927 1.558856445 -0.221394815 -0.118498143
10 -13.525115967 0.000007629 -0.000003815 0.024210422 0.043057279 -0.158430874
11 -11.953063965 -0.000007629 0 0.02425275 -0.057591866 -0.073947319
12 -8.290374756 0 -0.000003815 0.075170636 -0.061799315 -0.221141525
13 -7.875 0.000032425 0.000003815 0.024106672 0.053669077 -0.0187829
14 -8.78578186 0.000034332 0.000003815 0.164619465 0.010859568 -0.000403287
15 -8.9037323 0.000001907 0 0.032348203 0.043224026 0.061843327
16 5.903457642 12.714836121 -17.693172455 1.418657094 -0.240888569 -0.159046122
17 -13.525161743 0 -0.000003815 0.001953896 0.059628812 -0.151986874
18 -11.953033447 -0.000007629 0 0.052893527 -0.066504726 -0.080226372
19 -8.290390015 0 0 0.06850624 -0.002364151 -0.072213481
20 -7.875 0.000030518 0.000003815 0.008356171 0.068148055 -0.061564241
21 -8.785797119 0.000038147 0.000003815 0.125896877 0.124672258 0.040885775
22 -8.903717041 0 -0.000001907 -0.02473063 0.042362684 0.039196324
23 5.115219116 -7.603518486 -23.079322815 -1.654895047 0.263755862 -3.044861529
24 13.525115967 0.000007629 0 0.015264211 -0.000459963 -0.143589433
25 11.953033447 0 0 0.114157643 0.036526571 -0.066930896
26 8.290390015 -0.000003815 0.000001907 0.150094675 -0.016271791 -0.204129347
27 7.875 -0.000030518 0 0.0835481 0.079934759 0.006196136
28 8.785766602 -0.000030518 0.000000596 0.140510356 0.102180886 0.005723876
29 8.9037323 -0.000003815 0.000001907 -0.019542817 0.171880898 0.038693538
30 5.903442383 -12.801283836 -17.693199158 -1.71775193 0.3347658 -2.951625934
31 13.525131226 0 0 -0.015945889 0.043599683 -0.143535356
32 11.953063965 0.000007629 0 0.112676238 0.059191751 -0.072272466
33 8.290390015 0.000007629 0 0.122354453 0.056406104 -0.063344303
34 7.875 -0.000030518 0 0.050782963 0.111811085 -0.057010193
35 8.785766602 -0.000030518 0.000000954 0.143162417 0.215042555 0.031755099
36 8.903717041 0 0.000003815 -0.019500571 0.184912156 0.033737056
37 4.435455322 0.000127017 -25.179950714 3.091492814 0.424925082 3.116915335
38 14.171020508 0.000020742 1.280670166 -0.042253982 0.099863107 -0.032541231
39 10.9765625 0.00001812 0.352539063 0.016097333 0.119787951 0.076475559
40 8.120300293 -0.000003576 -0.000015259 0.005428596 0.060550581 0.062264799
41 8.120285034 -0.000001907 -0.000038147 -0.011075114 -0.014810457 0.038237963
42 8.120346069 0.000001907 -0.000022888 -0.006161763 0.286814506 0.029810219
43 8.120361328 0.000001907 0.000061035 -0.037918601 -0.026824563 0.070544734
44 7.146957397 16.179790497 -9.195613861 1.417568482 -0.169406178 -0.194058839
45 -13.525131226 0 0 -0.078346323 -0.114401207 -0.115766077
46 -11.953033447 -0.000013351 -0.000015259 0.069178586 -0.092780694 -0.117490367
47 -8.290390015 0.000001907 0 0.108226703 0.050793497 -0.053202204
48 -7.875 0.000030518 0 0.035539943 0.132224447 -0.012009029
49 -8.785797119 0.000041962 0 0.091230412 0.273423304 -0.017968639
50 -8.903686523 0.000001907 -0.000001907 -0.046546762 0.112493246 -0.183170613
51 7.147003174 -16.266246796 -9.19562149 -1.713527983 0.268069688 -2.915013832
52 13.525115967 0.000015259 0.000007629 -0.101530124 -0.039909767 -0.065498536
53 11.953018188 0.000011444 0 0.100566332 0.124493278 -0.081473836
54 8.290390015 0 0.000003815 0.139340569 0.144856999 -0.049915874
55 7.875 -0.000034332 0 0.064018537 0.182562161 -0.008100347
56 8.78578186 -0.000038147 0.000003219 0.108196762 0.365340727 -0.014277208
57 8.903717041 0 -0.000007629 -0.02280026 0.200099166 0.03649353
58 -5.36730957 8.366906166 8.703117371 1.780349193 -0.744961269 3.133871515
59 13.525115967 0.000015259 -0.000001907 -0.294796652 0.025796171 -0.029052018
60 -3.441879272 -10.792385101 9.377006531 1.705887504 -0.841228451 -3.018564828
61 13.525115967 -0.000007629 0.000003815 -0.431212078 0.141525639 -0.485520186
62 11.953048706 0.000015259 0.000003815 0.209664655 -0.103939237 -0.394210809
63 8.290359497 0.000002861 0 0.124242004 -0.102987525 0.101368377
64 7.875 -0.00002861 0.000001907 0.069611807 -0.060229411 0.020368781
65 19.39491272 -14.052383423 -0.467086792 0.855904925 0.183146155 -2.857923309
66 26.240753174 0.000003815 0.000007629 -0.290056789 -0.043108716 -0.000683056
67 31.971000671 0.000003815 0.000003815 -0.194553592 0.038653324 -0.088719183
68 4.627235413 -2.31129837 4.185634613 -0.024611287 -0.558422955 -0.444239217
69 2.980117798 -0.000004292 -0.000007629 -0.044814452 -0.161464923 0.279695347
70 1.982421875 0.000015259 0.000015259 0 0 0.079605056
71 10.844871521 -1.281562805 -1.331679344 0.003154845 -0.01855101 -1.502721343
72 3.98828125 0 0.000037193 0.024656551 0.116612118 -1.30426207
73 2.26953125 -0.000015259 -0.000010133 0.010246566 0.020303916 -1.235445909
74 10.908851624 -1.237388611 0.829589844 0.008182385 -0.019760774 -1.502678948
75 3.989425659 -0.000015259 0.000037193 0.003562594 0.093803498 -1.240572344
76 3.478279114 0 -0.000015974 0.01062322 -0.039586617 -1.338501469
77 10.291885376 -1.202156067 -3.344136238 0.018038834 -0.023865117 -1.537453755
78 2.757148743 0 0.000027657 -0.00454994 -0.095548155 -1.291608045
79 1.775390625 -0.000007629 -0.000009537 0.198076059 0.357239486 -1.30316968
80 10.971855164 -1.19392395 2.957341194 -0.012167132 -0.015944087 -1.622309173
81 3.82421875 -0.000007629 0.000035286 -0.000576872 0.002168828 -1.309510829
82 2.94140625 -0.000007629 -0.000013351 0.003967107 0.006944486 -1.466881704
83 -0.000015259 0.000007629 0 0.394763624 0.177272044 -0.640573421
84 19.39491272 13.160593033 -0.467075348 -2.413343719 -0.226908703 -0.330382044
85 -26.240753174 -0.000003815 -0.000003815 -0.147453562 0.041125919 0.121096588
86 -31.971000671 0.000015259 0 -0.640439261 0.213481567 -0.19331895
87 -11.614601135 3.933105469 0.069384575 -1.578444876 1.529198549 -2.544968004
88 -10.484527588 1.069198608 3.539872169 -3.131584703 0.028220486 2.411526648
89 2.757156372 0.000002265 0.000026703 -0.011712134 0.035128624 1.019560794
90 1.775390625 0.000007629 -0.000023842 -0.261071927 -0.262843666 1.059935836
91 -11.046470642 1.142402649 1.529694557 -3.130487012 0.018259081 2.114134707
92 3.98828125 0 0.000038147 0.004872241 -0.009924216 1.610032301
93 2.26953125 0.000007629 0.000000954 -0.076539319 -0.095407065 1.438172442
94 -11.192642212 1.041526794 -2.758434296 -3.116629264 0.004012045 2.226905852
95 3.82421875 0.000038147 0.000051498 0.00053161 0.002187187 1.610324685
96 8.785812378 -0.000034332 0.000000954 0.08229373 0.071373082 -0.580233542
97 2.94140625 0.000007629 -0.000011444 -0.004550553 0.006091757 1.767588569
98 -11.120124817 1.091545105 -0.631118774 -3.132136147 0.020772815 2.221577138
99 3.98941803 0.000001907 0.000052452 0.021444626 0.041947477 1.751021405
100 3.478290558 0.000022888 -0.00001049 -0.001306817 0.004312204 1.848998194
101 -4.853614807 2.155082703 -4.018517494 3.123057975 0.125574955 2.46129872
102 2.980110168 -0.00000906 0.000011921 0.038574713 -0.163808097 -0.240289671
103 1.982421875 -0.000009537 0.000034332 0 0 -0.040571652
104 0.000015259 -0.000007629 -0.000003815 -0.017623544 -0.033341453 -0.916945763
105 7.08984375 0 -0.000000477 3.141592654 -0.174494806 3.141592654
106 7.528259277 8.168075562 -1.23279953 -3.136643079 0.174442134 -3.112738881
107 -54.911224365 -0.64967823 -0.176695824 1.570486209 0.07895275 0.030347038
108 -61.183189392 0.000000954 0 0.173988939 0.013650073 0.001450443
109 8.588684082 0 1.514415741 0 0 0
110 4.260505676 -21.349506378 -3.218473434 0.016417155 -0.17001922 -0.09386881
111 15.606674194 0 -0.000012398 -0.000516049 0.003094499 -0.054473464
112 15.853752136 0 -0.00000608 -0.008138662 0.034126688 -0.111994571
113 15.151855469 0.000003815 0.000000715 -0.007226968 0.10233577 -0.024657661
114 11.14995575 0 -0.000006676 -0.000379487 0.000848679 -0.079950768
115 1.725082397 -0.142127991 11.160655975 -1.569860678 -0.259208199 -0.001906938
116 15.606681824 -0.000001907 0 0.003036824 0.001522717 0.020459768
117 15.853729248 0.000003815 0.000000119 0.002804379 0.017343141 0.004858249
118 15.151863098 -0.000001907 0.000000238 0.002604196 0.052608816 0.05300522
119 11.149963379 0 0 -0.00008721 0.000172184 -0.010358063
120 6.678688049 -0.142132998 -16.932613373 1.57013453 0.07625012 3.137230762
121 -15.606689453 0.000003815 0 -0.003005858 0.001498337 0.020541524
122 -15.853752136 0.000007629 0.00000608 -0.002446112 -0.015560415 -0.018453586
123 -15.151855469 -0.000003815 -0.000000238 -0.00096007 -0.051357755 0.01720757
124 -11.14994812 -0.000007629 0.000006676 0.000000894 -0.000172631 -0.010358056
125 2.507644653 15.93921566 6.722552299 -1.594916852 0.216566258 -2.989642193
126 -15.606697083 0 0 -0.001176704 0.043666973 -0.030158566
127 -15.853752136 -0.000000954 0.000013351 0.00841646 -0.062323839 0.018132459
128 -15.151855469 -0.000001907 0.000007629 -0.004325705 -0.054060319 -0.143950529
129 -11.149963379 -0.000003815 -0.000003815 -0.008983335 0.000070026 -0.061295414
130 2.507621765 -17.075353622 6.722564697 -1.594113979 -0.205801158 -0.152321821
131 15.606674194 0 0.000003815 0.00695222 0.04615739 -0.016762414
132 15.853736877 -0.000001907 0.000003815 0.018682956 -0.03401442 0.106094662
133 15.151870728 0.000001431 0 -0.003104419 0.035191672 0.034565513
134 11.149963379 0.000000954 -0.000015259 -0.009153262 -0.000012054 -0.059222506
135 5.893127441 15.939212799 -12.477539063 3.067259104 -0.126687886 0.147385431
136 15.606674194 0 0.000026703 0.02248368 0.044403489 -0.01789214
137 15.853744507 -0.000003815 -0.000011921 0.027316302 -0.052375778 0.065357571
138 15.151855469 0.000003815 0 -0.001302223 -0.022399198 -0.053338844
139 11.149963379 0.000003815 -0.000007629 -0.008774488 -0.001126857 -0.05999478
140 5.893135071 -17.075361252 -12.477552414 1.495473317 0.124775001 2.99171996
141 -15.606658936 0 0.000007629 0.009413722 0.042979594 -0.015942982
142 -15.853729248 -0.000000954 -0.000011444 0.016749388 -0.067656508 0.082284912
143 -15.151832581 -0.000003815 -0.000007629 -0.003452775 -0.067858181 -0.000055538
144 -11.149932861 -0.000003815 -0.000011444 -0.008625362 -0.000341833 -0.05922102
145 4.260475159 20.773918152 -3.218482971 0.014162907 0.169695748 -3.049568032
146 -15.606681824 0 0 -0.008588096 -0.002444167 0.033934943
147 -15.853736877 0.000003815 -0.000000119 -0.004458588 -0.033493618 -0.069002313
148 -15.151855469 -0.000005722 0.000000238 -0.005395224 -0.101021703 0.046861271
149 -11.149963379 0.000003815 0 0.000037946 -0.000948726 -0.079950625
150 7.528274536 -8.043749809 -1.232801437 0.004949575 -0.174442134 -0.028853775
151 54.911239624 0.649676323 0.176697254 1.570486209 0.07895275 0.030347038
152 61.183170319 -0.000000715 0.000000954 0.174162246 0.013649947 0.001451626
153 -0.364086866 -2.758008003 4.994803905 0 0 0.000244115
154 -0.364086866 -2.758006096 4.994803905 0 0 0.000244115
155 -0.364086866 -2.758006096 4.994803905 0 0 0.000244115
156 -0.364086866 -2.758006096 4.994803905 0 0 0.000244115
157 -0.364086866 -2.758006096 4.994803905 0 0 0.000244115
158 -0.364086866 -2.758006096 4.994803905 0 0 0.000244115
159 -0.364086866 -2.758006096 4.994803905 0 0 0.000244115
160 -0.364086866 -2.758006096 4.994803905 0 0 0.000244115
161 -0.364086866 -2.758006096 4.994803905 0 0 0.000244115
162 -0.498048782 -4.95163393 0.510848999 0 0 0.000244115
163 -0.364086866 -2.758006096 4.994803905 0 0 0.000244115
time 3
0 -0.364086866 -2.758006096 4.994803905 0 0 0.000244115
1 -0.355712891 -7.47265625 1.084960938 0 -1.570482873 -1.57071714
2 130.809036255 0 -0.000000477 0 0 0
3 6.662017822 -0.142129987 2.521339893 3.140552125 0.002328446 -0.004058104
4 24.360931396 0 0.000011921 0.019539469 0.225871628 -0.000824394
5 24.806396484 -0.00000599 0.765956879 0 -0.368320338 0
6 8.120269775 -0.000001997 0.000003815 0 0 0
7 8.120315552 -0.000000983 0.000001907 0 -0.880742373 0
8 8.120315552 -0.000000983 0.000001907 0 -1.357954675 0
9 5.115219116 7.517074585 -23.079299927 1.55209782 -0.222973521 -0.106918062
10 -13.525115967 0.000007629 -0.000003815 0.024415273 0.039760101 -0.156815889
11 -11.953063965 -0.000007629 0 0.025060805 -0.066157907 -0.070458229
12 -8.290374756 0 -0.000003815 0.075108186 -0.062568139 -0.224300989
13 -7.875 0.000032425 0.000003815 0.023589834 0.05343702 -0.028558077
14 -8.78578186 0.000034332 0.000003815 0.164422391 0.012569137 -0.004334214
15 -8.9037323 0.000001907 0 0.031688647 0.041492503 0.057740132
16 5.903457642 12.714836121 -17.693172455 1.412333809 -0.244126902 -0.149487117
17 -13.525161743 0 -0.000003815 0.001957456 0.057634446 -0.151118255
18 -11.953033447 -0.000007629 0 0.053542593 -0.073176164 -0.078707261
19 -8.290390015 0 0 0.068537195 -0.003077892 -0.07405299
20 -7.875 0.000030518 0.000003815 0.007882567 0.067331773 -0.073853823
21 -8.785797119 0.000038147 0.000003815 0.125186795 0.126105013 0.034692125
22 -8.903717041 0 -0.000001907 -0.025005369 0.04179323 0.034793221
23 5.115219116 -7.603518486 -23.079322815 -1.646741852 0.258862691 -3.031425832
24 13.525115967 0.000007629 0 0.015166097 0.003389824 -0.138714427
25 11.953033447 0 0 0.113129387 0.047741195 -0.057927605
26 8.290390015 -0.000003815 0.000001907 0.150334433 -0.016133088 -0.209169911
27 7.875 -0.000030518 0 0.083444156 0.074433476 -0.002856419
28 8.785766602 -0.000030518 0.000000596 0.140568127 0.095879923 0.004156216
29 8.9037323 -0.000003815 0.000001907 -0.018872427 0.170350244 0.034690495
30 5.903442383 -12.801283836 -17.693199158 -1.709142031 0.327680894 -2.939245446
31 13.525131226 0 0 -0.01590854 0.046148757 -0.137846239
32 11.953063965 0.000007629 0 0.111683242 0.068630167 -0.060877079
33 8.290390015 0.000007629 0 0.12212411 0.0581651 -0.066707017
34 7.875 -0.000030518 0 0.050917337 0.106084907 -0.068991983
35 8.785766602 -0.000030518 0.000000954 0.142872422 0.207606462 0.027350772
36 8.903717041 0 0.000003815 -0.017960491 0.184064407 0.029897727
37 4.435455322 0.000127017 -25.179950714 3.098185344 0.425388861 3.12462087
38 14.171020508 0.000020742 1.280670166 -0.042950854 0.099113214 -0.04328021
39 10.9765625 0.00001812 0.352539063 0.015047871 0.118779152 0.078392735
40 8.120300293 -0.000003576 -0.000015259 0.005076217 0.058895735 0.078406637
41 8.120285034 -0.000001907 -0.000038147 -0.011555281 -0.01637109 0.05085683
42 8.120346069 0.000001907 -0.000022888 -0.003226212 0.287806482 0.027094381
43 8.120361328 0.000001907 0.000061035 -0.037079684 -0.022435552 0.071227161
44 7.146957397 16.179790497 -9.195613861 1.412329631 -0.173138978 -0.18819869
45 -13.525131226 0 0 -0.078947375 -0.114707951 -0.113988314
46 -11.953033447 -0.000013351 -0.000015259 0.069545367 -0.096651778 -0.114968743
47 -8.290390015 0.000001907 0 0.108089921 0.050001808 -0.056188972
48 -7.875 0.000030518 0 0.034353251 0.13050559 -0.027689749
49 -8.785797119 0.000041962 0 0.089213044 0.273283339 -0.025055104
50 -8.903686523 0.000001907 -0.000001907 -0.046776285 0.112129799 -0.187689266
51 7.147003174 -16.266246796 -9.19562149 -1.706490845 0.258570057 -2.906903404
52 13.525115967 0.000015259 0.000007629 -0.100791086 -0.040606167 -0.057606984
53 11.953018188 0.000011444 0 0.100677356 0.129882174 -0.066907555
54 8.290390015 0 0.000003815 0.13896471 0.150140963 -0.05479311
55 7.875 -0.000034332 0 0.063681131 0.178586962 -0.024558025
56 8.78578186 -0.000038147 0.000003219 0.107150655 0.356789395 -0.02045149
57 8.903717041 0 -0.000007629 -0.020166576 0.199837839 0.033375575
58 -5.36730957 8.366906166 8.703117371 1.789261104 -0.741633591 3.128584133
59 13.525115967 0.000015259 -0.000001907 -0.294796652 0.025796171 -0.029052018
60 -3.441879272 -10.792385101 9.377006531 1.716756644 -0.846114067 -3.026109983
61 13.525115967 -0.000007629 0.000003815 -0.430993039 0.142225265 -0.489567769
62 11.953048706 0.000015259 0.000003815 0.207782324 -0.097844959 -0.397803901
63 8.290359497 0.000002861 0 0.123612077 -0.105808637 0.102619403
64 7.875 -0.00002861 0.000001907 0.069677636 -0.066262369 0.027245243
65 19.39491272 -14.052383423 -0.467086792 0.872408991 0.179490796 -2.876555186
66 26.240753174 0.000003815 0.000007629 -0.287191159 -0.03979687 0.000433889
67 31.971000671 0.000003815 0.000003815 -0.193626427 0.04672269 -0.085581594
68 4.627235413 -2.31129837 4.185634613 -0.024611287 -0.558422955 -0.444239217
69 2.980117798 -0.000004292 -0.000007629 -0.044814452 -0.161464923 0.279695347
70 1.982421875 0.000015259 0.000015259 0 0 0.079605056
71 10.844871521 -1.281562805 -1.331679344 0.003154845 -0.01855101 -1.502721343
72 3.98828125 0 0.000037193 0.024656551 0.116612118 -1.30426207
73 2.26953125 -0.000015259 -0.000010133 0.010246566 0.020303916 -1.235445909
74 10.908851624 -1.237388611 0.829589844 0.008182385 -0.019760774 -1.502678948
75 3.989425659 -0.000015259 0.000037193 0.003562594 0.093803498 -1.240572344
76 3.478279114 0 -0.000015974 0.01062322 -0.039586617 -1.338501469
77 10.291885376 -1.202156067 -3.344136238 0.018038834 -0.023865117 -1.537453755
78 2.757148743 0 0.000027657 -0.00454994 -0.095548155 -1.291608045
79 1.775390625 -0.000007629 -0.000009537 0.198076059 0.357239486 -1.30316968
80 10.971855164 -1.19392395 2.957341194 -0.012167132 -0.015944087 -1.622309173
81 3.82421875 -0.000007629 0.000035286 -0.000576872 0.002168828 -1.309510829
82 2.94140625 -0.000007629 -0.000013351 0.003967107 0.006944486 -1.466881704
83 -0.000015259 0.000007629 0 0.390077071 0.197962849 -0.653169908
84 19.39491272 13.160593033 -0.467075348 -2.402578005 -0.230066596 -0.33084125
85 -26.240753174 -0.000003815 -0.000003815 -0.145381336 0.042326153 0.121477756
86 -31.971000671 0.000015259 0 -0.640439261 0.213481567 -0.19331895
87 -11.614601135 3.933105469 0.069384575 -1.578444876 1.529198549 -2.544968004
88 -10.484527588 1.069198608 3.539872169 -3.131584703 0.028220486 2.411526648
89 2.757156372 0.000002265 0.000026703 -0.011712134 0.035128624 1.019560794
90 1.775390625 0.000007629 -0.000023842 -0.261071927 -0.262843666 1.059935836
91 -11.046470642 1.142402649 1.529694557 -3.130487012 0.018259081 2.114134707
92 3.98828125 0 0.000038147 0.004872241 -0.009924216 1.610032301
93 2.26953125 0.000007629 0.000000954 -0.076539319 -0.095407065 1.438172442
94 -11.192642212 1.041526794 -2.758434296 -3.116629264 0.004012045 2.226905852
95 3.82421875 0.000038147 0.000051498 0.00053161 0.002187187 1.610324685
96 8.785812378 -0.000034332 0.000000954 0.08229373 0.071373082 -0.580233542
97 2.94140625 0.000007629 -0.000011444 -0.004550553 0.006091757 1.767588569
98 -11.120124817 1.091545105 -0.631118774 -3.132136147 0.020772815 2.221577138
99 3.98941803 0.000001907 0.000052452 0.021444626 0.041947477 1.751021405
100 3.478290558 0.000022888 -0.00001049 -0.001306817 0.004312204 1.848998194
101 -4.853614807 2.155082703 -4.018517494 3.123057975 0.125574955 2.46129872
102 2.980110168 -0.00000906 0.000011921 0.038574713 -0.163808097 -0.240289671
103 1.982421875 -0.000009537 0.000034332 0 0 -0.040571652
104 0.000015259 -0.000007629 -0.000003815 -0.01730727 -0.034798706 -0.915601614
105 7.08984375 0 -0.000000477 3.141592654 -0.174494806 3.141592654
106 7.528259277 8.168075562 -1.23279953 -3.136643079 0.174442134 -3.112738881
107 -54.911224365 -0.64967823 -0.176695824 1.570486209 0.07895275 0.030347038
108 -61.183189392 0.000000954 0 0.173988939 0.013650073 0.001450443
109 8.588684082 0 1.514415741 0 0 0
110 4.260505676 -21.349506378 -3.218473434 0.016568109 -0.165675494 -0.094002007
111 15.606674194 0 -0.000012398 -0.00041494 -0.003810562 -0.054126514
112 15.853752136 0 -0.00000608 -0.007678282 0.024469918 -0.11159578
113 15.151855469 0.000003815 0.000000715 -0.007485366 0.090148316 -0.024186002
114 11.14995575 0 -0.000006676 -0.000942073 0.001949081 -0.080210716
115 1.725082397 -0.142127991 11.160655975 -1.569201291 -0.253298496 -0.004079362
116 15.606681824 -0.000001907 0 0.002578901 -0.001827707 0.011650485
117 15.853729248 0.000003815 0.000000119 0.002539739 0.012439975 -0.008011843
118 15.151863098 -0.000001907 0.000000238 0.002063355 0.046233658 0.048143642
119 11.149963379 0 0 -0.000174606 0.000430789 -0.009149644
120 6.678688049 -0.142132998 -16.932613373 1.569821993 0.073866209 3.134105264
121 -15.606689453 0.000003815 0 -0.002459039 0.005286097 0.016739215
122 -15.853752136 0.000007629 0.00000608 -0.002388354 -0.009696536 -0.023726378
123 -15.151855469 -0.000003815 -0.000000238 -0.000665176 -0.044626595 0.010461821
124 -11.14994812 -0.000007629 0.000006676 0.000088685 -0.0005175 -0.00914963
125 2.507644653 15.93921566 6.722552299 -1.595360892 0.2143585 -2.987895348
126 -15.606697083 0 0 0.000755011 0.046195549 -0.023381172
127 -15.853752136 -0.000000954 0.000013351 0.007937947 -0.058729173 0.026710304
128 -15.151855469 -0.000001907 0.000007629 -0.005489724 -0.04937427 -0.142018969
129 -11.149963379 -0.000003815 -0.000003815 -0.009166717 0.000404296 -0.062506009
130 2.507621765 -17.075353622 6.722564697 -1.593887615 -0.199486335 -0.154399425
131 15.606674194 0 0.000003815 0.007215445 0.042999774 -0.02583309
132 15.853736877 -0.000001907 0.000003815 0.018958743 -0.038470959 0.092653309
133 15.151870728 0.000001431 0 -0.003450498 0.029144496 0.029819634
134 11.149963379 0.000000954 -0.000015259 -0.009419623 0.000244807 -0.058014785
135 5.893127441 15.939212799 -12.477539063 3.068001574 -0.126406893 0.146977585
136 15.606674194 0 0.000026703 0.020482774 0.044908104 -0.018363045
137 15.853744507 -0.000003815 -0.000011921 0.027528522 -0.051766674 0.064582362
138 15.151855469 0.000003815 0 -0.00062786 -0.021604295 -0.053778171
139 11.149963379 0.000003815 -0.000007629 -0.008565897 -0.002328819 -0.059817041
140 5.893135071 -17.075361252 -12.477552414 1.495418451 0.122246232 2.989614604
141 -15.606658936 0 0.000007629 0.009124189 0.046621698 -0.019732392
142 -15.853729248 -0.000000954 -0.000011444 0.017117862 -0.062692486 0.076949625
143 -15.151832581 -0.000003815 -0.000007629 -0.002975009 -0.061478317 -0.007162579
144 -11.149932861 -0.000003815 -0.000011444 -0.008356681 -0.000674589 -0.058097031
145 4.260475159 20.773918152 -3.218482971 0.012938629 0.1652442 -3.05032544
146 -15.606681824 0 0 -0.006658558 0.004345386 0.034600547
147 -15.853736877 0.000003815 -0.000000119 -0.004548205 -0.023819033 -0.067722425
148 -15.151855469 -0.000005722 0.000000238 -0.006007819 -0.088904547 0.047620226
149 -11.149963379 0.000003815 0 0.000089981 -0.002242431 -0.080209903
150 7.528274536 -8.043749809 -1.232801437 0.004949575 -0.174442134 -0.028853775
151 54.911239624 0.649676323 0.176697254 1.570486209 0.07895275 0.030347038
152 61.183170319 -0.000000715 0.000000954 0.174162246 0.013649947 0.001451626
153 -0.364086866 -2.758008003 4.994803905 0 0 0.000244115
154 -0.364086866 -2.758006096 4.994803905 0 0 0.000244115
155 -0.364086866 -2.758006096 4.994803905 0 0 0.000244115
156 -0.364086866 -2.758006096 4.994803905 0 0 0.000244115
157 -0.364086866 -2.758006096 4.994803905 0 0 0.000244115
158 -0.364086866 -2.758006096 4.994803905 0 0 0.000244115
159 -0.364086866 -2.758006096 4.994803905 0 0 0.000244115
160 -0.364086866 -2.758006096 4.994803905 0 0 0.000244115
161 -0.364086866 -2.758006096 4.994803905 0 0 0.000244115
162 -0.498048782 -4.95163393 0.510848999 0 0 0.000244115
163 -0.364086866 -2.758006096 4.994803905 0 0 0.000244115
time 4
0 -0.364086866 -2.758006096 4.994803905 0 0 0.000244115
1 -0.355712891 -7.47265625 1.084960938 0 -1.570482873 -1.57071714
2 130.809036255 0 -0.000000477 0 0 0
3 6.662017822 -0.142129987 2.521339893 3.139685732 0.003016076 -0.005268212
4 24.360931396 0 0.000011921 0.025202785 0.227974362 -0.001458919
5 24.806396484 -0.00000599 0.765956879 0 -0.368320338 0
6 8.120269775 -0.000001997 0.000003815 0 0 0
7 8.120315552 -0.000000983 0.000001907 0 -0.880742373 0
8 8.120315552 -0.000000983 0.000001907 0 -1.357954675 0
9 5.115219116 7.517074585 -23.079299927 1.546983739 -0.223222784 -0.098228093
10 -13.525115967 0.000007629 -0.000003815 0.023910873 0.040286817 -0.153875459
11 -11.953063965 -0.000007629 0 0.025656815 -0.074912092 -0.066539036
12 -8.290374756 0 -0.000003815 0.075320961 -0.065058435 -0.227107232
13 -7.875 0.000032425 0.000003815 0.023076234 0.053800516 -0.037895209
14 -8.78578186 0.000034332 0.000003815 0.1642111 0.014291063 -0.009477127
15 -8.9037323 0.000001907 0 0.030829788 0.03934898 0.05250508
16 5.903457642 12.714836121 -17.693172455 1.407568046 -0.245572375 -0.142572475
17 -13.525161743 0 -0.000003815 0.001389076 0.058361622 -0.147931656
18 -11.953033447 -0.000007629 0 0.053999211 -0.079951688 -0.076842157
19 -8.290390015 0 0 0.068701466 -0.005001082 -0.075761825
20 -7.875 0.000030518 0.000003815 0.007330184 0.067110053 -0.085455177
21 -8.785797119 0.000038147 0.000003815 0.124467679 0.127619466 0.027115409
22 -8.903717041 0 -0.000001907 -0.025390215 0.04112244 0.029180569
23 5.115219116 -7.603518486 -23.079322815 -1.640343169 0.254234368 -3.020977779
24 13.525115967 0.000007629 0 0.015775239 0.003402361 -0.134993171
25 11.953033447 0 0 0.11231153 0.059184318 -0.04813968
26 8.290390015 -0.000003815 0.000001907 0.150132953 -0.013700308 -0.21289869
27 7.875 -0.000030518 0 0.083479862 0.068675219 -0.011912572
28 8.785766602 -0.000030518 0.000000596 0.140672347 0.088877134 0.001501839
29 8.9037323 -0.000003815 0.000001907 -0.017948913 0.168374622 0.029585657
30 5.903442383 -12.801283836 -17.693199158 -1.70228036 0.321299891 -2.929547908
31 13.525131226 0 0 -0.015356699 0.04569035 -0.134107712
32 11.953063965 0.000007629 0 0.111005393 0.07813058 -0.048697207
33 8.290390015 0.000007629 0 0.121711264 0.061783306 -0.06805963
34 7.875 -0.000030518 0 0.05120821 0.100284917 -0.081054607
35 8.785766602 -0.000030518 0.000000954 0.142549476 0.199578801 0.021514575
36 8.903717041 0 0.000003815 -0.016000261 0.182947639 0.024971014
37 4.435455322 0.000127017 -25.179950714 3.102753265 0.425654929 3.128605541
38 14.171020508 0.000020742 1.280670166 -0.043307179 0.098362452 -0.05426205
39 10.9765625 0.00001812 0.352539063 0.013593563 0.117993079 0.073366473
40 8.120300293 -0.000003576 -0.000015259 0.004334157 0.057097775 0.091170359
41 8.120285034 -0.000001907 -0.000038147 -0.012120651 -0.018411974 0.06875104
42 8.120346069 0.000001907 -0.000022888 0.000916557 0.288369142 0.03214485
43 8.120361328 0.000001907 0.000061035 -0.035932953 -0.016761235 0.071973496
44 7.146957397 16.179790497 -9.195613861 1.408626485 -0.174694402 -0.184146546
45 -13.525131226 0 0 -0.079851036 -0.113621017 -0.109644768
46 -11.953033447 -0.000013351 -0.000015259 0.069779055 -0.10028556 -0.11199973
47 -8.290390015 0.000001907 0 0.107982542 0.04858325 -0.058775885
48 -7.875 0.000030518 0 0.033239812 0.129109501 -0.042579809
49 -8.785797119 0.000041962 0 0.087173809 0.272967227 -0.034244811
50 -8.903686523 0.000001907 -0.000001907 -0.046991132 0.111743569 -0.193510217
51 7.147003174 -16.266246796 -9.19562149 -1.700918111 0.249937273 -2.900569375
52 13.525115967 0.000015259 0.000007629 -0.099535575 -0.043142738 -0.052057682
53 11.953018188 0.000011444 0 0.10103337 0.134799199 -0.051393279
54 8.290390015 0 0.000003815 0.138558301 0.156713982 -0.057072499
55 7.875 -0.000034332 0 0.063549623 0.175240401 -0.04132059
56 8.78578186 -0.000038147 0.000003219 0.106055898 0.347744488 -0.028748359
57 8.903717041 0 -0.000007629 -0.016850137 0.199478248 0.029285063
58 -5.36730957 8.366906166 8.703117371 1.796551753 -0.739117704 3.124259278
59 13.525115967 0.000015259 -0.000001907 -0.294796652 0.025796171 -0.029052018
60 -3.441879272 -10.792385101 9.377006531 1.726229518 -0.850269768 -3.032652845
61 13.525115967 -0.000007629 0.000003815 -0.430100389 0.142325243 -0.492390073
62 11.953048706 0.000015259 0.000003815 0.205755987 -0.091366733 -0.402068169
63 8.290359497 0.000002861 0 0.123016072 -0.107257616 0.102737263
64 7.875 -0.00002861 0.000001907 0.069529022 -0.072380425 0.034128058
65 19.39491272 -14.052383423 -0.467086792 0.886917666 0.175515299 -2.891955188
66 26.240753174 0.000003815 0.000007629 -0.284418659 -0.036695807 0.001940496
67 31.971000671 0.000003815 0.000003815 -0.192278306 0.054388479 -0.081343513
68 4.627235413 -2.31129837 4.185634613 -0.024611287 -0.558422955 -0.444239217
69 2.980117798 -0.000004292 -0.000007629 -0.044814452 -0.161464923 0.279695347
70 1.982421875 0.000015259 0.000015259 0 0 0.079605056
71 10.844871521 -1.281562805 -1.331679344 0.003154845 -0.01855101 -1.502721343
72 3.98828125 0 0.000037193 0.024656551 0.116612118 -1.30426207
73 2.26953125 -0.000015259 -0.000010133 0.010246566 0.020303916 -1.235445909
74 10.908851624 -1.237388611 0.829589844 0.008182385 -0.019760774 -1.502678948
75 3.989425659 -0.000015259 0.000037193 0.003562594 0.093803498 -1.240572344
76 3.478279114 0 -0.000015974 0.01062322 -0.039586617 -1.338501469
77 10.291885376 -1.202156067 -3.344136238 0.018038834 -0.023865117 -1.537453755
78 2.757148743 0 0.000027657 -0.00454994 -0.095548155 -1.291608045
79 1.775390625 -0.000007629 -0.000009537 0.198076059 0.357239486 -1.30316968
80 10.971855164 -1.19392395 2.957341194 -0.012167132 -0.015944087 -1.622309173
81 3.82421875 -0.000007629 0.000035286 -0.000576872 0.002168828 -1.309510829
82 2.94140625 -0.000007629 -0.000013351 0.003967107 0.006944486 -1.466881704
83 -0.000015259 0.000007629 0 0.38400245 0.22457855 -0.669380356
84 19.39491272 13.160593033 -0.467075348 -2.391760724 -0.233158499 -0.331513811
85 -26.240753174 -0.000003815 -0.000003815 -0.142617212 0.043483503 0.121876608
86 -31.971000671 0.000015259 0 -0.640439261 0.213481567 -0.19331895
87 -11.614601135 3.933105469 0.069384575 -1.578444876 1.529198549 -2.544968004
88 -10.484527588 1.069198608 3.539872169 -3.131584703 0.028220486 2.411526648
89 2.757156372 0.000002265 0.000026703 -0.011712134 0.035128624 1.019560794
90 1.775390625 0.000007629 -0.000023842 -0.261071927 -0.262843666 1.059935836
91 -11.046470642 1.142402649 1.529694557 -3.130487012 0.018259081 2.114134707
92 3.98828125 0 0.000038147 0.004872241 -0.009924216 1.610032301
93 2.26953125 0.000007629 0.000000954 -0.076539319 -0.095407065 1.438172442
94 -11.192642212 1.041526794 -2.758434296 -3.116629264 0.004012045 2.226905852
95 3.82421875 0.000038147 0.000051498 0.00053161 0.002187187 1.610324685
96 8.785812378 -0.000034332 0.000000954 0.08229373 0.071373082 -0.580233542
97 2.94140625 0.000007629 -0.000011444 -0.004550553 0.006091757 1.767588569
98 -11.120124817 1.091545105 -0.631118774 -3.132136147 0.020772815 2.221577138
99 3.98941803 0.000001907 0.000052452 0.021444626 0.041947477 1.751021405
100 3.478290558 0.000022888 -0.00001049 -0.001306817 0.004312204 1.848998194
101 -4.853614807 2.155082703 -4.018517494 3.123057975 0.125574955 2.46129872
102 2.980110168 -0.00000906 0.000011921 0.038574713 -0.163808097 -0.240289671
103 1.982421875 -0.000009537 0.000034332 0 0 -0.040571652
104 0.000015259 -0.000007629 -0.000003815 -0.016967575 -0.036908952 -0.913778427
105 7.08984375 0 -0.000000477 3.141592654 -0.174494806 3.141592654
106 7.528259277 8.168075562 -1.23279953 -3.136643079 0.174442134 -3.112738881
107 -54.911224365 -0.64967823 -0.176695824 1.570486209 0.07895275 0.030347038
108 -61.183189392 0.000000954 0 0.173988939 0.013650073 0.001450443
109 8.588684082 0 1.514415741 0 0 0
110 4.260505676 -21.349506378 -3.218473434 0.016820447 -0.159854011 -0.094125148
111 15.606674194 0 -0.000012398 -0.000313435 -0.010802002 -0.053867254
112 15.853752136 0 -0.00000608 -0.006943633 0.014483483 -0.111114269
113 15.151855469 0.000003815 0.000000715 -0.00755851 0.076757469 -0.02361362
114 11.14995575 0 -0.000006676 -0.001608856 0.00347696 -0.080644636
115 1.725082397 -0.142127991 11.160655975 -1.568205856 -0.247203634 -0.007087326
116 15.606681824 -0.000001907 0 0.002057527 -0.005270849 0.005346245
117 15.853729248 0.000003815 0.000000119 0.002426469 0.00736268 -0.020880254
118 15.151863098 -0.000001907 0.000000238 0.001518385 0.039341369 0.037673491
119 11.149963379 0 0 -0.000348181 0.000775549 -0.00750971
120 6.678688049 -0.142132998 -16.932613373 1.569239529 0.070624822 3.130483343
121 -15.606689453 0.000003815 0 -0.002015178 0.008731243 0.012938936
122 -15.853752136 0.000007629 0.00000608 -0.002273656 -0.003917838 -0.029171714
123 -15.151855469 -0.000003815 -0.000000238 -0.000401023 -0.036772441 0.003028974
124 -11.14994812 -0.000007629 0.000006676 0.000262189 -0.000862189 -0.007509688
125 2.507644653 15.93921566 6.722552299 -1.596187483 0.21151564 -2.985630962
126 -15.606697083 0 0 0.002766562 0.048799992 -0.017546588
127 -15.853752136 -0.000000954 0.000013351 0.00782342 -0.055053599 0.035794535
128 -15.151855469 -0.000001907 0.000007629 -0.006590394 -0.044230575 -0.136115166
129 -11.149963379 -0.000003815 -0.000003815 -0.009350633 0.000736728 -0.064062123
130 2.507621765 -17.075353622 6.722564697 -1.593522724 -0.19311513 -0.157289256
131 15.606674194 0 0.000003815 0.007648525 0.03975066 -0.032224785
132 15.853736877 -0.000001907 0.000003815 0.019200426 -0.043095301 0.079299831
133 15.151870728 0.000001431 0 -0.003755243 0.022566123 0.019121495
134 11.149963379 0.000000954 -0.000015259 -0.009771873 0.000501225 -0.056461772
135 5.893127441 15.939212799 -12.477539063 3.069011907 -0.125969099 0.146632729
136 15.606674194 0 0.000026703 0.018485533 0.045410234 -0.018662223
137 15.853744507 -0.000003815 -0.000011921 0.027570235 -0.051065618 0.063812801
138 15.151855469 0.000003815 0 0.00004794 -0.020809102 -0.054389694
139 11.149963379 0.000003815 -0.000007629 -0.008345003 -0.003961488 -0.059465109
140 5.893135071 -17.075361252 -12.477552414 1.495283325 0.11882858 2.986805622
141 -15.606658936 0 0.000007629 0.00873228 0.050262359 -0.023612236
142 -15.853729248 -0.000000954 -0.000011444 0.017384604 -0.05755023 0.071449469
143 -15.151832581 -0.000003815 -0.000007629 -0.002534142 -0.054665439 -0.014696541
144 -11.149932861 -0.000003815 -0.000011444 -0.007999873 -0.001089742 -0.056541101
145 4.260475159 20.773918152 -3.218482971 0.011562874 0.159326023 -3.051102667
146 -15.606681824 0 0 -0.004638107 0.011217878 0.035021024
147 -15.853736877 0.000003815 -0.000000119 -0.004547839 -0.013883235 -0.066446337
148 -15.151855469 -0.000005722 0.000000238 -0.006422502 -0.075497695 0.048792171
149 -11.149963379 0.000003815 0 0.000153096 -0.003794852 -0.080642125
150 7.528274536 -8.043749809 -1.232801437 0.004949575 -0.174442134 -0.028853775
151 54.911239624 0.649676323 0.176697254 1.570486209 0.07895275 0.030347038
152 61.183170319 -0.000000715 0.000000954 0.174162246 0.013649947 0.001451626
153 -0.364086866 -2.758008003 4.994803905 0 0 0.000244115
154 -0.364086866 -2.758006096 4.994803905 0 0 0.000244115
155 -0.364086866 -2.758006096 4.994803905 0 0 0.000244115
156 -0.364086866 -2.758006096 4.994803905 0 0 0.000244115
157 -0.364086866 -2.758006096 4.994803905 0 0 0.000244115
158 -0.364086866 -2.758006096 4.994803905 0 0 0.000244115
159 -0.364086866 -2.758006096 4.994803905 0 0 0.000244115
160 -0.364086866 -2.758006096 4.994803905 0 0 0.000244115
161 -0.364086866 -2.758006096 4.994803905 0 0 0.000244115
162 -0.498048782 -4.95163393 0.510848999 0 0 0.000244115
163 -0.364086866 -2.758006096 4.994803905 0 0 0.000244115
time 5
0 -0.364086866 -2.758006096 4.994803905 0 0 0.000244115
1 -0.355712891 -7.47265625 1.084960938 0 -1.570482873 -1.57071714
2 130.809036255 0 -0.000000477 0 0 0
3 6.662017822 -0.142129987 2.521339893 3.138646029 0.003702226 -0.006392922
4 24.360931396 0 0.000011921 0.030340578 0.230603517 -0.002134566
5 24.806396484 -0.00000599 0.765956879 0 -0.368320338 0
6 8.120269775 -0.000001997 0.000003815 0 0 0
7 8.120315552 -0.000000983 0.000001907 0 -0.880742373 0
8 8.120315552 -0.000000983 0.000001907 0 -1.357954675 0
9 5.115219116 7.517074585 -23.079299927 1.543370214 -0.222369155 -0.092236413
10 -13.525115967 0.000007629 -0.000003815 0.022865026 0.043621994 -0.150225875
11 -11.953063965 -0.000007629 0 0.026082557 -0.082903793 -0.062002069
12 -8.290374756 0 -0.000003815 0.075825378 -0.069355029 -0.22956684
13 -7.875 0.000032425 0.000003815 0.022476768 0.05441343 -0.046887549
14 -8.78578186 0.000034332 0.000003815 0.163983376 0.016182865 -0.015645993
15 -8.9037323 0.000001907 0 0.029785527 0.036873057 0.046400325
16 5.903457642 12.714836121 -17.693172455 1.404436799 -0.245519276 -0.137874673
17 -13.525161743 0 -0.000003815 0.000453117 0.061224964 -0.143288966
18 -11.953033447 -0.000007629 0 0.05428898 -0.086067685 -0.074002852
19 -8.290390015 0 0 0.069004914 -0.008222598 -0.07725748
20 -7.875 0.000030518 0.000003815 0.006793779 0.066968718 -0.096539708
21 -8.785797119 0.000038147 0.000003815 0.123669132 0.129372494 0.018420608
22 -8.903717041 0 -0.000001907 -0.025878922 0.040265921 0.02261891
23 5.115219116 -7.603518486 -23.079322815 -1.635547388 0.249801725 -3.013109787
24 13.525115967 0.000007629 0 0.016823668 0.00068227 -0.132332751
25 11.953033447 0 0 0.111807577 0.069932619 -0.038042598
26 8.290390015 -0.000003815 0.000001907 0.149578128 -0.009045285 -0.215411628
27 7.875 -0.000030518 0 0.083478906 0.063181058 -0.021044201
28 8.785766602 -0.000030518 0.000000596 0.140840707 0.080994893 -0.002164544
29 8.9037323 -0.000003815 0.000001907 -0.016916661 0.166135794 0.02362489
30 5.903442383 -12.801283836 -17.693199158 -1.697027895 0.315751225 -2.922053304
31 13.525131226 0 0 -0.014262109 0.043007142 -0.131895796
32 11.953063965 0.000007629 0 0.110554511 0.086859068 -0.036382013
33 8.290390015 0.000007629 0 0.121201858 0.067442312 -0.067477404
34 7.875 -0.000030518 0 0.051548602 0.095095289 -0.09301598
35 8.785766602 -0.000030518 0.000000954 0.142310364 0.190780592 0.0143346
36 8.903717041 0 0.000003815 -0.013679141 0.181658286 0.01920999
37 4.435455322 0.000127017 -25.179950714 3.105547494 0.425686595 3.130092312
38 14.171020508 0.000020742 1.280670166 -0.043337548 0.097645464 -0.064018765
39 10.9765625 0.00001812 0.352539063 0.012049838 0.117308969 0.063752484
40 8.120300293 -0.000003576 -0.000015259 0.003332433 0.055325572 0.098484427
41 8.120285034 -0.000001907 -0.000038147 -0.012760321 -0.020864038 0.088384069
42 8.120346069 0.000001907 -0.000022888 0.00571922 0.288292503 0.04540413
43 8.120361328 0.000001907 0.000061035 -0.034665448 -0.01022558 0.072883837
44 7.146957397 16.179790497 -9.195613861 1.406001364 -0.174355971 -0.181614145
45 -13.525131226 0 0 -0.081066402 -0.111520785 -0.103591112
46 -11.953033447 -0.000013351 -0.000015259 0.069832212 -0.103533331 -0.107881446
47 -8.290390015 0.000001907 0 0.108074701 0.04663412 -0.061040572
48 -7.875 0.000030518 0 0.032278252 0.127782077 -0.056766221
49 -8.785797119 0.000041962 0 0.084997469 0.272710834 -0.045107455
50 -8.903686523 0.000001907 -0.000001907 -0.04734388 0.111325814 -0.200295588
51 7.147003174 -16.266246796 -9.19562149 -1.69650865 0.242181468 -2.895701046
52 13.525115967 0.000015259 0.000007629 -0.097963844 -0.047066926 -0.048354065
53 11.953018188 0.000011444 0 0.101761938 0.138846556 -0.035633062
54 8.290390015 0 0.000003815 0.13833647 0.164311779 -0.056580407
55 7.875 -0.000034332 0 0.063543948 0.172859798 -0.058042097
56 8.78578186 -0.000038147 0.000003219 0.105057144 0.338292003 -0.039044738
57 8.903717041 0 -0.000007629 -0.012892923 0.199120976 0.024650509
58 -5.36730957 8.366906166 8.703117371 1.802602202 -0.737406077 3.120601327
59 13.525115967 0.000015259 -0.000001907 -0.294796652 0.025796171 -0.029052018
60 -3.441879272 -10.792385101 9.377006531 1.734084455 -0.8539548 -3.038218697
61 13.525115967 -0.000007629 0.000003815 -0.428757287 0.141927508 -0.494129366
62 11.953048706 0.000015259 0.000003815 0.203884439 -0.084845029 -0.406532642
63 8.290359497 0.000002861 0 0.122274656 -0.107417953 0.101811317
64 7.875 -0.00002861 0.000001907 0.069346334 -0.078492878 0.040842667
65 19.39491272 -14.052383423 -0.467086792 0.89966516 0.171332564 -2.904279749
66 26.240753174 0.000003815 0.000007629 -0.281823543 -0.03381886 0.0037514
67 31.971000671 0.000003815 0.000003815 -0.190674101 0.06153712 -0.076169381
68 4.627235413 -2.31129837 4.185634613 -0.024611287 -0.558422955 -0.444239217
69 2.980117798 -0.000004292 -0.000007629 -0.044814452 -0.161464923 0.279695347
70 1.982421875 0.000015259 0.000015259 0 0 0.079605056
71 10.844871521 -1.281562805 -1.331679344 0.003154845 -0.01855101 -1.502721343
72 3.98828125 0 0.000037193 0.024656551 0.116612118 -1.30426207
73 2.26953125 -0.000015259 -0.000010133 0.010246566 0.020303916 -1.235445909
74 10.908851624 -1.237388611 0.829589844 0.008182385 -0.019760774 -1.502678948
75 3.989425659 -0.000015259 0.000037193 0.003562594 0.093803498 -1.240572344
76 3.478279114 0 -0.000015974 0.01062322 -0.039586617 -1.338501469
77 10.291885376 -1.202156067 -3.344136238 0.018038834 -0.023865117 -1.537453755
78 2.757148743 0 0.000027657 -0.00454994 -0.095548155 -1.291608045
79 1.775390625 -0.000007629 -0.000009537 0.198076059 0.357239486 -1.30316968
80 10.971855164 -1.19392395 2.957341194 -0.012167132 -0.015944087 -1.622309173
81 3.82421875 -0.000007629 0.000035286 -0.000576872 0.002168828 -1.309510829
82 2.94140625 -0.000007629 -0.000013351 0.003967107 0.006944486 -1.466881704
83 -0.000015259 0.000007629 0 0.376917115 0.255917815 -0.688499557
84 19.39491272 13.160593033 -0.467075348 -2.381030877 -0.23603945 -0.332314227
85 -26.240753174 -0.000003815 -0.000003815 -0.139163205 0.044591535 0.122207975
86 -31.971000671 0.000015259 0 -0.640439261 0.213481567 -0.19331895
87 -11.614601135 3.933105469 0.069384575 -1.578444876 1.529198549 -2.544968004
88 -10.484527588 1.069198608 3.539872169 -3.131584703 0.028220486 2.411526648
89 2.757156372 0.000002265 0.000026703 -0.011712134 0.035128624 1.019560794
90 1.775390625 0.000007629 -0.000023842 -0.261071927 -0.262843666 1.059935836
91 -11.046470642 1.142402649 1.529694557 -3.130487012 0.018259081 2.114134707
92 3.98828125 0 0.000038147 0.004872241 -0.009924216 1.610032301
93 2.26953125 0.000007629 0.000000954 -0.076539319 -0.095407065 1.438172442
94 -11.192642212 1.041526794 -2.758434296 -3.116629264 0.004012045 2.226905852
95 3.82421875 0.000038147 0.000051498 0.00053161 0.002187187 1.610324685
96 8.785812378 -0.000034332 0.000000954 0.08229373 0.071373082 -0.580233542
97 2.94140625 0.000007629 -0.000011444 -0.004550553 0.006091757 1.767588569
98 -11.120124817 1.091545105 -0.631118774 -3.132136147 0.020772815 2.221577138
99 3.98941803 0.000001907 0.000052452 0.021444626 0.041947477 1.751021405
100 3.478290558 0.000022888 -0.00001049 -0.001306817 0.004312204 1.848998194
101 -4.853614807 2.155082703 -4.018517494 3.123057975 0.125574955 2.46129872
102 2.980110168 -0.00000906 0.000011921 0.038574713 -0.163808097 -0.240289671
103 1.982421875 -0.000009537 0.000034332 0 0 -0.040571652
104 0.000015259 -0.000007629 -0.000003815 -0.01649064 -0.039519051 -0.911479809
105 7.08984375 0 -0.000000477 3.141592654 -0.174494806 3.141592654
106 7.528259277 8.168075562 -1.23279953 -3.136643079 0.174442134 -3.112738881
107 -54.911224365 -0.64967823 -0.176695824 1.570486209 0.07895275 0.030347038
108 -61.183189392 0.000000954 0 0.173988939 0.013650073 0.001450443
109 8.588684082 0 1.514415741 0 0 0
110 4.260505676 -21.349506378 -3.218473434 0.01718906 -0.152727882 -0.094327293
111 15.606674194 0 -0.000012398 -0.000222986 -0.017448447 -0.053609212
112 15.853752136 0 -0.00000608 -0.006204682 0.004324414 -0.110728811
113 15.151855469 0.000003815 0.000000715 -0.007626411 0.062247525 -0.023036763
114 11.14995575 0 -0.000006676 -0.002459297 0.005256294 -0.08108043
115 1.725082397 -0.142127991 11.160655975 -1.567042773 -0.241045482 -0.010783489
116 15.606681824 -0.000001907 0 0.001550019 -0.008632368 0.000856486
117 15.853729248 0.000003815 0.000000119 0.002293733 0.002281858 -0.032540273
118 15.151863098 -0.000001907 0.000000238 0.001064476 0.031928287 0.023412352
119 11.149963379 0 0 -0.000607553 0.001206761 -0.005524647
120 6.678688049 -0.142132998 -16.932613373 1.568771417 0.066649293 3.126379869
121 -15.606689453 0.000003815 0 -0.001499551 0.011746191 0.00922728
122 -15.853752136 0.000007629 0.00000608 -0.002186119 0.001602236 -0.034789183
123 -15.151855469 -0.000003815 -0.000000238 -0.000275906 -0.028227277 -0.004916654
124 -11.14994812 -0.000007629 0.000006676 0.000348842 -0.001293793 -0.005524506
125 2.507644653 15.93921566 6.722552299 -1.597031578 0.207950815 -2.982746954
126 -15.606697083 0 0 0.004860526 0.051309247 -0.012481791
127 -15.853752136 -0.000000954 0.000013351 0.008005796 -0.051297602 0.044784588
128 -15.151855469 -0.000001907 0.000007629 -0.007648231 -0.038805899 -0.127279888
129 -11.149963379 -0.000003815 -0.000003815 -0.009541005 0.001239353 -0.066050992
130 2.507621765 -17.075353622 6.722564697 -1.59314544 -0.186877246 -0.16079264
131 15.606674194 0 0.000003815 0.008133953 0.036669814 -0.036716688
132 15.853736877 -0.000001907 0.000003815 0.019471028 -0.047817098 0.067242185
133 15.151870728 0.000001431 0 -0.00402209 0.015373742 0.00454402
134 11.149963379 0.000000954 -0.000015259 -0.010214555 0.000930593 -0.054478068
135 5.893127441 15.939212799 -12.477539063 3.070288672 -0.125463794 0.146268216
136 15.606674194 0 0.000026703 0.016490879 0.045824765 -0.018876719
137 15.853744507 -0.000003815 -0.000011921 0.02734965 -0.050442669 0.063048783
138 15.151855469 0.000003815 0 0.000546938 -0.019759289 -0.055344199
139 11.149963379 0.000003815 -0.000007629 -0.008028211 -0.005936802 -0.05911249
140 5.893135071 -17.075361252 -12.477552414 1.495197629 0.114654269 2.983295622
141 -15.606658936 0 0.000007629 0.00842192 0.053729251 -0.027233431
142 -15.853729248 -0.000000954 -0.000011444 0.017719667 -0.052236132 0.065779319
143 -15.151832581 -0.000003815 -0.000007629 -0.002135242 -0.047247244 -0.022916727
144 -11.149932861 -0.000003815 -0.000011444 -0.007469117 -0.001585376 -0.054553428
145 4.260475159 20.773918152 -3.218482971 0.010143936 0.152197118 -3.051797524
146 -15.606681824 0 0 -0.002795656 0.017747123 0.035195666
147 -15.853736877 0.000003815 -0.000000119 -0.004370319 -0.003683924 -0.065431984
148 -15.151855469 -0.000005722 0.000000238 -0.006808475 -0.061056351 0.050386878
149 -11.149963379 0.000003815 0 0.000237871 -0.005864725 -0.081074674
150 7.528274536 -8.043749809 -1.232801437 0.004949575 -0.174442134 -0.028853775
151 54.911239624 0.649676323 0.176697254 1.570486209 0.07895275 0.030347038
152 61.183170319 -0.000000715 0.000000954 0.174162246 0.013649947 0.001451626
153 -0.364086866 -2.758008003 4.994803905 0 0 0.000244115
154 -0.364086866 -2.758006096 4.994803905 0 0 0.000244115
155 -0.364086866 -2.758006096 4.994803905 0 0 0.000244115
156 -0.364086866 -2.758006096 4.994803905 0 0 0.000244115
157 -0.364086866 -2.758006096 4.994803905 0 0 0.000244115
158 -0.364086866 -2.758006096 4.994803905 0 0 0.000244115
159 -0.364086866 -2.758006096 4.994803905 0 0 0.000244115
160 -0.364086866 -2.758006096 4.994803905 0 0 0.000244115
161 -0.364086866 -2.758006096 4.994803905 0 0 0.000244115
162 -0.498048782 -4.95163393 0.510848999 0 0 0.000244115
163 -0.364086866 -2.758006096 4.994803905 0 0 0.000244115
time 6
0 -0.364086866 -2.758006096 4.994803905 0 0 0.000244115
1 -0.355712891 -7.47265625 1.084960938 0 -1.570482873 -1.57071714
2 130.809036255 0 -0.000000477 0 0 0
3 6.662017822 -0.142129987 2.521339893 3.137519559 0.004300568 -0.007518365
4 24.360931396 0 0.000011921 0.035185567 0.233589863 -0.003085845
5 24.806396484 -0.00000599 0.765956879 0 -0.368320338 0
6 8.120269775 -0.000001997 0.000003815 0 0 0
7 8.120315552 -0.000000983 0.000001907 0 -0.880742373 0
8 8.120315552 -0.000000983 0.000001907 0 -1.357954675 0
9 5.115219116 7.517074585 -23.079299927 1.541078266 -0.220621347 -0.088494547
10 -13.525115967 0.000007629 -0.000003815 0.021440998 0.048917165 -0.146052045
11 -11.953063965 -0.000007629 0 0.026223263 -0.089532491 -0.056657568
12 -8.290374756 0 -0.000003815 0.076595756 -0.075200292 -0.231672376
13 -7.875 0.000032425 0.000003815 0.021975146 0.054676376 -0.055623067
14 -8.78578186 0.000034332 0.000003815 0.163734539 0.018488114 -0.02264791
15 -8.9037323 0.000001907 0 0.028568479 0.034144423 0.039687827
16 5.903457642 12.714836121 -17.693172455 1.402493687 -0.244251429 -0.135204396
17 -13.525161743 0 -0.000003815 -0.00078751 0.065454066 -0.13753763
18 -11.953033447 -0.000007629 0 0.054298046 -0.091186311 -0.069999099
19 -8.290390015 0 0 0.069360436 -0.012656445 -0.078624243
20 -7.875 0.000030518 0.000003815 0.006279903 0.066649958 -0.107280593
21 -8.785797119 0.000038147 0.000003815 0.12279617 0.131265798 0.0087745
22 -8.903717041 0 -0.000001907 -0.026374165 0.03939869 0.015453605
23 5.115219116 -7.603518486 -23.079322815 -1.632052587 0.245651524 -3.007465047
24 13.525115967 0.000007629 0 0.018362262 -0.004336631 -0.130476348
25 11.953033447 0 0 0.111702466 0.07921235 -0.027755507
26 8.290390015 -0.000003815 0.000001907 0.148689597 -0.002345847 -0.216640615
27 7.875 -0.000030518 0 0.083526824 0.058371898 -0.029972306
28 8.785766602 -0.000030518 0.000000596 0.141007717 0.072314126 -0.006753525
29 8.9037323 -0.000003815 0.000001907 -0.015829148 0.163640201 0.017149948
30 5.903442383 -12.801283836 -17.693199158 -1.693168496 0.310747262 -2.91650691
31 13.525131226 0 0 -0.012915585 0.038600926 -0.131053169
32 11.953063965 0.000007629 0 0.110482013 0.094397463 -0.024202471
33 8.290390015 0.000007629 0 0.120622397 0.074885828 -0.064977071
34 7.875 -0.000030518 0 0.051921854 0.09068614 -0.1047873
35 8.785766602 -0.000030518 0.000000954 0.142104799 0.181294827 0.005900325
36 8.903717041 0 0.000003815 -0.011129045 0.180293357 0.013034672
37 4.435455322 0.000127017 -25.179950714 3.107075059 0.425684956 3.129804364
38 14.171020508 0.000020742 1.280670166 -0.042919031 0.096985995 -0.071766497
39 10.9765625 0.00001812 0.352539063 0.010703155 0.116617942 0.051471659
40 8.120300293 -0.000003576 -0.000015259 0.002243989 0.053650337 0.099660464
41 8.120285034 -0.000001907 -0.000038147 -0.013441518 -0.023487317 0.106560009
42 8.120346069 0.000001907 -0.000022888 0.010486404 0.287464548 0.065197074
43 8.120361328 0.000001907 0.000061035 -0.033283983 -0.003089213 0.073879307
44 7.146957397 16.179790497 -9.195613861 1.404509489 -0.172552021 -0.180519261
45 -13.525131226 0 0 -0.082270135 -0.108677316 -0.09653126
46 -11.953033447 -0.000013351 -0.000015259 0.069668974 -0.106147652 -0.102255445
47 -8.290390015 0.000001907 0 0.108193682 0.044231103 -0.06289664
48 -7.875 0.000030518 0 0.031367732 0.126354512 -0.070518253
49 -8.785797119 0.000041962 0 0.082811442 0.272414998 -0.057368581
50 -8.903686523 0.000001907 -0.000001907 -0.047632762 0.110815409 -0.207685044
51 7.147003174 -16.266246796 -9.19562149 -1.693253354 0.235262003 -2.892213026
52 13.525115967 0.000015259 0.000007629 -0.096259224 -0.052022817 -0.046254033
53 11.953018188 0.000011444 0 0.102820091 0.141774799 -0.019987672
54 8.290390015 0 0.000003815 0.138233379 0.17277316 -0.053503043
55 7.875 -0.000034332 0 0.063583767 0.171603164 -0.074294907
56 8.78578186 -0.000038147 0.000003219 0.104176765 0.328528049 -0.051416511
57 8.903717041 0 -0.000007629 -0.008645955 0.198691063 0.01943696
58 -5.36730957 8.366906166 8.703117371 1.807313332 -0.736260749 3.117797526
59 13.525115967 0.000015259 -0.000001907 -0.294796652 0.025796171 -0.029052018
60 -3.441879272 -10.792385101 9.377006531 1.740601461 -0.857133678 -3.042846195
61 13.525115967 -0.000007629 0.000003815 -0.427183064 0.141378889 -0.49507722
62 11.953048706 0.000015259 0.000003815 0.202113807 -0.078473897 -0.411125704
63 8.290359497 0.000002861 0 0.121643769 -0.106471153 0.099730264
64 7.875 -0.00002861 0.000001907 0.069062633 -0.084243364 0.047144864
65 19.39491272 -14.052383423 -0.467086792 0.910648293 0.16668407 -2.913617897
66 26.240753174 0.000003815 0.000007629 -0.279317096 -0.031264444 0.005790123
67 31.971000671 0.000003815 0.000003815 -0.188811394 0.068250566 -0.070065519
68 4.627235413 -2.31129837 4.185634613 -0.024611287 -0.558422955 -0.444239217
69 2.980117798 -0.000004292 -0.000007629 -0.044814452 -0.161464923 0.279695347
70 1.982421875 0.000015259 0.000015259 0 0 0.079605056
71 10.844871521 -1.281562805 -1.331679344 0.003154845 -0.01855101 -1.502721343
72 3.98828125 0 0.000037193 0.024656551 0.116612118 -1.30426207
73 2.26953125 -0.000015259 -0.000010133 0.010246566 0.020303916 -1.235445909
74 10.908851624 -1.237388611 0.829589844 0.008182385 -0.019760774 -1.502678948
75 3.989425659 -0.000015259 0.000037193 0.003562594 0.093803498 -1.240572344
76 3.478279114 0 -0.000015974 0.01062322 -0.039586617 -1.338501469
77 10.291885376 -1.202156067 -3.344136238 0.018038834 -0.023865117 -1.537453755
78 2.757148743 0 0.000027657 -0.00454994 -0.095548155 -1.291608045
79 1.775390625 -0.000007629 -0.000009537 0.198076059 0.357239486 -1.30316968
80 10.971855164 -1.19392395 2.957341194 -0.012167132 -0.015944087 -1.622309173
81 3.82421875 -0.000007629 0.000035286 -0.000576872 0.002168828 -1.309510829
82 2.94140625 -0.000007629 -0.000013351 0.003967107 0.006944486 -1.466881704
83 -0.000015259 0.000007629 0 0.369071773 0.290491308 -0.709549673
84 19.39491272 13.160593033 -0.467075348 -2.370281056 -0.238803539 -0.333204624
85 -26.240753174 -0.000003815 -0.000003815 -0.135197525 0.045574961 0.122474631
86 -31.971000671 0.000015259 0 -0.640439261 0.213481567 -0.19331895
87 -11.614601135 3.933105469 0.069384575 -1.578444876 1.529198549 -2.544968004
88 -10.484527588 1.069198608 3.539872169 -3.131584703 0.028220486 2.411526648
89 2.757156372 0.000002265 0.000026703 -0.011712134 0.035128624 1.019560794
90 1.775390625 0.000007629 -0.000023842 -0.261071927 -0.262843666 1.059935836
91 -11.046470642 1.142402649 1.529694557 -3.130487012 0.018259081 2.114134707
92 3.98828125 0 0.000038147 0.004872241 -0.009924216 1.610032301
93 2.26953125 0.000007629 0.000000954 -0.076539319 -0.095407065 1.438172442
94 -11.192642212 1.041526794 -2.758434296 -3.116629264 0.004012045 2.226905852
95 3.82421875 0.000038147 0.000051498 0.00053161 0.002187187 1.610324685
96 8.785812378 -0.000034332 0.000000954 0.08229373 0.071373082 -0.580233542
97 2.94140625 0.000007629 -0.000011444 -0.004550553 0.006091757 1.767588569
98 -11.120124817 1.091545105 -0.631118774 -3.132136147 0.020772815 2.221577138
99 3.98941803 0.000001907 0.000052452 0.021444626 0.041947477 1.751021405
100 3.478290558 0.000022888 -0.00001049 -0.001306817 0.004312204 1.848998194
101 -4.853614807 2.155082703 -4.018517494 3.123057975 0.125574955 2.46129872
102 2.980110168 -0.00000906 0.000011921 0.038574713 -0.163808097 -0.240289671
103 1.982421875 -0.000009537 0.000034332 0 0 -0.040571652
104 0.000015259 -0.000007629 -0.000003815 -0.015953752 -0.042475518 -0.908802835
105 7.08984375 0 -0.000000477 3.141592654 -0.174494806 3.141592654
106 7.528259277 8.168075562 -1.23279953 -3.136643079 0.174442134 -3.112738881
107 -54.911224365 -0.64967823 -0.176695824 1.570486209 0.07895275 0.030347038
108 -61.183189392 0.000000954 0 0.173988939 0.013650073 0.001450443
109 8.588684082 0 1.514415741 0 0 0
110 4.260505676 -21.349506378 -3.218473434 0.017492497 -0.144307014 -0.094507347
111 15.606674194 0 -0.000012398 -0.000141144 -0.023836231 -0.053352183
112 15.853752136 0 -0.00000608 -0.005383859 -0.005829839 -0.110267537
113 15.151855469 0.000003815 0.000000715 -0.007521423 0.04696582 -0.022453137
114 11.14995575 0 -0.000006676 -0.003497731 0.007372907 -0.081691915
115 1.725082397 -0.142127991 11.160655975 -1.565612981 -0.234821788 -0.01505426
116 15.606681824 -0.000001907 0 0.001049125 -0.011824291 -0.002250478
117 15.853729248 0.000003815 0.000000119 0.002130027 -0.00271734 -0.042646656
118 15.151863098 -0.000001907 0.000000238 0.000692716 0.024080576 0.007345815
119 11.149963379 0 0 -0.000865924 0.001724954 -0.00319447
120 6.678688049 -0.142132998 -16.932613373 1.568070822 0.062119961 3.121844834
121 -15.606689453 0.000003815 0 -0.000993942 0.014504272 0.005776174
122 -15.853752136 0.000007629 0.00000608 -0.002126138 0.00695014 -0.040406637
123 -15.151855469 -0.000003815 -0.000000238 -0.000129037 -0.019422873 -0.013378572
124 -11.14994812 -0.000007629 0.000006676 0.000520933 -0.001898139 -0.003194217
125 2.507644653 15.93921566 6.722552299 -1.598136028 0.203865214 -2.979452729
126 -15.606697083 0 0 0.006863162 0.053637689 -0.008105354
127 -15.853752136 -0.000000954 0.000013351 0.008409428 -0.047460778 0.053252351
128 -15.151855469 -0.000001907 0.000007629 -0.008537434 -0.033010128 -0.11655616
129 -11.149963379 -0.000003815 -0.000003815 -0.009735639 0.001826184 -0.06838591
130 2.507621765 -17.075353622 6.722564697 -1.592680056 -0.180580183 -0.164855319
131 15.606674194 0 0.000003815 0.008653272 0.033672163 -0.039913995
132 15.853736877 -0.000001907 0.000003815 0.019665224 -0.052638256 0.056913484
133 15.151870728 0.000001431 0 -0.004275992 0.007829682 -0.011842319
134 11.149963379 0.000000954 -0.000015259 -0.01074245 0.001360428 -0.052149292
135 5.893127441 15.939212799 -12.477539063 3.071738409 -0.124970684 0.145893649
136 15.606674194 0 0.000026703 0.014500112 0.046237668 -0.018919291
137 15.853744507 -0.000003815 -0.000011921 0.026952061 -0.049731726 0.062549295
138 15.151855469 0.000003815 0 0.000872337 -0.018713871 -0.056296578
139 11.149963379 0.000003815 -0.000007629 -0.007702702 -0.008256687 -0.058586596
140 5.893135071 -17.075361252 -12.477552414 1.495053774 0.109781957 2.979259525
141 -15.606658936 0 0.000007629 0.008104069 0.057022305 -0.030770686
142 -15.853729248 -0.000000954 -0.000011444 0.018022157 -0.047007315 0.06011278
143 -15.151832581 -0.000003815 -0.000007629 -0.001795756 -0.039396237 -0.031564008
144 -11.149932861 -0.000003815 -0.000011444 -0.006937368 -0.002167454 -0.052306742
145 4.260475159 20.773918152 -3.218482971 0.00868667 0.143944987 -3.052405369
146 -15.606681824 0 0 -0.001046824 0.023846174 0.035295414
147 -15.853736877 0.000003815 -0.000000119 -0.004175039 0.006255744 -0.064676022
148 -15.151855469 -0.000005722 0.000000238 -0.006976204 -0.045759017 0.051969354
149 -11.149963379 0.000003815 0 0.000420696 -0.008189769 -0.081594359
150 7.528274536 -8.043749809 -1.232801437 0.004949575 -0.174442134 -0.028853775
151 54.911239624 0.649676323 0.176697254 1.570486209 0.07895275 0.030347038
152 61.183170319 -0.000000715 0.000000954 0.174162246 0.013649947 0.001451626
153 -0.364086866 -2.758008003 4.994803905 0 0 0.000244115
154 -0.364086866 -2.758006096 4.994803905 0 0 0.000244115
155 -0.364086866 -2.758006096 4.994803905 0 0 0.000244115
156 -0.364086866 -2.758006096 4.994803905 0 0 0.000244115
157 -0.364086866 -2.758006096 4.994803905 0 0 0.000244115
158 -0.364086866 -2.758006096 4.994803905 0 0 0.000244115
159 -0.364086866 -2.758006096 4.994803905 0 0 0.000244115
160 -0.364086866 -2.758006096 4.994803905 0 0 0.000244115
161 -0.364086866 -2.758006096 4.994803905 0 0 0.000244115
162 -0.498048782 -4.95163393 0.510848999 0 0 0.000244115
163 -0.364086866 -2.758006096 4.994803905 0 0 0.000244115
time 7
0 -0.364086866 -2.758006096 4.994803905 0 0 0.000244115
1 -0.355712891 -7.47265625 1.084960938 0 -1.570482873 -1.57071714
2 130.809036255 0 -0.000000477 0 0 0
3 6.662017822 -0.142129987 2.521339893 3.136133882 0.004896997 -0.008472489
4 24.360931396 0 0.000011921 0.039503452 0.237016213 -0.004077165
5 24.806396484 -0.00000599 0.765956879 0 -0.368320338 0
6 8.120269775 -0.000001997 0.000003815 0 0 0
7 8.120315552 -0.000000983 0.000001907 0 -0.880742373 0
8 8.120315552 -0.000000983 0.000001907 0 -1.357954675 0
9 5.115219116 7.517074585 -23.079299927 1.53997188 -0.21823945 -0.086738134
10 -13.525115967 0.000007629 -0.000003815 0.019860228 0.055589052 -0.141707015
11 -11.953063965 -0.000007629 0 0.025979308 -0.09436742 -0.050404826
12 -8.290374756 0 -0.000003815 0.077692849 -0.082419522 -0.233250619
13 -7.875 0.000032425 0.000003815 0.021495069 0.054415402 -0.064105194
14 -8.78578186 0.000034332 0.000003815 0.163372999 0.021040104 -0.030584454
15 -8.9037323 0.000001907 0 0.027449657 0.031237654 0.032719639
16 5.903457642 12.714836121 -17.693172455 1.401588391 -0.241943955 -0.134223003
17 -13.525161743 0 -0.000003815 -0.002137927 0.070633861 -0.131366835
18 -11.953033447 -0.000007629 0 0.053909115 -0.094884057 -0.064551304
19 -8.290390015 0 0 0.069753628 -0.017966891 -0.079592106
20 -7.875 0.000030518 0.000003815 0.005816572 0.06572313 -0.117677145
21 -8.785797119 0.000038147 0.000003815 0.121856966 0.133373927 -0.001645272
22 -8.903717041 0 -0.000001907 -0.026870457 0.038437492 0.007944881
23 5.115219116 -7.603518486 -23.079322815 -1.629811832 0.241750921 -3.003718127
24 13.525115967 0.000007629 0 0.020076096 -0.010810194 -0.129336668
25 11.953033447 0 0 0.111878577 0.086772763 -0.017550438
26 8.290390015 -0.000003815 0.000001907 0.147505778 0.006142573 -0.216612815
27 7.875 -0.000030518 0 0.083602007 0.054599998 -0.038856665
28 8.785766602 -0.000030518 0.000000596 0.141362686 0.062842618 -0.012345141
29 8.9037323 -0.000003815 0.000001907 -0.014660227 0.161064784 0.010421223
30 5.903442383 -12.801283836 -17.693199158 -1.690364707 0.306414266 -2.912599417
31 13.525131226 0 0 -0.011337528 0.032993612 -0.131156729
32 11.953063965 0.000007629 0 0.110664325 0.100494222 -0.012433379
33 8.290390015 0.000007629 0 0.120004044 0.083782424 -0.06075226
34 7.875 -0.000030518 0 0.052307457 0.087476748 -0.115927277
35 8.785766602 -0.000030518 0.000000954 0.142034159 0.171135873 -0.003950775
36 8.903717041 0 0.000003815 -0.008428257 0.1787709 0.006524368
37 4.435455322 0.000127017 -25.179950714 3.107550001 0.42557441 3.128319297
38 14.171020508 0.000020742 1.280670166 -0.042222128 0.09647012 -0.077342429
39 10.9765625 0.00001812 0.352539063 0.009587377 0.115999566 0.038516284
40 8.120300293 -0.000003576 -0.000015259 0.001007506 0.051979496 0.095215326
41 8.120285034 -0.000001907 -0.000038147 -0.014128972 -0.026300765 0.120683978
42 8.120346069 0.000001907 -0.000022888 0.014544253 0.286073497 0.088808201
43 8.120361328 0.000001907 0.000061035 -0.031885991 0.004305857 0.074967905
44 7.146957397 16.179790497 -9.195613861 1.403894975 -0.169521837 -0.18045376
45 -13.525131226 0 0 -0.08349585 -0.105460293 -0.088971044
46 -11.953033447 -0.000013351 -0.000015259 0.069357429 -0.10795621 -0.094945719
47 -8.290390015 0.000001907 0 0.108422359 0.041544637 -0.064247067
48 -7.875 0.000030518 0 0.030516122 0.124654909 -0.083837905
49 -8.785797119 0.000041962 0 0.080454628 0.271981699 -0.070966969
50 -8.903686523 0.000001907 -0.000001907 -0.048019291 0.110288795 -0.215343084
51 7.147003174 -16.266246796 -9.19562149 -1.69088382 0.229110266 -2.889870196
52 13.525115967 0.000015259 0.000007629 -0.094345088 -0.057557421 -0.045438621
53 11.953018188 0.000011444 0 0.103967953 0.143430451 -0.0050029
54 8.290390015 0 0.000003815 0.138273407 0.182025595 -0.048012955
55 7.875 -0.000034332 0 0.063655546 0.171634572 -0.089818402
56 8.78578186 -0.000038147 0.000003219 0.103406138 0.318529099 -0.065596467
57 8.903717041 0 -0.000007629 -0.004231304 0.198197405 0.014152176
58 -5.36730957 8.366906166 8.703117371 1.811255729 -0.735709299 3.115287604
59 13.525115967 0.000015259 -0.000001907 -0.294796652 0.025796171 -0.029052018
60 -3.441879272 -10.792385101 9.377006531 1.746010441 -0.859810063 -3.04676046
61 13.525115967 -0.000007629 0.000003815 -0.425371123 0.14054011 -0.495474017
62 11.953048706 0.000015259 0.000003815 0.200474513 -0.07243842 -0.415690523
63 8.290359497 0.000002861 0 0.120936207 -0.104420372 0.096676294
64 7.875 -0.00002861 0.000001907 0.068611678 -0.089533558 0.052781815
65 19.39491272 -14.052383423 -0.467086792 0.919983169 0.161665184 -2.920357022
66 26.240753174 0.000003815 0.000007629 -0.276987421 -0.02883792 0.008203563
67 31.971000671 0.000003815 0.000003815 -0.186601379 0.074518936 -0.063112991
68 4.627235413 -2.31129837 4.185634613 -0.024611287 -0.558422955 -0.444239217
69 2.980117798 -0.000004292 -0.000007629 -0.044814452 -0.161464923 0.279695347
70 1.982421875 0.000015259 0.000015259 0 0 0.079605056
71 10.844871521 -1.281562805 -1.331679344 0.003154845 -0.01855101 -1.502721343
72 3.98828125 0 0.000037193 0.024656551 0.116612118 -1.30426207
73 2.26953125 -0.000015259 -0.000010133 0.010246566 0.020303916 -1.235445909
74 10.908851624 -1.237388611 0.829589844 0.008182385 -0.019760774 -1.502678948
75 3.989425659 -0.000015259 0.000037193 0.003562594 0.093803498 -1.240572344
76 3.478279114 0 -0.000015974 0.01062322 -0.039586617 -1.338501469
77 10.291885376 -1.202156067 -3.344136238 0.018038834 -0.023865117 -1.537453755
78 2.757148743 0 0.000027657 -0.00454994 -0.095548155 -1.291608045
79 1.775390625 -0.000007629 -0.000009537 0.198076059 0.357239486 -1.30316968
80 10.971855164 -1.19392395 2.957341194 -0.012167132 -0.015944087 -1.622309173
81 3.82421875 -0.000007629 0.000035286 -0.000576872 0.002168828 -1.309510829
82 2.94140625 -0.000007629 -0.000013351 0.003967107 0.006944486 -1.466881704
83 -0.000015259 0.000007629 0 0.360755201 0.327163454 -0.731807382
84 19.39491272 13.160593033 -0.467075348 -2.359798782 -0.241351276 -0.334275754
85 -26.240753174 -0.000003815 -0.000003815 -0.13071347 0.046525704 0.122757729
86 -31.971000671 0.000015259 0 -0.640439261 0.213481567 -0.19331895
87 -11.614601135 3.933105469 0.069384575 -1.578444876 1.529198549 -2.544968004
88 -10.484527588 1.069198608 3.539872169 -3.131584703 0.028220486 2.411526648
89 2.757156372 0.000002265 0.000026703 -0.011712134 0.035128624 1.019560794
90 1.775390625 0.000007629 -0.000023842 -0.261071927 -0.262843666 1.059935836
91 -11.046470642 1.142402649 1.529694557 -3.130487012 0.018259081 2.114134707
92 3.98828125 0 0.000038147 0.004872241 -0.009924216 1.610032301
93 2.26953125 0.000007629 0.000000954 -0.076539319 -0.095407065 1.438172442
94 -11.192642212 1.041526794 -2.758434296 -3.116629264 0.004012045 2.226905852
95 3.82421875 0.000038147 0.000051498 0.00053161 0.002187187 1.610324685
96 8.785812378 -0.000034332 0.000000954 0.08229373 0.071373082 -0.580233542
97 2.94140625 0.000007629 -0.000011444 -0.004550553 0.006091757 1.767588569
98 -11.120124817 1.091545105 -0.631118774 -3.132136147 0.020772815 2.221577138
99 3.98941803 0.000001907 0.000052452 0.021444626 0.041947477 1.751021405
100 3.478290558 0.000022888 -0.00001049 -0.001306817 0.004312204 1.848998194
101 -4.853614807 2.155082703 -4.018517494 3.123057975 0.125574955 2.46129872
102 2.980110168 -0.00000906 0.000011921 0.038574713 -0.163808097 -0.240289671
103 1.982421875 -0.000009537 0.000034332 0 0 -0.040571652
104 0.000015259 -0.000007629 -0.000003815 -0.015322164 -0.045856623 -0.905750256
105 7.08984375 0 -0.000000477 3.141592654 -0.174494806 3.141592654
106 7.528259277 8.168075562 -1.23279953 -3.136643079 0.174442134 -3.112738881
107 -54.911224365 -0.64967823 -0.176695824 1.570486209 0.07895275 0.030347038
108 -61.183189392 0.000000954 0 0.173988939 0.013650073 0.001450443
109 8.588684082 0 1.514415741 0 0 0
110 4.260505676 -21.349506378 -3.218473434 0.01792737 -0.134929138 -0.094770347
111 15.606674194 0 -0.000012398 0.000011636 -0.029704211 -0.053097064
112 15.853752136 0 -0.00000608 -0.00449102 -0.015807508 -0.109818337
113 15.151855469 0.000003815 0.000000715 -0.007329613 0.030911168 -0.021781953
114 11.14995575 0 -0.000006676 -0.00463439 0.009744075 -0.082306843
115 1.725082397 -0.142127991 11.160655975 -1.564064429 -0.228593013 -0.019818363
116 15.606681824 -0.000001907 0 0.000551707 -0.014759074 -0.004578988
117 15.853729248 0.000003815 0.000000119 0.002099087 -0.007803757 -0.051113682
118 15.151863098 -0.000001907 0.000000238 0.000444882 0.01597097 -0.009146345
119 11.149963379 0 0 -0.001122824 0.002330213 -0.000605526
120 6.678688049 -0.142132998 -16.932613373 1.567273618 0.056914584 3.117006718
121 -15.606689453 0.000003815 0 -0.000410452 0.01691881 0.002499804
122 -15.853752136 0.000007629 0.00000608 -0.002085273 0.011867104 -0.04585141
123 -15.151855469 -0.000003815 -0.000000238 -0.000143093 -0.010446604 -0.022183413
124 -11.14994812 -0.000007629 0.000006676 0.000691292 -0.002502977 -0.000605083
125 2.507644653 15.93921566 6.722552299 -1.59925721 0.19918075 -2.975659714
126 -15.606697083 0 0 0.00885969 0.055787702 -0.00432942
127 -15.853752136 -0.000000954 0.000013351 0.009027012 -0.043717826 0.061198784
128 -15.151855469 -0.000001907 0.000007629 -0.009222054 -0.026933091 -0.104636522
129 -11.149963379 -0.000003815 -0.000003815 -0.010021295 0.002494472 -0.070980697
130 2.507621765 -17.075353622 6.722564697 -1.59210763 -0.174344098 -0.169477558
131 15.606674194 0 0.000003815 0.009195785 0.030843814 -0.041989314
132 15.853736877 -0.000001907 0.000003815 0.019775884 -0.057387642 0.048315032
133 15.151870728 0.000001431 0 -0.004316635 0.000024282 -0.028744584
134 11.149963379 0.000000954 -0.000015259 -0.011357558 0.001877102 -0.04956236
135 5.893127441 15.939212799 -12.477539063 3.073369074 -0.124314346 0.145588646
136 15.606674194 0 0.000026703 0.012595689 0.046651355 -0.018960692
137 15.853744507 -0.000003815 -0.000011921 0.026465658 -0.049019455 0.062138101
138 15.151855469 0.000003815 0 0.001281313 -0.017579344 -0.057335657
139 11.149963379 0.000003815 -0.000007629 -0.007284623 -0.010833093 -0.058061118
140 5.893135071 -17.075361252 -12.477552414 1.494863829 0.104275262 2.974756915
141 -15.606658936 0 0.000007629 0.007787859 0.060140516 -0.033964561
142 -15.853729248 -0.000000954 -0.000011444 0.018207018 -0.041776014 0.054538228
143 -15.151832581 -0.000003815 -0.000007629 -0.001609115 -0.031287095 -0.040637803
144 -11.149932861 -0.000003815 -0.000011444 -0.006232562 -0.00283189 -0.049801378
145 4.260475159 20.773918152 -3.218482971 0.007195382 0.134657069 -3.05292182
146 -15.606681824 0 0 0.00060637 0.029515299 0.03523184
147 -15.853736877 0.000003815 -0.000000119 -0.003888156 0.016197669 -0.064178054
148 -15.151855469 -0.000005722 0.000000238 -0.007013907 -0.029776389 0.053460749
149 -11.149963379 0.000003815 0 0.000529583 -0.010776987 -0.082200727
150 7.528274536 -8.043749809 -1.232801437 0.004949575 -0.174442134 -0.028853775
151 54.911239624 0.649676323 0.176697254 1.570486209 0.07895275 0.030347038
152 61.183170319 -0.000000715 0.000000954 0.174162246 0.013649947 0.001451626
153 -0.364086866 -2.758008003 4.994803905 0 0 0.000244115
154 -0.364086866 -2.758006096 4.994803905 0 0 0.000244115
155 -0.364086866 -2.758006096 4.994803905 0 0 0.000244115
156 -0.364086866 -2.758006096 4.994803905 0 0 0.000244115
157 -0.364086866 -2.758006096 4.994803905 0 0 0.000244115
158 -0.364086866 -2.758006096 4.994803905 0 0 0.000244115
159 -0.364086866 -2.758006096 4.994803905 0 0 0.000244115
160 -0.364086866 -2.758006096 4.994803905 0 0 0.000244115
161 -0.364086866 -2.758006096 4.994803905 0 0 0.000244115
162 -0.498048782 -4.95163393 0.510848999 0 0 0.000244115
163 -0.364086866 -2.758006096 4.994803905 0 0 0.000244115
time 8
0 -0.364086866 -2.758006096 4.994803905 0 0 0.000244115
1 -0.355712891 -7.47265625 1.084960938 0 -1.570482873 -1.57071714
2 130.809036255 0 -0.000000477 0 0 0
3 6.662017822 -0.142129987 2.521339893 3.134661719 0.005405384 -0.009427383
4 24.360931396 0 0.000011921 0.043547298 0.240797609 -0.005166679
5 24.806396484 -0.00000599 0.765956879 0 -0.368320338 0
6 8.120269775 -0.000001997 0.000003815 0 0 0
7 8.120315552 -0.000000983 0.000001907 0 -0.880742373 0
8 8.120315552 -0.000000983 0.000001907 0 -1.357954675 0
9 5.115219116 7.517074585 -23.079299927 1.539741549 -0.215174723 -0.086623258
10 -13.525115967 0.000007629 -0.000003815 0.018168905 0.063038133 -0.137372131
11 -11.953063965 -0.000007629 0 0.025443352 -0.097230001 -0.043244012
12 -8.290374756 0 -0.000003815 0.078876584 -0.090522691 -0.234187923
13 -7.875 0.000032425 0.000003815 0.021237338 0.053033147 -0.072333896
14 -8.78578186 0.000034332 0.000003815 0.162984428 0.023731814 -0.039204406
15 -8.9037323 0.000001907 0 0.026266426 0.028411036 0.025755731
16 5.903457642 12.714836121 -17.693172455 1.401705313 -0.23887965 -0.13459527
17 -13.525161743 0 -0.000003815 -0.003482861 0.076340629 -0.125032982
18 -11.953033447 -0.000007629 0 0.05330323 -0.097149866 -0.057753505
19 -8.290390015 0 0 0.070174728 -0.023984831 -0.080069566
20 -7.875 0.000030518 0.000003815 0.005499008 0.064108919 -0.12789883
21 -8.785797119 0.000038147 0.000003815 0.12092148 0.135620364 -0.013013059
22 -8.903717041 0 -0.000001907 -0.02744463 0.037474348 0.000521756
23 5.115219116 -7.603518486 -23.079322815 -1.628415951 0.238152455 -3.001627849
24 13.525115967 0.000007629 0 0.021941222 -0.018307275 -0.128828257
25 11.953033447 0 0 0.112307242 0.092350818 -0.007440682
26 8.290390015 -0.000003815 0.000001907 0.14609031 0.015994623 -0.215368437
27 7.875 -0.000030518 0 0.083512314 0.052285108 -0.047512498
28 8.785766602 -0.000030518 0.000000596 0.141671431 0.052740394 -0.018764006
29 8.9037323 -0.000003815 0.000001907 -0.013481457 0.158412263 0.003605808
30 5.903442383 -12.801283836 -17.693199158 -1.688607727 0.302648774 -2.91018975
31 13.525131226 0 0 -0.009724264 0.026693865 -0.132044393
32 11.953063965 0.000007629 0 0.11105614 0.104900383 -0.001348973
33 8.290390015 0.000007629 0 0.119467266 0.093970472 -0.054894977
34 7.875 -0.000030518 0 0.052669812 0.085722002 -0.126344679
35 8.785766602 -0.000030518 0.000000954 0.142154497 0.160634643 -0.014930857
36 8.903717041 0 0.000003815 -0.005813476 0.177354805 -0.00008359
37 4.435455322 0.000127017 -25.179950714 3.107236619 0.425449639 3.126045873
38 14.171020508 0.000020742 1.280670166 -0.041344671 0.096001855 -0.081008271
39 10.9765625 0.00001812 0.352539063 0.008771768 0.11545257 0.026100262
40 8.120300293 -0.000003576 -0.000015259 -0.000153815 0.050381696 0.086453542
41 8.120285034 -0.000001907 -0.000038147 -0.014697045 -0.029237639 0.129365418
42 8.120346069 0.000001907 -0.000022888 0.017342412 0.284346061 0.113108082
43 8.120361328 0.000001907 0.000061035 -0.030394558 0.011694874 0.075982118
44 7.146957397 16.179790497 -9.195613861 1.404081779 -0.165462619 -0.181455975
45 -13.525131226 0 0 -0.084625234 -0.101969925 -0.081346482
46 -11.953033447 -0.000013351 -0.000015259 0.068911268 -0.109040885 -0.086043554
47 -8.290390015 0.000001907 0 0.108678508 0.038634661 -0.064658132
48 -7.875 0.000030518 0 0.029807685 0.122604654 -0.096894046
49 -8.785797119 0.000041962 0 0.07812431 0.271323765 -0.085791846
50 -8.903686523 0.000001907 -0.000001907 -0.048321221 0.109768308 -0.223086212
51 7.147003174 -16.266246796 -9.19562149 -1.689276929 0.223603746 -2.888518683
52 13.525115967 0.000015259 0.000007629 -0.092482619 -0.063488943 -0.045652236
53 11.953018188 0.000011444 0 0.10524856 0.143820711 0.009148374
54 8.290390015 0 0.000003815 0.138573861 0.191652003 -0.040295882
55 7.875 -0.000034332 0 0.063666753 0.173193986 -0.104182492
56 8.78578186 -0.000038147 0.000003219 0.102888497 0.308644259 -0.081371106
57 8.903717041 0 -0.000007629 0.000264382 0.197729104 0.008787026
58 -5.36730957 8.366906166 8.703117371 1.814061861 -0.73560132 3.113557398
59 13.525115967 0.000015259 -0.000001907 -0.294796652 0.025796171 -0.029052018
60 -3.441879272 -10.792385101 9.377006531 1.750297709 -0.86213834 -3.049819338
61 13.525115967 -0.000007629 0.000003815 -0.42337122 0.139572752 -0.495364849
62 11.953048706 0.000015259 0.000003815 0.199084994 -0.066904754 -0.420071532
63 8.290359497 0.000002861 0 0.120215443 -0.101454221 0.092808354
64 7.875 -0.00002861 0.000001907 0.068188115 -0.094188717 0.057577736
65 19.39491272 -14.052383423 -0.467086792 0.92781156 0.156278204 -2.924642769
66 26.240753174 0.000003815 0.000007629 -0.274743871 -0.026661393 0.010744733
67 31.971000671 0.000003815 0.000003815 -0.184221166 0.080409516 -0.055410968
68 4.627235413 -2.31129837 4.185634613 -0.024611287 -0.558422955 -0.444239217
69 2.980117798 -0.000004292 -0.000007629 -0.044814452 -0.161464923 0.279695347
70 1.982421875 0.000015259 0.000015259 0 0 0.079605056
71 10.844871521 -1.281562805 -1.331679344 0.003154845 -0.01855101 -1.502721343
72 3.98828125 0 0.000037193 0.024656551 0.116612118 -1.30426207
73 2.26953125 -0.000015259 -0.000010133 0.010246566 0.020303916 -1.235445909
74 10.908851624 -1.237388611 0.829589844 0.008182385 -0.019760774 -1.502678948
75 3.989425659 -0.000015259 0.000037193 0.003562594 0.093803498 -1.240572344
76 3.478279114 0 -0.000015974 0.01062322 -0.039586617 -1.338501469
77 10.291885376 -1.202156067 -3.344136238 0.018038834 -0.023865117 -1.537453755
78 2.757148743 0 0.000027657 -0.00454994 -0.095548155 -1.291608045
79 1.775390625 -0.000007629 -0.000009537 0.198076059 0.357239486 -1.30316968
80 10.971855164 -1.19392395 2.957341194 -0.012167132 -0.015944087 -1.622309173
81 3.82421875 -0.000007629 0.000035286 -0.000576872 0.002168828 -1.309510829
82 2.94140625 -0.000007629 -0.000013351 0.003967107 0.006944486 -1.466881704
83 -0.000015259 0.000007629 0 0.35229431 0.364419003 -0.754497428
84 19.39491272 13.160593033 -0.467075348 -2.349273943 -0.243857002 -0.335469317
85 -26.240753174 -0.000003815 -0.000003815 -0.12571624 0.047357518 0.123063184
86 -31.971000671 0.000015259 0 -0.640439261 0.213481567 -0.19331895
87 -11.614601135 3.933105469 0.069384575 -1.578444876 1.529198549 -2.544968004
88 -10.484527588 1.069198608 3.539872169 -3.131584703 0.028220486 2.411526648
89 2.757156372 0.000002265 0.000026703 -0.011712134 0.035128624 1.019560794
90 1.775390625 0.000007629 -0.000023842 -0.261071927 -0.262843666 1.059935836
91 -11.046470642 1.142402649 1.529694557 -3.130487012 0.018259081 2.114134707
92 3.98828125 0 0.000038147 0.004872241 -0.009924216 1.610032301
93 2.26953125 0.000007629 0.000000954 -0.076539319 -0.095407065 1.438172442
94 -11.192642212 1.041526794 -2.758434296 -3.116629264 0.004012045 2.226905852
95 3.82421875 0.000038147 0.000051498 0.00053161 0.002187187 1.610324685
96 8.785812378 -0.000034332 0.000000954 0.08229373 0.071373082 -0.580233542
97 2.94140625 0.000007629 -0.000011444 -0.004550553 0.006091757 1.767588569
98 -11.120124817 1.091545105 -0.631118774 -3.132136147 0.020772815 2.221577138
99 3.98941803 0.000001907 0.000052452 0.021444626 0.041947477 1.751021405
100 3.478290558 0.000022888 -0.00001049 -0.001306817 0.004312204 1.848998194
101 -4.853614807 2.155082703 -4.018517494 3.123057975 0.125574955 2.46129872
102 2.980110168 -0.00000906 0.000011921 0.038574713 -0.163808097 -0.240289671
103 1.982421875 -0.000009537 0.000034332 0 0 -0.040571652
104 0.000015259 -0.000007629 -0.000003815 -0.01463732 -0.04958558 -0.90232374
105 7.08984375 0 -0.000000477 3.141592654 -0.174494806 3.141592654
106 7.528259277 8.168075562 -1.23279953 -3.136643079 0.174442134 -3.112738881
107 -54.911224365 -0.64967823 -0.176695824 1.570486209 0.07895275 0.030347038
108 -61.183189392 0.000000954 0 0.173988939 0.013650073 0.001450443
109 8.588684082 0 1.514415741 0 0 0
110 4.260505676 -21.349506378 -3.218473434 0.018404081 -0.124686179 -0.095023269
111 15.606674194 0 -0.000012398 0.000149262 -0.035054683 -0.052842724
112 15.853752136 0 -0.00000608 -0.003616707 -0.025527386 -0.109380825
113 15.151855469 0.000003815 0.000000715 -0.007059777 0.014513741 -0.02119992
114 11.14995575 0 -0.000006676 -0.005866485 0.012283215 -0.083012143
115 1.725082397 -0.142127991 11.160655975 -1.562405667 -0.22235751 -0.025073364
116 15.606681824 -0.000001907 0 0.000053701 -0.017522441 -0.006129204
117 15.853729248 0.000003815 0.000000119 0.002007455 -0.012635734 -0.058026855
118 15.151863098 -0.000001907 0.000000238 0.000421387 0.007688111 -0.025117393
119 11.149963379 0 0 -0.001464222 0.002936351 0.002155771
120 6.678688049 -0.142132998 -16.932613373 1.566518965 0.051278422 3.11187003
121 -15.606689453 0.000003815 0 -0.000002459 0.018989968 -0.000258984
122 -15.853752136 0.000007629 0.00000608 -0.002061642 0.016439297 -0.051210117
123 -15.151855469 -0.000003815 -0.000000238 -0.000234712 -0.001557551 -0.03116143
124 -11.14994812 -0.000007629 0.000006676 0.000859724 -0.00319465 0.002156548
125 2.507644653 15.93921566 6.722552299 -1.600659609 0.194038172 -2.971639345
126 -15.606697083 0 0 0.010765712 0.05776007 -0.000984308
127 -15.853752136 -0.000000954 0.000013351 0.009857914 -0.040069599 0.068452369
128 -15.151855469 -0.000001907 0.000007629 -0.009761552 -0.020670573 -0.092210513
129 -11.149963379 -0.000003815 -0.000003815 -0.010309115 0.003160685 -0.073834944
130 2.507621765 -17.075353622 6.722564697 -1.591472577 -0.16816701 -0.174408739
131 15.606674194 0 0.000003815 0.009661925 0.028270368 -0.043375342
132 15.853736877 -0.000001907 0.000003815 0.019877672 -0.061981808 0.041445384
133 15.151870728 0.000001431 0 -0.00431082 -0.007953764 -0.044958124
134 11.149963379 0.000000954 -0.000015259 -0.011971141 0.002396402 -0.046803158
135 5.893127441 15.939212799 -12.477539063 3.075092649 -0.123577706 0.145275835
136 15.606674194 0 0.000026703 0.010692023 0.046978667 -0.019003321
137 15.853744507 -0.000003815 -0.000011921 0.025804176 -0.048303179 0.061817177
138 15.151855469 0.000003815 0 0.001428815 -0.016452082 -0.058199432
139 11.149963379 0.000003815 -0.000007629 -0.00686046 -0.013668582 -0.05753602
140 5.893135071 -17.075361252 -12.477552414 1.494757072 0.098267099 2.969789098
141 -15.606658936 0 0.000007629 0.007562585 0.062913256 -0.036898997
142 -15.853729248 -0.000000954 -0.000011444 0.018440318 -0.036721489 0.049222715
143 -15.151832581 -0.000003815 -0.000007629 -0.00158692 -0.022921152 -0.049881357
144 -11.149932861 -0.000003815 -0.000011444 -0.005529737 -0.003497618 -0.047123889
145 4.260475159 20.773918152 -3.218482971 0.005585564 0.124511174 -3.05343437
146 -15.606681824 0 0 0.002250381 0.034666877 0.035177034
147 -15.853736877 0.000003815 -0.000000119 -0.003580967 0.025622008 -0.063763741
148 -15.151855469 -0.000005722 0.000000238 -0.006933649 -0.013539748 0.05478017
149 -11.149963379 0.000003815 0 0.000737602 -0.013619285 -0.082894755
150 7.528274536 -8.043749809 -1.232801437 0.004949575 -0.174442134 -0.028853775
151 54.911239624 0.649676323 0.176697254 1.570486209 0.07895275 0.030347038
152 61.183170319 -0.000000715 0.000000954 0.174162246 0.013649947 0.001451626
153 -0.364086866 -2.758008003 4.994803905 0 0 0.000244115
154 -0.364086866 -2.758006096 4.994803905 0 0 0.000244115
155 -0.364086866 -2.758006096 4.994803905 0 0 0.000244115
156 -0.364086866 -2.758006096 4.994803905 0 0 0.000244115
157 -0.364086866 -2.758006096 4.994803905 0 0 0.000244115
158 -0.364086866 -2.758006096 4.994803905 0 0 0.000244115
159 -0.364086866 -2.758006096 4.994803905 0 0 0.000244115
160 -0.364086866 -2.758006096 4.994803905 0 0 0.000244115
161 -0.364086866 -2.758006096 4.994803905 0 0 0.000244115
162 -0.498048782 -4.95163393 0.510848999 0 0 0.000244115
163 -0.364086866 -2.758006096 4.994803905 0 0 0.000244115
time 9
0 -0.364086866 -2.758006096 4.994803905 0 0 0.000244115
1 -0.355712891 -7.47265625 1.084960938 0 -1.570482873 -1.57071714
2 130.809036255 0 -0.000000477 0 0 0
3 6.662017822 -0.142129987 2.521339893 3.133017128 0.005825528 -0.010296854
4 24.360931396 0 0.000011921 0.047227599 0.24484712 -0.006366995
5 24.806396484 -0.00000599 0.765956879 0 -0.368320338 0
6 8.120269775 -0.000001997 0.000003815 0 0 0
7 8.120315552 -0.000000983 0.000001907 0 -0.880742373 0
8 8.120315552 -0.000000983 0.000001907 0 -1.357954675 0
9 5.115219116 7.517074585 -23.079299927 1.540276223 -0.211796282 -0.087884044
10 -13.525115967 0.000007629 -0.000003815 0.016477353 0.070842561 -0.133309179
11 -11.953063965 -0.000007629 0 0.024642288 -0.097940668 -0.035434489
12 -8.290374756 0 -0.000003815 0.080099101 -0.0991684 -0.234469524
13 -7.875 0.000032425 0.000003815 0.021039151 0.050611779 -0.080312282
14 -8.78578186 0.000034332 0.000003815 0.162568824 0.026390717 -0.048522358
15 -8.9037323 0.000001907 0 0.025107545 0.025659717 0.019056188
16 5.903457642 12.714836121 -17.693172455 1.4024946 -0.235136891 -0.136208599
17 -13.525161743 0 -0.000003815 -0.004733669 0.082406877 -0.118878691
18 -11.953033447 -0.000007629 0 0.05240174 -0.097896633 -0.049600671
19 -8.290390015 0 0 0.070515596 -0.030378457 -0.079784444
20 -7.875 0.000030518 0.000003815 0.005262965 0.06163129 -0.137947659
21 -8.785797119 0.000038147 0.000003815 0.119823896 0.137733516 -0.025183916
22 -8.903717041 0 -0.000001907 -0.027919655 0.036598939 -0.006554785
23 5.115219116 -7.603518486 -23.079322815 -1.62781246 0.234808097 -3.000872837
24 13.525115967 0.000007629 0 0.023843417 -0.026316196 -0.128861822
25 11.953033447 0 0 0.11302971 0.095784631 0.002307221
26 8.290390015 -0.000003815 0.000001907 0.144500157 0.026877683 -0.213026477
27 7.875 -0.000030518 0 0.083408359 0.051598344 -0.055842733
28 8.785766602 -0.000030518 0.000000596 0.142208285 0.042195296 -0.026164151
29 8.9037323 -0.000003815 0.000001907 -0.01233864 0.155945701 -0.002782254
30 5.903442383 -12.801283836 -17.693199158 -1.687620502 0.299321543 -2.908975068
31 13.525131226 0 0 -0.007992055 0.019882031 -0.13363202
32 11.953063965 0.000007629 0 0.111695391 0.107540198 0.008788345
33 8.290390015 0.000007629 0 0.119050594 0.104945191 -0.047604642
34 7.875 -0.000030518 0 0.052884198 0.085670504 -0.135951772
35 8.785766602 -0.000030518 0.000000954 0.14240972 0.149874433 -0.026954201
36 8.903717041 0 0.000003815 -0.003231111 0.175958931 -0.006177349
37 4.435455322 0.000127017 -25.179950714 3.106195133 0.42531297 3.123262152
38 14.171020508 0.000020742 1.280670166 -0.040304212 0.09566026 -0.083025939
39 10.9765625 0.00001812 0.352539063 0.008389581 0.114805382 0.015093976
40 8.120300293 -0.000003576 -0.000015259 -0.001114644 0.048849338 0.074590011
41 8.120285034 -0.000001907 -0.000038147 -0.015009732 -0.032055336 0.131989503
42 8.120346069 0.000001907 -0.000022888 0.018565371 0.282347067 0.135348523
43 8.120361328 0.000001907 0.000061035 -0.028992877 0.018825882 0.076924926
44 7.146957397 16.179790497 -9.195613861 1.404834096 -0.16067272 -0.18317215
45 -13.525131226 0 0 -0.085538528 -0.098481368 -0.074084923
46 -11.953033447 -0.000013351 -0.000015259 0.068248056 -0.109316925 -0.075542647
47 -8.290390015 0.000001907 0 0.109036789 0.035762079 -0.064114828
48 -7.875 0.000030518 0 0.029262814 0.120032445 -0.109600936
49 -8.785797119 0.000041962 0 0.075771483 0.270513768 -0.101585879
50 -8.903686523 0.000001907 -0.000001907 -0.04868706 0.109245592 -0.230487819
51 7.147003174 -16.266246796 -9.19562149 -1.688372278 0.218814305 -2.887961285
52 13.525115967 0.000015259 0.000007629 -0.090585565 -0.069632334 -0.046733961
53 11.953018188 0.000011444 0 0.106626943 0.14294805 0.022373625
54 8.290390015 0 0.000003815 0.139157632 0.201404193 -0.03053298
55 7.875 -0.000034332 0 0.063681066 0.176280438 -0.1172973
56 8.78578186 -0.000038147 0.000003219 0.102556776 0.298877871 -0.098754589
57 8.903717041 0 -0.000007629 0.004437788 0.197287368 0.003648518
58 -5.36730957 8.366906166 8.703117371 1.816202552 -0.735888821 3.112033601
59 13.525115967 0.000015259 -0.000001907 -0.294796652 0.025796171 -0.029052018
60 -3.441879272 -10.792385101 9.377006531 1.753792 -0.864105479 -3.05243489
61 13.525115967 -0.000007629 0.000003815 -0.421520759 0.138636418 -0.494920075
62 11.953048706 0.000015259 0.000003815 0.197864344 -0.061888904 -0.424262273
63 8.290359497 0.000002861 0 0.119549868 -0.097836512 0.088107957
64 7.875 -0.00002861 0.000001907 0.06771787 -0.098120247 0.061537813
65 19.39491272 -14.052383423 -0.467086792 0.934110532 0.150599157 -2.926512667
66 26.240753174 0.000003815 0.000007629 -0.272675003 -0.024722614 0.013499155
67 31.971000671 0.000003815 0.000003815 -0.181676159 0.085902534 -0.047131373
68 4.627235413 -2.31129837 4.185634613 -0.024611287 -0.558422955 -0.444239217
69 2.980117798 -0.000004292 -0.000007629 -0.044814452 -0.161464923 0.279695347
70 1.982421875 0.000015259 0.000015259 0 0 0.079605056
71 10.844871521 -1.281562805 -1.331679344 0.003154845 -0.01855101 -1.502721343
72 3.98828125 0 0.000037193 0.024656551 0.116612118 -1.30426207
73 2.26953125 -0.000015259 -0.000010133 0.010246566 0.020303916 -1.235445909
74 10.908851624 -1.237388611 0.829589844 0.008182385 -0.019760774 -1.502678948
75 3.989425659 -0.000015259 0.000037193 0.003562594 0.093803498 -1.240572344
76 3.478279114 0 -0.000015974 0.01062322 -0.039586617 -1.338501469
77 10.291885376 -1.202156067 -3.344136238 0.018038834 -0.023865117 -1.537453755
78 2.757148743 0 0.000027657 -0.00454994 -0.095548155 -1.291608045
79 1.775390625 -0.000007629 -0.000009537 0.198076059 0.357239486 -1.30316968
80 10.971855164 -1.19392395 2.957341194 -0.012167132 -0.015944087 -1.622309173
81 3.82421875 -0.000007629 0.000035286 -0.000576872 0.002168828 -1.309510829
82 2.94140625 -0.000007629 -0.000013351 0.003967107 0.006944486 -1.466881704
83 -0.000015259 0.000007629 0 0.344061307 0.400984451 -0.77667997
84 19.39491272 13.160593033 -0.467075348 -2.339036488 -0.246210474 -0.336672887
85 -26.240753174 -0.000003815 -0.000003815 -0.120289463 0.04815628 0.123297524
86 -31.971000671 0.000015259 0 -0.640439261 0.213481567 -0.19331895
87 -11.614601135 3.933105469 0.069384575 -1.578444876 1.529198549 -2.544968004
88 -10.484527588 1.069198608 3.539872169 -3.131584703 0.028220486 2.411526648
89 2.757156372 0.000002265 0.000026703 -0.011712134 0.035128624 1.019560794
90 1.775390625 0.000007629 -0.000023842 -0.261071927 -0.262843666 1.059935836
91 -11.046470642 1.142402649 1.529694557 -3.130487012 0.018259081 2.114134707
92 3.98828125 0 0.000038147 0.004872241 -0.009924216 1.610032301
93 2.26953125 0.000007629 0.000000954 -0.076539319 -0.095407065 1.438172442
94 -11.192642212 1.041526794 -2.758434296 -3.116629264 0.004012045 2.226905852
95 3.82421875 0.000038147 0.000051498 0.00053161 0.002187187 1.610324685
96 8.785812378 -0.000034332 0.000000954 0.08229373 0.071373082 -0.580233542
97 2.94140625 0.000007629 -0.000011444 -0.004550553 0.006091757 1.767588569
98 -11.120124817 1.091545105 -0.631118774 -3.132136147 0.020772815 2.221577138
99 3.98941803 0.000001907 0.000052452 0.021444626 0.041947477 1.751021405
100 3.478290558 0.000022888 -0.00001049 -0.001306817 0.004312204 1.848998194
101 -4.853614807 2.155082703 -4.018517494 3.123057975 0.125574955 2.46129872
102 2.980110168 -0.00000906 0.000011921 0.038574713 -0.163808097 -0.240289671
103 1.982421875 -0.000009537 0.000034332 0 0 -0.040571652
104 0.000015259 -0.000007629 -0.000003815 -0.013897893 -0.053664525 -0.898717292
105 7.08984375 0 -0.000000477 3.141592654 -0.174494806 3.141592654
106 7.528259277 8.168075562 -1.23279953 -3.136643079 0.174442134 -3.112738881
107 -54.911224365 -0.64967823 -0.176695824 1.570486209 0.07895275 0.030347038
108 -61.183189392 0.000000954 0 0.173988939 0.013650073 0.001450443
109 8.588684082 0 1.514415741 0 0 0
110 4.260505676 -21.349506378 -3.218473434 0.018922498 -0.113578713 -0.095265506
111 15.606674194 0 -0.000012398 0.000273652 -0.039887606 -0.052675236
112 15.853752136 0 -0.00000608 -0.00260067 -0.034721761 -0.1090435
113 15.151855469 0.000003815 0.000000715 -0.006627522 -0.001880524 -0.020451315
114 11.14995575 0 -0.000006676 -0.007197529 0.015076627 -0.083722502
115 1.725082397 -0.142127991 11.160655975 -1.560544709 -0.216174019 -0.03064411
116 15.606681824 -0.000001907 0 -0.000533725 -0.01994151 -0.007073018
117 15.853729248 0.000003815 0.000000119 0.001931713 -0.017297246 -0.063558928
118 15.151863098 -0.000001907 0.000000238 0.00044352 -0.000595508 -0.039794775
119 11.149963379 0 0 -0.00180349 0.003543669 0.005175824
120 6.678688049 -0.142132998 -16.932613373 1.565697589 0.045270651 3.106493223
121 -15.606689453 0.000003815 0 0.000573783 0.020803575 -0.00292896
122 -15.853752136 0.000007629 0.00000608 -0.001958051 0.020496818 -0.056222642
123 -15.151855469 -0.000003815 -0.000000238 -0.000397785 0.006898745 -0.040227922
124 -11.14994812 -0.000007629 0.000006676 0.001112062 -0.003887148 0.005176858
125 2.507644653 15.93921566 6.722552299 -1.60203467 0.18866209 -2.967238134
126 -15.606697083 0 0 0.012573879 0.059557515 0.001756257
127 -15.853752136 -0.000000954 0.000013351 0.010895632 -0.036603011 0.074927488
128 -15.151855469 -0.000001907 0.000007629 -0.010136696 -0.014399852 -0.079880718
129 -11.149963379 -0.000003815 -0.000003815 -0.010602507 0.003911417 -0.076862765
130 2.507621765 -17.075353622 6.722564697 -1.590854049 -0.162119705 -0.179826397
131 15.606674194 0 0.000003815 0.010044362 0.026038305 -0.044243988
132 15.853736877 -0.000001907 0.000003815 0.019966993 -0.066331867 0.036046203
133 15.151870728 0.000001431 0 -0.004184389 -0.016014721 -0.059794962
134 11.149963379 0.000000954 -0.000015259 -0.012669237 0.002917138 -0.04378549
135 5.893127441 15.939212799 -12.477539063 3.076988996 -0.122853157 0.144953868
136 15.606674194 0 0.000026703 0.008874708 0.047306763 -0.01904455
137 15.853744507 -0.000003815 -0.000011921 0.024965115 -0.047669197 0.061585394
138 15.151855469 0.000003815 0 0.001575342 -0.015324704 -0.059063057
139 11.149963379 0.000003815 -0.000007629 -0.006431139 -0.016762901 -0.05692515
140 5.893135071 -17.075361252 -12.477552414 1.494507645 0.091800951 2.964403361
141 -15.606658936 0 0.000007629 0.007345571 0.065425262 -0.039489455
142 -15.853729248 -0.000000954 -0.000011444 0.018552232 -0.031924912 0.044081838
143 -15.151832581 -0.000003815 -0.000007629 -0.00164466 -0.014469965 -0.059125251
144 -11.149932861 -0.000003815 -0.000011444 -0.004825431 -0.004337198 -0.04418754
145 4.260475159 20.773918152 -3.218482971 0.004039212 0.113672997 -3.053927435
146 -15.606681824 0 0 0.003712594 0.039303903 0.035126192
147 -15.853736877 0.000003815 -0.000000119 -0.00317436 0.034617686 -0.063604368
148 -15.151855469 -0.000005722 0.000000238 -0.006660097 0.002690479 0.055931945
149 -11.149963379 0.000003815 0 0.000868571 -0.016637563 -0.083589062
150 7.528274536 -8.043749809 -1.232801437 0.004949575 -0.174442134 -0.028853775
151 54.911239624 0.649676323 0.176697254 1.570486209 0.07895275 0.030347038
152 61.183170319 -0.000000715 0.000000954 0.174162246 0.013649947 0.001451626
153 -0.364086866 -2.758008003 4.994803905 0 0 0.000244115
154 -0.364086866 -2.758006096 4.994803905 0 0 0.000244115
155 -0.364086866 -2.758006096 4.994803905 0 0 0.000244115
156 -0.364086866 -2.758006096 4.994803905 0 0 0.000244115
157 -0.364086866 -2.758006096 4.994803905 0 0 0.000244115
158 -0.364086866 -2.758006096 4.994803905 0 0 0.000244115
159 -0.364086866 -2.758006096 4.994803905 0 0 0.000244115
160 -0.364086866 -2.758006096 4.994803905 0 0 0.000244115
161 -0.364086866 -2.758006096 4.994803905 0 0 0.000244115
162 -0.498048782 -4.95163393 0.510848999 0 0 0.000244115
163 -0.364086866 -2.758006096 4.994803905 0 0 0.000244115
time 10
0 -0.364086866 -2.758006096 4.994803905 0 0 0.000244115
1 -0.355712891 -7.47265625 1.084960938 0 -1.570482873 -1.57071714
2 130.809036255 0 -0.000000477 0 0 0
3 6.662017822 -0.142129987 2.521339893 3.13137243 0.006244687 -0.011080709
4 24.360931396 0 0.000011921 0.050554309 0.24924948 -0.007588649
5 24.806396484 -0.00000599 0.765956879 0 -0.368320338 0
6 8.120269775 -0.000001997 0.000003815 0 0 0
7 8.120315552 -0.000000983 0.000001907 0 -0.880742373 0
8 8.120315552 -0.000000983 0.000001907 0 -1.357954675 0
9 5.115219116 7.517074585 -23.079299927 1.541395022 -0.207982204 -0.090252405
10 -13.525115967 0.000007629 -0.000003815 0.014883994 0.078749587 -0.129603005
11 -11.953063965 -0.000007629 0 0.023596442 -0.096757246 -0.0268111
12 -8.290374756 0 -0.000003815 0.081371943 -0.107930044 -0.233816686
13 -7.875 0.000032425 0.000003815 0.021103469 0.046728386 -0.088039471
14 -8.78578186 0.000034332 0.000003815 0.162128041 0.028851277 -0.058638847
15 -8.9037323 0.000001907 0 0.024062552 0.023152183 0.012968993
16 5.903457642 12.714836121 -17.693172455 1.403943543 -0.230936525 -0.138792164
17 -13.525161743 0 -0.000003815 -0.00587072 0.088313344 -0.113159495
18 -11.953033447 -0.000007629 0 0.051311223 -0.097029478 -0.040184893
19 -8.290390015 0 0 0.070836079 -0.036716853 -0.078635373
20 -7.875 0.000030518 0.000003815 0.005136079 0.058118997 -0.14773625
21 -8.785797119 0.000038147 0.000003815 0.118653804 0.139539263 -0.038162538
22 -8.903717041 0 -0.000001907 -0.028379554 0.035728 -0.013112666
23 5.115219116 -7.603518486 -23.079322815 -1.627853558 0.231773678 -3.001370808
24 13.525115967 0.000007629 0 0.025679272 -0.034497748 -0.129346594
25 11.953033447 0 0 0.113917489 0.097166692 0.011517395
26 8.290390015 -0.000003815 0.000001907 0.142976085 0.038379376 -0.209532961
27 7.875 -0.000030518 0 0.083088889 0.052709786 -0.063932735
28 8.785766602 -0.000030518 0.000000596 0.142817979 0.031625664 -0.03434948
29 8.9037323 -0.000003815 0.000001907 -0.011235031 0.153663555 -0.008743126
30 5.903442383 -12.801283836 -17.693199158 -1.687336084 0.296561516 -2.908821393
31 13.525131226 0 0 -0.006240462 0.012899626 -0.135664934
32 11.953063965 0.000007629 0 0.112393079 0.108569762 0.018234985
33 8.290390015 0.000007629 0 0.118782584 0.116373282 -0.039069275
34 7.875 -0.000030518 0 0.052924933 0.087484549 -0.144485722
35 8.785766602 -0.000030518 0.000000954 0.142825397 0.13919767 -0.039910821
36 8.903717041 0 0.000003815 -0.001047384 0.174664986 -0.011962407
37 4.435455322 0.000127017 -25.179950714 3.104723615 0.425165721 3.120120942
38 14.171020508 0.000020742 1.280670166 -0.039271542 0.095261506 -0.083486054
39 10.9765625 0.00001812 0.352539063 0.00837948 0.114235875 0.005926037
40 8.120300293 -0.000003576 -0.000015259 -0.001836925 0.047297842 0.061095448
41 8.120285034 -0.000001907 -0.000038147 -0.015314923 -0.034911048 0.12881852
42 8.120346069 0.000001907 -0.000022888 0.017898986 0.280316281 0.153219031
43 8.120361328 0.000001907 0.000061035 -0.027690891 0.025441681 0.077884449
44 7.146957397 16.179790497 -9.195613861 1.406035797 -0.155216235 -0.185522656
45 -13.525131226 0 0 -0.086222734 -0.095094526 -0.067440999
46 -11.953033447 -0.000013351 -0.000015259 0.067568439 -0.108766532 -0.063715297
47 -8.290390015 0.000001907 0 0.109497685 0.032988838 -0.062181769
48 -7.875 0.000030518 0 0.028884777 0.117112475 -0.121869916
49 -8.785797119 0.000041962 0 0.073496068 0.269211614 -0.118433685
50 -8.903686523 0.000001907 -0.000001907 -0.048930497 0.108746781 -0.237276481
51 7.147003174 -16.266246796 -9.19562149 -1.687962987 0.214594287 -2.88816456
52 13.525115967 0.000015259 0.000007629 -0.088749235 -0.075630788 -0.048437529
53 11.953018188 0.000011444 0 0.108059583 0.14082539 0.03440656
54 8.290390015 0 0.000003815 0.140110434 0.211132025 -0.019065762
55 7.875 -0.000034332 0 0.063620596 0.18095961 -0.128735222
56 8.78578186 -0.000038147 0.000003219 0.102473952 0.289737699 -0.117282986
57 8.903717041 0 -0.000007629 0.008402305 0.196953619 -0.000991369
58 -5.36730957 8.366906166 8.703117371 1.817730604 -0.736473052 3.110970989
59 13.525115967 0.000015259 -0.000001907 -0.294796652 0.025796171 -0.029052018
60 -3.441879272 -10.792385101 9.377006531 1.756563514 -0.865791136 -3.054571902
61 13.525115967 -0.000007629 0.000003815 -0.419654212 0.137754852 -0.494215611
62 11.953048706 0.000015259 0.000003815 0.196877296 -0.057304345 -0.428076289
63 8.290359497 0.000002861 0 0.118915643 -0.093669745 0.082830729
64 7.875 -0.00002861 0.000001907 0.067136447 -0.101316579 0.064405135
65 19.39491272 -14.052383423 -0.467086792 0.939070325 0.144536857 -2.926453728
66 26.240753174 0.000003815 0.000007629 -0.270778245 -0.022862092 0.016356728
67 31.971000671 0.000003815 0.000003815 -0.178966776 0.090994268 -0.038274139
68 4.627235413 -2.31129837 4.185634613 -0.024611287 -0.558422955 -0.444239217
69 2.980117798 -0.000004292 -0.000007629 -0.044814452 -0.161464923 0.279695347
70 1.982421875 0.000015259 0.000015259 0 0 0.079605056
71 10.844871521 -1.281562805 -1.331679344 0.003154845 -0.01855101 -1.502721343
72 3.98828125 0 0.000037193 0.024656551 0.116612118 -1.30426207
73 2.26953125 -0.000015259 -0.000010133 0.010246566 0.020303916 -1.235445909
74 10.908851624 -1.237388611 0.829589844 0.008182385 -0.019760774 -1.502678948
75 3.989425659 -0.000015259 0.000037193 0.003562594 0.093803498 -1.240572344
76 3.478279114 0 -0.000015974 0.01062322 -0.039586617 -1.338501469
77 10.291885376 -1.202156067 -3.344136238 0.018038834 -0.023865117 -1.537453755
78 2.757148743 0 0.000027657 -0.00454994 -0.095548155 -1.291608045
79 1.775390625 -0.000007629 -0.000009537 0.198076059 0.357239486 -1.30316968
80 10.971855164 -1.19392395 2.957341194 -0.012167132 -0.015944087 -1.622309173
81 3.82421875 -0.000007629 0.000035286 -0.000576872 0.002168828 -1.309510829
82 2.94140625 -0.000007629 -0.000013351 0.003967107 0.006944486 -1.466881704
83 -0.000015259 0.000007629 0 0.336173017 0.435639184 -0.79780458
84 19.39491272 13.160593033 -0.467075348 -2.32898735 -0.24836169 -0.337974648
85 -26.240753174 -0.000003815 -0.000003815 -0.114522754 0.048846776 0.12355024
86 -31.971000671 0.000015259 0 -0.640439261 0.213481567 -0.19331895
87 -11.614601135 3.933105469 0.069384575 -1.578444876 1.529198549 -2.544968004
88 -10.484527588 1.069198608 3.539872169 -3.131584703 0.028220486 2.411526648
89 2.757156372 0.000002265 0.000026703 -0.011712134 0.035128624 1.019560794
90 1.775390625 0.000007629 -0.000023842 -0.261071927 -0.262843666 1.059935836
91 -11.046470642 1.142402649 1.529694557 -3.130487012 0.018259081 2.114134707
92 3.98828125 0 0.000038147 0.004872241 -0.009924216 1.610032301
93 2.26953125 0.000007629 0.000000954 -0.076539319 -0.095407065 1.438172442
94 -11.192642212 1.041526794 -2.758434296 -3.116629264 0.004012045 2.226905852
95 3.82421875 0.000038147 0.000051498 0.00053161 0.002187187 1.610324685
96 8.785812378 -0.000034332 0.000000954 0.08229373 0.071373082 -0.580233542
97 2.94140625 0.000007629 -0.000011444 -0.004550553 0.006091757 1.767588569
98 -11.120124817 1.091545105 -0.631118774 -3.132136147 0.020772815 2.221577138
99 3.98941803 0.000001907 0.000052452 0.021444626 0.041947477 1.751021405
100 3.478290558 0.000022888 -0.00001049 -0.001306817 0.004312204 1.848998194
101 -4.853614807 2.155082703 -4.018517494 3.123057975 0.125574955 2.46129872
102 2.980110168 -0.00000906 0.000011921 0.038574713 -0.163808097 -0.240289671
103 1.982421875 -0.000009537 0.000034332 0 0 -0.040571652
104 0.000015259 -0.000007629 -0.000003815 -0.013144202 -0.058016229 -0.894931469
105 7.08984375 0 -0.000000477 3.141592654 -0.174494806 3.141592654
106 7.528259277 8.168075562 -1.23279953 -3.136643079 0.174442134 -3.112738881
107 -54.911224365 -0.64967823 -0.176695824 1.570486209 0.07895275 0.030347038
108 -61.183189392 0.000000954 0 0.173988939 0.013650073 0.001450443
109 8.588684082 0 1.514415741 0 0 0
110 4.260505676 -21.349506378 -3.218473434 0.019417354 -0.101955822 -0.095583808
111 15.606674194 0 -0.000012398 0.000377208 -0.044030334 -0.052421268
112 15.853752136 0 -0.00000608 -0.001622095 -0.043313678 -0.108630292
113 15.151855469 0.000003815 0.000000715 -0.006121641 -0.018188334 -0.019798418
114 11.14995575 0 -0.000006676 -0.008535065 0.017955 -0.08452366
115 1.725082397 -0.142127991 11.160655975 -1.55861047 -0.210103477 -0.036577133
116 15.606681824 -0.000001907 0 -0.001123749 -0.022102011 -0.00767026
117 15.853729248 0.000003815 0.000000119 0.001855855 -0.021615455 -0.067795658
118 15.151863098 -0.000001907 0.000000238 0.000491424 -0.008794422 -0.052834659
119 11.149963379 0 0 -0.002140208 0.004238518 0.008368236
120 6.678688049 -0.142132998 -16.932613373 1.564819725 0.038890827 3.100999519
121 -15.606689453 0.000003815 0 0.001150973 0.022273231 -0.005166513
122 -15.853752136 0.000007629 0.00000608 -0.001861106 0.024210129 -0.060976077
123 -15.151855469 -0.000003815 -0.000000238 -0.000539343 0.014924189 -0.049124556
124 -11.14994812 -0.000007629 0.000006676 0.001275598 -0.004580171 0.00836985
125 2.507644653 15.93921566 6.722552299 -1.603569309 0.182940558 -2.962717925
126 -15.606697083 0 0 0.014292154 0.061093189 0.004236528
127 -15.853752136 -0.000000954 0.000013351 0.012046599 -0.033315587 0.080712855
128 -15.151855469 -0.000001907 0.000007629 -0.010260998 -0.00812163 -0.067904139
129 -11.149963379 -0.000003815 -0.000003815 -0.010901851 0.00474704 -0.079977887
130 2.507621765 -17.075353622 6.722564697 -1.590174619 -0.156190232 -0.185490957
131 15.606674194 0 0.000003815 0.010431069 0.023976513 -0.044594564
132 15.853736877 -0.000001907 0.000003815 0.019951742 -0.07043474 0.031948085
133 15.151870728 0.000001431 0 -0.004048781 -0.023987537 -0.072910662
134 11.149963379 0.000000954 -0.000015259 -0.013367398 0.003526858 -0.040682533
135 5.893127441 15.939212799 -12.477539063 3.079059386 -0.122051721 0.144706429
136 15.606674194 0 0.000026703 0.00714661 0.047549001 -0.01899821
137 15.853744507 -0.000003815 -0.000011921 0.024119265 -0.047123799 0.061525027
138 15.151855469 0.000003815 0 0.001546485 -0.014202577 -0.059666218
139 11.149963379 0.000003815 -0.000007629 -0.006001272 -0.01994381 -0.05631551
140 5.893135071 -17.075361252 -12.477552414 1.494355407 0.08496457 2.958792165
141 -15.606658936 0 0.000007629 0.007137992 0.067590612 -0.041822315
142 -15.853729248 -0.000000954 -0.000011444 0.018713443 -0.027479162 0.039370315
143 -15.151832581 -0.000003815 -0.000007629 -0.001774937 -0.006192702 -0.068284675
144 -11.149932861 -0.000003815 -0.000011444 -0.004039523 -0.005090425 -0.041079597
145 4.260475159 20.773918152 -3.218482971 0.00239159 0.102236709 -3.054321573
146 -15.606681824 0 0 0.005162676 0.043250642 0.035080016
147 -15.853736877 0.000003815 -0.000000119 -0.002746154 0.042923528 -0.063527078
148 -15.151855469 -0.000005722 0.000000238 -0.006290069 0.018744449 0.056747877
149 -11.149963379 0.000003815 0 0.001008923 -0.019828278 -0.084284236
150 7.528274536 -8.043749809 -1.232801437 0.004949575 -0.174442134 -0.028853775
151 54.911239624 0.649676323 0.176697254 1.570486209 0.07895275 0.030347038
152 61.183170319 -0.000000715 0.000000954 0.174162246 0.013649947 0.001451626
153 -0.364086866 -2.758008003 4.994803905 0 0 0.000244115
154 -0.364086866 -2.758006096 4.994803905 0 0 0.000244115
155 -0.364086866 -2.758006096 4.994803905 0 0 0.000244115
156 -0.364086866 -2.758006096 4.994803905 0 0 0.000244115
157 -0.364086866 -2.758006096 4.994803905 0 0 0.000244115
158 -0.364086866 -2.758006096 4.994803905 0 0 0.000244115
159 -0.364086866 -2.758006096 4.994803905 0 0 0.000244115
160 -0.364086866 -2.758006096 4.994803905 0 0 0.000244115
161 -0.364086866 -2.758006096 4.994803905 0 0 0.000244115
162 -0.498048782 -4.95163393 0.510848999 0 0 0.000244115
163 -0.364086866 -2.758006096 4.994803905 0 0 0.000244115
time 11
0 -0.364086866 -2.758006096 4.994803905 0 0 0.000244115
1 -0.355712891 -7.47265625 1.084960938 0 -1.570482873 -1.57071714
2 130.809036255 0 -0.000000477 0 0 0
3 6.662017822 -0.142129987 2.521339893 3.129554753 0.006661538 -0.011865839
4 24.360931396 0 0.000011921 0.053514652 0.253745666 -0.008927808
5 24.806396484 -0.00000599 0.765956879 0 -0.368320338 0
6 8.120269775 -0.000001997 0.000003815 0 0 0
7 8.120315552 -0.000000983 0.000001907 0 -0.880742373 0
8 8.120315552 -0.000000983 0.000001907 0 -1.357954675 0
9 5.115219116 7.517074585 -23.079299927 1.543112307 -0.203971598 -0.093600172
10 -13.525115967 0.000007629 -0.000003815 0.013404747 0.086328042 -0.126426727
11 -11.953063965 -0.000007629 0 0.022347718 -0.093585816 -0.017725143
12 -8.290374756 0 -0.000003815 0.082468453 -0.116486655 -0.232200106
13 -7.875 0.000032425 0.000003815 0.021439383 0.041557565 -0.095428923
14 -8.78578186 0.000034332 0.000003815 0.161675383 0.030834054 -0.069316731
15 -8.9037323 0.000001907 0 0.02312983 0.020973576 0.007753068
16 5.903457642 12.714836121 -17.693172455 1.405794979 -0.22633689 -0.142122509
17 -13.525161743 0 -0.000003815 -0.006989741 0.094053348 -0.107964833
18 -11.953033447 -0.000007629 0 0.050073762 -0.094797392 -0.029778307
19 -8.290390015 0 0 0.071110368 -0.042754114 -0.076266652
20 -7.875 0.000030518 0.000003815 0.005211512 0.05366644 -0.157262498
21 -8.785797119 0.000038147 0.000003815 0.117506012 0.140865652 -0.051952288
22 -8.903717041 0 -0.000001907 -0.028734334 0.035040349 -0.018807618
23 5.115219116 -7.603518486 -23.079322815 -1.628628971 0.228941144 -3.00287962
24 13.525115967 0.000007629 0 0.027527563 -0.042674209 -0.130195034
25 11.953033447 0 0 0.114861689 0.096486131 0.02035351
26 8.290390015 -0.000003815 0.000001907 0.141485929 0.050163493 -0.205086855
27 7.875 -0.000030518 0 0.082623111 0.055695486 -0.071520005
28 8.785766602 -0.000030518 0.000000596 0.143509631 0.021210912 -0.043395593
29 8.9037323 -0.000003815 0.000001907 -0.010403133 0.151737844 -0.013862498
30 5.903442383 -12.801283836 -17.693199158 -1.687744986 0.294196688 -2.909529814
31 13.525131226 0 0 -0.004573932 0.006086478 -0.138058661
32 11.953063965 0.000007629 0 0.113275944 0.107833188 0.026639909
33 8.290390015 0.000007629 0 0.118776167 0.127916526 -0.029383823
34 7.875 -0.000030518 0 0.052867464 0.091079581 -0.151859339
35 8.785766602 -0.000030518 0.000000954 0.143328211 0.128944268 -0.053698435
36 8.903717041 0 0.000003815 0.000963488 0.17355597 -0.016811721
37 4.435455322 0.000127017 -25.179950714 3.102954784 0.425010201 3.116827573
38 14.171020508 0.000020742 1.280670166 -0.038192776 0.095057378 -0.082823947
39 10.9765625 0.00001812 0.352539063 0.008758389 0.113573282 -0.001058325
40 8.120300293 -0.000003576 -0.000015259 -0.002288912 0.045818491 0.047093265
41 8.120285034 -0.000001907 -0.000038147 -0.015340326 -0.037730479 0.120712692
42 8.120346069 0.000001907 -0.000022888 0.015695416 0.278337512 0.165372595
43 8.120361328 0.000001907 0.000061035 -0.026598304 0.031025996 0.078690587
44 7.146957397 16.179790497 -9.195613861 1.407719937 -0.149387964 -0.188421102
45 -13.525131226 0 0 -0.086669344 -0.091991927 -0.061578783
46 -11.953033447 -0.000013351 -0.000015259 0.066818932 -0.107469348 -0.050823021
47 -8.290390015 0.000001907 0 0.109964634 0.030483516 -0.058851538
48 -7.875 0.000030518 0 0.028694177 0.113673632 -0.133615446
49 -8.785797119 0.000041962 0 0.071143343 0.267491196 -0.136265592
50 -8.903686523 0.000001907 -0.000001907 -0.049211338 0.108348474 -0.243027679
51 7.147003174 -16.266246796 -9.19562149 -1.688132082 0.210906368 -2.888945343
52 13.525115967 0.000015259 0.000007629 -0.086968387 -0.081482812 -0.050762446
53 11.953018188 0.000011444 0 0.109435968 0.1375461 0.045154093
54 8.290390015 0 0.000003815 0.141337889 0.220415771 -0.006186367
55 7.875 -0.000034332 0 0.06356445 0.187232327 -0.13840352
56 8.78578186 -0.000038147 0.000003219 0.102671051 0.281304853 -0.136694219
57 8.903717041 0 -0.000007629 0.01173671 0.196547376 -0.005001166
58 -5.36730957 8.366906166 8.703117371 1.818758452 -0.73726584 3.110139792
59 13.525115967 0.000015259 -0.000001907 -0.294796652 0.025796171 -0.029052018
60 -3.441879272 -10.792385101 9.377006531 1.758594629 -0.867137483 -3.056146172
61 13.525115967 -0.000007629 0.000003815 -0.417844876 0.1367874 -0.493410085
62 11.953048706 0.000015259 0.000003815 0.196168623 -0.053308098 -0.431617769
63 8.290359497 0.000002861 0 0.118298541 -0.089045869 0.07705895
64 7.875 -0.00002861 0.000001907 0.066712705 -0.103616606 0.066256907
65 19.39491272 -14.052383423 -0.467086792 0.942698688 0.138268475 -2.924455378
66 26.240753174 0.000003815 0.000007629 -0.268969585 -0.021336816 0.019350626
67 31.971000671 0.000003815 0.000003815 -0.176100281 0.095759264 -0.028933502
68 4.627235413 -2.31129837 4.185634613 -0.024611287 -0.558422955 -0.444239217
69 2.980117798 -0.000004292 -0.000007629 -0.044814452 -0.161464923 0.279695347
70 1.982421875 0.000015259 0.000015259 0 0 0.079605056
71 10.844871521 -1.281562805 -1.331679344 0.003154845 -0.01855101 -1.502721343
72 3.98828125 0 0.000037193 0.024656551 0.116612118 -1.30426207
73 2.26953125 -0.000015259 -0.000010133 0.010246566 0.020303916 -1.235445909
74 10.908851624 -1.237388611 0.829589844 0.008182385 -0.019760774 -1.502678948
75 3.989425659 -0.000015259 0.000037193 0.003562594 0.093803498 -1.240572344
76 3.478279114 0 -0.000015974 0.01062322 -0.039586617 -1.338501469
77 10.291885376 -1.202156067 -3.344136238 0.018038834 -0.023865117 -1.537453755
78 2.757148743 0 0.000027657 -0.00454994 -0.095548155 -1.291608045
79 1.775390625 -0.000007629 -0.000009537 0.198076059 0.357239486 -1.30316968
80 10.971855164 -1.19392395 2.957341194 -0.012167132 -0.015944087 -1.622309173
81 3.82421875 -0.000007629 0.000035286 -0.000576872 0.002168828 -1.309510829
82 2.94140625 -0.000007629 -0.000013351 0.003967107 0.006944486 -1.466881704
83 -0.000015259 0.000007629 0 0.329074798 0.466966283 -0.816875511
84 19.39491272 13.160593033 -0.467075348 -2.319078061 -0.250464429 -0.339450393
85 -26.240753174 -0.000003815 -0.000003815 -0.108586029 0.04952088 0.123725805
86 -31.971000671 0.000015259 0 -0.640439261 0.213481567 -0.19331895
87 -11.614601135 3.933105469 0.069384575 -1.578444876 1.529198549 -2.544968004
88 -10.484527588 1.069198608 3.539872169 -3.131584703 0.028220486 2.411526648
89 2.757156372 0.000002265 0.000026703 -0.011712134 0.035128624 1.019560794
90 1.775390625 0.000007629 -0.000023842 -0.261071927 -0.262843666 1.059935836
91 -11.046470642 1.142402649 1.529694557 -3.130487012 0.018259081 2.114134707
92 3.98828125 0 0.000038147 0.004872241 -0.009924216 1.610032301
93 2.26953125 0.000007629 0.000000954 -0.076539319 -0.095407065 1.438172442
94 -11.192642212 1.041526794 -2.758434296 -3.116629264 0.004012045 2.226905852
95 3.82421875 0.000038147 0.000051498 0.00053161 0.002187187 1.610324685
96 8.785812378 -0.000034332 0.000000954 0.08229373 0.071373082 -0.580233542
97 2.94140625 0.000007629 -0.000011444 -0.004550553 0.006091757 1.767588569
98 -11.120124817 1.091545105 -0.631118774 -3.132136147 0.020772815 2.221577138
99 3.98941803 0.000001907 0.000052452 0.021444626 0.041947477 1.751021405
100 3.478290558 0.000022888 -0.00001049 -0.001306817 0.004312204 1.848998194
101 -4.853614807 2.155082703 -4.018517494 3.123057975 0.125574955 2.46129872
102 2.980110168 -0.00000906 0.000011921 0.038574713 -0.163808097 -0.240289671
103 1.982421875 -0.000009537 0.000034332 0 0 -0.040571652
104 0.000015259 -0.000007629 -0.000003815 -0.012263148 -0.062488185 -0.890874235
105 7.08984375 0 -0.000000477 3.141592654 -0.174494806 3.141592654
106 7.528259277 8.168075562 -1.23279953 -3.136643079 0.174442134 -3.112738881
107 -54.911224365 -0.64967823 -0.176695824 1.570486209 0.07895275 0.030347038
108 -61.183189392 0.000000954 0 0.173988939 0.013650073 0.001450443
109 8.588684082 0 1.514415741 0 0 0
110 4.260505676 -21.349506378 -3.218473434 0.01997015 -0.089901424 -0.095810268
111 15.606674194 0 -0.000012398 0.000466005 -0.047569077 -0.052253434
112 15.853752136 0 -0.00000608 -0.000600238 -0.051126194 -0.108314197
113 15.151855469 0.000003815 0.000000715 -0.005631496 -0.033979737 -0.019156099
114 11.14995575 0 -0.000006676 -0.009964951 0.020914905 -0.085330345
115 1.725082397 -0.142127991 11.160655975 -1.556617431 -0.204083985 -0.042685952
116 15.606681824 -0.000001907 0 -0.001719096 -0.023917235 -0.00783485
117 15.853729248 0.000003815 0.000000119 0.001686321 -0.025593061 -0.070994676
118 15.151863098 -0.000001907 0.000000238 0.000709609 -0.016731493 -0.06415252
119 11.149963379 0 0 -0.002560314 0.005021375 0.011646444
120 6.678688049 -0.142132998 -16.932613373 1.563893491 0.032321308 3.095328116
121 -15.606689453 0.000003815 0 0.001729601 0.023571276 -0.007058096
122 -15.853752136 0.000007629 0.00000608 -0.001757694 0.027406863 -0.065210911
123 -15.151855469 -0.000003815 -0.000000238 -0.000823228 0.022514763 -0.05776686
124 -11.14994812 -0.000007629 0.000006676 0.001522511 -0.005360604 0.01164879
125 2.507644653 15.93921566 6.722552299 -1.605098319 0.176985968 -2.957939861
126 -15.606697083 0 0 0.015913515 0.062369428 0.006282655
127 -15.853752136 -0.000000954 0.000013351 0.013298483 -0.030379383 0.085807785
128 -15.151855469 -0.000001907 0.000007629 -0.010130123 -0.002099834 -0.056535123
129 -11.149963379 -0.000003815 -0.000003815 -0.011290556 0.005577179 -0.083266505
130 2.507621765 -17.075353622 6.722564697 -1.589413467 -0.15049859 -0.1914035
131 15.606674194 0 0.000003815 0.010813657 0.022258679 -0.044685212
132 15.853736877 -0.000001907 0.000003815 0.020001641 -0.074291577 0.028972694
133 15.151870728 0.000001431 0 -0.003851333 -0.031696754 -0.084046964
134 11.149963379 0.000000954 -0.000015259 -0.014149648 0.00413835 -0.037407621
135 5.893127441 15.939212799 -12.477539063 3.081129297 -0.121249906 0.144460832
136 15.606674194 0 0.000026703 0.005504896 0.047792177 -0.01895024
137 15.853744507 -0.000003815 -0.000011921 0.02318907 -0.046574809 0.061379805
138 15.151855469 0.000003815 0 0.001432703 -0.013169418 -0.060182604
139 11.149963379 0.000003815 -0.000007629 -0.005485632 -0.023208682 -0.055621793
140 5.893135071 -17.075361252 -12.477552414 1.4941793 0.077992101 2.952939081
141 -15.606658936 0 0.000007629 0.006946036 0.069495104 -0.04372411
142 -15.853729248 -0.000000954 -0.000011444 0.018843928 -0.023381472 0.03500271
143 -15.151832581 -0.000003815 -0.000007629 -0.002057079 0.001820952 -0.077188273
144 -11.149932861 -0.000003815 -0.000011444 -0.003168283 -0.005930631 -0.037886136
145 4.260475159 20.773918152 -3.218482971 0.000731672 0.090371583 -3.054695298
146 -15.606681824 0 0 0.00642893 0.046682979 0.034947148
147 -15.853736877 0.000003815 -0.000000119 -0.002297421 0.050539571 -0.063531829
148 -15.151855469 -0.000005722 0.000000238 -0.005841096 0.034192289 0.05740365
149 -11.149963379 0.000003815 0 0.001246105 -0.023187715 -0.085067806
150 7.528274536 -8.043749809 -1.232801437 0.004949575 -0.174442134 -0.028853775
151 54.911239624 0.649676323 0.176697254 1.570486209 0.07895275 0.030347038
152 61.183170319 -0.000000715 0.000000954 0.174162246 0.013649947 0.001451626
153 -0.364086866 -2.758008003 4.994803905 0 0 0.000244115
154 -0.364086866 -2.758006096 4.994803905 0 0 0.000244115
155 -0.364086866 -2.758006096 4.994803905 0 0 0.000244115
156 -0.364086866 -2.758006096 4.994803905 0 0 0.000244115
157 -0.364086866 -2.758006096 4.994803905 0 0 0.000244115
158 -0.364086866 -2.758006096 4.994803905 0 0 0.000244115
159 -0.364086866 -2.758006096 4.994803905 0 0 0.000244115
160 -0.364086866 -2.758006096 4.994803905 0 0 0.000244115
161 -0.364086866 -2.758006096 4.994803905 0 0 0.000244115
162 -0.498048782 -4.95163393 0.510848999 0 0 0.000244115
163 -0.364086866 -2.758006096 4.994803905 0 0 0.000244115
time 12
0 -0.364086866 -2.758006096 4.994803905 0 0 0.000244115
1 -0.355712891 -7.47265625 1.084960938 0 -1.570482873 -1.57071714
2 130.809036255 0 -0.000000477 0 0 0
3 6.662017822 -0.142129987 2.521339893 3.127737344 0.007078163 -0.012479103
4 24.360931396 0 0.000011921 0.056207537 0.258507421 -0.010282051
5 24.806396484 -0.00000599 0.765956879 0 -0.368320338 0
6 8.120269775 -0.000001997 0.000003815 0 0 0
7 8.120315552 -0.000000983 0.000001907 0 -0.880742373 0
8 8.120315552 -0.000000983 0.000001907 0 -1.357954675 0
9 5.115219116 7.517074585 -23.079299927 1.545164817 -0.199890564 -0.097649927
10 -13.525115967 0.000007629 -0.000003815 0.012037379 0.093489895 -0.123778441
11 -11.953063965 -0.000007629 0 0.021104376 -0.08868107 -0.008280996
12 -8.290374756 0 -0.000003815 0.08339959 -0.124407809 -0.229421818
13 -7.875 0.000032425 0.000003815 0.021891916 0.035006109 -0.102400817
14 -8.78578186 0.000034332 0.000003815 0.161225859 0.032087852 -0.080662797
15 -8.9037323 0.000001907 0 0.022479314 0.019295256 0.003669939
16 5.903457642 12.714836121 -17.693172455 1.408063604 -0.22151156 -0.14612215
17 -13.525161743 0 -0.000003815 -0.007836376 0.099379261 -0.103539357
18 -11.953033447 -0.000007629 0 0.048637103 -0.091280204 -0.018557656
19 -8.290390015 0 0 0.071145882 -0.048238259 -0.072663425
20 -7.875 0.000030518 0.000003815 0.005512233 0.048189792 -0.166354328
21 -8.785797119 0.000038147 0.000003815 0.116313205 0.141532526 -0.066480724
22 -8.903717041 0 -0.000001907 -0.029064214 0.034456111 -0.023208362
23 5.115219116 -7.603518486 -23.079322815 -1.629706464 0.226411335 -3.005103402
24 13.525115967 0.000007629 0 0.029205389 -0.050596361 -0.131485123
25 11.953033447 0 0 0.115916908 0.093924004 0.028651593
26 8.290390015 -0.000003815 0.000001907 0.140095779 0.061791997 -0.199542254
27 7.875 -0.000030518 0 0.08198872 0.060640459 -0.078604532
28 8.785766602 -0.000030518 0.000000596 0.144284139 0.011382668 -0.053273518
29 8.9037323 -0.000003815 0.000001907 -0.009647608 0.150168034 -0.017778598
30 5.903442383 -12.801283836 -17.693199158 -1.688431866 0.292312423 -2.910918493
31 13.525131226 0 0 -0.002995407 -0.000470705 -0.140725522
32 11.953063965 0.000007629 0 0.114072056 0.105587375 0.034086463
33 8.290390015 0.000007629 0 0.119031048 0.139248422 -0.018907452
34 7.875 -0.000030518 0 0.052609319 0.09653156 -0.157990127
35 8.785766602 -0.000030518 0.000000954 0.144102717 0.119281598 -0.068124095
36 8.903717041 0 0.000003815 0.002543567 0.172710947 -0.020660338
37 4.435455322 0.000127017 -25.179950714 3.100836049 0.424847192 3.113547374
38 14.171020508 0.000020742 1.280670166 -0.037246159 0.094861591 -0.081303676
39 10.9765625 0.00001812 0.352539063 0.009341056 0.113078779 -0.006041949
40 8.120300293 -0.000003576 -0.000015259 -0.002448122 0.044417905 0.033619072
41 8.120285034 -0.000001907 -0.000038147 -0.01525129 -0.040409385 0.108541121
42 8.120346069 0.000001907 -0.000022888 0.012033222 0.276482793 0.170946613
43 8.120361328 0.000001907 0.000061035 -0.02572591 0.035405633 0.079255038
44 7.146957397 16.179790497 -9.195613861 1.409522386 -0.143320013 -0.191582312
45 -13.525131226 0 0 -0.086874853 -0.089100621 -0.056759197
46 -11.953033447 -0.000013351 -0.000015259 0.066039029 -0.1055853 -0.037221313
47 -8.290390015 0.000001907 0 0.110434557 0.028398465 -0.053769876
48 -7.875 0.000030518 0 0.028776243 0.109896087 -0.144744933
49 -8.785797119 0.000041962 0 0.068947345 0.265097585 -0.154881867
50 -8.903686523 0.000001907 -0.000001907 -0.049435326 0.108065298 -0.247561309
51 7.147003174 -16.266246796 -9.19562149 -1.688621618 0.207783795 -2.890215184
52 13.525115967 0.000015259 0.000007629 -0.085249664 -0.087007106 -0.05354227
53 11.953018188 0.000011444 0 0.11075457 0.133280385 0.054709572
54 8.290390015 0 0.000003815 0.142829934 0.229090149 0.007923678
55 7.875 -0.000034332 0 0.063351396 0.194909893 -0.146235728
56 8.78578186 -0.000038147 0.000003219 0.102961857 0.273912168 -0.156833722
57 8.903717041 0 -0.000007629 0.014378636 0.196318932 -0.008125075
58 -5.36730957 8.366906166 8.703117371 1.819273107 -0.738210713 3.109618702
59 13.525115967 0.000015259 -0.000001907 -0.294796652 0.025796171 -0.029052018
60 -3.441879272 -10.792385101 9.377006531 1.760063229 -0.86827067 -3.057381216
61 13.525115967 -0.000007629 0.000003815 -0.416154232 0.136015272 -0.492393379
62 11.953048706 0.000015259 0.000003815 0.195549445 -0.049869142 -0.434693946
63 8.290359497 0.000002861 0 0.117759393 -0.084242334 0.071034276
64 7.875 -0.00002861 0.000001907 0.066187335 -0.105185114 0.067099731
65 19.39491272 -14.052383423 -0.467086792 0.94514386 0.131808394 -2.920769769
66 26.240753174 0.000003815 0.000007629 -0.267244924 -0.019913103 0.022274092
67 31.971000671 0.000003815 0.000003815 -0.173085033 0.100092828 -0.019274583
68 4.627235413 -2.31129837 4.185634613 -0.024611287 -0.558422955 -0.444239217
69 2.980117798 -0.000004292 -0.000007629 -0.044814452 -0.161464923 0.279695347
70 1.982421875 0.000015259 0.000015259 0 0 0.079605056
71 10.844871521 -1.281562805 -1.331679344 0.003154845 -0.01855101 -1.502721343
72 3.98828125 0 0.000037193 0.024656551 0.116612118 -1.30426207
73 2.26953125 -0.000015259 -0.000010133 0.010246566 0.020303916 -1.235445909
74 10.908851624 -1.237388611 0.829589844 0.008182385 -0.019760774 -1.502678948
75 3.989425659 -0.000015259 0.000037193 0.003562594 0.093803498 -1.240572344
76 3.478279114 0 -0.000015974 0.01062322 -0.039586617 -1.338501469
77 10.291885376 -1.202156067 -3.344136238 0.018038834 -0.023865117 -1.537453755
78 2.757148743 0 0.000027657 -0.00454994 -0.095548155 -1.291608045
79 1.775390625 -0.000007629 -0.000009537 0.198076059 0.357239486 -1.30316968
80 10.971855164 -1.19392395 2.957341194 -0.012167132 -0.015944087 -1.622309173
81 3.82421875 -0.000007629 0.000035286 -0.000576872 0.002168828 -1.309510829
82 2.94140625 -0.000007629 -0.000013351 0.003967107 0.006944486 -1.466881704
83 -0.000015259 0.000007629 0 0.323084935 0.493571821 -0.832987959
84 19.39491272 13.160593033 -0.467075348 -2.309488916 -0.252336212 -0.340884012
85 -26.240753174 -0.000003815 -0.000003815 -0.102309649 0.050086944 0.123919235
86 -31.971000671 0.000015259 0 -0.640439261 0.213481567 -0.19331895
87 -11.614601135 3.933105469 0.069384575 -1.578444876 1.529198549 -2.544968004
88 -10.484527588 1.069198608 3.539872169 -3.131584703 0.028220486 2.411526648
89 2.757156372 0.000002265 0.000026703 -0.011712134 0.035128624 1.019560794
90 1.775390625 0.000007629 -0.000023842 -0.261071927 -0.262843666 1.059935836
91 -11.046470642 1.142402649 1.529694557 -3.130487012 0.018259081 2.114134707
92 3.98828125 0 0.000038147 0.004872241 -0.009924216 1.610032301
93 2.26953125 0.000007629 0.000000954 -0.076539319 -0.095407065 1.438172442
94 -11.192642212 1.041526794 -2.758434296 -3.116629264 0.004012045 2.226905852
95 3.82421875 0.000038147 0.000051498 0.00053161 0.002187187 1.610324685
96 8.785812378 -0.000034332 0.000000954 0.08229373 0.071373082 -0.580233542
97 2.94140625 0.000007629 -0.000011444 -0.004550553 0.006091757 1.767588569
98 -11.120124817 1.091545105 -0.631118774 -3.132136147 0.020772815 2.221577138
99 3.98941803 0.000001907 0.000052452 0.021444626 0.041947477 1.751021405
100 3.478290558 0.000022888 -0.00001049 -0.001306817 0.004312204 1.848998194
101 -4.853614807 2.155082703 -4.018517494 3.123057975 0.125574955 2.46129872
102 2.980110168 -0.00000906 0.000011921 0.038574713 -0.163808097 -0.240289671
103 1.982421875 -0.000009537 0.000034332 0 0 -0.040571652
104 0.000015259 -0.000007629 -0.000003815 -0.01148825 -0.067193363 -0.886637113
105 7.08984375 0 -0.000000477 3.141592654 -0.174494806 3.141592654
106 7.528259277 8.168075562 -1.23279953 -3.136643079 0.174442134 -3.112738881
107 -54.911224365 -0.64967823 -0.176695824 1.570486209 0.07895275 0.030347038
108 -61.183189392 0.000000954 0 0.173988939 0.013650073 0.001450443
109 8.588684082 0 1.514415741 0 0 0
110 4.260505676 -21.349506378 -3.218473434 0.020511191 -0.077590431 -0.096116313
111 15.606674194 0 -0.000012398 0.000538388 -0.050417434 -0.052171376
112 15.853752136 0 -0.00000608 0.000463895 -0.058159111 -0.108007539
113 15.151855469 0.000003815 0.000000715 -0.004987947 -0.048994706 -0.018441778
114 11.14995575 0 -0.000006676 -0.011401082 0.023959954 -0.086142137
115 1.725082397 -0.142127991 11.160655975 -1.554576949 -0.198237305 -0.048970475
116 15.606681824 -0.000001907 0 -0.002231064 -0.02547307 -0.007827069
117 15.853729248 0.000003815 0.000000119 0.00158593 -0.029137575 -0.073243852
118 15.151863098 -0.000001907 0.000000238 0.000986881 -0.02440846 -0.073748749
119 11.149963379 0 0 -0.002891941 0.005718785 0.015011061
120 6.678688049 -0.142132998 -16.932613373 1.562925434 0.025500519 3.089540909
121 -15.606689453 0.000003815 0 0.002311562 0.024524756 -0.008604009
122 -15.853752136 0.000007629 0.00000608 -0.001561325 0.030176096 -0.069098569
123 -15.151855469 -0.000003815 -0.000000238 -0.001143543 0.029413364 -0.065981911
124 -11.14994812 -0.000007629 0.000006676 0.001765956 -0.00622825 0.015013833
125 2.507644653 15.93921566 6.722552299 -1.606644817 0.170857624 -2.953090425
126 -15.606697083 0 0 0.017349825 0.063387875 0.007890984
127 -15.853752136 -0.000000954 0.000013351 0.014561982 -0.027704177 0.090300184
128 -15.151855469 -0.000001907 0.000007629 -0.009928774 0.003743544 -0.045943775
129 -11.149963379 -0.000003815 -0.000003815 -0.011596062 0.006409282 -0.086641819
130 2.507621765 -17.075353622 6.722564697 -1.588732771 -0.144874128 -0.19749098
131 15.606674194 0 0.000003815 0.011020697 0.020794502 -0.04451796
132 15.853736877 -0.000001907 0.000003815 0.019948325 -0.077724337 0.026868831
133 15.151870728 0.000001431 0 -0.003533628 -0.03905252 -0.093377657
134 11.149963379 0.000000954 -0.000015259 -0.014929937 0.004752411 -0.034133288
135 5.893127441 15.939212799 -12.477539063 3.083291889 -0.120367774 0.144208634
136 15.606674194 0 0.000026703 0.003949566 0.04803628 -0.018900606
137 15.853744507 -0.000003815 -0.000011921 0.022168494 -0.04602524 0.061408921
138 15.151855469 0.000003815 0 0.001231583 -0.012138994 -0.06061223
139 11.149963379 0.000003815 -0.000007629 -0.004968717 -0.026560483 -0.055016083
140 5.893135071 -17.075361252 -12.477552414 1.493869411 0.070753709 2.946967879
141 -15.606658936 0 0.000007629 0.006943469 0.071056695 -0.045275057
142 -15.853729248 -0.000000954 -0.000011444 0.018945878 -0.019719089 0.031064046
143 -15.151832581 -0.000003815 -0.000007629 -0.002397861 0.009573539 -0.085751312
144 -11.149932861 -0.000003815 -0.000011444 -0.002386332 -0.006775027 -0.034606882
145 4.260475159 20.773918152 -3.218482971 -0.000929473 0.0783365 -3.055046263
146 -15.606681824 0 0 0.007598543 0.049426175 0.034899746
147 -15.853736877 0.000003815 -0.000000119 -0.001912693 0.057376747 -0.063620896
148 -15.151855469 -0.000005722 0.000000238 -0.00531944 0.049034546 0.057813811
149 -11.149963379 0.000003815 0 0.001399688 -0.02655074 -0.085851355
150 7.528274536 -8.043749809 -1.232801437 0.004949575 -0.174442134 -0.028853775
151 54.911239624 0.649676323 0.176697254 1.570486209 0.07895275 0.030347038
152 61.183170319 -0.000000715 0.000000954 0.174162246 0.013649947 0.001451626
153 -0.364086866 -2.758008003 4.994803905 0 0 0.000244115
154 -0.364086866 -2.758006096 4.994803905 0 0 0.000244115
155 -0.364086866 -2.758006096 4.994803905 0 0 0.000244115
156 -0.364086866 -2.758006096 4.994803905 0 0 0.000244115
157 -0.364086866 -2.758006096 4.994803905 0 0 0.000244115
158 -0.364086866 -2.758006096 4.994803905 0 0 0.000244115
159 -0.364086866 -2.758006096 4.994803905 0 0 0.000244115
160 -0.364086866 -2.758006096 4.994803905 0 0 0.000244115
161 -0.364086866 -2.758006096 4.994803905 0 0 0.000244115
162 -0.498048782 -4.95163393 0.510848999 0 0 0.000244115
163 -0.364086866 -2.758006096 4.994803905 0 0 0.000244115
time 13
0 -0.364086866 -2.758006096 4.994803905 0 0 0.000244115
1 -0.355712891 -7.47265625 1.084960938 0 -1.570482873 -1.57071714
2 130.809036255 0 -0.000000477 0 0 0
3 6.662017822 -0.142129987 2.521339893 3.125834166 0.007319809 -0.013178411
4 24.360931396 0 0.000011921 0.058542991 0.263272872 -0.011671709
5 24.806396484 -0.00000599 0.765956879 0 -0.368320338 0
6 8.120269775 -0.000001997 0.000003815 0 0 0
7 8.120315552 -0.000000983 0.000001907 0 -0.880742373 0
8 8.120315552 -0.000000983 0.000001907 0 -1.357954675 0
9 5.115219116 7.517074585 -23.079299927 1.547514645 -0.195732971 -0.102149875
10 -13.525115967 0.000007629 -0.000003815 0.010872475 0.099980372 -0.121738541
11 -11.953063965 -0.000007629 0 0.019818212 -0.082213201 0.001258309
12 -8.290374756 0 -0.000003815 0.084042113 -0.131442937 -0.225543874
13 -7.875 0.000032425 0.000003815 0.022635729 0.027255692 -0.108867191
14 -8.78578186 0.000034332 0.000003815 0.160894455 0.032265901 -0.092616625
15 -8.9037323 0.000001907 0 0.022020966 0.018117114 0.000976422
16 5.903457642 12.714836121 -17.693172455 1.410585069 -0.216502398 -0.150457875
17 -13.525161743 0 -0.000003815 -0.008679106 0.104188353 -0.099980083
18 -11.953033447 -0.000007629 0 0.047299928 -0.086639395 -0.006803894
19 -8.290390015 0 0 0.071097466 -0.052995986 -0.067648649
20 -7.875 0.000030518 0.000003815 0.005949244 0.041855885 -0.174929376
21 -8.785797119 0.000038147 0.000003815 0.115104739 0.141275007 -0.081672613
22 -8.903717041 0 -0.000001907 -0.029281311 0.034067174 -0.026055746
23 5.115219116 -7.603518486 -23.079322815 -1.631201627 0.224130834 -3.007991224
24 13.525115967 0.000007629 0 0.030867361 -0.057996234 -0.133041076
25 11.953033447 0 0 0.116972991 0.089572688 0.036321358
26 8.290390015 -0.000003815 0.000001907 0.138940422 0.072864656 -0.193180085
27 7.875 -0.000030518 0 0.081181434 0.067364356 -0.085024657
28 8.785766602 -0.000030518 0.000000596 0.145223697 0.002403134 -0.063965933
29 8.9037323 -0.000003815 0.000001907 -0.009230765 0.149209064 -0.020425584
30 5.903442383 -12.801283836 -17.693199158 -1.689684689 0.290634984 -2.912953372
31 13.525131226 0 0 -0.00158955 -0.006777874 -0.143577208
32 11.953063965 0.000007629 0 0.115023208 0.101833811 0.040498483
33 8.290390015 0.000007629 0 0.119557274 0.150107171 -0.007648614
34 7.875 -0.000030518 0 0.052154732 0.10375108 -0.16279622
35 8.785766602 -0.000030518 0.000000954 0.144971429 0.110619684 -0.082913738
36 8.903717041 0 0.000003815 0.003545819 0.172121778 -0.023173395
37 4.435455322 0.000127017 -25.179950714 3.098555062 0.424589758 3.110323082
38 14.171020508 0.000020742 1.280670166 -0.036440163 0.094670152 -0.079098597
39 10.9765625 0.00001812 0.352539063 0.010120816 0.112492358 -0.009113086
40 8.120300293 -0.000003576 -0.000015259 -0.002390697 0.043103286 0.021274077
41 8.120285034 -0.000001907 -0.000038147 -0.015066581 -0.043023196 0.093604279
42 8.120346069 0.000001907 -0.000022888 0.007278504 0.274605063 0.169991767
43 8.120361328 0.000001907 0.000061035 -0.025174545 0.038240469 0.079662947
44 7.146957397 16.179790497 -9.195613861 1.4117054 -0.137174418 -0.195070474
45 -13.525131226 0 0 -0.086931535 -0.086593321 -0.05288291
46 -11.953033447 -0.000013351 -0.000015259 0.065334495 -0.10310989 -0.023003231
47 -8.290390015 0.000001907 0 0.110989242 0.026825575 -0.047017165
48 -7.875 0.000030518 0 0.028971827 0.10585126 -0.15492049
49 -8.785797119 0.000041962 0 0.066847211 0.262111725 -0.174200078
50 -8.903686523 0.000001907 -0.000001907 -0.049573569 0.10782054 -0.250523881
51 7.147003174 -16.266246796 -9.19562149 -1.689430104 0.205168189 -2.891908281
52 13.525115967 0.000015259 0.000007629 -0.083687402 -0.092111706 -0.056602193
53 11.953018188 0.000011444 0 0.111997014 0.128040116 0.062897108
54 8.290390015 0 0.000003815 0.144711338 0.23700643 0.022836869
55 7.875 -0.000034332 0 0.063091028 0.203992109 -0.152048523
56 8.78578186 -0.000038147 0.000003219 0.103527036 0.267818954 -0.177324987
57 8.903717041 0 -0.000007629 0.016081902 0.19617139 -0.010213703
58 -5.36730957 8.366906166 8.703117371 1.819425156 -0.739363331 3.109276694
59 13.525115967 0.000015259 -0.000001907 -0.294796652 0.025796171 -0.029052018
60 -3.441879272 -10.792385101 9.377006531 1.761043202 -0.869268594 -3.058247346
61 13.525115967 -0.000007629 0.000003815 -0.414630983 0.135216927 -0.491302127
62 11.953048706 0.000015259 0.000003815 0.195197618 -0.046931726 -0.437482773
63 8.290359497 0.000002861 0 0.117204866 -0.079260937 0.06484726
64 7.875 -0.00002861 0.000001907 0.065739571 -0.10594204 0.066926179
65 19.39491272 -14.052383423 -0.467086792 0.946579385 0.125214112 -2.915530026
66 26.240753174 0.000003815 0.000007629 -0.265694629 -0.018651967 0.025310109
67 31.971000671 0.000003815 0.000003815 -0.170014607 0.104163699 -0.009317774
68 4.627235413 -2.31129837 4.185634613 -0.024611287 -0.558422955 -0.444239217
69 2.980117798 -0.000004292 -0.000007629 -0.044814452 -0.161464923 0.279695347
70 1.982421875 0.000015259 0.000015259 0 0 0.079605056
71 10.844871521 -1.281562805 -1.331679344 0.003154845 -0.01855101 -1.502721343
72 3.98828125 0 0.000037193 0.024656551 0.116612118 -1.30426207
73 2.26953125 -0.000015259 -0.000010133 0.010246566 0.020303916 -1.235445909
74 10.908851624 -1.237388611 0.829589844 0.008182385 -0.019760774 -1.502678948
75 3.989425659 -0.000015259 0.000037193 0.003562594 0.093803498 -1.240572344
76 3.478279114 0 -0.000015974 0.01062322 -0.039586617 -1.338501469
77 10.291885376 -1.202156067 -3.344136238 0.018038834 -0.023865117 -1.537453755
78 2.757148743 0 0.000027657 -0.00454994 -0.095548155 -1.291608045
79 1.775390625 -0.000007629 -0.000009537 0.198076059 0.357239486 -1.30316968
80 10.971855164 -1.19392395 2.957341194 -0.012167132 -0.015944087 -1.622309173
81 3.82421875 -0.000007629 0.000035286 -0.000576872 0.002168828 -1.309510829
82 2.94140625 -0.000007629 -0.000013351 0.003967107 0.006944486 -1.466881704
83 -0.000015259 0.000007629 0 0.318336445 0.514230178 -0.845590458
84 19.39491272 13.160593033 -0.467075348 -2.300171932 -0.254132322 -0.342352094
85 -26.240753174 -0.000003815 -0.000003815 -0.095947627 0.050646975 0.124119625
86 -31.971000671 0.000015259 0 -0.640439261 0.213481567 -0.19331895
87 -11.614601135 3.933105469 0.069384575 -1.578444876 1.529198549 -2.544968004
88 -10.484527588 1.069198608 3.539872169 -3.131584703 0.028220486 2.411526648
89 2.757156372 0.000002265 0.000026703 -0.011712134 0.035128624 1.019560794
90 1.775390625 0.000007629 -0.000023842 -0.261071927 -0.262843666 1.059935836
91 -11.046470642 1.142402649 1.529694557 -3.130487012 0.018259081 2.114134707
92 3.98828125 0 0.000038147 0.004872241 -0.009924216 1.610032301
93 2.26953125 0.000007629 0.000000954 -0.076539319 -0.095407065 1.438172442
94 -11.192642212 1.041526794 -2.758434296 -3.116629264 0.004012045 2.226905852
95 3.82421875 0.000038147 0.000051498 0.00053161 0.002187187 1.610324685
96 8.785812378 -0.000034332 0.000000954 0.08229373 0.071373082 -0.580233542
97 2.94140625 0.000007629 -0.000011444 -0.004550553 0.006091757 1.767588569
98 -11.120124817 1.091545105 -0.631118774 -3.132136147 0.020772815 2.221577138
99 3.98941803 0.000001907 0.000052452 0.021444626 0.041947477 1.751021405
100 3.478290558 0.000022888 -0.00001049 -0.001306817 0.004312204 1.848998194
101 -4.853614807 2.155082703 -4.018517494 3.123057975 0.125574955 2.46129872
102 2.980110168 -0.00000906 0.000011921 0.038574713 -0.163808097 -0.240289671
103 1.982421875 -0.000009537 0.000034332 0 0 -0.040571652
104 0.000015259 -0.000007629 -0.000003815 -0.010617733 -0.071943733 -0.882416318
105 7.08984375 0 -0.000000477 3.141592654 -0.174494806 3.141592654
106 7.528259277 8.168075562 -1.23279953 -3.136643079 0.174442134 -3.112738881
107 -54.911224365 -0.64967823 -0.176695824 1.570486209 0.07895275 0.030347038
108 -61.183189392 0.000000954 0 0.173988939 0.013650073 0.001450443
109 8.588684082 0 1.514415741 0 0 0
110 4.260505676 -21.349506378 -3.218473434 0.02103619 -0.065023406 -0.096415548
111 15.606674194 0 -0.000012398 0.000592504 -0.052661703 -0.052002161
112 15.853752136 0 -0.00000608 0.001479753 -0.064330721 -0.107705953
113 15.151855469 0.000003815 0.000000715 -0.00427323 -0.063148753 -0.017828148
114 11.14995575 0 -0.000006676 -0.012839834 0.027003902 -0.086958629
115 1.725082397 -0.142127991 11.160655975 -1.552489225 -0.192562284 -0.055431065
116 15.606681824 -0.000001907 0 -0.00283567 -0.026597147 -0.007472533
117 15.853729248 0.000003815 0.000000119 0.001383002 -0.032341105 -0.074799882
118 15.151863098 -0.000001907 0.000000238 0.001287745 -0.031566997 -0.081536068
119 11.149963379 0 0 -0.003306472 0.006504574 0.018461415
120 6.678688049 -0.142132998 -16.932613373 1.561915507 0.018611597 3.08382072
121 -15.606689453 0.000003815 0 0.002811388 0.025219267 -0.009805487
122 -15.853752136 0.000007629 0.00000608 -0.001440958 0.032598383 -0.072468718
123 -15.151855469 -0.000003815 -0.000000238 -0.001490538 0.035706363 -0.07376959
124 -11.14994812 -0.000007629 0.000006676 0.002006976 -0.007010502 0.018465133
125 2.507644653 15.93921566 6.722552299 -1.608186783 0.164616652 -2.948106213
126 -15.606697083 0 0 0.01860295 0.064235424 0.009147869
127 -15.853752136 -0.000000954 0.000013351 0.016002463 -0.025382428 0.094100327
128 -15.151855469 -0.000001907 0.000007629 -0.009491563 0.009237924 -0.036299654
129 -11.149963379 -0.000003815 -0.000003815 -0.011990644 0.007236484 -0.090017986
130 2.507621765 -17.075353622 6.722564697 -1.588012108 -0.139486517 -0.203577897
131 15.606674194 0 0.000003815 0.011309581 0.019675457 -0.04400301
132 15.853736877 -0.000001907 0.000003815 0.019875888 -0.080733366 0.025547346
133 15.151870728 0.000001431 0 -0.003297364 -0.045976711 -0.100898149
134 11.149963379 0.000000954 -0.000015259 -0.015709356 0.00545602 -0.030773889
135 5.893127441 15.939212799 -12.477539063 3.085447372 -0.119571471 0.143961803
136 15.606674194 0 0.000026703 0.002568628 0.048109439 -0.018847335
137 15.853744507 -0.000003815 -0.000011921 0.021144715 -0.045647333 0.06134949
138 15.151855469 0.000003815 0 0.000943263 -0.011111335 -0.060955244
139 11.149963379 0.000003815 -0.000007629 -0.004455089 -0.029912483 -0.054325833
140 5.893135071 -17.075361252 -12.477552414 1.493769628 0.063468425 2.940944003
141 -15.606658936 0 0.000007629 0.006874538 0.07218341 -0.046484094
142 -15.853729248 -0.000000954 -0.000011444 0.019024651 -0.016406635 0.027641007
143 -15.151832581 -0.000003815 -0.000007629 -0.002865928 0.016888916 -0.093715563
144 -11.149932861 -0.000003815 -0.000011444 -0.00152052 -0.007620716 -0.031415032
145 4.260475159 20.773918152 -3.218482971 -0.002509657 0.066041181 -3.055371242
146 -15.606681824 0 0 0.008667383 0.051480761 0.034763333
147 -15.853736877 0.000003815 -0.000000119 -0.001500859 0.063351455 -0.063705691
148 -15.151855469 -0.000005722 0.000000238 -0.00474054 0.06284049 0.0580656
149 -11.149963379 0.000003815 0 0.001555929 -0.029913723 -0.086635751
150 7.528274536 -8.043749809 -1.232801437 0.004949575 -0.174442134 -0.028853775
151 54.911239624 0.649676323 0.176697254 1.570486209 0.07895275 0.030347038
152 61.183170319 -0.000000715 0.000000954 0.174162246 0.013649947 0.001451626
153 -0.364086866 -2.758008003 4.994803905 0 0 0.000244115
154 -0.364086866 -2.758006096 4.994803905 0 0 0.000244115
155 -0.364086866 -2.758006096 4.994803905 0 0 0.000244115
156 -0.364086866 -2.758006096 4.994803905 0 0 0.000244115
157 -0.364086866 -2.758006096 4.994803905 0 0 0.000244115
158 -0.364086866 -2.758006096 4.994803905 0 0 0.000244115
159 -0.364086866 -2.758006096 4.994803905 0 0 0.000244115
160 -0.364086866 -2.758006096 4.994803905 0 0 0.000244115
161 -0.364086866 -2.758006096 4.994803905 0 0 0.000244115
162 -0.498048782 -4.95163393 0.510848999 0 0 0.000244115
163 -0.364086866 -2.758006096 4.994803905 0 0 0.000244115
time 14
0 -0.364086866 -2.758006096 4.994803905 0 0 0.000244115
1 -0.355712891 -7.47265625 1.084960938 0 -1.570482873 -1.57071714
2 130.809036255 0 -0.000000477 0 0 0
3 6.662017822 -0.142129987 2.521339893 3.123844534 0.007647376 -0.013706653
4 24.360931396 0 0.000011921 0.060685893 0.268219155 -0.013159093
5 24.806396484 -0.00000599 0.765956879 0 -0.368320338 0
6 8.120269775 -0.000001997 0.000003815 0 0 0
7 8.120315552 -0.000000983 0.000001907 0 -0.880742373 0
8 8.120315552 -0.000000983 0.000001907 0 -1.357954675 0
9 5.115219116 7.517074585 -23.079299927 1.550058785 -0.191563198 -0.107149054
10 -13.525115967 0.000007629 -0.000003815 0.009902856 0.105711633 -0.120390771
11 -11.953063965 -0.000007629 0 0.01851167 -0.074440877 0.010885669
12 -8.290374756 0 -0.000003815 0.084428821 -0.13724199 -0.220459357
13 -7.875 0.000032425 0.000003815 0.023495948 0.018468793 -0.11466026
14 -8.78578186 0.000034332 0.000003815 0.160535123 0.031261527 -0.105015036
15 -8.9037323 0.000001907 0 0.021840392 0.017781367 0.000107864
16 5.903457642 12.714836121 -17.693172455 1.413282581 -0.211557767 -0.15510162
17 -13.525161743 0 -0.000003815 -0.00926283 0.108405478 -0.097271855
18 -11.953033447 -0.000007629 0 0.045927046 -0.080954081 0.005138911
19 -8.290390015 0 0 0.070865787 -0.056770673 -0.061209492
20 -7.875 0.000030518 0.000003815 0.006515882 0.034837175 -0.182816356
21 -8.785797119 0.000038147 0.000003815 0.113987545 0.140015722 -0.097609879
22 -8.903717041 0 -0.000001907 -0.029384097 0.033964522 -0.027092134
23 5.115219116 -7.603518486 -23.079322815 -1.632969299 0.22209218 -3.011402735
24 13.525115967 0.000007629 0 0.032244474 -0.064718357 -0.134849328
25 11.953033447 0 0 0.118013166 0.083702062 0.043201817
26 8.290390015 -0.000003815 0.000001907 0.13803945 0.083289401 -0.185912604
27 7.875 -0.000030518 0 0.080187644 0.075870425 -0.090872306
28 8.785766602 -0.000030518 0.000000596 0.146142552 -0.005485927 -0.075283108
29 8.9037323 -0.000003815 0.000001907 -0.009037238 0.148861232 -0.021361454
30 5.903442383 -12.801283836 -17.693199158 -1.691147018 0.289446222 -2.91540925
31 13.525131226 0 0 -0.000295387 -0.012484803 -0.146525249
32 11.953063965 0.000007629 0 0.115865874 0.096928261 0.045793994
33 8.290390015 0.000007629 0 0.12033668 0.160245586 0.004121957
34 7.875 -0.000030518 0 0.051521919 0.112647774 -0.166109207
35 8.785766602 -0.000030518 0.000000954 0.145905824 0.103217362 -0.098052973
36 8.903717041 0 0.000003815 0.003901442 0.171955398 -0.024095956
37 4.435455322 0.000127017 -25.179950714 3.096219833 0.424417383 3.107262038
38 14.171020508 0.000020742 1.280670166 -0.035700106 0.094569341 -0.076379853
39 10.9765625 0.00001812 0.352539063 0.011003963 0.111985133 -0.010362863
40 8.120300293 -0.000003576 -0.000015259 -0.002023707 0.041791653 0.010577041
41 8.120285034 -0.000001907 -0.000038147 -0.01479956 -0.045476021 0.077026558
42 8.120346069 0.000001907 -0.000022888 0.001842116 0.272630089 0.162832664
43 8.120361328 0.000001907 0.000061035 -0.025044064 0.039274293 0.079826049
44 7.146957397 16.179790497 -9.195613861 1.413908628 -0.130973233 -0.198735977
45 -13.525131226 0 0 -0.086660772 -0.084477525 -0.050215421
46 -11.953033447 -0.000013351 -0.000015259 0.064748042 -0.100200617 -0.008695387
47 -8.290390015 0.000001907 0 0.111542362 0.025928636 -0.038498783
48 -7.875 0.000030518 0 0.029367224 0.101630206 -0.163963673
49 -8.785797119 0.000041962 0 0.064991477 0.258366215 -0.194029397
50 -8.903686523 0.000001907 -0.000001907 -0.049630086 0.107794619 -0.251571966
51 7.147003174 -16.266246796 -9.19562149 -1.690528712 0.203006455 -2.893832949
52 13.525115967 0.000015259 0.000007629 -0.08237262 -0.096626634 -0.059942509
53 11.953018188 0.000011444 0 0.113090871 0.122084865 0.069812661
54 8.290390015 0 0.000003815 0.146788958 0.24389962 0.03851294
55 7.875 -0.000034332 0 0.062817693 0.214220401 -0.155844456
56 8.78578186 -0.000038147 0.000003219 0.104163773 0.263260201 -0.197931337
57 8.903717041 0 -0.000007629 0.016705353 0.196094722 -0.010933624
58 -5.36730957 8.366906166 8.703117371 1.819250047 -0.740593436 3.109117705
59 13.525115967 0.000015259 -0.000001907 -0.294796652 0.025796171 -0.029052018
60 -3.441879272 -10.792385101 9.377006531 1.761676798 -0.869927896 -3.058861188
61 13.525115967 -0.000007629 0.000003815 -0.413243152 0.134558835 -0.490260788
62 11.953048706 0.000015259 0.000003815 0.194925453 -0.044457198 -0.439881149
63 8.290359497 0.000002861 0 0.116708098 -0.074286907 0.058657588
64 7.875 -0.00002861 0.000001907 0.065278607 -0.106057871 0.065735023
65 19.39491272 -14.052383423 -0.467086792 0.9468543 0.11850771 -2.909124101
66 26.240753174 0.000003815 0.000007629 -0.264317752 -0.017575619 0.028286834
67 31.971000671 0.000003815 0.000003815 -0.166904288 0.10786246 0.000684297
68 4.627235413 -2.31129837 4.185634613 -0.024611287 -0.558422955 -0.444239217
69 2.980117798 -0.000004292 -0.000007629 -0.044814452 -0.161464923 0.279695347
70 1.982421875 0.000015259 0.000015259 0 0 0.079605056
71 10.844871521 -1.281562805 -1.331679344 0.003154845 -0.01855101 -1.502721343
72 3.98828125 0 0.000037193 0.024656551 0.116612118 -1.30426207
73 2.26953125 -0.000015259 -0.000010133 0.010246566 0.020303916 -1.235445909
74 10.908851624 -1.237388611 0.829589844 0.008182385 -0.019760774 -1.502678948
75 3.989425659 -0.000015259 0.000037193 0.003562594 0.093803498 -1.240572344
76 3.478279114 0 -0.000015974 0.01062322 -0.039586617 -1.338501469
77 10.291885376 -1.202156067 -3.344136238 0.018038834 -0.023865117 -1.537453755
78 2.757148743 0 0.000027657 -0.00454994 -0.095548155 -1.291608045
79 1.775390625 -0.000007629 -0.000009537 0.198076059 0.357239486 -1.30316968
80 10.971855164 -1.19392395 2.957341194 -0.012167132 -0.015944087 -1.622309173
81 3.82421875 -0.000007629 0.000035286 -0.000576872 0.002168828 -1.309510829
82 2.94140625 -0.000007629 -0.000013351 0.003967107 0.006944486 -1.466881704
83 -0.000015259 0.000007629 0 0.315350914 0.527686411 -0.853743335
84 19.39491272 13.160593033 -0.467075348 -2.291215807 -0.255832869 -0.343920785
85 -26.240753174 -0.000003815 -0.000003815 -0.089507314 0.05111096 0.124244141
86 -31.971000671 0.000015259 0 -0.640439261 0.213481567 -0.19331895
87 -11.614601135 3.933105469 0.069384575 -1.578444876 1.529198549 -2.544968004
88 -10.484527588 1.069198608 3.539872169 -3.131584703 0.028220486 2.411526648
89 2.757156372 0.000002265 0.000026703 -0.011712134 0.035128624 1.019560794
90 1.775390625 0.000007629 -0.000023842 -0.261071927 -0.262843666 1.059935836
91 -11.046470642 1.142402649 1.529694557 -3.130487012 0.018259081 2.114134707
92 3.98828125 0 0.000038147 0.004872241 -0.009924216 1.610032301
93 2.26953125 0.000007629 0.000000954 -0.076539319 -0.095407065 1.438172442
94 -11.192642212 1.041526794 -2.758434296 -3.116629264 0.004012045 2.226905852
95 3.82421875 0.000038147 0.000051498 0.00053161 0.002187187 1.610324685
96 8.785812378 -0.000034332 0.000000954 0.08229373 0.071373082 -0.580233542
97 2.94140625 0.000007629 -0.000011444 -0.004550553 0.006091757 1.767588569
98 -11.120124817 1.091545105 -0.631118774 -3.132136147 0.020772815 2.221577138
99 3.98941803 0.000001907 0.000052452 0.021444626 0.041947477 1.751021405
100 3.478290558 0.000022888 -0.00001049 -0.001306817 0.004312204 1.848998194
101 -4.853614807 2.155082703 -4.018517494 3.123057975 0.125574955 2.46129872
102 2.980110168 -0.00000906 0.000011921 0.038574713 -0.163808097 -0.240289671
103 1.982421875 -0.000009537 0.000034332 0 0 -0.040571652
104 0.000015259 -0.000007629 -0.000003815 -0.009737296 -0.07677579 -0.8780193
105 7.08984375 0 -0.000000477 3.141592654 -0.174494806 3.141592654
106 7.528259277 8.168075562 -1.23279953 -3.136643079 0.174442134 -3.112738881
107 -54.911224365 -0.64967823 -0.176695824 1.570486209 0.07895275 0.030347038
108 -61.183189392 0.000000954 0 0.173988939 0.013650073 0.001450443
109 8.588684082 0 1.514415741 0 0 0
110 4.260505676 -21.349506378 -3.218473434 0.021648508 -0.052540829 -0.096715216
111 15.606674194 0 -0.000012398 0.000630652 -0.05421546 -0.051918358
112 15.853752136 0 -0.00000608 0.002532375 -0.069549818 -0.107496426
113 15.151855469 0.000003815 0.000000715 -0.003579537 -0.076183358 -0.017139706
114 11.14995575 0 -0.000006676 -0.014281238 0.030046748 -0.087779834
115 1.725082397 -0.142127991 11.160655975 -1.55037785 -0.187121977 -0.061760058
116 15.606681824 -0.000001907 0 -0.003357635 -0.027461453 -0.006946234
117 15.853729248 0.000003815 0.000000119 0.001240954 -0.03502453 -0.075751234
118 15.151863098 -0.000001907 0.000000238 0.001679585 -0.038203763 -0.087860492
119 11.149963379 0 0 -0.003633555 0.007204237 0.021739337
120 6.678688049 -0.142132998 -16.932613373 1.560982015 0.011779917 3.078167895
121 -15.606689453 0.000003815 0 0.003403027 0.025568991 -0.010660709
122 -15.853752136 0.000007629 0.00000608 -0.001300155 0.034503936 -0.075319638
123 -15.151855469 -0.000003815 -0.000000238 -0.001846027 0.041307819 -0.080956281
124 -11.14994812 -0.000007629 0.000006676 0.002245976 -0.007793409 0.021743674
125 2.507644653 15.93921566 6.722552299 -1.60984482 0.158454559 -2.943182977
126 -15.606697083 0 0 0.019671098 0.064740324 0.010050946
127 -15.853752136 -0.000000954 0.000013351 0.017356787 -0.023400956 0.097211037
128 -15.151855469 -0.000001907 0.000007629 -0.009003855 0.014378599 -0.027601636
129 -11.149963379 -0.000003815 -0.000003815 -0.012301483 0.008066929 -0.093308012
130 2.507621765 -17.075353622 6.722564697 -1.587250951 -0.134335249 -0.20966438
131 15.606674194 0 0.000003815 0.011418612 0.018897218 -0.043401827
132 15.853736877 -0.000001907 0.000003815 0.019787119 -0.083316787 0.024835488
133 15.151870728 0.000001431 0 -0.002986871 -0.052462046 -0.106869617
134 11.149963379 0.000000954 -0.000015259 -0.016398958 0.006077136 -0.027414139
135 5.893127441 15.939212799 -12.477539063 3.087608902 -0.11868858 0.143713801
136 15.606674194 0 0.000026703 0.001273268 0.048269844 -0.018792077
137 15.853744507 -0.000003815 -0.000011921 0.020030675 -0.045268586 0.061464481
138 15.151855469 0.000003815 0 0.000570081 -0.01017275 -0.061125459
139 11.149963379 0.000003815 -0.000007629 -0.003943732 -0.033264927 -0.053637398
140 5.893135071 -17.075361252 -12.477552414 1.493528987 0.056101415 2.93485506
141 -15.606658936 0 0.000007629 0.006909483 0.07305191 -0.04734456
142 -15.853729248 -0.000000954 -0.000011444 0.019081399 -0.013703124 0.024730833
143 -15.151832581 -0.000003815 -0.000007629 -0.003441809 0.023593851 -0.101167781
144 -11.149932861 -0.000003815 -0.000011444 -0.000744085 -0.008470373 -0.028137289
145 4.260475159 20.773918152 -3.218482971 -0.004078649 0.05383435 -3.055586701
146 -15.606681824 0 0 0.009554932 0.052933805 0.034707494
147 -15.853736877 0.000003815 -0.000000119 -0.001061959 0.068377162 -0.063872538
148 -15.151855469 -0.000005722 0.000000238 -0.004023984 0.075521458 0.058161722
149 -11.149963379 0.000003815 0 0.001801105 -0.033272897 -0.087422441
150 7.528274536 -8.043749809 -1.232801437 0.004949575 -0.174442134 -0.028853775
151 54.911239624 0.649676323 0.176697254 1.570486209 0.07895275 0.030347038
152 61.183170319 -0.000000715 0.000000954 0.174162246 0.013649947 0.001451626
153 -0.364086866 -2.758008003 4.994803905 0 0 0.000244115
154 -0.364086866 -2.758006096 4.994803905 0 0 0.000244115
155 -0.364086866 -2.758006096 4.994803905 0 0 0.000244115
156 -0.364086866 -2.758006096 4.994803905 0 0 0.000244115
157 -0.364086866 -2.758006096 4.994803905 0 0 0.000244115
158 -0.364086866 -2.758006096 4.994803905 0 0 0.000244115
159 -0.364086866 -2.758006096 4.994803905 0 0 0.000244115
160 -0.364086866 -2.758006096 4.994803905 0 0 0.000244115
161 -0.364086866 -2.758006096 4.994803905 0 0 0.000244115
162 -0.498048782 -4.95163393 0.510848999 0 0 0.000244115
163 -0.364086866 -2.758006096 4.994803905 0 0 0.000244115
time 15
0 -0.364086866 -2.758006096 4.994803905 0 0 0.000244115
1 -0.355712891 -7.47265625 1.084960938 0 -1.570482873 -1.57071714
2 130.809036255 0 -0.000000477 0 0 0
3 6.662017822 -0.142129987 2.521339893 3.121941649 0.007888203 -0.014234365
4 24.360931396 0 0.000011921 0.062481394 0.273165486 -0.014597624
5 24.806396484 -0.00000599 0.765956879 0 -0.368320338 0
6 8.120269775 -0.000001997 0.000003815 0 0 0
7 8.120315552 -0.000000983 0.000001907 0 -0.880742373 0
8 8.120315552 -0.000000983 0.000001907 0 -1.357954675 0
9 5.115219116 7.517074585 -23.079299927 1.552656648 -0.187565691 -0.112325341
10 -13.525115967 0.000007629 -0.000003815 0.009045008 0.110504166 -0.11973702
11 -11.953063965 -0.000007629 0 0.017297306 -0.065621467 0.020333308
12 -8.290374756 0 -0.000003815 0.084445692 -0.141644833 -0.214061259
13 -7.875 0.000032425 0.000003815 0.024640009 0.008741751 -0.119781957
14 -8.78578186 0.000034332 0.000003815 0.160441788 0.028910832 -0.11778123
15 -8.9037323 0.000001907 0 0.023020881 0.019872689 0.005926333
16 5.903457642 12.714836121 -17.693172455 1.416017088 -0.206731775 -0.159849623
17 -13.525161743 0 -0.000003815 -0.009764824 0.111847109 -0.095507647
18 -11.953033447 -0.000007629 0 0.044712993 -0.074568226 0.017166981
19 -8.290390015 0 0 0.070445052 -0.0593016 -0.053335925
20 -7.875 0.000030518 0.000003815 0.007286123 0.027313299 -0.189756018
21 -8.785797119 0.000038147 0.000003815 0.11301482 0.13756992 -0.11403697
22 -8.903717041 0 -0.000001907 -0.028853591 0.034838275 -0.020792662
23 5.115219116 -7.603518486 -23.079322815 -1.634964368 0.220358718 -3.015149652
24 13.525115967 0.000007629 0 0.033509648 -0.070751075 -0.136911315
25 11.953033447 0 0 0.119037274 0.076480781 0.049387422
26 8.290390015 -0.000003815 0.000001907 0.137352783 0.092548268 -0.177855949
27 7.875 -0.000030518 0 0.07910837 0.085976902 -0.095810355
28 8.785766602 -0.000030518 0.000000596 0.147105002 -0.012016869 -0.087291562
29 8.9037323 -0.000003815 0.000001907 -0.010029912 0.151385271 -0.015823222
30 5.903442383 -12.801283836 -17.693199158 -1.692876255 0.288503185 -2.918284015
31 13.525131226 0 0 0.000885266 -0.017591874 -0.149567217
32 11.953063965 0.000007629 0 0.116606906 0.09086277 0.050145298
33 8.290390015 0.000007629 0 0.121336112 0.169329758 0.016124725
34 7.875 -0.000030518 0 0.050824673 0.122974275 -0.168018921
35 8.785766602 -0.000030518 0.000000954 0.14678952 0.097394907 -0.113265516
36 8.903717041 0 0.000003815 0.001844792 0.173479903 -0.018641284
37 4.435455322 0.000127017 -25.179950714 3.093812582 0.424239887 3.104274214
38 14.171020508 0.000020742 1.280670166 -0.035203706 0.094463254 -0.073327019
39 10.9765625 0.00001812 0.352539063 0.01206114 0.111556676 -0.010046736
40 8.120300293 -0.000003576 -0.000015259 -0.001516031 0.040659434 0.001868537
41 8.120285034 -0.000001907 -0.000038147 -0.014393644 -0.047846661 0.060016754
42 8.120346069 0.000001907 -0.000022888 -0.004049833 0.270592008 0.150297187
43 8.120361328 0.000001907 0.000061035 -0.02616676 0.033087038 0.079017006
44 7.146957397 16.179790497 -9.195613861 1.416145795 -0.125005019 -0.20237372
45 -13.525131226 0 0 -0.086242779 -0.082840544 -0.048658019
46 -11.953033447 -0.000013351 -0.000015259 0.064223734 -0.096932015 0.00527073
47 -8.290390015 0.000001907 0 0.112189006 0.025621463 -0.028217988
48 -7.875 0.000030518 0 0.029951194 0.097403497 -0.171700502
49 -8.785797119 0.000041962 0 0.063496874 0.253961687 -0.214265938
50 -8.903686523 0.000001907 -0.000001907 -0.049539063 0.10852881 -0.245316821
51 7.147003174 -16.266246796 -9.19562149 -1.691688628 0.201269285 -2.895966389
52 13.525115967 0.000015259 0.000007629 -0.081132688 -0.10071613 -0.06347585
53 11.953018188 0.000011444 0 0.114038684 0.115508674 0.075375573
54 8.290390015 0 0.000003815 0.14908713 0.249702116 0.054599597
55 7.875 -0.000034332 0 0.062495004 0.225497757 -0.157454169
56 8.78578186 -0.000038147 0.000003219 0.104776673 0.260375581 -0.218228034
57 8.903717041 0 -0.000007629 0.012973523 0.196821746 -0.006525568
58 -5.36730957 8.366906166 8.703117371 1.818935141 -0.741825886 3.109013235
59 13.525115967 0.000015259 -0.000001907 -0.294796652 0.025796171 -0.029052018
60 -3.441879272 -10.792385101 9.377006531 1.761832802 -0.870512436 -3.059181432
61 13.525115967 -0.000007629 0.000003815 -0.41198456 0.134059491 -0.489181279
62 11.953048706 0.000015259 0.000003815 0.19490686 -0.0423985 -0.441979458
63 8.290359497 0.000002861 0 0.116180581 -0.06940348 0.052463657
64 7.875 -0.00002861 0.000001907 0.064890617 -0.105366292 0.063613142
65 19.39491272 -14.052383423 -0.467086792 0.946362395 0.111768601 -2.90155471
66 26.240753174 0.000003815 0.000007629 -0.263025723 -0.016610255 0.031105958
67 31.971000671 0.000003815 0.000003815 -0.163662704 0.111202289 0.010907659
68 4.627235413 -2.31129837 4.185634613 -0.024611287 -0.558422955 -0.444239217
69 2.980117798 -0.000004292 -0.000007629 -0.044814452 -0.161464923 0.279695347
70 1.982421875 0.000015259 0.000015259 0 0 0.079605056
71 10.844871521 -1.281562805 -1.331679344 0.003154845 -0.01855101 -1.502721343
72 3.98828125 0 0.000037193 0.024656551 0.116612118 -1.30426207
73 2.26953125 -0.000015259 -0.000010133 0.010246566 0.020303916 -1.235445909
74 10.908851624 -1.237388611 0.829589844 0.008182385 -0.019760774 -1.502678948
75 3.989425659 -0.000015259 0.000037193 0.003562594 0.093803498 -1.240572344
76 3.478279114 0 -0.000015974 0.01062322 -0.039586617 -1.338501469
77 10.291885376 -1.202156067 -3.344136238 0.018038834 -0.023865117 -1.537453755
78 2.757148743 0 0.000027657 -0.00454994 -0.095548155 -1.291608045
79 1.775390625 -0.000007629 -0.000009537 0.198076059 0.357239486 -1.30316968
80 10.971855164 -1.19392395 2.957341194 -0.012167132 -0.015944087 -1.622309173
81 3.82421875 -0.000007629 0.000035286 -0.000576872 0.002168828 -1.309510829
82 2.94140625 -0.000007629 -0.000013351 0.003967107 0.006944486 -1.466881704
83 -0.000015259 0.000007629 0 0.314280643 0.532452914 -0.856632752
84 19.39491272 13.160593033 -0.467075348 -2.282589459 -0.257304114 -0.345434227
85 -26.240753174 -0.000003815 -0.000003815 -0.082981371 0.051569343 0.124375136
86 -31.971000671 0.000015259 0 -0.640439261 0.213481567 -0.19331895
87 -11.614601135 3.933105469 0.069384575 -1.578444876 1.529198549 -2.544968004
88 -10.484527588 1.069198608 3.539872169 -3.131584703 0.028220486 2.411526648
89 2.757156372 0.000002265 0.000026703 -0.011712134 0.035128624 1.019560794
90 1.775390625 0.000007629 -0.000023842 -0.261071927 -0.262843666 1.059935836
91 -11.046470642 1.142402649 1.529694557 -3.130487012 0.018259081 2.114134707
92 3.98828125 0 0.000038147 0.004872241 -0.009924216 1.610032301
93 2.26953125 0.000007629 0.000000954 -0.076539319 -0.095407065 1.438172442
94 -11.192642212 1.041526794 -2.758434296 -3.116629264 0.004012045 2.226905852
95 3.82421875 0.000038147 0.000051498 0.00053161 0.002187187 1.610324685
96 8.785812378 -0.000034332 0.000000954 0.08229373 0.071373082 -0.580233542
97 2.94140625 0.000007629 -0.000011444 -0.004550553 0.006091757 1.767588569
98 -11.120124817 1.091545105 -0.631118774 -3.132136147 0.020772815 2.221577138
99 3.98941803 0.000001907 0.000052452 0.021444626 0.041947477 1.751021405
100 3.478290558 0.000022888 -0.00001049 -0.001306817 0.004312204 1.848998194
101 -4.853614807 2.155082703 -4.018517494 3.123057975 0.125574955 2.46129872
102 2.980110168 -0.00000906 0.000011921 0.038574713 -0.163808097 -0.240289671
103 1.982421875 -0.000009537 0.000034332 0 0 -0.040571652
104 0.000015259 -0.000007629 -0.000003815 -0.008840901 -0.081690825 -0.873637681
105 7.08984375 0 -0.000000477 3.141592654 -0.174494806 3.141592654
106 7.528259277 8.168075562 -1.23279953 -3.136643079 0.174442134 -3.112738881
107 -54.911224365 -0.64967823 -0.176695824 1.570486209 0.07895275 0.030347038
108 -61.183189392 0.000000954 0 0.173988939 0.013650073 0.001450443
109 8.588684082 0 1.514415741 0 0 0
110 4.260505676 -21.349506378 -3.218473434 0.022175608 -0.040150497 -0.097010272
111 15.606674194 0 -0.000012398 0.000737118 -0.055076447 -0.051835794
112 15.853752136 0 -0.00000608 0.003446763 -0.073825494 -0.107284428
113 15.151855469 0.000003815 0.000000715 -0.002727121 -0.088010815 -0.016555397
114 11.14995575 0 -0.000006676 -0.015723898 0.033089177 -0.088519334
115 1.725082397 -0.142127991 11.160655975 -1.548351198 -0.181918797 -0.068071176
116 15.606681824 -0.000001907 0 -0.003884782 -0.02797969 -0.006161084
117 15.853729248 0.000003815 0.000000119 0.000987305 -0.037280428 -0.076095026
118 15.151863098 -0.000001907 0.000000238 0.001878104 -0.044244627 -0.092628859
119 11.149963379 0 0 -0.004044324 0.007906244 0.025103093
120 6.678688049 -0.142132998 -16.932613373 1.560001314 0.005001736 3.072581033
121 -15.606689453 0.000003815 0 0.00391458 0.025745241 -0.011085468
122 -15.853752136 0.000007629 0.00000608 -0.001052278 0.035982305 -0.077649746
123 -15.151855469 -0.000003815 -0.000000238 -0.002195485 0.046218144 -0.087454491
124 -11.14994812 -0.000007629 0.000006676 0.002482044 -0.008577225 0.025108438
125 2.507644653 15.93921566 6.722552299 -1.611379928 0.152287901 -2.938239293
126 -15.606697083 0 0 0.020554512 0.065076078 0.01060131
127 -15.853752136 -0.000000954 0.000013351 0.018701379 -0.021850005 0.099802467
128 -15.151855469 -0.000001907 0.000007629 -0.008390257 0.019080456 -0.019847977
129 -11.149963379 -0.000003815 -0.000003815 -0.012615092 0.008896369 -0.096598591
130 2.507621765 -17.075353622 6.722564697 -1.586449326 -0.129480461 -0.21568893
131 15.606674194 0 0.000003815 0.011523248 0.018376822 -0.042626669
132 15.853736877 -0.000001907 0.000003815 0.019596318 -0.085472533 0.024650611
133 15.151870728 0.000001431 0 -0.002721841 -0.058254606 -0.111287846
134 11.149963379 0.000000954 -0.000015259 -0.017173418 0.006698062 -0.02422782
135 5.893127441 15.939212799 -12.477539063 3.089758271 -0.117889266 0.143557896
136 15.606674194 0 0.000026703 0.000237883 0.048346434 -0.01873073
137 15.853744507 -0.000003815 -0.000011921 0.019004993 -0.044891565 0.061490716
138 15.151855469 0.000003815 0 0.000199389 -0.009320509 -0.061296076
139 11.149963379 0.000003815 -0.000007629 -0.003434633 -0.036617822 -0.052950757
140 5.893135071 -17.075361252 -12.477552414 1.493356329 0.048863974 2.928883696
141 -15.606658936 0 0.000007629 0.007056377 0.073489273 -0.04777004
142 -15.853729248 -0.000000954 -0.000011444 0.019123194 -0.011350532 0.022422007
143 -15.151832581 -0.000003815 -0.000007629 -0.003937264 0.029697724 -0.107846024
144 -11.149932861 -0.000003815 -0.000011444 0.000116279 -0.009321517 -0.024946998
145 4.260475159 20.773918152 -3.218482971 -0.005636789 0.041801757 -3.055779789
146 -15.606681824 0 0 0.010345419 0.053784092 0.034646919
147 -15.853736877 0.000003815 -0.000000119 -0.000596021 0.072540072 -0.064035361
148 -15.151855469 -0.000005722 0.000000238 -0.003344481 0.086996184 0.058181742
149 -11.149963379 0.000003815 0 0.001958876 -0.036549538 -0.088208514
150 7.528274536 -8.043749809 -1.232801437 0.004949575 -0.174442134 -0.028853775
151 54.911239624 0.649676323 0.176697254 1.570486209 0.07895275 0.030347038
152 61.183170319 -0.000000715 0.000000954 0.174162246 0.013649947 0.001451626
153 -0.364086866 -2.758008003 4.994803905 0 0 0.000244115
154 -0.364086866 -2.758006096 4.994803905 0 0 0.000244115
155 -0.364086866 -2.758006096 4.994803905 0 0 0.000244115
156 -0.364086866 -2.758006096 4.994803905 0 0 0.000244115
157 -0.364086866 -2.758006096 4.994803905 0 0 0.000244115
158 -0.364086866 -2.758006096 4.994803905 0 0 0.000244115
159 -0.364086866 -2.758006096 4.994803905 0 0 0.000244115
160 -0.364086866 -2.758006096 4.994803905 0 0 0.000244115
161 -0.364086866 -2.758006096 4.994803905 0 0 0.000244115
162 -0.498048782 -4.95163393 0.510848999 0 0 0.000244115
163 -0.364086866 -2.758006096 4.994803905 0 0 0.000244115
time 16
0 -0.364086866 -2.758006096 4.994803905 0 0 0.000244115
1 -0.355712891 -7.47265625 1.084960938 0 -1.570482873 -1.57071714
2 130.809036255 0 -0.000000477 0 0 0
3 6.662017822 -0.142129987 2.521339893 3.120038963 0.008128963 -0.014676236
4 24.360931396 0 0.000011921 0.064106948 0.278025098 -0.015967722
5 24.806396484 -0.00000599 0.765956879 0 -0.368320338 0
6 8.120269775 -0.000001997 0.000003815 0 0 0
7 8.120315552 -0.000000983 0.000001907 0 -0.880742373 0
8 8.120315552 -0.000000983 0.000001907 0 -1.357954675 0
9 5.115219116 7.517074585 -23.079299927 1.555290685 -0.183738693 -0.11755482
10 -13.525115967 0.000007629 -0.000003815 0.008466353 0.114366908 -0.119765549
11 -11.953063965 -0.000007629 0 0.016277545 -0.056014491 0.029337021
12 -8.290374756 0 -0.000003815 0.084177414 -0.144460129 -0.206518827
13 -7.875 0.000032425 0.000003815 0.025780053 -0.00151347 -0.123973707
14 -8.78578186 0.000034332 0.000003815 0.160399558 0.024944476 -0.130940052
15 -8.9037323 0.000001907 0 0.026267713 0.025523048 0.022091135
16 5.903457642 12.714836121 -17.693172455 1.418788346 -0.202023573 -0.164702162
17 -13.525161743 0 -0.000003815 -0.010027762 0.114606107 -0.094764719
18 -11.953033447 -0.000007629 0 0.0435953 -0.067561746 0.028935734
19 -8.290390015 0 0 0.069930902 -0.060673557 -0.043948127
20 -7.875 0.000030518 0.000003815 0.008154267 0.019447136 -0.195491552
21 -8.785797119 0.000038147 0.000003815 0.112224507 0.133936638 -0.130863472
22 -8.903717041 0 -0.000001907 -0.027609399 0.037070761 -0.00370643
23 5.115219116 -7.603518486 -23.079322815 -1.637066411 0.218862014 -3.019155987
24 13.525115967 0.000007629 0 0.034656675 -0.076007995 -0.139222457
25 11.953033447 0 0 0.119959396 0.068176168 0.054803188
26 8.290390015 -0.000003815 0.000001907 0.137057039 0.100568493 -0.169001529
27 7.875 -0.000030518 0 0.077862959 0.097512391 -0.099940582
28 8.785766602 -0.000030518 0.000000596 0.148156216 -0.016767459 -0.099786299
29 8.9037323 -0.000003815 0.000001907 -0.012526925 0.158296011 -0.000733814
30 5.903442383 -12.801283836 -17.693199158 -1.694808908 0.287873355 -2.921385615
31 13.525131226 0 0 0.00177822 -0.02211265 -0.15269898
32 11.953063965 0.000007629 0 0.117425558 0.08389817 0.053489053
33 8.290390015 0.000007629 0 0.122540356 0.177091161 0.0284298
34 7.875 -0.000030518 0 0.050099586 0.134642766 -0.168354137
35 8.785766602 -0.000030518 0.000000954 0.14776192 0.093313107 -0.128273369
36 8.903717041 0 0.000003815 -0.003820894 0.17769401 -0.003980052
37 4.435455322 0.000127017 -25.179950714 3.091485639 0.424065685 3.101657238
38 14.171020508 0.000020742 1.280670166 -0.034785204 0.094443689 -0.070020391
39 10.9765625 0.00001812 0.352539063 0.013103757 0.111119043 -0.008435145
40 8.120300293 -0.000003576 -0.000015259 -0.000868003 0.039620095 -0.004592882
41 8.120285034 -0.000001907 -0.000038147 -0.014041923 -0.050036038 0.043441329
42 8.120346069 0.000001907 -0.000022888 -0.009879695 0.268431161 0.133513541
43 8.120361328 0.000001907 0.000061035 -0.029438329 0.016249215 0.076785266
44 7.146957397 16.179790497 -9.195613861 1.418417519 -0.119213282 -0.2060498
45 -13.525131226 0 0 -0.085594676 -0.081679778 -0.048213767
46 -11.953033447 -0.000013351 -0.000015259 0.063853285 -0.093392145 0.018888636
47 -8.290390015 0.000001907 0 0.112850241 0.026077705 -0.016251798
48 -7.875 0.000030518 0 0.030719805 0.09325324 -0.177870534
49 -8.785797119 0.000041962 0 0.062244011 0.248880646 -0.234663868
50 -8.903686523 0.000001907 -0.000001907 -0.049400106 0.11060178 -0.228047014
51 7.147003174 -16.266246796 -9.19562149 -1.693139456 0.199926679 -2.898267206
52 13.525115967 0.000015259 0.000007629 -0.079980912 -0.104117782 -0.067123719
53 11.953018188 0.000011444 0 0.1148525 0.108400383 0.079592747
54 8.290390015 0 0.000003815 0.151538797 0.254255263 0.070810651
55 7.875 -0.000034332 0 0.062349174 0.237496673 -0.156944244
56 8.78578186 -0.000038147 0.000003219 0.10550154 0.259257932 -0.238024845
57 8.903717041 0 -0.000007629 0.003065589 0.198935282 0.005510668
58 -5.36730957 8.366906166 8.703117371 1.81827806 -0.743078633 3.109172255
59 13.525115967 0.000015259 -0.000001907 -0.294796652 0.025796171 -0.029052018
60 -3.441879272 -10.792385101 9.377006531 1.761730293 -0.870895504 -3.059299088
61 13.525115967 -0.000007629 0.000003815 -0.410978777 0.133513103 -0.48803164
62 11.953048706 0.000015259 0.000003815 0.19497281 -0.040801585 -0.443685132
63 8.290359497 0.000002861 0 0.11578787 -0.064629736 0.046518483
64 7.875 -0.00002861 0.000001907 0.064560681 -0.104129645 0.060639696
65 19.39491272 -14.052383423 -0.467086792 0.945088037 0.105163979 -2.893122639
66 26.240753174 0.000003815 0.000007629 -0.261908463 -0.015828023 0.033864733
67 31.971000671 0.000003815 0.000003815 -0.160564986 0.114255625 0.021156409
68 4.627235413 -2.31129837 4.185634613 -0.024611287 -0.558422955 -0.444239217
69 2.980117798 -0.000004292 -0.000007629 -0.044814452 -0.161464923 0.279695347
70 1.982421875 0.000015259 0.000015259 0 0 0.079605056
71 10.844871521 -1.281562805 -1.331679344 0.003154845 -0.01855101 -1.502721343
72 3.98828125 0 0.000037193 0.024656551 0.116612118 -1.30426207
73 2.26953125 -0.000015259 -0.000010133 0.010246566 0.020303916 -1.235445909
74 10.908851624 -1.237388611 0.829589844 0.008182385 -0.019760774 -1.502678948
75 3.989425659 -0.000015259 0.000037193 0.003562594 0.093803498 -1.240572344
76 3.478279114 0 -0.000015974 0.01062322 -0.039586617 -1.338501469
77 10.291885376 -1.202156067 -3.344136238 0.018038834 -0.023865117 -1.537453755
78 2.757148743 0 0.000027657 -0.00454994 -0.095548155 -1.291608045
79 1.775390625 -0.000007629 -0.000009537 0.198076059 0.357239486 -1.30316968
80 10.971855164 -1.19392395 2.957341194 -0.012167132 -0.015944087 -1.622309173
81 3.82421875 -0.000007629 0.000035286 -0.000576872 0.002168828 -1.309510829
82 2.94140625 -0.000007629 -0.000013351 0.003967107 0.006944486 -1.466881704
83 -0.000015259 0.000007629 0 0.314472086 0.531525164 -0.856118128
84 19.39491272 13.160593033 -0.467075348 -2.274346603 -0.258753461 -0.34687968
85 -26.240753174 -0.000003815 -0.000003815 -0.076461292 0.051941351 0.12451347
86 -31.971000671 0.000015259 0 -0.640439261 0.213481567 -0.19331895
87 -11.614601135 3.933105469 0.069384575 -1.578444876 1.529198549 -2.544968004
88 -10.484527588 1.069198608 3.539872169 -3.131584703 0.028220486 2.411526648
89 2.757156372 0.000002265 0.000026703 -0.011712134 0.035128624 1.019560794
90 1.775390625 0.000007629 -0.000023842 -0.261071927 -0.262843666 1.059935836
91 -11.046470642 1.142402649 1.529694557 -3.130487012 0.018259081 2.114134707
92 3.98828125 0 0.000038147 0.004872241 -0.009924216 1.610032301
93 2.26953125 0.000007629 0.000000954 -0.076539319 -0.095407065 1.438172442
94 -11.192642212 1.041526794 -2.758434296 -3.116629264 0.004012045 2.226905852
95 3.82421875 0.000038147 0.000051498 0.00053161 0.002187187 1.610324685
96 8.785812378 -0.000034332 0.000000954 0.08229373 0.071373082 -0.580233542
97 2.94140625 0.000007629 -0.000011444 -0.004550553 0.006091757 1.767588569
98 -11.120124817 1.091545105 -0.631118774 -3.132136147 0.020772815 2.221577138
99 3.98941803 0.000001907 0.000052452 0.021444626 0.041947477 1.751021405
100 3.478290558 0.000022888 -0.00001049 -0.001306817 0.004312204 1.848998194
101 -4.853614807 2.155082703 -4.018517494 3.123057975 0.125574955 2.46129872
102 2.980110168 -0.00000906 0.000011921 0.038574713 -0.163808097 -0.240289671
103 1.982421875 -0.000009537 0.000034332 0 0 -0.040571652
104 0.000015259 -0.000007629 -0.000003815 -0.007997758 -0.086532692 -0.869361884
105 7.08984375 0 -0.000000477 3.141592654 -0.174494806 3.141592654
106 7.528259277 8.168075562 -1.23279953 -3.136643079 0.174442134 -3.112738881
107 -54.911224365 -0.64967823 -0.176695824 1.570486209 0.07895275 0.030347038
108 -61.183189392 0.000000954 0 0.173988939 0.013650073 0.001450443
109 8.588684082 0 1.514415741 0 0 0
110 4.260505676 -21.349506378 -3.218473434 0.022716644 -0.028106392 -0.097306813
111 15.606674194 0 -0.000012398 0.000741604 -0.055249088 -0.051836105
112 15.853752136 0 -0.00000608 0.00422303 -0.077157501 -0.107067463
113 15.151855469 0.000003815 0.000000715 -0.001974103 -0.098459905 -0.016063732
114 11.14995575 0 -0.000006676 -0.017162804 0.035957403 -0.089348241
115 1.725082397 -0.142127991 11.160655975 -1.546295298 -0.177012039 -0.074193306
116 15.606681824 -0.000001907 0 -0.004414466 -0.02815203 -0.005290046
117 15.853729248 0.000003815 0.000000119 0.000709451 -0.039105262 -0.076005421
118 15.151863098 -0.000001907 0.000000238 0.002134449 -0.049678442 -0.096276722
119 11.149963379 0 0 -0.004367176 0.008608046 0.028294367
120 6.678688049 -0.142132998 -16.932613373 1.559083366 -0.001657196 3.067243112
121 -15.606689453 0.000003815 0 0.004346108 0.025575175 -0.0111666
122 -15.853752136 0.000007629 0.00000608 -0.000782563 0.037030174 -0.079546807
123 -15.151855469 -0.000003815 -0.000000238 -0.002436726 0.050355515 -0.093260451
124 -11.14994812 -0.000007629 0.000006676 0.0026312 -0.009274092 0.028300962
125 2.507644653 15.93921566 6.722552299 -1.612891652 0.146368437 -2.933409734
126 -15.606697083 0 0 0.021338785 0.065156468 0.01080049
127 -15.853752136 -0.000000954 0.000013351 0.020042122 -0.020556026 0.101875208
128 -15.151855469 -0.000001907 0.000007629 -0.007662862 0.023256433 -0.013124014
129 -11.149963379 -0.000003815 -0.000003815 -0.012926737 0.009639147 -0.099802717
130 2.507621765 -17.075353622 6.722564697 -1.585747637 -0.124875031 -0.221581535
131 15.606674194 0 0.000003815 0.01162265 0.018200044 -0.041590669
132 15.853736877 -0.000001907 0.000003815 0.019474744 -0.087202573 0.024985509
133 15.151870728 0.000001431 0 -0.002504508 -0.063441689 -0.114496893
134 11.149963379 0.000000954 -0.000015259 -0.017858714 0.007236069 -0.021040945
135 5.893127441 15.939212799 -12.477539063 3.091820667 -0.11708359 0.143408985
136 15.606674194 0 0.000026703 -0.000623915 0.04833837 -0.018665217
137 15.853744507 -0.000003815 -0.000011921 0.017972165 -0.044687898 0.061601683
138 15.151855469 0.000003815 0 -0.000255811 -0.008557241 -0.06129395
139 11.149963379 0.000003815 -0.000007629 -0.003016905 -0.039800947 -0.052350652
140 5.893135071 -17.075361252 -12.477552414 1.493119272 0.041805756 2.923085145
141 -15.606658936 0 0.000007629 0.007218846 0.073666725 -0.047936397
142 -15.853729248 -0.000000954 -0.000011444 0.019151512 -0.009606181 0.020539263
143 -15.151832581 -0.000003815 -0.000007629 -0.004599315 0.035187142 -0.113839301
144 -11.149932861 -0.000003815 -0.000011444 0.00080174 -0.010177271 -0.021842937
145 4.260475159 20.773918152 -3.218482971 -0.007094761 0.030025489 -3.055950177
146 -15.606681824 0 0 0.010950924 0.053946758 0.034577864
147 -15.853736877 0.000003815 -0.000000119 -0.000097266 0.075667366 -0.064193971
148 -15.151855469 -0.000005722 0.000000238 -0.002623614 0.097175266 0.05804048
149 -11.149963379 0.000003815 0 0.00211369 -0.039739999 -0.088908758
150 7.528274536 -8.043749809 -1.232801437 0.004949575 -0.174442134 -0.028853775
151 54.911239624 0.649676323 0.176697254 1.570486209 0.07895275 0.030347038
152 61.183170319 -0.000000715 0.000000954 0.174162246 0.013649947 0.001451626
153 -0.364086866 -2.758008003 4.994803905 0 0 0.000244115
154 -0.364086866 -2.758006096 4.994803905 0 0 0.000244115
155 -0.364086866 -2.758006096 4.994803905 0 0 0.000244115
156 -0.364086866 -2.758006096 4.994803905 0 0 0.000244115
157 -0.364086866 -2.758006096 4.994803905 0 0 0.000244115
158 -0.364086866 -2.758006096 4.994803905 0 0 0.000244115
159 -0.364086866 -2.758006096 4.994803905 0 0 0.000244115
160 -0.364086866 -2.758006096 4.994803905 0 0 0.000244115
161 -0.364086866 -2.758006096 4.994803905 0 0 0.000244115
162 -0.498048782 -4.95163393 0.510848999 0 0 0.000244115
163 -0.364086866 -2.758006096 4.994803905 0 0 0.000244115
time 17
0 -0.364086866 -2.758006096 4.994803905 0 0 0.000244115
1 -0.355712891 -7.47265625 1.084960938 0 -1.570482873 -1.57071714
2 130.809036255 0 -0.000000477 0 0 0
3 6.662017822 -0.142129987 2.521339893 3.118136145 0.00836889 -0.015118577
4 24.360931396 0 0.000011921 0.065461196 0.282886633 -0.017369599
5 24.806396484 -0.00000599 0.765956879 0 -0.368320338 0
6 8.120269775 -0.000001997 0.000003815 0 0 0
7 8.120315552 -0.000000983 0.000001907 0 -0.880742373 0
8 8.120315552 -0.000000983 0.000001907 0 -1.357954675 0
9 5.115219116 7.517074585 -23.079299927 1.557942516 -0.180081258 -0.122713695
10 -13.525115967 0.000007629 -0.000003815 0.008000304 0.117201956 -0.120396996
11 -11.953063965 -0.000007629 0 0.015367226 -0.045879259 0.037812897
12 -8.290374756 0 -0.000003815 0.083532501 -0.145521364 -0.197817799
13 -7.875 0.000032425 0.000003815 0.027072046 -0.012201841 -0.127236579
14 -8.78578186 0.000034332 0.000003815 0.160705724 0.01936149 -0.144231437
15 -8.9037323 0.000001907 0 0.031003086 0.033828002 0.046029305
16 5.903457642 12.714836121 -17.693172455 1.421454775 -0.197602754 -0.169326337
17 -13.525161743 0 -0.000003815 -0.01021549 0.116587892 -0.094877663
18 -11.953033447 -0.000007629 0 0.042671414 -0.060191248 0.040178401
19 -8.290390015 0 0 0.069253799 -0.060618386 -0.033295118
20 -7.875 0.000030518 0.000003815 0.009169617 0.011503384 -0.199936406
21 -8.785797119 0.000038147 0.000003815 0.111585834 0.128932419 -0.147926819
22 -8.903717041 0 -0.000001907 -0.025813413 0.04025158 0.021584243
23 5.115219116 -7.603518486 -23.079322815 -1.639135049 0.217597418 -3.023284087
24 13.525115967 0.000007629 0 0.035582243 -0.080324341 -0.141685802
25 11.953033447 0 0 0.120694977 0.058975292 0.059285065
26 8.290390015 -0.000003815 0.000001907 0.136988123 0.106999771 -0.159547434
27 7.875 -0.000030518 0 0.076660751 0.110132778 -0.103010907
28 8.785766602 -0.000030518 0.000000596 0.149088235 -0.019659956 -0.112756976
29 8.9037323 -0.000003815 0.000001907 -0.016188136 0.168534621 0.021675879
30 5.903442383 -12.801283836 -17.693199158 -1.696827385 0.287485665 -2.924633091
31 13.525131226 0 0 0.002623821 -0.025856339 -0.155747095
32 11.953063965 0.000007629 0 0.11807659 0.076301104 0.055830109
33 8.290390015 0.000007629 0 0.123991232 0.183540229 0.040780574
34 7.875 -0.000030518 0 0.04920794 0.147472133 -0.16721722
35 8.785766602 -0.000030518 0.000000954 0.148593846 0.091290313 -0.142889666
36 8.903717041 0 0.000003815 -0.012231443 0.183887269 0.017769706
37 4.435455322 0.000127017 -25.179950714 3.089199067 0.423891352 3.099225922
38 14.171020508 0.000020742 1.280670166 -0.034543044 0.094503584 -0.066723911
39 10.9765625 0.00001812 0.352539063 0.01412117 0.110758067 -0.005701037
40 8.120300293 -0.000003576 -0.000015259 -0.000177039 0.038671908 -0.009154741
41 8.120285034 -0.000001907 -0.000038147 -0.013596364 -0.051956711 0.02807185
42 8.120346069 0.000001907 -0.000022888 -0.015473598 0.265961762 0.11373493
43 8.120361328 0.000001907 0.000061035 -0.034180214 -0.008677045 0.073545419
44 7.146957397 16.179790497 -9.195613861 1.420606916 -0.11383502 -0.209495732
45 -13.525131226 0 0 -0.084803567 -0.080913715 -0.048968987
46 -11.953033447 -0.000013351 -0.000015259 0.063657197 -0.089742547 0.031721428
47 -8.290390015 0.000001907 0 0.113539214 0.027138074 -0.002867294
48 -7.875 0.000030518 0 0.031658416 0.089346375 -0.182212522
49 -8.785797119 0.000041962 0 0.061473738 0.243141495 -0.254845103
50 -8.903686523 0.000001907 -0.000001907 -0.049261522 0.113528489 -0.202472731
51 7.147003174 -16.266246796 -9.19562149 -1.694626886 0.199012861 -2.900652148
52 13.525115967 0.000015259 0.000007629 -0.079091196 -0.106924228 -0.070871705
53 11.953018188 0.000011444 0 0.115473263 0.101019227 0.082564538
54 8.290390015 0 0.000003815 0.154095407 0.257475609 0.087039655
55 7.875 -0.000034332 0 0.062251046 0.25011954 -0.15432624
56 8.78578186 -0.000038147 0.000003219 0.106046355 0.260108537 -0.2569165
57 8.903717041 0 -0.000007629 -0.011590503 0.202045655 0.023465698
58 -5.36730957 8.366906166 8.703117371 1.817529623 -0.744260259 3.109311305
59 13.525115967 0.000015259 -0.000001907 -0.294796652 0.025796171 -0.029052018
60 -3.441879272 -10.792385101 9.377006531 1.761304111 -0.871208916 -3.059193926
61 13.525115967 -0.000007629 0.000003815 -0.410045438 0.133210691 -0.486946197
62 11.953048706 0.000015259 0.000003815 0.19510741 -0.039573911 -0.445076392
63 8.290359497 0.000002861 0 0.115445544 -0.060129689 0.040729192
64 7.875 -0.00002861 0.000001907 0.064273855 -0.102440272 0.056985814
65 19.39491272 -14.052383423 -0.467086792 0.943105675 0.098695482 -2.884010002
66 26.240753174 0.000003815 0.000007629 -0.260962466 -0.015068177 0.036454538
67 31.971000671 0.000003815 0.000003815 -0.157364272 0.117007126 0.031270766
68 4.627235413 -2.31129837 4.185634613 -0.024611287 -0.558422955 -0.444239217
69 2.980117798 -0.000004292 -0.000007629 -0.044814452 -0.161464923 0.279695347
70 1.982421875 0.000015259 0.000015259 0 0 0.079605056
71 10.844871521 -1.281562805 -1.331679344 0.003154845 -0.01855101 -1.502721343
72 3.98828125 0 0.000037193 0.024656551 0.116612118 -1.30426207
73 2.26953125 -0.000015259 -0.000010133 0.010246566 0.020303916 -1.235445909
74 10.908851624 -1.237388611 0.829589844 0.008182385 -0.019760774 -1.502678948
75 3.989425659 -0.000015259 0.000037193 0.003562594 0.093803498 -1.240572344
76 3.478279114 0 -0.000015974 0.01062322 -0.039586617 -1.338501469
77 10.291885376 -1.202156067 -3.344136238 0.018038834 -0.023865117 -1.537453755
78 2.757148743 0 0.000027657 -0.00454994 -0.095548155 -1.291608045
79 1.775390625 -0.000007629 -0.000009537 0.198076059 0.357239486 -1.30316968
80 10.971855164 -1.19392395 2.957341194 -0.012167132 -0.015944087 -1.622309173
81 3.82421875 -0.000007629 0.000035286 -0.000576872 0.002168828 -1.309510829
82 2.94140625 -0.000007629 -0.000013351 0.003967107 0.006944486 -1.466881704
83 -0.000015259 0.000007629 0 0.315089823 0.528928155 -0.854460916
84 19.39491272 13.160593033 -0.467075348 -2.266568502 -0.260124739 -0.348403424
85 -26.240753174 -0.000003815 -0.000003815 -0.070119614 0.052237677 0.124653801
86 -31.971000671 0.000015259 0 -0.640439261 0.213481567 -0.19331895
87 -11.614601135 3.933105469 0.069384575 -1.578444876 1.529198549 -2.544968004
88 -10.484527588 1.069198608 3.539872169 -3.131584703 0.028220486 2.411526648
89 2.757156372 0.000002265 0.000026703 -0.011712134 0.035128624 1.019560794
90 1.775390625 0.000007629 -0.000023842 -0.261071927 -0.262843666 1.059935836
91 -11.046470642 1.142402649 1.529694557 -3.130487012 0.018259081 2.114134707
92 3.98828125 0 0.000038147 0.004872241 -0.009924216 1.610032301
93 2.26953125 0.000007629 0.000000954 -0.076539319 -0.095407065 1.438172442
94 -11.192642212 1.041526794 -2.758434296 -3.116629264 0.004012045 2.226905852
95 3.82421875 0.000038147 0.000051498 0.00053161 0.002187187 1.610324685
96 8.785812378 -0.000034332 0.000000954 0.08229373 0.071373082 -0.580233542
97 2.94140625 0.000007629 -0.000011444 -0.004550553 0.006091757 1.767588569
98 -11.120124817 1.091545105 -0.631118774 -3.132136147 0.020772815 2.221577138
99 3.98941803 0.000001907 0.000052452 0.021444626 0.041947477 1.751021405
100 3.478290558 0.000022888 -0.00001049 -0.001306817 0.004312204 1.848998194
101 -4.853614807 2.155082703 -4.018517494 3.123057975 0.125574955 2.46129872
102 2.980110168 -0.00000906 0.000011921 0.038574713 -0.163808097 -0.240289671
103 1.982421875 -0.000009537 0.000034332 0 0 -0.040571652
104 0.000015259 -0.000007629 -0.000003815 -0.00710045 -0.09134253 -0.865005825
105 7.08984375 0 -0.000000477 3.141592654 -0.174494806 3.141592654
106 7.528259277 8.168075562 -1.23279953 -3.136643079 0.174442134 -3.112738881
107 -54.911224365 -0.64967823 -0.176695824 1.570486209 0.07895275 0.030347038
108 -61.183189392 0.000000954 0 0.173988939 0.013650073 0.001450443
109 8.588684082 0 1.514415741 0 0 0
110 4.260505676 -21.349506378 -3.218473434 0.023275959 -0.016494138 -0.097605676
111 15.606674194 0 -0.000012398 0.00073039 -0.054817486 -0.051835332
112 15.853752136 0 -0.00000608 0.005127397 -0.079531355 -0.107027035
113 15.151855469 0.000003815 0.000000715 -0.001149519 -0.107528368 -0.015584239
114 11.14995575 0 -0.000006676 -0.018426134 0.038746871 -0.090090875
115 1.725082397 -0.142127991 11.160655975 -1.544446435 -0.172411028 -0.080107187
116 15.606681824 -0.000001907 0 -0.004862327 -0.0279778 -0.004161927
117 15.853729248 0.000003815 0.000000119 0.000486049 -0.04032303 -0.07548388
118 15.151863098 -0.000001907 0.000000238 0.002429511 -0.054419063 -0.098716415
119 11.149963379 0 0 -0.004776264 0.00922554 0.031312651
120 6.678688049 -0.142132998 -16.932613373 1.558215824 -0.00801378 3.062091068
121 -15.606689453 0.000003815 0 0.004783432 0.025145355 -0.010903035
122 -15.853752136 0.000007629 0.00000608 -0.000484221 0.037647462 -0.080751504
123 -15.151855469 -0.000003815 -0.000000238 -0.002735111 0.053885277 -0.098204594
124 -11.14994812 -0.000007629 0.000006676 0.002865309 -0.009972569 0.031320394
125 2.507644653 15.93921566 6.722552299 -1.614423262 0.140633287 -2.928881731
126 -15.606697083 0 0 0.021847527 0.064897438 0.010555119
127 -15.853752136 -0.000000954 0.000013351 0.021283798 -0.019684025 0.103254975
128 -15.151855469 -0.000001907 0.000007629 -0.006833333 0.026906597 -0.007429583
129 -11.149963379 -0.000003815 -0.000003815 -0.013244345 0.010468294 -0.102835117
130 2.507621765 -17.075353622 6.722564697 -1.585146038 -0.120580668 -0.227281601
131 15.606674194 0 0.000003815 0.01162765 0.018452423 -0.040466782
132 15.853736877 -0.000001907 0.000003815 0.01934341 -0.088417636 0.025671438
133 15.151870728 0.000001431 0 -0.002257991 -0.06801878 -0.116584424
134 11.149963379 0.000000954 -0.000015259 -0.018544139 0.007860188 -0.01811424
135 5.893127441 15.939212799 -12.477539063 3.093887745 -0.116279798 0.143174974
136 15.606674194 0 0.000026703 -0.001485714 0.04833037 -0.0185997
137 15.853744507 -0.000003815 -0.000011921 0.016938663 -0.044569687 0.061625421
138 15.151855469 0.000003815 0 -0.00079464 -0.007882895 -0.061291832
139 11.149963379 0.000003815 -0.000007629 -0.002519153 -0.042809589 -0.051753819
140 5.893135071 -17.075361252 -12.477552414 1.492917216 0.035060235 2.917456711
141 -15.606658936 0 0.000007629 0.007410647 0.073410536 -0.047584469
142 -15.853729248 -0.000000954 -0.000011444 0.019255574 -0.008386273 0.019255574
143 -15.151832581 -0.000003815 -0.000007629 -0.005144409 0.039904871 -0.118968505
144 -11.149932861 -0.000003815 -0.000011444 0.001570186 -0.010861604 -0.01891246
145 4.260475159 20.773918152 -3.218482971 -0.008446682 0.018677181 -3.056187445
146 -15.606681824 0 0 0.01145557 0.05342079 0.034415549
147 -15.853736877 0.000003815 -0.000000119 0.000342498 0.077928761 -0.064352584
148 -15.151855469 -0.000005722 0.000000238 -0.001777362 0.105883057 0.057827294
149 -11.149963379 0.000003815 0 0.002266897 -0.04284421 -0.089609561
150 7.528274536 -8.043749809 -1.232801437 0.004949575 -0.174442134 -0.028853775
151 54.911239624 0.649676323 0.176697254 1.570486209 0.07895275 0.030347038
152 61.183170319 -0.000000715 0.000000954 0.174162246 0.013649947 0.001451626
153 -0.364086866 -2.758008003 4.994803905 0 0 0.000244115
154 -0.364086866 -2.758006096 4.994803905 0 0 0.000244115
155 -0.364086866 -2.758006096 4.994803905 0 0 0.000244115
156 -0.364086866 -2.758006096 4.994803905 0 0 0.000244115
157 -0.364086866 -2.758006096 4.994803905 0 0 0.000244115
158 -0.364086866 -2.758006096 4.994803905 0 0 0.000244115
159 -0.364086866 -2.758006096 4.994803905 0 0 0.000244115
160 -0.364086866 -2.758006096 4.994803905 0 0 0.000244115
161 -0.364086866 -2.758006096 4.994803905 0 0 0.000244115
162 -0.498048782 -4.95163393 0.510848999 0 0 0.000244115
163 -0.364086866 -2.758006096 4.994803905 0 0 0.000244115
time 18
0 -0.364086866 -2.758006096 4.994803905 0 0 0.000244115
1 -0.355712891 -7.47265625 1.084960938 0 -1.570482873 -1.57071714
2 130.809036255 0 -0.000000477 0 0 0
3 6.662017822 -0.142129987 2.521339893 3.116234246 0.008522769 -0.015473974
4 24.360931396 0 0.000011921 0.066632455 0.287576035 -0.018798065
5 24.806396484 -0.00000599 0.765956879 0 -0.368320338 0
6 8.120269775 -0.000001997 0.000003815 0 0 0
7 8.120315552 -0.000000983 0.000001907 0 -0.880742373 0
8 8.120315552 -0.000000983 0.000001907 0 -1.357954675 0
9 5.115219116 7.517074585 -23.079299927 1.560509833 -0.176783458 -0.127732384
10 -13.525115967 0.000007629 -0.000003815 0.007721657 0.119014671 -0.12179882
11 -11.953063965 -0.000007629 0 0.01464649 -0.035563059 0.045586208
12 -8.290374756 0 -0.000003815 0.082610902 -0.144729366 -0.187964854
13 -7.875 0.000032425 0.000003815 0.028386195 -0.02290343 -0.129306833
14 -8.78578186 0.000034332 0.000003815 0.161215981 0.012233886 -0.1575683
15 -8.9037323 0.000001907 0 0.036823827 0.043971893 0.075349046
16 5.903457642 12.714836121 -17.693172455 1.42392379 -0.193545206 -0.1737727
17 -13.525161743 0 -0.000003815 -0.010253942 0.117795362 -0.096014814
18 -11.953033447 -0.000007629 0 0.04185544 -0.052711071 0.050635236
19 -8.290390015 0 0 0.068525044 -0.059218364 -0.021385447
20 -7.875 0.000030518 0.000003815 0.010205531 0.003728708 -0.202917417
21 -8.785797119 0.000038147 0.000003815 0.11131276 0.122733368 -0.16494526
22 -8.903717041 0 -0.000001907 -0.023626939 0.044146545 0.052586024
23 5.115219116 -7.603518486 -23.079322815 -1.641389011 0.216582142 -3.027435619
24 13.525115967 0.000007629 0 0.036283529 -0.083700535 -0.144298036
25 11.953033447 0 0 0.121436333 0.049219401 0.062861249
26 8.290390015 -0.000003815 0.000001907 0.137210846 0.111851602 -0.149574088
27 7.875 -0.000030518 0 0.075439966 0.123747482 -0.104943084
28 8.785766602 -0.000030518 0.000000596 0.149842165 -0.020372531 -0.125915366
29 8.9037323 -0.000003815 0.000001907 -0.020596413 0.181130793 0.04910078
30 5.903442383 -12.801283836 -17.693199158 -1.698900758 0.287345843 -2.927898851
31 13.525131226 0 0 0.00325272 -0.028922984 -0.158707739
32 11.953063965 0.000007629 0 0.118658987 0.068156862 0.057178901
33 8.290390015 0.000007629 0 0.125470086 0.188422906 0.053050818
34 7.875 -0.000030518 0 0.0484891 0.160968404 -0.164507788
35 8.785766602 -0.000030518 0.000000954 0.149249907 0.091301956 -0.156855529
36 8.903717041 0 0.000003815 -0.022358876 0.191606412 0.044423978
37 4.435455322 0.000127017 -25.179950714 3.087065289 0.423721827 3.097092693
38 14.171020508 0.000020742 1.280670166 -0.034473939 0.094557455 -0.063435769
39 10.9765625 0.00001812 0.352539063 0.015093949 0.11047501 -0.002191173
40 8.120300293 -0.000003576 -0.000015259 0.000642679 0.037899703 -0.011642737
41 8.120285034 -0.000001907 -0.000038147 -0.013256723 -0.053774527 0.014518031
42 8.120346069 0.000001907 -0.000022888 -0.020393293 0.263436796 0.092071637
43 8.120361328 0.000001907 0.000061035 -0.039987226 -0.039296351 0.069707352
44 7.146957397 16.179790497 -9.195613861 1.422601798 -0.108827027 -0.212772841
45 -13.525131226 0 0 -0.083785395 -0.080621299 -0.050837477
46 -11.953033447 -0.000013351 -0.000015259 0.063642205 -0.086063745 0.043508473
47 -8.290390015 0.000001907 0 0.114272141 0.028978218 0.011860746
48 -7.875 0.000030518 0 0.032585401 0.085746554 -0.184472903
49 -8.785797119 0.000041962 0 0.061027546 0.236816979 -0.274743065
50 -8.903686523 0.000001907 -0.000001907 -0.049020393 0.117017169 -0.171208376
51 7.147003174 -16.266246796 -9.19562149 -1.696037033 0.198456752 -2.903046297
52 13.525115967 0.000015259 0.000007629 -0.078382776 -0.109047175 -0.074725353
53 11.953018188 0.000011444 0 0.116012636 0.093530653 0.084395427
54 8.290390015 0 0.000003815 0.156569855 0.259312972 0.102812736
55 7.875 -0.000034332 0 0.062345885 0.263031353 -0.149670974
56 8.78578186 -0.000038147 0.000003219 0.106377848 0.262908404 -0.274735937
57 8.903717041 0 -0.000007629 -0.02951179 0.205847843 0.045382458
58 -5.36730957 8.366906166 8.703117371 1.81672885 -0.745515635 3.109528332
59 13.525115967 0.000015259 -0.000001907 -0.294796652 0.025796171 -0.029052018
60 -3.441879272 -10.792385101 9.377006531 1.760773932 -0.871325727 -3.058957729
61 13.525115967 -0.000007629 0.000003815 -0.409284393 0.132864936 -0.485872089
62 11.953048706 0.000015259 0.000003815 0.195396496 -0.038696228 -0.446154447
63 8.290359497 0.000002861 0 0.115150862 -0.055831303 0.035359641
64 7.875 -0.00002861 0.000001907 0.064023756 -0.100214897 0.052741159
65 19.39491272 -14.052383423 -0.467086792 0.940488158 0.092403676 -2.874477888
66 26.240753174 0.000003815 0.000007629 -0.260017015 -0.014515531 0.038810717
67 31.971000671 0.000003815 0.000003815 -0.154326412 0.119461327 0.041233812
68 4.627235413 -2.31129837 4.185634613 -0.024611287 -0.558422955 -0.444239217
69 2.980117798 -0.000004292 -0.000007629 -0.044814452 -0.161464923 0.279695347
70 1.982421875 0.000015259 0.000015259 0 0 0.079605056
71 10.844871521 -1.281562805 -1.331679344 0.003154845 -0.01855101 -1.502721343
72 3.98828125 0 0.000037193 0.024656551 0.116612118 -1.30426207
73 2.26953125 -0.000015259 -0.000010133 0.010246566 0.020303916 -1.235445909
74 10.908851624 -1.237388611 0.829589844 0.008182385 -0.019760774 -1.502678948
75 3.989425659 -0.000015259 0.000037193 0.003562594 0.093803498 -1.240572344
76 3.478279114 0 -0.000015974 0.01062322 -0.039586617 -1.338501469
77 10.291885376 -1.202156067 -3.344136238 0.018038834 -0.023865117 -1.537453755
78 2.757148743 0 0.000027657 -0.00454994 -0.095548155 -1.291608045
79 1.775390625 -0.000007629 -0.000009537 0.198076059 0.357239486 -1.30316968
80 10.971855164 -1.19392395 2.957341194 -0.012167132 -0.015944087 -1.622309173
81 3.82421875 -0.000007629 0.000035286 -0.000576872 0.002168828 -1.309510829
82 2.94140625 -0.000007629 -0.000013351 0.003967107 0.006944486 -1.466881704
83 -0.000015259 0.000007629 0 0.315977465 0.524656555 -0.851906066
84 19.39491272 13.160593033 -0.467075348 -2.259130118 -0.26126985 -0.349860229
85 -26.240753174 -0.000003815 -0.000003815 -0.063867043 0.052536301 0.124708449
86 -31.971000671 0.000015259 0 -0.640439261 0.213481567 -0.19331895
87 -11.614601135 3.933105469 0.069384575 -1.578444876 1.529198549 -2.544968004
88 -10.484527588 1.069198608 3.539872169 -3.131584703 0.028220486 2.411526648
89 2.757156372 0.000002265 0.000026703 -0.011712134 0.035128624 1.019560794
90 1.775390625 0.000007629 -0.000023842 -0.261071927 -0.262843666 1.059935836
91 -11.046470642 1.142402649 1.529694557 -3.130487012 0.018259081 2.114134707
92 3.98828125 0 0.000038147 0.004872241 -0.009924216 1.610032301
93 2.26953125 0.000007629 0.000000954 -0.076539319 -0.095407065 1.438172442
94 -11.192642212 1.041526794 -2.758434296 -3.116629264 0.004012045 2.226905852
95 3.82421875 0.000038147 0.000051498 0.00053161 0.002187187 1.610324685
96 8.785812378 -0.000034332 0.000000954 0.08229373 0.071373082 -0.580233542
97 2.94140625 0.000007629 -0.000011444 -0.004550553 0.006091757 1.767588569
98 -11.120124817 1.091545105 -0.631118774 -3.132136147 0.020772815 2.221577138
99 3.98941803 0.000001907 0.000052452 0.021444626 0.041947477 1.751021405
100 3.478290558 0.000022888 -0.00001049 -0.001306817 0.004312204 1.848998194
101 -4.853614807 2.155082703 -4.018517494 3.123057975 0.125574955 2.46129872
102 2.980110168 -0.00000906 0.000011921 0.038574713 -0.163808097 -0.240289671
103 1.982421875 -0.000009537 0.000034332 0 0 -0.040571652
104 0.000015259 -0.000007629 -0.000003815 -0.006286616 -0.096000744 -0.860846496
105 7.08984375 0 -0.000000477 3.141592654 -0.174494806 3.141592654
106 7.528259277 8.168075562 -1.23279953 -3.136643079 0.174442134 -3.112738881
107 -54.911224365 -0.64967823 -0.176695824 1.570486209 0.07895275 0.030347038
108 -61.183189392 0.000000954 0 0.173988939 0.013650073 0.001450443
109 8.588684082 0 1.514415741 0 0 0
110 4.260505676 -21.349506378 -3.218473434 0.023685465 -0.005407951 -0.09790716
111 15.606674194 0 -0.000012398 0.000787617 -0.053693096 -0.051835667
112 15.853752136 0 -0.00000608 0.005799676 -0.080879699 -0.106887677
113 15.151855469 0.000003815 0.000000715 -0.000253541 -0.115042524 -0.015115999
114 11.14995575 0 -0.000006676 -0.019678067 0.041277617 -0.090747834
115 1.725082397 -0.142127991 11.160655975 -1.542556975 -0.168169199 -0.085776056
116 15.606681824 -0.000001907 0 -0.005225453 -0.027371092 -0.002949863
117 15.853729248 0.000003815 0.000000119 0.000152391 -0.041112587 -0.074613864
118 15.151863098 -0.000001907 0.000000238 0.002585267 -0.058388628 -0.10028761
119 11.149963379 0 0 -0.005010261 0.009927194 0.034158751
120 6.678688049 -0.142132998 -16.932613373 1.557384531 -0.014067135 3.057246303
121 -15.606689453 0.000003815 0 0.005226223 0.024455557 -0.010294958
122 -15.853752136 0.000007629 0.00000608 -0.000164265 0.037920125 -0.081523341
123 -15.151855469 -0.000003815 -0.000000238 -0.002904969 0.056643339 -0.102453472
124 -11.14994812 -0.000007629 0.000006676 0.003098236 -0.010671505 0.034167088
125 2.507644653 15.93921566 6.722552299 -1.615812951 0.135131398 -2.924461021
126 -15.606697083 0 0 0.022260492 0.064469152 0.010045501
127 -15.853752136 -0.000000954 0.000013351 0.022509182 -0.019238914 0.104112827
128 -15.151855469 -0.000001907 0.000007629 -0.005995368 0.029945413 -0.002593255
129 -11.149963379 -0.000003815 -0.000003815 -0.013553914 0.011125865 -0.105607483
130 2.507621765 -17.075353622 6.722564697 -1.584403317 -0.116691851 -0.232680803
131 15.606674194 0 0.000003815 0.011544876 0.018874712 -0.039170091
132 15.853736877 -0.000001907 0.000003815 0.019119498 -0.089115648 0.026625599
133 15.151870728 0.000001431 0 -0.002085314 -0.071818715 -0.117632332
134 11.149963379 0.000000954 -0.000015259 -0.019227482 0.008399185 -0.015273481
135 5.893127441 15.939212799 -12.477539063 3.095769801 -0.115547553 0.143042467
136 15.606674194 0 0.000026703 -0.002087541 0.048238497 -0.018527789
137 15.853744507 -0.000003815 -0.000011921 0.015903256 -0.044452155 0.06173547
138 15.151855469 0.000003815 0 -0.001414454 -0.007383748 -0.061289694
139 11.149963379 0.000003815 -0.000007629 -0.002113906 -0.04564821 -0.051156529
140 5.893135071 -17.075361252 -12.477552414 1.492729947 0.028630203 2.912120676
141 -15.606658936 0 0.000007629 0.007619891 0.072807902 -0.046973784
142 -15.853729248 -0.000000954 -0.000011444 0.01926595 -0.007602006 0.018486129
143 -15.151832581 -0.000003815 -0.000007629 -0.005648513 0.043846878 -0.123319491
144 -11.149932861 -0.000003815 -0.000011444 0.002252511 -0.011634925 -0.016241116
145 4.260475159 20.773918152 -3.218482971 -0.009769582 0.00793372 -3.056236509
146 -15.606681824 0 0 0.011777694 0.052206704 0.034330129
147 -15.853736877 0.000003815 -0.000000119 0.000815481 0.079154238 -0.064508051
148 -15.151855469 -0.000005722 0.000000238 -0.000972167 0.113210302 0.057618541
149 -11.149963379 0.000003815 0 0.002410595 -0.045689664 -0.090310316
150 7.528274536 -8.043749809 -1.232801437 0.004949575 -0.174442134 -0.028853775
151 54.911239624 0.649676323 0.176697254 1.570486209 0.07895275 0.030347038
152 61.183170319 -0.000000715 0.000000954 0.174162246 0.013649947 0.001451626
153 -0.364086866 -2.758008003 4.994803905 0 0 0.000244115
154 -0.364086866 -2.758006096 4.994803905 0 0 0.000244115
155 -0.364086866 -2.758006096 4.994803905 0 0 0.000244115
156 -0.364086866 -2.758006096 4.994803905 0 0 0.000244115
157 -0.364086866 -2.758006096 4.994803905 0 0 0.000244115
158 -0.364086866 -2.758006096 4.994803905 0 0 0.000244115
159 -0.364086866 -2.758006096 4.994803905 0 0 0.000244115
160 -0.364086866 -2.758006096 4.994803905 0 0 0.000244115
161 -0.364086866 -2.758006096 4.994803905 0 0 0.000244115
162 -0.498048782 -4.95163393 0.510848999 0 0 0.000244115
163 -0.364086866 -2.758006096 4.994803905 0 0 0.000244115
time 19
0 -0.364086866 -2.758006096 4.994803905 0 0 0.000244115
1 -0.355712891 -7.47265625 1.084960938 0 -1.570482873 -1.57071714
2 130.809036255 0 -0.000000477 0 0 0
3 6.662017822 -0.142129987 2.521339893 3.11450491 0.008677346 -0.015828932
4 24.360931396 0 0.000011921 0.067646597 0.292086912 -0.02007649
5 24.806396484 -0.00000599 0.765956879 0 -0.368320338 0
6 8.120269775 -0.000001997 0.000003815 0 0 0
7 8.120315552 -0.000000983 0.000001907 0 -0.880742373 0
8 8.120315552 -0.000000983 0.000001907 0 -1.357954675 0
9 5.115219116 7.517074585 -23.079299927 1.562833325 -0.173793594 -0.132414775
10 -13.525115967 0.000007629 -0.000003815 0.007641003 0.119804399 -0.123796115
11 -11.953063965 -0.000007629 0 0.014099504 -0.025411854 0.052485703
12 -8.290374756 0 -0.000003815 0.081383117 -0.14216315 -0.177228869
13 -7.875 0.000032425 0.000003815 0.02959321 -0.033283266 -0.130090458
14 -8.78578186 0.000034332 0.000003815 0.162064758 0.003373193 -0.17062459
15 -8.9037323 0.000001907 0 0.043175151 0.055007496 0.107558981
16 5.903457642 12.714836121 -17.693172455 1.426423931 -0.18988888 -0.178000141
17 -13.525161743 0 -0.000003815 -0.010133339 0.118229604 -0.098002199
18 -11.953033447 -0.000007629 0 0.041308946 -0.045383216 0.060126497
19 -8.290390015 0 0 0.06777468 -0.05646912 -0.008308491
20 -7.875 0.000030518 0.000003815 0.011208502 -0.003537345 -0.20417152
21 -8.785797119 0.000038147 0.000003815 0.111361424 0.115249765 -0.181842621
22 -8.903717041 0 -0.000001907 -0.021414446 0.048281353 0.086634475
23 5.115219116 -7.603518486 -23.079322815 -1.643432697 0.215862572 -3.03138611
24 13.525115967 0.000007629 0 0.036753595 -0.086138753 -0.146969726
25 11.953033447 0 0 0.121940633 0.0390899 0.065537613
26 8.290390015 -0.000003815 0.000001907 0.137629506 0.114861491 -0.139188963
27 7.875 -0.000030518 0 0.074339252 0.137843598 -0.105660559
28 8.785766602 -0.000030518 0.000000596 0.150453909 -0.018830137 -0.139080306
29 8.9037323 -0.000003815 0.000001907 -0.025148876 0.194989467 0.079180873
30 5.903442383 -12.801283836 -17.693199158 -1.70091404 0.287441513 -2.931167408
31 13.525131226 0 0 0.003734926 -0.031134405 -0.161666108
32 11.953063965 0.000007629 0 0.119192522 0.0597249 0.057552635
33 8.290390015 0.000007629 0 0.1270796 0.191582024 0.064886977
34 7.875 -0.000030518 0 0.047811382 0.175034548 -0.16023456
35 8.785766602 -0.000030518 0.000000954 0.149763672 0.093515183 -0.170070302
36 8.903717041 0 0.000003815 -0.033398021 0.20016412 0.073710409
37 4.435455322 0.000127017 -25.179950714 3.085084186 0.423558307 3.095257451
38 14.171020508 0.000020742 1.280670166 -0.034498191 0.094693621 -0.060240256
39 10.9765625 0.00001812 0.352539063 0.015925946 0.110270651 0.001916403
40 8.120300293 -0.000003576 -0.000015259 0.00149691 0.037300931 -0.012317601
41 8.120285034 -0.000001907 -0.000038147 -0.012952581 -0.055317103 0.003121595
42 8.120346069 0.000001907 -0.000022888 -0.024631939 0.260633127 0.06991946
43 8.120361328 0.000001907 0.000061035 -0.046301752 -0.072873647 0.065719396
44 7.146957397 16.179790497 -9.195613861 1.424550009 -0.104420001 -0.21587459
45 -13.525131226 0 0 -0.082802598 -0.080803728 -0.053723031
46 -11.953033447 -0.000013351 -0.000015259 0.063807369 -0.082438478 0.054075849
47 -8.290390015 0.000001907 0 0.115151622 0.031437525 0.027667644
48 -7.875 0.000030518 0 0.033629266 0.08281041 -0.184641203
49 -8.785797119 0.000041962 0 0.061108059 0.230184756 -0.29389532
50 -8.903686523 0.000001907 -0.000001907 -0.048767143 0.120755284 -0.136864049
51 7.147003174 -16.266246796 -9.19562149 -1.697599084 0.198228388 -2.905408198
52 13.525115967 0.000015259 0.000007629 -0.077864127 -0.110484143 -0.0785962
53 11.953018188 0.000011444 0 0.116483986 0.08611792 0.084925164
54 8.290390015 0 0.000003815 0.158929123 0.259676383 0.118195489
55 7.875 -0.000034332 0 0.062695371 0.275973042 -0.142967232
56 8.78578186 -0.000038147 0.000003219 0.10658214 0.267642344 -0.291124551
57 8.903717041 0 -0.000007629 -0.049120957 0.210297642 0.069499133
58 -5.36730957 8.366906166 8.703117371 1.81581008 -0.746584994 3.109882918
59 13.525115967 0.000015259 -0.000001907 -0.294796652 0.025796171 -0.029052018
60 -3.441879272 -10.792385101 9.377006531 1.7600126 -0.871360307 -3.05867611
61 13.525115967 -0.000007629 0.000003815 -0.408657158 0.13266072 -0.484845802
62 11.953048706 0.000015259 0.000003815 0.195738437 -0.038095282 -0.446996225
63 8.290359497 0.000002861 0 0.114907939 -0.051901145 0.030313702
64 7.875 -0.00002861 0.000001907 0.063803333 -0.097540118 0.047903716
65 19.39491272 -14.052383423 -0.467086792 0.937539855 0.086373573 -2.864544271
66 26.240753174 0.000003815 0.000007629 -0.25933199 -0.014078815 0.040923641
67 31.971000671 0.000003815 0.000003815 -0.151291133 0.121690094 0.050874436
68 4.627235413 -2.31129837 4.185634613 -0.024611287 -0.558422955 -0.444239217
69 2.980117798 -0.000004292 -0.000007629 -0.044814452 -0.161464923 0.279695347
70 1.982421875 0.000015259 0.000015259 0 0 0.079605056
71 10.844871521 -1.281562805 -1.331679344 0.003154845 -0.01855101 -1.502721343
72 3.98828125 0 0.000037193 0.024656551 0.116612118 -1.30426207
73 2.26953125 -0.000015259 -0.000010133 0.010246566 0.020303916 -1.235445909
74 10.908851624 -1.237388611 0.829589844 0.008182385 -0.019760774 -1.502678948
75 3.989425659 -0.000015259 0.000037193 0.003562594 0.093803498 -1.240572344
76 3.478279114 0 -0.000015974 0.01062322 -0.039586617 -1.338501469
77 10.291885376 -1.202156067 -3.344136238 0.018038834 -0.023865117 -1.537453755
78 2.757148743 0 0.000027657 -0.00454994 -0.095548155 -1.291608045
79 1.775390625 -0.000007629 -0.000009537 0.198076059 0.357239486 -1.30316968
80 10.971855164 -1.19392395 2.957341194 -0.012167132 -0.015944087 -1.622309173
81 3.82421875 -0.000007629 0.000035286 -0.000576872 0.002168828 -1.309510829
82 2.94140625 -0.000007629 -0.000013351 0.003967107 0.006944486 -1.466881704
83 -0.000015259 0.000007629 0 0.317351967 0.518908335 -0.848417719
84 19.39491272 13.160593033 -0.467075348 -2.252293912 -0.262316113 -0.35125268
85 -26.240753174 -0.000003815 -0.000003815 -0.057873781 0.052851287 0.124759384
86 -31.971000671 0.000015259 0 -0.640439261 0.213481567 -0.19331895
87 -11.614601135 3.933105469 0.069384575 -1.578444876 1.529198549 -2.544968004
88 -10.484527588 1.069198608 3.539872169 -3.131584703 0.028220486 2.411526648
89 2.757156372 0.000002265 0.000026703 -0.011712134 0.035128624 1.019560794
90 1.775390625 0.000007629 -0.000023842 -0.261071927 -0.262843666 1.059935836
91 -11.046470642 1.142402649 1.529694557 -3.130487012 0.018259081 2.114134707
92 3.98828125 0 0.000038147 0.004872241 -0.009924216 1.610032301
93 2.26953125 0.000007629 0.000000954 -0.076539319 -0.095407065 1.438172442
94 -11.192642212 1.041526794 -2.758434296 -3.116629264 0.004012045 2.226905852
95 3.82421875 0.000038147 0.000051498 0.00053161 0.002187187 1.610324685
96 8.785812378 -0.000034332 0.000000954 0.08229373 0.071373082 -0.580233542
97 2.94140625 0.000007629 -0.000011444 -0.004550553 0.006091757 1.767588569
98 -11.120124817 1.091545105 -0.631118774 -3.132136147 0.020772815 2.221577138
99 3.98941803 0.000001907 0.000052452 0.021444626 0.041947477 1.751021405
100 3.478290558 0.000022888 -0.00001049 -0.001306817 0.004312204 1.848998194
101 -4.853614807 2.155082703 -4.018517494 3.123057975 0.125574955 2.46129872
102 2.980110168 -0.00000906 0.000011921 0.038574713 -0.163808097 -0.240289671
103 1.982421875 -0.000009537 0.000034332 0 0 -0.040571652
104 0.000015259 -0.000007629 -0.000003815 -0.00544397 -0.100549015 -0.85679334
105 7.08984375 0 -0.000000477 3.141592654 -0.174494806 3.141592654
106 7.528259277 8.168075562 -1.23279953 -3.136643079 0.174442134 -3.112738881
107 -54.911224365 -0.64967823 -0.176695824 1.570486209 0.07895275 0.030347038
108 -61.183189392 0.000000954 0 0.173988939 0.013650073 0.001450443
109 8.588684082 0 1.514415741 0 0 0
110 4.260505676 -21.349506378 -3.218473434 0.024221098 0.00481937 -0.098130692
111 15.606674194 0 -0.000012398 0.000826896 -0.051791832 -0.051921008
112 15.853752136 0 -0.00000608 0.006509531 -0.08118783 -0.106918186
113 15.151855469 0.000003815 0.000000715 0.00063406 -0.121088669 -0.014739351
114 11.14995575 0 -0.000006676 -0.020751285 0.043643031 -0.091402325
115 1.725082397 -0.142127991 11.160655975 -1.540866531 -0.164238172 -0.090996297
116 15.606681824 -0.000001907 0 -0.005503995 -0.026504436 -0.001567224
117 15.853729248 0.000003815 0.000000119 -0.000206441 -0.041384181 -0.073483538
118 15.151863098 -0.000001907 0.000000238 0.002764632 -0.061578932 -0.100907349
119 11.149963379 0 0 -0.005333123 0.010457837 0.036745752
120 6.678688049 -0.142132998 -16.932613373 1.556572936 -0.019695112 3.052707507
121 -15.606689453 0.000003815 0 0.005502232 0.023504504 -0.009258254
122 -15.853752136 0.000007629 0.00000608 0.000188204 0.037675433 -0.081689295
123 -15.151855469 -0.000003815 -0.000000238 -0.003115141 0.058794153 -0.105838357
124 -11.14994812 -0.000007629 0.000006676 0.003245933 -0.011282805 0.036755327
125 2.507644653 15.93921566 6.722552299 -1.617063748 0.130100402 -2.92039958
126 -15.606697083 0 0 0.022485549 0.063787699 0.009094962
127 -15.853752136 -0.000000954 0.000013351 0.023635657 -0.019128993 0.104449687
128 -15.151855469 -0.000001907 0.000007629 -0.005162838 0.032459312 0.001038471
129 -11.149963379 -0.000003815 -0.000003815 -0.01377812 0.011788463 -0.108206878
130 2.507621765 -17.075353622 6.722564697 -1.583802335 -0.113056086 -0.23770117
131 15.606674194 0 0.000003815 0.011541696 0.019729776 -0.037783931
132 15.853736877 -0.000001907 0.000003815 0.01896888 -0.089300423 0.0280133
133 15.151870728 0.000001431 0 -0.001975615 -0.074928256 -0.117986025
134 11.149963379 0.000000954 -0.000015259 -0.019823617 0.008851799 -0.012690811
135 5.893127441 15.939212799 -12.477539063 3.097565021 -0.114808987 0.142916445
136 15.606674194 0 0.000026703 -0.002515794 0.04806193 -0.018451518
137 15.853744507 -0.000003815 -0.000011921 0.015037909 -0.044426154 0.061841064
138 15.151855469 0.000003815 0 -0.00212084 -0.006887153 -0.061201218
139 11.149963379 0.000003815 -0.000007629 -0.001714763 -0.048228303 -0.050646752
140 5.893135071 -17.075361252 -12.477552414 1.492534253 0.022577149 2.907135781
141 -15.606658936 0 0.000007629 0.0079387 0.071860039 -0.045928396
142 -15.853729248 -0.000000954 -0.000011444 0.019354493 -0.007428513 0.018314823
143 -15.151832581 -0.000003815 -0.000007629 -0.006186074 0.047008731 -0.126805992
144 -11.149932861 -0.000003815 -0.000011444 0.002932134 -0.012237332 -0.013656362
145 4.260475159 20.773918152 -3.218482971 -0.010972741 -0.002037594 -3.056359735
146 -15.606681824 0 0 0.012002974 0.05038983 0.034237973
147 -15.853736877 0.000003815 -0.000000119 0.001232609 0.079427292 -0.064664584
148 -15.151855469 -0.000005722 0.000000238 -0.000212765 0.118983416 0.057411108
149 -11.149963379 0.000003815 0 0.002628721 -0.048272548 -0.09092647
150 7.528274536 -8.043749809 -1.232801437 0.004949575 -0.174442134 -0.028853775
151 54.911239624 0.649676323 0.176697254 1.570486209 0.07895275 0.030347038
152 61.183170319 -0.000000715 0.000000954 0.174162246 0.013649947 0.001451626
153 -0.364086866 -2.758008003 4.994803905 0 0 0.000244115
154 -0.364086866 -2.758006096 4.994803905 0 0 0.000244115
155 -0.364086866 -2.758006096 4.994803905 0 0 0.000244115
156 -0.364086866 -2.758006096 4.994803905 0 0 0.000244115
157 -0.364086866 -2.758006096 4.994803905 0 0 0.000244115
158 -0.364086866 -2.758006096 4.994803905 0 0 0.000244115
159 -0.364086866 -2.758006096 4.994803905 0 0 0.000244115
160 -0.364086866 -2.758006096 4.994803905 0 0 0.000244115
161 -0.364086866 -2.758006096 4.994803905 0 0 0.000244115
162 -0.498048782 -4.95163393 0.510848999 0 0 0.000244115
163 -0.364086866 -2.758006096 4.994803905 0 0 0.000244115
time 20
0 -0.364086866 -2.758006096 4.994803905 0 0 0.000244115
1 -0.355712891 -7.47265625 1.084960938 0 -1.570482873 -1.57071714
2 130.809036255 0 -0.000000477 0 0 0
3 6.662017822 -0.142129987 2.521339893 3.112775883 0.008832558 -0.016097854
4 24.360931396 0 0.000011921 0.068477984 0.296424429 -0.0213843
5 24.806396484 -0.00000599 0.765956879 0 -0.368320338 0
6 8.120269775 -0.000001997 0.000003815 0 0 0
7 8.120315552 -0.000000983 0.000001907 0 -0.880742373 0
8 8.120315552 -0.000000983 0.000001907 0 -1.357954675 0
9 5.115219116 7.517074585 -23.079299927 1.565054151 -0.171227554 -0.136775559
10 -13.525115967 0.000007629 -0.000003815 0.007668692 0.119652562 -0.126393766
11 -11.953063965 -0.000007629 0 0.013710538 -0.015511819 0.058255183
12 -8.290374756 0 -0.000003815 0.080056322 -0.137803321 -0.165632366
13 -7.875 0.000032425 0.000003815 0.030734302 -0.042995148 -0.129493144
14 -8.78578186 0.000034332 0.000003815 0.163181648 -0.007051703 -0.183395272
15 -8.9037323 0.000001907 0 0.049576344 0.066035795 0.140232418
16 5.903457642 12.714836121 -17.693172455 1.428589927 -0.186657586 -0.181853325
17 -13.525161743 0 -0.000003815 -0.0099386 0.11788703 -0.100844868
18 -11.953033447 -0.000007629 0 0.041023575 -0.038205942 0.068396785
19 -8.290390015 0 0 0.067048477 -0.052438621 0.00541176
20 -7.875 0.000030518 0.000003815 0.012063636 -0.010220968 -0.20360881
21 -8.785797119 0.000038147 0.000003815 0.111762167 0.106722646 -0.198175126
22 -8.903717041 0 -0.000001907 -0.019233583 0.052281418 0.121153203
23 5.115219116 -7.603518486 -23.079322815 -1.645527072 0.215389864 -3.035224674
24 13.525115967 0.000007629 0 0.0370684 -0.087547191 -0.149700401
25 11.953033447 0 0 0.122404263 0.028932073 0.067255909
26 8.290390015 -0.000003815 0.000001907 0.138293801 0.116124128 -0.128471337
27 7.875 -0.000030518 0 0.073309757 0.152160736 -0.10517266
28 8.785766602 -0.000030518 0.000000596 0.15087879 -0.015042357 -0.1521639
29 8.9037323 -0.000003815 0.000001907 -0.029502607 0.20914133 0.109716599
30 5.903442383 -12.801283836 -17.693199158 -1.702864111 0.287658902 -2.934308976
31 13.525131226 0 0 0.003991923 -0.032670752 -0.164446912
32 11.953063965 0.000007629 0 0.119610761 0.051175597 0.057047171
33 8.290390015 0.000007629 0 0.128614066 0.193108561 0.07626839
34 7.875 -0.000030518 0 0.047221454 0.189332889 -0.154570473
35 8.785766602 -0.000030518 0.000000954 0.149929975 0.097970101 -0.182192166
36 8.903717041 0 0.000003815 -0.044419216 0.208946462 0.103474173
37 4.435455322 0.000127017 -25.179950714 3.08327553 0.423404371 3.093812654
38 14.171020508 0.000020742 1.280670166 -0.034703488 0.094822173 -0.057226334
39 10.9765625 0.00001812 0.352539063 0.016785793 0.110059018 0.006543966
40 8.120300293 -0.000003576 -0.000015259 0.002295899 0.03687288 -0.011267151
41 8.120285034 -0.000001907 -0.000038147 -0.012703156 -0.056583037 -0.005771578
42 8.120346069 0.000001907 -0.000022888 -0.027871505 0.257841294 0.048272585
43 8.120361328 0.000001907 0.000061035 -0.052698893 -0.106925034 0.061888474
44 7.146957397 16.179790497 -9.195613861 1.426301147 -0.100555608 -0.218615346
45 -13.525131226 0 0 -0.081595464 -0.081366069 -0.057640551
46 -11.953033447 -0.000013351 -0.000015259 0.06406662 -0.0790269 0.063077273
47 -8.290390015 0.000001907 0 0.116020083 0.034439427 0.044376165
48 -7.875 0.000030518 0 0.034709195 0.080437629 -0.182547893
49 -8.785797119 0.000041962 0 0.061671386 0.223148365 -0.312049326
50 -8.903686523 0.000001907 -0.000001907 -0.048538093 0.12434678 -0.102115882
51 7.147003174 -16.266246796 -9.19562149 -1.699083739 0.198243533 -2.9076513
52 13.525115967 0.000015259 0.000007629 -0.077454158 -0.111315545 -0.082397939
53 11.953018188 0.000011444 0 0.11673891 0.078773998 0.084408241
54 8.290390015 0 0.000003815 0.161167527 0.258598347 0.132743292
55 7.875 -0.000034332 0 0.063327855 0.288776069 -0.134379736
56 8.78578186 -0.000038147 0.000003219 0.106480774 0.274263565 -0.305845477
57 8.903717041 0 -0.000007629 -0.068879967 0.2148651 0.093987164
58 -5.36730957 8.366906166 8.703117371 1.814800072 -0.747582987 3.110217792
59 13.525115967 0.000015259 -0.000001907 -0.294796652 0.025796171 -0.029052018
60 -3.441879272 -10.792385101 9.377006531 1.759068778 -0.871270222 -3.058165093
61 13.525115967 -0.000007629 0.000003815 -0.408220122 0.132513441 -0.483764239
62 11.953048706 0.000015259 0.000003815 0.196236298 -0.037844242 -0.447524613
63 8.290359497 0.000002861 0 0.114633464 -0.048256141 0.025684684
64 7.875 -0.00002861 0.000001907 0.063591646 -0.094597144 0.042728685
65 19.39491272 -14.052383423 -0.467086792 0.934122447 0.080669548 -2.854679521
66 26.240753174 0.000003815 0.000007629 -0.258733065 -0.013771815 0.042706178
67 31.971000671 0.000003815 0.000003815 -0.148438167 0.123613779 0.060186633
68 4.627235413 -2.31129837 4.185634613 -0.024611287 -0.558422955 -0.444239217
69 2.980117798 -0.000004292 -0.000007629 -0.044814452 -0.161464923 0.279695347
70 1.982421875 0.000015259 0.000015259 0 0 0.079605056
71 10.844871521 -1.281562805 -1.331679344 0.003154845 -0.01855101 -1.502721343
72 3.98828125 0 0.000037193 0.024656551 0.116612118 -1.30426207
73 2.26953125 -0.000015259 -0.000010133 0.010246566 0.020303916 -1.235445909
74 10.908851624 -1.237388611 0.829589844 0.008182385 -0.019760774 -1.502678948
75 3.989425659 -0.000015259 0.000037193 0.003562594 0.093803498 -1.240572344
76 3.478279114 0 -0.000015974 0.01062322 -0.039586617 -1.338501469
77 10.291885376 -1.202156067 -3.344136238 0.018038834 -0.023865117 -1.537453755
78 2.757148743 0 0.000027657 -0.00454994 -0.095548155 -1.291608045
79 1.775390625 -0.000007629 -0.000009537 0.198076059 0.357239486 -1.30316968
80 10.971855164 -1.19392395 2.957341194 -0.012167132 -0.015944087 -1.622309173
81 3.82421875 -0.000007629 0.000035286 -0.000576872 0.002168828 -1.309510829
82 2.94140625 -0.000007629 -0.000013351 0.003967107 0.006944486 -1.466881704
83 -0.000015259 0.000007629 0 0.318945296 0.511772847 -0.844064623
84 19.39491272 13.160593033 -0.467075348 -2.245844791 -0.26330751 -0.352645524
85 -26.240753174 -0.000003815 -0.000003815 -0.052150264 0.053010317 0.124810387
86 -31.971000671 0.000015259 0 -0.640439261 0.213481567 -0.19331895
87 -11.614601135 3.933105469 0.069384575 -1.578444876 1.529198549 -2.544968004
88 -10.484527588 1.069198608 3.539872169 -3.131584703 0.028220486 2.411526648
89 2.757156372 0.000002265 0.000026703 -0.011712134 0.035128624 1.019560794
90 1.775390625 0.000007629 -0.000023842 -0.261071927 -0.262843666 1.059935836
91 -11.046470642 1.142402649 1.529694557 -3.130487012 0.018259081 2.114134707
92 3.98828125 0 0.000038147 0.004872241 -0.009924216 1.610032301
93 2.26953125 0.000007629 0.000000954 -0.076539319 -0.095407065 1.438172442
94 -11.192642212 1.041526794 -2.758434296 -3.116629264 0.004012045 2.226905852
95 3.82421875 0.000038147 0.000051498 0.00053161 0.002187187 1.610324685
96 8.785812378 -0.000034332 0.000000954 0.08229373 0.071373082 -0.580233542
97 2.94140625 0.000007629 -0.000011444 -0.004550553 0.006091757 1.767588569
98 -11.120124817 1.091545105 -0.631118774 -3.132136147 0.020772815 2.221577138
99 3.98941803 0.000001907 0.000052452 0.021444626 0.041947477 1.751021405
100 3.478290558 0.000022888 -0.00001049 -0.001306817 0.004312204 1.848998194
101 -4.853614807 2.155082703 -4.018517494 3.123057975 0.125574955 2.46129872
102 2.980110168 -0.00000906 0.000011921 0.038574713 -0.163808097 -0.240289671
103 1.982421875 -0.000009537 0.000034332 0 0 -0.040571652
104 0.000015259 -0.000007629 -0.000003815 -0.00463797 -0.104830219 -0.852934077
105 7.08984375 0 -0.000000477 3.141592654 -0.174494806 3.141592654
106 7.528259277 8.168075562 -1.23279953 -3.136643079 0.174442134 -3.112738881
107 -54.911224365 -0.64967823 -0.176695824 1.570486209 0.07895275 0.030347038
108 -61.183189392 0.000000954 0 0.173988939 0.013650073 0.001450443
109 8.588684082 0 1.514415741 0 0 0
110 4.260505676 -21.349506378 -3.218473434 0.024624946 0.014176378 -0.098362646
111 15.606674194 0 -0.000012398 0.000763898 -0.04928866 -0.052003151
112 15.853752136 0 -0.00000608 0.007160035 -0.080461104 -0.106854041
113 15.151855469 0.000003815 0.000000715 0.001340429 -0.125580691 -0.014441275
114 11.14995575 0 -0.000006676 -0.021812166 0.04575003 -0.09196973
115 1.725082397 -0.142127991 11.160655975 -1.539368094 -0.160742606 -0.09577314
116 15.606681824 -0.000001907 0 -0.005783525 -0.025291625 -0.000013183
117 15.853729248 0.000003815 0.000000119 -0.000510009 -0.041048205 -0.071922039
118 15.151863098 -0.000001907 0.000000238 0.002802302 -0.06408463 -0.10082953
119 11.149963379 0 0 -0.005569739 0.010986912 0.03907412
120 6.678688049 -0.142132998 -16.932613373 1.555883802 -0.02489126 3.048595105
121 -15.606689453 0.000003815 0 0.005782483 0.022206899 -0.007877477
122 -15.853752136 0.000007629 0.00000608 0.000479777 0.037082089 -0.08125148
123 -15.151855469 -0.000003815 -0.000000238 -0.003261424 0.060169981 -0.108268505
124 -11.14994812 -0.000007629 0.000006676 0.003395277 -0.011807763 0.039084667
125 2.507644653 15.93921566 6.722552299 -1.618314774 0.125431511 -2.916706108
126 -15.606697083 0 0 0.022439796 0.062852357 0.007787389
127 -15.853752136 -0.000000954 0.000013351 0.024659331 -0.019438462 0.104177548
128 -15.151855469 -0.000001907 0.000007629 -0.004336018 0.034278015 0.003896841
129 -11.149963379 -0.000003815 -0.000003815 -0.014083876 0.012361359 -0.110547163
130 2.507621765 -17.075353622 6.722564697 -1.583300609 -0.109976914 -0.242284375
131 15.606674194 0 0.000003815 0.011448954 0.020927516 -0.036224131
132 15.853736877 -0.000001907 0.000003815 0.018729738 -0.089053415 0.029581591
133 15.151870728 0.000001431 0 -0.001859704 -0.07716981 -0.117560664
134 11.149963379 0.000000954 -0.000015259 -0.020333903 0.009302892 -0.010453291
135 5.893127441 15.939212799 -12.477539063 3.099174041 -0.114230395 0.142806856
136 15.606674194 0 0.000026703 -0.002771282 0.047886984 -0.018371036
137 15.853744507 -0.000003815 -0.000011921 0.014172571 -0.044400067 0.061946638
138 15.151855469 0.000003815 0 -0.002821907 -0.006563052 -0.061112898
139 11.149963379 0.000003815 -0.000007629 -0.001407568 -0.050551956 -0.050222112
140 5.893135071 -17.075361252 -12.477552414 1.492409606 0.01709779 2.902557118
141 -15.606658936 0 0.000007629 0.008189923 0.070563138 -0.044541343
142 -15.853729248 -0.000000954 -0.000011444 0.019435999 -0.007778737 0.018742762
143 -15.151832581 -0.000003815 -0.000007629 -0.006660496 0.049396688 -0.129337947
144 -11.149932861 -0.000003815 -0.000011444 0.003439783 -0.012841877 -0.011416212
145 4.260475159 20.773918152 -3.218482971 -0.012052008 -0.011150358 -3.056474965
146 -15.606681824 0 0 0.012045143 0.04797168 0.034137101
147 -15.853736877 0.000003815 -0.000000119 0.001596857 0.078661553 -0.064822609
148 -15.151855469 -0.000005722 0.000000238 0.000590351 0.123285609 0.057208166
149 -11.149963379 0.000003815 0 0.002748092 -0.050600684 -0.091453775
150 7.528274536 -8.043749809 -1.232801437 0.004949575 -0.174442134 -0.028853775
151 54.911239624 0.649676323 0.176697254 1.570486209 0.07895275 0.030347038
152 61.183170319 -0.000000715 0.000000954 0.174162246 0.013649947 0.001451626
153 -0.364086866 -2.758008003 4.994803905 0 0 0.000244115
154 -0.364086866 -2.758006096 4.994803905 0 0 0.000244115
155 -0.364086866 -2.758006096 4.994803905 0 0 0.000244115
156 -0.364086866 -2.758006096 4.994803905 0 0 0.000244115
157 -0.364086866 -2.758006096 4.994803905 0 0 0.000244115
158 -0.364086866 -2.758006096 4.994803905 0 0 0.000244115
159 -0.364086866 -2.758006096 4.994803905 0 0 0.000244115
160 -0.364086866 -2.758006096 4.994803905 0 0 0.000244115
161 -0.364086866 -2.758006096 4.994803905 0 0 0.000244115
162 -0.498048782 -4.95163393 0.510848999 0 0 0.000244115
163 -0.364086866 -2.758006096 4.994803905 0 0 0.000244115
time 21
0 -0.364086866 -2.758006096 4.994803905 0 0 0.000244115
1 -0.355712891 -7.47265625 1.084960938 0 -1.570482873 -1.57071714
2 130.809036255 0 -0.000000477 0 0 0
3 6.662017822 -0.142129987 2.521339893 3.11113383 0.008901715 -0.016365347
4 24.360931396 0 0.000011921 0.069153421 0.300494877 -0.022547183
5 24.806396484 -0.00000599 0.765956879 0 -0.368320338 0
6 8.120269775 -0.000001997 0.000003815 0 0 0
7 8.120315552 -0.000000983 0.000001907 0 -0.880742373 0
8 8.120315552 -0.000000983 0.000001907 0 -1.357954675 0
9 5.115219116 7.517074585 -23.079299927 1.567032051 -0.169095854 -0.140682104
10 -13.525115967 0.000007629 -0.000003815 0.007905898 0.118478699 -0.129499138
11 -11.953063965 -0.000007629 0 0.013535639 -0.006212622 0.062981353
12 -8.290374756 0 -0.000003815 0.078526071 -0.131733913 -0.153527522
13 -7.875 0.000032425 0.000003815 0.031776365 -0.05187055 -0.127421431
14 -8.78578186 0.000034332 0.000003815 0.164651973 -0.018793485 -0.195610349
15 -8.9037323 0.000001907 0 0.055598001 0.076117612 0.170908926
16 5.903457642 12.714836121 -17.693172455 1.43042009 -0.183967586 -0.185204706
17 -13.525161743 0 -0.000003815 -0.009670607 0.11685477 -0.104543794
18 -11.953033447 -0.000007629 0 0.040801113 -0.03151703 0.075272756
19 -8.290390015 0 0 0.066459031 -0.047219841 0.019941188
20 -7.875 0.000030518 0.000003815 0.012888162 -0.015965258 -0.200964722
21 -8.785797119 0.000038147 0.000003815 0.112523787 0.097320473 -0.213766092
22 -8.903717041 0 -0.000001907 -0.017453498 0.055717526 0.15346127
23 5.115219116 -7.603518486 -23.079322815 -1.64741691 0.215156356 -3.038801905
24 13.525115967 0.000007629 0 0.037154717 -0.088103589 -0.152576177
25 11.953033447 0 0 0.122760503 0.018926769 0.06794086
26 8.290390015 -0.000003815 0.000001907 0.139179398 0.115389395 -0.117615229
27 7.875 -0.000030518 0 0.072499176 0.166437595 -0.103212485
28 8.785766602 -0.000030518 0.000000596 0.15088605 -0.008875164 -0.164893764
29 8.9037323 -0.000003815 0.000001907 -0.033182517 0.222631453 0.138349248
30 5.903442383 -12.801283836 -17.693199158 -1.704696554 0.288183534 -2.937263993
31 13.525131226 0 0 0.004093526 -0.033353579 -0.167136328
32 11.953063965 0.000007629 0 0.119935818 0.042853865 0.055685638
33 8.290390015 0.000007629 0 0.130020874 0.192929058 0.087004118
34 7.875 -0.000030518 0 0.046969653 0.203529053 -0.147317414
35 8.785766602 -0.000030518 0.000000954 0.149807048 0.104734737 -0.192955747
36 8.903717041 0 0.000003815 -0.054400238 0.217296406 0.131412169
37 4.435455322 0.000127017 -25.179950714 3.081800873 0.423351035 3.092701537
38 14.171020508 0.000020742 1.280670166 -0.035003301 0.094946191 -0.0543899
39 10.9765625 0.00001812 0.352539063 0.017399468 0.109929642 0.011417914
40 8.120300293 -0.000003576 -0.000015259 0.003118855 0.036614522 -0.00883505
41 8.120285034 -0.000001907 -0.000038147 -0.012516677 -0.057573171 -0.012161027
42 8.120346069 0.000001907 -0.000022888 -0.030159031 0.255023397 0.028162605
43 8.120361328 0.000001907 0.000061035 -0.058624874 -0.138865769 0.058705769
44 7.146957397 16.179790497 -9.195613861 1.427873071 -0.097356447 -0.220990201
45 -13.525131226 0 0 -0.080425452 -0.08239286 -0.062404385
46 -11.953033447 -0.000013351 -0.000015259 0.064498079 -0.075828709 0.070423874
47 -8.290390015 0.000001907 0 0.117058782 0.037917583 0.061556288
48 -7.875 0.000030518 0 0.035807262 0.078795168 -0.178104377
49 -8.785797119 0.000041962 0 0.06268528 0.21613277 -0.328854924
50 -8.903686523 0.000001907 -0.000001907 -0.048318766 0.127394981 -0.069540054
51 7.147003174 -16.266246796 -9.19562149 -1.700444241 0.198686609 -2.909719892
52 13.525115967 0.000015259 0.000007629 -0.077241696 -0.111462764 -0.086214503
53 11.953018188 0.000011444 0 0.116970963 0.071755321 0.082783665
54 8.290390015 0 0.000003815 0.163160418 0.256182372 0.146352513
55 7.875 -0.000034332 0 0.06419786 0.301088209 -0.124000768
56 8.78578186 -0.000038147 0.000003219 0.106159684 0.282768321 -0.318715151
57 8.903717041 0 -0.000007629 -0.0871674 0.219463136 0.117031374
58 -5.36730957 8.366906166 8.703117371 1.813774251 -0.748523664 3.110633347
59 13.525115967 0.000015259 -0.000001907 -0.294796652 0.025796171 -0.029052018
60 -3.441879272 -10.792385101 9.377006531 1.75819027 -0.871048041 -3.057674518
61 13.525115967 -0.000007629 0.000003815 -0.407869203 0.132344662 -0.482688241
62 11.953048706 0.000015259 0.000003815 0.196704988 -0.037880667 -0.447903473
63 8.290359497 0.000002861 0 0.114504455 -0.044897969 0.021468299
64 7.875 -0.00002861 0.000001907 0.063383878 -0.091472499 0.037213749
65 19.39491272 -14.052383423 -0.467086792 0.930637415 0.075355453 -2.844904107
66 26.240753174 0.000003815 0.000007629 -0.25821919 -0.013497301 0.044232654
67 31.971000671 0.000003815 0.000003815 -0.145693897 0.125306759 0.068994255
68 4.627235413 -2.31129837 4.185634613 -0.024611287 -0.558422955 -0.444239217
69 2.980117798 -0.000004292 -0.000007629 -0.044814452 -0.161464923 0.279695347
70 1.982421875 0.000015259 0.000015259 0 0 0.079605056
71 10.844871521 -1.281562805 -1.331679344 0.003154845 -0.01855101 -1.502721343
72 3.98828125 0 0.000037193 0.024656551 0.116612118 -1.30426207
73 2.26953125 -0.000015259 -0.000010133 0.010246566 0.020303916 -1.235445909
74 10.908851624 -1.237388611 0.829589844 0.008182385 -0.019760774 -1.502678948
75 3.989425659 -0.000015259 0.000037193 0.003562594 0.093803498 -1.240572344
76 3.478279114 0 -0.000015974 0.01062322 -0.039586617 -1.338501469
77 10.291885376 -1.202156067 -3.344136238 0.018038834 -0.023865117 -1.537453755
78 2.757148743 0 0.000027657 -0.00454994 -0.095548155 -1.291608045
79 1.775390625 -0.000007629 -0.000009537 0.198076059 0.357239486 -1.30316968
80 10.971855164 -1.19392395 2.957341194 -0.012167132 -0.015944087 -1.622309173
81 3.82421875 -0.000007629 0.000035286 -0.000576872 0.002168828 -1.309510829
82 2.94140625 -0.000007629 -0.000013351 0.003967107 0.006944486 -1.466881704
83 -0.000015259 0.000007629 0 0.320830999 0.503225284 -0.838956313
84 19.39491272 13.160593033 -0.467075348 -2.240040238 -0.264165014 -0.353844141
85 -26.240753174 -0.000003815 -0.000003815 -0.046769854 0.053193094 0.124940745
86 -31.971000671 0.000015259 0 -0.640439261 0.213481567 -0.19331895
87 -11.614601135 3.933105469 0.069384575 -1.578444876 1.529198549 -2.544968004
88 -10.484527588 1.069198608 3.539872169 -3.131584703 0.028220486 2.411526648
89 2.757156372 0.000002265 0.000026703 -0.011712134 0.035128624 1.019560794
90 1.775390625 0.000007629 -0.000023842 -0.261071927 -0.262843666 1.059935836
91 -11.046470642 1.142402649 1.529694557 -3.130487012 0.018259081 2.114134707
92 3.98828125 0 0.000038147 0.004872241 -0.009924216 1.610032301
93 2.26953125 0.000007629 0.000000954 -0.076539319 -0.095407065 1.438172442
94 -11.192642212 1.041526794 -2.758434296 -3.116629264 0.004012045 2.226905852
95 3.82421875 0.000038147 0.000051498 0.00053161 0.002187187 1.610324685
96 8.785812378 -0.000034332 0.000000954 0.08229373 0.071373082 -0.580233542
97 2.94140625 0.000007629 -0.000011444 -0.004550553 0.006091757 1.767588569
98 -11.120124817 1.091545105 -0.631118774 -3.132136147 0.020772815 2.221577138
99 3.98941803 0.000001907 0.000052452 0.021444626 0.041947477 1.751021405
100 3.478290558 0.000022888 -0.00001049 -0.001306817 0.004312204 1.848998194
101 -4.853614807 2.155082703 -4.018517494 3.123057975 0.125574955 2.46129872
102 2.980110168 -0.00000906 0.000011921 0.038574713 -0.163808097 -0.240289671
103 1.982421875 -0.000009537 0.000034332 0 0 -0.040571652
104 0.000015259 -0.000007629 -0.000003815 -0.003939682 -0.108879648 -0.849358702
105 7.08984375 0 -0.000000477 3.141592654 -0.174494806 3.141592654
106 7.528259277 8.168075562 -1.23279953 -3.136643079 0.174442134 -3.112738881
107 -54.911224365 -0.64967823 -0.176695824 1.570486209 0.07895275 0.030347038
108 -61.183189392 0.000000954 0 0.173988939 0.013650073 0.001450443
109 8.588684082 0 1.514415741 0 0 0
110 4.260505676 -21.349506378 -3.218473434 0.024987512 0.022581251 -0.098604824
111 15.606674194 0 -0.000012398 0.000769045 -0.046092832 -0.052086436
112 15.853752136 0 -0.00000608 0.007593427 -0.07879414 -0.106948198
113 15.151855469 0.000003815 0.000000715 0.002127 -0.128515966 -0.014235716
114 11.14995575 0 -0.000006676 -0.022683546 0.047520494 -0.09244428
115 1.725082397 -0.142127991 11.160655975 -1.537932399 -0.157740174 -0.100058981
116 15.606681824 -0.000001907 0 -0.005888134 -0.023646923 0.001537116
117 15.853729248 0.000003815 0.000000119 -0.000831717 -0.040280304 -0.070187417
118 15.151863098 -0.000001907 0.000000238 0.002855373 -0.065638294 -0.100057751
119 11.149963379 0 0 -0.005808891 0.01142925 0.041057309
120 6.678688049 -0.142132998 -16.932613373 1.555289853 -0.029471633 3.044968151
121 -15.606689453 0.000003815 0 0.005892669 0.020648387 -0.006154333
122 -15.853752136 0.000007629 0.00000608 0.000884165 0.036060575 -0.080293267
123 -15.151855469 -0.000003815 -0.000000238 -0.003267461 0.06094806 -0.109914466
124 -11.14994812 -0.000007629 0.000006676 0.003545534 -0.012332474 0.041068642
125 2.507644653 15.93921566 6.722552299 -1.619308955 0.121217811 -2.913368184
126 -15.606697083 0 0 0.022297157 0.061662067 0.006128575
127 -15.853752136 -0.000000954 0.000013351 0.025498021 -0.020076874 0.103384129
128 -15.151855469 -0.000001907 0.000007629 -0.003522822 0.035488476 0.005807964
129 -11.149963379 -0.000003815 -0.000003815 -0.01429771 0.012854719 -0.112540731
130 2.507621765 -17.075353622 6.722564697 -1.582841297 -0.107139911 -0.246372284
131 15.606674194 0 0.000003815 0.011353117 0.022470164 -0.034576261
132 15.853736877 -0.000001907 0.000003815 0.018488503 -0.088203785 0.031414321
133 15.151870728 0.000001431 0 -0.001726188 -0.07871598 -0.116443106
134 11.149963379 0.000000954 -0.000015259 -0.020757774 0.009666494 -0.008473629
135 5.893127441 15.939212799 -12.477539063 3.100609802 -0.113639379 0.142708111
136 15.606674194 0 0.000026703 -0.002854008 0.047713639 -0.018286388
137 15.853744507 -0.000003815 -0.000011921 0.013388269 -0.044549171 0.062049377
138 15.151855469 0.000003815 0 -0.003434308 -0.006322384 -0.060938591
139 11.149963379 0.000003815 -0.000007629 -0.001109925 -0.052530535 -0.049797949
140 5.893135071 -17.075361252 -12.477552414 1.492197999 0.012242572 2.898565604
141 -15.606658936 0 0.000007629 0.008458621 0.068919101 -0.042809764
142 -15.853729248 -0.000000954 -0.000011444 0.019510193 -0.008651906 0.019683579
143 -15.151832581 -0.000003815 -0.000007629 -0.007061887 0.050925085 -0.130999867
144 -11.149932861 -0.000003815 -0.000011444 0.003947994 -0.013360577 -0.009521482
145 4.260475159 20.773918152 -3.218482971 -0.013004756 -0.019317935 -3.056500042
146 -15.606681824 0 0 0.01190138 0.044779614 0.034027029
147 -15.853736877 0.000003815 -0.000000119 0.001905629 0.076943373 -0.064982792
148 -15.151855469 -0.000005722 0.000000238 0.001434979 0.126029902 0.05700761
149 -11.149963379 0.000003815 0 0.002850514 -0.052583937 -0.091893729
150 7.528274536 -8.043749809 -1.232801437 0.004949575 -0.174442134 -0.028853775
151 54.911239624 0.649676323 0.176697254 1.570486209 0.07895275 0.030347038
152 61.183170319 -0.000000715 0.000000954 0.174162246 0.013649947 0.001451626
153 -0.364086866 -2.758008003 4.994803905 0 0 0.000244115
154 -0.364086866 -2.758006096 4.994803905 0 0 0.000244115
155 -0.364086866 -2.758006096 4.994803905 0 0 0.000244115
156 -0.364086866 -2.758006096 4.994803905 0 0 0.000244115
157 -0.364086866 -2.758006096 4.994803905 0 0 0.000244115
158 -0.364086866 -2.758006096 4.994803905 0 0 0.000244115
159 -0.364086866 -2.758006096 4.994803905 0 0 0.000244115
160 -0.364086866 -2.758006096 4.994803905 0 0 0.000244115
161 -0.364086866 -2.758006096 4.994803905 0 0 0.000244115
162 -0.498048782 -4.95163393 0.510848999 0 0 0.000244115
163 -0.364086866 -2.758006096 4.994803905 0 0 0.000244115
time 22
0 -0.364086866 -2.758006096 4.994803905 0 0 0.000244115
1 -0.355712891 -7.47265625 1.084960938 0 -1.570482873 -1.57071714
2 130.809036255 0 -0.000000477 0 0 0
3 6.662017822 -0.142129987 2.521339893 3.109664055 0.009059555 -0.016547266
4 24.360931396 0 0.000011921 0.06966019 0.30430059 -0.023655388
5 24.806396484 -0.00000599 0.765956879 0 -0.368320338 0
6 8.120269775 -0.000001997 0.000003815 0 0 0
7 8.120315552 -0.000000983 0.000001907 0 -0.880742373 0
8 8.120315552 -0.000000983 0.000001907 0 -1.357954675 0
9 5.115219116 7.517074585 -23.079299927 1.568644746 -0.167531816 -0.144004105
10 -13.525115967 0.000007629 -0.000003815 0.008265909 0.116364789 -0.133117942
11 -11.953063965 -0.000007629 0 0.013457701 0.002144558 0.06631937
12 -8.290374756 0 -0.000003815 0.076929754 -0.124117591 -0.140939699
13 -7.875 0.000032425 0.000003815 0.032499819 -0.059492678 -0.123770843
14 -8.78578186 0.000034332 0.000003815 0.166458741 -0.031620641 -0.206913777
15 -8.9037323 0.000001907 0 0.060638775 0.08453801 0.197261895
16 5.903457642 12.714836121 -17.693172455 1.432049182 -0.181931988 -0.188061784
17 -13.525161743 0 -0.000003815 -0.009309248 0.115135147 -0.108838475
18 -11.953033447 -0.000007629 0 0.04079233 -0.0254083 0.080665121
19 -8.290390015 0 0 0.065875731 -0.040881384 0.034762247
20 -7.875 0.000030518 0.000003815 0.013488455 -0.020703117 -0.19632173
21 -8.785797119 0.000038147 0.000003815 0.113657524 0.087119685 -0.228357042
22 -8.903717041 0 -0.000001907 -0.016134408 0.058158099 0.181127816
23 5.115219116 -7.603518486 -23.079322815 -1.649066701 0.215231416 -3.041932749
24 13.525115967 0.000007629 0 0.03708077 -0.08771932 -0.155424363
25 11.953033447 0 0 0.123036758 0.009418809 0.067615718
26 8.290390015 -0.000003815 0.000001907 0.140140073 0.112925995 -0.106875413
27 7.875 -0.000030518 0 0.072038824 0.1802511 -0.099861154
28 8.785766602 -0.000030518 0.000000596 0.150708652 -0.00051069 -0.17694299
29 8.9037323 -0.000003815 0.000001907 -0.035657995 0.234344678 0.162720579
30 5.903442383 -12.801283836 -17.693199158 -1.706439844 0.288895398 -2.940030971
31 13.525131226 0 0 0.004050841 -0.03335555 -0.169734682
32 11.953063965 0.000007629 0 0.120266902 0.034843628 0.053476414
33 8.290390015 0.000007629 0 0.131341862 0.191053316 0.096918618
34 7.875 -0.000030518 0 0.046904095 0.217356752 -0.138746556
35 8.785766602 -0.000030518 0.000000954 0.149405071 0.113534839 -0.202210354
36 8.903717041 0 0.000003815 -0.062525201 0.224803214 0.155286384
37 4.435455322 0.000127017 -25.179950714 3.080574606 0.423220721 3.091911782
38 14.171020508 0.000020742 1.280670166 -0.035404189 0.09515081 -0.051819326
39 10.9765625 0.00001812 0.352539063 0.018023731 0.109969271 0.016466916
40 8.120300293 -0.000003576 -0.000015259 0.003876576 0.036437941 -0.005195578
41 8.120285034 -0.000001907 -0.000038147 -0.012396849 -0.058288706 -0.016132599
42 8.120346069 0.000001907 -0.000022888 -0.031335061 0.252302189 0.010209794
43 8.120361328 0.000001907 0.000061035 -0.063461548 -0.166095104 0.056505057
44 7.146957397 16.179790497 -9.195613861 1.429169832 -0.094957557 -0.222988694
45 -13.525131226 0 0 -0.079123916 -0.08370132 -0.067943002
46 -11.953033447 -0.000013351 -0.000015259 0.065007637 -0.07300461 0.075855111
47 -8.290390015 0.000001907 0 0.118107068 0.041884718 0.079035803
48 -7.875 0.000030518 0 0.036908255 0.078051694 -0.171308672
49 -8.785797119 0.000041962 0 0.064065591 0.209121228 -0.344147452
50 -8.903686523 0.000001907 -0.000001907 -0.048219073 0.129577447 -0.04172082
51 7.147003174 -16.266246796 -9.19562149 -1.701844905 0.199387473 -2.911682812
52 13.525115967 0.000015259 0.000007629 -0.077148805 -0.110919695 -0.089963254
53 11.953018188 0.000011444 0 0.117114912 0.065232807 0.080146636
54 8.290390015 0 0.000003815 0.164781961 0.252448466 0.158913913
55 7.875 -0.000034332 0 0.065421903 0.31265354 -0.111897923
56 8.78578186 -0.000038147 0.000003219 0.105521955 0.292765648 -0.329496839
57 8.903717041 0 -0.000007629 -0.102471179 0.22368464 0.136817841
58 -5.36730957 8.366906166 8.703117371 1.812835256 -0.749260135 3.110975761
59 13.525115967 0.000015259 -0.000001907 -0.294796652 0.025796171 -0.029052018
60 -3.441879272 -10.792385101 9.377006531 1.756988405 -0.870755628 -3.056961791
61 13.525115967 -0.000007629 0.000003815 -0.407560248 0.132357048 -0.481566999
62 11.953048706 0.000015259 0.000003815 0.197290887 -0.03809987 -0.447950395
63 8.290359497 0.000002861 0 0.114435676 -0.04191585 0.017748216
64 7.875 -0.00002861 0.000001907 0.063169391 -0.088171825 0.031532233
65 19.39491272 -14.052383423 -0.467086792 0.926987112 0.070563105 -2.835456608
66 26.240753174 0.000003815 0.000007629 -0.257878451 -0.013360681 0.045343438
67 31.971000671 0.000003815 0.000003815 -0.143149111 0.126775529 0.077290013
68 4.627235413 -2.31129837 4.185634613 -0.024611287 -0.558422955 -0.444239217
69 2.980117798 -0.000004292 -0.000007629 -0.044814452 -0.161464923 0.279695347
70 1.982421875 0.000015259 0.000015259 0 0 0.079605056
71 10.844871521 -1.281562805 -1.331679344 0.003154845 -0.01855101 -1.502721343
72 3.98828125 0 0.000037193 0.024656551 0.116612118 -1.30426207
73 2.26953125 -0.000015259 -0.000010133 0.010246566 0.020303916 -1.235445909
74 10.908851624 -1.237388611 0.829589844 0.008182385 -0.019760774 -1.502678948
75 3.989425659 -0.000015259 0.000037193 0.003562594 0.093803498 -1.240572344
76 3.478279114 0 -0.000015974 0.01062322 -0.039586617 -1.338501469
77 10.291885376 -1.202156067 -3.344136238 0.018038834 -0.023865117 -1.537453755
78 2.757148743 0 0.000027657 -0.00454994 -0.095548155 -1.291608045
79 1.775390625 -0.000007629 -0.000009537 0.198076059 0.357239486 -1.30316968
80 10.971855164 -1.19392395 2.957341194 -0.012167132 -0.015944087 -1.622309173
81 3.82421875 -0.000007629 0.000035286 -0.000576872 0.002168828 -1.309510829
82 2.94140625 -0.000007629 -0.000013351 0.003967107 0.006944486 -1.466881704
83 -0.000015259 0.000007629 0 0.323084933 0.49357183 -0.832987965
84 19.39491272 13.160593033 -0.467075348 -2.234743956 -0.2648733 -0.355061193
85 -26.240753174 -0.000003815 -0.000003815 -0.041737045 0.053395355 0.124977256
86 -31.971000671 0.000015259 0 -0.640439261 0.213481567 -0.19331895
87 -11.614601135 3.933105469 0.069384575 -1.578444876 1.529198549 -2.544968004
88 -10.484527588 1.069198608 3.539872169 -3.131584703 0.028220486 2.411526648
89 2.757156372 0.000002265 0.000026703 -0.011712134 0.035128624 1.019560794
90 1.775390625 0.000007629 -0.000023842 -0.261071927 -0.262843666 1.059935836
91 -11.046470642 1.142402649 1.529694557 -3.130487012 0.018259081 2.114134707
92 3.98828125 0 0.000038147 0.004872241 -0.009924216 1.610032301
93 2.26953125 0.000007629 0.000000954 -0.076539319 -0.095407065 1.438172442
94 -11.192642212 1.041526794 -2.758434296 -3.116629264 0.004012045 2.226905852
95 3.82421875 0.000038147 0.000051498 0.00053161 0.002187187 1.610324685
96 8.785812378 -0.000034332 0.000000954 0.08229373 0.071373082 -0.580233542
97 2.94140625 0.000007629 -0.000011444 -0.004550553 0.006091757 1.767588569
98 -11.120124817 1.091545105 -0.631118774 -3.132136147 0.020772815 2.221577138
99 3.98941803 0.000001907 0.000052452 0.021444626 0.041947477 1.751021405
100 3.478290558 0.000022888 -0.00001049 -0.001306817 0.004312204 1.848998194
101 -4.853614807 2.155082703 -4.018517494 3.123057975 0.125574955 2.46129872
102 2.980110168 -0.00000906 0.000011921 0.038574713 -0.163808097 -0.240289671
103 1.982421875 -0.000009537 0.000034332 0 0 -0.040571652
104 0.000015259 -0.000007629 -0.000003815 -0.003193568 -0.112625183 -0.845977171
105 7.08984375 0 -0.000000477 3.141592654 -0.174494806 3.141592654
106 7.528259277 8.168075562 -1.23279953 -3.136643079 0.174442134 -3.112738881
107 -54.911224365 -0.64967823 -0.176695824 1.570486209 0.07895275 0.030347038
108 -61.183189392 0.000000954 0 0.173988939 0.013650073 0.001450443
109 8.588684082 0 1.514415741 0 0 0
110 4.260505676 -21.349506378 -3.218473434 0.025327083 0.029688033 -0.098775089
111 15.606674194 0 -0.000012398 0.000757711 -0.042206638 -0.052255195
112 15.853752136 0 -0.00000608 0.008052403 -0.076001264 -0.107035848
113 15.151855469 0.000003815 0.000000715 0.002993836 -0.129807469 -0.014121031
114 11.14995575 0 -0.000006676 -0.023368939 0.04904089 -0.09282616
115 1.725082397 -0.142127991 11.160655975 -1.536670613 -0.15511689 -0.103721609
116 15.606681824 -0.000001907 0 -0.005992444 -0.021656033 0.003345133
117 15.853729248 0.000003815 0.000000119 -0.001179488 -0.038907704 -0.068107039
118 15.151863098 -0.000001907 0.000000238 0.002766313 -0.066507092 -0.09867392
119 11.149963379 0 0 -0.005964758 0.011782889 0.042695829
120 6.678688049 -0.142132998 -16.932613373 1.554769535 -0.033434922 3.041948385
121 -15.606689453 0.000003815 0 0.006004796 0.018829463 -0.004000553
122 -15.853752136 0.000007629 0.00000608 0.001232255 0.03451733 -0.07873169
123 -15.151855469 -0.000003815 -0.000000238 -0.003204906 0.060951559 -0.110690954
124 -11.14994812 -0.000007629 0.000006676 0.003614354 -0.012682415 0.042708049
125 2.507644653 15.93921566 6.722552299 -1.620264188 0.117725048 -2.910528526
126 -15.606697083 0 0 0.021888653 0.060215977 0.004200054
127 -15.853752136 -0.000000954 0.000013351 0.026316322 -0.021225009 0.102065306
128 -15.151855469 -0.000001907 0.000007629 -0.002725466 0.036005615 0.006857407
129 -11.149963379 -0.000003815 -0.000003815 -0.014418543 0.013269545 -0.114100961
130 2.507621765 -17.075353622 6.722564697 -1.582382504 -0.104847856 -0.249905734
131 15.606674194 0 0.000003815 0.011257701 0.024270954 -0.032754481
132 15.853736877 -0.000001907 0.000003815 0.018244437 -0.086924244 0.033509777
133 15.151870728 0.000001431 0 -0.001742895 -0.07949079 -0.11488603
134 11.149963379 0.000000954 -0.000015259 -0.021182373 0.009940973 -0.006838472
135 5.893127441 15.939212799 -12.477539063 3.101865944 -0.11312218 0.14262248
136 15.606674194 0 0.000026703 -0.002765234 0.047455417 -0.018283855
137 15.853744507 -0.000003815 -0.000011921 0.012690289 -0.044700875 0.062150305
138 15.151855469 0.000003815 0 -0.004127702 -0.006256788 -0.060763856
139 11.149963379 0.000003815 -0.000007629 -0.00081928 -0.054164035 -0.049460496
140 5.893135071 -17.075361252 -12.477552414 1.492131357 0.008035945 2.895040508
141 -15.606658936 0 0.000007629 0.008661221 0.066839328 -0.040650674
142 -15.853729248 -0.000000954 -0.000011444 0.019660662 -0.010136141 0.021222297
143 -15.151832581 -0.000003815 -0.000007629 -0.007391755 0.051680684 -0.131791192
144 -11.149932861 -0.000003815 -0.000011444 0.004370956 -0.01379351 -0.007971516
145 4.260475159 20.773918152 -3.218482971 -0.013818684 -0.026282688 -3.056613255
146 -15.606681824 0 0 0.011661258 0.040984869 0.033911766
147 -15.853736877 0.000003815 -0.000000119 0.002245585 0.074275669 -0.065142275
148 -15.151855469 -0.000005722 0.000000238 0.002142212 0.127220906 0.056709579
149 -11.149963379 0.000003815 0 0.002937833 -0.054222169 -0.092332647
150 7.528274536 -8.043749809 -1.232801437 0.004949575 -0.174442134 -0.028853775
151 54.911239624 0.649676323 0.176697254 1.570486209 0.07895275 0.030347038
152 61.183170319 -0.000000715 0.000000954 0.174162246 0.013649947 0.001451626
153 -0.364086866 -2.758008003 4.994803905 0 0 0.000244115
154 -0.364086866 -2.758006096 4.994803905 0 0 0.000244115
155 -0.364086866 -2.758006096 4.994803905 0 0 0.000244115
156 -0.364086866 -2.758006096 4.994803905 0 0 0.000244115
157 -0.364086866 -2.758006096 4.994803905 0 0 0.000244115
158 -0.364086866 -2.758006096 4.994803905 0 0 0.000244115
159 -0.364086866 -2.758006096 4.994803905 0 0 0.000244115
160 -0.364086866 -2.758006096 4.994803905 0 0 0.000244115
161 -0.364086866 -2.758006096 4.994803905 0 0 0.000244115
162 -0.498048782 -4.95163393 0.510848999 0 0 0.000244115
163 -0.364086866 -2.758006096 4.994803905 0 0 0.000244115
time 23
0 -0.364086866 -2.758006096 4.994803905 0 0 0.000244115
1 -0.355712891 -7.47265625 1.084960938 0 -1.570482873 -1.57071714
2 130.809036255 0 -0.000000477 0 0 0
3 6.662017822 -0.142129987 2.521339893 3.10828129 0.009131553 -0.016727583
4 24.360931396 0 0.000011921 0.070012678 0.3077506 -0.024623303
5 24.806396484 -0.00000599 0.765956879 0 -0.368320338 0
6 8.120269775 -0.000001997 0.000003815 0 0 0
7 8.120315552 -0.000000983 0.000001907 0 -0.880742373 0
8 8.120315552 -0.000000983 0.000001907 0 -1.357954675 0
9 5.115219116 7.517074585 -23.079299927 1.56999514 -0.166469207 -0.146690625
10 -13.525115967 0.000007629 -0.000003815 0.008830086 0.113490498 -0.137246406
11 -11.953063965 -0.000007629 0 0.013451934 0.009472549 0.068355841
12 -8.290374756 0 -0.000003815 0.075427261 -0.115103425 -0.128325579
13 -7.875 0.000032425 0.000003815 0.032958511 -0.06551163 -0.118530893
14 -8.78578186 0.000034332 0.000003815 0.168498412 -0.045370171 -0.217300019
15 -8.9037323 0.000001907 0 0.064231466 0.090168514 0.216748694
16 5.903457642 12.714836121 -17.693172455 1.433457203 -0.180488642 -0.190367284
17 -13.525161743 0 -0.000003815 -0.008776844 0.11281988 -0.113899015
18 -11.953033447 -0.000007629 0 0.040969437 -0.020136098 0.084397988
19 -8.290390015 0 0 0.065581154 -0.033685108 0.049775555
20 -7.875 0.000030518 0.000003815 0.013996467 -0.024074855 -0.18967659
21 -8.785797119 0.000038147 0.000003815 0.115130937 0.076527473 -0.241499732
22 -8.903717041 0 -0.000001907 -0.015705409 0.059289989 0.201435082
23 5.115219116 -7.603518486 -23.079322815 -1.650498548 0.215553817 -3.04467991
24 13.525115967 0.000007629 0 0.036853322 -0.086479604 -0.158333904
25 11.953033447 0 0 0.12324969 0.000489081 0.066373197
26 8.290390015 -0.000003815 0.000001907 0.141065001 0.108642817 -0.096267935
27 7.875 -0.000030518 0 0.07180477 0.193243266 -0.095044232
28 8.785766602 -0.000030518 0.000000596 0.150058857 0.010011378 -0.188145333
29 8.9037323 -0.000003815 0.000001907 -0.036635447 0.243227951 0.180604539
30 5.903442383 -12.801283836 -17.693199158 -1.707976828 0.289727021 -2.942528315
31 13.525131226 0 0 0.003859796 -0.032677385 -0.17215525
32 11.953063965 0.000007629 0 0.120531302 0.027319589 0.050429085
33 8.290390015 0.000007629 0 0.132361376 0.187504275 0.105813147
34 7.875 -0.000030518 0 0.047065144 0.230384571 -0.12894022
35 8.785766602 -0.000030518 0.000000954 0.148631182 0.124432322 -0.209788997
36 8.903717041 0 0.000003815 -0.067868375 0.230622324 0.172876127
37 4.435455322 0.000127017 -25.179950714 3.079629207 0.423196004 3.09162055
38 14.171020508 0.000020742 1.280670166 -0.035910045 0.095434654 -0.04960126
39 10.9765625 0.00001812 0.352539063 0.018383415 0.110010044 0.021415052
40 8.120300293 -0.000003576 -0.000015259 0.004566042 0.036515299 -0.000520942
41 8.120285034 -0.000001907 -0.000038147 -0.012350364 -0.058729533 -0.017599435
42 8.120346069 0.000001907 -0.000022888 -0.031588944 0.249713099 -0.004922091
43 8.120361328 0.000001907 0.000061035 -0.06687454 -0.186244054 0.055694943
44 7.146957397 16.179790497 -9.195613861 1.430173583 -0.09329674 -0.224554912
45 -13.525131226 0 0 -0.077863975 -0.085292224 -0.074163885
46 -11.953033447 -0.000013351 -0.000015259 0.065580523 -0.070555822 0.079457815
47 -8.290390015 0.000001907 0 0.119330172 0.046100219 0.096374499
48 -7.875 0.000030518 0 0.037929561 0.078198819 -0.162250815
49 -8.785797119 0.000041962 0 0.065803618 0.202352405 -0.357396265
50 -8.903686523 0.000001907 -0.000001907 -0.048196805 0.130481364 -0.021320125
51 7.147003174 -16.266246796 -9.19562149 -1.70300758 0.200447334 -2.913396532
52 13.525115967 0.000015259 0.000007629 -0.077253853 -0.109867003 -0.093719971
53 11.953018188 0.000011444 0 0.117184901 0.059287265 0.076590098
54 8.290390015 0 0.000003815 0.166164791 0.247497347 0.170187508
55 7.875 -0.000034332 0 0.066889177 0.323384147 -0.098346094
56 8.78578186 -0.000038147 0.000003219 0.104600407 0.304324019 -0.337921557
57 8.903717041 0 -0.000007629 -0.113375717 0.227277213 0.151429111
58 -5.36730957 8.366906166 8.703117371 1.811741568 -0.74994085 3.111453155
59 13.525115967 0.000015259 -0.000001907 -0.294796652 0.025796171 -0.029052018
60 -3.441879272 -10.792385101 9.377006531 1.755865743 -0.870390895 -3.056348602
61 13.525115967 -0.000007629 0.000003815 -0.407423147 0.132327215 -0.480456637
62 11.953048706 0.000015259 0.000003815 0.197867304 -0.038690536 -0.447857653
63 8.290359497 0.000002861 0 0.114431611 -0.039223051 0.014529388
64 7.875 -0.00002861 0.000001907 0.063032522 -0.084696362 0.025680505
65 19.39491272 -14.052383423 -0.467086792 0.923422995 0.066173907 -2.826565786
66 26.240753174 0.000003815 0.000007629 -0.257708916 -0.013275872 0.046027297
67 31.971000671 0.000003815 0.000003815 -0.140725825 0.128014369 0.08499096
68 4.627235413 -2.31129837 4.185634613 -0.024611287 -0.558422955 -0.444239217
69 2.980117798 -0.000004292 -0.000007629 -0.044814452 -0.161464923 0.279695347
70 1.982421875 0.000015259 0.000015259 0 0 0.079605056
71 10.844871521 -1.281562805 -1.331679344 0.003154845 -0.01855101 -1.502721343
72 3.98828125 0 0.000037193 0.024656551 0.116612118 -1.30426207
73 2.26953125 -0.000015259 -0.000010133 0.010246566 0.020303916 -1.235445909
74 10.908851624 -1.237388611 0.829589844 0.008182385 -0.019760774 -1.502678948
75 3.989425659 -0.000015259 0.000037193 0.003562594 0.093803498 -1.240572344
76 3.478279114 0 -0.000015974 0.01062322 -0.039586617 -1.338501469
77 10.291885376 -1.202156067 -3.344136238 0.018038834 -0.023865117 -1.537453755
78 2.757148743 0 0.000027657 -0.00454994 -0.095548155 -1.291608045
79 1.775390625 -0.000007629 -0.000009537 0.198076059 0.357239486 -1.30316968
80 10.971855164 -1.19392395 2.957341194 -0.012167132 -0.015944087 -1.622309173
81 3.82421875 -0.000007629 0.000035286 -0.000576872 0.002168828 -1.309510829
82 2.94140625 -0.000007629 -0.000013351 0.003967107 0.006944486 -1.466881704
83 -0.000015259 0.000007629 0 0.325515638 0.482825139 -0.826520276
84 19.39491272 13.160593033 -0.467075348 -2.23007095 -0.265526898 -0.356122119
85 -26.240753174 -0.000003815 -0.000003815 -0.037232593 0.053457811 0.125004376
86 -31.971000671 0.000015259 0 -0.640439261 0.213481567 -0.19331895
87 -11.614601135 3.933105469 0.069384575 -1.578444876 1.529198549 -2.544968004
88 -10.484527588 1.069198608 3.539872169 -3.131584703 0.028220486 2.411526648
89 2.757156372 0.000002265 0.000026703 -0.011712134 0.035128624 1.019560794
90 1.775390625 0.000007629 -0.000023842 -0.261071927 -0.262843666 1.059935836
91 -11.046470642 1.142402649 1.529694557 -3.130487012 0.018259081 2.114134707
92 3.98828125 0 0.000038147 0.004872241 -0.009924216 1.610032301
93 2.26953125 0.000007629 0.000000954 -0.076539319 -0.095407065 1.438172442
94 -11.192642212 1.041526794 -2.758434296 -3.116629264 0.004012045 2.226905852
95 3.82421875 0.000038147 0.000051498 0.00053161 0.002187187 1.610324685
96 8.785812378 -0.000034332 0.000000954 0.08229373 0.071373082 -0.580233542
97 2.94140625 0.000007629 -0.000011444 -0.004550553 0.006091757 1.767588569
98 -11.120124817 1.091545105 -0.631118774 -3.132136147 0.020772815 2.221577138
99 3.98941803 0.000001907 0.000052452 0.021444626 0.041947477 1.751021405
100 3.478290558 0.000022888 -0.00001049 -0.001306817 0.004312204 1.848998194
101 -4.853614807 2.155082703 -4.018517494 3.123057975 0.125574955 2.46129872
102 2.980110168 -0.00000906 0.000011921 0.038574713 -0.163808097 -0.240289671
103 1.982421875 -0.000009537 0.000034332 0 0 -0.040571652
104 0.000015259 -0.000007629 -0.000003815 -0.002615411 -0.115979931 -0.842963284
105 7.08984375 0 -0.000000477 3.141592654 -0.174494806 3.141592654
106 7.528259277 8.168075562 -1.23279953 -3.136643079 0.174442134 -3.112738881
107 -54.911224365 -0.64967823 -0.176695824 1.570486209 0.07895275 0.030347038
108 -61.183189392 0.000000954 0 0.173988939 0.013650073 0.001450443
109 8.588684082 0 1.514415741 0 0 0
110 4.260505676 -21.349506378 -3.218473434 0.025554096 0.035578563 -0.098874233
111 15.606674194 0 -0.000012398 0.000729231 -0.037630147 -0.052509624
112 15.853752136 0 -0.00000608 0.008371874 -0.072177776 -0.107197473
113 15.151855469 0.000003815 0.000000715 0.003768058 -0.129542636 -0.014084239
114 11.14995575 0 -0.000006676 -0.023859795 0.050138924 -0.093112163
115 1.725082397 -0.142127991 11.160655975 -1.535699624 -0.153065565 -0.106696308
116 15.606681824 -0.000001907 0 -0.00592126 -0.019319645 0.005322798
117 15.853729248 0.000003815 0.000000119 -0.001458363 -0.037013755 -0.065855894
118 15.151863098 -0.000001907 0.000000238 0.002695891 -0.066423546 -0.096682563
119 11.149963379 0 0 -0.006124563 0.012049173 0.043902865
120 6.678688049 -0.142132998 -16.932613373 1.554309772 -0.036659514 3.039412372
121 -15.606689453 0.000003815 0 0.005943478 0.016750191 -0.001503983
122 -15.853752136 0.000007629 0.00000608 0.001513406 0.032624808 -0.076653584
123 -15.151855469 -0.000003815 -0.000000238 -0.003075033 0.060266811 -0.110511802
124 -11.14994812 -0.000007629 0.000006676 0.00368731 -0.012945386 0.043915888
125 2.507644653 15.93921566 6.722552299 -1.62096482 0.114863883 -2.908236867
126 -15.606697083 0 0 0.021383475 0.05851486 0.001834848
127 -15.853752136 -0.000000954 0.000013351 0.026953299 -0.022700066 0.100138225
128 -15.151855469 -0.000001907 0.000007629 -0.002033342 0.035917002 0.006956282
129 -11.149963379 -0.000003815 -0.000003815 -0.014527701 0.013514361 -0.115314089
130 2.507621765 -17.075353622 6.722564697 -1.581967017 -0.102982161 -0.252759312
131 15.606674194 0 0.000003815 0.011160109 0.026503038 -0.030844255
132 15.853736877 -0.000001907 0.000003815 0.018091149 -0.085129162 0.035778083
133 15.151870728 0.000001431 0 -0.001747541 -0.079397745 -0.112722584
134 11.149963379 0.000000954 -0.000015259 -0.021436094 0.01021198 -0.005634125
135 5.893127441 15.939212799 -12.477539063 3.10284962 -0.112758875 0.142556903
136 15.606674194 0 0.000026703 -0.002414474 0.047113329 -0.018188695
137 15.853744507 -0.000003815 -0.000011921 0.012074025 -0.044942028 0.062335441
138 15.151855469 0.000003815 0 -0.004821085 -0.00619107 -0.06058917
139 11.149963379 0.000003815 -0.000007629 -0.00062377 -0.055368203 -0.049207105
140 5.893135071 -17.075361252 -12.477552414 1.492037061 0.00459029 2.89222218
141 -15.606658936 0 0.000007629 0.008960666 0.064414398 -0.038231311
142 -15.853729248 -0.000000954 -0.000011444 0.01971305 -0.012143445 0.02336057
143 -15.151832581 -0.000003815 -0.000007629 -0.007720737 0.051486295 -0.131625633
144 -11.149932861 -0.000003815 -0.000011444 0.004708796 -0.014053935 -0.006765993
145 4.260475159 20.773918152 -3.218482971 -0.014492017 -0.031957177 -3.056645976
146 -15.606681824 0 0 0.01123861 0.036588932 0.033790572
147 -15.853736877 0.000003815 -0.000000119 0.002539165 0.070482984 -0.065218136
148 -15.151855469 -0.000005722 0.000000238 0.002899455 0.126939834 0.05649735
149 -11.149963379 0.000003815 0 0.003001002 -0.055429376 -0.092597034
150 7.528274536 -8.043749809 -1.232801437 0.004949575 -0.174442134 -0.028853775
151 54.911239624 0.649676323 0.176697254 1.570486209 0.07895275 0.030347038
152 61.183170319 -0.000000715 0.000000954 0.174162246 0.013649947 0.001451626
153 -0.364086866 -2.758008003 4.994803905 0 0 0.000244115
154 -0.364086866 -2.758006096 4.994803905 0 0 0.000244115
155 -0.364086866 -2.758006096 4.994803905 0 0 0.000244115
156 -0.364086866 -2.758006096 4.994803905 0 0 0.000244115
157 -0.364086866 -2.758006096 4.994803905 0 0 0.000244115
158 -0.364086866 -2.758006096 4.994803905 0 0 0.000244115
159 -0.364086866 -2.758006096 4.994803905 0 0 0.000244115
160 -0.364086866 -2.758006096 4.994803905 0 0 0.000244115
161 -0.364086866 -2.758006096 4.994803905 0 0 0.000244115
162 -0.498048782 -4.95163393 0.510848999 0 0 0.000244115
163 -0.364086866 -2.758006096 4.994803905 0 0 0.000244115
time 24
0 -0.364086866 -2.758006096 4.994803905 0 0 0.000244115
1 -0.355712891 -7.47265625 1.084960938 0 -1.570482873 -1.57071714
2 130.809036255 0 -0.000000477 0 0 0
3 6.662017822 -0.142129987 2.521339893 3.107158232 0.009119192 -0.016905324
4 24.360931396 0 0.000011921 0.070287597 0.310761191 -0.025529912
5 24.806396484 -0.00000599 0.765956879 0 -0.368320338 0
6 8.120269775 -0.000001997 0.000003815 0 0 0
7 8.120315552 -0.000000983 0.000001907 0 -0.880742373 0
8 8.120315552 -0.000000983 0.000001907 0 -1.357954675 0
9 5.115219116 7.517074585 -23.079299927 1.571102398 -0.166031697 -0.14874547
10 -13.525115967 0.000007629 -0.000003815 0.009447901 0.109758626 -0.141721123
11 -11.953063965 -0.000007629 0 0.013583393 0.015682539 0.06900461
12 -8.290374756 0 -0.000003815 0.073889256 -0.104961885 -0.11569238
13 -7.875 0.000032425 0.000003815 0.033236791 -0.069921676 -0.111700695
14 -8.78578186 0.000034332 0.000003815 0.17079997 -0.059728514 -0.22631605
15 -8.9037323 0.000001907 0 0.066823242 0.094074335 0.231900733
16 5.903457642 12.714836121 -17.693172455 1.434414296 -0.179718089 -0.19203726
17 -13.525161743 0 -0.000003815 -0.008225122 0.109902027 -0.119475076
18 -11.953033447 -0.000007629 0 0.041228692 -0.015695198 0.086386655
19 -8.290390015 0 0 0.065339146 -0.025783765 0.064464622
20 -7.875 0.000030518 0.000003815 0.014241539 -0.026098177 -0.180853408
21 -8.785797119 0.000038147 0.000003815 0.116904099 0.065785865 -0.252926469
22 -8.903717041 0 -0.000001907 -0.015737986 0.059638729 0.217062717
23 5.115219116 -7.603518486 -23.079322815 -1.65183396 0.216130686 -3.047057162
24 13.525115967 0.000007629 0 0.03637866 -0.084393733 -0.161214744
25 11.953033447 0 0 0.123424489 -0.00742119 0.064068179
26 8.290390015 -0.000003815 0.000001907 0.142083698 0.10265303 -0.086043048
27 7.875 -0.000030518 0 0.071930697 0.205067204 -0.088664307
28 8.785766602 -0.000030518 0.000000596 0.149124045 0.022340324 -0.198277377
29 8.9037323 -0.000003815 0.000001907 -0.036552126 0.250533793 0.19437477
30 5.903442383 -12.801283836 -17.693199158 -1.7092488 0.290751319 -2.944565258
31 13.525131226 0 0 0.003433452 -0.031326951 -0.174483642
32 11.953063965 0.000007629 0 0.120742188 0.020443501 0.046727506
33 8.290390015 0.000007629 0 0.13325496 0.182535985 0.113719846
34 7.875 -0.000030518 0 0.047569063 0.242355264 -0.117881666
35 8.785766602 -0.000030518 0.000000954 0.147621663 0.137079957 -0.215542447
36 8.903717041 0 0.000003815 -0.071214807 0.235570685 0.18652434
37 4.435455322 0.000127017 -25.179950714 3.079004844 0.423095098 3.091578007
38 14.171020508 0.000020742 1.280670166 -0.036427776 0.095715015 -0.04764322
39 10.9765625 0.00001812 0.352539063 0.018651936 0.11005165 0.026271862
40 8.120300293 -0.000003576 -0.000015259 0.005182387 0.036674357 0.004843279
41 8.120285034 -0.000001907 -0.000038147 -0.0124564 -0.058812345 -0.01690496
42 8.120346069 0.000001907 -0.000022888 -0.030902326 0.247273412 -0.016976269
43 8.120361328 0.000001907 0.000061035 -0.069268965 -0.201724703 0.05571797
44 7.146957397 16.179790497 -9.195613861 1.430996393 -0.092476265 -0.225564908
45 -13.525131226 0 0 -0.076638313 -0.087251264 -0.081065109
46 -11.953033447 -0.000013351 -0.000015259 0.06629669 -0.068564694 0.081053553
47 -8.290390015 0.000001907 0 0.120554525 0.050586092 0.113312105
48 -7.875 0.000030518 0 0.038970744 0.079241841 -0.150927418
49 -8.785797119 0.000041962 0 0.067849845 0.195989773 -0.368514195
50 -8.903686523 0.000001907 -0.000001907 -0.04829752 0.130678493 -0.005670107
51 7.147003174 -16.266246796 -9.19562149 -1.704069635 0.201702712 -2.91480326
52 13.525115967 0.000015259 0.000007629 -0.07739966 -0.108204466 -0.097323569
53 11.953018188 0.000011444 0 0.117106377 0.054093712 0.072123083
54 8.290390015 0 0.000003815 0.167108884 0.241450179 0.179981033
55 7.875 -0.000034332 0 0.068681677 0.332848911 -0.083514568
56 8.78578186 -0.000038147 0.000003219 0.103575009 0.317109792 -0.343885396
57 8.903717041 0 -0.000007629 -0.121208638 0.230729314 0.162883782
58 -5.36730957 8.366906166 8.703117371 1.810862188 -0.75035799 3.11187995
59 13.525115967 0.000015259 -0.000001907 -0.294796652 0.025796171 -0.029052018
60 -3.441879272 -10.792385101 9.377006531 1.754730331 -0.869965949 -3.055657923
61 13.525115967 -0.000007629 0.000003815 -0.407372065 0.132276337 -0.479351801
62 11.953048706 0.000015259 0.000003815 0.198562397 -0.039455676 -0.447521752
63 8.290359497 0.000002861 0 0.114406722 -0.036995954 0.011889882
64 7.875 -0.00002861 0.000001907 0.062873148 -0.081139129 0.019919418
65 19.39491272 -14.052383423 -0.467086792 0.92005549 0.062360417 -2.81842743
66 26.240753174 0.000003815 0.000007629 -0.257623558 -0.013244603 0.046283604
67 31.971000671 0.000003815 0.000003815 -0.138609203 0.129108616 0.091905146
68 4.627235413 -2.31129837 4.185634613 -0.024611287 -0.558422955 -0.444239217
69 2.980117798 -0.000004292 -0.000007629 -0.044814452 -0.161464923 0.279695347
70 1.982421875 0.000015259 0.000015259 0 0 0.079605056
71 10.844871521 -1.281562805 -1.331679344 0.003154845 -0.01855101 -1.502721343
72 3.98828125 0 0.000037193 0.024656551 0.116612118 -1.30426207
73 2.26953125 -0.000015259 -0.000010133 0.010246566 0.020303916 -1.235445909
74 10.908851624 -1.237388611 0.829589844 0.008182385 -0.019760774 -1.502678948
75 3.989425659 -0.000015259 0.000037193 0.003562594 0.093803498 -1.240572344
76 3.478279114 0 -0.000015974 0.01062322 -0.039586617 -1.338501469
77 10.291885376 -1.202156067 -3.344136238 0.018038834 -0.023865117 -1.537453755
78 2.757148743 0 0.000027657 -0.00454994 -0.095548155 -1.291608045
79 1.775390625 -0.000007629 -0.000009537 0.198076059 0.357239486 -1.30316968
80 10.971855164 -1.19392395 2.957341194 -0.012167132 -0.015944087 -1.622309173
81 3.82421875 -0.000007629 0.000035286 -0.000576872 0.002168828 -1.309510829
82 2.94140625 -0.000007629 -0.000013351 0.003967107 0.006944486 -1.466881704
83 -0.000015259 0.000007629 0 0.328115716 0.471037576 -0.819374458
84 19.39491272 13.160593033 -0.467075348 -2.226044004 -0.266013668 -0.357059681
85 -26.240753174 -0.000003815 -0.000003815 -0.033245831 0.053552803 0.125018611
86 -31.971000671 0.000015259 0 -0.640439261 0.213481567 -0.19331895
87 -11.614601135 3.933105469 0.069384575 -1.578444876 1.529198549 -2.544968004
88 -10.484527588 1.069198608 3.539872169 -3.131584703 0.028220486 2.411526648
89 2.757156372 0.000002265 0.000026703 -0.011712134 0.035128624 1.019560794
90 1.775390625 0.000007629 -0.000023842 -0.261071927 -0.262843666 1.059935836
91 -11.046470642 1.142402649 1.529694557 -3.130487012 0.018259081 2.114134707
92 3.98828125 0 0.000038147 0.004872241 -0.009924216 1.610032301
93 2.26953125 0.000007629 0.000000954 -0.076539319 -0.095407065 1.438172442
94 -11.192642212 1.041526794 -2.758434296 -3.116629264 0.004012045 2.226905852
95 3.82421875 0.000038147 0.000051498 0.00053161 0.002187187 1.610324685
96 8.785812378 -0.000034332 0.000000954 0.08229373 0.071373082 -0.580233542
97 2.94140625 0.000007629 -0.000011444 -0.004550553 0.006091757 1.767588569
98 -11.120124817 1.091545105 -0.631118774 -3.132136147 0.020772815 2.221577138
99 3.98941803 0.000001907 0.000052452 0.021444626 0.041947477 1.751021405
100 3.478290558 0.000022888 -0.00001049 -0.001306817 0.004312204 1.848998194
101 -4.853614807 2.155082703 -4.018517494 3.123057975 0.125574955 2.46129872
102 2.980110168 -0.00000906 0.000011921 0.038574713 -0.163808097 -0.240289671
103 1.982421875 -0.000009537 0.000034332 0 0 -0.040571652
104 0.000015259 -0.000007629 -0.000003815 -0.002057259 -0.119065167 -0.840231445
105 7.08984375 0 -0.000000477 3.141592654 -0.174494806 3.141592654
106 7.528259277 8.168075562 -1.23279953 -3.136643079 0.174442134 -3.112738881
107 -54.911224365 -0.64967823 -0.176695824 1.570486209 0.07895275 0.030347038
108 -61.183189392 0.000000954 0 0.173988939 0.013650073 0.001450443
109 8.588684082 0 1.514415741 0 0 0
110 4.260505676 -21.349506378 -3.218473434 0.025770641 0.039913146 -0.098991599
111 15.606674194 0 -0.000012398 0.000681363 -0.032363485 -0.052763581
112 15.853752136 0 -0.00000608 0.008551222 -0.067323886 -0.107433617
113 15.151855469 0.000003815 0.000000715 0.004448848 -0.127634909 -0.014123296
114 11.14995575 0 -0.000006676 -0.024242046 0.050810699 -0.093303786
115 1.725082397 -0.142127991 11.160655975 -1.535012937 -0.151589715 -0.108862876
116 15.606681824 -0.000001907 0 -0.005672263 -0.016638562 0.007384413
117 15.853729248 0.000003815 0.000000119 -0.001756634 -0.034515037 -0.063346237
118 15.151863098 -0.000001907 0.000000238 0.002574517 -0.065564081 -0.094255129
119 11.149963379 0 0 -0.006204256 0.012139776 0.044679179
120 6.678688049 -0.142132998 -16.932613373 1.554004154 -0.039016207 3.037479169
121 -15.606689453 0.000003815 0 0.005706009 0.0143252 0.00124934
122 -15.853752136 0.000007629 0.00000608 0.001815857 0.030299891 -0.073971338
123 -15.151855469 -0.000003815 -0.000000238 -0.002886315 0.05897974 -0.109464296
124 -11.14994812 -0.000007629 0.000006676 0.003764727 -0.01312134 0.044692141
125 2.507644653 15.93921566 6.722552299 -1.621529775 0.112647076 -2.906501876
126 -15.606697083 0 0 0.020702159 0.056556276 -0.000796098
127 -15.853752136 -0.000000954 0.000013351 0.027492266 -0.024593618 0.097687302
128 -15.151855469 -0.000001907 0.000007629 -0.001360342 0.035137047 0.006105545
129 -11.149963379 -0.000003815 -0.000003815 -0.01463419 0.013762213 -0.116094961
130 2.507621765 -17.075353622 6.722564697 -1.581715257 -0.101619951 -0.254865505
131 15.606674194 0 0.000003815 0.011064346 0.028993827 -0.028846524
132 15.853736877 -0.000001907 0.000003815 0.017857813 -0.08281558 0.038226368
133 15.151870728 0.000001431 0 -0.001808633 -0.078528199 -0.110209993
134 11.149963379 0.000000954 -0.000015259 -0.021604994 0.010306198 -0.004859104
135 5.893127441 15.939212799 -12.477539063 3.103648913 -0.1124678 0.142590704
136 15.606674194 0 0.000026703 -0.001890986 0.046772773 -0.018089618
137 15.853744507 -0.000003815 -0.000011921 0.011543332 -0.045271564 0.062431982
138 15.151855469 0.000003815 0 -0.005506639 -0.006384065 -0.060413874
139 11.149963379 0.000003815 -0.000007629 -0.000520669 -0.056142971 -0.04912391
140 5.893135071 -17.075361252 -12.477552414 1.491989848 0.002102701 2.890165683
141 -15.606658936 0 0.000007629 0.00918837 0.061725982 -0.035298026
142 -15.853729248 -0.000000954 -0.000011444 0.019836548 -0.014675822 0.026097474
143 -15.151832581 -0.000003815 -0.000007629 -0.007888203 0.05052598 -0.13049969
144 -11.149932861 -0.000003815 -0.000011444 0.004877384 -0.01431399 -0.006077262
145 4.260475159 20.773918152 -3.218482971 -0.014931679 -0.036172354 -3.05660429
146 -15.606681824 0 0 0.010717059 0.031417759 0.033665443
147 -15.853736877 0.000003815 -0.000000119 0.002774689 0.065738389 -0.065383976
148 -15.151855469 -0.000005722 0.000000238 0.003525919 0.124932175 0.056357037
149 -11.149963379 0.000003815 0 0.003041956 -0.056205428 -0.092773245
150 7.528274536 -8.043749809 -1.232801437 0.004949575 -0.174442134 -0.028853775
151 54.911239624 0.649676323 0.176697254 1.570486209 0.07895275 0.030347038
152 61.183170319 -0.000000715 0.000000954 0.174162246 0.013649947 0.001451626
153 -0.364086866 -2.758008003 4.994803905 0 0 0.000244115
154 -0.364086866 -2.758006096 4.994803905 0 0 0.000244115
155 -0.364086866 -2.758006096 4.994803905 0 0 0.000244115
156 -0.364086866 -2.758006096 4.994803905 0 0 0.000244115
157 -0.364086866 -2.758006096 4.994803905 0 0 0.000244115
158 -0.364086866 -2.758006096 4.994803905 0 0 0.000244115
159 -0.364086866 -2.758006096 4.994803905 0 0 0.000244115
160 -0.364086866 -2.758006096 4.994803905 0 0 0.000244115
161 -0.364086866 -2.758006096 4.994803905 0 0 0.000244115
162 -0.498048782 -4.95163393 0.510848999 0 0 0.000244115
163 -0.364086866 -2.758006096 4.994803905 0 0 0.000244115
time 25
0 -0.364086866 -2.758006096 4.994803905 0 0 0.000244115
1 -0.355712891 -7.47265625 1.084960938 0 -1.570482873 -1.57071714
2 130.809036255 0 -0.000000477 0 0 0
3 6.662017822 -0.142129987 2.521339893 3.106121135 0.009195205 -0.016997891
4 24.360931396 0 0.000011921 0.070499753 0.313328833 -0.026285909
5 24.806396484 -0.00000599 0.765956879 0 -0.368320338 0
6 8.120269775 -0.000001997 0.000003815 0 0 0
7 8.120315552 -0.000000983 0.000001907 0 -0.880742373 0
8 8.120315552 -0.000000983 0.000001907 0 -1.357954675 0
9 5.115219116 7.517074585 -23.079299927 1.571683118 -0.166118672 -0.150022738
10 -13.525115967 0.000007629 -0.000003815 0.010199072 0.105434683 -0.146452192
11 -11.953063965 -0.000007629 0 0.013739 0.020433145 0.068176245
12 -8.290374756 0 -0.000003815 0.072545945 -0.093925976 -0.103497111
13 -7.875 0.000032425 0.000003815 0.033231374 -0.072295279 -0.103266935
14 -8.78578186 0.000034332 0.000003815 0.173178443 -0.074118334 -0.233821436
15 -8.9037323 0.000001907 0 0.069330499 0.097534042 0.246884126
16 5.903457642 12.714836121 -17.693172455 1.434941011 -0.179743197 -0.193067756
17 -13.525161743 0 -0.000003815 -0.007571309 0.10656047 -0.125564178
18 -11.953033447 -0.000007629 0 0.041548885 -0.012255638 0.086541274
19 -8.290390015 0 0 0.065410986 -0.017443352 0.078734257
20 -7.875 0.000030518 0.000003815 0.01430876 -0.026590313 -0.170026022
21 -8.785797119 0.000038147 0.000003815 0.118849675 0.055036785 -0.262374351
22 -8.903717041 0 -0.000001907 -0.015859321 0.059999652 0.232440433
23 5.115219116 -7.603518486 -23.079322815 -1.65277926 0.217025043 -3.048728213
24 13.525115967 0.000007629 0 0.035840339 -0.08162087 -0.164079494
25 11.953033447 0 0 0.123479451 -0.014406143 0.060868633
26 8.290390015 -0.000003815 0.000001907 0.143067862 0.09530958 -0.076359792
27 7.875 -0.000030518 0 0.072424359 0.215465518 -0.08089369
28 8.785766602 -0.000030518 0.000000596 0.147731374 0.036431455 -0.207006902
29 8.9037323 -0.000003815 0.000001907 -0.036126685 0.257908024 0.20795138
30 5.903442383 -12.801283836 -17.693199158 -1.710313999 0.291841327 -2.94626733
31 13.525131226 0 0 0.002948043 -0.029375902 -0.176636997
32 11.953063965 0.000007629 0 0.120905745 0.014392571 0.04229656
33 8.290390015 0.000007629 0 0.133808792 0.176092537 0.120352295
34 7.875 -0.000030518 0 0.048317068 0.252918166 -0.105843411
35 8.785766602 -0.000030518 0.000000954 0.146266232 0.151264521 -0.21915109
36 8.903717041 0 0.000003815 -0.074250539 0.24071502 0.199946254
37 4.435455322 0.000127017 -25.179950714 3.078661187 0.423100719 3.092033784
38 14.171020508 0.000020742 1.280670166 -0.036965814 0.095988515 -0.046118437
39 10.9765625 0.00001812 0.352539063 0.018827392 0.110268455 0.0309526
40 8.120300293 -0.000003576 -0.000015259 0.005639461 0.037088538 0.010809806
41 8.120285034 -0.000001907 -0.000038147 -0.012536947 -0.058536565 -0.014227149
42 8.120346069 0.000001907 -0.000022888 -0.02934672 0.245079306 -0.025707393
43 8.120361328 0.000001907 0.000061035 -0.07150068 -0.216959131 0.055840569
44 7.146957397 16.179790497 -9.195613861 1.431430676 -0.092529934 -0.226133091
45 -13.525131226 0 0 -0.075456135 -0.089398903 -0.088480851
46 -11.953033447 -0.000013351 -0.000015259 0.067062006 -0.067109047 0.080556228
47 -8.290390015 0.000001907 0 0.121929648 0.055095698 0.129492729
48 -7.875 0.000030518 0 0.039958085 0.081175983 -0.137515084
49 -8.785797119 0.000041962 0 0.070153498 0.190273226 -0.377234693
50 -8.903686523 0.000001907 -0.000001907 -0.048687212 0.130875968 0.009528448
51 7.147003174 -16.266246796 -9.19562149 -1.704893304 0.203261953 -2.915896141
52 13.525115967 0.000015259 0.000007629 -0.077749224 -0.106033999 -0.100935433
53 11.953018188 0.000011444 0 0.117056595 0.04964011 0.066837252
54 8.290390015 0 0.000003815 0.167631574 0.234485889 0.188314827
55 7.875 -0.000034332 0 0.070774264 0.341044137 -0.067494258
56 8.78578186 -0.000038147 0.000003219 0.102349119 0.330919876 -0.347318241
57 8.903717041 0 -0.000007629 -0.128574446 0.234493639 0.174192018
58 -5.36730957 8.366906166 8.703117371 1.810033462 -0.750701753 3.112230347
59 13.525115967 0.000015259 -0.000001907 -0.294796652 0.025796171 -0.029052018
60 -3.441879272 -10.792385101 9.377006531 1.753661687 -0.869408902 -3.054989218
61 13.525115967 -0.000007629 0.000003815 -0.407315635 0.132243371 -0.478159798
62 11.953048706 0.000015259 0.000003815 0.199208378 -0.040425261 -0.447027806
63 8.290359497 0.000002861 0 0.114541314 -0.034966926 0.009668765
64 7.875 -0.00002861 0.000001907 0.06278054 -0.077584418 0.014156223
65 19.39491272 -14.052383423 -0.467086792 0.916976232 0.059255597 -2.811357771
66 26.240753174 0.000003815 0.000007629 -0.257797045 -0.013251673 0.04619913
67 31.971000671 0.000003815 0.000003815 -0.136721528 0.1298867 0.09804751
68 4.627235413 -2.31129837 4.185634613 -0.024611287 -0.558422955 -0.444239217
69 2.980117798 -0.000004292 -0.000007629 -0.044814452 -0.161464923 0.279695347
70 1.982421875 0.000015259 0.000015259 0 0 0.079605056
71 10.844871521 -1.281562805 -1.331679344 0.003154845 -0.01855101 -1.502721343
72 3.98828125 0 0.000037193 0.024656551 0.116612118 -1.30426207
73 2.26953125 -0.000015259 -0.000010133 0.010246566 0.020303916 -1.235445909
74 10.908851624 -1.237388611 0.829589844 0.008182385 -0.019760774 -1.502678948
75 3.989425659 -0.000015259 0.000037193 0.003562594 0.093803498 -1.240572344
76 3.478279114 0 -0.000015974 0.01062322 -0.039586617 -1.338501469
77 10.291885376 -1.202156067 -3.344136238 0.018038834 -0.023865117 -1.537453755
78 2.757148743 0 0.000027657 -0.00454994 -0.095548155 -1.291608045
79 1.775390625 -0.000007629 -0.000009537 0.198076059 0.357239486 -1.30316968
80 10.971855164 -1.19392395 2.957341194 -0.012167132 -0.015944087 -1.622309173
81 3.82421875 -0.000007629 0.000035286 -0.000576872 0.002168828 -1.309510829
82 2.94140625 -0.000007629 -0.000013351 0.003967107 0.006944486 -1.466881704
83 -0.000015259 0.000007629 0 0.330978362 0.458381722 -0.811648256
84 19.39491272 13.160593033 -0.467075348 -2.222645453 -0.266449094 -0.357836751
85 -26.240753174 -0.000003815 -0.000003815 -0.029776676 0.053680331 0.125019907
86 -31.971000671 0.000015259 0 -0.640439261 0.213481567 -0.19331895
87 -11.614601135 3.933105469 0.069384575 -1.578444876 1.529198549 -2.544968004
88 -10.484527588 1.069198608 3.539872169 -3.131584703 0.028220486 2.411526648
89 2.757156372 0.000002265 0.000026703 -0.011712134 0.035128624 1.019560794
90 1.775390625 0.000007629 -0.000023842 -0.261071927 -0.262843666 1.059935836
91 -11.046470642 1.142402649 1.529694557 -3.130487012 0.018259081 2.114134707
92 3.98828125 0 0.000038147 0.004872241 -0.009924216 1.610032301
93 2.26953125 0.000007629 0.000000954 -0.076539319 -0.095407065 1.438172442
94 -11.192642212 1.041526794 -2.758434296 -3.116629264 0.004012045 2.226905852
95 3.82421875 0.000038147 0.000051498 0.00053161 0.002187187 1.610324685
96 8.785812378 -0.000034332 0.000000954 0.08229373 0.071373082 -0.580233542
97 2.94140625 0.000007629 -0.000011444 -0.004550553 0.006091757 1.767588569
98 -11.120124817 1.091545105 -0.631118774 -3.132136147 0.020772815 2.221577138
99 3.98941803 0.000001907 0.000052452 0.021444626 0.041947477 1.751021405
100 3.478290558 0.000022888 -0.00001049 -0.001306817 0.004312204 1.848998194
101 -4.853614807 2.155082703 -4.018517494 3.123057975 0.125574955 2.46129872
102 2.980110168 -0.00000906 0.000011921 0.038574713 -0.163808097 -0.240289671
103 1.982421875 -0.000009537 0.000034332 0 0 -0.040571652
104 0.000015259 -0.000007629 -0.000003815 -0.001646921 -0.121564626 -0.837953652
105 7.08984375 0 -0.000000477 3.141592654 -0.174494806 3.141592654
106 7.528259277 8.168075562 -1.23279953 -3.136643079 0.174442134 -3.112738881
107 -54.911224365 -0.64967823 -0.176695824 1.570486209 0.07895275 0.030347038
108 -61.183189392 0.000000954 0 0.173988939 0.013650073 0.001450443
109 8.588684082 0 1.514415741 0 0 0
110 4.260505676 -21.349506378 -3.218473434 0.025896533 0.042600005 -0.099043576
111 15.606674194 0 -0.000012398 0.000700166 -0.026404407 -0.053018552
112 15.853752136 0 -0.00000608 0.008586974 -0.061440201 -0.107658825
113 15.151855469 0.000003815 0.000000715 0.005122546 -0.124083886 -0.014242165
114 11.14995575 0 -0.000006676 -0.024340614 0.051065402 -0.093309747
115 1.725082397 -0.142127991 11.160655975 -1.534600072 -0.150628225 -0.11028331
116 15.606681824 -0.000001907 0 -0.005417295 -0.013612304 0.009618326
117 15.853729248 0.000003815 0.000000119 -0.002065821 -0.031583978 -0.06057859
118 15.151863098 -0.000001907 0.000000238 0.002312524 -0.063846309 -0.091302494
119 11.149963379 0 0 -0.006287048 0.012228814 0.044937433
120 6.678688049 -0.142132998 -16.932613373 1.553704246 -0.040509455 3.036395692
121 -15.606689453 0.000003815 0 0.005464377 0.011640547 0.004520374
122 -15.853752136 0.000007629 0.00000608 0.002134564 0.027542361 -0.070771874
123 -15.151855469 -0.000003815 -0.000000238 -0.002715924 0.056913104 -0.107464162
124 -11.14994812 -0.000007629 0.000006676 0.003761089 -0.013208125 0.044951036
125 2.507644653 15.93921566 6.722552299 -1.62193917 0.111313782 -2.905451461
126 -15.606697083 0 0 0.019839515 0.054341876 -0.003951146
127 -15.853752136 -0.000000954 0.000013351 0.027854103 -0.02681535 0.094714808
128 -15.151855469 -0.000001907 0.000007629 -0.000703041 0.033666746 0.004390945
129 -11.149963379 -0.000003815 -0.000003815 -0.014641002 0.013846485 -0.116355053
130 2.507621765 -17.075353622 6.722564697 -1.581627389 -0.100823173 -0.256163065
131 15.606674194 0 0.000003815 0.01088541 0.031828057 -0.026675862
132 15.853736877 -0.000001907 0.000003815 0.017631783 -0.079899394 0.040937742
133 15.151870728 0.000001431 0 -0.001848988 -0.076704777 -0.107264904
134 11.149963379 0.000000954 -0.000015259 -0.021690194 0.01039511 -0.004601541
135 5.893127441 15.939212799 -12.477539063 3.104100631 -0.112239954 0.142559481
136 15.606674194 0 0.000026703 -0.001193993 0.046347388 -0.017986623
137 15.853744507 -0.000003815 -0.000011921 0.011182607 -0.045692747 0.062524418
138 15.151855469 0.000003815 0 -0.006189633 -0.006663219 -0.060238205
139 11.149963379 0.000003815 -0.000007629 -0.000516739 -0.056401925 -0.049037757
140 5.893135071 -17.075361252 -12.477552414 1.491876109 0.000495723 2.888812442
141 -15.606658936 0 0.000007629 0.009337596 0.058516496 -0.032111124
142 -15.853729248 -0.000000954 -0.000011444 0.019854896 -0.017730324 0.02934799
143 -15.151832581 -0.000003815 -0.000007629 -0.007974046 0.048621566 -0.12850116
144 -11.149932861 -0.000003815 -0.000011444 0.004961854 -0.014314371 -0.00581891
145 4.260475159 20.773918152 -3.218482971 -0.015303413 -0.038835794 -3.056661354
146 -15.606681824 0 0 0.009926004 0.025647316 0.033450249
147 -15.853736877 0.000003815 -0.000000119 0.003044861 0.059958482 -0.065550765
148 -15.151855469 -0.000005722 0.000000238 0.004105242 0.121455363 0.056120586
149 -11.149963379 0.000003815 0 0.00305401 -0.056464206 -0.092774322
150 7.528274536 -8.043749809 -1.232801437 0.004949575 -0.174442134 -0.028853775
151 54.911239624 0.649676323 0.176697254 1.570486209 0.07895275 0.030347038
152 61.183170319 -0.000000715 0.000000954 0.174162246 0.013649947 0.001451626
153 -0.364086866 -2.758008003 4.994803905 0 0 0.000244115
154 -0.364086866 -2.758006096 4.994803905 0 0 0.000244115
155 -0.364086866 -2.758006096 4.994803905 0 0 0.000244115
156 -0.364086866 -2.758006096 4.994803905 0 0 0.000244115
157 -0.364086866 -2.758006096 4.994803905 0 0 0.000244115
158 -0.364086866 -2.758006096 4.994803905 0 0 0.000244115
159 -0.364086866 -2.758006096 4.994803905 0 0 0.000244115
160 -0.364086866 -2.758006096 4.994803905 0 0 0.000244115
161 -0.364086866 -2.758006096 4.994803905 0 0 0.000244115
162 -0.498048782 -4.95163393 0.510848999 0 0 0.000244115
163 -0.364086866 -2.758006096 4.994803905 0 0 0.000244115
time 26
0 -0.364086866 -2.758006096 4.994803905 0 0 0.000244115
1 -0.355712891 -7.47265625 1.084960938 0 -1.570482873 -1.57071714
2 130.809036255 0 -0.000000477 0 0 0
3 6.662017822 -0.142129987 2.521339893 3.105256689 0.009272599 -0.017089742
4 24.360931396 0 0.000011921 0.070650098 0.315453149 -0.026891332
5 24.806396484 -0.00000599 0.765956879 0 -0.368320338 0
6 8.120269775 -0.000001997 0.000003815 0 0 0
7 8.120315552 -0.000000983 0.000001907 0 -0.880742373 0
8 8.120315552 -0.000000983 0.000001907 0 -1.357954675 0
9 5.115219116 7.517074585 -23.079299927 1.572000663 -0.166895903 -0.150484469
10 -13.525115967 0.000007629 -0.000003815 0.01108499 0.100520644 -0.151527947
11 -11.953063965 -0.000007629 0 0.013996263 0.023721834 0.065871113
12 -8.290374756 0 -0.000003815 0.071339639 -0.082255461 -0.091917876
13 -7.875 0.000032425 0.000003815 0.032882436 -0.072630724 -0.093400602
14 -8.78578186 0.000034332 0.000003815 0.175570755 -0.088389761 -0.239623982
15 -8.9037323 0.000001907 0 0.071745162 0.100642498 0.26152553
16 5.903457642 12.714836121 -17.693172455 1.435107707 -0.180482791 -0.193284873
17 -13.525161743 0 -0.000003815 -0.006892363 0.102878089 -0.131998756
18 -11.953033447 -0.000007629 0 0.042006888 -0.009818357 0.08477476
19 -8.290390015 0 0 0.065626362 -0.008730331 0.092069416
20 -7.875 0.000030518 0.000003815 0.014131141 -0.025468708 -0.157368549
21 -8.785797119 0.000038147 0.000003815 0.120967019 0.04470276 -0.26964563
22 -8.903717041 0 -0.000001907 -0.016087763 0.060286845 0.247307142
23 5.115219116 -7.603518486 -23.079322815 -1.653373861 0.218170534 -3.049879421
24 13.525115967 0.000007629 0 0.035149363 -0.078168563 -0.166925628
25 11.953033447 0 0 0.123515908 -0.020118974 0.05670958
26 8.290390015 -0.000003815 0.000001907 0.143903883 0.086715481 -0.067477688
27 7.875 -0.000030518 0 0.073389658 0.224089033 -0.071725807
28 8.785766602 -0.000030518 0.000000596 0.146102807 0.051940632 -0.214109387
29 8.9037323 -0.000003815 0.000001907 -0.035680394 0.265280596 0.220946051
30 5.903442383 -12.801283836 -17.693199158 -1.711112731 0.293069814 -2.947443318
31 13.525131226 0 0 0.002402159 -0.02682432 -0.178615992
32 11.953063965 0.000007629 0 0.121027084 0.00932837 0.037319543
33 8.290390015 0.000007629 0 0.134127043 0.168523454 0.125660004
34 7.875 -0.000030518 0 0.04937999 0.261987964 -0.09290214
35 8.785766602 -0.000030518 0.000000954 0.144802194 0.166752538 -0.220622478
36 8.903717041 0 0.000003815 -0.076819423 0.246022917 0.212988204
37 4.435455322 0.000127017 -25.179950714 3.078747294 0.423123538 3.09284657
38 14.171020508 0.000020742 1.280670166 -0.037518084 0.096344407 -0.044855481
39 10.9765625 0.00001812 0.352539063 0.018808222 0.11057861 0.03519144
40 8.120300293 -0.000003576 -0.000015259 0.006019928 0.037586337 0.017120829
41 8.120285034 -0.000001907 -0.000038147 -0.012668315 -0.057990712 -0.009822478
42 8.120346069 0.000001907 -0.000022888 -0.027202996 0.243211908 -0.03115494
43 8.120361328 0.000001907 0.000061035 -0.073574807 -0.23177048 0.056138731
44 7.146957397 16.179790497 -9.195613861 1.431589454 -0.093502339 -0.226199849
45 -13.525131226 0 0 -0.074317797 -0.091731861 -0.096325379
46 -11.953033447 -0.000013351 -0.000015259 0.067785881 -0.066183093 0.077968505
47 -8.290390015 0.000001907 0 0.123174264 0.059581631 0.144557997
48 -7.875 0.000030518 0 0.040900543 0.084092623 -0.122272011
49 -8.785797119 0.000041962 0 0.07263178 0.185164142 -0.383208035
50 -8.903686523 0.000001907 -0.000001907 -0.049273967 0.130994115 0.024370848
51 7.147003174 -16.266246796 -9.19562149 -1.705590949 0.205081774 -2.91662123
52 13.525115967 0.000015259 0.000007629 -0.078223469 -0.103431765 -0.104384388
53 11.953018188 0.000011444 0 0.116865104 0.046017955 0.060733493
54 8.290390015 0 0.000003815 0.16780488 0.226615497 0.19502703
55 7.875 -0.000034332 0 0.073000303 0.347711135 -0.05067501
56 8.78578186 -0.000038147 0.000003219 0.101060929 0.345406012 -0.34802591
57 8.903717041 0 -0.000007629 -0.135504088 0.238375672 0.185185781
58 -5.36730957 8.366906166 8.703117371 1.809280449 -0.75078369 3.112583923
59 13.525115967 0.000015259 -0.000001907 -0.294796652 0.025796171 -0.029052018
60 -3.441879272 -10.792385101 9.377006531 1.752425493 -0.868786387 -3.054171652
61 13.525115967 -0.000007629 0.000003815 -0.407363182 0.132289333 -0.476907013
62 11.953048706 0.000015259 0.000003815 0.199928693 -0.041747575 -0.446397057
63 8.290359497 0.000002861 0 0.114659386 -0.033408193 0.008113096
64 7.875 -0.00002861 0.000001907 0.062664934 -0.074033902 0.008480854
65 19.39491272 -14.052383423 -0.467086792 0.914341837 0.056668674 -2.805437319
66 26.240753174 0.000003815 0.000007629 -0.258322367 -0.013433 0.046053634
67 31.971000671 0.000003815 0.000003815 -0.135060638 0.130605184 0.10331338
68 4.627235413 -2.31129837 4.185634613 -0.024611287 -0.558422955 -0.444239217
69 2.980117798 -0.000004292 -0.000007629 -0.044814452 -0.161464923 0.279695347
70 1.982421875 0.000015259 0.000015259 0 0 0.079605056
71 10.844871521 -1.281562805 -1.331679344 0.003154845 -0.01855101 -1.502721343
72 3.98828125 0 0.000037193 0.024656551 0.116612118 -1.30426207
73 2.26953125 -0.000015259 -0.000010133 0.010246566 0.020303916 -1.235445909
74 10.908851624 -1.237388611 0.829589844 0.008182385 -0.019760774 -1.502678948
75 3.989425659 -0.000015259 0.000037193 0.003562594 0.093803498 -1.240572344
76 3.478279114 0 -0.000015974 0.01062322 -0.039586617 -1.338501469
77 10.291885376 -1.202156067 -3.344136238 0.018038834 -0.023865117 -1.537453755
78 2.757148743 0 0.000027657 -0.00454994 -0.095548155 -1.291608045
79 1.775390625 -0.000007629 -0.000009537 0.198076059 0.357239486 -1.30316968
80 10.971855164 -1.19392395 2.957341194 -0.012167132 -0.015944087 -1.622309173
81 3.82421875 -0.000007629 0.000035286 -0.000576872 0.002168828 -1.309510829
82 2.94140625 -0.000007629 -0.000013351 0.003967107 0.006944486 -1.466881704
83 -0.000015259 0.000007629 0 0.334024058 0.444955917 -0.803470923
84 19.39491272 13.160593033 -0.467075348 -2.219993934 -0.266737583 -0.358473731
85 -26.240753174 -0.000003815 -0.000003815 -0.027092194 0.05368539 0.125089523
86 -31.971000671 0.000015259 0 -0.640439261 0.213481567 -0.19331895
87 -11.614601135 3.933105469 0.069384575 -1.578444876 1.529198549 -2.544968004
88 -10.484527588 1.069198608 3.539872169 -3.131584703 0.028220486 2.411526648
89 2.757156372 0.000002265 0.000026703 -0.011712134 0.035128624 1.019560794
90 1.775390625 0.000007629 -0.000023842 -0.261071927 -0.262843666 1.059935836
91 -11.046470642 1.142402649 1.529694557 -3.130487012 0.018259081 2.114134707
92 3.98828125 0 0.000038147 0.004872241 -0.009924216 1.610032301
93 2.26953125 0.000007629 0.000000954 -0.076539319 -0.095407065 1.438172442
94 -11.192642212 1.041526794 -2.758434296 -3.116629264 0.004012045 2.226905852
95 3.82421875 0.000038147 0.000051498 0.00053161 0.002187187 1.610324685
96 8.785812378 -0.000034332 0.000000954 0.08229373 0.071373082 -0.580233542
97 2.94140625 0.000007629 -0.000011444 -0.004550553 0.006091757 1.767588569
98 -11.120124817 1.091545105 -0.631118774 -3.132136147 0.020772815 2.221577138
99 3.98941803 0.000001907 0.000052452 0.021444626 0.041947477 1.751021405
100 3.478290558 0.000022888 -0.00001049 -0.001306817 0.004312204 1.848998194
101 -4.853614807 2.155082703 -4.018517494 3.123057975 0.125574955 2.46129872
102 2.980110168 -0.00000906 0.000011921 0.038574713 -0.163808097 -0.240289671
103 1.982421875 -0.000009537 0.000034332 0 0 -0.040571652
104 0.000015259 -0.000007629 -0.000003815 -0.001195478 -0.123679288 -0.83614449
105 7.08984375 0 -0.000000477 3.141592654 -0.174494806 3.141592654
106 7.528259277 8.168075562 -1.23279953 -3.136643079 0.174442134 -3.112738881
107 -54.911224365 -0.64967823 -0.176695824 1.570486209 0.07895275 0.030347038
108 -61.183189392 0.000000954 0 0.173988939 0.013650073 0.001450443
109 8.588684082 0 1.514415741 0 0 0
110 4.260505676 -21.349506378 -3.218473434 0.025936285 0.043552751 -0.099031418
111 15.606674194 0 -0.000012398 0.000527313 -0.019759823 -0.053357889
112 15.853752136 0 -0.00000608 0.008562966 -0.054435793 -0.107963064
113 15.151855469 0.000003815 0.000000715 0.005705987 -0.118803959 -0.014520481
114 11.14995575 0 -0.000006676 -0.024328357 0.050806672 -0.093305975
115 1.725082397 -0.142127991 11.160655975 -1.53446376 -0.150368694 -0.110778396
116 15.606681824 -0.000001907 0 -0.004980828 -0.010155905 0.011937264
117 15.853729248 0.000003815 0.000000119 -0.002217825 -0.027956622 -0.057555885
118 15.151863098 -0.000001907 0.000000238 0.002173039 -0.061171781 -0.087919992
119 11.149963379 0 0 -0.006204256 0.012139776 0.044679179
120 6.678688049 -0.142132998 -16.932613373 1.553654319 -0.041066383 3.035972897
121 -15.606689453 0.000003815 0 0.004955153 0.008698175 0.00804913
122 -15.853752136 0.000007629 0.00000608 0.002380075 0.024348951 -0.06697036
123 -15.151855469 -0.000003815 -0.000000238 -0.002403464 0.054162023 -0.10459433
124 -11.14994812 -0.000007629 0.000006676 0.003764727 -0.01312134 0.044692142
125 2.507644653 15.93921566 6.722552299 -1.622075587 0.110849582 -2.905080277
126 -15.606697083 0 0 0.018805034 0.051954121 -0.007369218
127 -15.853752136 -0.000000954 0.000013351 0.028124408 -0.029455974 0.091218838
128 -15.151855469 -0.000001907 0.000007629 -0.000230478 0.031507136 0.001809246
129 -11.149963379 -0.000003815 -0.000003815 -0.01463419 0.013762213 -0.116094961
130 2.507621765 -17.075353622 6.722564697 -1.581605342 -0.100517374 -0.256595171
131 15.606674194 0 0.000003815 0.010796817 0.035094502 -0.024329226
132 15.853736877 -0.000001907 0.000003815 0.017502828 -0.076554538 0.043820772
133 15.151870728 0.000001431 0 -0.001940587 -0.074104728 -0.103885275
134 11.149963379 0.000000954 -0.000015259 -0.021604994 0.010306198 -0.004859103
135 5.893127441 15.939212799 -12.477539063 3.104280037 -0.112166059 0.142547488
136 15.606674194 0 0.000026703 -0.000410677 0.045922705 -0.017881945
137 15.853744507 -0.000003815 -0.000011921 0.010906188 -0.046117078 0.062701443
138 15.151855469 0.000003815 0 -0.006786696 -0.006939368 -0.059976297
139 11.149963379 0.000003815 -0.000007629 -0.000523096 -0.056142948 -0.049037467
140 5.893135071 -17.075361252 -12.477552414 1.491877974 -0.000074328 2.888403946
141 -15.606658936 0 0.000007629 0.009492174 0.055045789 -0.028494362
142 -15.853729248 -0.000000954 -0.000011444 0.019847224 -0.021395093 0.03319736
143 -15.151832581 -0.000003815 -0.000007629 -0.008071314 0.045854497 -0.125460186
144 -11.149932861 -0.000003815 -0.000011444 0.004877384 -0.01431399 -0.006077262
145 4.260475159 20.773918152 -3.218482971 -0.01534405 -0.039784569 -3.056652481
146 -15.606681824 0 0 0.009039354 0.019187516 0.033322071
147 -15.853736877 0.000003815 -0.000000119 0.003176663 0.053224008 -0.065637669
148 -15.151855469 -0.000005722 0.000000238 0.004727831 0.116247854 0.055964477
149 -11.149963379 0.000003815 0 0.003041956 -0.056205428 -0.092773245
150 7.528274536 -8.043749809 -1.232801437 0.004949575 -0.174442134 -0.028853775
151 54.911239624 0.649676323 0.176697254 1.570486209 0.07895275 0.030347038
152 61.183170319 -0.000000715 0.000000954 0.174162246 0.013649947 0.001451626
153 -0.364086866 -2.758008003 4.994803905 0 0 0.000244115
154 -0.364086866 -2.758006096 4.994803905 0 0 0.000244115
155 -0.364086866 -2.758006096 4.994803905 0 0 0.000244115
156 -0.364086866 -2.758006096 4.994803905 0 0 0.000244115
157 -0.364086866 -2.758006096 4.994803905 0 0 0.000244115
158 -0.364086866 -2.758006096 4.994803905 0 0 0.000244115
159 -0.364086866 -2.758006096 4.994803905 0 0 0.000244115
160 -0.364086866 -2.758006096 4.994803905 0 0 0.000244115
161 -0.364086866 -2.758006096 4.994803905 0 0 0.000244115
162 -0.498048782 -4.95163393 0.510848999 0 0 0.000244115
163 -0.364086866 -2.758006096 4.994803905 0 0 0.000244115
time 27
0 -0.364086866 -2.758006096 4.994803905 0 0 0.000244115
1 -0.355712891 -7.47265625 1.084960938 0 -1.570482873 -1.57071714
2 130.809036255 0 -0.000000477 0 0 0
3 6.662017822 -0.142129987 2.521339893 3.10465197 0.00926584 -0.017178851
4 24.360931396 0 0.000011921 0.070664459 0.316954726 -0.027276596
5 24.806396484 -0.00000599 0.765956879 0 -0.368320338 0
6 8.120269775 -0.000001997 0.000003815 0 0 0
7 8.120315552 -0.000000983 0.000001907 0 -0.880742373 0
8 8.120315552 -0.000000983 0.000001907 0 -1.357954675 0
9 5.115219116 7.517074585 -23.079299927 1.57193282 -0.168373092 -0.150120435
10 -13.525115967 0.000007629 -0.000003815 0.012025141 0.095182216 -0.156693848
11 -11.953063965 -0.000007629 0 0.014346453 0.025377595 0.062001246
12 -8.290374756 0 -0.000003815 0.070385135 -0.070460071 -0.081147638
13 -7.875 0.000032425 0.000003815 0.032392179 -0.070828362 -0.082196414
14 -8.78578186 0.000034332 0.000003815 0.177840811 -0.101982798 -0.243309412
15 -8.9037323 0.000001907 0 0.0739551 0.10333277 0.275725854
16 5.903457642 12.714836121 -17.693172455 1.434958617 -0.182008502 -0.192873169
17 -13.525161743 0 -0.000003815 -0.006265245 0.098849923 -0.138696646
18 -11.953033447 -0.000007629 0 0.042504763 -0.008552461 0.081170124
19 -8.290390015 0 0 0.066039307 -0.000164324 0.104369448
20 -7.875 0.000030518 0.000003815 0.013922143 -0.02280205 -0.14297438
21 -8.785797119 0.000038147 0.000003815 0.123091597 0.035079617 -0.274286566
22 -8.903717041 0 -0.000001907 -0.01633945 0.060490977 0.261664779
23 5.115219116 -7.603518486 -23.079322815 -1.653716993 0.21957836 -3.050398413
24 13.525115967 0.000007629 0 0.034393534 -0.074117778 -0.169673216
25 11.953033447 0 0 0.123448411 -0.024476805 0.05168351
26 8.290390015 -0.000003815 0.000001907 0.144749756 0.077143065 -0.059457859
27 7.875 -0.000030518 0 0.074542017 0.230667756 -0.061372455
28 8.785766602 -0.000030518 0.000000596 0.144235556 0.068335651 -0.219458669
29 8.9037323 -0.000003815 0.000001907 -0.034940771 0.272537147 0.233570501
30 5.903442383 -12.801283836 -17.693199158 -1.711647484 0.294494575 -2.948158629
31 13.525131226 0 0 0.001811296 -0.023844114 -0.180508725
32 11.953063965 0.000007629 0 0.121104174 0.005336655 0.031801932
33 8.290390015 0.000007629 0 0.134135624 0.160014947 0.129566156
34 7.875 -0.000030518 0 0.050542457 0.269122957 -0.079355837
35 8.785766602 -0.000030518 0.000000954 0.143249734 0.183020071 -0.2199047
36 8.903717041 0 0.000003815 -0.079036393 0.251234021 0.225645508
37 4.435455322 0.000127017 -25.179950714 3.079170642 0.42316096 3.093996517
38 14.171020508 0.000020742 1.280670166 -0.038177508 0.096690915 -0.044030013
39 10.9765625 0.00001812 0.352539063 0.018771216 0.110892592 0.039083682
40 8.120300293 -0.000003576 -0.000015259 0.006323625 0.038341544 0.023604375
41 8.120285034 -0.000001907 -0.000038147 -0.012926515 -0.057089935 -0.003948592
42 8.120346069 0.000001907 -0.000022888 -0.024490195 0.241487241 -0.033407487
43 8.120361328 0.000001907 0.000061035 -0.075380473 -0.246080308 0.056416618
44 7.146957397 16.179790497 -9.195613861 1.431358943 -0.095463178 -0.225694426
45 -13.525131226 0 0 -0.073232118 -0.094157696 -0.104429029
46 -11.953033447 -0.000013351 -0.000015259 0.068551367 -0.065791111 0.073373685
47 -8.290390015 0.000001907 0 0.124520767 0.063862273 0.158415883
48 -7.875 0.000030518 0 0.041917469 0.087827967 -0.105368645
49 -8.785797119 0.000041962 0 0.075106329 0.18097423 -0.386438805
50 -8.903686523 0.000001907 -0.000001907 -0.049988315 0.131114795 0.038600848
51 7.147003174 -16.266246796 -9.19562149 -1.706074159 0.207143071 -2.917092687
52 13.525115967 0.000015259 0.000007629 -0.078733015 -0.100314233 -0.107851877
53 11.953018188 0.000011444 0 0.116713305 0.043469387 0.054003833
54 8.290390015 0 0.000003815 0.167573835 0.218115892 0.200054567
55 7.875 -0.000034332 0 0.075278804 0.352681478 -0.033347659
56 8.78578186 -0.000038147 0.000003219 0.099798854 0.36032144 -0.34608158
57 8.903717041 0 -0.000007629 -0.141972144 0.242543249 0.195946404
58 -5.36730957 8.366906166 8.703117371 1.808565831 -0.750734612 3.112938764
59 13.525115967 0.000015259 -0.000001907 -0.294796652 0.025796171 -0.029052018
60 -3.441879272 -10.792385101 9.377006531 1.751190459 -0.868163338 -3.053355625
61 13.525115967 -0.000007629 0.000003815 -0.407473431 0.132232768 -0.4756389
62 11.953048706 0.000015259 0.000003815 0.200681846 -0.043264319 -0.445522676
63 8.290359497 0.000002861 0 0.114854382 -0.032132928 0.006972515
64 7.875 -0.00002861 0.000001907 0.062607249 -0.070493148 0.003062849
65 19.39491272 -14.052383423 -0.467086792 0.912354966 0.054789013 -2.80094144
66 26.240753174 0.000003815 0.000007629 -0.259109184 -0.013727445 0.045664333
67 31.971000671 0.000003815 0.000003815 -0.133820641 0.131092892 0.107527324
68 4.627235413 -2.31129837 4.185634613 -0.024611287 -0.558422955 -0.444239217
69 2.980117798 -0.000004292 -0.000007629 -0.044814452 -0.161464923 0.279695347
70 1.982421875 0.000015259 0.000015259 0 0 0.079605056
71 10.844871521 -1.281562805 -1.331679344 0.003154845 -0.01855101 -1.502721343
72 3.98828125 0 0.000037193 0.024656551 0.116612118 -1.30426207
73 2.26953125 -0.000015259 -0.000010133 0.010246566 0.020303916 -1.235445909
74 10.908851624 -1.237388611 0.829589844 0.008182385 -0.019760774 -1.502678948
75 3.989425659 -0.000015259 0.000037193 0.003562594 0.093803498 -1.240572344
76 3.478279114 0 -0.000015974 0.01062322 -0.039586617 -1.338501469
77 10.291885376 -1.202156067 -3.344136238 0.018038834 -0.023865117 -1.537453755
78 2.757148743 0 0.000027657 -0.00454994 -0.095548155 -1.291608045
79 1.775390625 -0.000007629 -0.000009537 0.198076059 0.357239486 -1.30316968
80 10.971855164 -1.19392395 2.957341194 -0.012167132 -0.015944087 -1.622309173
81 3.82421875 -0.000007629 0.000035286 -0.000576872 0.002168828 -1.309510829
82 2.94140625 -0.000007629 -0.000013351 0.003967107 0.006944486 -1.466881704
83 -0.000015259 0.000007629 0 0.33728745 0.430877403 -0.794848772
84 19.39491272 13.160593033 -0.467075348 -2.21797474 -0.266977217 -0.358947098
85 -26.240753174 -0.000003815 -0.000003815 -0.025013823 0.053727085 0.125056651
86 -31.971000671 0.000015259 0 -0.640439261 0.213481567 -0.19331895
87 -11.614601135 3.933105469 0.069384575 -1.578444876 1.529198549 -2.544968004
88 -10.484527588 1.069198608 3.539872169 -3.131584703 0.028220486 2.411526648
89 2.757156372 0.000002265 0.000026703 -0.011712134 0.035128624 1.019560794
90 1.775390625 0.000007629 -0.000023842 -0.261071927 -0.262843666 1.059935836
91 -11.046470642 1.142402649 1.529694557 -3.130487012 0.018259081 2.114134707
92 3.98828125 0 0.000038147 0.004872241 -0.009924216 1.610032301
93 2.26953125 0.000007629 0.000000954 -0.076539319 -0.095407065 1.438172442
94 -11.192642212 1.041526794 -2.758434296 -3.116629264 0.004012045 2.226905852
95 3.82421875 0.000038147 0.000051498 0.00053161 0.002187187 1.610324685
96 8.785812378 -0.000034332 0.000000954 0.08229373 0.071373082 -0.580233542
97 2.94140625 0.000007629 -0.000011444 -0.004550553 0.006091757 1.767588569
98 -11.120124817 1.091545105 -0.631118774 -3.132136147 0.020772815 2.221577138
99 3.98941803 0.000001907 0.000052452 0.021444626 0.041947477 1.751021405
100 3.478290558 0.000022888 -0.00001049 -0.001306817 0.004312204 1.848998194
101 -4.853614807 2.155082703 -4.018517494 3.123057975 0.125574955 2.46129872
102 2.980110168 -0.00000906 0.000011921 0.038574713 -0.163808097 -0.240289671
103 1.982421875 -0.000009537 0.000034332 0 0 -0.040571652
104 0.000015259 -0.000007629 -0.000003815 -0.00096509 -0.125241739 -0.834781826
105 7.08984375 0 -0.000000477 3.141592654 -0.174494806 3.141592654
106 7.528259277 8.168075562 -1.23279953 -3.136643079 0.174442134 -3.112738881
107 -54.911224365 -0.64967823 -0.176695824 1.570486209 0.07895275 0.030347038
108 -61.183189392 0.000000954 0 0.173988939 0.013650073 0.001450443
109 8.588684082 0 1.514415741 0 0 0
110 4.260505676 -21.349506378 -3.218473434 0.025904993 0.042427553 -0.099045452
111 15.606674194 0 -0.000012398 0.000503956 -0.012334283 -0.053699596
112 15.853752136 0 -0.00000608 0.008396387 -0.04640179 -0.108346143
113 15.151855469 0.000003815 0.000000715 0.006279682 -0.11188185 -0.014875791
114 11.14995575 0 -0.000006676 -0.024205032 0.050122847 -0.093120797
115 1.725082397 -0.142127991 11.160655975 -1.534473998 -0.150496997 -0.110412633
116 15.606681824 -0.000001907 0 -0.004361283 -0.006356536 0.014256352
117 15.853729248 0.000003815 0.000000119 -0.002371646 -0.023897411 -0.054448184
118 15.151863098 -0.000001907 0.000000238 0.001904751 -0.057638469 -0.084014332
119 11.149963379 0 0 -0.006124563 0.012049172 0.043902863
120 6.678688049 -0.142132998 -16.932613373 1.553807423 -0.040380593 3.036514965
121 -15.606689453 0.000003815 0 0.004434689 0.005324741 0.012182619
122 -15.853752136 0.000007629 0.00000608 0.002547032 0.020719887 -0.062566873
123 -15.151855469 -0.000003815 -0.000000238 -0.002043995 0.050807612 -0.100772362
124 -11.14994812 -0.000007629 0.000006676 0.00368731 -0.012945386 0.043915887
125 2.507644653 15.93921566 6.722552299 -1.621820499 0.111180641 -2.90531952
126 -15.606697083 0 0 0.017698923 0.049129396 -0.010617501
127 -15.853752136 -0.000000954 0.000013351 0.028221234 -0.032512094 0.08720102
128 -15.151855469 -0.000001907 0.000007629 0.000146625 0.028744608 -0.001810735
129 -11.149963379 -0.000003815 -0.000003815 -0.014542652 0.013772879 -0.115316179
130 2.507621765 -17.075353622 6.722564697 -1.581670724 -0.100643139 -0.256099083
131 15.606674194 0 0.000003815 0.010709797 0.038621204 -0.022154151
132 15.853736877 -0.000001907 0.000003815 0.017304672 -0.072604738 0.046883263
133 15.151870728 0.000001431 0 -0.002077758 -0.070727913 -0.100072082
134 11.149963379 0.000000954 -0.000015259 -0.021522419 0.010211736 -0.005634568
135 5.893127441 15.939212799 -12.477539063 3.104187146 -0.11224611 0.142554642
136 15.606674194 0 0.000026703 0.000630526 0.04541395 -0.017858091
137 15.853744507 -0.000003815 -0.000011921 0.010799011 -0.046718913 0.062787468
138 15.151855469 0.000003815 0 -0.007292085 -0.007385657 -0.059800304
139 11.149963379 0.000003815 -0.000007629 -0.000539774 -0.055366052 -0.049123051
140 5.893135071 -17.075361252 -12.477552414 1.491977968 0.000572572 2.888871516
141 -15.606658936 0 0.000007629 0.009652738 0.051140692 -0.024362342
142 -15.853729248 -0.000000954 -0.000011444 0.019806776 -0.025670086 0.037646059
143 -15.151832581 -0.000003815 -0.000007629 -0.008111018 0.04231588 -0.121549302
144 -11.149932861 -0.000003815 -0.000011444 0.004708795 -0.014053935 -0.006765994
145 4.260475159 20.773918152 -3.218482971 -0.015296027 -0.038663288 -3.056662959
146 -15.606681824 0 0 0.008053958 0.011952821 0.033109813
147 -15.853736877 0.000003815 -0.000000119 0.00325756 0.04536563 -0.065814726
148 -15.151855469 -0.000005722 0.000000238 0.005220117 0.109488191 0.055791864
149 -11.149963379 0.000003815 0 0.003005798 -0.055429115 -0.092770055
150 7.528274536 -8.043749809 -1.232801437 0.004949575 -0.174442134 -0.028853775
151 54.911239624 0.649676323 0.176697254 1.570486209 0.07895275 0.030347038
152 61.183170319 -0.000000715 0.000000954 0.174162246 0.013649947 0.001451626
153 -0.364086866 -2.758008003 4.994803905 0 0 0.000244115
154 -0.364086866 -2.758006096 4.994803905 0 0 0.000244115
155 -0.364086866 -2.758006096 4.994803905 0 0 0.000244115
156 -0.364086866 -2.758006096 4.994803905 0 0 0.000244115
157 -0.364086866 -2.758006096 4.994803905 0 0 0.000244115
158 -0.364086866 -2.758006096 4.994803905 0 0 0.000244115
159 -0.364086866 -2.758006096 4.994803905 0 0 0.000244115
160 -0.364086866 -2.758006096 4.994803905 0 0 0.000244115
161 -0.364086866 -2.758006096 4.994803905 0 0 0.000244115
162 -0.498048782 -4.95163393 0.510848999 0 0 0.000244115
163 -0.364086866 -2.758006096 4.994803905 0 0 0.000244115
time 28
0 -0.364086866 -2.758006096 4.994803905 0 0 0.000244115
1 -0.355712891 -7.47265625 1.084960938 0 -1.570482873 -1.57071714
2 130.809036255 0 -0.000000477 0 0 0
3 6.662017822 -0.142129987 2.521339893 3.104306644 0.009262874 -0.017180451
4 24.360931396 0 0.000011921 0.070694153 0.317929216 -0.027589482
5 24.806396484 -0.00000599 0.765956879 0 -0.368320338 0
6 8.120269775 -0.000001997 0.000003815 0 0 0
7 8.120315552 -0.000000983 0.000001907 0 -0.880742373 0
8 8.120315552 -0.000000983 0.000001907 0 -1.357954675 0
9 5.115219116 7.517074585 -23.079299927 1.571336731 -0.170437647 -0.14891671
10 -13.525115967 0.000007629 -0.000003815 0.01301264 0.089506716 -0.162037923
11 -11.953063965 -0.000007629 0 0.014627235 0.025491789 0.056737559
12 -8.290374756 0 -0.000003815 0.069509774 -0.058623499 -0.071523235
13 -7.875 0.000032425 0.000003815 0.031720215 -0.066886289 -0.069830068
14 -8.78578186 0.000034332 0.000003815 0.179983836 -0.11454527 -0.244920766
15 -8.9037323 0.000001907 0 0.076051587 0.10577574 0.289319801
16 5.903457642 12.714836121 -17.693172455 1.434218235 -0.184327302 -0.191560668
17 -13.525161743 0 -0.000003815 -0.005432085 0.094580862 -0.145646478
18 -11.953033447 -0.000007629 0 0.043045891 -0.008454529 0.0756405
19 -8.290390015 0 0 0.066545518 0.008269492 0.115290827
20 -7.875 0.000030518 0.000003815 0.013638663 -0.018593352 -0.127106131
21 -8.785797119 0.000038147 0.000003815 0.125155452 0.026328375 -0.276282528
22 -8.903717041 0 -0.000001907 -0.016692751 0.060708731 0.275422749
23 5.115219116 -7.603518486 -23.079322815 -1.65368847 0.221243646 -3.050271367
24 13.525115967 0.000007629 0 0.033406338 -0.069569654 -0.172319493
25 11.953033447 0 0 0.123447054 -0.027398403 0.045793824
26 8.290390015 -0.000003815 0.000001907 0.145418875 0.066865442 -0.05254727
27 7.875 -0.000030518 0 0.076038223 0.235114844 -0.049821485
28 8.785766602 -0.000030518 0.000000596 0.142306591 0.08525746 -0.222645858
29 8.9037323 -0.000003815 0.000001907 -0.034125782 0.279604331 0.245620803
30 5.903442383 -12.801283836 -17.693199158 -1.711827212 0.295984132 -2.948392305
31 13.525131226 0 0 0.001002694 -0.020451066 -0.182314151
32 11.953063965 0.000007629 0 0.121132417 0.002503151 0.025749202
33 8.290390015 0.000007629 0 0.133941793 0.150741217 0.132010155
34 7.875 -0.000030518 0 0.05192516 0.274243599 -0.065369273
35 8.785766602 -0.000030518 0.000000954 0.141707617 0.199884654 -0.216738486
36 8.903717041 0 0.000003815 -0.08090918 0.256505565 0.237739533
37 4.435455322 0.000127017 -25.179950714 3.079970984 0.423217822 3.095668698
38 14.171020508 0.000020742 1.280670166 -0.038768933 0.097119541 -0.043548922
39 10.9765625 0.00001812 0.352539063 0.018535089 0.111302084 0.04244715
40 8.120300293 -0.000003576 -0.000015259 0.006547252 0.039182799 0.030087227
41 8.120285034 -0.000001907 -0.000038147 -0.013121592 -0.055836058 0.002956997
42 8.120346069 0.000001907 -0.000022888 -0.021321247 0.24015159 -0.032570698
43 8.120361328 0.000001907 0.000061035 -0.077108311 -0.259702591 0.05685825
44 7.146957397 16.179790497 -9.195613861 1.430739291 -0.098411816 -0.224615592
45 -13.525131226 0 0 -0.072283636 -0.096681778 -0.112788112
46 -11.953033447 -0.000013351 -0.000015259 0.069275137 -0.066011337 0.066685069
47 -8.290390015 0.000001907 0 0.125666527 0.067815658 0.170611003
48 -7.875 0.000030518 0 0.04285877 0.092291813 -0.087071343
49 -8.785797119 0.000041962 0 0.077562808 0.177766018 -0.386655942
50 -8.903686523 0.000001907 -0.000001907 -0.050916988 0.131241527 0.05221321
51 7.147003174 -16.266246796 -9.19562149 -1.706312849 0.209396167 -2.917118247
52 13.525115967 0.000015259 0.000007629 -0.079366622 -0.096852109 -0.111154793
53 11.953018188 0.000011444 0 0.116415404 0.041826286 0.046633633
54 8.290390015 0 0.000003815 0.166969745 0.209261137 0.203258716
55 7.875 -0.000034332 0 0.077639181 0.35587035 -0.015608829
56 8.78578186 -0.000038147 0.000003219 0.098720534 0.375319899 -0.341275684
57 8.903717041 0 -0.000007629 -0.147943151 0.246698749 0.206232919
58 -5.36730957 8.366906166 8.703117371 1.808017064 -0.75049524 3.113317677
59 13.525115967 0.000015259 -0.000001907 -0.294796652 0.025796171 -0.029052018
60 -3.441879272 -10.792385101 9.377006531 1.750022913 -0.867408326 -3.052562456
61 13.525115967 -0.000007629 0.000003815 -0.407658808 0.132191584 -0.474201891
62 11.953048706 0.000015259 0.000003815 0.201486652 -0.04505951 -0.444414885
63 8.290359497 0.000002861 0 0.115124841 -0.031151044 0.006419454
64 7.875 -0.00002861 0.000001907 0.062522615 -0.067047933 -0.002097474
65 19.39491272 -14.052383423 -0.467086792 0.910995622 0.053609987 -2.798072667
66 26.240753174 0.000003815 0.000007629 -0.260071525 -0.014115016 0.045202103
67 31.971000671 0.000003815 0.000003815 -0.132831127 0.131424795 0.110607391
68 4.627235413 -2.31129837 4.185634613 -0.024611287 -0.558422955 -0.444239217
69 2.980117798 -0.000004292 -0.000007629 -0.044814452 -0.161464923 0.279695347
70 1.982421875 0.000015259 0.000015259 0 0 0.079605056
71 10.844871521 -1.281562805 -1.331679344 0.003154845 -0.01855101 -1.502721343
72 3.98828125 0 0.000037193 0.024656551 0.116612118 -1.30426207
73 2.26953125 -0.000015259 -0.000010133 0.010246566 0.020303916 -1.235445909
74 10.908851624 -1.237388611 0.829589844 0.008182385 -0.019760774 -1.502678948
75 3.989425659 -0.000015259 0.000037193 0.003562594 0.093803498 -1.240572344
76 3.478279114 0 -0.000015974 0.01062322 -0.039586617 -1.338501469
77 10.291885376 -1.202156067 -3.344136238 0.018038834 -0.023865117 -1.537453755
78 2.757148743 0 0.000027657 -0.00454994 -0.095548155 -1.291608045
79 1.775390625 -0.000007629 -0.000009537 0.198076059 0.357239486 -1.30316968
80 10.971855164 -1.19392395 2.957341194 -0.012167132 -0.015944087 -1.622309173
81 3.82421875 -0.000007629 0.000035286 -0.000576872 0.002168828 -1.309510829
82 2.94140625 -0.000007629 -0.000013351 0.003967107 0.006944486 -1.466881704
83 -0.000015259 0.000007629 0 0.340609376 0.416208541 -0.785917961
84 19.39491272 13.160593033 -0.467075348 -2.216810039 -0.267128057 -0.359185833
85 -26.240753174 -0.000003815 -0.000003815 -0.023714736 0.053732306 0.125090512
86 -31.971000671 0.000015259 0 -0.640439261 0.213481567 -0.19331895
87 -11.614601135 3.933105469 0.069384575 -1.578444876 1.529198549 -2.544968004
88 -10.484527588 1.069198608 3.539872169 -3.131584703 0.028220486 2.411526648
89 2.757156372 0.000002265 0.000026703 -0.011712134 0.035128624 1.019560794
90 1.775390625 0.000007629 -0.000023842 -0.261071927 -0.262843666 1.059935836
91 -11.046470642 1.142402649 1.529694557 -3.130487012 0.018259081 2.114134707
92 3.98828125 0 0.000038147 0.004872241 -0.009924216 1.610032301
93 2.26953125 0.000007629 0.000000954 -0.076539319 -0.095407065 1.438172442
94 -11.192642212 1.041526794 -2.758434296 -3.116629264 0.004012045 2.226905852
95 3.82421875 0.000038147 0.000051498 0.00053161 0.002187187 1.610324685
96 8.785812378 -0.000034332 0.000000954 0.08229373 0.071373082 -0.580233542
97 2.94140625 0.000007629 -0.000011444 -0.004550553 0.006091757 1.767588569
98 -11.120124817 1.091545105 -0.631118774 -3.132136147 0.020772815 2.221577138
99 3.98941803 0.000001907 0.000052452 0.021444626 0.041947477 1.751021405
100 3.478290558 0.000022888 -0.00001049 -0.001306817 0.004312204 1.848998194
101 -4.853614807 2.155082703 -4.018517494 3.123057975 0.125574955 2.46129872
102 2.980110168 -0.00000906 0.000011921 0.038574713 -0.163808097 -0.240289671
103 1.982421875 -0.000009537 0.000034332 0 0 -0.040571652
104 0.000015259 -0.000007629 -0.000003815 -0.000795043 -0.126181192 -0.833872218
105 7.08984375 0 -0.000000477 3.141592654 -0.174494806 3.141592654
106 7.528259277 8.168075562 -1.23279953 -3.136643079 0.174442134 -3.112738881
107 -54.911224365 -0.64967823 -0.176695824 1.570486209 0.07895275 0.030347038
108 -61.183189392 0.000000954 0 0.173988939 0.013650073 0.001450443
109 8.588684082 0 1.514415741 0 0 0
110 4.260505676 -21.349506378 -3.218473434 0.02571399 0.039305324 -0.098999914
111 15.606674194 0 -0.000012398 0.000459596 -0.004218632 -0.054128297
112 15.853752136 0 -0.00000608 0.008081133 -0.037252315 -0.108810183
113 15.151855469 0.000003815 0.000000715 0.006753831 -0.103146238 -0.015301529
114 11.14995575 0 -0.000006676 -0.024059387 0.049008835 -0.092843045
115 1.725082397 -0.142127991 11.160655975 -1.534626184 -0.151009393 -0.109431487
116 15.606681824 -0.000001907 0 -0.003643402 -0.002214744 0.016231796
117 15.853729248 0.000003815 0.000000119 -0.002445912 -0.019145143 -0.051170388
118 15.151863098 -0.000001907 0.000000238 0.001600741 -0.053155828 -0.079675776
119 11.149963379 0 0 -0.005964759 0.011782889 0.04269583
120 6.678688049 -0.142132998 -16.932613373 1.554064464 -0.038702275 3.038025895
121 -15.606689453 0.000003815 0 0.003638059 0.001523605 0.016575808
122 -15.853752136 0.000007629 0.00000608 0.002631779 0.016569295 -0.057561447
123 -15.151855469 -0.000003815 -0.000000238 -0.001721785 0.046672751 -0.095914616
124 -11.14994812 -0.000007629 0.000006676 0.003614355 -0.012682415 0.04270805
125 2.507644653 15.93921566 6.722552299 -1.621450083 0.111974645 -2.906053939
126 -15.606697083 0 0 0.016531474 0.046036741 -0.013261627
127 -15.853752136 -0.000000954 0.000013351 0.028141325 -0.03607467 0.082920304
128 -15.151855469 -0.000001907 0.000007629 0.000522748 0.02520698 -0.006467692
129 -11.149963379 -0.000003815 -0.000003815 -0.014443197 0.013700424 -0.114104413
130 2.507621765 -17.075353622 6.722564697 -1.581844817 -0.101201526 -0.254550542
131 15.606674194 0 0.000003815 0.010620749 0.042581272 -0.020236193
132 15.853736877 -0.000001907 0.000003815 0.017214957 -0.068139691 0.050031505
133 15.151870728 0.000001431 0 -0.002259219 -0.066401755 -0.095912658
134 11.149963379 0.000000954 -0.000015259 -0.021268698 0.009940679 -0.0068389
135 5.893127441 15.939212799 -12.477539063 3.104168007 -0.112504747 0.142561621
136 15.606674194 0 0.000026703 0.001588017 0.04481801 -0.017750364
137 15.853744507 -0.000003815 -0.000011921 0.010776082 -0.047323919 0.062957957
138 15.151855469 0.000003815 0 -0.00779276 -0.008004078 -0.059537098
139 11.149963379 0.000003815 -0.000007629 -0.000567147 -0.054157556 -0.049208198
140 5.893135071 -17.075361252 -12.477552414 1.49191683 0.002412919 2.890460798
141 -15.606658936 0 0.000007629 0.009721145 0.046801588 -0.019976706
142 -15.853729248 -0.000000954 -0.000011444 0.019639871 -0.030467884 0.042783237
143 -15.151832581 -0.000003815 -0.000007629 -0.007996086 0.037753128 -0.116506886
144 -11.149932861 -0.000003815 -0.000011444 0.004370956 -0.01379351 -0.007971515
145 4.260475159 20.773918152 -3.218482971 -0.01499211 -0.035564941 -3.056608196
146 -15.606681824 0 0 0.006886285 0.004030495 0.032902302
147 -15.853736877 0.000003815 -0.000000119 0.003376835 0.036386283 -0.065993901
148 -15.151855469 -0.000005722 0.000000238 0.005664502 0.10100199 0.055606819
149 -11.149963379 0.000003815 0 0.002947217 -0.054221661 -0.092678665
150 7.528274536 -8.043749809 -1.232801437 0.004949575 -0.174442134 -0.028853775
151 54.911239624 0.649676323 0.176697254 1.570486209 0.07895275 0.030347038
152 61.183170319 -0.000000715 0.000000954 0.174162246 0.013649947 0.001451626
153 -0.364086866 -2.758008003 4.994803905 0 0 0.000244115
154 -0.364086866 -2.758006096 4.994803905 0 0 0.000244115
155 -0.364086866 -2.758006096 4.994803905 0 0 0.000244115
156 -0.364086866 -2.758006096 4.994803905 0 0 0.000244115
157 -0.364086866 -2.758006096 4.994803905 0 0 0.000244115
158 -0.364086866 -2.758006096 4.994803905 0 0 0.000244115
159 -0.364086866 -2.758006096 4.994803905 0 0 0.000244115
160 -0.364086866 -2.758006096 4.994803905 0 0 0.000244115
161 -0.364086866 -2.758006096 4.994803905 0 0 0.000244115
162 -0.498048782 -4.95163393 0.510848999 0 0 0.000244115
163 -0.364086866 -2.758006096 4.994803905 0 0 0.000244115
time 29
0 -0.364086866 -2.758006096 4.994803905 0 0 0.000244115
1 -0.355712891 -7.47265625 1.084960938 0 -1.570482873 -1.57071714
2 130.809036255 0 -0.000000477 0 0 0
3 6.662017822 -0.142129987 2.521339893 3.104133982 0.009261391 -0.01718125
4 24.360931396 0 0.000011921 0.070768551 0.318283002 -0.027653342
5 24.806396484 -0.00000599 0.765956879 0 -0.368320338 0
6 8.120269775 -0.000001997 0.000003815 0 0 0
7 8.120315552 -0.000000983 0.000001907 0 -0.880742373 0
8 8.120315552 -0.000000983 0.000001907 0 -1.357954675 0
9 5.115219116 7.517074585 -23.079299927 1.570354278 -0.173261405 -0.146822998
10 -13.525115967 0.000007629 -0.000003815 0.01405896 0.083493608 -0.167387567
11 -11.953063965 -0.000007629 0 0.015017848 0.023888373 0.049994251
12 -8.290374756 0 -0.000003815 0.068885024 -0.047255498 -0.06314938
13 -7.875 0.000032425 0.000003815 0.031008228 -0.060794609 -0.056570447
14 -8.78578186 0.000034332 0.000003815 0.181695954 -0.125616091 -0.244116774
15 -8.9037323 0.000001907 0 0.077909542 0.107821123 0.302202411
16 5.903457642 12.714836121 -17.693172455 1.433158128 -0.187543814 -0.189485321
17 -13.525161743 0 -0.000003815 -0.004646676 0.090140178 -0.152688766
18 -11.953033447 -0.000007629 0 0.043639616 -0.009524563 0.068271764
19 -8.290390015 0 0 0.067187039 0.016230649 0.124563463
20 -7.875 0.000030518 0.000003815 0.013241955 -0.01284397 -0.109939829
21 -8.785797119 0.000038147 0.000003815 0.126990718 0.018747219 -0.275260006
22 -8.903717041 0 -0.000001907 -0.017070013 0.060926879 0.288320587
23 5.115219116 -7.603518486 -23.079322815 -1.653384338 0.223176581 -3.049384964
24 13.525115967 0.000007629 0 0.03246319 -0.064673028 -0.174965929
25 11.953033447 0 0 0.123328799 -0.028885282 0.039129086
26 8.290390015 -0.000003815 0.000001907 0.145998742 0.056237521 -0.046801601
27 7.875 -0.000030518 0 0.0778184 0.237259695 -0.037352494
28 8.785766602 -0.000030518 0.000000596 0.140236121 0.102345439 -0.22361271
29 8.9037323 -0.000003815 0.000001907 -0.033182638 0.286466647 0.256927137
30 5.903442383 -12.801283836 -17.693199158 -1.711738335 0.297614046 -2.94809785
31 13.525131226 0 0 0.000240791 -0.016707826 -0.183949682
32 11.953063965 0.000007629 0 0.121104455 0.000903011 0.019339018
33 8.290390015 0.000007629 0 0.133490965 0.140972587 0.132925194
34 7.875 -0.000030518 0 0.05336256 0.277262392 -0.051235567
35 8.785766602 -0.000030518 0.000000954 0.140192934 0.216755614 -0.211329316
36 8.903717041 0 0.000003815 -0.082483088 0.261566207 0.24918463
37 4.435455322 0.000127017 -25.179950714 3.081085488 0.423373147 3.097581814
38 14.171020508 0.000020742 1.280670166 -0.039294701 0.097541844 -0.043496986
39 10.9765625 0.00001812 0.352539063 0.018278213 0.111803072 0.045378125
40 8.120300293 -0.000003576 -0.000015259 0.006603417 0.040199367 0.036395289
41 8.120285034 -0.000001907 -0.000038147 -0.013334436 -0.054229265 0.010896457
42 8.120346069 0.000001907 -0.000022888 -0.01799526 0.239010399 -0.028939278
43 8.120361328 0.000001907 0.000061035 -0.07857027 -0.27264432 0.057347386
44 7.146957397 16.179790497 -9.195613861 1.429826141 -0.102270224 -0.222908612
45 -13.525131226 0 0 -0.071569682 -0.099301717 -0.121138329
46 -11.953033447 -0.000013351 -0.000015259 0.070053023 -0.066675583 0.057991446
47 -8.290390015 0.000001907 0 0.126760023 0.071443389 0.180971269
48 -7.875 0.000030518 0 0.043912851 0.097584876 -0.067626865
49 -8.785797119 0.000041962 0 0.079970496 0.175612833 -0.383856197
50 -8.903686523 0.000001907 -0.000001907 -0.051810629 0.131364068 0.065051646
51 7.147003174 -16.266246796 -9.19562149 -1.706306983 0.211898104 -2.916762098
52 13.525115967 0.000015259 0.000007629 -0.080034563 -0.093044394 -0.114384859
53 11.953018188 0.000011444 0 0.116057153 0.041338574 0.038725732
54 8.290390015 0 0.000003815 0.16602504 0.20004347 0.204737086
55 7.875 -0.000034332 0 0.079857537 0.35720613 0.002046835
56 8.78578186 -0.000038147 0.000003219 0.097845508 0.390052435 -0.333686251
57 8.903717041 0 -0.000007629 -0.153342275 0.250813057 0.215969491
58 -5.36730957 8.366906166 8.703117371 1.807417725 -0.750053404 3.113675545
59 13.525115967 0.000015259 -0.000001907 -0.294796652 0.025796171 -0.029052018
60 -3.441879272 -10.792385101 9.377006531 1.748856339 -0.866652903 -3.051770881
61 13.525115967 -0.000007629 0.000003815 -0.407844499 0.132150683 -0.472765172
62 11.953048706 0.000015259 0.000003815 0.202326792 -0.047031946 -0.443240694
63 8.290359497 0.000002861 0 0.115472985 -0.030543888 0.006362687
64 7.875 -0.00002861 0.000001907 0.062497237 -0.063786956 -0.006919547
65 19.39491272 -14.052383423 -0.467086792 0.910541856 0.053230586 -2.797142036
66 26.240753174 0.000003815 0.000007629 -0.26138226 -0.014614561 0.044497248
67 31.971000671 0.000003815 0.000003815 -0.13218 0.131608199 0.112547072
68 4.627235413 -2.31129837 4.185634613 -0.024611287 -0.558422955 -0.444239217
69 2.980117798 -0.000004292 -0.000007629 -0.044814452 -0.161464923 0.279695347
70 1.982421875 0.000015259 0.000015259 0 0 0.079605056
71 10.844871521 -1.281562805 -1.331679344 0.003154845 -0.01855101 -1.502721343
72 3.98828125 0 0.000037193 0.024656551 0.116612118 -1.30426207
73 2.26953125 -0.000015259 -0.000010133 0.010246566 0.020303916 -1.235445909
74 10.908851624 -1.237388611 0.829589844 0.008182385 -0.019760774 -1.502678948
75 3.989425659 -0.000015259 0.000037193 0.003562594 0.093803498 -1.240572344
76 3.478279114 0 -0.000015974 0.01062322 -0.039586617 -1.338501469
77 10.291885376 -1.202156067 -3.344136238 0.018038834 -0.023865117 -1.537453755
78 2.757148743 0 0.000027657 -0.00454994 -0.095548155 -1.291608045
79 1.775390625 -0.000007629 -0.000009537 0.198076059 0.357239486 -1.30316968
80 10.971855164 -1.19392395 2.957341194 -0.012167132 -0.015944087 -1.622309173
81 3.82421875 -0.000007629 0.000035286 -0.000576872 0.002168828 -1.309510829
82 2.94140625 -0.000007629 -0.000013351 0.003967107 0.006944486 -1.466881704
83 -0.000015259 0.000007629 0 0.344061307 0.400984451 -0.77667997
84 19.39491272 13.160593033 -0.467075348 -2.216367945 -0.267209631 -0.359326227
85 -26.240753174 -0.000003815 -0.000003815 -0.023278141 0.053791489 0.125101332
86 -31.971000671 0.000015259 0 -0.640439261 0.213481567 -0.19331895
87 -11.614601135 3.933105469 0.069384575 -1.578444876 1.529198549 -2.544968004
88 -10.484527588 1.069198608 3.539872169 -3.131584703 0.028220486 2.411526648
89 2.757156372 0.000002265 0.000026703 -0.011712134 0.035128624 1.019560794
90 1.775390625 0.000007629 -0.000023842 -0.261071927 -0.262843666 1.059935836
91 -11.046470642 1.142402649 1.529694557 -3.130487012 0.018259081 2.114134707
92 3.98828125 0 0.000038147 0.004872241 -0.009924216 1.610032301
93 2.26953125 0.000007629 0.000000954 -0.076539319 -0.095407065 1.438172442
94 -11.192642212 1.041526794 -2.758434296 -3.116629264 0.004012045 2.226905852
95 3.82421875 0.000038147 0.000051498 0.00053161 0.002187187 1.610324685
96 8.785812378 -0.000034332 0.000000954 0.08229373 0.071373082 -0.580233542
97 2.94140625 0.000007629 -0.000011444 -0.004550553 0.006091757 1.767588569
98 -11.120124817 1.091545105 -0.631118774 -3.132136147 0.020772815 2.221577138
99 3.98941803 0.000001907 0.000052452 0.021444626 0.041947477 1.751021405
100 3.478290558 0.000022888 -0.00001049 -0.001306817 0.004312204 1.848998194
101 -4.853614807 2.155082703 -4.018517494 3.123057975 0.125574955 2.46129872
102 2.980110168 -0.00000906 0.000011921 0.038574713 -0.163808097 -0.240289671
103 1.982421875 -0.000009537 0.000034332 0 0 -0.040571652
104 0.000015259 -0.000007629 -0.000003815 -0.000671875 -0.126497422 -0.833604996
105 7.08984375 0 -0.000000477 3.141592654 -0.174494806 3.141592654
106 7.528259277 8.168075562 -1.23279953 -3.136643079 0.174442134 -3.112738881
107 -54.911224365 -0.64967823 -0.176695824 1.570486209 0.07895275 0.030347038
108 -61.183189392 0.000000954 0 0.173988939 0.013650073 0.001450443
109 8.588684082 0 1.514415741 0 0 0
110 4.260505676 -21.349506378 -3.218473434 0.02553701 0.034193694 -0.098804571
111 15.606674194 0 -0.000012398 0.000320769 0.004067159 -0.05455841
112 15.853752136 0 -0.00000608 0.007705221 -0.027069395 -0.109273666
113 15.151855469 0.000003815 0.000000715 0.007126459 -0.092598183 -0.015797711
114 11.14995575 0 -0.000006676 -0.023893765 0.047551903 -0.092387669
115 1.725082397 -0.142127991 11.160655975 -1.534922853 -0.151845269 -0.107771928
116 15.606681824 -0.000001907 0 -0.002830434 0.0020109 0.018037626
117 15.853729248 0.000003815 0.000000119 -0.002514335 -0.013961445 -0.04798037
118 15.151863098 -0.000001907 0.000000238 0.001353241 -0.047634098 -0.07490759
119 11.149963379 0 0 -0.00580889 0.01142925 0.041057307
120 6.678688049 -0.142132998 -16.932613373 1.554426385 -0.035910066 3.040505121
121 -15.606689453 0.000003815 0 0.002823759 -0.00236042 0.021058383
122 -15.853752136 0.000007629 0.00000608 0.002712452 0.011900067 -0.052039699
123 -15.151855469 -0.000003815 -0.000000238 -0.001368393 0.041847522 -0.09010718
124 -11.14994812 -0.000007629 0.000006676 0.003545534 -0.012332473 0.04106864
125 2.507644653 15.93921566 6.722552299 -1.620825841 0.11339831 -2.907340261
126 -15.606697083 0 0 0.015468735 0.04285224 -0.015468737
127 -15.853752136 -0.000000954 0.000013351 0.02789076 -0.039892248 0.078812988
128 -15.151855469 -0.000001907 0.000007629 0.000824673 0.020980631 -0.011903791
129 -11.149963379 -0.000003815 -0.000003815 -0.014255293 0.013635189 -0.112546294
130 2.507621765 -17.075353622 6.722564697 -1.582148257 -0.101949595 -0.252071539
131 15.606674194 0 0.000003815 0.010534538 0.04662896 -0.018490704
132 15.853736877 -0.000001907 0.000003815 0.017158457 -0.063155441 0.053009425
133 15.151870728 0.000001431 0 -0.002390406 -0.061122158 -0.091411015
134 11.149963379 0.000000954 -0.000015259 -0.021016744 0.009665396 -0.008474882
135 5.893127441 15.939212799 -12.477539063 3.103969445 -0.112837284 0.142580666
136 15.606674194 0 0.000026703 0.00254542 0.04422198 -0.017643214
137 15.853744507 -0.000003815 -0.000011921 0.010836693 -0.048017957 0.063126064
138 15.151855469 0.000003815 0 -0.00820183 -0.008792723 -0.059359667
139 11.149963379 0.000003815 -0.000007629 -0.000689379 -0.052519635 -0.049377121
140 5.893135071 -17.075361252 -12.477552414 1.491981986 0.005408877 2.892866394
141 -15.606658936 0 0.000007629 0.009861272 0.042376152 -0.01541821
142 -15.853729248 -0.000000954 -0.000011444 0.019430604 -0.035700862 0.048350623
143 -15.151832581 -0.000003815 -0.000007629 -0.007926924 0.03232731 -0.110512246
144 -11.149932861 -0.000003815 -0.000011444 0.003947994 -0.013360577 -0.009521484
145 4.260475159 20.773918152 -3.218482971 -0.014521943 -0.030572303 -3.056483652
146 -15.606681824 0 0 0.005632648 -0.003976912 0.032704499
147 -15.853736877 0.000003815 -0.000000119 0.003356531 0.026452922 -0.066178528
148 -15.151855469 -0.000005722 0.000000238 0.006050481 0.090531351 0.055321413
149 -11.149963379 0.000003815 0 0.002866436 -0.052583068 -0.092499213
150 7.528274536 -8.043749809 -1.232801437 0.004949575 -0.174442134 -0.028853775
151 54.911239624 0.649676323 0.176697254 1.570486209 0.07895275 0.030347038
152 61.183170319 -0.000000715 0.000000954 0.174162246 0.013649947 0.001451626
153 -0.364086866 -2.758008003 4.994803905 0 0 0.000244115
154 -0.364086866 -2.758006096 4.994803905 0 0 0.000244115
155 -0.364086866 -2.758006096 4.994803905 0 0 0.000244115
156 -0.364086866 -2.758006096 4.994803905 0 0 0.000244115
157 -0.364086866 -2.758006096 4.994803905 0 0 0.000244115
158 -0.364086866 -2.758006096 4.994803905 0 0 0.000244115
159 -0.364086866 -2.758006096 4.994803905 0 0 0.000244115
160 -0.364086866 -2.758006096 4.994803905 0 0 0.000244115
161 -0.364086866 -2.758006096 4.994803905 0 0 0.000244115
162 -0.498048782 -4.95163393 0.510848999 0 0 0.000244115
163 -0.364086866 -2.758006096 4.994803905 0 0 0.000244115
time 30
0 -0.364086866 -2.758006096 4.994803905 0 0 0.000244115
1 -0.355712891 -7.47265625 1.084960938 0 -1.570482873 -1.57071714
2 130.809036255 0 -0.000000477 0 0 0
3 6.662017822 -0.142129987 2.521339893 3.104394132 0.009178921 -0.01709213
4 24.360931396 0 0.000011921 0.070709266 0.317664059 -0.027508376
5 24.806396484 -0.00000599 0.765956879 0 -0.368320338 0
6 8.120269775 -0.000001997 0.000003815 0 0 0
7 8.120315552 -0.000000983 0.000001907 0 -0.880742373 0
8 8.120315552 -0.000000983 0.000001907 0 -1.357954675 0
9 5.115219116 7.517074585 -23.079299927 1.568739959 -0.176920479 -0.143753728
10 -13.525115967 0.000007629 -0.000003815 0.015220669 0.077410969 -0.173001011
11 -11.953063965 -0.000007629 0 0.015452149 0.020572089 0.041683722
12 -8.290374756 0 -0.000003815 0.068405922 -0.036524735 -0.05628193
13 -7.875 0.000032425 0.000003815 0.030231762 -0.0528106 -0.042598215
14 -8.78578186 0.000034332 0.000003815 0.182963536 -0.134863807 -0.240672271
15 -8.9037323 0.000001907 0 0.079708158 0.109625591 0.314212803
16 5.903457642 12.714836121 -17.693172455 1.431431946 -0.191744496 -0.186545956
17 -13.525161743 0 -0.000003815 -0.003920914 0.085613191 -0.159997911
18 -11.953033447 -0.000007629 0 0.044305827 -0.011670321 0.058892533
19 -8.290390015 0 0 0.067916334 0.023470096 0.131918293
20 -7.875 0.000030518 0.000003815 0.012885983 -0.00588921 -0.091740754
21 -8.785797119 0.000038147 0.000003815 0.128604217 0.012675416 -0.271103091
22 -8.903717041 0 -0.000001907 -0.017484388 0.061059508 0.300356332
23 5.115219116 -7.603518486 -23.079322815 -1.652564938 0.225482808 -3.047838152
24 13.525115967 0.000007629 0 0.031486974 -0.059520044 -0.177698881
25 11.953033447 0 0 0.123171475 -0.028762679 0.031612801
26 8.290390015 -0.000003815 0.000001907 0.146411172 0.045443335 -0.042380122
27 7.875 -0.000030518 0 0.079623126 0.236760801 -0.024366888
28 8.785766602 -0.000030518 0.000000596 0.138241471 0.119078615 -0.222033486
29 8.9037323 -0.000003815 0.000001907 -0.032234454 0.292960318 0.267469076
30 5.903442383 -12.801283836 -17.693199158 -1.711264687 0.299429895 -2.947322324
31 13.525131226 0 0 -0.000628577 -0.012802049 -0.185674772
32 11.953063965 0.000007629 0 0.121008742 0.000459864 0.012393858
33 8.290390015 0.000007629 0 0.132893699 0.130794672 0.13224422
34 7.875 -0.000030518 0 0.054708488 0.278004505 -0.037076045
35 8.785766602 -0.000030518 0.000000954 0.139002578 0.233295396 -0.203395305
36 8.903717041 0 0.000003815 -0.083690008 0.266393038 0.25990223
37 4.435455322 0.000127017 -25.179950714 3.082749078 0.423370082 3.09997215
38 14.171020508 0.000020742 1.280670166 -0.039841594 0.098130065 -0.043795632
39 10.9765625 0.00001812 0.352539063 0.017909056 0.112398223 0.047784895
40 8.120300293 -0.000003576 -0.000015259 0.00666264 0.041389748 0.0423592
41 8.120285034 -0.000001907 -0.000038147 -0.013544881 -0.052272854 0.019350994
42 8.120346069 0.000001907 -0.000022888 -0.014470062 0.2380492 -0.022855867
43 8.120361328 0.000001907 0.000061035 -0.079918891 -0.284641491 0.057800221
44 7.146957397 16.179790497 -9.195613861 1.428351179 -0.107500025 -0.220590067
45 -13.525131226 0 0 -0.070996432 -0.101771763 -0.12992507
46 -11.953033447 -0.000013351 -0.000015259 0.070811307 -0.067859819 0.047119491
47 -8.290390015 0.000001907 0 0.127740074 0.074422259 0.189207653
48 -7.875 0.000030518 0 0.044930601 0.103363154 -0.047391571
49 -8.785797119 0.000041962 0 0.082262264 0.174477646 -0.377778579
50 -8.903686523 0.000001907 -0.000001907 -0.052854366 0.131481823 0.076930942
51 7.147003174 -16.266246796 -9.19562149 -1.70605655 0.214762456 -2.916153212
52 13.525115967 0.000015259 0.000007629 -0.080799617 -0.089082666 -0.117879317
53 11.953018188 0.000011444 0 0.115705675 0.041750398 0.030179456
54 8.290390015 0 0.000003815 0.164847441 0.190645586 0.204263353
55 7.875 -0.000034332 0 0.081844441 0.35661221 0.019410242
56 8.78578186 -0.000038147 0.000003219 0.097376904 0.404362417 -0.323172708
57 8.903717041 0 -0.000007629 -0.158260477 0.254881789 0.225146907
58 -5.36730957 8.366906166 8.703117371 1.807304922 -0.749315623 3.113613716
59 13.525115967 0.000015259 -0.000001907 -0.294796652 0.025796171 -0.029052018
60 -3.441879272 -10.792385101 9.377006531 1.748003906 -0.865759672 -3.05125069
61 13.525115967 -0.000007629 0.000003815 -0.408042585 0.132227892 -0.471175171
62 11.953048706 0.000015259 0.000003815 0.20325598 -0.049450856 -0.441854239
63 8.290359497 0.000002861 0 0.115896856 -0.030235538 0.006979473
64 7.875 -0.00002861 0.000001907 0.062448807 -0.060534767 -0.01148161
65 19.39491272 -14.052383423 -0.467086792 0.91087484 0.055486179 -2.797063081
66 26.240753174 0.000003815 0.000007629 -0.262868306 -0.015208088 0.043720128
67 31.971000671 0.000003815 0.000003815 -0.132047447 0.13164907 0.113247585
68 4.627235413 -2.31129837 4.185634613 -0.024611287 -0.558422955 -0.444239217
69 2.980117798 -0.000004292 -0.000007629 -0.044814452 -0.161464923 0.279695347
70 1.982421875 0.000015259 0.000015259 0 0 0.079605056
71 10.844871521 -1.281562805 -1.331679344 0.003154845 -0.01855101 -1.502721343
72 3.98828125 0 0.000037193 0.024656551 0.116612118 -1.30426207
73 2.26953125 -0.000015259 -0.000010133 0.010246566 0.020303916 -1.235445909
74 10.908851624 -1.237388611 0.829589844 0.008182385 -0.019760774 -1.502678948
75 3.989425659 -0.000015259 0.000037193 0.003562594 0.093803498 -1.240572344
76 3.478279114 0 -0.000015974 0.01062322 -0.039586617 -1.338501469
77 10.291885376 -1.202156067 -3.344136238 0.018038834 -0.023865117 -1.537453755
78 2.757148743 0 0.000027657 -0.00454994 -0.095548155 -1.291608045
79 1.775390625 -0.000007629 -0.000009537 0.198076059 0.357239486 -1.30316968
80 10.971855164 -1.19392395 2.957341194 -0.012167132 -0.015944087 -1.622309173
81 3.82421875 -0.000007629 0.000035286 -0.000576872 0.002168828 -1.309510829
82 2.94140625 -0.000007629 -0.000013351 0.003967107 0.006944486 -1.466881704
83 -0.000015259 0.000007629 0 0.347500789 0.385481089 -0.767336559
84 19.39491272 13.160593033 -0.467075348 -2.217264438 -0.266893272 -0.359159121
85 -26.240753174 -0.000003815 -0.000003815 -0.024145981 0.053759292 0.125078963
86 -31.971000671 0.000015259 0 -0.640439261 0.213481567 -0.19331895
87 -11.614601135 3.933105469 0.069384575 -1.578444876 1.529198549 -2.544968004
88 -10.484527588 1.069198608 3.539872169 -3.131584703 0.028220486 2.411526648
89 2.757156372 0.000002265 0.000026703 -0.011712134 0.035128624 1.019560794
90 1.775390625 0.000007629 -0.000023842 -0.261071927 -0.262843666 1.059935836
91 -11.046470642 1.142402649 1.529694557 -3.130487012 0.018259081 2.114134707
92 3.98828125 0 0.000038147 0.004872241 -0.009924216 1.610032301
93 2.26953125 0.000007629 0.000000954 -0.076539319 -0.095407065 1.438172442
94 -11.192642212 1.041526794 -2.758434296 -3.116629264 0.004012045 2.226905852
95 3.82421875 0.000038147 0.000051498 0.00053161 0.002187187 1.610324685
96 8.785812378 -0.000034332 0.000000954 0.08229373 0.071373082 -0.580233542
97 2.94140625 0.000007629 -0.000011444 -0.004550553 0.006091757 1.767588569
98 -11.120124817 1.091545105 -0.631118774 -3.132136147 0.020772815 2.221577138
99 3.98941803 0.000001907 0.000052452 0.021444626 0.041947477 1.751021405
100 3.478290558 0.000022888 -0.00001049 -0.001306817 0.004312204 1.848998194
101 -4.853614807 2.155082703 -4.018517494 3.123057975 0.125574955 2.46129872
102 2.980110168 -0.00000906 0.000011921 0.038574713 -0.163808097 -0.240289671
103 1.982421875 -0.000009537 0.000034332 0 0 -0.040571652
104 0.000015259 -0.000007629 -0.000003815 -0.000838953 -0.125829968 -0.834143619
105 7.08984375 0 -0.000000477 3.141592654 -0.174494806 3.141592654
106 7.528259277 8.168075562 -1.23279953 -3.136643079 0.174442134 -3.112738881
107 -54.911224365 -0.64967823 -0.176695824 1.570486209 0.07895275 0.030347038
108 -61.183189392 0.000000954 0 0.173988939 0.013650073 0.001450443
109 8.588684082 0 1.514415741 0 0 0
110 4.260505676 -21.349506378 -3.218473434 0.025179596 0.027432595 -0.098717555
111 15.606674194 0 -0.000012398 0.000269929 0.012182736 -0.054903721
112 15.853752136 0 -0.00000608 0.007018914 -0.016039676 -0.109737722
113 15.151855469 0.000003815 0.000000715 0.007310023 -0.079980111 -0.016446916
114 11.14995575 0 -0.000006676 -0.023626458 0.045753923 -0.091925807
115 1.725082397 -0.142127991 11.160655975 -1.535246187 -0.153058303 -0.105505236
116 15.606681824 -0.000001907 0 -0.001924646 0.006147818 0.019761043
117 15.853729248 0.000003815 0.000000119 -0.002489242 -0.00834439 -0.044878517
118 15.151863098 -0.000001907 0.000000238 0.001100093 -0.041249118 -0.070054781
119 11.149963379 0 0 -0.005569739 0.010986912 0.039074121
120 6.678688049 -0.142132998 -16.932613373 1.554932845 -0.032188447 3.04377045
121 -15.606689453 0.000003815 0 0.001906027 -0.006239586 0.025458318
122 -15.853752136 0.000007629 0.00000608 0.002608559 0.006708176 -0.046002431
123 -15.151855469 -0.000003815 -0.000000238 -0.000979234 0.035986436 -0.083178075
124 -11.14994812 -0.000007629 0.000006676 0.003395277 -0.011807763 0.039084668
125 2.507644653 15.93921566 6.722552299 -1.619967394 0.115212578 -2.909050787
126 -15.606697083 0 0 0.014331277 0.039749288 -0.017414243
127 -15.853752136 -0.000000954 0.000013351 0.02763446 -0.044146072 0.07496063
128 -15.151855469 -0.000001907 0.000007629 0.001066594 0.015892609 -0.017859894
129 -11.149963379 -0.000003815 -0.000003815 -0.014059788 0.013486525 -0.110555321
130 2.507621765 -17.075353622 6.722564697 -1.582536315 -0.103066374 -0.248726247
131 15.606674194 0 0.000003815 0.010456136 0.050590675 -0.016745727
132 15.853736877 -0.000001907 0.000003815 0.017212881 -0.057828744 0.055986504
133 15.151870728 0.000001431 0 -0.002543756 -0.054893608 -0.086738501
134 11.149963379 0.000000954 -0.000015259 -0.020679194 0.009301087 -0.010454895
135 5.893127441 15.939212799 -12.477539063 3.103753168 -0.1133406 0.142691418
136 15.606674194 0 0.000026703 0.003413718 0.043711588 -0.017624796
137 15.853744507 -0.000003815 -0.000011921 0.01098565 -0.048714265 0.063205604
138 15.151855469 0.000003815 0 -0.008606366 -0.009753483 -0.059094864
139 11.149963379 0.000003815 -0.000007629 -0.000734064 -0.050534361 -0.049548156
140 5.893135071 -17.075361252 -12.477552414 1.491969568 0.009351844 2.896155872
141 -15.606658936 0 0.000007629 0.009892365 0.038123172 -0.010948488
142 -15.853729248 -0.000000954 -0.000011444 0.01907923 -0.041539827 0.054435976
143 -15.151832581 -0.000003815 -0.000007629 -0.007816102 0.025785769 -0.103304445
144 -11.149932861 -0.000003815 -0.000011444 0.003439783 -0.012841877 -0.011416211
145 4.260475159 20.773918152 -3.218482971 -0.013981137 -0.023941314 -3.056369478
146 -15.606681824 0 0 0.004380605 -0.011984614 0.032517262
147 -15.853736877 0.000003815 -0.000000119 0.003366754 0.01565751 -0.066365537
148 -15.151855469 -0.000005722 0.000000238 0.006392203 0.078249677 0.05511049
149 -11.149963379 0.000003815 0 0.002683671 -0.050603476 -0.092316497
150 7.528274536 -8.043749809 -1.232801437 0.004949575 -0.174442134 -0.028853775
151 54.911239624 0.649676323 0.176697254 1.570486209 0.07895275 0.030347038
152 61.183170319 -0.000000715 0.000000954 0.174162246 0.013649947 0.001451626
153 -0.364086866 -2.758008003 4.994803905 0 0 0.000244115
154 -0.364086866 -2.758006096 4.994803905 0 0 0.000244115
155 -0.364086866 -2.758006096 4.994803905 0 0 0.000244115
156 -0.364086866 -2.758006096 4.994803905 0 0 0.000244115
157 -0.364086866 -2.758006096 4.994803905 0 0 0.000244115
158 -0.364086866 -2.758006096 4.994803905 0 0 0.000244115
159 -0.364086866 -2.758006096 4.994803905 0 0 0.000244115
160 -0.364086866 -2.758006096 4.994803905 0 0 0.000244115
161 -0.364086866 -2.758006096 4.994803905 0 0 0.000244115
162 -0.498048782 -4.95163393 0.510848999 0 0 0.000244115
163 -0.364086866 -2.758006096 4.994803905 0 0 0.000244115
time 31
0 -0.364086866 -2.758006096 4.994803905 0 0 0.000244115
1 -0.355712891 -7.47265625 1.084960938 0 -1.570482873 -1.57071714
2 130.809036255 0 -0.000000477 0 0 0
3 6.662017822 -0.142129987 2.521339893 3.105087839 0.009018525 -0.016740562
4 24.360931396 0 0.000011921 0.070455468 0.315803251 -0.026998078
5 24.806396484 -0.00000599 0.765956879 0 -0.368320338 0
6 8.120269775 -0.000001997 0.000003815 0 0 0
7 8.120315552 -0.000000983 0.000001907 0 -0.880742373 0
8 8.120315552 -0.000000983 0.000001907 0 -1.357954675 0
9 5.115219116 7.517074585 -23.079299927 1.566655649 -0.181461605 -0.139902489
10 -13.525115967 0.000007629 -0.000003815 0.016326988 0.071329321 -0.178711931
11 -11.953063965 -0.000007629 0 0.015963654 0.015803714 0.031807705
12 -8.290374756 0 -0.000003815 0.068054302 -0.026857737 -0.051103162
13 -7.875 0.000032425 0.000003815 0.029531027 -0.043014861 -0.028094197
14 -8.78578186 0.000034332 0.000003815 0.183688167 -0.141777647 -0.234514859
15 -8.9037323 0.000001907 0 0.081254353 0.11113484 0.32533303
16 5.903457642 12.714836121 -17.693172455 1.429196158 -0.197042783 -0.182866565
17 -13.525161743 0 -0.000003815 -0.003094262 0.081272471 -0.167395451
18 -11.953033447 -0.000007629 0 0.045070923 -0.014716413 0.04750576
19 -8.290390015 0 0 0.068599018 0.029837935 0.136913319
20 -7.875 0.000030518 0.000003815 0.012614416 0.002272522 -0.072681847
21 -8.785797119 0.000038147 0.000003815 0.129881565 0.008158158 -0.263454163
22 -8.903717041 0 -0.000001907 -0.017913512 0.061276136 0.311440715
23 5.115219116 -7.603518486 -23.079322815 -1.651383308 0.22815695 -3.045891541
24 13.525115967 0.000007629 0 0.030403332 -0.054292034 -0.180433576
25 11.953033447 0 0 0.122956841 -0.027198493 0.023148377
26 8.290390015 -0.000003815 0.000001907 0.146753844 0.034842761 -0.039424482
27 7.875 -0.000030518 0 0.081486576 0.233705496 -0.010870056
28 8.785766602 -0.000030518 0.000000596 0.136528056 0.135033811 -0.217740005
29 8.9037323 -0.000003815 0.000001907 -0.031157643 0.298971489 0.277084222
30 5.903442383 -12.801283836 -17.693199158 -1.710466915 0.301416117 -2.946321148
31 13.525131226 0 0 -0.001418319 -0.008889819 -0.187491138
32 11.953063965 0.000007629 0 0.120833886 0.001172851 0.004913518
33 8.290390015 0.000007629 0 0.132023595 0.120659184 0.129821783
34 7.875 -0.000030518 0 0.056065364 0.276304814 -0.023065941
35 8.785766602 -0.000030518 0.000000954 0.138059431 0.249059716 -0.192955949
36 8.903717041 0 0.000003815 -0.084726584 0.270997187 0.269778516
37 4.435455322 0.000127017 -25.179950714 3.084710136 0.423371663 3.102514584
38 14.171020508 0.000020742 1.280670166 -0.040323463 0.098711337 -0.044523526
39 10.9765625 0.00001812 0.352539063 0.017499427 0.113087675 0.049411898
40 8.120300293 -0.000003576 -0.000015259 0.006549455 0.042758633 0.047802551
41 8.120285034 -0.000001907 -0.000038147 -0.013655983 -0.049795967 0.028230596
42 8.120346069 0.000001907 -0.000022888 -0.010965204 0.237165904 -0.014693508
43 8.120361328 0.000001907 0.000061035 -0.081088258 -0.295687808 0.058376772
44 7.146957397 16.179790497 -9.195613861 1.426581375 -0.114144291 -0.217848634
45 -13.525131226 0 0 -0.070671431 -0.103921346 -0.138974944
46 -11.953033447 -0.000013351 -0.000015259 0.07147547 -0.069478455 0.034160742
47 -8.290390015 0.000001907 0 0.128392501 0.076709577 0.194955231
48 -7.875 0.000030518 0 0.046017669 0.109546215 -0.026444678
49 -8.785797119 0.000041962 0 0.08442773 0.174515718 -0.368243936
50 -8.903686523 0.000001907 -0.000001907 -0.053874502 0.131587258 0.087862394
51 7.147003174 -16.266246796 -9.19562149 -1.705560436 0.218045835 -2.915355074
52 13.525115967 0.000015259 0.000007629 -0.081491273 -0.084957288 -0.121646242
53 11.953018188 0.000011444 0 0.115261131 0.043067508 0.020905687
54 8.290390015 0 0.000003815 0.163399257 0.18124456 0.201856607
55 7.875 -0.000034332 0 0.083619359 0.354096938 0.036384066
56 8.78578186 -0.000038147 0.000003219 0.097255878 0.417708412 -0.309828467
57 8.903717041 0 -0.000007629 -0.162655479 0.258775114 0.233515711
58 -5.36730957 8.366906166 8.703117371 1.807638892 -0.748412732 3.11313228
59 13.525115967 0.000015259 -0.000001907 -0.294796652 0.025796171 -0.029052018
60 -3.441879272 -10.792385101 9.377006531 1.747657209 -0.864914709 -3.051304943
61 13.525115967 -0.000007629 0.000003815 -0.408528295 0.132461753 -0.469381821
62 11.953048706 0.000015259 0.000003815 0.20421899 -0.052047534 -0.440402793
63 8.290359497 0.000002861 0 0.11630871 -0.030231154 0.008357166
64 7.875 -0.00002861 0.000001907 0.062460948 -0.057382392 -0.015616368
65 19.39491272 -14.052383423 -0.467086792 0.911864131 0.061781712 -2.797053439
66 26.240753174 0.000003815 0.000007629 -0.264529654 -0.015895965 0.042871126
67 31.971000671 0.000003815 0.000003815 -0.132096085 0.130851671 0.111731043
68 4.627235413 -2.31129837 4.185634613 -0.024611287 -0.558422955 -0.444239217
69 2.980117798 -0.000004292 -0.000007629 -0.044814452 -0.161464923 0.279695347
70 1.982421875 0.000015259 0.000015259 0 0 0.079605056
71 10.844871521 -1.281562805 -1.331679344 0.003154845 -0.01855101 -1.502721343
72 3.98828125 0 0.000037193 0.024656551 0.116612118 -1.30426207
73 2.26953125 -0.000015259 -0.000010133 0.010246566 0.020303916 -1.235445909
74 10.908851624 -1.237388611 0.829589844 0.008182385 -0.019760774 -1.502678948
75 3.989425659 -0.000015259 0.000037193 0.003562594 0.093803498 -1.240572344
76 3.478279114 0 -0.000015974 0.01062322 -0.039586617 -1.338501469
77 10.291885376 -1.202156067 -3.344136238 0.018038834 -0.023865117 -1.537453755
78 2.757148743 0 0.000027657 -0.00454994 -0.095548155 -1.291608045
79 1.775390625 -0.000007629 -0.000009537 0.198076059 0.357239486 -1.30316968
80 10.971855164 -1.19392395 2.957341194 -0.012167132 -0.015944087 -1.622309173
81 3.82421875 -0.000007629 0.000035286 -0.000576872 0.002168828 -1.309510829
82 2.94140625 -0.000007629 -0.000013351 0.003967107 0.006944486 -1.466881704
83 -0.000015259 0.000007629 0 0.351130699 0.3697315 -0.757670359
84 19.39491272 13.160593033 -0.467075348 -2.219767485 -0.265948027 -0.358605717
85 -26.240753174 -0.000003815 -0.000003815 -0.026493088 0.053645313 0.124932525
86 -31.971000671 0.000015259 0 -0.640439261 0.213481567 -0.19331895
87 -11.614601135 3.933105469 0.069384575 -1.578444876 1.529198549 -2.544968004
88 -10.484527588 1.069198608 3.539872169 -3.131584703 0.028220486 2.411526648
89 2.757156372 0.000002265 0.000026703 -0.011712134 0.035128624 1.019560794
90 1.775390625 0.000007629 -0.000023842 -0.261071927 -0.262843666 1.059935836
91 -11.046470642 1.142402649 1.529694557 -3.130487012 0.018259081 2.114134707
92 3.98828125 0 0.000038147 0.004872241 -0.009924216 1.610032301
93 2.26953125 0.000007629 0.000000954 -0.076539319 -0.095407065 1.438172442
94 -11.192642212 1.041526794 -2.758434296 -3.116629264 0.004012045 2.226905852
95 3.82421875 0.000038147 0.000051498 0.00053161 0.002187187 1.610324685
96 8.785812378 -0.000034332 0.000000954 0.08229373 0.071373082 -0.580233542
97 2.94140625 0.000007629 -0.000011444 -0.004550553 0.006091757 1.767588569
98 -11.120124817 1.091545105 -0.631118774 -3.132136147 0.020772815 2.221577138
99 3.98941803 0.000001907 0.000052452 0.021444626 0.041947477 1.751021405
100 3.478290558 0.000022888 -0.00001049 -0.001306817 0.004312204 1.848998194
101 -4.853614807 2.155082703 -4.018517494 3.123057975 0.125574955 2.46129872
102 2.980110168 -0.00000906 0.000011921 0.038574713 -0.163808097 -0.240289671
103 1.982421875 -0.000009537 0.000034332 0 0 -0.040571652
104 0.000015259 -0.000007629 -0.000003815 -0.001156845 -0.124030317 -0.835777817
105 7.08984375 0 -0.000000477 3.141592654 -0.174494806 3.141592654
106 7.528259277 8.168075562 -1.23279953 -3.136643079 0.174442134 -3.112738881
107 -54.911224365 -0.64967823 -0.176695824 1.570486209 0.07895275 0.030347038
108 -61.183189392 0.000000954 0 0.173988939 0.013650073 0.001450443
109 8.588684082 0 1.514415741 0 0 0
110 4.260505676 -21.349506378 -3.218473434 0.024809358 0.019199869 -0.098474059
111 15.606674194 0 -0.000012398 0.000222564 0.020039654 -0.055336642
112 15.853752136 0 -0.00000608 0.00630421 -0.00457954 -0.110297633
113 15.151855469 0.000003815 0.000000715 0.007475207 -0.065550869 -0.017258953
114 11.14995575 0 -0.000006676 -0.02334216 0.043611903 -0.091373351
115 1.725082397 -0.142127991 11.160655975 -1.535715715 -0.154590501 -0.102804432
116 15.606681824 -0.000001907 0 -0.001013561 0.01011058 0.021488438
117 15.853729248 0.000003815 0.000000119 -0.002365649 -0.002467024 -0.041950155
118 15.151863098 -0.000001907 0.000000238 0.000841321 -0.033828304 -0.065031491
119 11.149963379 0 0 -0.005333123 0.010457837 0.036745749
120 6.678688049 -0.142132998 -16.932613373 1.555609664 -0.027660256 3.04782333
121 -15.606689453 0.000003815 0 0.000887063 -0.010027061 0.029689983
122 -15.853752136 0.000007629 0.00000608 0.002476932 0.001344292 -0.039793013
123 -15.151855469 -0.000003815 -0.000000238 -0.000587249 0.029347437 -0.075302705
124 -11.14994812 -0.000007629 0.000006676 0.003245932 -0.011282805 0.036755324
125 2.507644653 15.93921566 6.722552299 -1.61897205 0.11755276 -2.911191997
126 -15.606697083 0 0 0.013288761 0.036730282 -0.019181198
127 -15.853752136 -0.000000954 0.000013351 0.027124293 -0.04848299 0.071460208
128 -15.151855469 -0.000001907 0.000007629 0.001173378 0.010200112 -0.02381832
129 -11.149963379 -0.000003815 -0.000003815 -0.013776092 0.013344549 -0.108218117
130 2.507621765 -17.075353622 6.722564697 -1.582965232 -0.104548506 -0.244763261
131 15.606674194 0 0.000003815 0.010384213 0.054294172 -0.015088427
132 15.853736877 -0.000001907 0.000003815 0.017297618 -0.052241603 0.058706044
133 15.151870728 0.000001431 0 -0.002706873 -0.047716269 -0.08206916
134 11.149963379 0.000000954 -0.000015259 -0.020341548 0.008848511 -0.012693105
135 5.893127441 15.939212799 -12.477539063 3.103368722 -0.113833221 0.142725165
136 15.606674194 0 0.000026703 0.004283857 0.043201006 -0.017520446
137 15.853744507 -0.000003815 -0.000011921 0.011215489 -0.049585922 0.063282227
138 15.151855469 0.000003815 0 -0.008926954 -0.010625709 -0.05891687
139 11.149963379 0.000003815 -0.000007629 -0.000871954 -0.048206062 -0.04980337
140 5.893135071 -17.075361252 -12.477552414 1.492041796 0.014192203 2.900146919
141 -15.606658936 0 0.000007629 0.009899586 0.034044394 -0.006737904
142 -15.853729248 -0.000000954 -0.000011444 0.018767546 -0.047554949 0.060781794
143 -15.151832581 -0.000003815 -0.000007629 -0.007611261 0.018303862 -0.095058442
144 -11.149932861 -0.000003815 -0.000011444 0.002932134 -0.012237332 -0.013656365
145 4.260475159 20.773918152 -3.218482971 -0.013200855 -0.015765693 -3.056263671
146 -15.606681824 0 0 0.002963752 -0.019644594 0.032256346
147 -15.853736877 0.000003815 -0.000000119 0.003390571 0.004517464 -0.066555106
148 -15.151855469 -0.000005722 0.000000238 0.006599838 0.064160468 0.05488553
149 -11.149963379 0.000003815 0 0.002571648 -0.04827492 -0.09213514
150 7.528274536 -8.043749809 -1.232801437 0.004949575 -0.174442134 -0.028853775
151 54.911239624 0.649676323 0.176697254 1.570486209 0.07895275 0.030347038
152 61.183170319 -0.000000715 0.000000954 0.174162246 0.013649947 0.001451626
153 -0.364086866 -2.758008003 4.994803905 0 0 0.000244115
154 -0.364086866 -2.758006096 4.994803905 0 0 0.000244115
155 -0.364086866 -2.758006096 4.994803905 0 0 0.000244115
156 -0.364086866 -2.758006096 4.994803905 0 0 0.000244115
157 -0.364086866 -2.758006096 4.994803905 0 0 0.000244115
158 -0.364086866 -2.758006096 4.994803905 0 0 0.000244115
159 -0.364086866 -2.758006096 4.994803905 0 0 0.000244115
160 -0.364086866 -2.758006096 4.994803905 0 0 0.000244115
161 -0.364086866 -2.758006096 4.994803905 0 0 0.000244115
162 -0.498048782 -4.95163393 0.510848999 0 0 0.000244115
163 -0.364086866 -2.758006096 4.994803905 0 0 0.000244115
time 32
0 -0.364086866 -2.758006096 4.994803905 0 0 0.000244115
1 -0.355712891 -7.47265625 1.084960938 0 -1.570482873 -1.57071714
2 130.809036255 0 -0.000000477 0 0 0
3 6.662017822 -0.142129987 2.521339893 3.106214607 0.008778176 -0.01621305
4 24.360931396 0 0.000011921 0.07017015 0.312968785 -0.02617481
5 24.806396484 -0.00000599 0.765956879 0 -0.368320338 0
6 8.120269775 -0.000001997 0.000003815 0 0 0
7 8.120315552 -0.000000983 0.000001907 0 -0.880742373 0
8 8.120315552 -0.000000983 0.000001907 0 -1.357954675 0
9 5.115219116 7.517074585 -23.079299927 1.564325438 -0.186498573 -0.135528643
10 -13.525115967 0.000007629 -0.000003815 0.01735067 0.065675164 -0.184171557
11 -11.953063965 -0.000007629 0 0.016587061 0.009670669 0.020538593
12 -8.290374756 0 -0.000003815 0.067890609 -0.018506277 -0.047790962
13 -7.875 0.000032425 0.000003815 0.028878645 -0.03183283 -0.013583008
14 -8.78578186 0.000034332 0.000003815 0.183735863 -0.146116899 -0.22551317
15 -8.9037323 0.000001907 0 0.08261611 0.112347382 0.335387807
16 5.903457642 12.714836121 -17.693172455 1.426551671 -0.203019854 -0.178784177
17 -13.525161743 0 -0.000003815 -0.002514647 0.077261413 -0.174549314
18 -11.953033447 -0.000007629 0 0.045784474 -0.018664145 0.034457062
19 -8.290390015 0 0 0.069269844 0.035078685 0.139363522
20 -7.875 0.000030518 0.000003815 0.01247813 0.011299432 -0.053367847
21 -8.785797119 0.000038147 0.000003815 0.130871689 0.005471433 -0.252468227
22 -8.903717041 0 -0.000001907 -0.018403056 0.061318555 0.321396311
23 5.115219116 -7.603518486 -23.079322815 -1.65011121 0.231082384 -3.043692861
24 13.525115967 0.000007629 0 0.029501984 -0.049309606 -0.183184043
25 11.953033447 0 0 0.122748796 -0.024377534 0.013896559
26 8.290390015 -0.000003815 0.000001907 0.147127357 0.024881013 -0.038071912
27 7.875 -0.000030518 0 0.083195022 0.228206156 0.002496183
28 8.785766602 -0.000030518 0.000000596 0.135035603 0.149603154 -0.210846391
29 8.9037323 -0.000003815 0.000001907 -0.030042819 0.304511445 0.285843211
30 5.903442383 -12.801283836 -17.693199158 -1.709724135 0.303598253 -2.945274311
31 13.525131226 0 0 -0.002198608 -0.005151043 -0.189398038
32 11.953063965 0.000007629 0 0.12065374 0.002939254 -0.002849052
33 8.290390015 0.000007629 0 0.131191211 0.110799245 0.125785338
34 7.875 -0.000030518 0 0.057117035 0.272355005 -0.009864784
35 8.785766602 -0.000030518 0.000000954 0.13749581 0.263565067 -0.180359992
36 8.903717041 0 0.000003815 -0.085562278 0.275263452 0.27855413
37 4.435455322 0.000127017 -25.179950714 3.086859075 0.423284346 3.105100075
38 14.171020508 0.000020742 1.280670166 -0.040651903 0.099375544 -0.045591662
39 10.9765625 0.00001812 0.352539063 0.016964675 0.113785963 0.050339754
40 8.120300293 -0.000003576 -0.000015259 0.006433096 0.044303278 0.05255591
41 8.120285034 -0.000001907 -0.000038147 -0.013738429 -0.047060875 0.037021021
42 8.120346069 0.000001907 -0.000022888 -0.007602936 0.236612376 -0.004728416
43 8.120361328 0.000001907 0.000061035 -0.082056162 -0.305610377 0.058973461
44 7.146957397 16.179790497 -9.195613861 1.42433527 -0.121673076 -0.214766021
45 -13.525131226 0 0 -0.0706305 -0.105732573 -0.147678848
46 -11.953033447 -0.000013351 -0.000015259 0.072059342 -0.071276924 0.019209929
47 -8.290390015 0.000001907 0 0.128685238 0.07823533 0.198028997
48 -7.875 0.000030518 0 0.047159315 0.115975273 -0.005391511
49 -8.785797119 0.000041962 0 0.086447808 0.175818803 -0.355519099
50 -8.903686523 0.000001907 -0.000001907 -0.054886519 0.131586371 0.097673521
51 7.147003174 -16.266246796 -9.19562149 -1.705125695 0.221696607 -2.914704751
52 13.525115967 0.000015259 0.000007629 -0.082276672 -0.080930412 -0.125495699
53 11.953018188 0.000011444 0 0.114714016 0.045278458 0.011075512
54 8.290390015 0 0.000003815 0.161749024 0.172179158 0.197560737
55 7.875 -0.000034332 0 0.084960389 0.349687173 0.052479567
56 8.78578186 -0.000038147 0.000003219 0.097594716 0.429857702 -0.293890588
57 8.903717041 0 -0.000007629 -0.16644141 0.262389884 0.241182135
58 -5.36730957 8.366906166 8.703117371 1.808137494 -0.747347993 3.112342756
59 13.525115967 0.000015259 -0.000001907 -0.294796652 0.025796171 -0.029052018
60 -3.441879272 -10.792385101 9.377006531 1.747247128 -0.864052899 -3.051464645
61 13.525115967 -0.000007629 0.000003815 -0.409054466 0.132878371 -0.467543642
62 11.953048706 0.000015259 0.000003815 0.205145257 -0.05494287 -0.438718886
63 8.290359497 0.000002861 0 0.116796851 -0.030607756 0.010316844
64 7.875 -0.00002861 0.000001907 0.062448372 -0.054419169 -0.019237714
65 19.39491272 -14.052383423 -0.467086792 0.91327369 0.071653 -2.796866758
66 26.240753174 0.000003815 0.000007629 -0.266366763 -0.016787064 0.04179101
67 31.971000671 0.000003815 0.000003815 -0.132469816 0.128582755 0.10750843
68 4.627235413 -2.31129837 4.185634613 -0.024611287 -0.558422955 -0.444239217
69 2.980117798 -0.000004292 -0.000007629 -0.044814452 -0.161464923 0.279695347
70 1.982421875 0.000015259 0.000015259 0 0 0.079605056
71 10.844871521 -1.281562805 -1.331679344 0.003154845 -0.01855101 -1.502721343
72 3.98828125 0 0.000037193 0.024656551 0.116612118 -1.30426207
73 2.26953125 -0.000015259 -0.000010133 0.010246566 0.020303916 -1.235445909
74 10.908851624 -1.237388611 0.829589844 0.008182385 -0.019760774 -1.502678948
75 3.989425659 -0.000015259 0.000037193 0.003562594 0.093803498 -1.240572344
76 3.478279114 0 -0.000015974 0.01062322 -0.039586617 -1.338501469
77 10.291885376 -1.202156067 -3.344136238 0.018038834 -0.023865117 -1.537453755
78 2.757148743 0 0.000027657 -0.00454994 -0.095548155 -1.291608045
79 1.775390625 -0.000007629 -0.000009537 0.198076059 0.357239486 -1.30316968
80 10.971855164 -1.19392395 2.957341194 -0.012167132 -0.015944087 -1.622309173
81 3.82421875 -0.000007629 0.000035286 -0.000576872 0.002168828 -1.309510829
82 2.94140625 -0.000007629 -0.000013351 0.003967107 0.006944486 -1.466881704
83 -0.000015259 0.000007629 0 0.35471595 0.35371648 -0.748010867
84 19.39491272 13.160593033 -0.467075348 -2.223918938 -0.264578002 -0.3576705
85 -26.240753174 -0.000003815 -0.000003815 -0.030223232 0.053532344 0.124837266
86 -31.971000671 0.000015259 0 -0.640439261 0.213481567 -0.19331895
87 -11.614601135 3.933105469 0.069384575 -1.578444876 1.529198549 -2.544968004
88 -10.484527588 1.069198608 3.539872169 -3.131584703 0.028220486 2.411526648
89 2.757156372 0.000002265 0.000026703 -0.011712134 0.035128624 1.019560794
90 1.775390625 0.000007629 -0.000023842 -0.261071927 -0.262843666 1.059935836
91 -11.046470642 1.142402649 1.529694557 -3.130487012 0.018259081 2.114134707
92 3.98828125 0 0.000038147 0.004872241 -0.009924216 1.610032301
93 2.26953125 0.000007629 0.000000954 -0.076539319 -0.095407065 1.438172442
94 -11.192642212 1.041526794 -2.758434296 -3.116629264 0.004012045 2.226905852
95 3.82421875 0.000038147 0.000051498 0.00053161 0.002187187 1.610324685
96 8.785812378 -0.000034332 0.000000954 0.08229373 0.071373082 -0.580233542
97 2.94140625 0.000007629 -0.000011444 -0.004550553 0.006091757 1.767588569
98 -11.120124817 1.091545105 -0.631118774 -3.132136147 0.020772815 2.221577138
99 3.98941803 0.000001907 0.000052452 0.021444626 0.041947477 1.751021405
100 3.478290558 0.000022888 -0.00001049 -0.001306817 0.004312204 1.848998194
101 -4.853614807 2.155082703 -4.018517494 3.123057975 0.125574955 2.46129872
102 2.980110168 -0.00000906 0.000011921 0.038574713 -0.163808097 -0.240289671
103 1.982421875 -0.000009537 0.000034332 0 0 -0.040571652
104 0.000015259 -0.000007629 -0.000003815 -0.001692118 -0.1212137 -0.838225769
105 7.08984375 0 -0.000000477 3.141592654 -0.174494806 3.141592654
106 7.528259277 8.168075562 -1.23279953 -3.136643079 0.174442134 -3.112738881
107 -54.911224365 -0.64967823 -0.176695824 1.570486209 0.07895275 0.030347038
108 -61.183189392 0.000000954 0 0.173988939 0.013650073 0.001450443
109 8.588684082 0 1.514415741 0 0 0
110 4.260505676 -21.349506378 -3.218473434 0.024418995 0.009584058 -0.098245854
111 15.606674194 0 -0.000012398 0.000103503 0.027290384 -0.055685265
112 15.853752136 0 -0.00000608 0.005411203 0.00687021 -0.110783517
113 15.151855469 0.000003815 0.000000715 0.007440998 -0.049486083 -0.018057547
114 11.14995575 0 -0.000006676 -0.022876819 0.041306139 -0.090729336
115 1.725082397 -0.142127991 11.160655975 -1.536343573 -0.156565877 -0.099547984
116 15.606681824 -0.000001907 0 -0.000098601 0.013812859 0.023219595
117 15.853729248 0.000003815 0.000000119 -0.00213703 0.003325198 -0.039107612
118 15.151863098 -0.000001907 0.000000238 0.000596611 -0.025630429 -0.060011723
119 11.149963379 0 0 -0.005010262 0.009927195 0.034158757
120 6.678688049 -0.142132998 -16.932613373 1.556369487 -0.022394326 3.052483241
121 -15.606689453 0.000003815 0 -0.000055498 -0.013552813 0.033666262
122 -15.853752136 0.000007629 0.00000608 0.002313316 -0.004105033 -0.033497313
123 -15.151855469 -0.000003815 -0.000000238 -0.000381702 0.021837976 -0.066570648
124 -11.14994812 -0.000007629 0.000006676 0.003098237 -0.010671507 0.034167095
125 2.507644653 15.93921566 6.722552299 -1.617720715 0.120346567 -2.913692729
126 -15.606697083 0 0 0.012162732 0.033967644 -0.020944844
127 -15.853752136 -0.000000954 0.000013351 0.026619087 -0.052996922 0.068132722
128 -15.151855469 -0.000001907 0.000007629 0.001323087 0.003904399 -0.029777848
129 -11.149963379 -0.000003815 -0.000003815 -0.013572676 0.013112926 -0.10562172
130 2.507621765 -17.075353622 6.722564697 -1.583575201 -0.106410443 -0.240052168
131 15.606674194 0 0.000003815 0.010319576 0.057825303 -0.013431942
132 15.853736877 -0.000001907 0.000003815 0.017397695 -0.046655242 0.061425859
133 15.151870728 0.000001431 0 -0.0028614 -0.039849111 -0.077490318
134 11.149963379 0.000000954 -0.000015259 -0.019918048 0.008393912 -0.015276375
135 5.893127441 15.939212799 -12.477539063 3.102966452 -0.114496601 0.14285084
136 15.606674194 0 0.000026703 0.00523955 0.04277743 -0.017414508
137 15.853744507 -0.000003815 -0.000011921 0.011445809 -0.050371798 0.063445456
138 15.151855469 0.000003815 0 -0.009144227 -0.012098904 -0.058650186
139 11.149963379 0.000003815 -0.000007629 -0.000930549 -0.045616778 -0.050060746
140 5.893135071 -17.075361252 -12.477552414 1.492115174 0.019795441 2.904843216
141 -15.606658936 0 0.000007629 0.009886914 0.030139431 -0.002699813
142 -15.853729248 -0.000000954 -0.000011444 0.018417876 -0.053568873 0.067132557
143 -15.151832581 -0.000003815 -0.000007629 -0.007516554 0.010044487 -0.085951031
144 -11.149932861 -0.000003815 -0.000011444 0.002252513 -0.011634927 -0.01624111
145 4.260475159 20.773918152 -3.218482971 -0.012282111 -0.00638682 -3.056158181
146 -15.606681824 0 0 0.001555811 -0.026787399 0.032093263
147 -15.853736877 0.000003815 -0.000000119 0.003336399 -0.006797668 -0.06683341
148 -15.151855469 -0.000005722 0.000000238 0.006677264 0.048437287 0.054564259
149 -11.149963379 0.000003815 0 0.00244616 -0.045687783 -0.091866846
150 7.528274536 -8.043749809 -1.232801437 0.004949575 -0.174442134 -0.028853775
151 54.911239624 0.649676323 0.176697254 1.570486209 0.07895275 0.030347038
152 61.183170319 -0.000000715 0.000000954 0.174162246 0.013649947 0.001451626
153 -0.364086866 -2.758008003 4.994803905 0 0 0.000244115
154 -0.364086866 -2.758006096 4.994803905 0 0 0.000244115
155 -0.364086866 -2.758006096 4.994803905 0 0 0.000244115
156 -0.364086866 -2.758006096 4.994803905 0 0 0.000244115
157 -0.364086866 -2.758006096 4.994803905 0 0 0.000244115
158 -0.364086866 -2.758006096 4.994803905 0 0 0.000244115
159 -0.364086866 -2.758006096 4.994803905 0 0 0.000244115
160 -0.364086866 -2.758006096 4.994803905 0 0 0.000244115
161 -0.364086866 -2.758006096 4.994803905 0 0 0.000244115
162 -0.498048782 -4.95163393 0.510848999 0 0 0.000244115
163 -0.364086866 -2.758006096 4.994803905 0 0 0.000244115
time 33
0 -0.364086866 -2.758006096 4.994803905 0 0 0.000244115
1 -0.355712891 -7.47265625 1.084960938 0 -1.570482873 -1.57071714
2 130.809036255 0 -0.000000477 0 0 0
3 6.662017822 -0.142129987 2.521339893 3.107688292 0.008368803 -0.015595091
4 24.360931396 0 0.000011921 0.069671641 0.309246697 -0.025063904
5 24.806396484 -0.00000599 0.765956879 0 -0.368320338 0
6 8.120269775 -0.000001997 0.000003815 0 0 0
7 8.120315552 -0.000000983 0.000001907 0 -0.880742373 0
8 8.120315552 -0.000000983 0.000001907 0 -1.357954675 0
9 5.115219116 7.517074585 -23.079299927 1.561666287 -0.192036346 -0.130866143
10 -13.525115967 0.000007629 -0.000003815 0.01828046 0.060615773 -0.189030707
11 -11.953063965 -0.000007629 0 0.017274077 0.002518609 0.008222188
12 -8.290374756 0 -0.000003815 0.067720969 -0.011811347 -0.046610958
13 -7.875 0.000032425 0.000003815 0.028481976 -0.019516989 0.000498988
14 -8.78578186 0.000034332 0.000003815 0.18331318 -0.147738383 -0.214018766
15 -8.9037323 0.000001907 0 0.08387703 0.113345082 0.344207271
16 5.903457642 12.714836121 -17.693172455 1.423846356 -0.209472972 -0.174524983
17 -13.525161743 0 -0.000003815 -0.001924946 0.07377276 -0.180928686
18 -11.953033447 -0.000007629 0 0.046648071 -0.023260196 0.01992174
19 -8.290390015 0 0 0.069803828 0.039031727 0.139170951
20 -7.875 0.000030518 0.000003815 0.012415966 0.021019764 -0.034400502
21 -8.785797119 0.000038147 0.000003815 0.131412239 0.004685813 -0.238228326
22 -8.903717041 0 -0.000001907 -0.018830571 0.061426844 0.330135753
23 5.115219116 -7.603518486 -23.079322815 -1.64878733 0.234249609 -3.041491436
24 13.525115967 0.000007629 0 0.028623926 -0.044762296 -0.185774439
25 11.953033447 0 0 0.122436466 -0.020584825 0.004273158
26 8.290390015 -0.000003815 0.000001907 0.147377572 0.015819614 -0.038390037
27 7.875 -0.000030518 0 0.084775493 0.220708338 0.015570523
28 8.785766602 -0.000030518 0.000000596 0.133935179 0.162289537 -0.201443804
29 8.9037323 -0.000003815 0.000001907 -0.028972495 0.30940255 0.293462495
30 5.903442383 -12.801283836 -17.693199158 -1.708948456 0.305900945 -2.944226842
31 13.525131226 0 0 -0.002875373 -0.001663298 -0.19130844
32 11.953063965 0.000007629 0 0.120370709 0.005419047 -0.011001558
33 8.290390015 0.000007629 0 0.130273319 0.101562043 0.120239033
34 7.875 -0.000030518 0 0.057989958 0.266425117 0.002458555
35 8.785766602 -0.000030518 0.000000954 0.137361449 0.276295889 -0.165704002
36 8.903717041 0 0.000003815 -0.086118644 0.279008339 0.286418076
37 4.435455322 0.000127017 -25.179950714 3.089133103 0.423188768 3.107447346
38 14.171020508 0.000020742 1.280670166 -0.040914023 0.100120771 -0.047004344
39 10.9765625 0.00001812 0.352539063 0.016390348 0.114664032 0.05048836
40 8.120300293 -0.000003576 -0.000015259 0.006306765 0.045937774 0.056445962
41 8.120285034 -0.000001907 -0.000038147 -0.013787374 -0.044155304 0.045550373
42 8.120346069 0.000001907 -0.000022888 -0.004550864 0.236470322 0.006326394
43 8.120361328 0.000001907 0.000061035 -0.082905417 -0.314317293 0.059594157
44 7.146957397 16.179790497 -9.195613861 1.421939427 -0.129757016 -0.211560499
45 -13.525131226 0 0 -0.070908623 -0.107107518 -0.155603125
46 -11.953033447 -0.000013351 -0.000015259 0.072644828 -0.073272857 0.002694971
47 -8.290390015 0.000001907 0 0.128776687 0.078990403 0.198345702
48 -7.875 0.000030518 0 0.048248858 0.122402639 0.015327254
49 -8.785797119 0.000041962 0 0.088203983 0.178189672 -0.339711685
50 -8.903686523 0.000001907 -0.000001907 -0.05588876 0.131646534 0.106273217
51 7.147003174 -16.266246796 -9.19562149 -1.70463255 0.225588208 -2.91405858
52 13.525115967 0.000015259 0.000007629 -0.082984265 -0.077070337 -0.129258446
53 11.953018188 0.000011444 0 0.114053457 0.048199348 0.000849562
54 8.290390015 0 0.000003815 0.160025154 0.163514445 0.191484919
55 7.875 -0.000034332 0 0.085850588 0.343671209 0.067262101
56 8.78578186 -0.000038147 0.000003219 0.098368482 0.440564145 -0.27571786
57 8.903717041 0 -0.000007629 -0.169668111 0.265604961 0.247885329
58 -5.36730957 8.366906166 8.703117371 1.808875163 -0.746135101 3.111346704
59 13.525115967 0.000015259 -0.000001907 -0.294796652 0.025796171 -0.029052018
60 -3.441879272 -10.792385101 9.377006531 1.747069605 -0.863125502 -3.051794107
61 13.525115967 -0.000007629 0.000003815 -0.40963793 0.133211742 -0.465603463
62 11.953048706 0.000015259 0.000003815 0.205994483 -0.057969621 -0.436782603
63 8.290359497 0.000002861 0 0.117359974 -0.031366035 0.012858254
64 7.875 -0.00002861 0.000001907 0.06258606 -0.05155683 -0.02234767
65 19.39491272 -14.052383423 -0.467086792 0.914979373 0.084454295 -2.79672092
66 26.240753174 0.000003815 0.000007629 -0.268288916 -0.017701481 0.04054221
67 31.971000671 0.000003815 0.000003815 -0.133136613 0.124938002 0.100753324
68 4.627235413 -2.31129837 4.185634613 -0.024611287 -0.558422955 -0.444239217
69 2.980117798 -0.000004292 -0.000007629 -0.044814452 -0.161464923 0.279695347
70 1.982421875 0.000015259 0.000015259 0 0 0.079605056
71 10.844871521 -1.281562805 -1.331679344 0.003154845 -0.01855101 -1.502721343
72 3.98828125 0 0.000037193 0.024656551 0.116612118 -1.30426207
73 2.26953125 -0.000015259 -0.000010133 0.010246566 0.020303916 -1.235445909
74 10.908851624 -1.237388611 0.829589844 0.008182385 -0.019760774 -1.502678948
75 3.989425659 -0.000015259 0.000037193 0.003562594 0.093803498 -1.240572344
76 3.478279114 0 -0.000015974 0.01062322 -0.039586617 -1.338501469
77 10.291885376 -1.202156067 -3.344136238 0.018038834 -0.023865117 -1.537453755
78 2.757148743 0 0.000027657 -0.00454994 -0.095548155 -1.291608045
79 1.775390625 -0.000007629 -0.000009537 0.198076059 0.357239486 -1.30316968
80 10.971855164 -1.19392395 2.957341194 -0.012167132 -0.015944087 -1.622309173
81 3.82421875 -0.000007629 0.000035286 -0.000576872 0.002168828 -1.309510829
82 2.94140625 -0.000007629 -0.000013351 0.003967107 0.006944486 -1.466881704
83 -0.000015259 0.000007629 0 0.358356958 0.337726694 -0.738219597
84 19.39491272 13.160593033 -0.467075348 -2.229378395 -0.262726548 -0.356603116
85 -26.240753174 -0.000003815 -0.000003815 -0.035265528 0.053239921 0.124625557
86 -31.971000671 0.000015259 0 -0.640439261 0.213481567 -0.19331895
87 -11.614601135 3.933105469 0.069384575 -1.578444876 1.529198549 -2.544968004
88 -10.484527588 1.069198608 3.539872169 -3.131584703 0.028220486 2.411526648
89 2.757156372 0.000002265 0.000026703 -0.011712134 0.035128624 1.019560794
90 1.775390625 0.000007629 -0.000023842 -0.261071927 -0.262843666 1.059935836
91 -11.046470642 1.142402649 1.529694557 -3.130487012 0.018259081 2.114134707
92 3.98828125 0 0.000038147 0.004872241 -0.009924216 1.610032301
93 2.26953125 0.000007629 0.000000954 -0.076539319 -0.095407065 1.438172442
94 -11.192642212 1.041526794 -2.758434296 -3.116629264 0.004012045 2.226905852
95 3.82421875 0.000038147 0.000051498 0.00053161 0.002187187 1.610324685
96 8.785812378 -0.000034332 0.000000954 0.08229373 0.071373082 -0.580233542
97 2.94140625 0.000007629 -0.000011444 -0.004550553 0.006091757 1.767588569
98 -11.120124817 1.091545105 -0.631118774 -3.132136147 0.020772815 2.221577138
99 3.98941803 0.000001907 0.000052452 0.021444626 0.041947477 1.751021405
100 3.478290558 0.000022888 -0.00001049 -0.001306817 0.004312204 1.848998194
101 -4.853614807 2.155082703 -4.018517494 3.123057975 0.125574955 2.46129872
102 2.980110168 -0.00000906 0.000011921 0.038574713 -0.163808097 -0.240289671
103 1.982421875 -0.000009537 0.000034332 0 0 -0.040571652
104 0.000015259 -0.000007629 -0.000003815 -0.002374898 -0.117539958 -0.841594947
105 7.08984375 0 -0.000000477 3.141592654 -0.174494806 3.141592654
106 7.528259277 8.168075562 -1.23279953 -3.136643079 0.174442134 -3.112738881
107 -54.911224365 -0.64967823 -0.176695824 1.570486209 0.07895275 0.030347038
108 -61.183189392 0.000000954 0 0.173988939 0.013650073 0.001450443
109 8.588684082 0 1.514415741 0 0 0
110 4.260505676 -21.349506378 -3.218473434 0.023905339 -0.001074388 -0.098028589
111 15.606674194 0 -0.000012398 -0.000002137 0.034023685 -0.05594868
112 15.853752136 0 -0.00000608 0.004511855 0.01831999 -0.111369832
113 15.151855469 0.000003815 0.000000715 0.007298804 -0.032302758 -0.018937804
114 11.14995575 0 -0.000006676 -0.022401255 0.038741405 -0.090083229
115 1.725082397 -0.142127991 11.160655975 -1.53701188 -0.158915586 -0.095804261
116 15.606681824 -0.000001907 0 0.000819591 0.01725468 0.024954186
117 15.853729248 0.000003815 0.000000119 -0.001893528 0.009203105 -0.036264131
118 15.151863098 -0.000001907 0.000000238 0.000377236 -0.016827963 -0.055082171
119 11.149963379 0 0 -0.004776264 0.00922554 0.031312653
120 6.678688049 -0.142132998 -16.932613373 1.557117264 -0.016457847 3.057691332
121 -15.606689453 0.000003815 0 -0.001004349 -0.016816157 0.037300758
122 -15.853752136 0.000007629 0.00000608 0.00194322 -0.009555575 -0.02728655
123 -15.151855469 -0.000003815 -0.000000238 -0.00004947 0.013815021 -0.057151172
124 -11.14994812 -0.000007629 0.000006676 0.002865309 -0.009972569 0.031320396
125 2.507644653 15.93921566 6.722552299 -1.616331048 0.123608805 -2.916558044
126 -15.606697083 0 0 0.011040174 0.031461599 -0.022617593
127 -15.853752136 -0.000000954 0.000013351 0.025954264 -0.057338117 0.065073489
128 -15.151855469 -0.000001907 0.000007629 0.0013452 -0.002824975 -0.035566314
129 -11.149963379 -0.000003815 -0.000003815 -0.013282005 0.012886962 -0.102765689
130 2.507621765 -17.075353622 6.722564697 -1.584223917 -0.108574168 -0.234784819
131 15.606674194 0 0.000003815 0.010175834 0.061097193 -0.01177926
132 15.853736877 -0.000001907 0.000003815 0.017514886 -0.04106886 0.064059757
133 15.151870728 0.000001431 0 -0.003088177 -0.031381393 -0.072914446
134 11.149963379 0.000000954 -0.000015259 -0.019406992 0.007853207 -0.018031311
135 5.893127441 15.939212799 -12.477539063 3.102384575 -0.115233805 0.142989175
136 15.606674194 0 0.000026703 0.006107726 0.042266948 -0.017397423
137 15.853744507 -0.000003815 -0.000011921 0.011764584 -0.051159961 0.063519874
138 15.151855469 0.000003815 0 -0.009374476 -0.013140651 -0.058385064
139 11.149963379 0.000003815 -0.000007629 -0.001167169 -0.042773043 -0.050400895
140 5.893135071 -17.075361252 -12.477552414 1.492247616 0.026035043 2.91000394
141 -15.606658936 0 0.000007629 0.009938326 0.026668908 0.000823132
142 -15.853729248 -0.000000954 -0.000011444 0.017946898 -0.059492048 0.07349204
143 -15.151832581 -0.000003815 -0.000007629 -0.007301281 0.001190003 -0.076241022
144 -11.149932861 -0.000003815 -0.000011444 0.001570186 -0.010861605 -0.018912459
145 4.260475159 20.773918152 -3.218482971 -0.011318212 0.004027181 -3.055961511
146 -15.606681824 0 0 0.000158393 -0.033326579 0.03194035
147 -15.853736877 0.000003815 -0.000000119 0.003279697 -0.017940526 -0.067112895
148 -15.151855469 -0.000005722 0.000000238 0.006728226 0.031595513 0.054154208
149 -11.149963379 0.000003815 0 0.002309505 -0.042841938 -0.091598257
150 7.528274536 -8.043749809 -1.232801437 0.004949575 -0.174442134 -0.028853775
151 54.911239624 0.649676323 0.176697254 1.570486209 0.07895275 0.030347038
152 61.183170319 -0.000000715 0.000000954 0.174162246 0.013649947 0.001451626
153 -0.364086866 -2.758008003 4.994803905 0 0 0.000244115
154 -0.364086866 -2.758006096 4.994803905 0 0 0.000244115
155 -0.364086866 -2.758006096 4.994803905 0 0 0.000244115
156 -0.364086866 -2.758006096 4.994803905 0 0 0.000244115
157 -0.364086866 -2.758006096 4.994803905 0 0 0.000244115
158 -0.364086866 -2.758006096 4.994803905 0 0 0.000244115
159 -0.364086866 -2.758006096 4.994803905 0 0 0.000244115
160 -0.364086866 -2.758006096 4.994803905 0 0 0.000244115
161 -0.364086866 -2.758006096 4.994803905 0 0 0.000244115
162 -0.498048782 -4.95163393 0.510848999 0 0 0.000244115
163 -0.364086866 -2.758006096 4.994803905 0 0 0.000244115
time 34
0 -0.364086866 -2.758006096 4.994803905 0 0 0.000244115
1 -0.355712891 -7.47265625 1.084960938 0 -1.570482873 -1.57071714
2 130.809036255 0 -0.000000477 0 0 0
3 6.662017822 -0.142129987 2.521339893 3.109508037 0.007965264 -0.014717445
4 24.360931396 0 0.000011921 0.06885429 0.304640363 -0.023767556
5 24.806396484 -0.00000599 0.765956879 0 -0.368320338 0
6 8.120269775 -0.000001997 0.000003815 0 0 0
7 8.120315552 -0.000000983 0.000001907 0 -0.880742373 0
8 8.120315552 -0.000000983 0.000001907 0 -1.357954675 0
9 5.115219116 7.517074585 -23.079299927 1.559025651 -0.197623732 -0.126251553
10 -13.525115967 0.000007629 -0.000003815 0.018999047 0.056397864 -0.19320207
11 -11.953063965 -0.000007629 0 0.018052627 -0.005223836 -0.00462215
12 -8.290374756 0 -0.000003815 0.067699845 -0.007022053 -0.047743968
13 -7.875 0.000032425 0.000003815 0.028180444 -0.006672741 0.014063524
14 -8.78578186 0.000034332 0.000003815 0.182300335 -0.146543209 -0.200281165
15 -8.9037323 0.000001907 0 0.08485568 0.114164868 0.351690129
16 5.903457642 12.714836121 -17.693172455 1.420903974 -0.216047787 -0.170091604
17 -13.525161743 0 -0.000003815 -0.00159435 0.070867396 -0.186368985
18 -11.953033447 -0.000007629 0 0.047591171 -0.028343888 0.004592712
19 -8.290390015 0 0 0.07008949 0.041624877 0.136154563
20 -7.875 0.000030518 0.000003815 0.012613329 0.030833815 -0.016208159
21 -8.785797119 0.000038147 0.000003815 0.131620038 0.005926411 -0.221080452
22 -8.903717041 0 -0.000001907 -0.019300463 0.061526603 0.337478605
23 5.115219116 -7.603518486 -23.079322815 -1.647428677 0.237536518 -3.039284442
24 13.525115967 0.000007629 0 0.027862461 -0.04072993 -0.188033591
25 11.953033447 0 0 0.122003361 -0.015918695 -0.005555757
26 8.290390015 -0.000003815 0.000001907 0.147607097 0.007925168 -0.040443046
27 7.875 -0.000030518 0 0.086067535 0.211669778 0.027915476
28 8.785766602 -0.000030518 0.000000596 0.133343638 0.17277384 -0.189789529
29 8.9037323 -0.000003815 0.000001907 -0.027889495 0.313630461 0.299856263
30 5.903442383 -12.801283836 -17.693199158 -1.708174152 0.308373758 -2.943373036
31 13.525131226 0 0 -0.003431145 0.001402192 -0.193047642
32 11.953063965 0.000007629 0 0.120062639 0.008596194 -0.019286048
33 8.290390015 0.000007629 0 0.129304891 0.093105678 0.113369868
34 7.875 -0.000030518 0 0.058477579 0.258801342 0.013184889
35 8.785766602 -0.000030518 0.000000954 0.137597655 0.287022875 -0.149525277
36 8.903717041 0 0.000003815 -0.086533526 0.282309748 0.292994963
37 4.435455322 0.000127017 -25.179950714 3.091254538 0.423080935 3.10949674
38 14.171020508 0.000020742 1.280670166 -0.04109498 0.100866006 -0.04849964
39 10.9765625 0.00001812 0.352539063 0.01586216 0.115719083 0.049862411
40 8.120300293 -0.000003576 -0.000015259 0.005991502 0.047581014 0.059381546
41 8.120285034 -0.000001907 -0.000038147 -0.013711211 -0.041257391 0.053386473
42 8.120346069 0.000001907 -0.000022888 -0.001930031 0.236916095 0.018111933
43 8.120361328 0.000001907 0.000061035 -0.083614863 -0.321722568 0.06014025
44 7.146957397 16.179790497 -9.195613861 1.419491834 -0.138206136 -0.208309383
45 -13.525131226 0 0 -0.07152445 -0.108122899 -0.162395828
46 -11.953033447 -0.000013351 -0.000015259 0.073131063 -0.075230357 -0.014767979
47 -8.290390015 0.000001907 0 0.128471475 0.078923029 0.195631259
48 -7.875 0.000030518 0 0.049249695 0.128583334 0.035272236
49 -8.785797119 0.000041962 0 0.089806321 0.181655555 -0.320994658
50 -8.903686523 0.000001907 -0.000001907 -0.056722759 0.131663653 0.113500071
51 7.147003174 -16.266246796 -9.19562149 -1.704336147 0.229683001 -2.913503404
52 13.525115967 0.000015259 0.000007629 -0.083618948 -0.07336921 -0.132760681
53 11.953018188 0.000011444 0 0.113353957 0.051742617 -0.009776885
54 8.290390015 0 0.000003815 0.158298185 0.155575479 0.183840054
55 7.875 -0.000034332 0 0.086244734 0.336239604 0.080556296
56 8.78578186 -0.000038147 0.000003219 0.099646705 0.449498299 -0.255567426
57 8.903717041 0 -0.000007629 -0.17242136 0.268505367 0.253609319
58 -5.36730957 8.366906166 8.703117371 1.809609129 -0.744922156 3.11035351
59 13.525115967 0.000015259 -0.000001907 -0.294796652 0.025796171 -0.029052018
60 -3.441879272 -10.792385101 9.377006531 1.746815009 -0.862121465 -3.052150809
61 13.525115967 -0.000007629 0.000003815 -0.410238501 0.133646278 -0.463597777
62 11.953048706 0.000015259 0.000003815 0.206869385 -0.06119297 -0.43460673
63 8.290359497 0.000002861 0 0.117911547 -0.032414853 0.015901338
64 7.875 -0.00002861 0.000001907 0.062708237 -0.048966718 -0.025033394
65 19.39491272 -14.052383423 -0.467086792 0.916805528 0.099592615 -2.796525037
66 26.240753174 0.000003815 0.000007629 -0.270385705 -0.018712044 0.03922295
67 31.971000671 0.000003815 0.000003815 -0.134032538 0.120121334 0.091983052
68 4.627235413 -2.31129837 4.185634613 -0.024611287 -0.558422955 -0.444239217
69 2.980117798 -0.000004292 -0.000007629 -0.044814452 -0.161464923 0.279695347
70 1.982421875 0.000015259 0.000015259 0 0 0.079605056
71 10.844871521 -1.281562805 -1.331679344 0.003154845 -0.01855101 -1.502721343
72 3.98828125 0 0.000037193 0.024656551 0.116612118 -1.30426207
73 2.26953125 -0.000015259 -0.000010133 0.010246566 0.020303916 -1.235445909
74 10.908851624 -1.237388611 0.829589844 0.008182385 -0.019760774 -1.502678948
75 3.989425659 -0.000015259 0.000037193 0.003562594 0.093803498 -1.240572344
76 3.478279114 0 -0.000015974 0.01062322 -0.039586617 -1.338501469
77 10.291885376 -1.202156067 -3.344136238 0.018038834 -0.023865117 -1.537453755
78 2.757148743 0 0.000027657 -0.00454994 -0.095548155 -1.291608045
79 1.775390625 -0.000007629 -0.000009537 0.198076059 0.357239486 -1.30316968
80 10.971855164 -1.19392395 2.957341194 -0.012167132 -0.015944087 -1.622309173
81 3.82421875 -0.000007629 0.000035286 -0.000576872 0.002168828 -1.309510829
82 2.94140625 -0.000007629 -0.000013351 0.003967107 0.006944486 -1.466881704
83 -0.000015259 0.000007629 0 0.362006456 0.321809686 -0.728583917
84 19.39491272 13.160593033 -0.467075348 -2.236284139 -0.260447123 -0.355119227
85 -26.240753174 -0.000003815 -0.000003815 -0.041256759 0.053005848 0.12439108
86 -31.971000671 0.000015259 0 -0.640439261 0.213481567 -0.19331895
87 -11.614601135 3.933105469 0.069384575 -1.578444876 1.529198549 -2.544968004
88 -10.484527588 1.069198608 3.539872169 -3.131584703 0.028220486 2.411526648
89 2.757156372 0.000002265 0.000026703 -0.011712134 0.035128624 1.019560794
90 1.775390625 0.000007629 -0.000023842 -0.261071927 -0.262843666 1.059935836
91 -11.046470642 1.142402649 1.529694557 -3.130487012 0.018259081 2.114134707
92 3.98828125 0 0.000038147 0.004872241 -0.009924216 1.610032301
93 2.26953125 0.000007629 0.000000954 -0.076539319 -0.095407065 1.438172442
94 -11.192642212 1.041526794 -2.758434296 -3.116629264 0.004012045 2.226905852
95 3.82421875 0.000038147 0.000051498 0.00053161 0.002187187 1.610324685
96 8.785812378 -0.000034332 0.000000954 0.08229373 0.071373082 -0.580233542
97 2.94140625 0.000007629 -0.000011444 -0.004550553 0.006091757 1.767588569
98 -11.120124817 1.091545105 -0.631118774 -3.132136147 0.020772815 2.221577138
99 3.98941803 0.000001907 0.000052452 0.021444626 0.041947477 1.751021405
100 3.478290558 0.000022888 -0.00001049 -0.001306817 0.004312204 1.848998194
101 -4.853614807 2.155082703 -4.018517494 3.123057975 0.125574955 2.46129872
102 2.980110168 -0.00000906 0.000011921 0.038574713 -0.163808097 -0.240289671
103 1.982421875 -0.000009537 0.000034332 0 0 -0.040571652
104 0.000015259 -0.000007629 -0.000003815 -0.003145943 -0.112975577 -0.845703762
105 7.08984375 0 -0.000000477 3.141592654 -0.174494806 3.141592654
106 7.528259277 8.168075562 -1.23279953 -3.136643079 0.174442134 -3.112738881
107 -54.911224365 -0.64967823 -0.176695824 1.570486209 0.07895275 0.030347038
108 -61.183189392 0.000000954 0 0.173988939 0.013650073 0.001450443
109 8.588684082 0 1.514415741 0 0 0
110 4.260505676 -21.349506378 -3.218473434 0.023436043 -0.012682033 -0.097733909
111 15.606674194 0 -0.000012398 -0.00017407 0.039978215 -0.056214308
112 15.853752136 0 -0.00000608 0.003458625 0.029329087 -0.111886413
113 15.151855469 0.000003815 0.000000715 0.007048032 -0.014345973 -0.019818045
114 11.14995575 0 -0.000006676 -0.021914198 0.03591867 -0.08934887
115 1.725082397 -0.142127991 11.160655975 -1.537849943 -0.161705454 -0.091624675
116 15.606681824 -0.000001907 0 0.001738048 0.020263401 0.026691655
117 15.853729248 0.000003815 0.000000119 -0.001629626 0.014821403 -0.033505467
118 15.151863098 -0.000001907 0.000000238 0.000190472 -0.007593501 -0.050156369
119 11.149963379 0 0 -0.004367176 0.008608046 0.028294369
120 6.678688049 -0.142132998 -16.932613373 1.558010506 -0.010090704 3.063326443
121 -15.606689453 0.000003815 0 -0.00195464 -0.019731261 0.040592932
122 -15.853752136 0.000007629 0.00000608 0.001625705 -0.014830127 -0.021333287
123 -15.151855469 -0.000003815 -0.000000238 0.000046015 0.005354228 -0.04730603
124 -11.14994812 -0.000007629 0.000006676 0.0026312 -0.009274092 0.028300964
125 2.507644653 15.93921566 6.722552299 -1.614823151 0.127219882 -2.919785471
126 -15.606697083 0 0 0.010006189 0.029127453 -0.024285405
127 -15.853752136 -0.000000954 0.000013351 0.025302701 -0.061596526 0.062104227
128 -15.151855469 -0.000001907 0.000007629 0.001410382 -0.009813244 -0.041097086
129 -11.149963379 -0.000003815 -0.000003815 -0.012986607 0.012575108 -0.099736479
130 2.507621765 -17.075353622 6.722564697 -1.58484823 -0.111218518 -0.229149152
131 15.606674194 0 0.000003815 0.01012878 0.06393773 -0.010039565
132 15.853736877 -0.000001907 0.000003815 0.01763837 -0.035742036 0.066692374
133 15.151870728 0.000001431 0 -0.003199752 -0.02256569 -0.068517258
134 11.149963379 0.000000954 -0.000015259 -0.018894521 0.007225172 -0.021044688
135 5.893127441 15.939212799 -12.477539063 3.101709565 -0.116050999 0.143135452
136 15.606674194 0 0.000026703 0.00706258 0.041929569 -0.017292057
137 15.853744507 -0.000003815 -0.000011921 0.012167432 -0.051951428 0.063678264
138 15.151855469 0.000003815 0 -0.009429311 -0.014264012 -0.058206924
139 11.149963379 0.000003815 -0.000007629 -0.00132277 -0.039754671 -0.05074344
140 5.893135071 -17.075361252 -12.477552414 1.492340043 0.032898395 2.91562731
141 -15.606658936 0 0.000007629 0.009888785 0.023458821 0.004086891
142 -15.853729248 -0.000000954 -0.000011444 0.017542789 -0.065241076 0.079510216
143 -15.151832581 -0.000003815 -0.000007629 -0.007165395 -0.007923374 -0.066103231
144 -11.149932861 -0.000003815 -0.000011444 0.00080174 -0.010177272 -0.021842935
145 4.260475159 20.773918152 -3.218482971 -0.010131907 0.015554807 -3.055756178
146 -15.606681824 0 0 -0.001141003 -0.039177129 0.031794353
147 -15.853736877 0.000003815 -0.000000119 0.00312828 -0.028741755 -0.067391782
148 -15.151855469 -0.000005722 0.000000238 0.006593081 0.013984039 0.053743167
149 -11.149963379 0.000003815 0 0.002160077 -0.039737506 -0.091243055
150 7.528274536 -8.043749809 -1.232801437 0.004949575 -0.174442134 -0.028853775
151 54.911239624 0.649676323 0.176697254 1.570486209 0.07895275 0.030347038
152 61.183170319 -0.000000715 0.000000954 0.174162246 0.013649947 0.001451626
153 -0.364086866 -2.758008003 4.994803905 0 0 0.000244115
154 -0.364086866 -2.758006096 4.994803905 0 0 0.000244115
155 -0.364086866 -2.758006096 4.994803905 0 0 0.000244115
156 -0.364086866 -2.758006096 4.994803905 0 0 0.000244115
157 -0.364086866 -2.758006096 4.994803905 0 0 0.000244115
158 -0.364086866 -2.758006096 4.994803905 0 0 0.000244115
159 -0.364086866 -2.758006096 4.994803905 0 0 0.000244115
160 -0.364086866 -2.758006096 4.994803905 0 0 0.000244115
161 -0.364086866 -2.758006096 4.994803905 0 0 0.000244115
162 -0.498048782 -4.95163393 0.510848999 0 0 0.000244115
163 -0.364086866 -2.758006096 4.994803905 0 0 0.000244115
time 35
0 -0.364086866 -2.758006096 4.994803905 0 0 0.000244115
1 -0.355712891 -7.47265625 1.084960938 0 -1.570482873 -1.57071714
2 130.809036255 0 -0.000000477 0 0 0
3 6.662017822 -0.142129987 2.521339893 3.1115879 0.007390614 -0.013750664
4 24.360931396 0 0.000011921 0.067908103 0.299412374 -0.022158669
5 24.806396484 -0.00000599 0.765956879 0 -0.368320338 0
6 8.120269775 -0.000001997 0.000003815 0 0 0
7 8.120315552 -0.000000983 0.000001907 0 -0.880742373 0
8 8.120315552 -0.000000983 0.000001907 0 -1.357954675 0
9 5.115219116 7.517074585 -23.079299927 1.556403438 -0.203200585 -0.121746218
10 -13.525115967 0.000007629 -0.000003815 0.019493054 0.053103211 -0.196509024
11 -11.953063965 -0.000007629 0 0.018851652 -0.013472108 -0.017737032
12 -8.290374756 0 -0.000003815 0.067640479 -0.004148421 -0.051015608
13 -7.875 0.000032425 0.000003815 0.028051001 0.006103237 0.026502031
14 -8.78578186 0.000034332 0.000003815 0.18089571 -0.142651844 -0.184691707
15 -8.9037323 0.000001907 0 0.085612021 0.114714555 0.357743968
16 5.903457642 12.714836121 -17.693172455 1.418117724 -0.222674972 -0.165836235
17 -13.525161743 0 -0.000003815 -0.001361709 0.068644821 -0.190689588
18 -11.953033447 -0.000007629 0 0.048534433 -0.033581147 -0.011005031
19 -8.290390015 0 0 0.070300254 0.042837996 0.130576278
20 -7.875 0.000030518 0.000003815 0.012788112 0.040569178 0.000518467
21 -8.785797119 0.000038147 0.000003815 0.13149572 0.008963867 -0.20148191
22 -8.903717041 0 -0.000001907 -0.019742546 0.061516961 0.343424825
23 5.115219116 -7.603518486 -23.079322815 -1.646216806 0.240818636 -3.037335558
24 13.525115967 0.000007629 0 0.027237682 -0.037383479 -0.189962979
25 11.953033447 0 0 0.121524209 -0.010735314 -0.015440923
26 8.290390015 -0.000003815 0.000001907 0.147826546 0.00145621 -0.044210984
27 7.875 -0.000030518 0 0.087025219 0.201371918 0.039191743
28 8.785766602 -0.000030518 0.000000596 0.133168727 0.18080207 -0.17615699
29 8.9037323 -0.000003815 0.000001907 -0.026910471 0.317036312 0.30508729
30 5.903442383 -12.801283836 -17.693199158 -1.707428931 0.31089589 -2.942710461
31 13.525131226 0 0 -0.003958329 0.004123425 -0.194614902
32 11.953063965 0.000007629 0 0.119724957 0.012201662 -0.027546395
33 8.290390015 0.000007629 0 0.128486825 0.085671044 0.105289661
34 7.875 -0.000030518 0 0.05868861 0.249831166 0.022515204
35 8.785766602 -0.000030518 0.000000954 0.138229889 0.295509058 -0.132180729
36 8.903717041 0 0.000003815 -0.08684235 0.284990979 0.298280902
37 4.435455322 0.000127017 -25.179950714 3.093223432 0.422961919 3.111248284
38 14.171020508 0.000020742 1.280670166 -0.041199269 0.101609637 -0.050164133
39 10.9765625 0.00001812 0.352539063 0.015384477 0.116776383 0.048633426
40 8.120300293 -0.000003576 -0.000015259 0.005658191 0.049314547 0.061280148
41 8.120285034 -0.000001907 -0.000038147 -0.013590081 -0.038281629 0.06018531
42 8.120346069 0.000001907 -0.000022888 0.00029244 0.237693757 0.030113828
43 8.120361328 0.000001907 0.000061035 -0.084116509 -0.327732229 0.060767602
44 7.146957397 16.179790497 -9.195613861 1.417032 -0.146525788 -0.205047786
45 -13.525131226 0 0 -0.072324319 -0.108756575 -0.167803831
46 -11.953033447 -0.000013351 -0.000015259 0.073510878 -0.077162182 -0.032920853
47 -8.290390015 0.000001907 0 0.127881136 0.078188494 0.189990069
48 -7.875 0.000030518 0 0.050285986 0.13435498 0.054014694
49 -8.785797119 0.000041962 0 0.091102986 0.18613087 -0.299829453
50 -8.903686523 0.000001907 -0.000001907 -0.057470568 0.131724659 0.119345808
51 7.147003174 -16.266246796 -9.19562149 -1.704007976 0.234012143 -2.913078784
52 13.525115967 0.000015259 0.000007629 -0.084256501 -0.07000066 -0.135905808
53 11.953018188 0.000011444 0 0.112611712 0.055806897 -0.020551697
54 8.290390015 0 0.000003815 0.156587615 0.148444351 0.174634276
55 7.875 -0.000034332 0 0.086193813 0.327668961 0.092124908
56 8.78578186 -0.000038147 0.000003219 0.101186746 0.456581796 -0.234036482
57 8.903717041 0 -0.000007629 -0.174484477 0.27085983 0.258220818
58 -5.36730957 8.366906166 8.703117371 1.810213009 -0.743768477 3.109339126
59 13.525115967 0.000015259 -0.000001907 -0.294796652 0.025796171 -0.029052018
60 -3.441879272 -10.792385101 9.377006531 1.746483497 -0.861040968 -3.052534877
61 13.525115967 -0.000007629 0.000003815 -0.410907753 0.133961866 -0.46166444
62 11.953048706 0.000015259 0.000003815 0.207751949 -0.064520379 -0.432269524
63 8.290359497 0.000002861 0 0.118537574 -0.033750345 0.019358302
64 7.875 -0.00002861 0.000001907 0.062810943 -0.046481722 -0.027116871
65 19.39491272 -14.052383423 -0.467086792 0.918570697 0.116514496 -2.796274334
66 26.240753174 0.000003815 0.000007629 -0.272570955 -0.019918206 0.03775917
67 31.971000671 0.000003815 0.000003815 -0.135289513 0.114400699 0.08126591
68 4.627235413 -2.31129837 4.185634613 -0.024611287 -0.558422955 -0.444239217
69 2.980117798 -0.000004292 -0.000007629 -0.044814452 -0.161464923 0.279695347
70 1.982421875 0.000015259 0.000015259 0 0 0.079605056
71 10.844871521 -1.281562805 -1.331679344 0.003154845 -0.01855101 -1.502721343
72 3.98828125 0 0.000037193 0.024656551 0.116612118 -1.30426207
73 2.26953125 -0.000015259 -0.000010133 0.010246566 0.020303916 -1.235445909
74 10.908851624 -1.237388611 0.829589844 0.008182385 -0.019760774 -1.502678948
75 3.989425659 -0.000015259 0.000037193 0.003562594 0.093803498 -1.240572344
76 3.478279114 0 -0.000015974 0.01062322 -0.039586617 -1.338501469
77 10.291885376 -1.202156067 -3.344136238 0.018038834 -0.023865117 -1.537453755
78 2.757148743 0 0.000027657 -0.00454994 -0.095548155 -1.291608045
79 1.775390625 -0.000007629 -0.000009537 0.198076059 0.357239486 -1.30316968
80 10.971855164 -1.19392395 2.957341194 -0.012167132 -0.015944087 -1.622309173
81 3.82421875 -0.000007629 0.000035286 -0.000576872 0.002168828 -1.309510829
82 2.94140625 -0.000007629 -0.000013351 0.003967107 0.006944486 -1.466881704
83 -0.000015259 0.000007629 0 0.365543041 0.306075956 -0.718999433
84 19.39491272 13.160593033 -0.467075348 -2.244334156 -0.257851083 -0.353547568
85 -26.240753174 -0.000003815 -0.000003815 -0.048207666 0.052657494 0.124137777
86 -31.971000671 0.000015259 0 -0.640439261 0.213481567 -0.19331895
87 -11.614601135 3.933105469 0.069384575 -1.578444876 1.529198549 -2.544968004
88 -10.484527588 1.069198608 3.539872169 -3.131584703 0.028220486 2.411526648
89 2.757156372 0.000002265 0.000026703 -0.011712134 0.035128624 1.019560794
90 1.775390625 0.000007629 -0.000023842 -0.261071927 -0.262843666 1.059935836
91 -11.046470642 1.142402649 1.529694557 -3.130487012 0.018259081 2.114134707
92 3.98828125 0 0.000038147 0.004872241 -0.009924216 1.610032301
93 2.26953125 0.000007629 0.000000954 -0.076539319 -0.095407065 1.438172442
94 -11.192642212 1.041526794 -2.758434296 -3.116629264 0.004012045 2.226905852
95 3.82421875 0.000038147 0.000051498 0.00053161 0.002187187 1.610324685
96 8.785812378 -0.000034332 0.000000954 0.08229373 0.071373082 -0.580233542
97 2.94140625 0.000007629 -0.000011444 -0.004550553 0.006091757 1.767588569
98 -11.120124817 1.091545105 -0.631118774 -3.132136147 0.020772815 2.221577138
99 3.98941803 0.000001907 0.000052452 0.021444626 0.041947477 1.751021405
100 3.478290558 0.000022888 -0.00001049 -0.001306817 0.004312204 1.848998194
101 -4.853614807 2.155082703 -4.018517494 3.123057975 0.125574955 2.46129872
102 2.980110168 -0.00000906 0.000011921 0.038574713 -0.163808097 -0.240289671
103 1.982421875 -0.000009537 0.000034332 0 0 -0.040571652
104 0.000015259 -0.000007629 -0.000003815 -0.004111873 -0.107750949 -0.850367791
105 7.08984375 0 -0.000000477 3.141592654 -0.174494806 3.141592654
106 7.528259277 8.168075562 -1.23279953 -3.136643079 0.174442134 -3.112738881
107 -54.911224365 -0.64967823 -0.176695824 1.570486209 0.07895275 0.030347038
108 -61.183189392 0.000000954 0 0.173988939 0.013650073 0.001450443
109 8.588684082 0 1.514415741 0 0 0
110 4.260505676 -21.349506378 -3.218473434 0.022833877 -0.025160485 -0.097445846
111 15.606674194 0 -0.000012398 -0.000325674 0.04515631 -0.056480402
112 15.853752136 0 -0.00000608 0.00235362 0.039643998 -0.1123327
113 15.151855469 0.000003815 0.000000715 0.006693055 0.003867473 -0.020703602
114 11.14995575 0 -0.000006676 -0.021255338 0.033104214 -0.088526868
115 1.725082397 -0.142127991 11.160655975 -1.538862594 -0.164872252 -0.087067484
116 15.606681824 -0.000001907 0 0.002657869 0.022925214 0.028517855
117 15.853729248 0.000003815 0.000000119 -0.001259912 0.020181489 -0.030744252
118 15.151863098 -0.000001907 0.000000238 -0.000037231 0.001639607 -0.045406549
119 11.149963379 0 0 -0.004044324 0.007906244 0.025103089
120 6.678688049 -0.142132998 -16.932613373 1.558943688 -0.003298649 3.069390556
121 -15.606689453 0.000003815 0 -0.002814002 -0.022214313 0.043454717
122 -15.853752136 0.000007629 0.00000608 0.001191036 -0.019844481 -0.015636074
123 -15.151855469 -0.000003815 -0.000000238 0.0002339 -0.003276249 -0.037377749
124 -11.14994812 -0.000007629 0.000006676 0.002482044 -0.008577224 0.025108434
125 2.507644653 15.93921566 6.722552299 -1.613294102 0.131195195 -2.923256654
126 -15.606697083 0 0 0.008884244 0.027136184 -0.026036838
127 -15.853752136 -0.000000954 0.000013351 0.024495574 -0.065594261 0.059232212
128 -15.151855469 -0.000001907 0.000007629 0.001429786 -0.016976032 -0.046370067
129 -11.149963379 -0.000003815 -0.000003815 -0.012605436 0.012267107 -0.096620653
130 2.507621765 -17.075353622 6.722564697 -1.585610207 -0.114236414 -0.223012913
131 15.606674194 0 0.000003815 0.010090889 0.066432621 -0.008214898
132 15.853736877 -0.000001907 0.000003815 0.017853398 -0.030677686 0.069322419
133 15.151870728 0.000001431 0 -0.003364416 -0.013580351 -0.064123052
134 11.149963379 0.000000954 -0.000015259 -0.018295514 0.006684467 -0.024231577
135 5.893127441 15.939212799 -12.477539063 3.10094781 -0.116861927 0.143287357
136 15.606674194 0 0.000026703 0.008018115 0.041505772 -0.017187336
137 15.853744507 -0.000003815 -0.000011921 0.012572903 -0.052656668 0.063836745
138 15.151855469 0.000003815 0 -0.009479354 -0.015559932 -0.058027999
139 11.149963379 0.000003815 -0.000007629 -0.001483796 -0.036563844 -0.051086502
140 5.893135071 -17.075361252 -12.477552414 1.492443926 0.040140649 2.921600692
141 -15.606658936 0 0.000007629 0.009912318 0.020682459 0.006921997
142 -15.853729248 -0.000000954 -0.000011444 0.017041465 -0.070637653 0.085279745
143 -15.151832581 -0.000003815 -0.000007629 -0.007116472 -0.01729628 -0.055795078
144 -11.149932861 -0.000003815 -0.000011444 0.000116278 -0.009321516 -0.024947002
145 4.260475159 20.773918152 -3.218482971 -0.00891241 0.02777306 -3.055450079
146 -15.606681824 0 0 -0.002428901 -0.044337596 0.031654886
147 -15.853736877 0.000003815 -0.000000119 0.003045773 -0.038936955 -0.067671083
148 -15.151855469 -0.000005722 0.000000238 0.006372503 -0.003882972 0.053338074
149 -11.149963379 0.000003815 0 0.001921582 -0.036550799 -0.090886787
150 7.528274536 -8.043749809 -1.232801437 0.004949575 -0.174442134 -0.028853775
151 54.911239624 0.649676323 0.176697254 1.570486209 0.07895275 0.030347038
152 61.183170319 -0.000000715 0.000000954 0.174162246 0.013649947 0.001451626
153 -0.364086866 -2.758008003 4.994803905 0 0 0.000244115
154 -0.364086866 -2.758006096 4.994803905 0 0 0.000244115
155 -0.364086866 -2.758006096 4.994803905 0 0 0.000244115
156 -0.364086866 -2.758006096 4.994803905 0 0 0.000244115
157 -0.364086866 -2.758006096 4.994803905 0 0 0.000244115
158 -0.364086866 -2.758006096 4.994803905 0 0 0.000244115
159 -0.364086866 -2.758006096 4.994803905 0 0 0.000244115
160 -0.364086866 -2.758006096 4.994803905 0 0 0.000244115
161 -0.364086866 -2.758006096 4.994803905 0 0 0.000244115
162 -0.498048782 -4.95163393 0.510848999 0 0 0.000244115
163 -0.364086866 -2.758006096 4.994803905 0 0 0.000244115
time 36
0 -0.364086866 -2.758006096 4.994803905 0 0 0.000244115
1 -0.355712891 -7.47265625 1.084960938 0 -1.570482873 -1.57071714
2 130.809036255 0 -0.000000477 0 0 0
3 6.662017822 -0.142129987 2.521339893 3.113840091 0.006816268 -0.012698207
4 24.360931396 0 0.000011921 0.0666117 0.293571284 -0.020530373
5 24.806396484 -0.00000599 0.765956879 0 -0.368320338 0
6 8.120269775 -0.000001997 0.000003815 0 0 0
7 8.120315552 -0.000000983 0.000001907 0 -0.880742373 0
8 8.120315552 -0.000000983 0.000001907 0 -1.357954675 0
9 5.115219116 7.517074585 -23.079299927 1.553942678 -0.208639891 -0.117611359
10 -13.525115967 0.000007629 -0.000003815 0.019844043 0.050736614 -0.198773597
11 -11.953063965 -0.000007629 0 0.019759538 -0.021797964 -0.030689642
12 -8.290374756 0 -0.000003815 0.067713353 -0.003099699 -0.056423274
13 -7.875 0.000032425 0.000003815 0.028063952 0.018641947 0.037471536
14 -8.78578186 0.000034332 0.000003815 0.179220784 -0.136195875 -0.167638712
15 -8.9037323 0.000001907 0 0.086233026 0.11507405 0.362199718
16 5.903457642 12.714836121 -17.693172455 1.4154292 -0.22893661 -0.161844433
17 -13.525161743 0 -0.000003815 -0.001232197 0.067103676 -0.193802741
18 -11.953033447 -0.000007629 0 0.049479349 -0.038890579 -0.026698272
19 -8.290390015 0 0 0.070362832 0.042763083 0.122438497
20 -7.875 0.000030518 0.000003815 0.013079543 0.049797292 0.015522642
21 -8.785797119 0.000038147 0.000003815 0.131214371 0.013593582 -0.179975436
22 -8.903717041 0 -0.000001907 -0.020215731 0.061580514 0.347882071
23 5.115219116 -7.603518486 -23.079322815 -1.645177671 0.244151467 -3.035835424
24 13.525115967 0.000007629 0 0.026743301 -0.034637367 -0.1914728
25 11.953033447 0 0 0.120994052 -0.005303992 -0.025226767
26 8.290390015 -0.000003815 0.000001907 0.148048371 -0.00376536 -0.049619977
27 7.875 -0.000030518 0 0.087724699 0.190349631 0.049174805
28 8.785766602 -0.000030518 0.000000596 0.13334222 0.186317268 -0.161074953
29 8.9037323 -0.000003815 0.000001907 -0.026004404 0.319603693 0.308889171
30 5.903442383 -12.801283836 -17.693199158 -1.706909127 0.313383609 -2.942015386
31 13.525131226 0 0 -0.004393383 0.006767714 -0.195576403
32 11.953063965 0.000007629 0 0.119357682 0.015971651 -0.035712453
33 8.290390015 0.000007629 0 0.127649208 0.079169352 0.096155492
34 7.875 -0.000030518 0 0.058668902 0.239963842 0.030038042
35 8.785766602 -0.000030518 0.000000954 0.139063117 0.301597391 -0.114148295
36 8.903717041 0 0.000003815 -0.086979553 0.286949366 0.302284299
37 4.435455322 0.000127017 -25.179950714 3.094925089 0.422917735 3.112586781
38 14.171020508 0.000020742 1.280670166 -0.041206904 0.102272602 -0.051649085
39 10.9765625 0.00001812 0.352539063 0.014881967 0.117922836 0.046970763
40 8.120300293 -0.000003576 -0.000015259 0.005385831 0.051049087 0.062056883
41 8.120285034 -0.000001907 -0.000038147 -0.013429096 -0.035314833 0.065861346
42 8.120346069 0.000001907 -0.000022888 0.001954328 0.238986531 0.04161946
43 8.120361328 0.000001907 0.000061035 -0.084470741 -0.332083138 0.061382997
44 7.146957397 16.179790497 -9.195613861 1.414695302 -0.154656956 -0.20197463
45 -13.525131226 0 0 -0.073398739 -0.109015165 -0.171821349
46 -11.953033447 -0.000013351 -0.000015259 0.073754138 -0.078924896 -0.051066545
47 -8.290390015 0.000001907 0 0.127019699 0.076777178 0.181512924
48 -7.875 0.000030518 0 0.051121118 0.139650942 0.071015815
49 -8.785797119 0.000041962 0 0.09237616 0.191599866 -0.276636139
50 -8.903686523 0.000001907 -0.000001907 -0.058061431 0.131729719 0.123643256
51 7.147003174 -16.266246796 -9.19562149 -1.703814842 0.238404631 -2.912856062
52 13.525115967 0.000015259 0.000007629 -0.084985585 -0.066962844 -0.138517475
53 11.953018188 0.000011444 0 0.11182491 0.060209694 -0.031313577
54 8.290390015 0 0.000003815 0.154928267 0.142276123 0.164056372
55 7.875 -0.000034332 0 0.085656014 0.318152568 0.101627074
56 8.78578186 -0.000038147 0.000003219 0.103031294 0.461677731 -0.211577395
57 8.903717041 0 -0.000007629 -0.176052548 0.272673561 0.261607154
58 -5.36730957 8.366906166 8.703117371 1.810624141 -0.742689887 3.108457641
59 13.525115967 0.000015259 -0.000001907 -0.294796652 0.025796171 -0.029052018
60 -3.441879272 -10.792385101 9.377006531 1.745817828 -0.859829949 -3.052622856
61 13.525115967 -0.000007629 0.000003815 -0.411582533 0.134260669 -0.459818931
62 11.953048706 0.000015259 0.000003815 0.208534168 -0.067896001 -0.429670052
63 8.290359497 0.000002861 0 0.119148573 -0.035458502 0.023225254
64 7.875 -0.00002861 0.000001907 0.062988271 -0.044181552 -0.028775657
65 19.39491272 -14.052383423 -0.467086792 0.919969486 0.13460881 -2.796022279
66 26.240753174 0.000003815 0.000007629 -0.274753263 -0.021151236 0.036127022
67 31.971000671 0.000003815 0.000003815 -0.136768082 0.107795354 0.069048681
68 4.627235413 -2.31129837 4.185634613 -0.024611287 -0.558422955 -0.444239217
69 2.980117798 -0.000004292 -0.000007629 -0.044814452 -0.161464923 0.279695347
70 1.982421875 0.000015259 0.000015259 0 0 0.079605056
71 10.844871521 -1.281562805 -1.331679344 0.003154845 -0.01855101 -1.502721343
72 3.98828125 0 0.000037193 0.024656551 0.116612118 -1.30426207
73 2.26953125 -0.000015259 -0.000010133 0.010246566 0.020303916 -1.235445909
74 10.908851624 -1.237388611 0.829589844 0.008182385 -0.019760774 -1.502678948
75 3.989425659 -0.000015259 0.000037193 0.003562594 0.093803498 -1.240572344
76 3.478279114 0 -0.000015974 0.01062322 -0.039586617 -1.338501469
77 10.291885376 -1.202156067 -3.344136238 0.018038834 -0.023865117 -1.537453755
78 2.757148743 0 0.000027657 -0.00454994 -0.095548155 -1.291608045
79 1.775390625 -0.000007629 -0.000009537 0.198076059 0.357239486 -1.30316968
80 10.971855164 -1.19392395 2.957341194 -0.012167132 -0.015944087 -1.622309173
81 3.82421875 -0.000007629 0.000035286 -0.000576872 0.002168828 -1.309510829
82 2.94140625 -0.000007629 -0.000013351 0.003967107 0.006944486 -1.466881704
83 -0.000015259 0.000007629 0 0.369071767 0.290491333 -0.709549689
84 19.39491272 13.160593033 -0.467075348 -2.253438159 -0.254993852 -0.351752379
85 -26.240753174 -0.000003815 -0.000003815 -0.055942856 0.052267628 0.123783736
86 -31.971000671 0.000015259 0 -0.640439261 0.213481567 -0.19331895
87 -11.614601135 3.933105469 0.069384575 -1.578444876 1.529198549 -2.544968004
88 -10.484527588 1.069198608 3.539872169 -3.131584703 0.028220486 2.411526648
89 2.757156372 0.000002265 0.000026703 -0.011712134 0.035128624 1.019560794
90 1.775390625 0.000007629 -0.000023842 -0.261071927 -0.262843666 1.059935836
91 -11.046470642 1.142402649 1.529694557 -3.130487012 0.018259081 2.114134707
92 3.98828125 0 0.000038147 0.004872241 -0.009924216 1.610032301
93 2.26953125 0.000007629 0.000000954 -0.076539319 -0.095407065 1.438172442
94 -11.192642212 1.041526794 -2.758434296 -3.116629264 0.004012045 2.226905852
95 3.82421875 0.000038147 0.000051498 0.00053161 0.002187187 1.610324685
96 8.785812378 -0.000034332 0.000000954 0.08229373 0.071373082 -0.580233542
97 2.94140625 0.000007629 -0.000011444 -0.004550553 0.006091757 1.767588569
98 -11.120124817 1.091545105 -0.631118774 -3.132136147 0.020772815 2.221577138
99 3.98941803 0.000001907 0.000052452 0.021444626 0.041947477 1.751021405
100 3.478290558 0.000022888 -0.00001049 -0.001306817 0.004312204 1.848998194
101 -4.853614807 2.155082703 -4.018517494 3.123057975 0.125574955 2.46129872
102 2.980110168 -0.00000906 0.000011921 0.038574713 -0.163808097 -0.240289671
103 1.982421875 -0.000009537 0.000034332 0 0 -0.040571652
104 0.000015259 -0.000007629 -0.000003815 -0.005135261 -0.101989904 -0.855508003
105 7.08984375 0 -0.000000477 3.141592654 -0.174494806 3.141592654
106 7.528259277 8.168075562 -1.23279953 -3.136643079 0.174442134 -3.112738881
107 -54.911224365 -0.64967823 -0.176695824 1.570486209 0.07895275 0.030347038
108 -61.183189392 0.000000954 0 0.173988939 0.013650073 0.001450443
109 8.588684082 0 1.514415741 0 0 0
110 4.260505676 -21.349506378 -3.218473434 0.022252586 -0.038157956 -0.097074237
111 15.606674194 0 -0.000012398 -0.000370569 0.049646645 -0.056658007
112 15.853752136 0 -0.00000608 0.001201059 0.049178725 -0.11279407
113 15.151855469 0.000003815 0.000000715 0.006150673 0.021992677 -0.021599699
114 11.14995575 0 -0.000006676 -0.020592584 0.030115941 -0.087791422
115 1.725082397 -0.142127991 11.160655975 -1.539936177 -0.168470339 -0.082203088
116 15.606681824 -0.000001907 0 0.003492122 0.025241304 0.030431202
117 15.853729248 0.000003815 0.000000119 -0.00086811 0.025022808 -0.027980595
118 15.151863098 -0.000001907 0.000000238 -0.000050244 0.010963512 -0.040658882
119 11.149963379 0 0 -0.003633555 0.007204238 0.021739342
120 6.678688049 -0.142132998 -16.932613373 1.560061667 0.003859976 3.075702017
121 -15.606689453 0.000003815 0 -0.003580943 -0.024352543 0.045885277
122 -15.853752136 0.000007629 0.00000608 0.000731342 -0.024511103 -0.010367805
123 -15.151855469 -0.000003815 -0.000000238 0.000250473 -0.011995783 -0.027365271
124 -11.14994812 -0.000007629 0.000006676 0.002245976 -0.007793411 0.021743679
125 2.507644653 15.93921566 6.722552299 -1.611624897 0.135582364 -2.927024836
126 -15.606697083 0 0 0.007761104 0.025488274 -0.02778477
127 -15.853752136 -0.000000954 0.000013351 0.023706368 -0.069250407 0.056452971
128 -15.151855469 -0.000001907 0.000007629 0.001398621 -0.024141277 -0.051471093
129 -11.149963379 -0.000003815 -0.000003815 -0.012306424 0.011868756 -0.09333232
130 2.507621765 -17.075353622 6.722564697 -1.586328133 -0.117671989 -0.21669339
131 15.606674194 0 0.000003815 0.009972097 0.068581996 -0.006394675
132 15.853736877 -0.000001907 0.000003815 0.018068391 -0.025960032 0.072037328
133 15.151870728 0.000001431 0 -0.003400606 -0.004678598 -0.059818728
134 11.149963379 0.000000954 -0.000015259 -0.017693655 0.006059388 -0.027418062
135 5.893127441 15.939212799 -12.477539063 3.100006291 -0.117746595 0.143452643
136 15.606674194 0 0.000026703 0.008972144 0.041254546 -0.017082312
137 15.853744507 -0.000003815 -0.000011921 0.013069685 -0.053277874 0.063906629
138 15.151855469 0.000003815 0 -0.009532849 -0.01676915 -0.057763041
139 11.149963379 0.000003815 -0.000007629 -0.001733004 -0.033289171 -0.051515111
140 5.893135071 -17.075361252 -12.477552414 1.492583021 0.047700195 2.927865593
141 -15.606658936 0 0.000007629 0.009926204 0.018339861 0.009327449
142 -15.853729248 -0.000000954 -0.000011444 0.016548029 -0.075596625 0.090538129
143 -15.151832581 -0.000003815 -0.000007629 -0.007078994 -0.026582048 -0.045575769
144 -11.149932861 -0.000003815 -0.000011444 -0.000744084 -0.008470374 -0.028137284
145 4.260475159 20.773918152 -3.218482971 -0.007495786 0.040501677 -3.05520975
146 -15.606681824 0 0 -0.003790459 -0.048720186 0.031522324
147 -15.853736877 0.000003815 -0.000000119 0.002853376 -0.048359451 -0.067946909
148 -15.151855469 -0.000005722 0.000000238 0.006076488 -0.021661491 0.052855872
149 -11.149963379 0.000003815 0 0.001765174 -0.033274045 -0.09044634
150 7.528274536 -8.043749809 -1.232801437 0.004949575 -0.174442134 -0.028853775
151 54.911239624 0.649676323 0.176697254 1.570486209 0.07895275 0.030347038
152 61.183170319 -0.000000715 0.000000954 0.174162246 0.013649947 0.001451626
153 -0.364086866 -2.758008003 4.994803905 0 0 0.000244115
154 -0.364086866 -2.758006096 4.994803905 0 0 0.000244115
155 -0.364086866 -2.758006096 4.994803905 0 0 0.000244115
156 -0.364086866 -2.758006096 4.994803905 0 0 0.000244115
157 -0.364086866 -2.758006096 4.994803905 0 0 0.000244115
158 -0.364086866 -2.758006096 4.994803905 0 0 0.000244115
159 -0.364086866 -2.758006096 4.994803905 0 0 0.000244115
160 -0.364086866 -2.758006096 4.994803905 0 0 0.000244115
161 -0.364086866 -2.758006096 4.994803905 0 0 0.000244115
162 -0.498048782 -4.95163393 0.510848999 0 0 0.000244115
163 -0.364086866 -2.758006096 4.994803905 0 0 0.000244115
time 37
0 -0.364086866 -2.758006096 4.994803905 0 0 0.000244115
1 -0.355712891 -7.47265625 1.084960938 0 -1.570482873 -1.57071714
2 130.809036255 0 -0.000000477 0 0 0
3 6.662017822 -0.142129987 2.521339893 3.116350873 0.006242159 -0.011559946
4 24.360931396 0 0.000011921 0.064990476 0.287374696 -0.018692495
5 24.806396484 -0.00000599 0.765956879 0 -0.368320338 0
6 8.120269775 -0.000001997 0.000003815 0 0 0
7 8.120315552 -0.000000983 0.000001907 0 -0.880742373 0
8 8.120315552 -0.000000983 0.000001907 0 -1.357954675 0
9 5.115219116 7.517074585 -23.079299927 1.551868918 -0.213626799 -0.11405847
10 -13.525115967 0.000007629 -0.000003815 0.020043023 0.049297673 -0.200081302
11 -11.953063965 -0.000007629 0 0.020676238 -0.029773801 -0.043217594
12 -8.290374756 0 -0.000003815 0.067843737 -0.003883133 -0.063794699
13 -7.875 0.000032425 0.000003815 0.028169023 0.030342461 0.046707233
14 -8.78578186 0.000034332 0.000003815 0.17735392 -0.127643825 -0.149711994
15 -8.9037323 0.000001907 0 0.086540229 0.115280449 0.364957449
16 5.903457642 12.714836121 -17.693172455 1.412978405 -0.234834308 -0.158257948
17 -13.525161743 0 -0.000003815 -0.001369624 0.066140244 -0.19553907
18 -11.953033447 -0.000007629 0 0.050407668 -0.04394317 -0.041875044
19 -8.290390015 0 0 0.070309685 0.041562443 0.112009423
20 -7.875 0.000030518 0.000003815 0.013350556 0.058348905 0.028369672
21 -8.785797119 0.000038147 0.000003815 0.130748088 0.019930217 -0.156993012
22 -8.903717041 0 -0.000001907 -0.020572559 0.061598221 0.350590399
23 5.115219116 -7.603518486 -23.079322815 -1.644431604 0.247424536 -3.034673175
24 13.525115967 0.000007629 0 0.026294949 -0.032500339 -0.19247372
25 11.953033447 0 0 0.120502572 0.000011176 -0.034590509
26 8.290390015 -0.000003815 0.000001907 0.148187759 -0.007767165 -0.056325114
27 7.875 -0.000030518 0 0.088151055 0.178971289 0.057452099
28 8.785766602 -0.000030518 0.000000596 0.133786337 0.189337112 -0.144899388
29 8.9037323 -0.000003815 0.000001907 -0.025210567 0.32116035 0.311248625
30 5.903442383 -12.801283836 -17.693199158 -1.70684419 0.316111829 -2.942023612
31 13.525131226 0 0 -0.004669235 0.008646763 -0.196623317
32 11.953063965 0.000007629 0 0.118960912 0.019971688 -0.043434894
33 8.290390015 0.000007629 0 0.126984814 0.073833097 0.08624875
34 7.875 -0.000030518 0 0.058344515 0.229464812 0.035672279
35 8.785766602 -0.000030518 0.000000954 0.140146184 0.305322508 -0.095864394
36 8.903717041 0 0.000003815 -0.087080529 0.288183933 0.304719094
37 4.435455322 0.000127017 -25.179950714 3.09634452 0.422771046 3.113425553
38 14.171020508 0.000020742 1.280670166 -0.041124445 0.102939694 -0.053043052
39 10.9765625 0.00001812 0.352539063 0.014445582 0.119155562 0.044966175
40 8.120300293 -0.000003576 -0.000015259 0.005001051 0.052789213 0.061793625
41 8.120285034 -0.000001907 -0.000038147 -0.013233516 -0.032444203 0.070242623
42 8.120346069 0.000001907 -0.000022888 0.003115509 0.240628582 0.052375849
43 8.120361328 0.000001907 0.000061035 -0.084768994 -0.334858457 0.062003605
44 7.146957397 16.179790497 -9.195613861 1.412579096 -0.162357014 -0.199239822
45 -13.525131226 0 0 -0.074666055 -0.108969703 -0.174276242
46 -11.953033447 -0.000013351 -0.000015259 0.073842348 -0.080535461 -0.068859871
47 -8.290390015 0.000001907 0 0.125926433 0.074844089 0.170390943
48 -7.875 0.000030518 0 0.051772932 0.144136354 0.085916754
49 -8.785797119 0.000041962 0 0.093428265 0.197626495 -0.251886901
50 -8.903686523 0.000001907 -0.000001907 -0.058409296 0.131754078 0.126308684
51 7.147003174 -16.266246796 -9.19562149 -1.703873333 0.242873686 -2.912850258
52 13.525115967 0.000015259 0.000007629 -0.085629676 -0.064243202 -0.140601314
53 11.953018188 0.000011444 0 0.110996727 0.064768744 -0.041900811
54 8.290390015 0 0.000003815 0.153335755 0.137048436 0.152364193
55 7.875 -0.000034332 0 0.084763994 0.308035977 0.109111702
56 8.78578186 -0.000038147 0.000003219 0.105016672 0.46488748 -0.188597701
57 8.903717041 0 -0.000007629 -0.176975413 0.273822924 0.263707602
58 -5.36730957 8.366906166 8.703117371 1.810843273 -0.741686608 3.107708301
59 13.525115967 0.000015259 -0.000001907 -0.294796652 0.025796171 -0.029052018
60 -3.441879272 -10.792385101 9.377006531 1.744985422 -0.858553927 -3.052563704
61 13.525115967 -0.000007629 0.000003815 -0.412326404 0.134440627 -0.458045587
62 11.953048706 0.000015259 0.000003815 0.209236818 -0.07139443 -0.426906577
63 8.290359497 0.000002861 0 0.11974419 -0.037448361 0.027421
64 7.875 -0.00002861 0.000001907 0.063241681 -0.042155082 -0.02992607
65 19.39491272 -14.052383423 -0.467086792 0.921080495 0.153314077 -2.795849245
66 26.240753174 0.000003815 0.000007629 -0.276935925 -0.022582657 0.034350484
67 31.971000671 0.000003815 0.000003815 -0.138596223 0.100494602 0.055578298
68 4.627235413 -2.31129837 4.185634613 -0.024611287 -0.558422955 -0.444239217
69 2.980117798 -0.000004292 -0.000007629 -0.044814452 -0.161464923 0.279695347
70 1.982421875 0.000015259 0.000015259 0 0 0.079605056
71 10.844871521 -1.281562805 -1.331679344 0.003154845 -0.01855101 -1.502721343
72 3.98828125 0 0.000037193 0.024656551 0.116612118 -1.30426207
73 2.26953125 -0.000015259 -0.000010133 0.010246566 0.020303916 -1.235445909
74 10.908851624 -1.237388611 0.829589844 0.008182385 -0.019760774 -1.502678948
75 3.989425659 -0.000015259 0.000037193 0.003562594 0.093803498 -1.240572344
76 3.478279114 0 -0.000015974 0.01062322 -0.039586617 -1.338501469
77 10.291885376 -1.202156067 -3.344136238 0.018038834 -0.023865117 -1.537453755
78 2.757148743 0 0.000027657 -0.00454994 -0.095548155 -1.291608045
79 1.775390625 -0.000007629 -0.000009537 0.198076059 0.357239486 -1.30316968
80 10.971855164 -1.19392395 2.957341194 -0.012167132 -0.015944087 -1.622309173
81 3.82421875 -0.000007629 0.000035286 -0.000576872 0.002168828 -1.309510829
82 2.94140625 -0.000007629 -0.000013351 0.003967107 0.006944486 -1.466881704
83 -0.000015259 0.000007629 0 0.37250508 0.275312976 -0.700294162
84 19.39491272 13.160593033 -0.467075348 -2.263672619 -0.251849551 -0.349814347
85 -26.240753174 -0.000003815 -0.000003815 -0.064204438 0.051738343 0.12351274
86 -31.971000671 0.000015259 0 -0.640439261 0.213481567 -0.19331895
87 -11.614601135 3.933105469 0.069384575 -1.578444876 1.529198549 -2.544968004
88 -10.484527588 1.069198608 3.539872169 -3.131584703 0.028220486 2.411526648
89 2.757156372 0.000002265 0.000026703 -0.011712134 0.035128624 1.019560794
90 1.775390625 0.000007629 -0.000023842 -0.261071927 -0.262843666 1.059935836
91 -11.046470642 1.142402649 1.529694557 -3.130487012 0.018259081 2.114134707
92 3.98828125 0 0.000038147 0.004872241 -0.009924216 1.610032301
93 2.26953125 0.000007629 0.000000954 -0.076539319 -0.095407065 1.438172442
94 -11.192642212 1.041526794 -2.758434296 -3.116629264 0.004012045 2.226905852
95 3.82421875 0.000038147 0.000051498 0.00053161 0.002187187 1.610324685
96 8.785812378 -0.000034332 0.000000954 0.08229373 0.071373082 -0.580233542
97 2.94140625 0.000007629 -0.000011444 -0.004550553 0.006091757 1.767588569
98 -11.120124817 1.091545105 -0.631118774 -3.132136147 0.020772815 2.221577138
99 3.98941803 0.000001907 0.000052452 0.021444626 0.041947477 1.751021405
100 3.478290558 0.000022888 -0.00001049 -0.001306817 0.004312204 1.848998194
101 -4.853614807 2.155082703 -4.018517494 3.123057975 0.125574955 2.46129872
102 2.980110168 -0.00000906 0.000011921 0.038574713 -0.163808097 -0.240289671
103 1.982421875 -0.000009537 0.000034332 0 0 -0.040571652
104 0.000015259 -0.000007629 -0.000003815 -0.006271191 -0.095808202 -0.86103372
105 7.08984375 0 -0.000000477 3.141592654 -0.174494806 3.141592654
106 7.528259277 8.168075562 -1.23279953 -3.136643079 0.174442134 -3.112738881
107 -54.911224365 -0.64967823 -0.176695824 1.570486209 0.07895275 0.030347038
108 -61.183189392 0.000000954 0 0.173988939 0.013650073 0.001450443
109 8.588684082 0 1.514415741 0 0 0
110 4.260505676 -21.349506378 -3.218473434 0.021686306 -0.051500851 -0.096790096
111 15.606674194 0 -0.000012398 -0.000478078 0.053271657 -0.056836952
112 15.853752136 0 -0.00000608 0.00009491 0.057851928 -0.113179914
113 15.151855469 0.000003815 0.000000715 0.005513324 0.039600089 -0.022424471
114 11.14995575 0 -0.000006676 -0.019754657 0.027049368 -0.086968515
115 1.725082397 -0.142127991 11.160655975 -1.541080547 -0.17249945 -0.077029297
116 15.606681824 -0.000001907 0 0.004237298 0.027039195 0.032430512
117 15.853729248 0.000003815 0.000000119 -0.000457248 0.029517983 -0.02512832
118 15.151863098 -0.000001907 0.000000238 -0.00010066 0.020027235 -0.035912503
119 11.149963379 0 0 -0.003306472 0.006504574 0.018461417
120 6.678688049 -0.142132998 -16.932613373 1.561018792 0.011189429 3.082201436
121 -15.606689453 0.000003815 0 -0.004339128 -0.026144719 0.04788496
122 -15.853752136 0.000007629 0.00000608 0.000254595 -0.028743855 -0.005701163
123 -15.151855469 -0.000003815 -0.000000238 0.000181031 -0.02045662 -0.017697946
124 -11.14994812 -0.000007629 0.000006676 0.002006976 -0.007010503 0.018465135
125 2.507644653 15.93921566 6.722552299 -1.609954276 0.14021464 -2.931033786
126 -15.606697083 0 0 0.006636059 0.02409767 -0.029616409
127 -15.853752136 -0.000000954 0.000013351 0.022849808 -0.072561462 0.053682627
128 -15.151855469 -0.000001907 0.000007629 0.001392705 -0.031048382 -0.056314364
129 -11.149963379 -0.000003815 -0.000003815 -0.011918141 0.011387624 -0.089956903
130 2.507621765 -17.075353622 6.722564697 -1.587123482 -0.121598622 -0.210121405
131 15.606674194 0 0.000003815 0.00986415 0.070299033 -0.004403553
132 15.853736877 -0.000001907 0.000003815 0.018277042 -0.02176071 0.074749162
133 15.151870728 0.000001431 0 -0.00347749 0.003962048 -0.055429529
134 11.149963379 0.000000954 -0.000015259 -0.017090322 0.005434769 -0.030777647
135 5.893127441 15.939212799 -12.477539063 3.098891372 -0.11861875 0.14362907
136 15.606674194 0 0.000026703 0.010010741 0.041004398 -0.017062136
137 15.853744507 -0.000003815 -0.000011921 0.013564113 -0.053899715 0.064062661
138 15.151855469 0.000003815 0 -0.009413306 -0.017973811 -0.057585943
139 11.149963379 0.000003815 -0.000007629 -0.001985835 -0.029928385 -0.051944657
140 5.893135071 -17.075361252 -12.477552414 1.492660817 0.055502868 2.93436091
141 -15.606658936 0 0.000007629 0.010020538 0.01643009 0.011390398
142 -15.853729248 -0.000000954 -0.000011444 0.016152671 -0.080123161 0.095367451
143 -15.151832581 -0.000003815 -0.000007629 -0.007136698 -0.035610995 -0.035615844
144 -11.149932861 -0.000003815 -0.000011444 -0.001520519 -0.007620717 -0.03141503
145 4.260475159 20.773918152 -3.218482971 -0.006054484 0.053663249 -3.054861499
146 -15.606681824 0 0 -0.005053942 -0.052241011 0.031477094
147 -15.853736877 0.000003815 -0.000000119 0.002631074 -0.056833793 -0.068219448
148 -15.151855469 -0.000005722 0.000000238 0.005714218 -0.039008163 0.052385341
149 -11.149963379 0.000003815 0 0.001606346 -0.02991106 -0.090006513
150 7.528274536 -8.043749809 -1.232801437 0.004949575 -0.174442134 -0.028853775
151 54.911239624 0.649676323 0.176697254 1.570486209 0.07895275 0.030347038
152 61.183170319 -0.000000715 0.000000954 0.174162246 0.013649947 0.001451626
153 -0.364086866 -2.758008003 4.994803905 0 0 0.000244115
154 -0.364086866 -2.758006096 4.994803905 0 0 0.000244115
155 -0.364086866 -2.758006096 4.994803905 0 0 0.000244115
156 -0.364086866 -2.758006096 4.994803905 0 0 0.000244115
157 -0.364086866 -2.758006096 4.994803905 0 0 0.000244115
158 -0.364086866 -2.758006096 4.994803905 0 0 0.000244115
159 -0.364086866 -2.758006096 4.994803905 0 0 0.000244115
160 -0.364086866 -2.758006096 4.994803905 0 0 0.000244115
161 -0.364086866 -2.758006096 4.994803905 0 0 0.000244115
162 -0.498048782 -4.95163393 0.510848999 0 0 0.000244115
163 -0.364086866 -2.758006096 4.994803905 0 0 0.000244115
time 38
0 -0.364086866 -2.758006096 4.994803905 0 0 0.000244115
1 -0.355712891 -7.47265625 1.084960938 0 -1.570482873 -1.57071714
2 130.809036255 0 -0.000000477 0 0 0
3 6.662017822 -0.142129987 2.521339893 3.118947716 0.005579347 -0.010421935
4 24.360931396 0 0.000011921 0.063030079 0.280827331 -0.016730739
5 24.806396484 -0.00000599 0.765956879 0 -0.368320338 0
6 8.120269775 -0.000001997 0.000003815 0 0 0
7 8.120315552 -0.000000983 0.000001907 0 -0.880742373 0
8 8.120315552 -0.000000983 0.000001907 0 -1.357954675 0
9 5.115219116 7.517074585 -23.079299927 1.550060706 -0.218232083 -0.111017078
10 -13.525115967 0.000007629 -0.000003815 0.020006628 0.048692028 -0.200520654
11 -11.953063965 -0.000007629 0 0.021578835 -0.037232177 -0.054973364
12 -8.290374756 0 -0.000003815 0.068044411 -0.006250756 -0.072777073
13 -7.875 0.000032425 0.000003815 0.028312315 0.040860745 0.054117859
14 -8.78578186 0.000034332 0.000003815 0.175415146 -0.117303132 -0.131309841
15 -8.9037323 0.000001907 0 0.086713937 0.115392668 0.365942556
16 5.903457642 12.714836121 -17.693172455 1.411002462 -0.240184777 -0.155306349
17 -13.525161743 0 -0.000003815 -0.001536388 0.065865074 -0.196150954
18 -11.953033447 -0.000007629 0 0.051212099 -0.048665748 -0.056185271
19 -8.290390015 0 0 0.070166299 0.039136587 0.099634643
20 -7.875 0.000030518 0.000003815 0.013627033 0.065967723 0.038625614
21 -8.785797119 0.000038147 0.000003815 0.130203674 0.027426688 -0.133267052
22 -8.903717041 0 -0.000001907 -0.020901045 0.061582599 0.351458076
23 5.115219116 -7.603518486 -23.079322815 -1.644005691 0.2506934 -3.034040575
24 13.525115967 0.000007629 0 0.026069698 -0.030953047 -0.193141117
25 11.953033447 0 0 0.119969903 0.005118247 -0.043451217
26 8.290390015 -0.000003815 0.000001907 0.148410356 -0.010464718 -0.064234255
27 7.875 -0.000030518 0 0.088266848 0.167670266 0.064134568
28 8.785766602 -0.000030518 0.000000596 0.13456154 0.190076034 -0.128139952
29 8.9037323 -0.000003815 0.000001907 -0.024462899 0.321692502 0.312083741
30 5.903442383 -12.801283836 -17.693199158 -1.70696416 0.318951248 -2.94243956
31 13.525131226 0 0 -0.00491166 0.010182587 -0.197409549
32 11.953063965 0.000007629 0 0.118540626 0.023867487 -0.050906815
33 8.290390015 0.000007629 0 0.126394466 0.069483779 0.075724045
34 7.875 -0.000030518 0 0.057924153 0.218591372 0.03945726
35 8.785766602 -0.000030518 0.000000954 0.141265243 0.306786472 -0.077715388
36 8.903717041 0 0.000003815 -0.087075759 0.288676153 0.305505053
37 4.435455322 0.000127017 -25.179950714 3.097384646 0.422698398 3.113739196
38 14.171020508 0.000020742 1.280670166 -0.040933258 0.103443642 -0.054081855
39 10.9765625 0.00001812 0.352539063 0.014081037 0.120300492 0.04279159
40 8.120300293 -0.000003576 -0.000015259 0.004683572 0.054614747 0.060754329
41 8.120285034 -0.000001907 -0.000038147 -0.013006921 -0.029670494 0.073156381
42 8.120346069 0.000001907 -0.000022888 0.003715263 0.242628968 0.061853509
43 8.120361328 0.000001907 0.000061035 -0.08481616 -0.335800332 0.062582437
44 7.146957397 16.179790497 -9.195613861 1.410736285 -0.169366867 -0.196746248
45 -13.525131226 0 0 -0.076035867 -0.108613342 -0.175260132
46 -11.953033447 -0.000013351 -0.000015259 0.073831518 -0.081927311 -0.085781843
47 -8.290390015 0.000001907 0 0.124640553 0.072446856 0.156982826
48 -7.875 0.000030518 0 0.052092657 0.147916778 0.098270653
49 -8.785797119 0.000041962 0 0.094417795 0.204351456 -0.226000743
50 -8.903686523 0.000001907 -0.000001907 -0.058519686 0.131792911 0.127254617
51 7.147003174 -16.266246796 -9.19562149 -1.704212462 0.247355687 -2.913125346
52 13.525115967 0.000015259 0.000007629 -0.086277204 -0.061839519 -0.141980837
53 11.953018188 0.000011444 0 0.110134674 0.069469681 -0.052055233
54 8.290390015 0 0.000003815 0.151802712 0.13275994 0.139554267
55 7.875 -0.000034332 0 0.083529826 0.297498943 0.11442465
56 8.78578186 -0.000038147 0.000003219 0.107042971 0.466068428 -0.165678489
57 8.903717041 0 -0.000007629 -0.177278524 0.274209168 0.264437513
58 -5.36730957 8.366906166 8.703117371 1.810619609 -0.740849635 3.107374614
59 13.525115967 0.000015259 -0.000001907 -0.294796652 0.025796171 -0.029052018
60 -3.441879272 -10.792385101 9.377006531 1.743589562 -0.857213048 -3.052042917
61 13.525115967 -0.000007629 0.000003815 -0.413059052 0.134503597 -0.456425849
62 11.953048706 0.000015259 0.000003815 0.209858661 -0.075015544 -0.423978891
63 8.290359497 0.000002861 0 0.120406643 -0.039726767 0.032029994
64 7.875 -0.00002861 0.000001907 0.063483566 -0.04032012 -0.030477164
65 19.39491272 -14.052383423 -0.467086792 0.921531555 0.172110761 -2.795601288
66 26.240753174 0.000003815 0.000007629 -0.279201959 -0.024040601 0.032407149
67 31.971000671 0.000003815 0.000003815 -0.140728315 0.092771792 0.041190845
68 4.627235413 -2.31129837 4.185634613 -0.024611287 -0.558422955 -0.444239217
69 2.980117798 -0.000004292 -0.000007629 -0.044814452 -0.161464923 0.279695347
70 1.982421875 0.000015259 0.000015259 0 0 0.079605056
71 10.844871521 -1.281562805 -1.331679344 0.003154845 -0.01855101 -1.502721343
72 3.98828125 0 0.000037193 0.024656551 0.116612118 -1.30426207
73 2.26953125 -0.000015259 -0.000010133 0.010246566 0.020303916 -1.235445909
74 10.908851624 -1.237388611 0.829589844 0.008182385 -0.019760774 -1.502678948
75 3.989425659 -0.000015259 0.000037193 0.003562594 0.093803498 -1.240572344
76 3.478279114 0 -0.000015974 0.01062322 -0.039586617 -1.338501469
77 10.291885376 -1.202156067 -3.344136238 0.018038834 -0.023865117 -1.537453755
78 2.757148743 0 0.000027657 -0.00454994 -0.095548155 -1.291608045
79 1.775390625 -0.000007629 -0.000009537 0.198076059 0.357239486 -1.30316968
80 10.971855164 -1.19392395 2.957341194 -0.012167132 -0.015944087 -1.622309173
81 3.82421875 -0.000007629 0.000035286 -0.000576872 0.002168828 -1.309510829
82 2.94140625 -0.000007629 -0.000013351 0.003967107 0.006944486 -1.466881704
83 -0.000015259 0.000007629 0 0.37580348 0.260654214 -0.691396503
84 19.39491272 13.160593033 -0.467075348 -2.274677155 -0.248667131 -0.347747995
85 -26.240753174 -0.000003815 -0.000003815 -0.072814102 0.051225933 0.123152881
86 -31.971000671 0.000015259 0 -0.640439261 0.213481567 -0.19331895
87 -11.614601135 3.933105469 0.069384575 -1.578444876 1.529198549 -2.544968004
88 -10.484527588 1.069198608 3.539872169 -3.131584703 0.028220486 2.411526648
89 2.757156372 0.000002265 0.000026703 -0.011712134 0.035128624 1.019560794
90 1.775390625 0.000007629 -0.000023842 -0.261071927 -0.262843666 1.059935836
91 -11.046470642 1.142402649 1.529694557 -3.130487012 0.018259081 2.114134707
92 3.98828125 0 0.000038147 0.004872241 -0.009924216 1.610032301
93 2.26953125 0.000007629 0.000000954 -0.076539319 -0.095407065 1.438172442
94 -11.192642212 1.041526794 -2.758434296 -3.116629264 0.004012045 2.226905852
95 3.82421875 0.000038147 0.000051498 0.00053161 0.002187187 1.610324685
96 8.785812378 -0.000034332 0.000000954 0.08229373 0.071373082 -0.580233542
97 2.94140625 0.000007629 -0.000011444 -0.004550553 0.006091757 1.767588569
98 -11.120124817 1.091545105 -0.631118774 -3.132136147 0.020772815 2.221577138
99 3.98941803 0.000001907 0.000052452 0.021444626 0.041947477 1.751021405
100 3.478290558 0.000022888 -0.00001049 -0.001306817 0.004312204 1.848998194
101 -4.853614807 2.155082703 -4.018517494 3.123057975 0.125574955 2.46129872
102 2.980110168 -0.00000906 0.000011921 0.038574713 -0.163808097 -0.240289671
103 1.982421875 -0.000009537 0.000034332 0 0 -0.040571652
104 0.000015259 -0.000007629 -0.000003815 -0.007494356 -0.0892857 -0.86685712
105 7.08984375 0 -0.000000477 3.141592654 -0.174494806 3.141592654
106 7.528259277 8.168075562 -1.23279953 -3.136643079 0.174442134 -3.112738881
107 -54.911224365 -0.64967823 -0.176695824 1.570486209 0.07895275 0.030347038
108 -61.183189392 0.000000954 0 0.173988939 0.013650073 0.001450443
109 8.588684082 0 1.514415741 0 0 0
110 4.260505676 -21.349506378 -3.218473434 0.021036189 -0.065023411 -0.096415548
111 15.606674194 0 -0.000012398 -0.000645559 0.056031229 -0.056930839
112 15.853752136 0 -0.00000608 -0.001042593 0.065486207 -0.113576174
113 15.151855469 0.000003815 0.000000715 0.004787227 0.056345383 -0.023180462
114 11.14995575 0 -0.000006676 -0.018919378 0.023982179 -0.086148487
115 1.725082397 -0.142127991 11.160655975 -1.54242782 -0.176963491 -0.071532899
116 15.606681824 -0.000001907 0 0.00489232 0.028405569 0.034428814
117 15.853729248 0.000003815 0.000000119 -0.00011312 0.033406947 -0.022275175
118 15.151863098 -0.000001907 0.000000238 -0.000102681 0.028746359 -0.031166298
119 11.149963379 0 0 -0.002891941 0.005718785 0.01501106
120 6.678688049 -0.142132998 -16.932613373 1.562067731 0.018636561 3.088829097
121 -15.606689453 0.000003815 0 -0.004911574 -0.027509301 0.049450575
122 -15.853752136 0.000007629 0.00000608 -0.000148877 -0.032456639 -0.00146516
123 -15.151855469 -0.000003815 -0.000000238 0.000034913 -0.028658251 -0.008460431
124 -11.14994812 -0.000007629 0.000006676 0.001765956 -0.00622825 0.015013832
125 2.507644653 15.93921566 6.722552299 -1.608141578 0.145141247 -2.935211863
126 -15.606697083 0 0 0.0055082 0.023050293 -0.03144564
127 -15.853752136 -0.000000954 0.000013351 0.02201301 -0.075443489 0.050918643
128 -15.151855469 -0.000001907 0.000007629 0.001323411 -0.037613455 -0.061157487
129 -11.149963379 -0.000003815 -0.000003815 -0.011617763 0.010901482 -0.086582428
130 2.507621765 -17.075353622 6.722564697 -1.587977345 -0.125893852 -0.203543333
131 15.606674194 0 0.000003815 0.009673523 0.071584441 -0.002417551
132 15.853736877 -0.000001907 0.000003815 0.018476422 -0.01808042 0.077544079
133 15.151870728 0.000001431 0 -0.00351046 0.012344016 -0.051127793
134 11.149963379 0.000000954 -0.000015259 -0.016484948 0.004812195 -0.034137689
135 5.893127441 15.939212799 -12.477539063 3.097677897 -0.119568876 0.143901383
136 15.606674194 0 0.000026703 0.011050372 0.040840094 -0.016955405
137 15.853744507 -0.000003815 -0.000011921 0.014147577 -0.05443811 0.064216517
138 15.151855469 0.000003815 0 -0.009297273 -0.019091812 -0.057323001
139 11.149963379 0.000003815 -0.000007629 -0.0023264 -0.026570056 -0.05237401
140 5.893135071 -17.075361252 -12.477552414 1.492821254 0.063436588 2.940972958
141 -15.606658936 0 0.000007629 0.010109366 0.014954796 0.012851079
142 -15.853729248 -0.000000954 -0.000011444 0.015704415 -0.08403556 0.09960068
143 -15.151832581 -0.000003815 -0.000007629 -0.007107907 -0.044208202 -0.026090478
144 -11.149932861 -0.000003815 -0.000011444 -0.002386332 -0.006775027 -0.034606883
145 4.260475159 20.773918152 -3.218482971 -0.004517447 0.066909193 -3.054487216
146 -15.606681824 0 0 -0.006305158 -0.054985021 0.031433292
147 -15.853736877 0.000003815 -0.000000119 0.00237839 -0.064359786 -0.068488225
148 -15.151855469 -0.000005722 0.000000238 0.005209688 -0.055490251 0.051930514
149 -11.149963379 0.000003815 0 0.001447874 -0.026548155 -0.089481098
150 7.528274536 -8.043749809 -1.232801437 0.004949575 -0.174442134 -0.028853775
151 54.911239624 0.649676323 0.176697254 1.570486209 0.07895275 0.030347038
152 61.183170319 -0.000000715 0.000000954 0.174162246 0.013649947 0.001451626
153 -0.364086866 -2.758008003 4.994803905 0 0 0.000244115
154 -0.364086866 -2.758006096 4.994803905 0 0 0.000244115
155 -0.364086866 -2.758006096 4.994803905 0 0 0.000244115
156 -0.364086866 -2.758006096 4.994803905 0 0 0.000244115
157 -0.364086866 -2.758006096 4.994803905 0 0 0.000244115
158 -0.364086866 -2.758006096 4.994803905 0 0 0.000244115
159 -0.364086866 -2.758006096 4.994803905 0 0 0.000244115
160 -0.364086866 -2.758006096 4.994803905 0 0 0.000244115
161 -0.364086866 -2.758006096 4.994803905 0 0 0.000244115
162 -0.498048782 -4.95163393 0.510848999 0 0 0.000244115
163 -0.364086866 -2.758006096 4.994803905 0 0 0.000244115
time 39
0 -0.364086866 -2.758006096 4.994803905 0 0 0.000244115
1 -0.355712891 -7.47265625 1.084960938 0 -1.570482873 -1.57071714
2 130.809036255 0 -0.000000477 0 0 0
3 6.662017822 -0.142129987 2.521339893 3.121543961 0.004914458 -0.009199358
4 24.360931396 0 0.000011921 0.060705136 0.274023545 -0.014816173
5 24.806396484 -0.00000599 0.765956879 0 -0.368320338 0
6 8.120269775 -0.000001997 0.000003815 0 0 0
7 8.120315552 -0.000000983 0.000001907 0 -0.880742373 0
8 8.120315552 -0.000000983 0.000001907 0 -1.357954675 0
9 5.115219116 7.517074585 -23.079299927 1.548805057 -0.222326016 -0.108891888
10 -13.525115967 0.000007629 -0.000003815 0.019905453 0.04893679 -0.20008726
11 -11.953063965 -0.000007629 0 0.022523314 -0.043915344 -0.065781596
12 -8.290374756 0 -0.000003815 0.068331214 -0.009951407 -0.083104514
13 -7.875 0.000032425 0.000003815 0.028350541 0.049944405 0.059436205
14 -8.78578186 0.000034332 0.000003815 0.173603417 -0.105557946 -0.112922246
15 -8.9037323 0.000001907 0 0.085614993 0.113937229 0.359988435
16 5.903457642 12.714836121 -17.693172455 1.409368676 -0.244878933 -0.152987834
17 -13.525161743 0 -0.000003815 -0.001880305 0.066003631 -0.195642223
18 -11.953033447 -0.000007629 0 0.052033235 -0.05280664 -0.069279121
19 -8.290390015 0 0 0.069908219 0.035989948 0.085766803
20 -7.875 0.000030518 0.000003815 0.013858401 0.072395156 0.046284832
21 -8.785797119 0.000038147 0.000003815 0.129728423 0.035783611 -0.109334422
22 -8.903717041 0 -0.000001907 -0.02121706 0.061278711 0.345399537
23 5.115219116 -7.603518486 -23.079322815 -1.643947431 0.253832512 -3.034065143
24 13.525115967 0.000007629 0 0.025800055 -0.029936473 -0.193295469
25 11.953033447 0 0 0.119404751 0.009926144 -0.051728133
26 8.290390015 -0.000003815 0.000001907 0.148538191 -0.01205446 -0.073101096
27 7.875 -0.000030518 0 0.088261879 0.156802644 0.068915056
28 8.785766602 -0.000030518 0.000000596 0.135386493 0.188719654 -0.111252898
29 8.9037323 -0.000003815 0.000001907 -0.023897369 0.318838249 0.306736549
30 5.903442383 -12.801283836 -17.693199158 -1.707416372 0.321791902 -2.943281531
31 13.525131226 0 0 -0.005127684 0.01146143 -0.197848363
32 11.953063965 0.000007629 0 0.118191628 0.027560164 -0.057873495
33 8.290390015 0.000007629 0 0.12578891 0.066199702 0.064754328
34 7.875 -0.000030518 0 0.057272972 0.207779089 0.041397538
35 8.785766602 -0.000030518 0.000000954 0.14227089 0.306112794 -0.060252934
36 8.903717041 0 0.000003815 -0.085805023 0.286631135 0.300243673
37 4.435455322 0.000127017 -25.179950714 3.097882632 0.422611738 3.113583424
38 14.171020508 0.000020742 1.280670166 -0.040646935 0.103953716 -0.054942767
39 10.9765625 0.00001812 0.352539063 0.013800742 0.121443061 0.040621624
40 8.120300293 -0.000003576 -0.000015259 0.004339644 0.056355393 0.05893597
41 8.120285034 -0.000001907 -0.000038147 -0.012838842 -0.026903733 0.074603202
42 8.120346069 0.000001907 -0.000022888 0.003817878 0.244905164 0.069884355
43 8.120361328 0.000001907 0.000061035 -0.083882523 -0.329754912 0.063101375
44 7.146957397 16.179790497 -9.195613861 1.409396167 -0.175498479 -0.194715678
45 -13.525131226 0 0 -0.077500471 -0.108029162 -0.17477103
46 -11.953033447 -0.000013351 -0.000015259 0.073690761 -0.083032174 -0.101395505
47 -8.290390015 0.000001907 0 0.123291182 0.069728453 0.141568798
48 -7.875 0.000030518 0 0.052283209 0.150727899 0.107905703
49 -8.785797119 0.000041962 0 0.095359856 0.211299087 -0.199689681
50 -8.903686523 0.000001907 -0.000001907 -0.058323602 0.131405467 0.121206599
51 7.147003174 -16.266246796 -9.19562149 -1.704806707 0.251914039 -2.913621662
52 13.525115967 0.000015259 0.000007629 -0.086925678 -0.059672479 -0.142832332
53 11.953018188 0.000011444 0 0.10924153 0.074226526 -0.061782051
54 8.290390015 0 0.000003815 0.150520667 0.129366054 0.126068091
55 7.875 -0.000034332 0 0.082082307 0.286797464 0.117520976
56 8.78578186 -0.000038147 0.000003219 0.109047393 0.465417643 -0.143113854
57 8.903717041 0 -0.000007629 -0.174312761 0.272692175 0.259969505
58 -5.36730957 8.366906166 8.703117371 1.80982821 -0.740238578 3.107431201
59 13.525115967 0.000015259 -0.000001907 -0.294796652 0.025796171 -0.029052018
60 -3.441879272 -10.792385101 9.377006531 1.74185176 -0.855680957 -3.051154314
61 13.525115967 -0.000007629 0.000003815 -0.413808813 0.134513228 -0.455067582
62 11.953048706 0.000015259 0.000003815 0.210448975 -0.078563996 -0.420956483
63 8.290359497 0.000002861 0 0.121049915 -0.042282652 0.036881318
64 7.875 -0.00002861 0.000001907 0.063808287 -0.038842603 -0.030609039
65 19.39491272 -14.052383423 -0.467086792 0.921229427 0.190342896 -2.795550382
66 26.240753174 0.000003815 0.000007629 -0.281379381 -0.025601891 0.030392693
67 31.971000671 0.000003815 0.000003815 -0.143131626 0.084642289 0.026237468
68 4.627235413 -2.31129837 4.185634613 -0.024611287 -0.558422955 -0.444239217
69 2.980117798 -0.000004292 -0.000007629 -0.044814452 -0.161464923 0.279695347
70 1.982421875 0.000015259 0.000015259 0 0 0.079605056
71 10.844871521 -1.281562805 -1.331679344 0.003154845 -0.01855101 -1.502721343
72 3.98828125 0 0.000037193 0.024656551 0.116612118 -1.30426207
73 2.26953125 -0.000015259 -0.000010133 0.010246566 0.020303916 -1.235445909
74 10.908851624 -1.237388611 0.829589844 0.008182385 -0.019760774 -1.502678948
75 3.989425659 -0.000015259 0.000037193 0.003562594 0.093803498 -1.240572344
76 3.478279114 0 -0.000015974 0.01062322 -0.039586617 -1.338501469
77 10.291885376 -1.202156067 -3.344136238 0.018038834 -0.023865117 -1.537453755
78 2.757148743 0 0.000027657 -0.00454994 -0.095548155 -1.291608045
79 1.775390625 -0.000007629 -0.000009537 0.198076059 0.357239486 -1.30316968
80 10.971855164 -1.19392395 2.957341194 -0.012167132 -0.015944087 -1.622309173
81 3.82421875 -0.000007629 0.000035286 -0.000576872 0.002168828 -1.309510829
82 2.94140625 -0.000007629 -0.000013351 0.003967107 0.006944486 -1.466881704
83 -0.000015259 0.000007629 0 0.37907847 0.246525643 -0.682737951
84 19.39491272 13.160593033 -0.467075348 -2.28645424 -0.24529326 -0.345680363
85 -26.240753174 -0.000003815 -0.000003815 -0.08168874 0.050641291 0.122796456
86 -31.971000671 0.000015259 0 -0.640439261 0.213481567 -0.19331895
87 -11.614601135 3.933105469 0.069384575 -1.578444876 1.529198549 -2.544968004
88 -10.484527588 1.069198608 3.539872169 -3.131584703 0.028220486 2.411526648
89 2.757156372 0.000002265 0.000026703 -0.011712134 0.035128624 1.019560794
90 1.775390625 0.000007629 -0.000023842 -0.261071927 -0.262843666 1.059935836
91 -11.046470642 1.142402649 1.529694557 -3.130487012 0.018259081 2.114134707
92 3.98828125 0 0.000038147 0.004872241 -0.009924216 1.610032301
93 2.26953125 0.000007629 0.000000954 -0.076539319 -0.095407065 1.438172442
94 -11.192642212 1.041526794 -2.758434296 -3.116629264 0.004012045 2.226905852
95 3.82421875 0.000038147 0.000051498 0.00053161 0.002187187 1.610324685
96 8.785812378 -0.000034332 0.000000954 0.08229373 0.071373082 -0.580233542
97 2.94140625 0.000007629 -0.000011444 -0.004550553 0.006091757 1.767588569
98 -11.120124817 1.091545105 -0.631118774 -3.132136147 0.020772815 2.221577138
99 3.98941803 0.000001907 0.000052452 0.021444626 0.041947477 1.751021405
100 3.478290558 0.000022888 -0.00001049 -0.001306817 0.004312204 1.848998194
101 -4.853614807 2.155082703 -4.018517494 3.123057975 0.125574955 2.46129872
102 2.980110168 -0.00000906 0.000011921 0.038574713 -0.163808097 -0.240289671
103 1.982421875 -0.000009537 0.000034332 0 0 -0.040571652
104 0.000015259 -0.000007629 -0.000003815 -0.008630151 -0.082621341 -0.872801661
105 7.08984375 0 -0.000000477 3.141592654 -0.174494806 3.141592654
106 7.528259277 8.168075562 -1.23279953 -3.136643079 0.174442134 -3.112738881
107 -54.911224365 -0.64967823 -0.176695824 1.570486209 0.07895275 0.030347038
108 -61.183189392 0.000000954 0 0.173988939 0.013650073 0.001450443
109 8.588684082 0 1.514415741 0 0 0
110 4.260505676 -21.349506378 -3.218473434 0.02047556 -0.078629921 -0.096127509
111 15.606674194 0 -0.000012398 -0.000704727 0.058016488 -0.057021197
112 15.853752136 0 -0.00000608 -0.002199702 0.071995243 -0.113807033
113 15.151855469 0.000003815 0.000000715 0.003977877 0.071970111 -0.023869019
114 11.14995575 0 -0.000006676 -0.017914216 0.020921735 -0.085329506
115 1.725082397 -0.142127991 11.160655975 -1.543982472 -0.181920139 -0.065895796
116 15.606681824 -0.000001907 0 0.005458727 0.029426765 0.036512085
117 15.853729248 0.000003815 0.000000119 0.00033513 0.036777967 -0.019332355
118 15.151863098 -0.000001907 0.000000238 -0.00005691 0.036861833 -0.02650556
119 11.149963379 0 0 -0.002560314 0.005021374 0.01164644
120 6.678688049 -0.142132998 -16.932613373 1.563095249 0.026074968 3.095341321
121 -15.606689453 0.000003815 0 -0.005465581 -0.02835665 0.050497072
122 -15.853752136 0.000007629 0.00000608 -0.000639915 -0.035650089 0.001997013
123 -15.151855469 -0.000003815 -0.000000238 -0.000174289 -0.036341353 0.00008951
124 -11.14994812 -0.000007629 0.000006676 0.00152251 -0.005360603 0.011648786
125 2.507644653 15.93921566 6.722552299 -1.606425092 0.150387597 -2.939574939
126 -15.606697083 0 0 0.004374636 0.022346511 -0.033445755
127 -15.853752136 -0.000000954 0.000013351 0.021109042 -0.077979722 0.048076536
128 -15.151855469 -0.000001907 0.000007629 0.001354253 -0.043745233 -0.065830614
129 -11.149963379 -0.000003815 -0.000003815 -0.011233268 0.010417463 -0.083294317
130 2.507621765 -17.075353622 6.722564697 -1.588750969 -0.130726805 -0.196905245
131 15.606674194 0 0.000003815 0.009575032 0.072524431 -0.000343626
132 15.853736877 -0.000001907 0.000003815 0.018751053 -0.014922554 0.080421174
133 15.151870728 0.000001431 0 -0.003577856 0.020120524 -0.046653682
134 11.149963379 0.000000954 -0.000015259 -0.015791052 0.004193973 -0.037411693
135 5.893127441 15.939212799 -12.477539063 3.096209507 -0.120502017 0.144103555
136 15.606674194 0 0.000026703 0.01208998 0.040675689 -0.01684885
137 15.853744507 -0.000003815 -0.000011921 0.014733724 -0.054890297 0.06437055
138 15.151855469 0.000003815 0 -0.009180662 -0.020210247 -0.057146567
139 11.149963379 0.000003815 -0.000007629 -0.002667381 -0.023212066 -0.052890991
140 5.893135071 -17.075361252 -12.477552414 1.492972884 0.071360467 2.947459662
141 -15.606658936 0 0.000007629 0.010197375 0.013999045 0.013969008
142 -15.853729248 -0.000000954 -0.000011444 0.015296468 -0.08742375 0.103146098
143 -15.151832581 -0.000003815 -0.000007629 -0.007234636 -0.052205927 -0.017253359
144 -11.149932861 -0.000003815 -0.000011444 -0.003168284 -0.00593063 -0.03788614
145 4.260475159 20.773918152 -3.218482971 -0.002973677 0.080243707 -3.054174699
146 -15.606681824 0 0 -0.007457666 -0.056953493 0.031386892
147 -15.853736877 0.000003815 -0.000000119 0.002175326 -0.070761624 -0.068755321
148 -15.151855469 -0.000005722 0.000000238 0.004744225 -0.070853681 0.051401162
149 -11.149963379 0.000003815 0 0.001204941 -0.023189083 -0.088955516
150 7.528274536 -8.043749809 -1.232801437 0.004949575 -0.174442134 -0.028853775
151 54.911239624 0.649676323 0.176697254 1.570486209 0.07895275 0.030347038
152 61.183170319 -0.000000715 0.000000954 0.174162246 0.013649947 0.001451626
153 -0.364086866 -2.758008003 4.994803905 0 0 0.000244115
154 -0.364086866 -2.758006096 4.994803905 0 0 0.000244115
155 -0.364086866 -2.758006096 4.994803905 0 0 0.000244115
156 -0.364086866 -2.758006096 4.994803905 0 0 0.000244115
157 -0.364086866 -2.758006096 4.994803905 0 0 0.000244115
158 -0.364086866 -2.758006096 4.994803905 0 0 0.000244115
159 -0.364086866 -2.758006096 4.994803905 0 0 0.000244115
160 -0.364086866 -2.758006096 4.994803905 0 0 0.000244115
161 -0.364086866 -2.758006096 4.994803905 0 0 0.000244115
162 -0.498048782 -4.95163393 0.510848999 0 0 0.000244115
163 -0.364086866 -2.758006096 4.994803905 0 0 0.000244115
time 40
0 -0.364086866 -2.758006096 4.994803905 0 0 0.000244115
1 -0.355712891 -7.47265625 1.084960938 0 -1.570482873 -1.57071714
2 130.809036255 0 -0.000000477 0 0 0
3 6.662017822 -0.142129987 2.521339893 3.124225648 0.004246756 -0.007978358
4 24.360931396 0 0.000011921 0.057940207 0.267222747 -0.012859906
5 24.806396484 -0.00000599 0.765956879 0 -0.368320338 0
6 8.120269775 -0.000001997 0.000003815 0 0 0
7 8.120315552 -0.000000983 0.000001907 0 -0.880742373 0
8 8.120315552 -0.000000983 0.000001907 0 -1.357954675 0
9 5.115219116 7.517074585 -23.079299927 1.547940576 -0.225795201 -0.107547029
10 -13.525115967 0.000007629 -0.000003815 0.019594032 0.049757268 -0.198786854
11 -11.953063965 -0.000007629 0 0.023213155 -0.049665602 -0.075285995
12 -8.290374756 0 -0.000003815 0.068714183 -0.014650505 -0.094422278
13 -7.875 0.000032425 0.000003815 0.028413063 0.057502384 0.062661614
14 -8.78578186 0.000034332 0.000003815 0.172017619 -0.093060815 -0.095047428
15 -8.9037323 0.000001907 0 0.08266229 0.110145787 0.343615119
16 5.903457642 12.714836121 -17.693172455 1.40840172 -0.248772127 -0.15135589
17 -13.525161743 0 -0.000003815 -0.002240025 0.066659264 -0.194095031
18 -11.953033447 -0.000007629 0 0.052674984 -0.05646715 -0.080893015
19 -8.290390015 0 0 0.069650615 0.032104884 0.070755163
20 -7.875 0.000030518 0.000003815 0.013909994 0.077548823 0.051165914
21 -8.785797119 0.000038147 0.000003815 0.129263697 0.044865312 -0.085806846
22 -8.903717041 0 -0.000001907 -0.021515284 0.060275822 0.328663547
23 5.115219116 -7.603518486 -23.079322815 -1.644358585 0.256911246 -3.034702385
24 13.525115967 0.000007629 0 0.025736394 -0.029339534 -0.192938956
25 11.953033447 0 0 0.118910182 0.014164003 -0.059177224
26 8.290390015 -0.000003815 0.000001907 0.148655437 -0.012811338 -0.082687021
27 7.875 -0.000030518 0 0.088005958 0.14645584 0.071879078
28 8.785766602 -0.000030518 0.000000596 0.136248056 0.185474183 -0.094668477
29 8.9037323 -0.000003815 0.000001907 -0.023345729 0.310717895 0.292047477
30 5.903442383 -12.801283836 -17.693199158 -1.708319427 0.324644433 -2.944570376
31 13.525131226 0 0 -0.005393295 0.012389232 -0.197853011
32 11.953063965 0.000007629 0 0.117746823 0.030964178 -0.064428178
33 8.290390015 0.000007629 0 0.125326254 0.063700554 0.053585156
34 7.875 -0.000030518 0 0.056516744 0.1972841 0.04152038
35 8.785766602 -0.000030518 0.000000954 0.143241819 0.303674533 -0.043712418
36 8.903717041 0 0.000003815 -0.082148833 0.281009466 0.285675192
37 4.435455322 0.000127017 -25.179950714 3.098003826 0.422511854 3.112905507
38 14.171020508 0.000020742 1.280670166 -0.040415358 0.104299379 -0.055284002
39 10.9765625 0.00001812 0.352539063 0.01369866 0.122407771 0.038633782
40 8.120300293 -0.000003576 -0.000015259 0.004061383 0.058007768 0.056600358
41 8.120285034 -0.000001907 -0.000038147 -0.012571366 -0.024321236 0.074754838
42 8.120346069 0.000001907 -0.000022888 0.003454521 0.247458914 0.076034826
43 8.120361328 0.000001907 0.000061035 -0.081441452 -0.313148283 0.0638564
44 7.146957397 16.179790497 -9.195613861 1.408425466 -0.180644392 -0.193150968
45 -13.525131226 0 0 -0.079049054 -0.107220817 -0.172983721
46 -11.953033447 -0.000013351 -0.000015259 0.073407943 -0.083944448 -0.115529739
47 -8.290390015 0.000001907 0 0.121749885 0.066841036 0.124591317
48 -7.875 0.000030518 0 0.052048584 0.152675374 0.114623974
49 -8.785797119 0.000041962 0 0.096123757 0.218493738 -0.173486023
50 -8.903686523 0.000001907 -0.000001907 -0.057623567 0.130386565 0.104546778
51 7.147003174 -16.266246796 -9.19562149 -1.705711683 0.256364181 -2.914400252
52 13.525115967 0.000015259 0.000007629 -0.087572039 -0.057819992 -0.142979003
53 11.953018188 0.000011444 0 0.108424057 0.078769964 -0.070832199
54 8.290390015 0 0.000003815 0.149225403 0.126964594 0.111977997
55 7.875 -0.000034332 0 0.08038212 0.276105175 0.118412427
56 8.78578186 -0.000038147 0.000003219 0.110728624 0.463047862 -0.121520384
57 8.903717041 0 -0.000007629 -0.166066863 0.268710771 0.247769771
58 -5.36730957 8.366906166 8.703117371 1.808558887 -0.7399242 3.107899601
59 13.525115967 0.000015259 -0.000001907 -0.294796652 0.025796171 -0.029052018
60 -3.441879272 -10.792385101 9.377006531 1.739466919 -0.853945831 -3.049761041
61 13.525115967 -0.000007629 0.000003815 -0.414656307 0.134467657 -0.453889155
62 11.953048706 0.000015259 0.000003815 0.210956613 -0.082234885 -0.417769436
63 8.290359497 0.000002861 0 0.121674744 -0.045024781 0.041893923
64 7.875 -0.00002861 0.000001907 0.06421238 -0.037552928 -0.030229747
65 19.39491272 -14.052383423 -0.467086792 0.919960452 0.207496583 -2.795631503
66 26.240753174 0.000003815 0.000007629 -0.283554286 -0.027375103 0.0281497
67 31.971000671 0.000003815 0.000003815 -0.145958361 0.076369445 0.010870092
68 4.627235413 -2.31129837 4.185634613 -0.024611287 -0.558422955 -0.444239217
69 2.980117798 -0.000004292 -0.000007629 -0.044814452 -0.161464923 0.279695347
70 1.982421875 0.000015259 0.000015259 0 0 0.079605056
71 10.844871521 -1.281562805 -1.331679344 0.003154845 -0.01855101 -1.502721343
72 3.98828125 0 0.000037193 0.024656551 0.116612118 -1.30426207
73 2.26953125 -0.000015259 -0.000010133 0.010246566 0.020303916 -1.235445909
74 10.908851624 -1.237388611 0.829589844 0.008182385 -0.019760774 -1.502678948
75 3.989425659 -0.000015259 0.000037193 0.003562594 0.093803498 -1.240572344
76 3.478279114 0 -0.000015974 0.01062322 -0.039586617 -1.338501469
77 10.291885376 -1.202156067 -3.344136238 0.018038834 -0.023865117 -1.537453755
78 2.757148743 0 0.000027657 -0.00454994 -0.095548155 -1.291608045
79 1.775390625 -0.000007629 -0.000009537 0.198076059 0.357239486 -1.30316968
80 10.971855164 -1.19392395 2.957341194 -0.012167132 -0.015944087 -1.622309173
81 3.82421875 -0.000007629 0.000035286 -0.000576872 0.002168828 -1.309510829
82 2.94140625 -0.000007629 -0.000013351 0.003967107 0.006944486 -1.466881704
83 -0.000015259 0.000007629 0 0.382087663 0.233079675 -0.67457863
84 19.39491272 13.160593033 -0.467075348 -2.298952172 -0.241915622 -0.343623031
85 -26.240753174 -0.000003815 -0.000003815 -0.090660945 0.049887713 0.12245279
86 -31.971000671 0.000015259 0 -0.640439261 0.213481567 -0.19331895
87 -11.614601135 3.933105469 0.069384575 -1.578444876 1.529198549 -2.544968004
88 -10.484527588 1.069198608 3.539872169 -3.131584703 0.028220486 2.411526648
89 2.757156372 0.000002265 0.000026703 -0.011712134 0.035128624 1.019560794
90 1.775390625 0.000007629 -0.000023842 -0.261071927 -0.262843666 1.059935836
91 -11.046470642 1.142402649 1.529694557 -3.130487012 0.018259081 2.114134707
92 3.98828125 0 0.000038147 0.004872241 -0.009924216 1.610032301
93 2.26953125 0.000007629 0.000000954 -0.076539319 -0.095407065 1.438172442
94 -11.192642212 1.041526794 -2.758434296 -3.116629264 0.004012045 2.226905852
95 3.82421875 0.000038147 0.000051498 0.00053161 0.002187187 1.610324685
96 8.785812378 -0.000034332 0.000000954 0.08229373 0.071373082 -0.580233542
97 2.94140625 0.000007629 -0.000011444 -0.004550553 0.006091757 1.767588569
98 -11.120124817 1.091545105 -0.631118774 -3.132136147 0.020772815 2.221577138
99 3.98941803 0.000001907 0.000052452 0.021444626 0.041947477 1.751021405
100 3.478290558 0.000022888 -0.00001049 -0.001306817 0.004312204 1.848998194
101 -4.853614807 2.155082703 -4.018517494 3.123057975 0.125574955 2.46129872
102 2.980110168 -0.00000906 0.000011921 0.038574713 -0.163808097 -0.240289671
103 1.982421875 -0.000009537 0.000034332 0 0 -0.040571652
104 0.000015259 -0.000007629 -0.000003815 -0.009837684 -0.075887926 -0.878863077
105 7.08984375 0 -0.000000477 3.141592654 -0.174494806 3.141592654
106 7.528259277 8.168075562 -1.23279953 -3.136643079 0.174442134 -3.112738881
107 -54.911224365 -0.64967823 -0.176695824 1.570486209 0.07895275 0.030347038
108 -61.183189392 0.000000954 0 0.173988939 0.013650073 0.001450443
109 8.588684082 0 1.514415741 0 0 0
110 4.260505676 -21.349506378 -3.218473434 0.019898792 -0.091980897 -0.095832247
111 15.606674194 0 -0.000012398 -0.000823203 0.059136163 -0.05702603
112 15.853752136 0 -0.00000608 -0.003293018 0.077297262 -0.11412608
113 15.151855469 0.000003815 0.000000715 0.003004386 0.086214111 -0.024494204
114 11.14995575 0 -0.000006676 -0.016829083 0.017950423 -0.084513911
115 1.725082397 -0.142127991 11.160655975 -1.545640661 -0.187365807 -0.060001938
116 15.606681824 -0.000001907 0 0.005930909 0.029930621 0.03859289
117 15.853729248 0.000003815 0.000000119 0.000800017 0.039543475 -0.016301419
118 15.151863098 -0.000001907 0.000000238 0.000124476 0.044288046 -0.021668488
119 11.149963379 0 0 -0.002140209 0.004238519 0.008368241
120 6.678688049 -0.142132998 -16.932613373 1.5642206 0.033447245 3.101923561
121 -15.606689453 0.000003815 0 -0.005836159 -0.028950002 0.051195132
122 -15.853752136 0.000007629 0.00000608 -0.001044353 -0.03832452 0.004940974
123 -15.151855469 -0.000003815 -0.000000238 -0.000433213 -0.043332996 0.008038742
124 -11.14994812 -0.000007629 0.000006676 0.001275599 -0.004580172 0.008369855
125 2.507644653 15.93921566 6.722552299 -1.604825856 0.155892596 -2.944185512
126 -15.606697083 0 0 0.00332177 0.021987401 -0.035530051
127 -15.853752136 -0.000000954 0.000013351 0.020140505 -0.079997827 0.045157584
128 -15.151855469 -0.000001907 0.000007629 0.001225905 -0.049452063 -0.070500909
129 -11.149963379 -0.000003815 -0.000003815 -0.010929741 0.009756267 -0.080006068
130 2.507621765 -17.075353622 6.722564697 -1.589546348 -0.136049243 -0.190384666
131 15.606674194 0 0.000003815 0.009391383 0.072946559 0.001724689
132 15.853736877 -0.000001907 0.000003815 0.018922432 -0.012367292 0.083467259
133 15.151870728 0.000001431 0 -0.003597765 0.027293498 -0.042178785
134 11.149963379 0.000000954 -0.000015259 -0.015095186 0.00357804 -0.040686213
135 5.893127441 15.939212799 -12.477539063 3.094655395 -0.121340451 0.144396648
136 15.606674194 0 0.000026703 0.013301602 0.040598962 -0.016738427
137 15.853744507 -0.000003815 -0.000011921 0.015411333 -0.0552584 0.064435996
138 15.151855469 0.000003815 0 -0.008897469 -0.021150833 -0.056886409
139 11.149963379 0.000003815 -0.000007629 -0.003007776 -0.019940625 -0.05340915
140 5.893135071 -17.075361252 -12.477552414 1.493113651 0.079156536 2.953949093
141 -15.606658936 0 0.000007629 0.010283481 0.013391129 0.014570712
142 -15.853729248 -0.000000954 -0.000011444 0.015018319 -0.090207733 0.10617207
143 -15.151832581 -0.000003815 -0.000007629 -0.007328211 -0.059515388 -0.009108308
144 -11.149932861 -0.000003815 -0.000011444 -0.004039522 -0.005090426 -0.041079592
145 4.260475159 20.773918152 -3.218482971 -0.0012544 0.093401107 -3.053743019
146 -15.606681824 0 0 -0.008595072 -0.057972324 0.031337837
147 -15.853736877 0.000003815 -0.000000119 0.001845542 -0.075958605 -0.069014276
148 -15.151855469 -0.000005722 0.000000238 0.004142637 -0.084921779 0.050975293
149 -11.149963379 0.000003815 0 0.001049187 -0.019826193 -0.088345499
150 7.528274536 -8.043749809 -1.232801437 0.004949575 -0.174442134 -0.028853775
151 54.911239624 0.649676323 0.176697254 1.570486209 0.07895275 0.030347038
152 61.183170319 -0.000000715 0.000000954 0.174162246 0.013649947 0.001451626
153 -0.364086866 -2.758008003 4.994803905 0 0 0.000244115
154 -0.364086866 -2.758006096 4.994803905 0 0 0.000244115
155 -0.364086866 -2.758006096 4.994803905 0 0 0.000244115
156 -0.364086866 -2.758006096 4.994803905 0 0 0.000244115
157 -0.364086866 -2.758006096 4.994803905 0 0 0.000244115
158 -0.364086866 -2.758006096 4.994803905 0 0 0.000244115
159 -0.364086866 -2.758006096 4.994803905 0 0 0.000244115
160 -0.364086866 -2.758006096 4.994803905 0 0 0.000244115
161 -0.364086866 -2.758006096 4.994803905 0 0 0.000244115
162 -0.498048782 -4.95163393 0.510848999 0 0 0.000244115
163 -0.364086866 -2.758006096 4.994803905 0 0 0.000244115
time 41
0 -0.364086866 -2.758006096 4.994803905 0 0 0.000244115
1 -0.355712891 -7.47265625 1.084960938 0 -1.570482873 -1.57071714
2 130.809036255 0 -0.000000477 0 0 0
3 6.662017822 -0.142129987 2.521339893 3.126906188 0.003662104 -0.006759804
4 24.360931396 0 0.000011921 0.054736162 0.26051352 -0.010854988
5 24.806396484 -0.00000599 0.765956879 0 -0.368320338 0
6 8.120269775 -0.000001997 0.000003815 0 0 0
7 8.120315552 -0.000000983 0.000001907 0 -0.880742373 0
8 8.120315552 -0.000000983 0.000001907 0 -1.357954675 0
9 5.115219116 7.517074585 -23.079299927 1.547855986 -0.228622825 -0.10715321
10 -13.525115967 0.000007629 -0.000003815 0.019242078 0.051172958 -0.196789379
11 -11.953063965 -0.000007629 0 0.023878756 -0.054390878 -0.083487546
12 -8.290374756 0 -0.000003815 0.069206192 -0.020182945 -0.106468336
13 -7.875 0.000032425 0.000003815 0.02837897 0.063363259 0.063872692
14 -8.78578186 0.000034332 0.000003815 0.17052713 -0.080129427 -0.078135289
15 -8.9037323 0.000001907 0 0.078264744 0.104360588 0.318952741
16 5.903457642 12.714836121 -17.693172455 1.407904078 -0.251780842 -0.150645935
17 -13.525161743 0 -0.000003815 -0.002691141 0.067738444 -0.19151204
18 -11.953033447 -0.000007629 0 0.053193153 -0.059479833 -0.090848604
19 -8.290390015 0 0 0.069431138 0.027724738 0.055041568
20 -7.875 0.000030518 0.000003815 0.013922389 0.081511739 0.053185669
21 -8.785797119 0.000038147 0.000003815 0.128916294 0.054194044 -0.063226526
22 -8.903717041 0 -0.000001907 -0.021777231 0.058698713 0.303304048
23 5.115219116 -7.603518486 -23.079322815 -1.645286768 0.259802579 -3.036080461
24 13.525115967 0.000007629 0 0.02562362 -0.029184909 -0.192241103
25 11.953033447 0 0 0.118496258 0.017838528 -0.065883579
26 8.290390015 -0.000003815 0.000001907 0.148667596 -0.0128448 -0.092739783
27 7.875 -0.000030518 0 0.087633657 0.136880764 0.073140069
28 8.785766602 -0.000030518 0.000000596 0.137056422 0.180795018 -0.078718452
29 8.9037323 -0.000003815 0.000001907 -0.022772095 0.298523288 0.269865923
30 5.903442383 -12.801283836 -17.693199158 -1.70968033 0.327621336 -2.946440236
31 13.525131226 0 0 -0.005553105 0.013154976 -0.197422947
32 11.953063965 0.000007629 0 0.117478851 0.033905693 -0.070404025
33 8.290390015 0.000007629 0 0.124910512 0.061893108 0.042378546
34 7.875 -0.000030518 0 0.055782572 0.187186013 0.03993109
35 8.785766602 -0.000030518 0.000000954 0.144081195 0.299583522 -0.028457621
36 8.903717041 0 0.000003815 -0.076708655 0.272591176 0.263578013
37 4.435455322 0.000127017 -25.179950714 3.097560951 0.422484131 3.111663143
38 14.171020508 0.000020742 1.280670166 -0.040081033 0.104566343 -0.055358584
39 10.9765625 0.00001812 0.352539063 0.013610739 0.123370668 0.036906121
40 8.120300293 -0.000003576 -0.000015259 0.003769156 0.059573781 0.054004474
41 8.120285034 -0.000001907 -0.000038147 -0.012297718 -0.021918241 0.073785417
42 8.120346069 0.000001907 -0.000022888 0.002730383 0.250287872 0.080489329
43 8.120361328 0.000001907 0.000061035 -0.077629674 -0.288128413 0.064604454
44 7.146957397 16.179790497 -9.195613861 1.407939953 -0.184683486 -0.192198465
45 -13.525131226 0 0 -0.080485551 -0.106428801 -0.169900276
46 -11.953033447 -0.000013351 -0.000015259 0.073032153 -0.084503435 -0.127746072
47 -8.290390015 0.000001907 0 0.120229487 0.063908668 0.106588605
48 -7.875 0.000030518 0 0.051624402 0.153747114 0.11835304
49 -8.785797119 0.000041962 0 0.096856979 0.225637934 -0.147904315
50 -8.903686523 0.000001907 -0.000001907 -0.056610963 0.128763778 0.079355819
51 7.147003174 -16.266246796 -9.19562149 -1.706931945 0.2607623 -2.915529075
52 13.525115967 0.000015259 0.000007629 -0.088214258 -0.056281338 -0.142420577
53 11.953018188 0.000011444 0 0.107603127 0.083179909 -0.079117087
54 8.290390015 0 0.000003815 0.148067785 0.125274472 0.097442708
55 7.875 -0.000034332 0 0.078603789 0.265751502 0.117321879
56 8.78578186 -0.000038147 0.000003219 0.112218238 0.459087475 -0.101229597
57 8.903717041 0 -0.000007629 -0.153518443 0.262664076 0.229276449
58 -5.36730957 8.366906166 8.703117371 1.806798595 -0.739848157 3.108858231
59 13.525115967 0.000015259 -0.000001907 -0.294796652 0.025796171 -0.029052018
60 -3.441879272 -10.792385101 9.377006531 1.736436982 -0.852153665 -3.047741263
61 13.525115967 -0.000007629 0.000003815 -0.41544024 0.134369865 -0.453053312
62 11.953048706 0.000015259 0.000003815 0.211365223 -0.085934782 -0.414494549
63 8.290359497 0.000002861 0 0.122184987 -0.04813412 0.047232157
64 7.875 -0.00002861 0.000001907 0.064611492 -0.036628044 -0.029257052
65 19.39491272 -14.052383423 -0.467086792 0.917568534 0.223003948 -2.795898192
66 26.240753174 0.000003815 0.000007629 -0.285550588 -0.029167812 0.025822543
67 31.971000671 0.000003815 0.000003815 -0.14909748 0.068065563 -0.004392716
68 4.627235413 -2.31129837 4.185634613 -0.024611287 -0.558422955 -0.444239217
69 2.980117798 -0.000004292 -0.000007629 -0.044814452 -0.161464923 0.279695347
70 1.982421875 0.000015259 0.000015259 0 0 0.079605056
71 10.844871521 -1.281562805 -1.331679344 0.003154845 -0.01855101 -1.502721343
72 3.98828125 0 0.000037193 0.024656551 0.116612118 -1.30426207
73 2.26953125 -0.000015259 -0.000010133 0.010246566 0.020303916 -1.235445909
74 10.908851624 -1.237388611 0.829589844 0.008182385 -0.019760774 -1.502678948
75 3.989425659 -0.000015259 0.000037193 0.003562594 0.093803498 -1.240572344
76 3.478279114 0 -0.000015974 0.01062322 -0.039586617 -1.338501469
77 10.291885376 -1.202156067 -3.344136238 0.018038834 -0.023865117 -1.537453755
78 2.757148743 0 0.000027657 -0.00454994 -0.095548155 -1.291608045
79 1.775390625 -0.000007629 -0.000009537 0.198076059 0.357239486 -1.30316968
80 10.971855164 -1.19392395 2.957341194 -0.012167132 -0.015944087 -1.622309173
81 3.82421875 -0.000007629 0.000035286 -0.000576872 0.002168828 -1.309510829
82 2.94140625 -0.000007629 -0.000013351 0.003967107 0.006944486 -1.466881704
83 -0.000015259 0.000007629 0 0.384908703 0.220426237 -0.666877739
84 19.39491272 13.160593033 -0.467075348 -2.311864946 -0.238596913 -0.341574706
85 -26.240753174 -0.000003815 -0.000003815 -0.099634361 0.049132214 0.122118356
86 -31.971000671 0.000015259 0 -0.640439261 0.213481567 -0.19331895
87 -11.614601135 3.933105469 0.069384575 -1.578444876 1.529198549 -2.544968004
88 -10.484527588 1.069198608 3.539872169 -3.131584703 0.028220486 2.411526648
89 2.757156372 0.000002265 0.000026703 -0.011712134 0.035128624 1.019560794
90 1.775390625 0.000007629 -0.000023842 -0.261071927 -0.262843666 1.059935836
91 -11.046470642 1.142402649 1.529694557 -3.130487012 0.018259081 2.114134707
92 3.98828125 0 0.000038147 0.004872241 -0.009924216 1.610032301
93 2.26953125 0.000007629 0.000000954 -0.076539319 -0.095407065 1.438172442
94 -11.192642212 1.041526794 -2.758434296 -3.116629264 0.004012045 2.226905852
95 3.82421875 0.000038147 0.000051498 0.00053161 0.002187187 1.610324685
96 8.785812378 -0.000034332 0.000000954 0.08229373 0.071373082 -0.580233542
97 2.94140625 0.000007629 -0.000011444 -0.004550553 0.006091757 1.767588569
98 -11.120124817 1.091545105 -0.631118774 -3.132136147 0.020772815 2.221577138
99 3.98941803 0.000001907 0.000052452 0.021444626 0.041947477 1.751021405
100 3.478290558 0.000022888 -0.00001049 -0.001306817 0.004312204 1.848998194
101 -4.853614807 2.155082703 -4.018517494 3.123057975 0.125574955 2.46129872
102 2.980110168 -0.00000906 0.000011921 0.038574713 -0.163808097 -0.240289671
103 1.982421875 -0.000009537 0.000034332 0 0 -0.040571652
104 0.000015259 -0.000007629 -0.000003815 -0.011088341 -0.06916311 -0.884854032
105 7.08984375 0 -0.000000477 3.141592654 -0.174494806 3.141592654
106 7.528259277 8.168075562 -1.23279953 -3.136643079 0.174442134 -3.112738881
107 -54.911224365 -0.64967823 -0.176695824 1.570486209 0.07895275 0.030347038
108 -61.183189392 0.000000954 0 0.173988939 0.013650073 0.001450443
109 8.588684082 0 1.514415741 0 0 0
110 4.260505676 -21.349506378 -3.218473434 0.01929267 -0.104905005 -0.09544006
111 15.606674194 0 -0.000012398 -0.000830608 0.059395127 -0.057026578
112 15.853752136 0 -0.00000608 -0.004316843 0.081478657 -0.114270818
113 15.151855469 0.000003815 0.000000715 0.002135427 0.098907351 -0.024957476
114 11.14995575 0 -0.000006676 -0.015663839 0.015068117 -0.083701891
115 1.725082397 -0.142127991 11.160655975 -1.547406454 -0.193298582 -0.053970935
116 15.606681824 -0.000001907 0 0.006311596 0.030003203 0.040843801
117 15.853729248 0.000003815 0.000000119 0.001279714 0.041617019 -0.013182788
118 15.151863098 -0.000001907 0.000000238 0.000348428 0.05093712 -0.01682855
119 11.149963379 0 0 -0.00180349 0.003543669 0.005175826
120 6.678688049 -0.142132998 -16.932613373 1.565197239 0.040442298 3.108145734
121 -15.606689453 0.000003815 0 -0.006099832 -0.029029144 0.051371949
122 -15.853752136 0.000007629 0.00000608 -0.001441787 -0.040307677 0.007281158
123 -15.151855469 -0.000003815 -0.000000238 -0.000721551 -0.04971953 0.015128183
124 -11.14994812 -0.000007629 0.000006676 0.001112062 -0.003887148 0.00517686
125 2.507644653 15.93921566 6.722552299 -1.603082754 0.161573959 -2.948838013
126 -15.606697083 0 0 0.00217686 0.021969728 -0.0376147
127 -15.853752136 -0.000000954 0.000013351 0.019191891 -0.081500002 0.042157813
128 -15.151855469 -0.000001907 0.000007629 0.001098239 -0.054469818 -0.07517103
129 -11.149963379 -0.000003815 -0.000003815 -0.010628814 0.009093642 -0.076804633
130 2.507621765 -17.075353622 6.722564697 -1.590364339 -0.141800783 -0.184042193
131 15.606674194 0 0.000003815 0.009127668 0.073023026 0.003961176
132 15.853736877 -0.000001907 0.000003815 0.019078868 -0.010330832 0.086595697
133 15.151870728 0.000001431 0 -0.003568025 0.033690486 -0.037529146
134 11.149963379 0.000000954 -0.000015259 -0.014397094 0.002965639 -0.043788614
135 5.893127441 15.939212799 -12.477539063 3.092839819 -0.122248094 0.14462292
136 15.606674194 0 0.000026703 0.014426158 0.040607726 -0.01662926
137 15.853744507 -0.000003815 -0.000011921 0.016175658 -0.055543736 0.064585815
138 15.151855469 0.000003815 0 -0.008613562 -0.022091873 -0.056712898
139 11.149963379 0.000003815 -0.000007629 -0.0034331 -0.016758167 -0.054014067
140 5.893135071 -17.075361252 -12.477552414 1.493252054 0.08675847 2.960260704
141 -15.606658936 0 0.000007629 0.010456637 0.013302653 0.014744056
142 -15.853729248 -0.000000954 -0.000011444 0.014718667 -0.092290589 0.108425171
143 -15.151832581 -0.000003815 -0.000007629 -0.007366814 -0.066137889 -0.001829048
144 -11.149932861 -0.000003815 -0.000011444 -0.004825431 -0.004337198 -0.044187538
145 4.260475159 20.773918152 -3.218482971 0.000367226 0.106133958 -3.05329085
146 -15.606681824 0 0 -0.00954727 -0.058216872 0.031280426
147 -15.853736877 0.000003815 -0.000000119 0.001474454 -0.080033914 -0.069181537
148 -15.151855469 -0.000005722 0.000000238 0.003499008 -0.097437129 0.050563039
149 -11.149963379 0.000003815 0 0.000903071 -0.016635727 -0.087736494
150 7.528274536 -8.043749809 -1.232801437 0.004949575 -0.174442134 -0.028853775
151 54.911239624 0.649676323 0.176697254 1.570486209 0.07895275 0.030347038
152 61.183170319 -0.000000715 0.000000954 0.174162246 0.013649947 0.001451626
153 -0.364086866 -2.758008003 4.994803905 0 0 0.000244115
154 -0.364086866 -2.758006096 4.994803905 0 0 0.000244115
155 -0.364086866 -2.758006096 4.994803905 0 0 0.000244115
156 -0.364086866 -2.758006096 4.994803905 0 0 0.000244115
157 -0.364086866 -2.758006096 4.994803905 0 0 0.000244115
158 -0.364086866 -2.758006096 4.994803905 0 0 0.000244115
159 -0.364086866 -2.758006096 4.994803905 0 0 0.000244115
160 -0.364086866 -2.758006096 4.994803905 0 0 0.000244115
161 -0.364086866 -2.758006096 4.994803905 0 0 0.000244115
162 -0.498048782 -4.95163393 0.510848999 0 0 0.000244115
163 -0.364086866 -2.758006096 4.994803905 0 0 0.000244115
time 42
0 -0.364086866 -2.758006096 4.994803905 0 0 0.000244115
1 -0.355712891 -7.47265625 1.084960938 0 -1.570482873 -1.57071714
2 130.809036255 0 -0.000000477 0 0 0
3 6.662017822 -0.142129987 2.521339893 3.129499898 0.002987641 -0.00554245
4 24.360931396 0 0.000011921 0.05098289 0.253988516 -0.008983265
5 24.806396484 -0.00000599 0.765956879 0 -0.368320338 0
6 8.120269775 -0.000001997 0.000003815 0 0 0
7 8.120315552 -0.000000983 0.000001907 0 -0.880742373 0
8 8.120315552 -0.000000983 0.000001907 0 -1.357954675 0
9 5.115219116 7.517074585 -23.079299927 1.548330525 -0.230762805 -0.107873562
10 -13.525115967 0.000007629 -0.000003815 0.018783532 0.053004198 -0.194098418
11 -11.953063965 -0.000007629 0 0.024402586 -0.05801232 -0.090206361
12 -8.290374756 0 -0.000003815 0.069880645 -0.026034012 -0.118969283
13 -7.875 0.000032425 0.000003815 0.028319244 0.067608933 0.063157583
14 -8.78578186 0.000034332 0.000003815 0.169323629 -0.067252989 -0.062489716
15 -8.9037323 0.000001907 0 0.072768772 0.097018263 0.288046033
16 5.903457642 12.714836121 -17.693172455 1.408219394 -0.253936387 -0.150838688
17 -13.525161743 0 -0.000003815 -0.003128889 0.068992118 -0.188149442
18 -11.953033447 -0.000007629 0 0.053567107 -0.061849724 -0.099056369
19 -8.290390015 0 0 0.069189547 0.023098323 0.038979129
20 -7.875 0.000030518 0.000003815 0.013710336 0.08419987 0.052593402
21 -8.785797119 0.000038147 0.000003815 0.12867154 0.063451501 -0.042040184
22 -8.903717041 0 -0.000001907 -0.022049251 0.056774141 0.271546177
23 5.115219116 -7.603518486 -23.079322815 -1.646855417 0.262569546 -3.038281451
24 13.525115967 0.000007629 0 0.025528209 -0.029294616 -0.191026921
25 11.953033447 0 0 0.118092586 0.020770615 -0.071770745
26 8.290390015 -0.000003815 0.000001907 0.148745818 -0.012325934 -0.103187578
27 7.875 -0.000030518 0 0.087264772 0.128245023 0.072716288
28 8.785766602 -0.000030518 0.000000596 0.137817463 0.174980926 -0.063906807
29 8.9037323 -0.000003815 0.000001907 -0.022323064 0.283205311 0.242100398
30 5.903442383 -12.801283836 -17.693199158 -1.711498277 0.330663586 -2.948828084
31 13.525131226 0 0 -0.005779124 0.013741505 -0.196645938
32 11.953063965 0.000007629 0 0.117128461 0.036548907 -0.075794495
33 8.290390015 0.000007629 0 0.124619212 0.060771115 0.031221771
34 7.875 -0.000030518 0 0.05502783 0.177652604 0.036805661
35 8.785766602 -0.000030518 0.000000954 0.144734999 0.294201819 -0.014650218
36 8.903717041 0 0.000003815 -0.069892097 0.261971477 0.235933395
37 4.435455322 0.000127017 -25.179950714 3.096483572 0.422439795 3.109931721
38 14.171020508 0.000020742 1.280670166 -0.039803532 0.104754892 -0.054915521
39 10.9765625 0.00001812 0.352539063 0.013620933 0.124157302 0.035442527
40 8.120300293 -0.000003576 -0.000015259 0.003633283 0.060962543 0.051153306
41 8.120285034 -0.000001907 -0.000038147 -0.012105705 -0.019604413 0.07178165
42 8.120346069 0.000001907 -0.000022888 0.001705194 0.253387961 0.083078414
43 8.120361328 0.000001907 0.000061035 -0.072892668 -0.256647694 0.065415334
44 7.146957397 16.179790497 -9.195613861 1.408144001 -0.187530298 -0.19182365
45 -13.525131226 0 0 -0.081715303 -0.105568573 -0.165789249
46 -11.953033447 -0.000013351 -0.000015259 0.072472608 -0.084892978 -0.137872417
47 -8.290390015 0.000001907 0 0.11875583 0.061081475 0.087917304
48 -7.875 0.000030518 0 0.050826411 0.15395128 0.119077191
49 -8.785797119 0.000041962 0 0.097487141 0.232590894 -0.123563592
50 -8.903686523 0.000001907 -0.000001907 -0.05537052 0.126821955 0.047797388
51 7.147003174 -16.266246796 -9.19562149 -1.708556797 0.265183856 -2.916963585
52 13.525115967 0.000015259 0.000007629 -0.0889514 -0.054885963 -0.141074933
53 11.953018188 0.000011444 0 0.106788267 0.087370923 -0.086640191
54 8.290390015 0 0.000003815 0.147054063 0.124365054 0.08272529
55 7.875 -0.000034332 0 0.076760972 0.25564706 0.114164175
56 8.78578186 -0.000038147 0.000003219 0.113325793 0.453897476 -0.082454026
57 8.903717041 0 -0.000007629 -0.137873628 0.255014589 0.206064221
58 -5.36730957 8.366906166 8.703117371 1.804228866 -0.740143646 3.110415312
59 13.525115967 0.000015259 -0.000001907 -0.294796652 0.025796171 -0.029052018
60 -3.441879272 -10.792385101 9.377006531 1.732678386 -0.850164986 -3.045052141
61 13.525115967 -0.000007629 0.000003815 -0.41633305 0.134179831 -0.452570892
62 11.953048706 0.000015259 0.000003815 0.211848395 -0.089618524 -0.41122644
63 8.290359497 0.000002861 0 0.122758156 -0.051512672 0.052638544
64 7.875 -0.00002861 0.000001907 0.065007736 -0.035976428 -0.027860985
65 19.39491272 -14.052383423 -0.467086792 0.913742806 0.236160813 -2.796502442
66 26.240753174 0.000003815 0.000007629 -0.287543962 -0.031160834 0.023352837
67 31.971000671 0.000003815 0.000003815 -0.152632578 0.059999531 -0.019312632
68 4.627235413 -2.31129837 4.185634613 -0.024611287 -0.558422955 -0.444239217
69 2.980117798 -0.000004292 -0.000007629 -0.044814452 -0.161464923 0.279695347
70 1.982421875 0.000015259 0.000015259 0 0 0.079605056
71 10.844871521 -1.281562805 -1.331679344 0.003154845 -0.01855101 -1.502721343
72 3.98828125 0 0.000037193 0.024656551 0.116612118 -1.30426207
73 2.26953125 -0.000015259 -0.000010133 0.010246566 0.020303916 -1.235445909
74 10.908851624 -1.237388611 0.829589844 0.008182385 -0.019760774 -1.502678948
75 3.989425659 -0.000015259 0.000037193 0.003562594 0.093803498 -1.240572344
76 3.478279114 0 -0.000015974 0.01062322 -0.039586617 -1.338501469
77 10.291885376 -1.202156067 -3.344136238 0.018038834 -0.023865117 -1.537453755
78 2.757148743 0 0.000027657 -0.00454994 -0.095548155 -1.291608045
79 1.775390625 -0.000007629 -0.000009537 0.198076059 0.357239486 -1.30316968
80 10.971855164 -1.19392395 2.957341194 -0.012167132 -0.015944087 -1.622309173
81 3.82421875 -0.000007629 0.000035286 -0.000576872 0.002168828 -1.309510829
82 2.94140625 -0.000007629 -0.000013351 0.003967107 0.006944486 -1.466881704
83 -0.000015259 0.000007629 0 0.387599459 0.208709602 -0.659779877
84 19.39491272 13.160593033 -0.467075348 -2.325377337 -0.235367668 -0.339516169
85 -26.240753174 -0.000003815 -0.000003815 -0.108268737 0.048267761 0.121805906
86 -31.971000671 0.000015259 0 -0.640439261 0.213481567 -0.19331895
87 -11.614601135 3.933105469 0.069384575 -1.578444876 1.529198549 -2.544968004
88 -10.484527588 1.069198608 3.539872169 -3.131584703 0.028220486 2.411526648
89 2.757156372 0.000002265 0.000026703 -0.011712134 0.035128624 1.019560794
90 1.775390625 0.000007629 -0.000023842 -0.261071927 -0.262843666 1.059935836
91 -11.046470642 1.142402649 1.529694557 -3.130487012 0.018259081 2.114134707
92 3.98828125 0 0.000038147 0.004872241 -0.009924216 1.610032301
93 2.26953125 0.000007629 0.000000954 -0.076539319 -0.095407065 1.438172442
94 -11.192642212 1.041526794 -2.758434296 -3.116629264 0.004012045 2.226905852
95 3.82421875 0.000038147 0.000051498 0.00053161 0.002187187 1.610324685
96 8.785812378 -0.000034332 0.000000954 0.08229373 0.071373082 -0.580233542
97 2.94140625 0.000007629 -0.000011444 -0.004550553 0.006091757 1.767588569
98 -11.120124817 1.091545105 -0.631118774 -3.132136147 0.020772815 2.221577138
99 3.98941803 0.000001907 0.000052452 0.021444626 0.041947477 1.751021405
100 3.478290558 0.000022888 -0.00001049 -0.001306817 0.004312204 1.848998194
101 -4.853614807 2.155082703 -4.018517494 3.123057975 0.125574955 2.46129872
102 2.980110168 -0.00000906 0.000011921 0.038574713 -0.163808097 -0.240289671
103 1.982421875 -0.000009537 0.000034332 0 0 -0.040571652
104 0.000015259 -0.000007629 -0.000003815 -0.012272656 -0.062680095 -0.890684281
105 7.08984375 0 -0.000000477 3.141592654 -0.174494806 3.141592654
106 7.528259277 8.168075562 -1.23279953 -3.136643079 0.174442134 -3.112738881
107 -54.911224365 -0.64967823 -0.176695824 1.570486209 0.07895275 0.030347038
108 -61.183189392 0.000000954 0 0.173988939 0.013650073 0.001450443
109 8.588684082 0 1.514415741 0 0 0
110 4.260505676 -21.349506378 -3.218473434 0.018757338 -0.1173957 -0.095215799
111 15.606674194 0 -0.000012398 -0.000897181 0.058788465 -0.056941385
112 15.853752136 0 -0.00000608 -0.005267019 0.084366499 -0.114410677
113 15.151855469 0.000003815 0.000000715 0.001112777 0.109873093 -0.02535496
114 11.14995575 0 -0.000006676 -0.014332641 0.012277681 -0.082979483
115 1.725082397 -0.142127991 11.160655975 -1.54928252 -0.199716748 -0.04792238
116 15.606681824 -0.000001907 0 0.006596782 0.029645297 0.043091798
117 15.853729248 0.000003815 0.000000119 0.001684433 0.043084343 -0.009978817
118 15.151863098 -0.000001907 0.000000238 0.00052538 0.056808189 -0.011901657
119 11.149963379 0 0 -0.001464222 0.002936351 0.00215577
120 6.678688049 -0.142132998 -16.932613373 1.566136231 0.04724738 3.114191298
121 -15.606689453 0.000003815 0 -0.006258606 -0.028680603 0.051027629
122 -15.853752136 0.000007629 0.00000608 -0.001826563 -0.041686284 0.008930667
123 -15.151855469 -0.000003815 -0.000000238 -0.001020922 -0.055155649 0.021356919
124 -11.14994812 -0.000007629 0.000006676 0.000859724 -0.00319465 0.002156547
125 2.507644653 15.93921566 6.722552299 -1.601554806 0.167466577 -2.953560654
126 -15.606697083 0 0 0.001109531 0.022296733 -0.039871095
127 -15.853752136 -0.000000954 0.000013351 0.018259472 -0.082572613 0.039075929
128 -15.151855469 -0.000001907 0.000007629 0.000882599 -0.058801877 -0.079924734
129 -11.149963379 -0.000003815 -0.000003815 -0.010327582 0.00834293 -0.073775906
130 2.507621765 -17.075353622 6.722564697 -1.591045806 -0.148092345 -0.178011065
131 15.606674194 0 0.000003815 0.008952289 0.072667658 0.006285275
132 15.853736877 -0.000001907 0.000003815 0.019210434 -0.008985556 0.089804734
133 15.151870728 0.000001431 0 -0.003492621 0.039224719 -0.032790353
134 11.149963379 0.000000954 -0.000015259 -0.013783338 0.002353985 -0.046805311
135 5.893127441 15.939212799 -12.477539063 3.090845202 -0.12314076 0.144948663
136 15.606674194 0 0.000026703 0.01572346 0.040617806 -0.016516579
137 15.853744507 -0.000003815 -0.000011921 0.016942715 -0.055742895 0.064735999
138 15.151855469 0.000003815 0 -0.008249367 -0.022857598 -0.056454892
139 11.149963379 0.000003815 -0.000007629 -0.003855627 -0.013748586 -0.054620186
140 5.893135071 -17.075361252 -12.477552414 1.493512817 0.09398748 2.966224797
141 -15.606658936 0 0.000007629 0.010543173 0.013649099 0.014401189
142 -15.853729248 -0.000000954 -0.000011444 0.01447123 -0.093850918 0.110073505
143 -15.151832581 -0.000003815 -0.000007629 -0.007410711 -0.071815604 0.004325756
144 -11.149932861 -0.000003815 -0.000011444 -0.005529737 -0.003497618 -0.04712389
145 4.260475159 20.773918152 -3.218482971 0.002147346 0.118344458 -3.052806581
146 -15.606681824 0 0 -0.010487082 -0.057684415 0.031218466
147 -15.853736877 0.000003815 -0.000000119 0.001061815 -0.08290086 -0.069343454
148 -15.151855469 -0.000005722 0.000000238 0.002816431 -0.108226037 0.050162787
149 -11.149963379 0.000003815 0 0.000679601 -0.013621481 -0.087041398
150 7.528274536 -8.043749809 -1.232801437 0.004949575 -0.174442134 -0.028853775
151 54.911239624 0.649676323 0.176697254 1.570486209 0.07895275 0.030347038
152 61.183170319 -0.000000715 0.000000954 0.174162246 0.013649947 0.001451626
153 -0.364086866 -2.758008003 4.994803905 0 0 0.000244115
154 -0.364086866 -2.758006096 4.994803905 0 0 0.000244115
155 -0.364086866 -2.758006096 4.994803905 0 0 0.000244115
156 -0.364086866 -2.758006096 4.994803905 0 0 0.000244115
157 -0.364086866 -2.758006096 4.994803905 0 0 0.000244115
158 -0.364086866 -2.758006096 4.994803905 0 0 0.000244115
159 -0.364086866 -2.758006096 4.994803905 0 0 0.000244115
160 -0.364086866 -2.758006096 4.994803905 0 0 0.000244115
161 -0.364086866 -2.758006096 4.994803905 0 0 0.000244115
162 -0.498048782 -4.95163393 0.510848999 0 0 0.000244115
163 -0.364086866 -2.758006096 4.994803905 0 0 0.000244115
time 43
0 -0.364086866 -2.758006096 4.994803905 0 0 0.000244115
1 -0.355712891 -7.47265625 1.084960938 0 -1.570482873 -1.57071714
2 130.809036255 0 -0.000000477 0 0 0
3 6.662017822 -0.142129987 2.521339893 3.131919827 0.002395556 -0.004413797
4 24.360931396 0 0.000011921 0.046782826 0.24773373 -0.007138364
5 24.806396484 -0.00000599 0.765956879 0 -0.368320338 0
6 8.120269775 -0.000001997 0.000003815 0 0 0
7 8.120315552 -0.000000983 0.000001907 0 -0.880742373 0
8 8.120315552 -0.000000983 0.000001907 0 -1.357954675 0
9 5.115219116 7.517074585 -23.079299927 1.549569129 -0.232017112 -0.109672725
10 -13.525115967 0.000007629 -0.000003815 0.018389233 0.05527005 -0.190883641
11 -11.953063965 -0.000007629 0 0.02468032 -0.060623609 -0.095351121
12 -8.290374756 0 -0.000003815 0.070562888 -0.032141137 -0.131490357
13 -7.875 0.000032425 0.000003815 0.028056057 0.070329306 0.060597121
14 -8.78578186 0.000034332 0.000003815 0.168395056 -0.05485174 -0.048308538
15 -8.9037323 0.000001907 0 0.066526307 0.08882182 0.252928592
16 5.903457642 12.714836121 -17.693172455 1.409191763 -0.255003802 -0.151934114
17 -13.525161743 0 -0.000003815 -0.003475862 0.070514652 -0.184092078
18 -11.953033447 -0.000007629 0 0.053769042 -0.06349986 -0.105251369
19 -8.290390015 0 0 0.069028766 0.018464226 0.023094682
20 -7.875 0.000030518 0.000003815 0.013356766 0.085695717 0.04947878
21 -8.785797119 0.000038147 0.000003815 0.12857653 0.072578724 -0.022676869
22 -8.903717041 0 -0.000001907 -0.022327628 0.054541018 0.235513357
23 5.115219116 -7.603518486 -23.079322815 -1.648826194 0.2651966 -3.041276327
24 13.525115967 0.000007629 0 0.025364934 -0.029675685 -0.189381948
25 11.953033447 0 0 0.117792916 0.023045206 -0.076745513
26 8.290390015 -0.000003815 0.000001907 0.148722318 -0.011540642 -0.113790608
27 7.875 -0.000030518 0 0.086843721 0.120542377 0.070777701
28 8.785766602 -0.000030518 0.000000596 0.138503792 0.168297237 -0.050305391
29 8.9037323 -0.000003815 0.000001907 -0.02183393 0.265906267 0.210507654
30 5.903442383 -12.801283836 -17.693199158 -1.713808496 0.333760817 -2.951866484
31 13.525131226 0 0 -0.006001582 0.014329515 -0.195435391
32 11.953063965 0.000007629 0 0.116881183 0.038723113 -0.080519624
33 8.290390015 0.000007629 0 0.124265158 0.059988045 0.020172551
34 7.875 -0.000030518 0 0.054290348 0.16885017 0.03232662
35 8.785766602 -0.000030518 0.000000954 0.145076726 0.287804534 -0.002464437
36 8.903717041 0 0.000003815 -0.062222446 0.249886887 0.204514605
37 4.435455322 0.000127017 -25.179950714 3.09482208 0.422462526 3.107543197
38 14.171020508 0.000020742 1.280670166 -0.039498131 0.104779101 -0.054035039
39 10.9765625 0.00001812 0.352539063 0.0137408 0.124766657 0.034416857
40 8.120300293 -0.000003576 -0.000015259 0.003488654 0.06226488 0.048215087
41 8.120285034 -0.000001907 -0.000038147 -0.011922831 -0.017640466 0.068917077
42 8.120346069 0.000001907 -0.000022888 0.000466638 0.256666248 0.083897018
43 8.120361328 0.000001907 0.000061035 -0.06749152 -0.220999532 0.066240765
44 7.146957397 16.179790497 -9.195613861 1.408905379 -0.189019088 -0.192091231
45 -13.525131226 0 0 -0.082903158 -0.10473983 -0.160639287
46 -11.953033447 -0.000013351 -0.000015259 0.071896166 -0.085192642 -0.145744158
47 -8.290390015 0.000001907 0 0.11725808 0.058331659 0.069091583
48 -7.875 0.000030518 0 0.049844253 0.153444897 0.116903285
49 -8.785797119 0.000041962 0 0.098055274 0.239199213 -0.100723179
50 -8.903686523 0.000001907 -0.000001907 -0.054007521 0.12457349 0.01194427
51 7.147003174 -16.266246796 -9.19562149 -1.710530079 0.269486951 -2.918816159
52 13.525115967 0.000015259 0.000007629 -0.08985804 -0.053732693 -0.139109485
53 11.953018188 0.000011444 0 0.105997742 0.091248411 -0.093231478
54 8.290390015 0 0.000003815 0.14609231 0.124136859 0.068069288
55 7.875 -0.000034332 0 0.075012083 0.246035431 0.109148749
56 8.78578186 -0.000038147 0.000003219 0.114105788 0.447601591 -0.065620283
57 8.903717041 0 -0.000007629 -0.120055223 0.246400657 0.17972419
58 -5.36730957 8.366906166 8.703117371 1.800971832 -0.740748723 3.112598474
59 13.525115967 0.000015259 -0.000001907 -0.294796652 0.025796171 -0.029052018
60 -3.441879272 -10.792385101 9.377006531 1.728195868 -0.847976285 -3.041700162
61 13.525115967 -0.000007629 0.000003815 -0.417270715 0.13399896 -0.452457331
62 11.953048706 0.000015259 0.000003815 0.212239929 -0.093312346 -0.408045707
63 8.290359497 0.000002861 0 0.123302989 -0.055163948 0.058201484
64 7.875 -0.00002861 0.000001907 0.065485529 -0.03568913 -0.025873482
65 19.39491272 -14.052383423 -0.467086792 0.908473695 0.246491186 -2.797315394
66 26.240753174 0.000003815 0.000007629 -0.289356293 -0.033185583 0.020713255
67 31.971000671 0.000003815 0.000003815 -0.156568091 0.052268683 -0.033636664
68 4.627235413 -2.31129837 4.185634613 -0.024611287 -0.558422955 -0.444239217
69 2.980117798 -0.000004292 -0.000007629 -0.044814452 -0.161464923 0.279695347
70 1.982421875 0.000015259 0.000015259 0 0 0.079605056
71 10.844871521 -1.281562805 -1.331679344 0.003154845 -0.01855101 -1.502721343
72 3.98828125 0 0.000037193 0.024656551 0.116612118 -1.30426207
73 2.26953125 -0.000015259 -0.000010133 0.010246566 0.020303916 -1.235445909
74 10.908851624 -1.237388611 0.829589844 0.008182385 -0.019760774 -1.502678948
75 3.989425659 -0.000015259 0.000037193 0.003562594 0.093803498 -1.240572344
76 3.478279114 0 -0.000015974 0.01062322 -0.039586617 -1.338501469
77 10.291885376 -1.202156067 -3.344136238 0.018038834 -0.023865117 -1.537453755
78 2.757148743 0 0.000027657 -0.00454994 -0.095548155 -1.291608045
79 1.775390625 -0.000007629 -0.000009537 0.198076059 0.357239486 -1.30316968
80 10.971855164 -1.19392395 2.957341194 -0.012167132 -0.015944087 -1.622309173
81 3.82421875 -0.000007629 0.000035286 -0.000576872 0.002168828 -1.309510829
82 2.94140625 -0.000007629 -0.000013351 0.003967107 0.006944486 -1.466881704
83 -0.000015259 0.000007629 0 0.390077074 0.197962833 -0.653169899
84 19.39491272 13.160593033 -0.467075348 -2.33908645 -0.232240857 -0.337532007
85 -26.240753174 -0.000003815 -0.000003815 -0.11647255 0.047375435 0.12151341
86 -31.971000671 0.000015259 0 -0.640439261 0.213481567 -0.19331895
87 -11.614601135 3.933105469 0.069384575 -1.578444876 1.529198549 -2.544968004
88 -10.484527588 1.069198608 3.539872169 -3.131584703 0.028220486 2.411526648
89 2.757156372 0.000002265 0.000026703 -0.011712134 0.035128624 1.019560794
90 1.775390625 0.000007629 -0.000023842 -0.261071927 -0.262843666 1.059935836
91 -11.046470642 1.142402649 1.529694557 -3.130487012 0.018259081 2.114134707
92 3.98828125 0 0.000038147 0.004872241 -0.009924216 1.610032301
93 2.26953125 0.000007629 0.000000954 -0.076539319 -0.095407065 1.438172442
94 -11.192642212 1.041526794 -2.758434296 -3.116629264 0.004012045 2.226905852
95 3.82421875 0.000038147 0.000051498 0.00053161 0.002187187 1.610324685
96 8.785812378 -0.000034332 0.000000954 0.08229373 0.071373082 -0.580233542
97 2.94140625 0.000007629 -0.000011444 -0.004550553 0.006091757 1.767588569
98 -11.120124817 1.091545105 -0.631118774 -3.132136147 0.020772815 2.221577138
99 3.98941803 0.000001907 0.000052452 0.021444626 0.041947477 1.751021405
100 3.478290558 0.000022888 -0.00001049 -0.001306817 0.004312204 1.848998194
101 -4.853614807 2.155082703 -4.018517494 3.123057975 0.125574955 2.46129872
102 2.980110168 -0.00000906 0.000011921 0.038574713 -0.163808097 -0.240289671
103 1.982421875 -0.000009537 0.000034332 0 0 -0.040571652
104 0.000015259 -0.000007629 -0.000003815 -0.013355094 -0.056514181 -0.896161035
105 7.08984375 0 -0.000000477 3.141592654 -0.174494806 3.141592654
106 7.528259277 8.168075562 -1.23279953 -3.136643079 0.174442134 -3.112738881
107 -54.911224365 -0.64967823 -0.176695824 1.570486209 0.07895275 0.030347038
108 -61.183189392 0.000000954 0 0.173988939 0.013650073 0.001450443
109 8.588684082 0 1.514415741 0 0 0
110 4.260505676 -21.349506378 -3.218473434 0.018258039 -0.129023557 -0.094893596
111 15.606674194 0 -0.000012398 -0.000939195 0.057318638 -0.056854327
112 15.853752136 0 -0.00000608 -0.00613932 0.085960839 -0.114456423
113 15.151855469 0.000003815 0.000000715 0.000193623 0.11911356 -0.025757243
114 11.14995575 0 -0.000006676 -0.012928372 0.009748035 -0.082348778
115 1.725082397 -0.142127991 11.160655975 -1.551412065 -0.206623803 -0.041715713
116 15.606681824 -0.000001907 0 0.006699939 0.028858896 0.045421829
117 15.853729248 0.000003815 0.000000119 0.002097806 0.043946044 -0.00668824
118 15.151863098 -0.000001907 0.000000238 0.000740306 0.061642798 -0.006799444
119 11.149963379 0 0 -0.001122824 0.002330212 -0.00060553
120 6.678688049 -0.142132998 -16.932613373 1.56702424 0.053679711 3.119876706
121 -15.606689453 0.000003815 0 -0.006314178 -0.027904183 0.050248518
122 -15.853752136 0.000007629 0.00000608 -0.002194331 -0.042547148 0.009802733
123 -15.151855469 -0.000003815 -0.000000238 -0.00131253 -0.059814291 0.026551149
124 -11.14994812 -0.000007629 0.000006676 0.000691292 -0.002502976 -0.000605087
125 2.507644653 15.93921566 6.722552299 -1.600023536 0.173486388 -2.958397266
126 -15.606697083 0 0 -0.00005031 0.022878456 -0.042129025
127 -15.853752136 -0.000000954 0.000013351 0.01734653 -0.083128588 0.035825516
128 -15.151855469 -0.000001907 0.000007629 0.000747327 -0.062441574 -0.084766722
129 -11.149963379 -0.000003815 -0.000003815 -0.010029638 0.007590029 -0.071006718
130 2.507621765 -17.075353622 6.722564697 -1.591710476 -0.154875591 -0.172344316
131 15.606674194 0 0.000003815 0.008690723 0.071880941 0.008690728
132 15.853736877 -0.000001907 0.000003815 0.019231388 -0.008241932 0.093181728
133 15.151870728 0.000001431 0 -0.003376236 0.04398238 -0.0278759
134 11.149963379 0.000000954 -0.000015259 -0.013083396 0.001834324 -0.049563964
135 5.893127441 15.939212799 -12.477539063 3.088683409 -0.123934129 0.145284012
136 15.606674194 0 0.000026703 0.017020092 0.040714086 -0.016403186
137 15.853744507 -0.000003815 -0.000011921 0.017796475 -0.055859445 0.064970706
138 15.151855469 0.000003815 0 -0.007887781 -0.02353713 -0.056197448
139 11.149963379 0.000003815 -0.000007629 -0.004361496 -0.010914248 -0.055226898
140 5.893135071 -17.075361252 -12.477552414 1.493764413 0.100772839 2.971900485
141 -15.606658936 0 0.000007629 0.010715867 0.014428859 0.013629689
142 -15.853729248 -0.000000954 -0.000011444 0.014470089 -0.094639098 0.111021949
143 -15.151832581 -0.000003815 -0.000007629 -0.007368226 -0.07654736 0.009697674
144 -11.149932861 -0.000003815 -0.000011444 -0.006232563 -0.002831889 -0.049801382
145 4.260475159 20.773918152 -3.218482971 0.003901215 0.129780872 -3.052302314
146 -15.606681824 0 0 -0.011325364 -0.056203643 0.031147314
147 -15.853736877 0.000003815 -0.000000119 0.00060734 -0.084559238 -0.069500406
148 -15.151855469 -0.000005722 0.000000238 0.002091575 -0.117373856 0.049772965
149 -11.149963379 0.000003815 0 0.000551463 -0.010775885 -0.086261389
150 7.528274536 -8.043749809 -1.232801437 0.004949575 -0.174442134 -0.028853775
151 54.911239624 0.649676323 0.176697254 1.570486209 0.07895275 0.030347038
152 61.183170319 -0.000000715 0.000000954 0.174162246 0.013649947 0.001451626
153 -0.364086866 -2.758008003 4.994803905 0 0 0.000244115
154 -0.364086866 -2.758006096 4.994803905 0 0 0.000244115
155 -0.364086866 -2.758006096 4.994803905 0 0 0.000244115
156 -0.364086866 -2.758006096 4.994803905 0 0 0.000244115
157 -0.364086866 -2.758006096 4.994803905 0 0 0.000244115
158 -0.364086866 -2.758006096 4.994803905 0 0 0.000244115
159 -0.364086866 -2.758006096 4.994803905 0 0 0.000244115
160 -0.364086866 -2.758006096 4.994803905 0 0 0.000244115
161 -0.364086866 -2.758006096 4.994803905 0 0 0.000244115
162 -0.498048782 -4.95163393 0.510848999 0 0 0.000244115
163 -0.364086866 -2.758006096 4.994803905 0 0 0.000244115
time 44
0 -0.364086866 -2.758006096 4.994803905 0 0 0.000244115
1 -0.355712891 -7.47265625 1.084960938 0 -1.570482873 -1.57071714
2 130.809036255 0 -0.000000477 0 0 0
3 6.662017822 -0.142129987 2.521339893 3.134166344 0.001800143 -0.003373065
4 24.360931396 0 0.000011921 0.042038939 0.241925672 -0.005412708
5 24.806396484 -0.00000599 0.765956879 0 -0.368320338 0
6 8.120269775 -0.000001997 0.000003815 0 0 0
7 8.120315552 -0.000000983 0.000001907 0 -0.880742373 0
8 8.120315552 -0.000000983 0.000001907 0 -1.357954675 0
9 5.115219116 7.517074585 -23.079299927 1.551594334 -0.232503791 -0.112552789
10 -13.525115967 0.000007629 -0.000003815 0.018001146 0.05770463 -0.187148651
11 -11.953063965 -0.000007629 0 0.024864355 -0.062044834 -0.099008097
12 -8.290374756 0 -0.000003815 0.071310972 -0.038071516 -0.143931515
13 -7.875 0.000032425 0.000003815 0.02777556 0.071599587 0.056544595
14 -8.78578186 0.000034332 0.000003815 0.167622705 -0.043174814 -0.035772742
15 -8.9037323 0.000001907 0 0.059854732 0.080057685 0.215665625
16 5.903457642 12.714836121 -17.693172455 1.410961583 -0.254981198 -0.154072695
17 -13.525161743 0 -0.000003815 -0.003802591 0.072126092 -0.179428593
18 -11.953033447 -0.000007629 0 0.053880672 -0.064511074 -0.109523183
19 -8.290390015 0 0 0.068863709 0.01398741 0.007650554
20 -7.875 0.000030518 0.000003815 0.012961363 0.086080499 0.044106536
21 -8.785797119 0.000038147 0.000003815 0.128500651 0.081157732 -0.005423253
22 -8.903717041 0 -0.000001907 -0.022589866 0.052292391 0.197304821
23 5.115219116 -7.603518486 -23.079322815 -1.651460754 0.267627971 -3.045161123
24 13.525115967 0.000007629 0 0.025203951 -0.03014681 -0.187391506
25 11.953033447 0 0 0.117519359 0.024654863 -0.080721548
26 8.290390015 -0.000003815 0.000001907 0.148683347 -0.010590316 -0.124297554
27 7.875 -0.000030518 0 0.086403223 0.113846348 0.067589948
28 8.785766602 -0.000030518 0.000000596 0.139004688 0.16110031 -0.038071556
29 8.9037323 -0.000003815 0.000001907 -0.021399278 0.247508448 0.177120992
30 5.903442383 -12.801283836 -17.693199158 -1.716606281 0.336795643 -2.955426063
31 13.525131226 0 0 -0.006297663 0.014824883 -0.193791659
32 11.953063965 0.000007629 0 0.11656583 0.040508008 -0.084577088
33 8.290390015 0.000007629 0 0.124024055 0.059612077 0.009499446
34 7.875 -0.000030518 0 0.053682689 0.160684729 0.026673587
35 8.785766602 -0.000030518 0.000000954 0.145354075 0.280753946 0.007989226
36 8.903717041 0 0.000003815 -0.053978888 0.23716259 0.171283337
37 4.435455322 0.000127017 -25.179950714 3.092621218 0.42237729 3.104688433
38 14.171020508 0.000020742 1.280670166 -0.039340838 0.104720574 -0.052728269
39 10.9765625 0.00001812 0.352539063 0.013976464 0.125198166 0.033916085
40 8.120300293 -0.000003576 -0.000015259 0.003507902 0.063217531 0.045367431
41 8.120285034 -0.000001907 -0.000038147 -0.011746555 -0.015852154 0.065449699
42 8.120346069 0.000001907 -0.000022888 -0.000786434 0.260025416 0.083229514
43 8.120361328 0.000001907 0.000061035 -0.061764046 -0.183188029 0.067083056
44 7.146957397 16.179790497 -9.195613861 1.41033592 -0.189138017 -0.193011231
45 -13.525131226 0 0 -0.08376901 -0.104018454 -0.154722016
46 -11.953033447 -0.000013351 -0.000015259 0.071203338 -0.085230908 -0.15143512
47 -8.290390015 0.000001907 0 0.115840509 0.055980075 0.050477806
48 -7.875 0.000030518 0 0.04861454 0.152310959 0.112004441
49 -8.785797119 0.000041962 0 0.09836968 0.245402513 -0.080016589
50 -8.903686523 0.000001907 -0.000001907 -0.052443138 0.122279966 -0.025876639
51 7.147003174 -16.266246796 -9.19562149 -1.712909146 0.273753328 -2.92091445
52 13.525115967 0.000015259 0.000007629 -0.090777204 -0.052628453 -0.136363048
53 11.953018188 0.000011444 0 0.10523979 0.094895014 -0.098798535
54 8.290390015 0 0.000003815 0.145169251 0.124498307 0.053550989
55 7.875 -0.000034332 0 0.073230469 0.237002211 0.102438476
56 8.78578186 -0.000038147 0.000003219 0.114546594 0.440376618 -0.050719258
57 8.903717041 0 -0.000007629 -0.101193476 0.237292833 0.151828225
58 -5.36730957 8.366906166 8.703117371 1.796830467 -0.741734672 3.115544371
59 13.525115967 0.000015259 -0.000001907 -0.294796652 0.025796171 -0.029052018
60 -3.441879272 -10.792385101 9.377006531 1.722916969 -0.845653386 -3.037594373
61 13.525115967 -0.000007629 0.000003815 -0.418253188 0.133826726 -0.452712643
62 11.953048706 0.000015259 0.000003815 0.212588509 -0.096830246 -0.404933499
63 8.290359497 0.000002861 0 0.123735036 -0.059074526 0.063751155
64 7.875 -0.00002861 0.000001907 0.065959666 -0.035675886 -0.023462978
65 19.39491272 -14.052383423 -0.467086792 0.901572217 0.253384212 -2.798490721
66 26.240753174 0.000003815 0.000007629 -0.291075451 -0.035326447 0.0179174
67 31.971000671 0.000003815 0.000003815 -0.160827575 0.044974906 -0.047110841
68 4.627235413 -2.31129837 4.185634613 -0.024611287 -0.558422955 -0.444239217
69 2.980117798 -0.000004292 -0.000007629 -0.044814452 -0.161464923 0.279695347
70 1.982421875 0.000015259 0.000015259 0 0 0.079605056
71 10.844871521 -1.281562805 -1.331679344 0.003154845 -0.01855101 -1.502721343
72 3.98828125 0 0.000037193 0.024656551 0.116612118 -1.30426207
73 2.26953125 -0.000015259 -0.000010133 0.010246566 0.020303916 -1.235445909
74 10.908851624 -1.237388611 0.829589844 0.008182385 -0.019760774 -1.502678948
75 3.989425659 -0.000015259 0.000037193 0.003562594 0.093803498 -1.240572344
76 3.478279114 0 -0.000015974 0.01062322 -0.039586617 -1.338501469
77 10.291885376 -1.202156067 -3.344136238 0.018038834 -0.023865117 -1.537453755
78 2.757148743 0 0.000027657 -0.00454994 -0.095548155 -1.291608045
79 1.775390625 -0.000007629 -0.000009537 0.198076059 0.357239486 -1.30316968
80 10.971855164 -1.19392395 2.957341194 -0.012167132 -0.015944087 -1.622309173
81 3.82421875 -0.000007629 0.000035286 -0.000576872 0.002168828 -1.309510829
82 2.94140625 -0.000007629 -0.000013351 0.003967107 0.006944486 -1.466881704
83 -0.000015259 0.000007629 0 0.392247804 0.188211037 -0.647310195
84 19.39491272 13.160593033 -0.467075348 -2.353030033 -0.229355207 -0.335768785
85 -26.240753174 -0.000003815 -0.000003815 -0.124166245 0.046358838 0.121161015
86 -31.971000671 0.000015259 0 -0.640439261 0.213481567 -0.19331895
87 -11.614601135 3.933105469 0.069384575 -1.578444876 1.529198549 -2.544968004
88 -10.484527588 1.069198608 3.539872169 -3.131584703 0.028220486 2.411526648
89 2.757156372 0.000002265 0.000026703 -0.011712134 0.035128624 1.019560794
90 1.775390625 0.000007629 -0.000023842 -0.261071927 -0.262843666 1.059935836
91 -11.046470642 1.142402649 1.529694557 -3.130487012 0.018259081 2.114134707
92 3.98828125 0 0.000038147 0.004872241 -0.009924216 1.610032301
93 2.26953125 0.000007629 0.000000954 -0.076539319 -0.095407065 1.438172442
94 -11.192642212 1.041526794 -2.758434296 -3.116629264 0.004012045 2.226905852
95 3.82421875 0.000038147 0.000051498 0.00053161 0.002187187 1.610324685
96 8.785812378 -0.000034332 0.000000954 0.08229373 0.071373082 -0.580233542
97 2.94140625 0.000007629 -0.000011444 -0.004550553 0.006091757 1.767588569
98 -11.120124817 1.091545105 -0.631118774 -3.132136147 0.020772815 2.221577138
99 3.98941803 0.000001907 0.000052452 0.021444626 0.041947477 1.751021405
100 3.478290558 0.000022888 -0.00001049 -0.001306817 0.004312204 1.848998194
101 -4.853614807 2.155082703 -4.018517494 3.123057975 0.125574955 2.46129872
102 2.980110168 -0.00000906 0.000011921 0.038574713 -0.163808097 -0.240289671
103 1.982421875 -0.000009537 0.000034332 0 0 -0.040571652
104 0.000015259 -0.000007629 -0.000003815 -0.014483054 -0.050739458 -0.90137323
105 7.08984375 0 -0.000000477 3.141592654 -0.174494806 3.141592654
106 7.528259277 8.168075562 -1.23279953 -3.136643079 0.174442134 -3.112738881
107 -54.911224365 -0.64967823 -0.176695824 1.570486209 0.07895275 0.030347038
108 -61.183189392 0.000000954 0 0.173988939 0.013650073 0.001450443
109 8.588684082 0 1.514415741 0 0 0
110 4.260505676 -21.349506378 -3.218473434 0.017718732 -0.13979055 -0.094641835
111 15.606674194 0 -0.000012398 -0.00104077 0.054983297 -0.056681392
112 15.853752136 0 -0.00000608 -0.006938236 0.086347928 -0.114406696
113 15.151855469 0.000003815 0.000000715 -0.00078215 0.126538971 -0.025997222
114 11.14995575 0 -0.000006676 -0.011446577 0.00739355 -0.081722554
115 1.725082397 -0.142127991 11.160655975 -1.553562299 -0.214135641 -0.035495062
116 15.606681824 -0.000001907 0 0.006704606 0.027642869 0.047748843
117 15.853729248 0.000003815 0.000000119 0.002432602 0.044115449 -0.003227175
118 15.151863098 -0.000001907 0.000000238 0.001070022 0.065613375 -0.00160579
119 11.149963379 0 0 -0.000865924 0.001724955 -0.003194467
120 6.678688049 -0.142132998 -16.932613373 1.567842867 0.059617892 3.125078626
121 -15.606689453 0.000003815 0 -0.00626853 -0.02678639 0.048948725
122 -15.853752136 0.000007629 0.00000608 -0.002459406 -0.042631892 0.010067499
123 -15.151855469 -0.000003815 -0.000000238 -0.001580373 -0.063523056 0.030709325
124 -11.14994812 -0.000007629 0.000006676 0.000520933 -0.00189814 -0.003194214
125 2.507644653 15.93921566 6.722552299 -1.598686107 0.179716823 -2.963181092
126 -15.606697083 0 0 -0.001050497 0.023892838 -0.044558857
127 -15.853752136 -0.000000954 0.000013351 0.0163642 -0.083166673 0.032409649
128 -15.151855469 -0.000001907 0.000007629 0.000514104 -0.065309778 -0.089777856
129 -11.149963379 -0.000003815 -0.000003815 -0.009731438 0.006749217 -0.068410222
130 2.507621765 -17.075353622 6.722564697 -1.592337292 -0.16221212 -0.167104448
131 15.606674194 0 0.000003815 0.008514294 0.070662275 0.011183798
132 15.853736877 -0.000001907 0.000003815 0.019311663 -0.008106901 0.096639461
133 15.151870728 0.000001431 0 -0.003304678 0.047703317 -0.022700777
134 11.149963379 0.000000954 -0.000015259 -0.012381939 0.001317669 -0.052150386
135 5.893127441 15.939212799 -12.477539063 3.086267858 -0.124621844 0.145634248
136 15.606674194 0 0.000026703 0.018402441 0.040897268 -0.016287145
137 15.853744507 -0.000003815 -0.000011921 0.018655407 -0.0558891 0.065119512
138 15.151855469 0.000003815 0 -0.007444879 -0.024041767 -0.055941832
139 11.149963379 0.000003815 -0.000007629 -0.004864263 -0.008252819 -0.055834763
140 5.893135071 -17.075361252 -12.477552414 1.493881365 0.107096545 2.977036214
141 -15.606658936 0 0.000007629 0.010800399 0.015643685 0.012342091
142 -15.853729248 -0.000000954 -0.000011444 0.01444823 -0.09481354 0.111281825
143 -15.151832581 -0.000003815 -0.000007629 -0.007299289 -0.080420513 0.013942937
144 -11.149932861 -0.000003815 -0.000011444 -0.006937367 -0.002167455 -0.052306739
145 4.260475159 20.773918152 -3.218482971 0.005711278 0.140352388 -3.051775844
146 -15.606681824 0 0 -0.012064939 -0.053947297 0.031067231
147 -15.853736877 0.000003815 -0.000000119 0.000107769 -0.084922605 -0.069652714
148 -15.151855469 -0.000005722 0.000000238 0.001324453 -0.124620195 0.049478114
149 -11.149963379 0.000003815 0 0.000436615 -0.008188939 -0.085482105
150 7.528274536 -8.043749809 -1.232801437 0.004949575 -0.174442134 -0.028853775
151 54.911239624 0.649676323 0.176697254 1.570486209 0.07895275 0.030347038
152 61.183170319 -0.000000715 0.000000954 0.174162246 0.013649947 0.001451626
153 -0.364086866 -2.758008003 4.994803905 0 0 0.000244115
154 -0.364086866 -2.758006096 4.994803905 0 0 0.000244115
155 -0.364086866 -2.758006096 4.994803905 0 0 0.000244115
156 -0.364086866 -2.758006096 4.994803905 0 0 0.000244115
157 -0.364086866 -2.758006096 4.994803905 0 0 0.000244115
158 -0.364086866 -2.758006096 4.994803905 0 0 0.000244115
159 -0.364086866 -2.758006096 4.994803905 0 0 0.000244115
160 -0.364086866 -2.758006096 4.994803905 0 0 0.000244115
161 -0.364086866 -2.758006096 4.994803905 0 0 0.000244115
162 -0.498048782 -4.95163393 0.510848999 0 0 0.000244115
163 -0.364086866 -2.758006096 4.994803905 0 0 0.000244115
time 45
0 -0.364086866 -2.758006096 4.994803905 0 0 0.000244115
1 -0.355712891 -7.47265625 1.084960938 0 -1.570482873 -1.57071714
2 130.809036255 0 -0.000000477 0 0 0
3 6.662017822 -0.142129987 2.521339893 3.136239445 0.001288279 -0.002420327
4 24.360931396 0 0.000011921 0.036655217 0.236652922 -0.003901104
5 24.806396484 -0.00000599 0.765956879 0 -0.368320338 0
6 8.120269775 -0.000001997 0.000003815 0 0 0
7 8.120315552 -0.000000983 0.000001907 0 -0.880742373 0
8 8.120315552 -0.000000983 0.000001907 0 -1.357954675 0
9 5.115219116 7.517074585 -23.079299927 1.554386945 -0.231973505 -0.116633224
10 -13.525115967 0.000007629 -0.000003815 0.01770559 0.060316999 -0.182977878
11 -11.953063965 -0.000007629 0 0.024860205 -0.062368329 -0.101087821
12 -8.290374756 0 -0.000003815 0.072108346 -0.043748146 -0.156030536
13 -7.875 0.000032425 0.000003815 0.027405087 0.071592996 0.051087229
14 -8.78578186 0.000034332 0.000003815 0.167053464 -0.03246633 -0.025069388
15 -8.9037323 0.000001907 0 0.053211902 0.071284981 0.178473933
16 5.903457642 12.714836121 -17.693172455 1.413530499 -0.253807506 -0.157317443
17 -13.525161743 0 -0.000003815 -0.004016504 0.073748072 -0.174242092
18 -11.953033447 -0.000007629 0 0.05380544 -0.064891069 -0.111781115
19 -8.290390015 0 0 0.068775547 0.009738608 -0.006919973
20 -7.875 0.000030518 0.000003815 0.012461449 0.085612415 0.036736315
21 -8.785797119 0.000038147 0.000003815 0.128386948 0.08920471 0.009460999
22 -8.903717041 0 -0.000001907 -0.022867829 0.049975007 0.159085203
23 5.115219116 -7.603518486 -23.079322815 -1.654733489 0.269861981 -3.049810807
24 13.525115967 0.000007629 0 0.024948109 -0.030632125 -0.184879578
25 11.953033447 0 0 0.11728268 0.025438024 -0.083880615
26 8.290390015 -0.000003815 0.000001907 0.148643611 -0.009739191 -0.134641882
27 7.875 -0.000030518 0 0.086039067 0.10806288 0.06324046
28 8.785766602 -0.000030518 0.000000596 0.139391124 0.153670249 -0.027437657
29 8.9037323 -0.000003815 0.000001907 -0.021073502 0.229100859 0.143682002
30 5.903442383 -12.801283836 -17.693199158 -1.720017992 0.339944141 -2.959727652
31 13.525131226 0 0 -0.006760809 0.015305948 -0.191629176
32 11.953063965 0.000007629 0 0.116362718 0.041824924 -0.087967824
33 8.290390015 0.000007629 0 0.123717228 0.0593809 -0.000733541
34 7.875 -0.000030518 0 0.05304851 0.153328579 0.019924068
35 8.785766602 -0.000030518 0.000000954 0.145321604 0.273130812 0.016772657
36 8.903717041 0 0.000003815 -0.045812484 0.224396206 0.138060005
37 4.435455322 0.000127017 -25.179950714 3.089670841 0.422351627 3.101229288
38 14.171020508 0.000020742 1.280670166 -0.039154016 0.104585672 -0.050899512
39 10.9765625 0.00001812 0.352539063 0.014243139 0.125539658 0.033935627
40 8.120300293 -0.000003576 -0.000015259 0.00353091 0.064083583 0.042778848
41 8.120285034 -0.000001907 -0.000038147 -0.011583527 -0.014411401 0.061466933
42 8.120346069 0.000001907 -0.000022888 -0.00215048 0.263466528 0.081061991
43 8.120361328 0.000001907 0.000061035 -0.05604584 -0.14545547 0.067904155
44 7.146957397 16.179790497 -9.195613861 1.412416672 -0.187707895 -0.194653413
45 -13.525131226 0 0 -0.084302781 -0.103496405 -0.148121195
46 -11.953033447 -0.000013351 -0.000015259 0.070483526 -0.085269535 -0.154611621
47 -8.290390015 0.000001907 0 0.114502599 0.053912552 0.03258475
48 -7.875 0.000030518 0 0.047245861 0.15062407 0.104481242
49 -8.785797119 0.000041962 0 0.098549742 0.251130698 -0.061607012
50 -8.903686523 0.000001907 -0.000001907 -0.050991412 0.119907917 -0.063880425
51 7.147003174 -16.266246796 -9.19562149 -1.71575308 0.277852822 -2.923385962
52 13.525115967 0.000015259 0.000007629 -0.091783185 -0.051750081 -0.132826255
53 11.953018188 0.000011444 0 0.104612188 0.098230111 -0.103339743
54 8.290390015 0 0.000003815 0.144359019 0.125269787 0.0392461
55 7.875 -0.000034332 0 0.07163475 0.228615454 0.094236687
56 8.78578186 -0.000038147 0.000003219 0.114588878 0.432502393 -0.038009177
57 8.903717041 0 -0.000007629 -0.082353812 0.228110689 0.123960228
58 -5.36730957 8.366906166 8.703117371 1.791793537 -0.743096484 3.119262076
59 13.525115967 0.000015259 -0.000001907 -0.294796652 0.025796171 -0.029052018
60 -3.441879272 -10.792385101 9.377006531 1.716752102 -0.842992511 -3.032623095
61 13.525115967 -0.000007629 0.000003815 -0.419285923 0.133644167 -0.453423753
62 11.953048706 0.000015259 0.000003815 0.212846608 -0.100357483 -0.401907537
63 8.290359497 0.000002861 0 0.124136203 -0.063332786 0.069280453
64 7.875 -0.00002861 0.000001907 0.066429098 -0.036201577 -0.0204657
65 19.39491272 -14.052383423 -0.467086792 0.892838058 0.256318329 -2.799922125
66 26.240753174 0.000003815 0.000007629 -0.292527582 -0.03757221 0.015047364
67 31.971000671 0.000003815 0.000003815 -0.165512524 0.038320302 -0.059321828
68 4.627235413 -2.31129837 4.185634613 -0.024611287 -0.558422955 -0.444239217
69 2.980117798 -0.000004292 -0.000007629 -0.044814452 -0.161464923 0.279695347
70 1.982421875 0.000015259 0.000015259 0 0 0.079605056
71 10.844871521 -1.281562805 -1.331679344 0.003154845 -0.01855101 -1.502721343
72 3.98828125 0 0.000037193 0.024656551 0.116612118 -1.30426207
73 2.26953125 -0.000015259 -0.000010133 0.010246566 0.020303916 -1.235445909
74 10.908851624 -1.237388611 0.829589844 0.008182385 -0.019760774 -1.502678948
75 3.989425659 -0.000015259 0.000037193 0.003562594 0.093803498 -1.240572344
76 3.478279114 0 -0.000015974 0.01062322 -0.039586617 -1.338501469
77 10.291885376 -1.202156067 -3.344136238 0.018038834 -0.023865117 -1.537453755
78 2.757148743 0 0.000027657 -0.00454994 -0.095548155 -1.291608045
79 1.775390625 -0.000007629 -0.000009537 0.198076059 0.357239486 -1.30316968
80 10.971855164 -1.19392395 2.957341194 -0.012167132 -0.015944087 -1.622309173
81 3.82421875 -0.000007629 0.000035286 -0.000576872 0.002168828 -1.309510829
82 2.94140625 -0.000007629 -0.000013351 0.003967107 0.006944486 -1.466881704
83 -0.000015259 0.000007629 0 0.394139039 0.17972545 -0.642135381
84 19.39491272 13.160593033 -0.467075348 -2.367100984 -0.22681016 -0.334188532
85 -26.240753174 -0.000003815 -0.000003815 -0.13108631 0.045213017 0.120927623
86 -31.971000671 0.000015259 0 -0.640439261 0.213481567 -0.19331895
87 -11.614601135 3.933105469 0.069384575 -1.578444876 1.529198549 -2.544968004
88 -10.484527588 1.069198608 3.539872169 -3.131584703 0.028220486 2.411526648
89 2.757156372 0.000002265 0.000026703 -0.011712134 0.035128624 1.019560794
90 1.775390625 0.000007629 -0.000023842 -0.261071927 -0.262843666 1.059935836
91 -11.046470642 1.142402649 1.529694557 -3.130487012 0.018259081 2.114134707
92 3.98828125 0 0.000038147 0.004872241 -0.009924216 1.610032301
93 2.26953125 0.000007629 0.000000954 -0.076539319 -0.095407065 1.438172442
94 -11.192642212 1.041526794 -2.758434296 -3.116629264 0.004012045 2.226905852
95 3.82421875 0.000038147 0.000051498 0.00053161 0.002187187 1.610324685
96 8.785812378 -0.000034332 0.000000954 0.08229373 0.071373082 -0.580233542
97 2.94140625 0.000007629 -0.000011444 -0.004550553 0.006091757 1.767588569
98 -11.120124817 1.091545105 -0.631118774 -3.132136147 0.020772815 2.221577138
99 3.98941803 0.000001907 0.000052452 0.021444626 0.041947477 1.751021405
100 3.478290558 0.000022888 -0.00001049 -0.001306817 0.004312204 1.848998194
101 -4.853614807 2.155082703 -4.018517494 3.123057975 0.125574955 2.46129872
102 2.980110168 -0.00000906 0.000011921 0.038574713 -0.163808097 -0.240289671
103 1.982421875 -0.000009537 0.000034332 0 0 -0.040571652
104 0.000015259 -0.000007629 -0.000003815 -0.015389082 -0.045510504 -0.906035928
105 7.08984375 0 -0.000000477 3.141592654 -0.174494806 3.141592654
106 7.528259277 8.168075562 -1.23279953 -3.136643079 0.174442134 -3.112738881
107 -54.911224365 -0.64967823 -0.176695824 1.570486209 0.07895275 0.030347038
108 -61.183189392 0.000000954 0 0.173988939 0.013650073 0.001450443
109 8.588684082 0 1.514415741 0 0 0
110 4.260505676 -21.349506378 -3.218473434 0.017291071 -0.149342903 -0.094380443
111 15.606674194 0 -0.000012398 -0.001034159 0.051787322 -0.056590761
112 15.853752136 0 -0.00000608 -0.007579695 0.085445869 -0.114428894
113 15.151855469 0.000003815 0.000000715 -0.001728397 0.13197651 -0.026152975
114 11.14995575 0 -0.000006676 -0.009890553 0.005300379 -0.081101116
115 1.725082397 -0.142127991 11.160655975 -1.555969842 -0.222132921 -0.029352711
116 15.606681824 -0.000001907 0 0.006610417 0.025997267 0.050159375
117 15.853729248 0.000003815 0.000000119 0.00276599 0.043593247 0.000146636
118 15.151863098 -0.000001907 0.000000238 0.001421395 0.068460068 0.003676105
119 11.149963379 0 0 -0.000607553 0.001206761 -0.005524647
120 6.678688049 -0.142132998 -16.932613373 1.568568854 0.064879724 3.129734307
121 -15.606689453 0.000003815 0 -0.006120214 -0.025154141 0.047214234
122 -15.853752136 0.000007629 0.00000608 -0.002620842 -0.042199916 0.009638645
123 -15.151855469 -0.000003815 -0.000000238 -0.001726251 -0.066283717 0.033827242
124 -11.14994812 -0.000007629 0.000006676 0.000348842 -0.001293793 -0.005524506
125 2.507644653 15.93921566 6.722552299 -1.597465484 0.185964088 -2.967967142
126 -15.606697083 0 0 -0.002146671 0.025161615 -0.047077724
127 -15.853752136 -0.000000954 0.000013351 0.015475791 -0.082691361 0.028993703
128 -15.151855469 -0.000001907 0.000007629 0.000264195 -0.067403233 -0.094960573
129 -11.149963379 -0.000003815 -0.000003815 -0.009516771 0.005731033 -0.066072603
130 2.507621765 -17.075353622 6.722564697 -1.592902327 -0.170043113 -0.162478011
131 15.606674194 0 0.000003815 0.008248284 0.069012603 0.013758381
132 15.853736877 -0.000001907 0.000003815 0.019271007 -0.008659166 0.100264314
133 15.151870728 0.000001431 0 -0.003203272 0.050474721 -0.017436293
134 11.149963379 0.000000954 -0.000015259 -0.011767705 0.000888276 -0.054478775
135 5.893127441 15.939212799 -12.477539063 3.083591892 -0.125289972 0.146002628
136 15.606674194 0 0.000026703 0.019871208 0.041081007 -0.016169084
137 15.853744507 -0.000003815 -0.000011921 0.019603492 -0.05583541 0.065266594
138 15.151855469 0.000003815 0 -0.006918194 -0.024457831 -0.055687743
139 11.149963379 0.000003815 -0.000007629 -0.005444939 -0.005939503 -0.056529289
140 5.893135071 -17.075361252 -12.477552414 1.494209267 0.112683461 2.981724934
141 -15.606658936 0 0.000007629 0.010796213 0.017379347 0.010625061
142 -15.853729248 -0.000000954 -0.000011444 0.014496647 -0.09437839 0.110762262
143 -15.151832581 -0.000003815 -0.000007629 -0.007103721 -0.083262732 0.017056182
144 -11.149932861 -0.000003815 -0.000011444 -0.007469117 -0.001585376 -0.054553428
145 4.260475159 20.773918152 -3.218482971 0.007478106 0.149802874 -3.051238554
146 -15.606681824 0 0 -0.012616801 -0.05074409 0.030974306
147 -15.853736877 0.000003815 -0.000000119 -0.000434099 -0.084077276 -0.069801526
148 -15.151855469 -0.000005722 0.000000238 0.000603727 -0.130052448 0.049183906
149 -11.149963379 0.000003815 0 0.000248258 -0.005864294 -0.084616745
150 7.528274536 -8.043749809 -1.232801437 0.004949575 -0.174442134 -0.028853775
151 54.911239624 0.649676323 0.176697254 1.570486209 0.07895275 0.030347038
152 61.183170319 -0.000000715 0.000000954 0.174162246 0.013649947 0.001451626
153 -0.364086866 -2.758008003 4.994803905 0 0 0.000244115
154 -0.364086866 -2.758006096 4.994803905 0 0 0.000244115
155 -0.364086866 -2.758006096 4.994803905 0 0 0.000244115
156 -0.364086866 -2.758006096 4.994803905 0 0 0.000244115
157 -0.364086866 -2.758006096 4.994803905 0 0 0.000244115
158 -0.364086866 -2.758006096 4.994803905 0 0 0.000244115
159 -0.364086866 -2.758006096 4.994803905 0 0 0.000244115
160 -0.364086866 -2.758006096 4.994803905 0 0 0.000244115
161 -0.364086866 -2.758006096 4.994803905 0 0 0.000244115
162 -0.498048782 -4.95163393 0.510848999 0 0 0.000244115
163 -0.364086866 -2.758006096 4.994803905 0 0 0.000244115
time 46
0 -0.364086866 -2.758006096 4.994803905 0 0 0.000244115
1 -0.355712891 -7.47265625 1.084960938 0 -1.570482873 -1.57071714
2 130.809036255 0 -0.000000477 0 0 0
3 6.662017822 -0.142129987 2.521339893 3.138052996 0.000860416 -0.001555226
4 24.360931396 0 0.000011921 0.030635082 0.23208896 -0.002599356
5 24.806396484 -0.00000599 0.765956879 0 -0.368320338 0
6 8.120269775 -0.000001997 0.000003815 0 0 0
7 8.120315552 -0.000000983 0.000001907 0 -0.880742373 0
8 8.120315552 -0.000000983 0.000001907 0 -1.357954675 0
9 5.115219116 7.517074585 -23.079299927 1.557991503 -0.230600189 -0.121975682
10 -13.525115967 0.000007629 -0.000003815 0.017525677 0.062849623 -0.178458757
11 -11.953063965 -0.000007629 0 0.024665378 -0.061681805 -0.101504442
12 -8.290374756 0 -0.000003815 0.07292611 -0.049008639 -0.167520288
13 -7.875 0.000032425 0.000003815 0.026975561 0.070649161 0.044577938
14 -8.78578186 0.000034332 0.000003815 0.166552471 -0.022908679 -0.016118466
15 -8.9037323 0.000001907 0 0.046955566 0.063033731 0.143354768
16 5.903457642 12.714836121 -17.693172455 1.416985605 -0.251457504 -0.161549964
17 -13.525161743 0 -0.000003815 -0.004033331 0.075387136 -0.168616114
18 -11.953033447 -0.000007629 0 0.053631177 -0.064721382 -0.112029909
19 -8.290390015 0 0 0.068750379 0.005977477 -0.020609554
20 -7.875 0.000030518 0.000003815 0.011879057 0.084288292 0.027629779
21 -8.785797119 0.000038147 0.000003815 0.12836412 0.096453362 0.02205096
22 -8.903717041 0 -0.000001907 -0.023095702 0.047782917 0.123003032
23 5.115219116 -7.603518486 -23.079322815 -1.658686654 0.271880926 -3.055478783
24 13.525115967 0.000007629 0 0.024521587 -0.031222781 -0.182019666
25 11.953033447 0 0 0.117165271 0.025646987 -0.0860335
26 8.290390015 -0.000003815 0.000001907 0.148604684 -0.008987191 -0.144823695
27 7.875 -0.000030518 0 0.085592316 0.103099294 0.057975291
28 8.785766602 -0.000030518 0.000000596 0.13967622 0.146179863 -0.018387453
29 8.9037323 -0.000003815 0.000001907 -0.020756908 0.211732134 0.11218182
30 5.903442383 -12.801283836 -17.693199158 -1.723917899 0.343019967 -2.964555725
31 13.525131226 0 0 -0.007321058 0.015953634 -0.188948439
32 11.953063965 0.000007629 0 0.116187025 0.042751719 -0.090601778
33 8.290390015 0.000007629 0 0.1235125 0.059299703 -0.010607985
34 7.875 -0.000030518 0 0.052576843 0.146601677 0.012259899
35 8.785766602 -0.000030518 0.000000954 0.145236562 0.26538644 0.023697472
36 8.903717041 0 0.000003815 -0.038081675 0.212421529 0.10669349
37 4.435455322 0.000127017 -25.179950714 3.086066187 0.422294089 3.097188665
38 14.171020508 0.000020742 1.280670166 -0.039104532 0.104285331 -0.048469318
39 10.9765625 0.00001812 0.352539063 0.014537923 0.125617947 0.034473854
40 8.120300293 -0.000003576 -0.000015259 0.003636708 0.064602382 0.040364886
41 8.120285034 -0.000001907 -0.000038147 -0.011432044 -0.013230397 0.057227267
42 8.120346069 0.000001907 -0.000022888 -0.003494221 0.267071165 0.077759364
43 8.120361328 0.000001907 0.000061035 -0.050656491 -0.109768932 0.068602671
44 7.146957397 16.179790497 -9.195613861 1.415371972 -0.184758958 -0.196966586
45 -13.525131226 0 0 -0.084582547 -0.103272654 -0.140915981
46 -11.953033447 -0.000013351 -0.000015259 0.069829809 -0.085292694 -0.15544982
47 -8.290390015 0.000001907 0 0.113242435 0.052375439 0.015682755
48 -7.875 0.000030518 0 0.045793536 0.148542605 0.094779491
49 -8.785797119 0.000041962 0 0.098503156 0.256229095 -0.04595022
50 -8.903686523 0.000001907 -0.000001907 -0.049511863 0.117682336 -0.099653988
51 7.147003174 -16.266246796 -9.19562149 -1.718950366 0.281826663 -2.926282874
52 13.525115967 0.000015259 0.000007629 -0.092976517 -0.050847364 -0.128594637
53 11.953018188 0.000011444 0 0.103948746 0.101327648 -0.106771119
54 8.290390015 0 0.000003815 0.14358917 0.126516275 0.025499695
55 7.875 -0.000034332 0 0.070152776 0.22078843 0.084616117
56 8.78578186 -0.000038147 0.000003219 0.114322578 0.424160525 -0.027539884
57 8.903717041 0 -0.000007629 -0.064631548 0.219482149 0.097619198
58 -5.36730957 8.366906166 8.703117371 1.78598758 -0.744827026 3.123708276
59 13.525115967 0.000015259 -0.000001907 -0.294796652 0.025796171 -0.029052018
60 -3.441879272 -10.792385101 9.377006531 1.709651232 -0.840177008 -3.026848734
61 13.525115967 -0.000007629 0.000003815 -0.4204552 0.133430668 -0.454596218
62 11.953048706 0.000015259 0.000003815 0.213134885 -0.103597534 -0.399029964
63 8.290359497 0.000002861 0 0.124512537 -0.067760941 0.074713674
64 7.875 -0.00002861 0.000001907 0.066890964 -0.037091195 -0.016962434
65 19.39491272 -14.052383423 -0.467086792 0.882001992 0.254618637 -2.801755155
66 26.240753174 0.000003815 0.000007629 -0.293795998 -0.039946645 0.011933308
67 31.971000671 0.000003815 0.000003815 -0.170651508 0.032584282 -0.070035189
68 4.627235413 -2.31129837 4.185634613 -0.024611287 -0.558422955 -0.444239217
69 2.980117798 -0.000004292 -0.000007629 -0.044814452 -0.161464923 0.279695347
70 1.982421875 0.000015259 0.000015259 0 0 0.079605056
71 10.844871521 -1.281562805 -1.331679344 0.003154845 -0.01855101 -1.502721343
72 3.98828125 0 0.000037193 0.024656551 0.116612118 -1.30426207
73 2.26953125 -0.000015259 -0.000010133 0.010246566 0.020303916 -1.235445909
74 10.908851624 -1.237388611 0.829589844 0.008182385 -0.019760774 -1.502678948
75 3.989425659 -0.000015259 0.000037193 0.003562594 0.093803498 -1.240572344
76 3.478279114 0 -0.000015974 0.01062322 -0.039586617 -1.338501469
77 10.291885376 -1.202156067 -3.344136238 0.018038834 -0.023865117 -1.537453755
78 2.757148743 0 0.000027657 -0.00454994 -0.095548155 -1.291608045
79 1.775390625 -0.000007629 -0.000009537 0.198076059 0.357239486 -1.30316968
80 10.971855164 -1.19392395 2.957341194 -0.012167132 -0.015944087 -1.622309173
81 3.82421875 -0.000007629 0.000035286 -0.000576872 0.002168828 -1.309510829
82 2.94140625 -0.000007629 -0.000013351 0.003967107 0.006944486 -1.466881704
83 -0.000015259 0.000007629 0 0.395812088 0.172651011 -0.637788947
84 19.39491272 13.160593033 -0.467075348 -2.381140006 -0.224499426 -0.332767733
85 -26.240753174 -0.000003815 -0.000003815 -0.13714301 0.044014066 0.120722599
86 -31.971000671 0.000015259 0 -0.640439261 0.213481567 -0.19331895
87 -11.614601135 3.933105469 0.069384575 -1.578444876 1.529198549 -2.544968004
88 -10.484527588 1.069198608 3.539872169 -3.131584703 0.028220486 2.411526648
89 2.757156372 0.000002265 0.000026703 -0.011712134 0.035128624 1.019560794
90 1.775390625 0.000007629 -0.000023842 -0.261071927 -0.262843666 1.059935836
91 -11.046470642 1.142402649 1.529694557 -3.130487012 0.018259081 2.114134707
92 3.98828125 0 0.000038147 0.004872241 -0.009924216 1.610032301
93 2.26953125 0.000007629 0.000000954 -0.076539319 -0.095407065 1.438172442
94 -11.192642212 1.041526794 -2.758434296 -3.116629264 0.004012045 2.226905852
95 3.82421875 0.000038147 0.000051498 0.00053161 0.002187187 1.610324685
96 8.785812378 -0.000034332 0.000000954 0.08229373 0.071373082 -0.580233542
97 2.94140625 0.000007629 -0.000011444 -0.004550553 0.006091757 1.767588569
98 -11.120124817 1.091545105 -0.631118774 -3.132136147 0.020772815 2.221577138
99 3.98941803 0.000001907 0.000052452 0.021444626 0.041947477 1.751021405
100 3.478290558 0.000022888 -0.00001049 -0.001306817 0.004312204 1.848998194
101 -4.853614807 2.155082703 -4.018517494 3.123057975 0.125574955 2.46129872
102 2.980110168 -0.00000906 0.000011921 0.038574713 -0.163808097 -0.240289671
103 1.982421875 -0.000009537 0.000034332 0 0 -0.040571652
104 0.000015259 -0.000007629 -0.000003815 -0.016184396 -0.040977325 -0.910045121
105 7.08984375 0 -0.000000477 3.141592654 -0.174494806 3.141592654
106 7.528259277 8.168075562 -1.23279953 -3.136643079 0.174442134 -3.112738881
107 -54.911224365 -0.64967823 -0.176695824 1.570486209 0.07895275 0.030347038
108 -61.183189392 0.000000954 0 0.173988939 0.013650073 0.001450443
109 8.588684082 0 1.514415741 0 0 0
110 4.260505676 -21.349506378 -3.218473434 0.016978161 -0.157592383 -0.094196852
111 15.606674194 0 -0.000012398 -0.000999282 0.047728481 -0.056325837
112 15.853752136 0 -0.00000608 -0.008139047 0.083250782 -0.114265636
113 15.151855469 0.000003815 0.000000715 -0.002644702 0.135511805 -0.026221321
114 11.14995575 0 -0.000006676 -0.008087839 0.003474712 -0.08065652
115 1.725082397 -0.142127991 11.160655975 -1.558533963 -0.2306751 -0.023233871
116 15.606681824 -0.000001907 0 0.006415627 0.023922481 0.052653729
117 15.853729248 0.000003815 0.000000119 0.003013801 0.042465589 0.003690131
118 15.151863098 -0.000001907 0.000000238 0.001703205 0.070355643 0.009128848
119 11.149963379 0 0 -0.000348181 0.000775548 -0.007509712
120 6.678688049 -0.142132998 -16.932613373 1.569302759 0.069405627 3.133784649
121 -15.606689453 0.000003815 0 -0.005875551 -0.023179701 0.045046125
122 -15.853752136 0.000007629 0.00000608 -0.00276327 -0.041078413 0.008431284
123 -15.151855469 -0.000003815 -0.000000238 -0.001826238 -0.068008923 0.035906229
124 -11.14994812 -0.000007629 0.000006676 0.000262189 -0.000862189 -0.00750969
125 2.507644653 15.93921566 6.722552299 -1.596461364 0.192358878 -2.972766796
126 -15.606697083 0 0 -0.003171653 0.026861179 -0.049684365
127 -15.853752136 -0.000000954 0.000013351 0.014516264 -0.081698068 0.02532473
128 -15.151855469 -0.000001907 0.000007629 -0.000012227 -0.068635879 -0.10031443
129 -11.149963379 -0.000003815 -0.000003815 -0.009305317 0.00471075 -0.064080763
130 2.507621765 -17.075353622 6.722564697 -1.593400244 -0.178490441 -0.15834256
131 15.606674194 0 0.000003815 0.007977313 0.066931623 0.01641765
132 15.853736877 -0.000001907 0.000003815 0.019282876 -0.009820013 0.10397004
133 15.151870728 0.000001431 0 -0.003074629 0.052296596 -0.01190993
134 11.149963379 0.000000954 -0.000015259 -0.011154846 0.000548522 -0.056462589
135 5.893127441 15.939212799 -12.477539063 3.08074878 -0.125858485 0.146380533
136 15.606674194 0 0.000026703 0.021339364 0.041350921 -0.016049866
137 15.853744507 -0.000003815 -0.000011921 0.020554366 -0.055695568 0.065414458
138 15.151855469 0.000003815 0 -0.006393996 -0.024787741 -0.055434089
139 11.149963379 0.000003815 -0.000007629 -0.00601735 -0.003971726 -0.057224239
140 5.893135071 -17.075361252 -12.477552414 1.494378469 0.117495685 2.985701718
141 -15.606658936 0 0.000007629 0.010785968 0.019549412 0.008392379
142 -15.853729248 -0.000000954 -0.000011444 0.014619682 -0.093161638 0.109550586
143 -15.151832581 -0.000003815 -0.000007629 -0.006862017 -0.085072788 0.019126539
144 -11.149932861 -0.000003815 -0.000011444 -0.007999874 -0.001089741 -0.056541102
145 4.260475159 20.773918152 -3.218482971 0.009195154 0.157871515 -3.050610748
146 -15.606681824 0 0 -0.013156657 -0.046764112 0.030874022
147 -15.853736877 0.000003815 -0.000000119 -0.000938016 -0.081847624 -0.069951032
148 -15.151855469 -0.000005722 0.000000238 -0.000242716 -0.133578944 0.048899039
149 -11.149963379 0.000003815 0 0.000158996 -0.003794608 -0.083752167
150 7.528274536 -8.043749809 -1.232801437 0.004949575 -0.174442134 -0.028853775
151 54.911239624 0.649676323 0.176697254 1.570486209 0.07895275 0.030347038
152 61.183170319 -0.000000715 0.000000954 0.174162246 0.013649947 0.001451626
153 -0.364086866 -2.758008003 4.994803905 0 0 0.000244115
154 -0.364086866 -2.758006096 4.994803905 0 0 0.000244115
155 -0.364086866 -2.758006096 4.994803905 0 0 0.000244115
156 -0.364086866 -2.758006096 4.994803905 0 0 0.000244115
157 -0.364086866 -2.758006096 4.994803905 0 0 0.000244115
158 -0.364086866 -2.758006096 4.994803905 0 0 0.000244115
159 -0.364086866 -2.758006096 4.994803905 0 0 0.000244115
160 -0.364086866 -2.758006096 4.994803905 0 0 0.000244115
161 -0.364086866 -2.758006096 4.994803905 0 0 0.000244115
162 -0.498048782 -4.95163393 0.510848999 0 0 0.000244115
163 -0.364086866 -2.758006096 4.994803905 0 0 0.000244115
time 47
0 -0.364086866 -2.758006096 4.994803905 0 0 0.000244115
1 -0.355712891 -7.47265625 1.084960938 0 -1.570482873 -1.57071714
2 130.809036255 0 -0.000000477 0 0 0
3 6.662017822 -0.142129987 2.521339893 3.139520844 0.000430601 -0.000949932
4 24.360931396 0 0.000011921 0.024069044 0.228319978 -0.00149769
5 24.806396484 -0.00000599 0.765956879 0 -0.368320338 0
6 8.120269775 -0.000001997 0.000003815 0 0 0
7 8.120315552 -0.000000983 0.000001907 0 -0.880742373 0
8 8.120315552 -0.000000983 0.000001907 0 -1.357954675 0
9 5.115219116 7.517074585 -23.079299927 1.562388121 -0.228249848 -0.128570997
10 -13.525115967 0.000007629 -0.000003815 0.017530611 0.065482209 -0.173674364
11 -11.953063965 -0.000007629 0 0.024372511 -0.059978472 -0.100434189
12 -8.290374756 0 -0.000003815 0.073728189 -0.053595951 -0.178388451
13 -7.875 0.000032425 0.000003815 0.026591951 0.068849719 0.037195566
14 -8.78578186 0.000034332 0.000003815 0.166162931 -0.014494957 -0.009002691
15 -8.9037323 0.000001907 0 0.041370507 0.055788304 0.112454963
16 5.903457642 12.714836121 -17.693172455 1.421239684 -0.24782639 -0.167004191
17 -13.525161743 0 -0.000003815 -0.003930637 0.076862271 -0.162725828
18 -11.953033447 -0.000007629 0 0.053269693 -0.063917767 -0.110350914
19 -8.290390015 0 0 0.068686718 0.002688302 -0.032987974
20 -7.875 0.000030518 0.000003815 0.011243385 0.082450691 0.017051157
21 -8.785797119 0.000038147 0.000003815 0.128290456 0.103005084 0.03208591
22 -8.903717041 0 -0.000001907 -0.023403633 0.045834428 0.09128092
23 5.115219116 -7.603518486 -23.079322815 -1.663312135 0.273615932 -3.062100386
24 13.525115967 0.000007629 0 0.023985042 -0.031653248 -0.17872246
25 11.953033447 0 0 0.117088914 0.025111367 -0.087277164
26 8.290390015 -0.000003815 0.000001907 0.148580795 -0.008518713 -0.15468334
27 7.875 -0.000030518 0 0.085245272 0.09894241 0.051976195
28 8.785766602 -0.000030518 0.000000596 0.139876592 0.138801594 -0.01090459
29 8.9037323 -0.000003815 0.000001907 -0.020501146 0.19643713 0.084399089
30 5.903442383 -12.801283836 -17.693199158 -1.728427816 0.346139936 -2.970065274
31 13.525131226 0 0 -0.007969961 0.016682493 -0.185836095
32 11.953063965 0.000007629 0 0.115950935 0.043370727 -0.0924756
33 8.290390015 0.000007629 0 0.123240261 0.059185173 -0.019967432
34 7.875 -0.000030518 0 0.052114816 0.140671741 0.003932118
35 8.785766602 -0.000030518 0.000000954 0.145075543 0.25749427 0.029111445
36 8.903717041 0 0.000003815 -0.031244039 0.201747622 0.079030025
37 4.435455322 0.000127017 -25.179950714 3.081823709 0.422289952 3.092655418
38 14.171020508 0.000020742 1.280670166 -0.039202297 0.103816733 -0.04561113
39 10.9765625 0.00001812 0.352539063 0.014954557 0.125517138 0.03562377
40 8.120300293 -0.000003576 -0.000015259 0.003749192 0.064948194 0.03829631
41 8.120285034 -0.000001907 -0.000038147 -0.011295478 -0.012481724 0.052731667
42 8.120346069 0.000001907 -0.000022888 -0.004657293 0.270570398 0.073341816
43 8.120361328 0.000001907 0.000061035 -0.045934216 -0.078342735 0.069209792
44 7.146957397 16.179790497 -9.195613861 1.418935668 -0.180010259 -0.199998796
45 -13.525131226 0 0 -0.084348431 -0.103253897 -0.133296291
46 -11.953033447 -0.000013351 -0.000015259 0.069234583 -0.085303895 -0.153776008
47 -8.290390015 0.000001907 0 0.112050994 0.0512658 0.000108471
48 -7.875 0.000030518 0 0.044291769 0.146232021 0.083082679
49 -8.785797119 0.000041962 0 0.098277466 0.260783736 -0.033039027
50 -8.903686523 0.000001907 -0.000001907 -0.048251435 0.115701708 -0.131229168
51 7.147003174 -16.266246796 -9.19562149 -1.722556439 0.28575597 -2.929432686
52 13.525115967 0.000015259 0.000007629 -0.094269138 -0.049990594 -0.123494228
53 11.953018188 0.000011444 0 0.103346498 0.104106754 -0.109091129
54 8.290390015 0 0.000003815 0.142841712 0.128072275 0.012210116
55 7.875 -0.000034332 0 0.068825278 0.213598261 0.073843267
56 8.78578186 -0.000038147 0.000003219 0.113864194 0.415436521 -0.019272157
57 8.903717041 0 -0.000007629 -0.048895429 0.211905799 0.074442333
58 -5.36730957 8.366906166 8.703117371 1.779049528 -0.746934805 3.129162466
59 13.525115967 0.000015259 -0.000001907 -0.294796652 0.025796171 -0.029052018
60 -3.441879272 -10.792385101 9.377006531 1.701690517 -0.837067453 -3.02030727
61 13.525115967 -0.000007629 0.000003815 -0.421633678 0.133388953 -0.456261951
62 11.953048706 0.000015259 0.000003815 0.213325338 -0.106743512 -0.396402077
63 8.290359497 0.000002861 0 0.124860269 -0.072525739 0.079954354
64 7.875 -0.00002861 0.000001907 0.067429896 -0.038430833 -0.012957953
65 19.39491272 -14.052383423 -0.467086792 0.869118583 0.247730205 -2.803770182
66 26.240753174 0.000003815 0.000007629 -0.294883808 -0.042509415 0.008758341
67 31.971000671 0.000003815 0.000003815 -0.176179175 0.027803635 -0.07890936
68 4.627235413 -2.31129837 4.185634613 -0.024611287 -0.558422955 -0.444239217
69 2.980117798 -0.000004292 -0.000007629 -0.044814452 -0.161464923 0.279695347
70 1.982421875 0.000015259 0.000015259 0 0 0.079605056
71 10.844871521 -1.281562805 -1.331679344 0.003154845 -0.01855101 -1.502721343
72 3.98828125 0 0.000037193 0.024656551 0.116612118 -1.30426207
73 2.26953125 -0.000015259 -0.000010133 0.010246566 0.020303916 -1.235445909
74 10.908851624 -1.237388611 0.829589844 0.008182385 -0.019760774 -1.502678948
75 3.989425659 -0.000015259 0.000037193 0.003562594 0.093803498 -1.240572344
76 3.478279114 0 -0.000015974 0.01062322 -0.039586617 -1.338501469
77 10.291885376 -1.202156067 -3.344136238 0.018038834 -0.023865117 -1.537453755
78 2.757148743 0 0.000027657 -0.00454994 -0.095548155 -1.291608045
79 1.775390625 -0.000007629 -0.000009537 0.198076059 0.357239486 -1.30316968
80 10.971855164 -1.19392395 2.957341194 -0.012167132 -0.015944087 -1.622309173
81 3.82421875 -0.000007629 0.000035286 -0.000576872 0.002168828 -1.309510829
82 2.94140625 -0.000007629 -0.000013351 0.003967107 0.006944486 -1.466881704
83 -0.000015259 0.000007629 0 0.397137879 0.166851562 -0.634281513
84 19.39491272 13.160593033 -0.467075348 -2.394989518 -0.222647162 -0.331618966
85 -26.240753174 -0.000003815 -0.000003815 -0.142163033 0.042751827 0.120548094
86 -31.971000671 0.000015259 0 -0.640439261 0.213481567 -0.19331895
87 -11.614601135 3.933105469 0.069384575 -1.578444876 1.529198549 -2.544968004
88 -10.484527588 1.069198608 3.539872169 -3.131584703 0.028220486 2.411526648
89 2.757156372 0.000002265 0.000026703 -0.011712134 0.035128624 1.019560794
90 1.775390625 0.000007629 -0.000023842 -0.261071927 -0.262843666 1.059935836
91 -11.046470642 1.142402649 1.529694557 -3.130487012 0.018259081 2.114134707
92 3.98828125 0 0.000038147 0.004872241 -0.009924216 1.610032301
93 2.26953125 0.000007629 0.000000954 -0.076539319 -0.095407065 1.438172442
94 -11.192642212 1.041526794 -2.758434296 -3.116629264 0.004012045 2.226905852
95 3.82421875 0.000038147 0.000051498 0.00053161 0.002187187 1.610324685
96 8.785812378 -0.000034332 0.000000954 0.08229373 0.071373082 -0.580233542
97 2.94140625 0.000007629 -0.000011444 -0.004550553 0.006091757 1.767588569
98 -11.120124817 1.091545105 -0.631118774 -3.132136147 0.020772815 2.221577138
99 3.98941803 0.000001907 0.000052452 0.021444626 0.041947477 1.751021405
100 3.478290558 0.000022888 -0.00001049 -0.001306817 0.004312204 1.848998194
101 -4.853614807 2.155082703 -4.018517494 3.123057975 0.125574955 2.46129872
102 2.980110168 -0.00000906 0.000011921 0.038574713 -0.163808097 -0.240289671
103 1.982421875 -0.000009537 0.000034332 0 0 -0.040571652
104 0.000015259 -0.000007629 -0.000003815 -0.016899906 -0.037253712 -0.913394809
105 7.08984375 0 -0.000000477 3.141592654 -0.174494806 3.141592654
106 7.528259277 8.168075562 -1.23279953 -3.136643079 0.174442134 -3.112738881
107 -54.911224365 -0.64967823 -0.176695824 1.570486209 0.07895275 0.030347038
108 -61.183189392 0.000000954 0 0.173988939 0.013650073 0.001450443
109 8.588684082 0 1.514415741 0 0 0
110 4.260505676 -21.349506378 -3.218473434 0.016685842 -0.16436898 -0.094082551
111 15.606674194 0 -0.000012398 -0.001029451 0.042804361 -0.056148145
112 15.853752136 0 -0.00000608 -0.008619126 0.079675992 -0.114088949
113 15.151855469 0.000003815 0.000000715 -0.003528844 0.137057772 -0.026198924
114 11.14995575 0 -0.000006676 -0.006299812 0.001993245 -0.080216469
115 1.725082397 -0.142127991 11.160655975 -1.561267832 -0.239823379 -0.017193856
116 15.606681824 -0.000001907 0 0.006115074 0.021332908 0.055145663
117 15.853729248 0.000003815 0.000000119 0.003258249 0.040559924 0.007404539
118 15.151863098 -0.000001907 0.000000238 0.002079774 0.071126628 0.014757256
119 11.149963379 0 0 -0.000174606 0.00043079 -0.009149642
120 6.678688049 -0.142132998 -16.932613373 1.569774133 0.073134279 3.137035626
121 -15.606689453 0.000003815 0 -0.005534223 -0.020776575 0.042358303
122 -15.853752136 0.000007629 0.00000608 -0.002890944 -0.039267455 0.006531792
123 -15.151855469 -0.000003815 -0.000000238 -0.001956485 -0.068783707 0.036775714
124 -11.14994812 -0.000007629 0.000006676 0.000088685 -0.000517501 -0.009149627
125 2.507644653 15.93921566 6.722552299 -1.595553031 0.198829701 -2.977508329
126 -15.606697083 0 0 -0.004209152 0.028816835 -0.052380108
127 -15.853752136 -0.000000954 0.000013351 0.013562042 -0.080189774 0.021571757
128 -15.151855469 -0.000001907 0.000007629 -0.00031718 -0.069094301 -0.105839586
129 -11.149963379 -0.000003815 -0.000003815 -0.009180125 0.003599519 -0.062434422
130 2.507621765 -17.075353622 6.722564697 -1.593881449 -0.18750623 -0.15512486
131 15.606674194 0 0.000003815 0.00778671 0.064504989 0.019164853
132 15.853736877 -0.000001907 0.000003815 0.019166722 -0.011666627 0.107756868
133 15.151870728 0.000001431 0 -0.002927665 0.052995909 -0.006208262
134 11.149963379 0.000000954 -0.000015259 -0.010541284 0.000212262 -0.058014911
135 5.893127441 15.939212799 -12.477539063 3.077651954 -0.126320961 0.146773187
136 15.606674194 0 0.000026703 0.022893303 0.041707699 -0.015927502
137 15.853744507 -0.000003815 -0.000011921 0.021680788 -0.05547525 0.065558469
138 15.151855469 0.000003815 0 -0.005704399 -0.024854149 -0.055183343
139 11.149963379 0.000003815 -0.000007629 -0.006667415 -0.002351979 -0.057919154
140 5.893135071 -17.075361252 -12.477552414 1.494727797 0.121437825 2.988991274
141 -15.606658936 0 0.000007629 0.010680215 0.022154125 0.005643013
142 -15.853729248 -0.000000954 -0.000011444 0.014722905 -0.091330463 0.107564287
143 -15.151832581 -0.000003815 -0.000007629 -0.00656068 -0.085850781 0.019980578
144 -11.149932861 -0.000003815 -0.000011444 -0.008356681 -0.000674589 -0.058097028
145 4.260475159 20.773918152 -3.218482971 0.01102851 0.164549512 -3.049970385
146 -15.606681824 0 0 -0.013596964 -0.04192249 0.030763445
147 -15.853736877 0.000003815 -0.000000119 -0.001484614 -0.078409528 -0.070099271
148 -15.151855469 -0.000005722 0.000000238 -0.001039603 -0.135116838 0.048609522
149 -11.149963379 0.000003815 0 0.000092887 -0.002242315 -0.082801572
150 7.528274536 -8.043749809 -1.232801437 0.004949575 -0.174442134 -0.028853775
151 54.911239624 0.649676323 0.176697254 1.570486209 0.07895275 0.030347038
152 61.183170319 -0.000000715 0.000000954 0.174162246 0.013649947 0.001451626
153 -0.364086866 -2.758008003 4.994803905 0 0 0.000244115
154 -0.364086866 -2.758006096 4.994803905 0 0 0.000244115
155 -0.364086866 -2.758006096 4.994803905 0 0 0.000244115
156 -0.364086866 -2.758006096 4.994803905 0 0 0.000244115
157 -0.364086866 -2.758006096 4.994803905 0 0 0.000244115
158 -0.364086866 -2.758006096 4.994803905 0 0 0.000244115
159 -0.364086866 -2.758006096 4.994803905 0 0 0.000244115
160 -0.364086866 -2.758006096 4.994803905 0 0 0.000244115
161 -0.364086866 -2.758006096 4.994803905 0 0 0.000244115
162 -0.498048782 -4.95163393 0.510848999 0 0 0.000244115
163 -0.364086866 -2.758006096 4.994803905 0 0 0.000244115
time 48
0 -0.364086866 -2.758006096 4.994803905 0 0 0.000244115
1 -0.355712891 -7.47265625 1.084960938 0 -1.570482873 -1.57071714
2 130.809036255 0 -0.000000477 0 0 0
3 6.662017822 -0.142129987 2.521339893 3.140643131 0.000172429 -0.000431666
4 24.360931396 0 0.000011921 0.016772644 0.225519176 -0.000706768
5 24.806396484 -0.00000599 0.765956879 0 -0.368320338 0
6 8.120269775 -0.000001997 0.000003815 0 0 0
7 8.120315552 -0.000000983 0.000001907 0 -0.880742373 0
8 8.120315552 -0.000000983 0.000001907 0 -1.357954675 0
9 5.115219116 7.517074585 -23.079299927 1.567678562 -0.224716725 -0.136481495
10 -13.525115967 0.000007629 -0.000003815 0.017751171 0.067869346 -0.168625064
11 -11.953063965 -0.000007629 0 0.023984676 -0.057258701 -0.097791803
12 -8.290374756 0 -0.000003815 0.074401846 -0.057436816 -0.188539656
13 -7.875 0.000032425 0.000003815 0.026103107 0.066454363 0.029112212
14 -8.78578186 0.000034332 0.000003815 0.165846591 -0.007498766 -0.003568168
15 -8.9037323 0.000001907 0 0.037025868 0.049969669 0.087742933
16 5.903457642 12.714836121 -17.693172455 1.42633091 -0.242697649 -0.173498346
17 -13.525161743 0 -0.000003815 -0.003536782 0.078186012 -0.156564393
18 -11.953033447 -0.000007629 0 0.052906654 -0.062732855 -0.106585305
19 -8.290390015 0 0 0.068733525 0.000212715 -0.04387101
20 -7.875 0.000030518 0.000003815 0.010664025 0.080183099 0.005265478
21 -8.785797119 0.000038147 0.000003815 0.128131858 0.108675465 0.039723164
22 -8.903717041 0 -0.000001907 -0.02376717 0.044230645 0.065884987
23 5.115219116 -7.603518486 -23.079322815 -1.668579549 0.275119487 -3.069612024
24 13.525115967 0.000007629 0 0.023252984 -0.031930215 -0.174986867
25 11.953033447 0 0 0.116961505 0.023994678 -0.087516337
26 8.290390015 -0.000003815 0.000001907 0.148589929 -0.008511458 -0.164147344
27 7.875 -0.000030518 0 0.084916805 0.095587279 0.04541071
28 8.785766602 -0.000030518 0.000000596 0.140016689 0.131701485 -0.004886183
29 8.9037323 -0.000003815 0.000001907 -0.020357902 0.184239655 0.062193199
30 5.903442383 -12.801283836 -17.693199158 -1.733577821 0.349230313 -2.976322872
31 13.525131226 0 0 -0.008884967 0.017564399 -0.182121167
32 11.953063965 0.000007629 0 0.115746121 0.043599942 -0.093591993
33 8.290390015 0.000007629 0 0.123076141 0.059033526 -0.028720678
34 7.875 -0.000030518 0 0.051750818 0.135276607 -0.004974809
35 8.785766602 -0.000030518 0.000000954 0.144753835 0.24972705 0.032853166
36 8.903717041 0 0.000003815 -0.025790767 0.193354437 0.057003468
37 4.435455322 0.000127017 -25.179950714 3.076721873 0.422234628 3.08740838
38 14.171020508 0.000020742 1.280670166 -0.039526091 0.103182265 -0.042156104
39 10.9765625 0.00001812 0.352539063 0.015324445 0.125239232 0.037461175
40 8.120300293 -0.000003576 -0.000015259 0.004041577 0.064944922 0.036664637
41 8.120285034 -0.000001907 -0.000038147 -0.011170169 -0.012078155 0.048152146
42 8.120346069 0.000001907 -0.000022888 -0.005779517 0.274145317 0.068052556
43 8.120361328 0.000001907 0.000061035 -0.04212204 -0.053309804 0.069625262
44 7.146957397 16.179790497 -9.195613861 1.423333884 -0.17348861 -0.203690761
45 -13.525131226 0 0 -0.083674385 -0.103710408 -0.125248406
46 -11.953033447 -0.000013351 -0.000015259 0.068798559 -0.085374965 -0.149771352
47 -8.290390015 0.000001907 0 0.111006308 0.050745076 -0.013870353
48 -7.875 0.000030518 0 0.042700516 0.143944445 0.069742907
49 -8.785797119 0.000041962 0 0.097815739 0.264799089 -0.023057824
50 -8.903686523 0.000001907 -0.000001907 -0.047289979 0.114144355 -0.156445069
51 7.147003174 -16.266246796 -9.19562149 -1.726655832 0.289387835 -2.932958079
52 13.525115967 0.000015259 0.000007629 -0.095747596 -0.049104748 -0.117700126
53 11.953018188 0.000011444 0 0.102815922 0.106645711 -0.110121002
54 8.290390015 0 0.000003815 0.142214683 0.129919991 -0.00035882
55 7.875 -0.000034332 0 0.067584573 0.207042448 0.0620816
56 8.78578186 -0.000038147 0.000003219 0.113152099 0.406589122 -0.013195237
57 8.903717041 0 -0.000007629 -0.036412258 0.205802413 0.055959844
58 -5.36730957 8.366906166 8.703117371 1.771119121 -0.749525678 3.135435856
59 13.525115967 0.000015259 -0.000001907 -0.294796652 0.025796171 -0.029052018
60 -3.441879272 -10.792385101 9.377006531 1.692551892 -0.833661109 -3.012600369
61 13.525115967 -0.000007629 0.000003815 -0.422971832 0.133396164 -0.458411041
62 11.953048706 0.000015259 0.000003815 0.213558644 -0.109583252 -0.394097486
63 8.290359497 0.000002861 0 0.125014844 -0.077442006 0.084933349
64 7.875 -0.00002861 0.000001907 0.067958129 -0.040305157 -0.008540145
65 19.39491272 -14.052383423 -0.467086792 0.854025767 0.235053786 -2.805954451
66 26.240753174 0.000003815 0.000007629 -0.295613728 -0.045089512 0.005492556
67 31.971000671 0.000003815 0.000003815 -0.182123461 0.024190648 -0.085621462
68 4.627235413 -2.31129837 4.185634613 -0.024611287 -0.558422955 -0.444239217
69 2.980117798 -0.000004292 -0.000007629 -0.044814452 -0.161464923 0.279695347
70 1.982421875 0.000015259 0.000015259 0 0 0.079605056
71 10.844871521 -1.281562805 -1.331679344 0.003154845 -0.01855101 -1.502721343
72 3.98828125 0 0.000037193 0.024656551 0.116612118 -1.30426207
73 2.26953125 -0.000015259 -0.000010133 0.010246566 0.020303916 -1.235445909
74 10.908851624 -1.237388611 0.829589844 0.008182385 -0.019760774 -1.502678948
75 3.989425659 -0.000015259 0.000037193 0.003562594 0.093803498 -1.240572344
76 3.478279114 0 -0.000015974 0.01062322 -0.039586617 -1.338501469
77 10.291885376 -1.202156067 -3.344136238 0.018038834 -0.023865117 -1.537453755
78 2.757148743 0 0.000027657 -0.00454994 -0.095548155 -1.291608045
79 1.775390625 -0.000007629 -0.000009537 0.198076059 0.357239486 -1.30316968
80 10.971855164 -1.19392395 2.957341194 -0.012167132 -0.015944087 -1.622309173
81 3.82421875 -0.000007629 0.000035286 -0.000576872 0.002168828 -1.309510829
82 2.94140625 -0.000007629 -0.000013351 0.003967107 0.006944486 -1.466881704
83 -0.000015259 0.000007629 0 0.39803983 0.162606557 -0.63173923
84 19.39491272 13.160593033 -0.467075348 -2.408655952 -0.22125858 -0.330730414
85 -26.240753174 -0.000003815 -0.000003815 -0.145888477 0.041404642 0.120321205
86 -31.971000671 0.000015259 0 -0.640439261 0.213481567 -0.19331895
87 -11.614601135 3.933105469 0.069384575 -1.578444876 1.529198549 -2.544968004
88 -10.484527588 1.069198608 3.539872169 -3.131584703 0.028220486 2.411526648
89 2.757156372 0.000002265 0.000026703 -0.011712134 0.035128624 1.019560794
90 1.775390625 0.000007629 -0.000023842 -0.261071927 -0.262843666 1.059935836
91 -11.046470642 1.142402649 1.529694557 -3.130487012 0.018259081 2.114134707
92 3.98828125 0 0.000038147 0.004872241 -0.009924216 1.610032301
93 2.26953125 0.000007629 0.000000954 -0.076539319 -0.095407065 1.438172442
94 -11.192642212 1.041526794 -2.758434296 -3.116629264 0.004012045 2.226905852
95 3.82421875 0.000038147 0.000051498 0.00053161 0.002187187 1.610324685
96 8.785812378 -0.000034332 0.000000954 0.08229373 0.071373082 -0.580233542
97 2.94140625 0.000007629 -0.000011444 -0.004550553 0.006091757 1.767588569
98 -11.120124817 1.091545105 -0.631118774 -3.132136147 0.020772815 2.221577138
99 3.98941803 0.000001907 0.000052452 0.021444626 0.041947477 1.751021405
100 3.478290558 0.000022888 -0.00001049 -0.001306817 0.004312204 1.848998194
101 -4.853614807 2.155082703 -4.018517494 3.123057975 0.125574955 2.46129872
102 2.980110168 -0.00000906 0.000011921 0.038574713 -0.163808097 -0.240289671
103 1.982421875 -0.000009537 0.000034332 0 0 -0.040571652
104 0.000015259 -0.000007629 -0.000003815 -0.017375784 -0.034454126 -0.91598577
105 7.08984375 0 -0.000000477 3.141592654 -0.174494806 3.141592654
106 7.528259277 8.168075562 -1.23279953 -3.136643079 0.174442134 -3.112738881
107 -54.911224365 -0.64967823 -0.176695824 1.570486209 0.07895275 0.030347038
108 -61.183189392 0.000000954 0 0.173988939 0.013650073 0.001450443
109 8.588684082 0 1.514415741 0 0 0
110 4.260505676 -21.349506378 -3.218473434 0.016394854 -0.169412815 -0.093946227
111 15.606674194 0 -0.000012398 -0.000945969 0.036933666 -0.0558812
112 15.853752136 0 -0.00000608 -0.008857586 0.074904056 -0.113893809
113 15.151855469 0.000003815 0.000000715 -0.004380304 0.136614254 -0.026082965
114 11.14995575 0 -0.000006676 -0.004267543 0.000865941 -0.079952636
115 1.725082397 -0.142127991 11.160655975 -1.564170332 -0.249516342 -0.011288324
116 15.606681824 -0.000001907 0 0.005626344 0.018403747 0.05772202
117 15.853729248 0.000003815 0.000000119 0.003405845 0.038049699 0.011115417
118 15.151863098 -0.000001907 0.000000238 0.002365748 0.070774063 0.020467628
119 11.149963379 0 0 -0.00008721 0.000172184 -0.010358062
120 6.678688049 -0.142132998 -16.932613373 1.570206003 0.075884343 3.139554631
121 -15.606689453 0.000003815 0 -0.005186161 -0.017942425 0.039152211
122 -15.853752136 0.000007629 0.00000608 -0.002833578 -0.036853988 0.00385081
123 -15.151855469 -0.000003815 -0.000000238 -0.00185931 -0.068526398 0.036599205
124 -11.14994812 -0.000007629 0.000006676 0.000000894 -0.000172631 -0.010358055
125 2.507644653 15.93921566 6.722552299 -1.59498202 0.205334839 -2.982155705
126 -15.606697083 0 0 -0.00517657 0.03111711 -0.055164443
127 -15.853752136 -0.000000954 0.000013351 0.01269997 -0.07816681 0.017644368
128 -15.151855469 -0.000001907 0.000007629 -0.000658808 -0.068692666 -0.11162239
129 -11.149963379 -0.000003815 -0.000003815 -0.009057309 0.002486127 -0.061220058
130 2.507621765 -17.075353622 6.722564697 -1.594112326 -0.19713283 -0.152663802
131 15.606674194 0 0.000003815 0.007586338 0.061560648 0.021996296
132 15.853736877 -0.000001907 0.000003815 0.018922634 -0.014112942 0.111712718
133 15.151870728 0.000001431 0 -0.002769563 0.052659011 -0.000245636
134 11.149963379 0.000000954 -0.000015259 -0.009932337 0.000051223 -0.059222924
135 5.893127441 15.939212799 -12.477539063 3.074216087 -0.126581769 0.147269021
136 15.606674194 0 0.000026703 0.024535524 0.042063939 -0.015716403
137 15.853744507 -0.000003815 -0.000011921 0.022721266 -0.055166953 0.065792404
138 15.151855469 0.000003815 0 -0.005104559 -0.024836597 -0.054845366
139 11.149963379 0.000003815 -0.000007629 -0.00739473 -0.001080646 -0.058700231
140 5.893135071 -17.075361252 -12.477552414 1.494888008 0.124414552 2.991390315
141 -15.606658936 0 0.000007629 0.010476234 0.025192619 0.002462742
142 -15.853729248 -0.000000954 -0.000011444 0.014975908 -0.088808383 0.10488323
143 -15.151832581 -0.000003815 -0.000007629 -0.006200685 -0.085595865 0.019705008
144 -11.149932861 -0.000003815 -0.000011444 -0.008625362 -0.000341833 -0.059221019
145 4.260475159 20.773918152 -3.218482971 0.012792952 0.169497087 -3.049253424
146 -15.606681824 0 0 -0.013850078 -0.036221195 0.030554897
147 -15.853736877 0.000003815 -0.000000119 -0.002077103 -0.073676894 -0.070247507
148 -15.151855469 -0.000005722 0.000000238 -0.001795439 -0.134752178 0.048400134
149 -11.149963379 0.000003815 0 0.000038847 -0.00094869 -0.081851149
150 7.528274536 -8.043749809 -1.232801437 0.004949575 -0.174442134 -0.028853775
151 54.911239624 0.649676323 0.176697254 1.570486209 0.07895275 0.030347038
152 61.183170319 -0.000000715 0.000000954 0.174162246 0.013649947 0.001451626
153 -0.364086866 -2.758008003 4.994803905 0 0 0.000244115
154 -0.364086866 -2.758006096 4.994803905 0 0 0.000244115
155 -0.364086866 -2.758006096 4.994803905 0 0 0.000244115
156 -0.364086866 -2.758006096 4.994803905 0 0 0.000244115
157 -0.364086866 -2.758006096 4.994803905 0 0 0.000244115
158 -0.364086866 -2.758006096 4.994803905 0 0 0.000244115
159 -0.364086866 -2.758006096 4.994803905 0 0 0.000244115
160 -0.364086866 -2.758006096 4.994803905 0 0 0.000244115
161 -0.364086866 -2.758006096 4.994803905 0 0 0.000244115
162 -0.498048782 -4.95163393 0.510848999 0 0 0.000244115
163 -0.364086866 -2.758006096 4.994803905 0 0 0.000244115
time 49
0 -0.364086866 -2.758006096 4.994803905 0 0 0.000244115
1 -0.355712891 -7.47265625 1.084960938 0 -1.570482873 -1.57071714
2 130.809036255 0 -0.000000477 0 0 0
3 6.662017822 -0.142129987 2.521339893 3.14142002 -0.000000007 -0.000086317
4 24.360931396 0 0.000011921 0.008756461 0.223683915 -0.000145733
5 24.806396484 -0.00000599 0.765956879 0 -0.368320338 0
6 8.120269775 -0.000001997 0.000003815 0 0 0
7 8.120315552 -0.000000983 0.000001907 0 -0.880742373 0
8 8.120315552 -0.000000983 0.000001907 0 -1.357954675 0
9 5.115219116 7.517074585 -23.079299927 1.573863598 -0.220042293 -0.145631567
10 -13.525115967 0.000007629 -0.000003815 0.018093297 0.07008842 -0.163312987
11 -11.953063965 -0.000007629 0 0.023518398 -0.053695019 -0.093495319
12 -8.290374756 0 -0.000003815 0.07500302 -0.060446072 -0.197795643
13 -7.875 0.000032425 0.000003815 0.025700232 0.063716669 0.020511237
14 -8.78578186 0.000034332 0.000003815 0.165571817 -0.001662951 0.00020847
15 -8.9037323 0.000001907 0 0.034047998 0.046126272 0.071436271
16 5.903457642 12.714836121 -17.693172455 1.432302511 -0.236185165 -0.181135204
17 -13.525161743 0 -0.000003815 -0.002929298 0.079176759 -0.150220436
18 -11.953033447 -0.000007629 0 0.05246009 -0.061081746 -0.100815656
19 -8.290390015 0 0 0.068705259 -0.001711298 -0.05326761
20 -7.875 0.000030518 0.000003815 0.010168719 0.077743226 -0.007292643
21 -8.785797119 0.000038147 0.000003815 0.127860455 0.113636029 0.044969934
22 -8.903717041 0 -0.000001907 -0.024069405 0.043251095 0.049131807
23 5.115219116 -7.603518486 -23.079322815 -1.674500472 0.276372875 -3.078137765
24 13.525115967 0.000007629 0 0.022318732 -0.031966145 -0.170812006
25 11.953033447 0 0 0.116953448 0.02230965 -0.086835215
26 8.290390015 -0.000003815 0.000001907 0.148638254 -0.008964926 -0.173215548
27 7.875 -0.000030518 0 0.084517204 0.092769148 0.038435354
28 8.785766602 -0.000030518 0.000000596 0.140203018 0.125137814 -0.000305154
29 8.9037323 -0.000003815 0.000001907 -0.020245842 0.176161175 0.047524915
30 5.903442383 -12.801283836 -17.693199158 -1.739335241 0.352346728 -2.983267791
31 13.525131226 0 0 -0.009986143 0.018695342 -0.177804293
32 11.953063965 0.000007629 0 0.115485036 0.043516668 -0.093861448
33 8.290390015 0.000007629 0 0.122929658 0.058768924 -0.0370481
34 7.875 -0.000030518 0 0.05139538 0.130416506 -0.014468322
35 8.785766602 -0.000030518 0.000000954 0.144418515 0.24223632 0.035217999
36 8.903717041 0 0.000003815 -0.022199081 0.187673115 0.042393233
37 4.435455322 0.000127017 -25.179950714 3.070989946 0.422041849 3.081677116
38 14.171020508 0.000020742 1.280670166 -0.039910347 0.102471529 -0.038183847
39 10.9765625 0.00001812 0.352539063 0.015639567 0.124698342 0.0398982
40 8.120300293 -0.000003576 -0.000015259 0.004343373 0.064682179 0.035464457
41 8.120285034 -0.000001907 -0.000038147 -0.011055679 -0.012106039 0.043489115
42 8.120346069 0.000001907 -0.000022888 -0.006605263 0.277613493 0.061926653
43 8.120361328 0.000001907 0.000061035 -0.039554424 -0.036715422 0.069904984
44 7.146957397 16.179790497 -9.195613861 1.428456209 -0.165140204 -0.208080137
45 -13.525131226 0 0 -0.08247568 -0.104564096 -0.1169539
46 -11.953033447 -0.000013351 -0.000015259 0.068516986 -0.08560091 -0.143180173
47 -8.290390015 0.000001907 0 0.110099177 0.050803472 -0.025997204
48 -7.875 0.000030518 0 0.041211913 0.141667961 0.054948137
49 -8.785797119 0.000041962 0 0.097064827 0.268279425 -0.016191227
50 -8.903686523 0.000001907 -0.000001907 -0.046621646 0.113104274 -0.173122151
51 7.147003174 -16.266246796 -9.19562149 -1.731192685 0.292903397 -2.936801878
52 13.525115967 0.000015259 0.000007629 -0.097503615 -0.048179001 -0.110951684
53 11.953018188 0.000011444 0 0.102270822 0.108945154 -0.10995099
54 8.290390015 0 0.000003815 0.141616191 0.131974898 -0.012219961
55 7.875 -0.000034332 0 0.066516662 0.201118902 0.049337235
56 8.78578186 -0.000038147 0.000003219 0.112200162 0.397706974 -0.009379538
57 8.903717041 0 -0.000007629 -0.028122114 0.201793637 0.043663729
58 -5.36730957 8.366906166 8.703117371 1.761937183 -0.752483551 -3.14026785
59 13.525115967 0.000015259 -0.000001907 -0.294796652 0.025796171 -0.029052018
60 -3.441879272 -10.792385101 9.377006531 1.682654467 -0.829868264 -3.004258273
61 13.525115967 -0.000007629 0.000003815 -0.424412354 0.133534221 -0.461147063
62 11.953048706 0.000015259 0.000003815 0.213751526 -0.112133666 -0.39211138
63 8.290359497 0.000002861 0 0.125150416 -0.082677526 0.089461777
64 7.875 -0.00002861 0.000001907 0.068383153 -0.042803921 -0.003624001
65 19.39491272 -14.052383423 -0.467086792 0.836533308 0.215934168 -2.808066976
66 26.240753174 0.000003815 0.000007629 -0.296071321 -0.047783335 0.00206394
67 31.971000671 0.000003815 0.000003815 -0.188506606 0.021878193 -0.089843671
68 4.627235413 -2.31129837 4.185634613 -0.024611287 -0.558422955 -0.444239217
69 2.980117798 -0.000004292 -0.000007629 -0.044814452 -0.161464923 0.279695347
70 1.982421875 0.000015259 0.000015259 0 0 0.079605056
71 10.844871521 -1.281562805 -1.331679344 0.003154845 -0.01855101 -1.502721343
72 3.98828125 0 0.000037193 0.024656551 0.116612118 -1.30426207
73 2.26953125 -0.000015259 -0.000010133 0.010246566 0.020303916 -1.235445909
74 10.908851624 -1.237388611 0.829589844 0.008182385 -0.019760774 -1.502678948
75 3.989425659 -0.000015259 0.000037193 0.003562594 0.093803498 -1.240572344
76 3.478279114 0 -0.000015974 0.01062322 -0.039586617 -1.338501469
77 10.291885376 -1.202156067 -3.344136238 0.018038834 -0.023865117 -1.537453755
78 2.757148743 0 0.000027657 -0.00454994 -0.095548155 -1.291608045
79 1.775390625 -0.000007629 -0.000009537 0.198076059 0.357239486 -1.30316968
80 10.971855164 -1.19392395 2.957341194 -0.012167132 -0.015944087 -1.622309173
81 3.82421875 -0.000007629 0.000035286 -0.000576872 0.002168828 -1.309510829
82 2.94140625 -0.000007629 -0.000013351 0.003967107 0.006944486 -1.466881704
83 -0.000015259 0.000007629 0 0.398698287 0.1599718 -0.630138768
84 19.39491272 13.160593033 -0.467075348 -2.422030498 -0.220402795 -0.330135576
85 -26.240753174 -0.000003815 -0.000003815 -0.148313634 0.039991689 0.120298261
86 -31.971000671 0.000015259 0 -0.640439261 0.213481567 -0.19331895
87 -11.614601135 3.933105469 0.069384575 -1.578444876 1.529198549 -2.544968004
88 -10.484527588 1.069198608 3.539872169 -3.131584703 0.028220486 2.411526648
89 2.757156372 0.000002265 0.000026703 -0.011712134 0.035128624 1.019560794
90 1.775390625 0.000007629 -0.000023842 -0.261071927 -0.262843666 1.059935836
91 -11.046470642 1.142402649 1.529694557 -3.130487012 0.018259081 2.114134707
92 3.98828125 0 0.000038147 0.004872241 -0.009924216 1.610032301
93 2.26953125 0.000007629 0.000000954 -0.076539319 -0.095407065 1.438172442
94 -11.192642212 1.041526794 -2.758434296 -3.116629264 0.004012045 2.226905852
95 3.82421875 0.000038147 0.000051498 0.00053161 0.002187187 1.610324685
96 8.785812378 -0.000034332 0.000000954 0.08229373 0.071373082 -0.580233542
97 2.94140625 0.000007629 -0.000011444 -0.004550553 0.006091757 1.767588569
98 -11.120124817 1.091545105 -0.631118774 -3.132136147 0.020772815 2.221577138
99 3.98941803 0.000001907 0.000052452 0.021444626 0.041947477 1.751021405
100 3.478290558 0.000022888 -0.00001049 -0.001306817 0.004312204 1.848998194
101 -4.853614807 2.155082703 -4.018517494 3.123057975 0.125574955 2.46129872
102 2.980110168 -0.00000906 0.000011921 0.038574713 -0.163808097 -0.240289671
103 1.982421875 -0.000009537 0.000034332 0 0 -0.040571652
104 0.000015259 -0.000007629 -0.000003815 -0.017687442 -0.032612614 -0.917523239
105 7.08984375 0 -0.000000477 3.141592654 -0.174494806 3.141592654
106 7.528259277 8.168075562 -1.23279953 -3.136643079 0.174442134 -3.112738881
107 -54.911224365 -0.64967823 -0.176695824 1.570486209 0.07895275 0.030347038
108 -61.183189392 0.000000954 0 0.173988939 0.013650073 0.001450443
109 8.588684082 0 1.514415741 0 0 0
110 4.260505676 -21.349506378 -3.218473434 0.016275496 -0.172628113 -0.093801699
111 15.606674194 0 -0.000012398 -0.000842466 0.030286622 -0.055614283
112 15.853752136 0 -0.00000608 -0.009014852 0.068753339 -0.113599896
113 15.151855469 0.000003815 0.000000715 -0.005118096 0.134182325 -0.025952047
114 11.14995575 0 -0.000006676 -0.002166528 0.00017269 -0.079778056
115 1.725082397 -0.142127991 11.160655975 -1.567253278 -0.259816021 -0.005571864
116 15.606681824 -0.000001907 0 0.005203372 0.015041923 0.060299248
117 15.853729248 0.000003815 0.000000119 0.003454758 0.03493533 0.014909258
118 15.151863098 -0.000001907 0.000000238 0.002728492 0.069382737 0.026351562
119 11.149963379 0 0 0 0 -0.011134918
120 6.678688049 -0.142132998 -16.932613373 1.570448339 0.077595054 3.141029414
121 -15.606689453 0.000003815 0 -0.004749344 -0.014678516 0.035427623
122 -15.853752136 0.000007629 0.00000608 -0.002856983 -0.033837128 0.000479986
123 -15.151855469 -0.000003815 -0.000000238 -0.001788939 -0.067232377 0.035212758
124 -11.14994812 -0.000007629 0.000006676 0 0 -0.011134918
125 2.507644653 15.93921566 6.722552299 -1.594507376 0.211853426 -2.986686925
126 -15.606697083 0 0 -0.006074612 0.03367564 -0.058123775
127 -15.853752136 -0.000000954 0.000013351 0.01183674 -0.075628877 0.013632237
128 -15.151855469 -0.000001907 0.000007629 -0.001042551 -0.067517727 -0.117576642
129 -11.149963379 -0.000003815 -0.000003815 -0.008930984 0.001197721 -0.060523235
130 2.507621765 -17.075353622 6.722564697 -1.594297517 -0.20739072 -0.151065893
131 15.606674194 0 0.000003815 0.007459737 0.058270689 0.024828914
132 15.853736877 -0.000001907 0.000003815 0.018713839 -0.017254342 0.115836348
133 15.151870728 0.000001431 0 -0.002700583 0.05128586 0.005802218
134 11.149963379 0.000000954 -0.000015259 -0.009409505 -0.000109655 -0.059999286
135 5.893127441 15.939212799 -12.477539063 3.070525342 -0.126825162 0.147695658
136 15.606674194 0 0.000026703 0.026261162 0.04259432 -0.015587056
137 15.853744507 -0.000003815 -0.000011921 0.023939717 -0.054777288 0.065936375
138 15.151855469 0.000003815 0 -0.004333385 -0.024728442 -0.05459602
139 11.149963379 0.000003815 -0.000007629 -0.008107641 -0.00032755 -0.059480166
140 5.893135071 -17.075361252 -12.477552414 1.495202738 0.12627049 2.992988626
141 -15.606658936 0 0.000007629 0.010257546 0.02875029 -0.001061111
142 -15.853729248 -0.000000954 -0.000011444 0.015286776 -0.085590385 0.101512676
143 -15.151832581 -0.000003815 -0.000007629 -0.005782949 -0.084307439 0.018300477
144 -11.149932861 -0.000003815 -0.000011444 -0.008886654 -0.000266675 -0.059998546
145 4.260475159 20.773918152 -3.218482971 0.014561625 0.172623124 -3.048547058
146 -15.606681824 0 0 -0.01400611 -0.02965781 0.030423786
147 -15.853736877 0.000003815 -0.000000119 -0.002715672 -0.067650065 -0.070397541
148 -15.151855469 -0.000005722 0.000000238 -0.002587361 -0.132310027 0.048186881
149 -11.149963379 0.000003815 0 0.000010461 -0.000258739 -0.080814465
150 7.528274536 -8.043749809 -1.232801437 0.004949575 -0.174442134 -0.028853775
151 54.911239624 0.649676323 0.176697254 1.570486209 0.07895275 0.030347038
152 61.183170319 -0.000000715 0.000000954 0.174162246 0.013649947 0.001451626
153 -0.364086866 -2.758008003 4.994803905 0 0 0.000244115
154 -0.364086866 -2.758006096 4.994803905 0 0 0.000244115
155 -0.364086866 -2.758006096 4.994803905 0 0 0.000244115
156 -0.364086866 -2.758006096 4.994803905 0 0 0.000244115
157 -0.364086866 -2.758006096 4.994803905 0 0 0.000244115
158 -0.364086866 -2.758006096 4.994803905 0 0 0.000244115
159 -0.364086866 -2.758006096 4.994803905 0 0 0.000244115
160 -0.364086866 -2.758006096 4.994803905 0 0 0.000244115
161 -0.364086866 -2.758006096 4.994803905 0 0 0.000244115
162 -0.498048782 -4.95163393 0.510848999 0 0 0.000244115
163 -0.364086866 -2.758006096 4.994803905 0 0 0.000244115
time 50
0 -0.364086866 -2.758006096 4.994803905 0 0 0.000244115
1 -0.355712891 -7.47265625 1.084960938 0 -1.570482873 -1.57071714
2 130.809036255 0 -0.000000477 0 0 0
3 6.662017822 -0.142129987 2.521339893 3.141592654 0 0
4 24.360931396 0 0.000011921 0 0.223073131 0
5 24.806396484 -0.00000599 0.765956879 0 -0.368320338 0
6 8.120269775 -0.000001997 0.000003815 0 0 0
7 8.120315552 -0.000000983 0.000001907 0 -0.880742373 0
8 8.120315552 -0.000000983 0.000001907 0 -1.357954675 0
9 5.115219116 7.517074585 -23.079299927 1.580843402 -0.214150918 -0.156177357
10 -13.525115967 0.000007629 -0.000003815 0.018818861 0.072073566 -0.157815732
11 -11.953063965 -0.000007629 0 0.023074956 -0.049194139 -0.087721034
12 -8.290374756 0 -0.000003815 0.075506309 -0.062539577 -0.206149204
13 -7.875 0.000032425 0.000003815 0.025311942 0.060721148 0.011650611
14 -8.78578186 0.000034332 0.000003815 0.165315905 0.002825482 0.002486009
15 -8.9037323 0.000001907 0 0.032996689 0.044701337 0.065511555
16 5.903457642 12.714836121 -17.693172455 1.439125976 -0.228149008 -0.189897139
17 -13.525161743 0 -0.000003815 -0.001954416 0.080017039 -0.143775223
18 -11.953033447 -0.000007629 0 0.052112283 -0.058954899 -0.093049041
19 -8.290390015 0 0 0.068666962 -0.002835497 -0.060823235
20 -7.875 0.000030518 0.000003815 0.009673801 0.075131938 -0.020713212
21 -8.785797119 0.000038147 0.000003815 0.127540329 0.117791783 0.047908466
22 -8.903717041 0 -0.000001907 -0.024464619 0.042924795 0.043081537
23 5.115219116 -7.603518486 -23.079322815 -1.681336362 0.277180114 -3.087764713
24 13.525115967 0.000007629 0 0.021103574 -0.031853302 -0.166111644
25 11.953033447 0 0 0.116803634 0.020040116 -0.085150599
26 8.290390015 -0.000003815 0.000001907 0.148747615 -0.010043611 -0.181987238
27 7.875 -0.000030518 0 0.084223762 0.090477056 0.031230556
28 8.785766602 -0.000030518 0.000000596 0.140287887 0.119011311 0.002997173
29 8.9037323 -0.000003815 0.000001907 -0.02016889 0.173234737 0.042181605
30 5.903442383 -12.801283836 -17.693199158 -1.74572351 0.355356903 -2.990898239
31 13.525131226 0 0 -0.011270905 0.020077564 -0.172886574
32 11.953063965 0.000007629 0 0.11516387 0.043207306 -0.093279027
33 8.290390015 0.000007629 0 0.122810862 0.058289432 -0.044696001
34 7.875 -0.000030518 0 0.051149253 0.125999175 -0.024285763
35 8.785766602 -0.000030518 0.000000954 0.144088977 0.235107009 0.03621669
36 8.903717041 0 0.000003815 -0.020904972 0.185672156 0.037155418
37 4.435455322 0.000127017 -25.179950714 3.064580611 0.421873634 3.075268362
38 14.171020508 0.000020742 1.280670166 -0.040605656 0.101598072 -0.033532433
39 10.9765625 0.00001812 0.352539063 0.015998007 0.123977745 0.043114596
40 8.120300293 -0.000003576 -0.000015259 0.004654869 0.064159785 0.034695662
41 8.120285034 -0.000001907 -0.000038147 -0.010948388 -0.012478184 0.038914627
42 8.120346069 0.000001907 -0.000022888 -0.00726268 0.281070894 0.055296197
43 8.120361328 0.000001907 0.000061035 -0.038652756 -0.03069641 0.070027119
44 7.146957397 16.179790497 -9.195613861 1.434378905 -0.154757896 -0.213101081
45 -13.525131226 0 0 -0.080748467 -0.105829202 -0.108587279
46 -11.953033447 -0.000013351 -0.000015259 0.068405642 -0.086060451 -0.134267642
47 -8.290390015 0.000001907 0 0.109322526 0.05151708 -0.036010052
48 -7.875 0.000030518 0 0.039685425 0.139573036 0.039038431
49 -8.785797119 0.000041962 0 0.09611376 0.271298941 -0.012252229
50 -8.903686523 0.000001907 -0.000001907 -0.046418827 0.112752369 -0.179089819
51 7.147003174 -16.266246796 -9.19562149 -1.736192029 0.296177518 -2.940960809
52 13.525115967 0.000015259 0.000007629 -0.099359114 -0.047207953 -0.103426826
53 11.953018188 0.000011444 0 0.1017201 0.111001648 -0.108493734
54 8.290390015 0 0.000003815 0.141037745 0.134329922 -0.023454764
55 7.875 -0.000034332 0 0.065643699 0.195821306 0.035869077
56 8.78578186 -0.000038147 0.000003219 0.111172051 0.38895159 -0.007597838
57 8.903717041 0 -0.000007629 -0.025118054 0.200358334 0.03929574
58 -5.36730957 8.366906166 8.703117371 1.751612004 -0.755826273 -3.131939298
59 13.525115967 0.000015259 -0.000001907 -0.294796652 0.025796171 -0.029052018
60 -3.441879272 -10.792385101 9.377006531 1.671763039 -0.825819257 -2.99492599
61 13.525115967 -0.000007629 0.000003815 -0.426019825 0.133699381 -0.464454854
62 11.953048706 0.000015259 0.000003815 0.213869727 -0.114226076 -0.390420525
63 8.290359497 0.000002861 0 0.125271676 -0.088065297 0.093636357
64 7.875 -0.00002861 0.000001907 0.068790915 -0.045745412 0.001535726
65 19.39491272 -14.052383423 -0.467086792 0.816719132 0.189915379 -2.809840098
66 26.240753174 0.000003815 0.000007629 -0.296253317 -0.050602384 -0.001614061
67 31.971000671 0.000003815 0.000003815 -0.195350114 0.021083914 -0.091345891
68 4.627235413 -2.31129837 4.185634613 -0.024611287 -0.558422955 -0.444239217
69 2.980117798 -0.000004292 -0.000007629 -0.044814452 -0.161464923 0.279695347
70 1.982421875 0.000015259 0.000015259 0 0 0.079605056
71 10.844871521 -1.281562805 -1.331679344 0.003154845 -0.01855101 -1.502721343
72 3.98828125 0 0.000037193 0.024656551 0.116612118 -1.30426207
73 2.26953125 -0.000015259 -0.000010133 0.010246566 0.020303916 -1.235445909
74 10.908851624 -1.237388611 0.829589844 0.008182385 -0.019760774 -1.502678948
75 3.989425659 -0.000015259 0.000037193 0.003562594 0.093803498 -1.240572344
76 3.478279114 0 -0.000015974 0.01062322 -0.039586617 -1.338501469
77 10.291885376 -1.202156067 -3.344136238 0.018038834 -0.023865117 -1.537453755
78 2.757148743 0 0.000027657 -0.00454994 -0.095548155 -1.291608045
79 1.775390625 -0.000007629 -0.000009537 0.198076059 0.357239486 -1.30316968
80 10.971855164 -1.19392395 2.957341194 -0.012167132 -0.015944087 -1.622309173
81 3.82421875 -0.000007629 0.000035286 -0.000576872 0.002168828 -1.309510829
82 2.94140625 -0.000007629 -0.000013351 0.003967107 0.006944486 -1.466881704
83 -0.000015259 0.000007629 0 0.398893261 0.159072221 -0.629548
84 19.39491272 13.160593033 -0.467075348 -2.434836051 -0.220009757 -0.329934074
85 -26.240753174 -0.000003815 -0.000003815 -0.149102805 0.038387509 0.120230475
86 -31.971000671 0.000015259 0 -0.640439261 0.213481567 -0.19331895
87 -11.614601135 3.933105469 0.069384575 -1.578444876 1.529198549 -2.544968004
88 -10.484527588 1.069198608 3.539872169 -3.131584703 0.028220486 2.411526648
89 2.757156372 0.000002265 0.000026703 -0.011712134 0.035128624 1.019560794
90 1.775390625 0.000007629 -0.000023842 -0.261071927 -0.262843666 1.059935836
91 -11.046470642 1.142402649 1.529694557 -3.130487012 0.018259081 2.114134707
92 3.98828125 0 0.000038147 0.004872241 -0.009924216 1.610032301
93 2.26953125 0.000007629 0.000000954 -0.076539319 -0.095407065 1.438172442
94 -11.192642212 1.041526794 -2.758434296 -3.116629264 0.004012045 2.226905852
95 3.82421875 0.000038147 0.000051498 0.00053161 0.002187187 1.610324685
96 8.785812378 -0.000034332 0.000000954 0.08229373 0.071373082 -0.580233542
97 2.94140625 0.000007629 -0.000011444 -0.004550553 0.006091757 1.767588569
98 -11.120124817 1.091545105 -0.631118774 -3.132136147 0.020772815 2.221577138
99 3.98941803 0.000001907 0.000052452 0.021444626 0.041947477 1.751021405
100 3.478290558 0.000022888 -0.00001049 -0.001306817 0.004312204 1.848998194
101 -4.853614807 2.155082703 -4.018517494 3.123057975 0.125574955 2.46129872
102 2.980110168 -0.00000906 0.000011921 0.038574713 -0.163808097 -0.240289671
103 1.982421875 -0.000009537 0.000034332 0 0 -0.040571652
104 0.000015259 -0.000007629 -0.000003815 -0.01786834 -0.032037725 -0.918099438
105 7.08984375 0 -0.000000477 3.141592654 -0.174494806 3.141592654
106 7.528259277 8.168075562 -1.23279953 -3.136643079 0.174442134 -3.112738881
107 -54.911224365 -0.64967823 -0.176695824 1.570486209 0.07895275 0.030347038
108 -61.183189392 0.000000954 0 0.173988939 0.013650073 0.001450443
109 8.588684082 0 1.514415741 0 0 0
110 4.260505676 -21.349506378 -3.218473434 0.016243512 -0.173757211 -0.093812696
111 15.606674194 0 -0.000012398 -0.000799803 0.022688357 -0.055262377
112 15.853752136 0 -0.00000608 -0.009092559 0.06122423 -0.11320846
113 15.151855469 0.000003815 0.000000715 -0.005822515 0.129675121 -0.025722892
114 11.14995575 0 -0.000006676 0 0 -0.079691439
115 1.725082397 -0.142127991 11.160655975 -1.570529059 -0.270723431 -0.000036396
116 15.606681824 -0.000001907 0 0.004586132 0.011255126 0.062962263
117 15.853729248 0.000003815 0.000000119 0.003487237 0.031043801 0.018873757
118 15.151863098 -0.000001907 0.000000238 0.002984106 0.066868466 0.032401765
119 11.149963379 0 0 0 0 -0.011393872
120 6.678688049 -0.142132998 -16.932613373 1.570495834 0.078267043 3.141580887
121 -15.606689453 0.000003815 0 -0.004315514 -0.010982492 0.031272175
122 -15.853752136 0.000007629 0.00000608 -0.00279494 -0.030044441 -0.003583728
123 -15.151855469 -0.000003815 -0.000000238 -0.001662041 -0.064816769 0.032613841
124 -11.14994812 -0.000007629 0.000006676 0 0 -0.011393872
125 2.507644653 15.93921566 6.722552299 -1.594371577 0.218342616 -2.991067666
126 -15.606697083 0 0 -0.006906192 0.036579133 -0.061172317
127 -15.853752136 -0.000000954 0.000013351 0.010975252 -0.07257522 0.009361959
128 -15.151855469 -0.000001907 0.000007629 -0.001572584 -0.065403 -0.123699242
129 -11.149963379 -0.000003815 -0.000003815 -0.00888922 -0.000181549 -0.060257992
130 2.507621765 -17.075353622 6.722564697 -1.594393869 -0.218221144 -0.150522989
131 15.606674194 0 0.000003815 0.007322515 0.054549047 0.027832468
132 15.853736877 -0.000001907 0.000003815 0.018455172 -0.02099891 0.120043278
133 15.151870728 0.000001431 0 -0.002551187 0.048876649 0.012198367
134 11.149963379 0.000000954 -0.000015259 -0.00888922 -0.000181549 -0.060257992
135 5.893127441 15.939212799 -12.477539063 3.066669031 -0.126878978 0.148213486
136 15.606674194 0 0.000026703 0.028073923 0.043038847 -0.01545612
137 15.853744507 -0.000003815 -0.000011921 0.025161461 -0.054216319 0.066169169
138 15.151855469 0.000003815 0 -0.003569215 -0.024361608 -0.054346894
139 11.149963379 0.000003815 -0.000007629 -0.00888922 -0.000181549 -0.060257992
140 5.893135071 -17.075361252 -12.477552414 1.495546166 0.126925051 2.993474443
141 -15.606658936 0 0.000007629 0.009843047 0.032655233 -0.005191694
142 -15.853729248 -0.000000954 -0.000011444 0.015652167 -0.081675475 0.097367512
143 -15.151832581 -0.000003815 -0.000007629 -0.005218292 -0.081985987 0.015591536
144 -11.149932861 -0.000003815 -0.000011444 -0.00888922 -0.000181549 -0.060257992
145 4.260475159 20.773918152 -3.218482971 0.016243512 0.173757211 -3.047779968
146 -15.606681824 0 0 -0.014062631 -0.022233586 0.030198297
147 -15.853736877 0.000003815 -0.000000119 -0.003317201 -0.06024006 -0.070553983
148 -15.151855469 -0.000005722 0.000000238 -0.003328912 -0.127792968 0.047961873
149 -11.149963379 0.000003815 0 0 0 -0.079691439
150 7.528274536 -8.043749809 -1.232801437 0.004949575 -0.174442134 -0.028853775
151 54.911239624 0.649676323 0.176697254 1.570486209 0.07895275 0.030347038
152 61.183170319 -0.000000715 0.000000954 0.174162246 0.013649947 0.001451626
153 -0.364086866 -2.758008003 4.994803905 0 0 0.000244115
154 -0.364086866 -2.758006096 4.994803905 0 0 0.000244115
155 -0.364086866 -2.758006096 4.994803905 0 0 0.000244115
156 -0.364086866 -2.758006096 4.994803905 0 0 0.000244115
157 -0.364086866 -2.758006096 4.994803905 0 0 0.000244115
158 -0.364086866 -2.758006096 4.994803905 0 0 0.000244115
159 -0.364086866 -2.758006096 4.994803905 0 0 0.000244115
160 -0.364086866 -2.758006096 4.994803905 0 0 0.000244115
161 -0.364086866 -2.758006096 4.994803905 0 0 0.000244115
162 -0.498048782 -4.95163393 0.510848999 0 0 0.000244115
163 -0.364086866 -2.758006096 4.994803905 0 0 0.000244115
end
