version 1
nodes
0 "Object009" -1
1 "Bone000" -1
2 "Bone001" 1
3 "Bone002" 2
4 "Bone003" 3
5 "Bone004" 4
6 "Bone005" 5
7 "Bone006" 6
8 "Bone007" 6
9 "Bone008" 6
10 "Bone009" 9
11 "Bone010" 10
12 "Bone011" 11
13 "Bone012" 12
14 "Bone013" 13
15 "Bone014" 14
16 "Bone015" 6
17 "Bone016" 16
18 "Bone017" 17
19 "Bone018" 18
20 "Bone019" 19
21 "Bone020" 20
22 "Bone021" 21
23 "Bone022" 6
24 "Bone023" 23
25 "Bone024" 24
26 "Bone025" 25
27 "Bone026" 26
28 "Bone027" 27
29 "Bone028" 28
30 "Bone029" 6
31 "Bone030" 30
32 "Bone031" 31
33 "Bone032" 32
34 "Bone033" 33
35 "Bone034" 34
36 "Bone035" 35
37 "Bone036" 6
38 "Bone037" 37
39 "Bone038" 38
40 "Bone039" 39
41 "Bone040" 40
42 "Bone041" 41
43 "Bone042" 42
44 "Bone043" 6
45 "Bone044" 44
46 "Bone045" 45
47 "Bone046" 46
48 "Bone047" 47
49 "Bone048" 48
50 "Bone049" 49
51 "Bone050" 6
52 "Bone051" 51
53 "Bone052" 52
54 "Bone053" 53
55 "Bone054" 54
56 "Bone055" 55
57 "Bone056" 56
58 "Bone057" 6
59 "Bone058" 58
60 "Bone059" 6
61 "Bone060" 60
62 "Bone061" 61
63 "Bone062" 62
64 "Bone063" 63
65 "Bone065" 4
66 "Bone066" 65
67 "Bone067" 66
68 "Bone068" 67
69 "Bone069" 68
70 "Bone070" 69
71 "Bone071" 67
72 "Bone072" 71
73 "Bone073" 72
74 "Bone074" 67
75 "Bone075" 74
76 "Bone076" 75
77 "Bone077" 67
78 "Bone078" 77
79 "Bone079" 78
80 "Bone080" 67
81 "Bone081" 80
82 "Bone082" 81
83 "Bone083" 66
84 "Bone084" 4
85 "Bone085" 84
86 "Bone086" 85
87 "Bone087" 86
88 "Bone088" 86
89 "Bone089" 88
90 "Bone090" 89
91 "Bone091" 86
92 "Bone092" 91
93 "Bone093" 92
94 "Bone094" 86
95 "Bone095" 94
96 "Bone064" 64
97 "Bone096" 95
98 "Bone097" 86
99 "Bone098" 98
100 "Bone099" 99
101 "Bone0100" 86
102 "Bone0101" 101
103 "Bone0102" 102
104 "Bone0103" 85
105 "Bone0104" 2
106 "Bone0105" 105
107 "Bone0106" 106
108 "Bone0107" 107
109 "Bone0108" 105
110 "Bone0109" 109
111 "Bone0110" 110
112 "Bone0111" 111
113 "Bone0112" 112
114 "Bone0113" 113
115 "Bone0114" 109
116 "Bone0115" 115
117 "Bone0116" 116
118 "Bone0117" 117
119 "Bone0118" 118
120 "Bone0119" 109
121 "Bone0120" 120
122 "Bone0121" 121
123 "Bone0122" 122
124 "Bone0123" 123
125 "Bone0124" 109
126 "Bone0125" 125
127 "Bone0126" 126
128 "Bone0127" 127
129 "Bone0128" 128
130 "Bone0129" 109
131 "Bone0130" 130
132 "Bone0131" 131
133 "Bone0132" 132
134 "Bone0133" 133
135 "Bone0134" 109
136 "Bone0135" 135
137 "Bone0136" 136
138 "Bone0137" 137
139 "Bone0138" 138
140 "Bone0139" 109
141 "Bone0140" 140
142 "Bone0141" 141
143 "Bone0142" 142
144 "Bone0143" 143
145 "Bone0144" 109
146 "Bone0145" 145
147 "Bone0146" 146
148 "Bone0147" 147
149 "Bone0148" 148
150 "Bone0149" 105
151 "Bone0150" 150
152 "Bone0151" 151
153 "Object007" -1
154 "Object010" -1
155 "Object011" -1
156 "Object013" -1
157 "Object014" -1
158 "Object015" -1
159 "Object016" -1
160 "Object017" -1
161 "Object018" -1
162 "_M3_Anim_Data" -1
163 "Object019" -1
end
skeleton
time 0
0 -0.364086866 -2.758006096 4.994803905 0 0 0.000244115
1 -0.355919659 -7.472979069 9.423980713 0 -1.318447843 -1.570796272
2 130.809020996 -0.00000003 -0.000008583 0 0 0
3 6.662002563 -0.142129987 2.521343231 2.968205751 0.03374798 -0.061520095
4 24.360931396 0 0.000019073 -0.228102455 0.338085673 -0.017152842
5 24.806396484 -0.000005722 0.765964508 0.333401813 -0.374222606 -0.153741085
6 8.120300293 -0.000001431 0 0.109776401 0.005790269 -0.029853112
7 8.120315552 0 -0.000007629 0 -0.880742373 0
8 8.120315552 0 -0.000007629 0 -1.357954675 0
9 5.115234375 7.517080307 -23.079311371 1.536505669 -0.10454962 -0.024185618
10 -13.525100708 0 -0.000003815 0.045530238 0.10961435 -0.30279701
11 -11.953063965 -0.000009537 -0.000000268 0.067578493 -0.158512382 -0.059957814
12 -8.290374756 0 0 0.102393488 -0.273458536 0.134522565
13 -7.875 0.00002861 0 0.053874933 -0.058633636 0.377057667
14 -8.78578949 0.000038147 -0.000007629 0.191648417 0.130039075 0.061618091
15 -8.903717041 0.000007629 0 0.071246136 0.095655106 0.325520599
16 5.903457642 12.714842796 -17.69317627 1.3962143 -0.12917187 -0.071219031
17 -13.525131226 0 0 0.019892344 0.149339908 -0.294596129
18 -11.953048706 -0.000015259 0 0.101018063 -0.143288959 -0.104167077
19 -8.290390015 -0.000001907 0 0.078640533 -0.246461936 0.253183658
20 -7.875 0.000034332 -0.000007629 0.02945456 -0.110782002 0.370290376
21 -8.78578949 0.000038147 -0.000015259 0.211242249 0.188674995 0.182488836
22 -8.90372467 -0.000007629 0 -0.029455336 0.048950237 0.307740637
23 5.115188599 -7.603518009 -23.079315186 -1.625647597 0.123004559 -2.949516184
24 13.525115967 0 0.000003815 0.003700597 -0.076709878 -0.274220315
25 11.953033447 0.000015259 0.000003815 0.090586408 0.112485209 0.040328054
26 8.290374756 0.000001907 0 0.136417679 0.259043686 0.168611175
27 7.875 -0.000038147 0.000003815 0.125801283 0.341693951 0.270029271
28 8.785774231 -0.000038147 -0.000007629 0.194134356 0.031612602 -0.05200567
29 8.903709412 0.000007629 0 -0.021185222 0.309654604 0.269334274
30 5.903442383 -12.801285744 -17.693191528 -1.682752775 0.182885571 -2.862900777
31 13.525115967 0.000007629 0 -0.026903055 -0.037898882 -0.275792956
32 11.953048706 0.000011444 0.000007629 0.090003257 0.092654376 0.066549726
33 8.290374756 -0.000003815 0.000007629 0.151136445 0.292624441 0.345962099
34 7.875 -0.000030518 0.000002325 0.122680864 0.388455633 0.229690034
35 8.785797119 -0.000053406 0 0.251379285 0.202215455 -0.072512775
36 8.903717041 0 -0.000007629 -0.071907667 0.282069399 0.267306632
37 4.435424805 0.000132561 -25.179950714 3.129786888 0.466641846 -3.083347965
38 14.171020508 0.000023842 1.280685425 -0.056854916 0.145704371 -0.074035638
39 10.9765625 0.000022888 0.352539063 -0.01105245 0.034224838 0.184475494
40 8.120300293 -0.000001907 -0.000015259 -0.058211252 -0.185551181 0.294790094
41 8.120285034 0.000003815 -0.000030518 -0.049657098 -0.222032292 0.172884801
42 8.120330811 -0.000003815 -0.000015259 0.002172502 0.291098289 -0.184280015
43 8.12033844 0.000003815 0.000061035 -0.038652756 -0.03069641 0.070027119
44 7.146972656 16.179798126 -9.19562912 1.397809155 -0.270878016 -0.082202438
45 -13.525115967 0 0 -0.036284288 -0.011068448 -0.276774271
46 -11.953033447 -0.000013351 -0.000007629 0.138454292 -0.136816239 -0.163070202
47 -8.290374756 0.000003815 0.000015259 0.121834727 -0.2105699 0.28341051
48 -7.875 0.000045776 0.000007629 0.06721151 -0.058441278 0.45199249
49 -8.785774231 0.000022888 -0.000007629 0.233718885 0.319809978 0.160370615
50 -8.903717041 0 0 -0.062537752 0.116940846 0.083477788
51 7.146972656 -16.26625061 -9.195617676 -1.688192941 0.105667277 -2.844188742
52 13.525131226 -0.000007629 0.000007629 -0.086662449 -0.124305903 -0.211613749
53 11.953018188 0.000009537 0.000007629 0.090729115 0.083444169 0.06883518
54 8.290374756 0.000005722 0.000015259 0.189532905 0.296831277 0.412987399
55 7.875 -0.000053406 -0.000001907 0.193446021 0.468078779 0.300690567
56 8.78578949 -0.000038147 0.000007629 0.306199264 0.438752403 -0.15103119
57 8.903717041 0.000007629 -0.000015259 -0.149922434 0.271595546 0.23491131
58 -5.367324829 8.366909981 8.703098297 1.75949384 -0.795253683 -3.112085264
59 13.525131226 0 -0.000003815 -0.294796652 0.025796171 -0.029052018
60 -3.441864014 -10.792387962 9.376991272 1.691645313 -0.903364734 -2.993047846
61 13.525108337 0.000015259 -0.000003815 -0.406597495 0.223694613 -0.355990507
62 11.953048706 0.000015259 0 0.217348657 -0.002416956 -0.293492807
63 8.290390015 0.000011444 0 0.138521591 -0.084003518 -0.133132529
64 7.875 -0.000022888 0 0.12840178 -0.284380818 -0.327892068
65 19.39491272 -14.052387238 -0.467090607 0.085702271 -0.803506377 -2.459405997
66 26.240745544 0 -0.000015259 2.434321561 -0.954501572 -1.169190212
67 31.970989227 0.000007629 0.000030518 -1.205148462 0.122609629 -0.048952889
68 4.627254486 -2.311279297 4.185630798 -0.021512477 -0.254658869 -0.451859094
69 2.980101585 0 -0.000003815 -0.040823197 0.14004721 0.242069561
70 1.982421875 0.000030518 0.000026703 0.001822187 0.301463179 0.041313792
71 10.844875336 -1.281555176 -1.331680298 0.003154845 -0.01855101 -1.502721343
72 3.98828125 -0.000015259 0.000030518 0.024656551 0.116612118 -1.30426207
73 2.26953125 0 -0.000011444 0.010246566 0.020303916 -1.235445909
74 10.908855438 -1.23739624 0.829589844 0.008182385 -0.019760774 -1.502678948
75 3.989425659 0.000007629 0.000041962 0.003562594 0.093803498 -1.240572344
76 3.478286743 -0.000015259 -0.000015259 0.01062322 -0.039586617 -1.338501469
77 10.29189682 -1.202133179 -3.344146729 0.018038834 -0.023865117 -1.537453755
78 2.757156372 -0.000007629 0.000019073 -0.00454994 -0.095548155 -1.291608045
79 1.775390625 0 -0.000011444 0.198076059 0.357239486 -1.30316968
80 10.971858978 -1.19392395 2.957344055 -0.012167132 -0.015944087 -1.622309173
81 3.82421875 -0.000011444 0.000034332 -0.000576872 0.002168828 -1.309510829
82 2.94140625 -0.000015259 -0.000007629 0.003967107 0.006944486 -1.466881704
83 -0.000011921 0 0 0.398893261 0.159072221 -0.629548
84 19.394897461 13.160597801 -0.467075348 -2.606444527 -0.364753549 -1.144799735
85 -26.240745544 0.000015259 0.000007629 0.262287406 -0.252736906 0.514029506
86 -31.970993042 0.000015259 0.000007629 -0.602487404 -0.212991397 -0.121390985
87 -11.614608765 3.933105469 0.069387436 -1.578444876 1.529198549 -2.544968004
88 -10.484524727 1.069198608 3.539874077 -3.131584703 0.028220486 2.411526648
89 2.757156372 0 0.000021935 -0.011712134 0.035128624 1.019560794
90 1.775390625 0 -0.000026703 -0.261071927 -0.262843666 1.059935836
91 -11.046480179 1.142410278 1.529695511 -3.130487012 0.018259081 2.114134707
92 3.98828125 0.000015259 0.000035286 0.004872241 -0.009924216 1.610032301
93 2.26953125 -0.000015259 -0.000001907 -0.076539319 -0.095407065 1.438172442
94 -11.192631721 1.041534424 -2.758425713 -3.116629264 0.004012045 2.226905852
95 3.82421875 0.000038147 0.000049591 0.00053161 0.002187187 1.610324685
96 8.78578186 -0.000038147 0.000007153 0.08229373 0.071373082 -0.580233542
97 2.94140625 0.000030518 -0.000013351 -0.004550553 0.006091757 1.767588569
98 -11.120119095 1.091552734 -0.63111496 -3.132136147 0.020772815 2.221577138
99 3.989440918 0 0.000050545 0.021444626 0.041947477 1.751021405
100 3.478302002 0 -0.000009537 -0.001306817 0.004312204 1.848998194
101 -4.853610992 2.155105591 -4.018514633 3.123057975 0.125574955 2.46129872
102 2.980110168 0 0.000009537 0.038574713 -0.163808097 -0.240289671
103 1.982421875 -0.000030518 0.000038147 0 0 -0.040571652
104 0.000008583 -0.000015259 -0.000015259 -0.01786834 -0.032037725 -0.918099438
105 7.08984375 0 0.000003815 3.141592654 -0.174494806 3.141592654
106 7.528289795 8.168074608 -1.23279953 -3.139979019 0.100159359 -3.124917962
107 -54.911262512 -0.64967823 -0.176692963 1.583205085 0.353997089 0.065413206
108 -61.183189392 -0.000003815 -0.000000954 0.029064979 0.013620653 -0.309487512
109 8.588684082 0 1.514411926 0 0 0
110 4.260498047 -21.349504471 -3.218477249 0.041316833 -0.169587909 -0.240611827
111 15.606681824 0 -0.000007629 -0.004311722 -0.008635957 -0.041157858
112 15.853752136 0.000003815 -0.000005722 -0.011424179 0.045029463 -0.107888888
113 15.151863098 0.000007629 0.000001907 -0.004751646 0.132268057 -0.037774036
114 11.149967194 0 -0.000007629 0.116272767 0.205191776 -0.174900959
115 1.725097656 -0.142128021 11.160655975 -1.869015465 -1.213615549 0.07290203
116 15.606674194 0 0 0 0 -0.227242711
117 15.853733063 0 0 -0.022798788 -0.074364694 0.801580997
118 15.151847839 -0.000007629 -0.000001907 0.000086145 -0.00000545 0.126365453
119 11.149963379 -0.000007629 0.000003815 0 0 0.475675013
120 6.678710938 -0.142132968 -16.932605743 1.571086841 -0.163389684 3.141568867
121 -15.606689453 0 -0.00000003 0 0 -0.003970573
122 -15.853744507 0.000003815 0.00000599 0 0 0.015278212
123 -15.15184021 -0.000007629 0 0 0 0.133112347
124 -11.14995575 0 0.00000602 0 0 0.230283679
125 2.507644653 15.93921566 6.722553253 -1.718270509 0.331677239 -3.050784134
126 -15.606689453 -0.000001907 0 0.015546996 0.050354707 -0.003235041
127 -15.853752136 0 0.000009537 0.01601672 -0.092227884 0.078261403
128 -15.151855469 -0.000007629 0.000007629 -0.004509669 -0.123048416 -0.047550516
129 -11.14995575 0 -0.000007629 -0.010419025 -0.035212705 -0.105362369
130 2.507614136 -17.075353622 6.722560883 -1.044757851 -1.013731743 -0.550474191
131 15.606666565 0 -0.000007629 0.004806391 0.027784909 0.004210395
132 15.853740692 0 0.000007629 0.007134857 -0.041592212 0.10159925
133 15.151847839 0 -0.000003815 -0.007961652 0.017889814 0.026775381
134 11.149971008 0.000007629 -0.000011444 -0.00510779 0.003924671 0.178905108
135 5.893127441 15.939211845 -12.477546692 2.946730953 0.074741084 0.235513057
136 15.606666565 0.000007629 0.000026703 0.013193698 0.058469778 -0.003586525
137 15.853744507 -0.000003815 -0.000007629 0.020232107 -0.095166478 0.048905442
138 15.151870728 0 0.000003815 0.002934447 -0.163722762 -0.099099444
139 11.14994812 0.000007629 -0.000007629 -0.043896243 -0.228108383 -0.076768297
140 5.893157959 -17.075357437 -12.477550507 1.66591476 -0.143941907 2.927783702
141 -15.606674194 -0.000007629 0.000019073 0.01164225 0.04987292 -0.038740061
142 -15.853736877 -0.000003815 -0.000011444 0.023844018 -0.045759744 0.110465262
143 -15.151832581 -0.000003815 -0.000007629 -0.002550491 -0.008590146 0.110640223
144 -11.149940491 -0.000007629 -0.000007629 0.00417134 -0.077045928 0.229164726
145 4.260482788 20.773920059 -3.218482971 0.041316833 0.169587909 -2.90098084
146 -15.606689453 0 0.000001907 -0.00300147 0.010045071 0.021133213
147 -15.853752136 0.000007629 0 -0.002457674 -0.046453828 -0.061513116
148 -15.15184021 -0.000003815 -0.000001907 -0.004436591 -0.136241668 0.067539543
149 -11.14995575 0.000007629 -0.000005722 0 0 0.06492159
150 7.528274536 -8.043748856 -1.232803345 0.033065302 -1.006369971 -0.024803899
151 54.911254883 0.6496768 0.176704407 1.596122719 0.928349089 0.062311576
152 61.183185577 0.000003815 -0.000000954 0.070008961 0.058498888 0.504233602
153 -0.364086866 -2.758008003 4.994803905 0 0 0.000244115
154 -0.364086866 -2.758006096 4.994803905 0 0 0.000244115
155 -0.364086866 -2.758006096 4.994803905 0 0 0.000244115
156 -0.364086866 -2.758006096 4.994803905 0 0 0.000244115
157 -0.364086866 -2.758006096 4.994803905 0 0 0.000244115
158 -0.364086866 -2.758006096 4.994803905 0 0 0.000244115
159 -0.364086866 -2.758006096 4.994803905 0 0 0.000244115
160 -0.364086866 -2.758006096 4.994803905 0 0 0.000244115
161 -0.364086866 -2.758006096 4.994803905 0 0 0.000244115
162 -0.498048782 -4.95163393 0.510848999 0 0 0.000244115
163 -0.364086866 -2.758006096 4.994803905 0 0 0.000244115
time 1
0 -0.364086866 -2.758006096 4.994803905 0 0 0.000244115
1 -0.355919659 -7.472979069 8.754505192 0 -1.320960663 -1.570796327
2 130.809020996 -0.00000003 -0.000008583 0 0 0
3 6.662002563 -0.142129987 2.521343231 2.969211269 0.035719031 -0.060111407
4 24.360931396 0 0.000019073 -0.222498269 0.33446633 -0.015870136
5 24.806396484 -0.000005722 0.765964508 0.333373854 -0.370593098 -0.152895644
6 8.120300293 -0.000001431 0 0.103299905 0.005458695 -0.028673647
7 8.120315552 0 -0.000007629 0 -0.880742373 0
8 8.120315552 0 -0.000007629 0 -1.357954675 0
9 5.115234375 7.517080307 -23.079311371 1.52059895 -0.145008875 -0.023962207
10 -13.525100708 0 -0.000003815 0.040277004 0.128539081 -0.318975044
11 -11.953063965 -0.000009537 -0.000000268 0.071925688 -0.132099785 -0.118909134
12 -8.290374756 0 0 0.116163062 -0.283044575 0.082507234
13 -7.875 0.00002861 0 0.053979165 -0.093055618 0.401754971
14 -8.78578949 0.000038147 -0.000007629 0.195148912 0.084553027 0.160251443
15 -8.903717041 0.000007629 0 0.070212894 0.094971544 0.321406815
16 5.903457642 12.714842796 -17.69317627 1.381260764 -0.17420019 -0.075560362
17 -13.525131226 0 0 0.013539016 0.169886974 -0.305946766
18 -11.953048706 -0.000015259 0 0.102282388 -0.104710363 -0.158878367
19 -8.290390015 -0.000001907 0 0.087939731 -0.244421875 0.195163952
20 -7.875 0.000034332 -0.000007629 0.024344709 -0.148175409 0.37990098
21 -8.78578949 0.000038147 -0.000015259 0.207874465 0.12806643 0.270797205
22 -8.90372467 -0.000007629 0 -0.03094499 0.04953704 0.303506729
23 5.115188599 -7.603518009 -23.079315186 -1.610167566 0.149792872 -2.94618027
24 13.525115967 0 0.000003815 0.00775019 -0.087720887 -0.297789126
25 11.953033447 0.000015259 0.000003815 0.086659446 0.091442216 -0.015925168
26 8.290374756 0.000001907 0 0.126777242 0.255560868 0.139424693
27 7.875 -0.000038147 0.000003815 0.125667717 0.377265048 0.304919798
28 8.785774231 -0.000038147 -0.000007629 0.19031829 0.111192255 0.020350201
29 8.903709412 0.000007629 0 -0.020775614 0.307291554 0.266022418
30 5.903442383 -12.801285744 -17.693191528 -1.668428683 0.205919457 -2.861632815
31 13.525115967 0.000007629 0 -0.022886959 -0.044015203 -0.30303437
32 11.953048706 0.000011444 0.000007629 0.086639127 0.075074116 0.008529723
33 8.290374756 -0.000003815 0.000007629 0.14123888 0.284135363 0.328254985
34 7.875 -0.000030518 0.000002325 0.120874392 0.412034019 0.268636537
35 8.785797119 -0.000053406 0 0.251317719 0.267959176 0.005785447
36 8.903717041 0 -0.000007629 -0.070664096 0.28030396 0.26389568
37 4.435424805 0.000132561 -25.179950714 -3.135457707 0.49960391 -3.073203421
38 14.171020508 0.000023842 1.280685425 -0.060084388 0.170930032 -0.092802407
39 10.9765625 0.000022888 0.352539063 -0.008011355 0.090881856 0.157058271
40 8.120300293 -0.000001907 -0.000015259 -0.063180976 -0.175242149 0.300944391
41 8.120285034 0.000003815 -0.000030518 -0.066860864 -0.26565151 0.226585194
42 8.120330811 -0.000003815 -0.000015259 0.021220969 0.219968281 -0.103832516
43 8.12033844 0.000003815 0.000061035 -0.038652756 -0.03069641 0.070027119
44 7.146972656 16.179798126 -9.19562912 1.397809155 -0.270878016 -0.082202438
45 -13.525115967 0 0 -0.047663182 0.005818467 -0.284555943
46 -11.953033447 -0.000013351 -0.000007629 0.134048075 -0.087932645 -0.215588536
47 -8.290374756 0.000003815 0.000015259 0.12985663 -0.196757294 0.217746737
48 -7.875 0.000045776 0.000007629 0.054133076 -0.094880022 0.461560902
49 -8.785774231 0.000022888 -0.000007629 0.227845403 0.259466443 0.254950973
50 -8.903717041 0 0 -0.063983151 0.117204159 0.079231099
51 7.146972656 -16.26625061 -9.195617676 -1.675147222 0.125169626 -2.849845766
52 13.525131226 -0.000007629 0.000007629 -0.082492578 -0.129611027 -0.237031008
53 11.953018188 0.000009537 0.000007629 0.087197593 0.072674268 0.010001939
54 8.290374756 0.000005722 0.000015259 0.17669086 0.284945128 0.395692387
55 7.875 -0.000053406 -0.000001907 0.188476033 0.477176448 0.342683685
56 8.78578949 -0.000038147 0.000007629 0.310100311 0.489052102 -0.07126444
57 8.903717041 0.000007629 -0.000015259 -0.147507933 0.270333418 0.232123489
58 -5.367324829 8.366909981 8.703098297 1.801567849 -0.774836225 3.128502957
59 13.525131226 0 -0.000003815 -0.294796652 0.025796171 -0.029052018
60 -3.441864014 -10.792387962 9.376991272 1.739795385 -0.902326295 -3.040903859
61 13.525108337 0.000015259 -0.000003815 -0.414593824 0.224764781 -0.374236377
62 11.953048706 0.000015259 0 0.211842779 0.002349301 -0.270096946
63 8.290390015 0.000011444 0 0.133232225 -0.05925223 -0.072165968
64 7.875 -0.000022888 0 0.124877184 -0.274806187 -0.337404549
65 19.39491272 -14.052387238 -0.467090607 -0.004522071 -0.796002042 -2.395961759
66 26.240745544 0 -0.000015259 2.420596559 -0.948108456 -1.159238586
67 31.970989227 0.000007629 0.000030518 -1.204986928 0.115099654 -0.041986606
68 4.627254486 -2.311279297 4.185630798 -0.021512477 -0.254658869 -0.451859094
69 2.980101585 0 -0.000003815 -0.040823197 0.14004721 0.242069561
70 1.982421875 0.000030518 0.000026703 0.001822187 0.301463179 0.041313792
71 10.844875336 -1.281555176 -1.331680298 0.003154845 -0.01855101 -1.502721343
72 3.98828125 -0.000015259 0.000030518 0.024656551 0.116612118 -1.30426207
73 2.26953125 0 -0.000011444 0.010246566 0.020303916 -1.235445909
74 10.908855438 -1.23739624 0.829589844 0.008182385 -0.019760774 -1.502678948
75 3.989425659 0.000007629 0.000041962 0.003562594 0.093803498 -1.240572344
76 3.478286743 -0.000015259 -0.000015259 0.01062322 -0.039586617 -1.338501469
77 10.29189682 -1.202133179 -3.344146729 0.018038834 -0.023865117 -1.537453755
78 2.757156372 -0.000007629 0.000019073 -0.00454994 -0.095548155 -1.291608045
79 1.775390625 0 -0.000011444 0.198076059 0.357239486 -1.30316968
80 10.971858978 -1.19392395 2.957344055 -0.012167132 -0.015944087 -1.622309173
81 3.82421875 -0.000011444 0.000034332 -0.000576872 0.002168828 -1.309510829
82 2.94140625 -0.000015259 -0.000007629 0.003967107 0.006944486 -1.466881704
83 -0.000011921 0 0 0.398893261 0.159072221 -0.629548
84 19.394897461 13.160597801 -0.467075348 -2.62200689 -0.375765986 -1.137245976
85 -26.240745544 0.000015259 0.000007629 0.261990639 -0.282797898 0.538875076
86 -31.970993042 0.000015259 0.000007629 -0.624138337 -0.197403142 -0.134036609
87 -11.614608765 3.933105469 0.069387436 -1.57844541 1.529199082 -2.544968304
88 -10.484524727 1.069198608 3.539874077 -3.131584703 0.028220486 2.411526648
89 2.757156372 0 0.000021935 -0.011712134 0.035128624 1.019560794
90 1.775390625 0 -0.000026703 -0.261071927 -0.262843666 1.059935836
91 -11.046480179 1.142410278 1.529695511 -3.130487012 0.018259081 2.114134707
92 3.98828125 0.000015259 0.000035286 0.004872241 -0.009924216 1.610032301
93 2.26953125 -0.000015259 -0.000001907 -0.076539319 -0.095407065 1.438172442
94 -11.192631721 1.041534424 -2.758425713 -3.116629264 0.004012045 2.226905852
95 3.82421875 0.000038147 0.000049591 0.00053161 0.002187187 1.610324685
96 8.78578186 -0.000038147 0.000007153 0.08229373 0.071373082 -0.580233542
97 2.94140625 0.000030518 -0.000013351 -0.004550553 0.006091757 1.767588569
98 -11.120119095 1.091552734 -0.63111496 -3.132136147 0.020772815 2.221577138
99 3.989440918 0 0.000050545 0.021444626 0.041947477 1.751021405
100 3.478302002 0 -0.000009537 -0.001306817 0.004312204 1.848998194
101 -4.853610992 2.155105591 -4.018514633 3.123057975 0.125574955 2.46129872
102 2.980110168 0 0.000009537 0.038574713 -0.163808097 -0.240289671
103 1.982421875 -0.000030518 0.000038147 0 0 -0.040571652
104 0.000008583 -0.000015259 -0.000015259 -0.01786834 -0.032037725 -0.918099438
105 7.08984375 0 0.000003815 3.141592654 -0.174494795 3.141592654
106 7.528289795 8.168074608 -1.23279953 -3.141107998 0.107947561 -3.127821984
107 -54.911262512 -0.64967823 -0.176692963 1.5825281 0.436109791 0.063312407
108 -61.183189392 -0.000003815 -0.000000954 0.029959633 0.013493948 -0.309223136
109 8.588684082 0 1.514411926 0 0 0
110 4.260498047 -21.349504471 -3.218477249 0.040879633 -0.166759831 -0.240574235
111 15.606681824 0 -0.000007629 -0.003306303 -0.010177684 -0.045908373
112 15.853752136 0.000003815 -0.000005722 -0.010542207 0.033250479 -0.10364462
113 15.151863098 0.000007629 0.000001907 -0.005306208 0.12473967 -0.032332271
114 11.149967194 0 -0.000007629 0.115009596 0.215545134 -0.18404679
115 1.725097656 -0.142128021 11.160655975 -1.854669321 -1.192976456 0.06934504
116 15.606674194 0 0 0 0 -0.223594263
117 15.853733063 0 0 -0.022846364 -0.0743772 0.786973027
118 15.151847839 -0.000007629 -0.000001907 0.000086145 -0.00000545 0.126365453
119 11.149963379 -0.000007629 0.000003815 0 0 0.475675013
120 6.678710938 -0.142132968 -16.932605743 1.570492335 -0.178949614 -3.141565381
121 -15.606689453 0 -0.00000003 0 0 -0.020284782
122 -15.853744507 0.000003815 0.00000599 0 0 -0.002589502
123 -15.15184021 -0.000007629 0 0 0 0.124549235
124 -11.14995575 0 0.00000602 0 0 0.198248797
125 2.507644653 15.93921566 6.722553253 -1.714912259 0.3352556 -3.043998281
126 -15.606689453 -0.000001907 0 0.014288191 0.068356637 -0.009012123
127 -15.853752136 0 0.000009537 0.01638751 -0.082836725 0.080207431
128 -15.151855469 -0.000007629 0.000007629 -0.004116849 -0.122508683 -0.044287934
129 -11.14995575 0 -0.000007629 -0.01141394 -0.039896341 -0.112586028
130 2.507614136 -17.075353622 6.722560883 -1.058302828 -0.982996117 -0.544041252
131 15.606666565 0 -0.000007629 0.005742816 0.034032349 -0.007499292
132 15.853740692 0 0.000007629 0.007275762 -0.05077982 0.104945679
133 15.151847839 0 -0.000003815 -0.008621655 0.013669037 0.026873591
134 11.149971008 0.000007629 -0.000011444 -0.005796033 0.005506157 0.193637556
135 5.893127441 15.939211845 -12.477546692 2.9472127 0.088657356 0.236334257
136 15.606666565 0.000007629 0.000026703 0.012316683 0.07478927 -0.003253491
137 15.853744507 -0.000003815 -0.000007629 0.019651489 -0.082715409 0.057684377
138 15.151870728 0 0.000003815 0.003082349 -0.156862512 -0.097600011
139 11.14994812 0.000007629 -0.000007629 -0.050618146 -0.203110836 -0.056124855
140 5.893157959 -17.075357437 -12.477550507 1.671616913 -0.160321628 2.926628756
141 -15.606674194 -0.000007629 0.000019073 0.006257311 0.046900247 -0.05727783
142 -15.853736877 -0.000003815 -0.000011444 0.023886947 -0.04478239 0.095084863
143 -15.151832581 -0.000003815 -0.000007629 -0.001743604 -0.007172084 0.100521935
144 -11.149940491 -0.000007629 -0.000007629 -0.010666847 -0.075199446 0.20209245
145 4.260482788 20.773920059 -3.218482971 0.040879633 0.166759831 -2.901018418
146 -15.606689453 0 0.000001907 -0.002272817 0.011337402 0.025451668
147 -15.853752136 0.000007629 0 -0.002470448 -0.033941711 -0.068171389
148 -15.15184021 -0.000003815 -0.000001907 -0.004570062 -0.128620303 0.06690837
149 -11.14995575 0.000007629 -0.000005722 -0.0012532 -0.001340579 0.06578609
150 7.528274536 -8.043748856 -1.232803345 0.032592575 -0.9895531 -0.025138882
151 54.911254883 0.6496768 0.176704407 1.595426408 0.903849272 0.06210328
152 61.183185577 0.000003815 -0.000000954 0.073343566 0.055164669 0.482568064
153 -0.364086866 -2.758008003 4.994803905 0 0 0.000244115
154 -0.364086866 -2.758006096 4.994803905 0 0 0.000244115
155 -0.364086866 -2.758006096 4.994803905 0 0 0.000244115
156 -0.364086866 -2.758006096 4.994803905 0 0 0.000244115
157 -0.364086866 -2.758006096 4.994803905 0 0 0.000244115
158 -0.364086866 -2.758006096 4.994803905 0 0 0.000244115
159 -0.364086866 -2.758006096 4.994803905 0 0 0.000244115
160 -0.364086866 -2.758006096 4.994803905 0 0 0.000244115
161 -0.364086866 -2.758006096 4.994803905 0 0 0.000244115
162 -0.498048782 -4.95163393 0.510848999 0 0 0.000244115
163 -0.364086866 -2.758006096 4.994803905 0 0 0.000244115
time 2
0 -0.364086866 -2.758006096 4.994803905 0 0 0.000244115
1 -0.355919659 -7.472979069 7.027962388 0 -1.327636878 -1.570796327
2 130.809020996 -0.00000003 -0.000008583 0 0 0
3 6.662002563 -0.142129987 2.521343231 2.972096473 0.037610206 -0.056140388
4 24.360931396 0 0.000019073 -0.20667778 0.324027725 -0.012269875
5 24.806396484 -0.000005722 0.765964508 0.333371607 -0.360463743 -0.150696709
6 8.120300293 -0.000001431 0 0.085084415 0.004453958 -0.025470461
7 8.120315552 0 -0.000007629 0 -0.880742373 0
8 8.120315552 0 -0.000007629 0 -1.357954675 0
9 5.115234375 7.517080307 -23.079311371 1.507591153 -0.18901183 -0.029646809
10 -13.525100708 0 -0.000003815 0.033010751 0.149553399 -0.325801871
11 -11.953063965 -0.000009537 -0.000000268 0.073545034 -0.101448795 -0.178052792
12 -8.290374756 0 0 0.131628141 -0.286194222 0.01990041
13 -7.875 0.00002861 0 0.054745023 -0.126641709 0.414614104
14 -8.78578949 0.000038147 -0.000007629 0.196805144 0.039680975 0.247602959
15 -8.903717041 0.000007629 0 0.067215998 0.093218483 0.309709787
16 5.903457642 12.714842796 -17.69317627 1.369602467 -0.221646829 -0.085289999
17 -13.525131226 0 0 0.006316678 0.1894647 -0.30597734
18 -11.953048706 -0.000015259 0 0.099897243 -0.061951522 -0.211946618
19 -8.290390015 -0.000001907 0 0.098256232 -0.233579225 0.127795475
20 -7.875 0.000034332 -0.000007629 0.021072791 -0.182739654 0.377057837
21 -8.78578949 0.000038147 -0.000015259 0.200574304 0.069505475 0.345851172
22 -8.90372467 -0.000007629 0 -0.032715133 0.050005396 0.291585076
23 5.115188599 -7.603518009 -23.079315186 -1.596944707 0.183351665 -2.947158553
24 13.525115967 0 0.000003815 0.013994349 -0.102796213 -0.316998337
25 11.953033447 0.000015259 0.000003815 0.084213319 0.069295082 -0.074640019
26 8.290374756 0.000001907 0 0.116405632 0.249345955 0.100635456
27 7.875 -0.000038147 0.000003815 0.123305209 0.409198359 0.331677264
28 8.785774231 -0.000038147 -0.000007629 0.188470885 0.18276498 0.087507831
29 8.903709412 0.000007629 0 -0.019741769 0.300699617 0.256422956
30 5.903442383 -12.801285744 -17.693191528 -1.656339101 0.237098046 -2.863730847
31 13.525115967 0.000007629 0 -0.016884723 -0.053619354 -0.326894901
32 11.953048706 0.000011444 0.000007629 0.084693142 0.058422927 -0.052846699
33 8.290374756 -0.000003815 0.000007629 0.131039435 0.275803522 0.30166497
34 7.875 -0.000030518 0.000002325 0.117213747 0.432974298 0.300833207
35 8.785797119 -0.000053406 0 0.252152179 0.324460846 0.078683311
36 8.903717041 0 -0.000007629 -0.067320139 0.275216644 0.254311302
37 4.435424805 0.000132561 -25.179950714 -3.121573251 0.538922265 -3.069782738
38 14.171020508 0.000023842 1.280685425 -0.063787956 0.184933823 -0.114644372
39 10.9765625 0.000022888 0.352539063 -0.006068977 0.152584469 0.126965218
40 8.120300293 -0.000001907 -0.000015259 -0.063372394 -0.147376647 0.29895062
41 8.120285034 0.000003815 -0.000030518 -0.085604111 -0.299386919 0.274378282
42 8.120330811 -0.000003815 -0.000015259 0.030892617 0.14445229 -0.026414593
43 8.12033844 0.000003815 0.000061035 -0.038652756 -0.03069641 0.070027119
44 7.146972656 16.179798126 -9.19562912 1.397809155 -0.270878016 -0.082202438
45 -13.525115967 0 0 -0.060290947 0.018885813 -0.279988067
46 -11.953033447 -0.000013351 -0.000007629 0.124702753 -0.036710926 -0.264355889
47 -8.290374756 0.000003815 0.000015259 0.137987893 -0.170946397 0.142535982
48 -7.875 0.000045776 0.000007629 0.043190825 -0.126727953 0.456057751
49 -8.785774231 0.000022888 -0.000007629 0.214347522 0.199792778 0.335450798
50 -8.903717041 0 0 -0.065446602 0.117450914 0.06719208
51 7.146972656 -16.26625061 -9.195617676 -1.663890996 0.152732304 -2.857658488
52 13.525131226 -0.000007629 0.000007629 -0.07733041 -0.137466648 -0.259794922
53 11.953018188 0.000009537 0.000007629 0.084526554 0.062869258 -0.051802211
54 8.290374756 0.000005722 0.000015259 0.164755214 0.275704141 0.37090042
55 7.875 -0.000053406 -0.000001907 0.181691554 0.486289581 0.378393172
56 8.78578949 -0.000038147 0.000007629 0.312920997 0.530432776 0.002750386
57 8.903717041 0.000007629 -0.000015259 -0.140769806 0.266878518 0.224287469
58 -5.367324829 8.366909981 8.703098297 1.84175185 -0.751400895 3.08759639
59 13.525131226 0 -0.000003815 -0.294796652 0.025796171 -0.029052018
60 -3.441864014 -10.792387962 9.376991272 1.787459689 -0.898518635 -3.087953041
61 13.525108337 0.000015259 -0.000003815 -0.421778694 0.223213001 -0.393972826
62 11.953048706 0.000015259 0 0.206447133 0.010426935 -0.258862398
63 8.290390015 0.000011444 0 0.129137037 -0.035859312 -0.008634161
64 7.875 -0.000022888 0 0.1196805 -0.262844461 -0.331403273
65 19.39491272 -14.052387238 -0.467090607 -0.090456229 -0.763625434 -2.339704176
66 26.240745544 0 -0.000015259 2.381662182 -0.930032551 -1.131063744
67 31.970989227 0.000007629 0.000030518 -1.204554485 0.094551973 -0.033374976
68 4.627254486 -2.311279297 4.185630798 -0.021512477 -0.254658869 -0.451859094
69 2.980101585 0 -0.000003815 -0.040823197 0.14004721 0.242069561
70 1.982421875 0.000030518 0.000026703 0.001822187 0.301463179 0.041313792
71 10.844875336 -1.281555176 -1.331680298 0.003154845 -0.01855101 -1.502721343
72 3.98828125 -0.000015259 0.000030518 0.024656551 0.116612118 -1.30426207
73 2.26953125 0 -0.000011444 0.010246566 0.020303916 -1.235445909
74 10.908855438 -1.23739624 0.829589844 0.008182385 -0.019760774 -1.502678948
75 3.989425659 0.000007629 0.000041962 0.003562594 0.093803498 -1.240572344
76 3.478286743 -0.000015259 -0.000015259 0.01062322 -0.039586617 -1.338501469
77 10.29189682 -1.202133179 -3.344146729 0.018038834 -0.023865117 -1.537453755
78 2.757156372 -0.000007629 0.000019073 -0.00454994 -0.095548155 -1.291608045
79 1.775390625 0 -0.000011444 0.198076059 0.357239486 -1.30316968
80 10.971858978 -1.19392395 2.957344055 -0.012167132 -0.015944087 -1.622309173
81 3.82421875 -0.000011444 0.000034332 -0.000576872 0.002168828 -1.309510829
82 2.94140625 -0.000015259 -0.000007629 0.003967107 0.006944486 -1.466881704
83 -0.000011921 0 0 0.398893261 0.159072221 -0.629548
84 19.394897461 13.160597801 -0.467075348 -2.638419551 -0.386422437 -1.117071213
85 -26.240745544 0.000015259 0.000007629 0.261206624 -0.315818625 0.562786687
86 -31.970993042 0.000015259 0.000007629 -0.681941158 -0.155738629 -0.167891009
87 -11.614608765 3.933105469 0.069387436 -1.57844541 1.529199082 -2.544968304
88 -10.484524727 1.069198608 3.539874077 -3.131584703 0.028220486 2.411526648
89 2.757156372 0 0.000021935 -0.011712134 0.035128624 1.019560794
90 1.775390625 0 -0.000026703 -0.261071927 -0.262843666 1.059935836
91 -11.046480179 1.142410278 1.529695511 -3.130487012 0.018259081 2.114134707
92 3.98828125 0.000015259 0.000035286 0.004872241 -0.009924216 1.610032301
93 2.26953125 -0.000015259 -0.000001907 -0.076539319 -0.095407065 1.438172442
94 -11.192631721 1.041534424 -2.758425713 -3.116629264 0.004012045 2.226905852
95 3.82421875 0.000038147 0.000049591 0.00053161 0.002187187 1.610324685
96 8.78578186 -0.000038147 0.000007153 0.08229373 0.071373082 -0.580233542
97 2.94140625 0.000030518 -0.000013351 -0.004550553 0.006091757 1.767588569
98 -11.120119095 1.091552734 -0.63111496 -3.132136147 0.020772815 2.221577138
99 3.989440918 0 0.000050545 0.021444626 0.041947477 1.751021405
100 3.478302002 0 -0.000009537 -0.001306817 0.004312204 1.848998194
101 -4.853610992 2.155105591 -4.018514633 3.123057975 0.125574955 2.46129872
102 2.980110168 0 0.000009537 0.038574713 -0.163808097 -0.240289671
103 1.982421875 -0.000030518 0.000038147 0 0 -0.040571652
104 0.000008583 -0.000015259 -0.000015259 -0.01786834 -0.032037725 -0.918099438
105 7.08984375 0 0.000003815 3.141592654 -0.174494795 3.141592654
106 7.528289795 8.168074608 -1.23279953 3.140532953 0.12983243 -3.131281621
107 -54.911262512 -0.64967823 -0.176692963 1.582130458 0.554358023 0.058313272
108 -61.183189392 -0.000003815 -0.000000954 0.032463579 0.013161273 -0.30781948
109 8.588684082 0 1.514411926 0 0 0
110 4.260498047 -21.349504471 -3.218477249 0.039617214 -0.160802419 -0.240463093
111 15.606681824 0 -0.000007629 -0.001596118 -0.014979541 -0.052044396
112 15.853752136 0.000003815 -0.000005722 -0.00955398 0.023111841 -0.101151877
113 15.151863098 0.000007629 0.000001907 -0.005783531 0.116357857 -0.02506602
114 11.149967194 0 -0.000007629 0.111509384 0.224751777 -0.193780699
115 1.725097656 -0.142128021 11.160655975 -1.816306541 -1.137803542 0.05997498
116 15.606674194 0 0 0 0 -0.213347799
117 15.853733063 0 0 -0.022770606 -0.074268181 0.748311439
118 15.151847839 -0.000007629 -0.000001907 0.000086145 -0.00000545 0.126365453
119 11.149963379 -0.000007629 0.000003815 0 0 0.475675013
120 6.678710938 -0.142132968 -16.932605743 1.571026758 -0.194152439 3.141570214
121 -15.606689453 0 -0.00000003 0 0 -0.028917117
122 -15.853744507 0.000003815 0.00000599 0 0 -0.024946183
123 -15.15184021 -0.000007629 0 0 0 0.110541712
124 -11.14995575 0 0.00000602 0 0 0.11832296
125 2.507644653 15.93921566 6.722553253 -1.704923831 0.337231446 -3.025606472
126 -15.606689453 -0.000001907 0 0.013009704 0.078130799 -0.011930948
127 -15.853752136 0 0.000009537 0.017168336 -0.068164784 0.079501086
128 -15.151855469 -0.000007629 0.000007629 -0.003797676 -0.118257636 -0.042493629
129 -11.14995575 0 -0.000007629 -0.013427652 -0.045352597 -0.1209924
130 2.507614136 -17.075353622 6.722560883 -1.094657697 -0.900858032 -0.526528513
131 15.606666565 0 -0.000007629 0.007728754 0.041973863 -0.026689198
132 15.853740692 0 0.000007629 0.007815578 -0.058521211 0.108112605
133 15.151847839 0 -0.000003815 -0.009321531 0.005501951 0.032086036
134 11.149971008 0.000007629 -0.000011444 -0.007783311 0.007754311 0.207765736
135 5.893127441 15.939211845 -12.477546692 2.948481181 0.102563213 0.237119492
136 15.606666565 0.000007629 0.000026703 0.010635384 0.085598688 -0.005851527
137 15.853744507 -0.000003815 -0.000007629 0.019381042 -0.066558334 0.066735018
138 15.151870728 0 0.000003815 0.002910372 -0.147328352 -0.093377943
139 11.14994812 0.000007629 -0.000007629 -0.05973597 -0.14066769 -0.004620436
140 5.893157959 -17.075357437 -12.477550507 1.676608201 -0.176053388 2.925593924
141 -15.606674194 -0.000007629 0.000019073 0.002342356 0.043265225 -0.067391296
142 -15.853736877 -0.000003815 -0.000011444 0.023470317 -0.044593563 0.074959278
143 -15.151832581 -0.000003815 -0.000007629 -0.001084339 -0.005137259 0.085741872
144 -11.149940491 -0.000007629 -0.000007629 -0.04804901 -0.070682762 0.134500331
145 4.260482788 20.773920059 -3.218482971 0.039617214 0.160802419 -2.901129561
146 -15.606689453 0 0.000001907 -0.000701325 0.015981592 0.031070668
147 -15.853752136 0.000007629 0 -0.002332142 -0.023322061 -0.074054596
148 -15.15184021 -0.000003815 -0.000001907 -0.004700521 -0.119790776 0.063936049
149 -11.14995575 0.000007629 -0.000005722 -0.005012068 -0.005274088 0.066576156
150 7.528274536 -8.043748856 -1.232803345 0.031305112 -0.943235179 -0.025850802
151 54.911254883 0.6496768 0.176704407 1.593697068 0.837202632 0.061568683
152 61.183185577 0.000003815 -0.000000954 0.081805183 0.04657933 0.425550286
153 -0.364086866 -2.758008003 4.994803905 0 0 0.000244115
154 -0.364086866 -2.758006096 4.994803905 0 0 0.000244115
155 -0.364086866 -2.758006096 4.994803905 0 0 0.000244115
156 -0.364086866 -2.758006096 4.994803905 0 0 0.000244115
157 -0.364086866 -2.758006096 4.994803905 0 0 0.000244115
158 -0.364086866 -2.758006096 4.994803905 0 0 0.000244115
159 -0.364086866 -2.758006096 4.994803905 0 0 0.000244115
160 -0.364086866 -2.758006096 4.994803905 0 0 0.000244115
161 -0.364086866 -2.758006096 4.994803905 0 0 0.000244115
162 -0.498048782 -4.95163393 0.510848999 0 0 0.000244115
163 -0.364086866 -2.758006096 4.994803905 0 0 0.000244115
time 3
0 -0.364086866 -2.758006096 4.994803905 0 0 0.000244115
1 -0.355919659 -7.472979069 4.667173968 0 -1.336748973 -1.570796327
2 130.809020996 -0.00000003 -0.000008583 0 0 0
3 6.662002563 -0.142129987 2.521343231 2.976508967 0.039441413 -0.050046979
4 24.360931396 0 0.000019073 -0.182189532 0.307966883 -0.00669101
5 24.806396484 -0.000005722 0.765964508 0.333356226 -0.344667843 -0.147121088
6 8.120300293 -0.000001431 0 0.056776401 0.002999165 -0.020466887
7 8.120315552 0 -0.000007629 0 -0.880742373 0
8 8.120315552 0 -0.000007629 0 -1.357954675 0
9 5.115234375 7.517080307 -23.079311371 1.497910054 -0.232879522 -0.039807904
10 -13.525100708 0 -0.000003815 0.025688263 0.168752686 -0.32124617
11 -11.953063965 -0.000009537 -0.000000268 0.071634647 -0.065106739 -0.233149421
12 -8.290374756 0 0 0.147904124 -0.280152266 -0.054281892
13 -7.875 0.00002861 0 0.05590437 -0.16020105 0.41207883
14 -8.78578949 0.000038147 -0.000007629 0.196774238 -0.006412238 0.324762113
15 -8.903717041 0.000007629 0 0.062574388 0.090521387 0.291883118
16 5.903457642 12.714842796 -17.69317627 1.36148803 -0.267641811 -0.09892451
17 -13.525131226 0 0 -0.000044575 0.204091716 -0.293815893
18 -11.953048706 -0.000015259 0 0.093568716 -0.015811811 -0.258273765
19 -8.290390015 -0.000001907 0 0.108574205 -0.211497772 0.050106091
20 -7.875 0.000034332 -0.000007629 0.020457947 -0.213914777 0.357778509
21 -8.78578949 0.000038147 -0.000015259 0.189780395 0.01136685 0.408827912
22 -8.90372467 -0.000007629 0 -0.034714344 0.050527426 0.273301545
23 5.115188599 -7.603518009 -23.079315186 -1.586561077 0.220010044 -2.952618162
24 13.525115967 0 0.000003815 0.021331601 -0.119215516 -0.328044784
25 11.953033447 0.000015259 0.000003815 0.083749825 0.043044062 -0.134314467
26 8.290374756 0.000001907 0 0.105214162 0.237802381 0.049840042
27 7.875 -0.000038147 0.000003815 0.118286171 0.437944244 0.347936995
28 8.785774231 -0.000038147 -0.000007629 0.187477484 0.249401402 0.150602189
29 8.903709412 0.000007629 0 -0.018150089 0.290415865 0.241872853
30 5.903442383 -12.801285744 -17.693191528 -1.647218363 0.272422352 -2.869453912
31 13.525115967 0.000007629 0 -0.009434559 -0.064896001 -0.343205601
32 11.953048706 0.000011444 0.000007629 0.084368385 0.039477772 -0.117044635
33 8.290374756 -0.000003815 0.000007629 0.11996404 0.265070605 0.261846912
34 7.875 -0.000030518 0.000002325 0.111338115 0.452526169 0.325803962
35 8.785797119 -0.000053406 0 0.252620672 0.374946381 0.148522896
36 8.903717041 0 -0.000007629 -0.062101952 0.267503452 0.239655112
37 4.435424805 0.000132561 -25.179950714 -3.111724604 0.578699502 -3.072164074
38 14.171020508 0.000023842 1.280685425 -0.066558472 0.184989726 -0.135588219
39 10.9765625 0.000022888 0.352539063 -0.006545717 0.212397985 0.091783842
40 8.120300293 -0.000001907 -0.000015259 -0.058589543 -0.101158973 0.287616122
41 8.120285034 0.000003815 -0.000030518 -0.102934762 -0.317807197 0.315578878
42 8.120330811 -0.000003815 -0.000015259 0.030847786 0.067654099 0.048641866
43 8.12033844 0.000003815 0.000061035 -0.038652756 -0.03069641 0.070027119
44 7.146972656 16.179798126 -9.19562912 1.397809155 -0.270878016 -0.082202438
45 -13.525115967 0 0 -0.072844898 0.025898106 -0.263344749
46 -11.953033447 -0.000013351 -0.000007629 0.111092612 0.013984609 -0.304195871
47 -8.290374756 0.000003815 0.000015259 0.144368951 -0.132159051 0.058005553
48 -7.875 0.000045776 0.000007629 0.035150505 -0.152731161 0.430306383
49 -8.785774231 0.000022888 -0.000007629 0.194269124 0.14039988 0.402498132
50 -8.903717041 0 0 -0.0669368 0.117636953 0.048836871
51 7.146972656 -16.26625061 -9.195617676 -1.655079008 0.185110496 -2.867869534
52 13.525131226 -0.000007629 0.000007629 -0.07170353 -0.146104442 -0.276097636
53 11.953018188 0.000009537 0.000007629 0.08307762 0.051581905 -0.116493391
54 8.290374756 0.000005722 0.000015259 0.152518157 0.266199254 0.333792489
55 7.875 -0.000053406 -0.000001907 0.173135372 0.496337688 0.408332091
56 8.78578949 -0.000038147 0.000007629 0.313767943 0.566140251 0.073777172
57 8.903717041 0.000007629 -0.000015259 -0.130426534 0.26142351 0.212342776
58 -5.367324829 8.366909981 8.703098297 1.878078254 -0.726053599 3.04979901
59 13.525131226 0 -0.000003815 -0.294796652 0.025796171 -0.029052018
60 -3.441864014 -10.792387962 9.376991272 1.832362993 -0.891487678 -3.132540619
61 13.525108337 0.000015259 -0.000003815 -0.428061732 0.218465462 -0.413037115
62 11.953048706 0.000015259 0 0.200926944 0.021257399 -0.256337148
63 8.290390015 0.000011444 0 0.125827464 -0.012006233 0.054603926
64 7.875 -0.000022888 0 0.113071699 -0.248091731 -0.311158114
65 19.39491272 -14.052387238 -0.467090607 -0.166144446 -0.711231068 -2.296010822
66 26.240745544 0 -0.000015259 2.320520964 -0.901772741 -1.086771679
67 31.970989227 0.000007629 0.000030518 -1.203974761 0.064327482 -0.023777199
68 4.627254486 -2.311279297 4.185630798 -0.021512477 -0.254658869 -0.451859094
69 2.980101585 0 -0.000003815 -0.040823197 0.14004721 0.242069561
70 1.982421875 0.000030518 0.000026703 0.001822187 0.301463179 0.041313792
71 10.844875336 -1.281555176 -1.331680298 0.003154845 -0.01855101 -1.502721343
72 3.98828125 -0.000015259 0.000030518 0.024656551 0.116612118 -1.30426207
73 2.26953125 0 -0.000011444 0.010246566 0.020303916 -1.235445909
74 10.908855438 -1.23739624 0.829589844 0.008182385 -0.019760774 -1.502678948
75 3.989425659 0.000007629 0.000041962 0.003562594 0.093803498 -1.240572344
76 3.478286743 -0.000015259 -0.000015259 0.01062322 -0.039586617 -1.338501469
77 10.29189682 -1.202133179 -3.344146729 0.018038834 -0.023865117 -1.537453755
78 2.757156372 -0.000007629 0.000019073 -0.00454994 -0.095548155 -1.291608045
79 1.775390625 0 -0.000011444 0.198076059 0.357239486 -1.30316968
80 10.971858978 -1.19392395 2.957344055 -0.012167132 -0.015944087 -1.622309173
81 3.82421875 -0.000011444 0.000034332 -0.000576872 0.002168828 -1.309510829
82 2.94140625 -0.000015259 -0.000007629 0.003967107 0.006944486 -1.466881704
83 -0.000011921 0 0 0.398893261 0.159072221 -0.629548
84 19.394897461 13.160597801 -0.467075348 -2.655028858 -0.396417563 -1.087821506
85 -26.240745544 0.000015259 0.000007629 0.259973418 -0.350902647 0.585646525
86 -31.970993042 0.000015259 0.000007629 -0.76560888 -0.095389903 -0.216904296
87 -11.614608765 3.933105469 0.069387436 -1.57844541 1.529199082 -2.544968304
88 -10.484524727 1.069198608 3.539874077 -3.131584703 0.028220486 2.411526648
89 2.757156372 0 0.000021935 -0.011712134 0.035128624 1.019560794
90 1.775390625 0 -0.000026703 -0.261071927 -0.262843666 1.059935836
91 -11.046480179 1.142410278 1.529695511 -3.130487012 0.018259081 2.114134707
92 3.98828125 0.000015259 0.000035286 0.004872241 -0.009924216 1.610032301
93 2.26953125 -0.000015259 -0.000001907 -0.076539319 -0.095407065 1.438172442
94 -11.192631721 1.041534424 -2.758425713 -3.116629264 0.004012045 2.226905852
95 3.82421875 0.000038147 0.000049591 0.00053161 0.002187187 1.610324685
96 8.78578186 -0.000038147 0.000007153 0.08229373 0.071373082 -0.580233542
97 2.94140625 0.000030518 -0.000013351 -0.004550553 0.006091757 1.767588569
98 -11.120119095 1.091552734 -0.63111496 -3.132136147 0.020772815 2.221577138
99 3.989440918 0 0.000050545 0.021444626 0.041947477 1.751021405
100 3.478302002 0 -0.000009537 -0.001306817 0.004312204 1.848998194
101 -4.853610992 2.155105591 -4.018514633 3.123057975 0.125574955 2.46129872
102 2.980110168 0 0.000009537 0.038574713 -0.163808097 -0.240289671
103 1.982421875 -0.000030518 0.000038147 0 0 -0.040571652
104 0.000008583 -0.000015259 -0.000015259 -0.01786834 -0.032037725 -0.918099438
105 7.08984375 0 0.000003815 3.141592654 -0.174494795 3.141592654
106 7.528289795 8.168074608 -1.23279953 3.138569441 0.164023691 -3.135172327
107 -54.911262512 -0.64967823 -0.176692963 1.581364656 0.691012231 0.051422669
108 -61.183189392 -0.000003815 -0.000000954 0.036337937 0.012476084 -0.304496597
109 8.588684082 0 1.514411926 0 0 0
110 4.260498047 -21.349504471 -3.218477249 0.037695382 -0.152308678 -0.240324913
111 15.606681824 0 -0.000007629 0.000737139 -0.022258147 -0.058456583
112 15.853752136 0.000003815 -0.000005722 -0.008453691 0.013402582 -0.100661232
113 15.151863098 0.000007629 0.000001907 -0.006108696 0.107208778 -0.017184022
114 11.149967194 0 -0.000007629 0.106187619 0.232999113 -0.204159062
115 1.725097656 -0.142128021 11.160655975 -1.760817537 -1.057973923 0.046476784
116 15.606674194 0 0 0 0 -0.197468119
117 15.853733063 0 0 -0.022669979 -0.073976483 0.692737891
118 15.151847839 -0.000007629 -0.000001907 0.000086145 -0.00000545 0.126365453
119 11.149963379 -0.000007629 0.000003815 0 0 0.475675013
120 6.678710938 -0.142132968 -16.932605743 1.571135002 -0.208875595 3.141557154
121 -15.606689453 0 -0.00000003 0 0 -0.032629176
122 -15.853744507 0.000003815 0.00000599 0 0 -0.04773769
123 -15.15184021 -0.000007629 0 0 0 0.090318007
124 -11.14995575 0 0.00000602 0 0 0.014415026
125 2.507644653 15.93921566 6.722553253 -1.688610565 0.338145114 -2.998301478
126 -15.606689453 -0.000001907 0 0.011983729 0.082537944 -0.013155175
127 -15.853752136 0 0.000009537 0.018022048 -0.052105482 0.0776966
128 -15.151855469 -0.000007629 0.000007629 -0.003482781 -0.108997568 -0.042344261
129 -11.14995575 0 -0.000007629 -0.01638423 -0.05124623 -0.130317669
130 2.507614136 -17.075353622 6.722560883 -1.147421678 -0.781974371 -0.500371149
131 15.606666565 0 -0.000007629 0.010420605 0.050255421 -0.049305296
132 15.853740692 0 0.000007629 0.008950627 -0.063765071 0.107027002
133 15.151847839 0 -0.000003815 -0.009939556 -0.004806111 0.040509822
134 11.149971008 0.000007629 -0.000011444 -0.010818819 0.010495346 0.221372464
135 5.893127441 15.939211845 -12.477546692 2.950431442 0.11636673 0.237713577
136 15.606666565 0.000007629 0.000026703 0.008363764 0.092520745 -0.009722817
137 15.853744507 -0.000003815 -0.000007629 0.019334869 -0.049100231 0.074664601
138 15.151870728 0 0.000003815 0.002498349 -0.133648572 -0.086444325
139 11.14994812 0.000007629 -0.000007629 -0.069685093 -0.059451212 0.062221416
140 5.893157959 -17.075357437 -12.477550507 1.680900559 -0.191136786 2.924702172
141 -15.606674194 -0.000007629 0.000019073 -0.000391445 0.039633586 -0.072025624
142 -15.853736877 -0.000003815 -0.000011444 0.022780972 -0.045438389 0.054145278
143 -15.151832581 -0.000003815 -0.000007629 -0.000705152 -0.003086066 0.065181849
144 -11.149940491 -0.000007629 -0.000007629 -0.096567263 -0.064754988 0.046537798
145 4.260482788 20.773920059 -3.218482971 0.037695382 0.152308678 -2.901267741
146 -15.606689453 0 0.000001907 0.001290613 0.023113503 0.036963057
147 -15.853752136 0.000007629 0 -0.002074629 -0.013211457 -0.078210957
148 -15.15184021 -0.000003815 -0.000001907 -0.004735485 -0.110277366 0.059141215
149 -11.14995575 0.000007629 -0.000005722 -0.010833685 -0.011381182 0.067317148
150 7.528274536 -8.043748856 -1.232803345 0.029400034 -0.873475599 -0.027062097
151 54.911254883 0.6496768 0.176704407 1.590975895 0.739101806 0.060515531
152 61.183185577 0.000003815 -0.000000954 0.093398434 0.034938168 0.345126463
153 -0.364086866 -2.758008003 4.994803905 0 0 0.000244115
154 -0.364086866 -2.758006096 4.994803905 0 0 0.000244115
155 -0.364086866 -2.758006096 4.994803905 0 0 0.000244115
156 -0.364086866 -2.758006096 4.994803905 0 0 0.000244115
157 -0.364086866 -2.758006096 4.994803905 0 0 0.000244115
158 -0.364086866 -2.758006096 4.994803905 0 0 0.000244115
159 -0.364086866 -2.758006096 4.994803905 0 0 0.000244115
160 -0.364086866 -2.758006096 4.994803905 0 0 0.000244115
161 -0.364086866 -2.758006096 4.994803905 0 0 0.000244115
162 -0.498048782 -4.95163393 0.510848999 0 0 0.000244115
163 -0.364086866 -2.758006096 4.994803905 0 0 0.000244115
time 4
0 -0.364086866 -2.758006096 4.994803905 0 0 0.000244115
1 -0.355919659 -7.472979069 2.094972432 0 -1.346666731 -1.570796327
2 130.809020996 -0.00000003 -0.000008583 0 0 0
3 6.662002563 -0.142129987 2.521343231 2.982185281 0.041059344 -0.042256858
4 24.360931396 0 0.000019073 -0.150319825 0.287028927 0.000626423
5 24.806396484 -0.000005722 0.765964508 0.33328965 -0.324176191 -0.142441654
6 8.120300293 -0.000001431 0 0.020019309 0.001003115 -0.01397409
7 8.120315552 0 -0.000007629 0 -0.880742373 0
8 8.120315552 0 -0.000007629 0 -1.357954675 0
9 5.115234375 7.517080307 -23.079311371 1.49171192 -0.272840773 -0.053455355
10 -13.525100708 0 -0.000003815 0.019567589 0.182968897 -0.304350932
11 -11.953063965 -0.000009537 -0.000000268 0.06577369 -0.02452552 -0.278601248
12 -8.290374756 0 0 0.162931086 -0.261516524 -0.13823223
13 -7.875 0.00002861 0 0.058087232 -0.192698349 0.38827854
14 -8.78578949 0.000038147 -0.000007629 0.195011046 -0.055489089 0.389733987
15 -8.903717041 0.000007629 0 0.056782198 0.08706769 0.269045352
16 5.903457642 12.714842796 -17.69317627 1.356806506 -0.308629834 -0.114870882
17 -13.525131226 0 0 -0.004609198 0.211183936 -0.269950292
18 -11.953048706 -0.000015259 0 0.084010155 0.030541851 -0.292417694
19 -8.290390015 -0.000001907 0 0.116699343 -0.176239256 -0.035147111
20 -7.875 0.000034332 -0.000007629 0.023658107 -0.239025657 0.316463699
21 -8.78578949 0.000038147 -0.000015259 0.175884787 -0.047203495 0.457664168
22 -8.90372467 -0.000007629 0 -0.036944077 0.050932179 0.249812306
23 5.115188599 -7.603518009 -23.079315186 -1.579646659 0.256111486 -2.962484923
24 13.525115967 0 0.000003815 0.029021537 -0.134257495 -0.3282824
25 11.953033447 0.000015259 0.000003815 0.085958731 0.011789335 -0.19081066
26 8.290374756 0.000001907 0 0.093769135 0.217024063 -0.013942233
27 7.875 -0.000038147 0.000003815 0.109314999 0.461780453 0.348740377
28 8.785774231 -0.000038147 -0.000007629 0.186854821 0.31318947 0.209118984
29 8.903709412 0.000007629 0 -0.015983644 0.277400216 0.223196525
30 5.903442383 -12.801285744 -17.693191528 -1.641701377 0.307942067 -2.879258648
31 13.525115967 0.000007629 0 -0.001205229 -0.075780713 -0.348702463
32 11.953048706 0.000011444 0.000007629 0.086292481 0.016987553 -0.180002598
33 8.290374756 -0.000003815 0.000007629 0.107698685 0.248153509 0.205030623
34 7.875 -0.000030518 0.000002325 0.102188747 0.46972499 0.339727332
35 8.785797119 -0.000053406 0 0.252219202 0.422056967 0.216012026
36 8.903717041 0 -0.000007629 -0.055453273 0.257629815 0.220824735
37 4.435424805 0.000132561 -25.179950714 -3.106518108 0.613941613 -3.080115435
38 14.171020508 0.000023842 1.280685425 -0.067352155 0.170748721 -0.15212788
39 10.9765625 0.000022888 0.352539063 -0.009883632 0.261942815 0.051900106
40 8.120300293 -0.000001907 -0.000015259 -0.049979275 -0.038972377 0.265575544
41 8.120285034 0.000003815 -0.000030518 -0.114507963 -0.315353354 0.347374747
42 8.120330811 -0.000003815 -0.000015259 0.02103155 -0.003966494 0.122093038
43 8.12033844 0.000003815 0.000061035 -0.038652756 -0.03069641 0.070027119
44 7.146972656 16.179798126 -9.19562912 1.397809155 -0.270878016 -0.082202438
45 -13.525115967 0 0 -0.084131954 0.025338997 -0.236097035
46 -11.953033447 -0.000013351 -0.000007629 0.095082881 0.060103032 -0.330313439
47 -8.290374756 0.000003815 0.000015259 0.146970794 -0.080735645 -0.031240651
48 -7.875 0.000045776 0.000007629 0.031824194 -0.169757014 0.378205395
49 -8.785774231 0.000022888 -0.000007629 0.168126446 0.081486532 0.45304824
50 -8.903717041 0 0 -0.068479997 0.117797328 0.025290769
51 7.146972656 -16.26625061 -9.195617676 -1.649341959 0.219039387 -2.88063653
52 13.525131226 -0.000007629 0.000007629 -0.066439057 -0.153364709 -0.283205024
53 11.953018188 0.000009537 0.000007629 0.083396806 0.037501321 -0.181007377
54 8.290374756 0.000005722 0.000015259 0.138891096 0.252566507 0.279447119
55 7.875 -0.000053406 -0.000001907 0.16187726 0.506052 0.429168055
56 8.78578949 -0.000038147 0.000007629 0.311658177 0.599254664 0.143396838
57 8.903717041 0.000007629 -0.000015259 -0.117170872 0.254599878 0.197027043
58 -5.367324829 8.366909981 8.703098297 1.909416093 -0.700305055 3.016302603
59 13.525131226 0 -0.000003815 -0.294796652 0.025796171 -0.029052018
60 -3.441864014 -10.792387962 9.376991272 1.872292893 -0.881285451 3.110148673
61 13.525108337 0.000015259 -0.000003815 -0.433102969 0.209744882 -0.429255104
62 11.953048706 0.000015259 0 0.194832927 0.033254948 -0.260071348
63 8.290390015 0.000011444 0 0.123536016 0.013428288 0.114704442
64 7.875 -0.000022888 0 0.104801243 -0.229021506 -0.277069232
65 19.39491272 -14.052387238 -0.467090607 -0.230046801 -0.64372817 -2.266009991
66 26.240745544 0 -0.000015259 2.240509469 -0.864785443 -1.028812304
67 31.970989227 0.000007629 0.000030518 -1.203173694 0.027733443 -0.01359423
68 4.627254486 -2.311279297 4.185630798 -0.021512477 -0.254658869 -0.451859094
69 2.980101585 0 -0.000003815 -0.040823197 0.14004721 0.242069561
70 1.982421875 0.000030518 0.000026703 0.001822187 0.301463179 0.041313792
71 10.844875336 -1.281555176 -1.331680298 0.003154845 -0.01855101 -1.502721343
72 3.98828125 -0.000015259 0.000030518 0.024656551 0.116612118 -1.30426207
73 2.26953125 0 -0.000011444 0.010246566 0.020303916 -1.235445909
74 10.908855438 -1.23739624 0.829589844 0.008182385 -0.019760774 -1.502678948
75 3.989425659 0.000007629 0.000041962 0.003562594 0.093803498 -1.240572344
76 3.478286743 -0.000015259 -0.000015259 0.01062322 -0.039586617 -1.338501469
77 10.29189682 -1.202133179 -3.344146729 0.018038834 -0.023865117 -1.537453755
78 2.757156372 -0.000007629 0.000019073 -0.00454994 -0.095548155 -1.291608045
79 1.775390625 0 -0.000011444 0.198076059 0.357239486 -1.30316968
80 10.971858978 -1.19392395 2.957344055 -0.012167132 -0.015944087 -1.622309173
81 3.82421875 -0.000011444 0.000034332 -0.000576872 0.002168828 -1.309510829
82 2.94140625 -0.000015259 -0.000007629 0.003967107 0.006944486 -1.466881704
83 -0.000011921 0 0 0.398893261 0.159072221 -0.629548
84 19.394897461 13.160597801 -0.467075348 -2.67100371 -0.405634603 -1.05322518
85 -26.240745544 0.000015259 0.000007629 0.258449633 -0.387259718 0.607281272
86 -31.970993042 0.000015259 0.000007629 -0.864827485 -0.02387174 -0.274982292
87 -11.614608765 3.933105469 0.069387436 -1.57844541 1.529199082 -2.544968304
88 -10.484524727 1.069198608 3.539874077 -3.131584703 0.028220486 2.411526648
89 2.757156372 0 0.000021935 -0.011712134 0.035128624 1.019560794
90 1.775390625 0 -0.000026703 -0.261071927 -0.262843666 1.059935836
91 -11.046480179 1.142410278 1.529695511 -3.130487012 0.018259081 2.114134707
92 3.98828125 0.000015259 0.000035286 0.004872241 -0.009924216 1.610032301
93 2.26953125 -0.000015259 -0.000001907 -0.076539319 -0.095407065 1.438172442
94 -11.192631721 1.041534424 -2.758425713 -3.116629264 0.004012045 2.226905852
95 3.82421875 0.000038147 0.000049591 0.00053161 0.002187187 1.610324685
96 8.78578186 -0.000038147 0.000007153 0.08229373 0.071373082 -0.580233542
97 2.94140625 0.000030518 -0.000013351 -0.004550553 0.006091757 1.767588569
98 -11.120119095 1.091552734 -0.63111496 -3.132136147 0.020772815 2.221577138
99 3.989440918 0 0.000050545 0.021444626 0.041947477 1.751021405
100 3.478302002 0 -0.000009537 -0.001306817 0.004312204 1.848998194
101 -4.853610992 2.155105591 -4.018514633 3.123057975 0.125574955 2.46129872
102 2.980110168 0 0.000009537 0.038574713 -0.163808097 -0.240289671
103 1.982421875 -0.000030518 0.000038147 0 0 -0.040571652
104 0.000008583 -0.000015259 -0.000015259 -0.01786834 -0.032037725 -0.918099438
105 7.08984375 0 0.000003815 3.141592654 -0.174494795 3.141592654
106 7.528289795 8.168074608 -1.23279953 3.136270579 0.208580611 -3.13937248
107 -54.911262512 -0.64967823 -0.176692963 1.579836074 0.828240049 0.043912139
108 -61.183189392 -0.000003815 -0.000000954 0.041241183 0.011356494 -0.29865163
109 8.588684082 0 1.514411926 0 0 0
110 4.260498047 -21.349504471 -3.218477249 0.035159231 -0.141713316 -0.240019858
111 15.606681824 0 -0.000007629 0.003505274 -0.03115152 -0.064206819
112 15.853752136 0.000003815 -0.000005722 -0.007081614 0.003267688 -0.102255902
113 15.151863098 0.000007629 0.000001907 -0.006361928 0.097114462 -0.009988133
114 11.149967194 0 -0.000007629 0.099276776 0.240253156 -0.214732376
115 1.725097656 -0.142128021 11.160655975 -1.69526952 -0.963226207 0.030702795
116 15.606674194 0 0 0 0 -0.176921023
117 15.853733063 0 0 -0.022560057 -0.07338025 0.627802825
118 15.151847839 -0.000007629 -0.000001907 0.000086145 -0.00000545 0.126365453
119 11.149963379 -0.000007629 0.000003815 0 0 0.475675013
120 6.678710938 -0.142132968 -16.932605743 1.571050078 -0.223241596 3.141564211
121 -15.606689453 0 -0.00000003 0 0 -0.03392411
122 -15.853744507 0.000003815 0.00000599 0 0 -0.068376177
123 -15.15184021 -0.000007629 0 0 0 0.064662514
124 -11.14995575 0 0.00000602 0 0 -0.089367549
125 2.507644653 15.93921566 6.722553253 -1.666445663 0.338460052 -2.965050623
126 -15.606689453 -0.000001907 0 0.01101349 0.083742545 -0.013448087
127 -15.853752136 0 0.000009537 0.018813113 -0.036996242 0.075818113
128 -15.151855469 -0.000007629 0.000007629 -0.003132309 -0.094728664 -0.043321074
129 -11.14995575 0 -0.000007629 -0.020021561 -0.057573716 -0.140215024
130 2.507614136 -17.075353622 6.722560883 -1.209846694 -0.640876818 -0.468404364
131 15.606666565 0 -0.000007629 0.013662579 0.057504971 -0.071728638
132 15.853740692 0 0.000007629 0.010982115 -0.06589646 0.099603856
133 15.151847839 0 -0.000003815 -0.0103132 -0.015722185 0.048770681
134 11.149971008 0.000007629 -0.000011444 -0.014799729 0.013823559 0.234364787
135 5.893127441 15.939211845 -12.477546692 2.952967218 0.129924135 0.238312607
136 15.606666565 0.000007629 0.000026703 0.005641221 0.097185922 -0.013725667
137 15.853744507 -0.000003815 -0.000007629 0.019355428 -0.032224533 0.080257641
138 15.151870728 0 0.000003815 0.002002375 -0.115825353 -0.077778251
139 11.14994812 0.000007629 -0.000007629 -0.078809786 0.021633439 0.129167431
140 5.893157959 -17.075357437 -12.477550507 1.684736705 -0.205293634 2.92384484
141 -15.606674194 -0.000007629 0.000019073 -0.002206487 0.036457535 -0.073610944
142 -15.853736877 -0.000003815 -0.000011444 0.021800498 -0.047264548 0.034888394
143 -15.151832581 -0.000003815 -0.000007629 -0.00063852 -0.001713944 0.039881546
144 -11.149940491 -0.000007629 -0.000007629 -0.145228701 -0.058848897 -0.041350672
145 4.260482788 20.773920059 -3.218482971 0.035159231 0.141713316 -2.901572796
146 -15.606689453 0 0.000001907 0.003869038 0.031950431 0.042192956
147 -15.853752136 0.000007629 0 -0.001617785 -0.002742816 -0.080121247
148 -15.15184021 -0.000003815 -0.000001907 -0.004653712 -0.099735218 0.053389538
149 -11.14995575 0.000007629 -0.000005722 -0.018273957 -0.019244323 0.067953425
150 7.528274536 -8.043748856 -1.232803345 0.027068348 -0.786578238 -0.028521401
151 54.911254883 0.6496768 0.176704407 1.587577781 0.619860315 0.059281159
152 61.183185577 0.000003815 -0.000000954 0.106076331 0.022216021 0.253136971
153 -0.364086866 -2.758008003 4.994803905 0 0 0.000244115
154 -0.364086866 -2.758006096 4.994803905 0 0 0.000244115
155 -0.364086866 -2.758006096 4.994803905 0 0 0.000244115
156 -0.364086866 -2.758006096 4.994803905 0 0 0.000244115
157 -0.364086866 -2.758006096 4.994803905 0 0 0.000244115
158 -0.364086866 -2.758006096 4.994803905 0 0 0.000244115
159 -0.364086866 -2.758006096 4.994803905 0 0 0.000244115
160 -0.364086866 -2.758006096 4.994803905 0 0 0.000244115
161 -0.364086866 -2.758006096 4.994803905 0 0 0.000244115
162 -0.498048782 -4.95163393 0.510848999 0 0 0.000244115
163 -0.364086866 -2.758006096 4.994803905 0 0 0.000244115
time 5
0 -0.364086866 -2.758006096 4.994803905 0 0 0.000244115
1 -0.355919659 -7.472979069 -0.265814638 0 -1.355737327 -1.570796327
2 130.809020996 -0.00000003 -0.000008583 0 0 0
3 6.662002563 -0.142129987 2.521343231 2.9888563 0.042676244 -0.032966955
4 24.360931396 0 0.000019073 -0.112731593 0.262272337 0.009183871
5 24.806396484 -0.000005722 0.765964508 0.333325349 -0.299929812 -0.137046233
6 8.120300293 -0.000001431 0 -0.023302402 -0.001195461 -0.006287633
7 8.120315552 0 -0.000007629 0 -0.880742373 0
8 8.120315552 0 -0.000007629 0 -1.357954675 0
9 5.115234375 7.517080307 -23.079311371 1.488972683 -0.305517347 -0.069433652
10 -13.525100708 0 -0.000003815 0.015212617 0.190015426 -0.275870431
11 -11.953063965 -0.000009537 -0.000000268 0.056835841 0.01713383 -0.30824702
12 -8.290374756 0 0 0.173590461 -0.228617594 -0.225891453
13 -7.875 0.00002861 0 0.062620209 -0.220770464 0.337352107
14 -8.78578949 0.000038147 -0.000007629 0.191225274 -0.108709378 0.437396004
15 -8.903717041 0.000007629 0 0.049980443 0.083008397 0.242464586
16 5.903457642 12.714842796 -17.69317627 1.355191518 -0.341270496 -0.131890756
17 -13.525131226 0 0 -0.007174175 0.20919276 -0.236241844
18 -11.953048706 -0.000015259 0 0.072890391 0.07309812 -0.309406932
19 -8.290390015 -0.000001907 0 0.120346297 -0.12799486 -0.121728124
20 -7.875 0.000034332 -0.000007629 0.031992756 -0.253187104 0.248270192
21 -8.78578949 0.000038147 -0.000015259 0.159859989 -0.106006943 0.487099579
22 -8.90372467 -0.000007629 0 -0.039273329 0.051304667 0.222616736
23 5.115188599 -7.603518009 -23.079315186 -1.57688346 0.288110041 -2.976876143
24 13.525115967 0 0.000003815 0.035947219 -0.145474541 -0.316297228
25 11.953033447 0.000015259 0.000003815 0.091292955 -0.023106228 -0.237947202
26 8.290374756 0.000001907 0 0.083926616 0.183665699 -0.088604849
27 7.875 -0.000038147 0.000003815 0.094750684 0.475969664 0.327011561
28 8.785774231 -0.000038147 -0.000007629 0.185645235 0.374692814 0.259663455
29 8.903709412 0.000007629 0 -0.013524776 0.262119622 0.201428964
30 5.903442383 -12.801285744 -17.693191528 -1.640339654 0.340247819 -2.893610835
31 13.525115967 0.000007629 0 0.006867671 -0.084506274 -0.34156027
32 11.953048706 0.000011444 0.000007629 0.091012141 -0.008635643 -0.235355541
33 8.290374756 -0.000003815 0.000007629 0.09508751 0.221408029 0.130808631
34 7.875 -0.000030518 0.000002325 0.087948683 0.480966969 0.335095514
35 8.785797119 -0.000053406 0 0.250036726 0.467327318 0.279780751
36 8.903717041 0 -0.000007629 -0.047688995 0.246134267 0.19899277
37 4.435424805 0.000132561 -25.179950714 -3.106235125 0.640293829 -3.093395722
38 14.171020508 0.000023842 1.280685425 -0.065524496 0.144627683 -0.162156638
39 10.9765625 0.000022888 0.352539063 -0.015243826 0.293927652 0.00961081
40 8.120300293 -0.000001907 -0.000015259 -0.04023899 0.032852834 0.23204763
41 8.120285034 0.000003815 -0.000030518 -0.116562406 -0.288196136 0.365360223
42 8.120330811 -0.000003815 -0.000015259 0.003139221 -0.062322211 0.193735446
43 8.12033844 0.000003815 0.000061035 -0.038652756 -0.03069641 0.070027119
44 7.146972656 16.179798126 -9.19562912 1.397809155 -0.270878016 -0.082202438
45 -13.525115967 0 0 -0.093974721 0.017120638 -0.2004099
46 -11.953033447 -0.000013351 -0.000007629 0.079351436 0.09747351 -0.338821301
47 -8.290374756 0.000003815 0.000015259 0.144411037 -0.019866596 -0.118341333
48 -7.875 0.000045776 0.000007629 0.034541692 -0.173118136 0.296382009
49 -8.785774231 0.000022888 -0.000007629 0.137878761 0.024453244 0.480157254
50 -8.903717041 0 0 -0.070005986 0.117887987 -0.002142942
51 7.146972656 -16.26625061 -9.195617676 -1.647289914 0.251219103 -2.895996266
52 13.525131226 -0.000007629 0.000007629 -0.062238494 -0.157394396 -0.279139363
53 11.953018188 0.000009537 0.000007629 0.08630043 0.020755089 -0.239707992
54 8.290374756 0.000005722 0.000015259 0.124513601 0.23115284 0.206131116
55 7.875 -0.000053406 -0.000001907 0.145761339 0.512309697 0.433762999
56 8.78578949 -0.000038147 0.000007629 0.305845141 0.631879873 0.211774745
57 8.903717041 0.000007629 -0.000015259 -0.10172048 0.246518781 0.179274175
58 -5.367324829 8.366909981 8.703098297 1.934382016 -0.675591667 2.988412139
59 13.525131226 0 -0.000003815 -0.294796652 0.025796171 -0.029052018
60 -3.441864014 -10.792387962 9.376991272 1.905051887 -0.867778255 3.07586067
61 13.525108337 0.000015259 -0.000003815 -0.436802349 0.196546922 -0.440828875
62 11.953048706 0.000015259 0 0.188040816 0.044676701 -0.267188431
63 8.290390015 0.000011444 0 0.122538573 0.041544278 0.168468581
64 7.875 -0.000022888 0 0.094976452 -0.203592354 -0.230091345
65 19.39491272 -14.052387238 -0.467090607 -0.282676334 -0.566006813 -2.248631253
66 26.240745544 0 -0.000015259 2.14465374 -0.82027029 -0.959301499
67 31.970989227 0.000007629 0.000030518 -1.20230435 -0.012088062 -0.003432409
68 4.627254486 -2.311279297 4.185630798 -0.021512477 -0.254658869 -0.451859094
69 2.980101585 0 -0.000003815 -0.040823197 0.14004721 0.242069561
70 1.982421875 0.000030518 0.000026703 0.001822187 0.301463179 0.041313792
71 10.844875336 -1.281555176 -1.331680298 0.003154845 -0.01855101 -1.502721343
72 3.98828125 -0.000015259 0.000030518 0.024656551 0.116612118 -1.30426207
73 2.26953125 0 -0.000011444 0.010246566 0.020303916 -1.235445909
74 10.908855438 -1.23739624 0.829589844 0.008182385 -0.019760774 -1.502678948
75 3.989425659 0.000007629 0.000041962 0.003562594 0.093803498 -1.240572344
76 3.478286743 -0.000015259 -0.000015259 0.01062322 -0.039586617 -1.338501469
77 10.29189682 -1.202133179 -3.344146729 0.018038834 -0.023865117 -1.537453755
78 2.757156372 -0.000007629 0.000019073 -0.00454994 -0.095548155 -1.291608045
79 1.775390625 0 -0.000011444 0.198076059 0.357239486 -1.30316968
80 10.971858978 -1.19392395 2.957344055 -0.012167132 -0.015944087 -1.622309173
81 3.82421875 -0.000011444 0.000034332 -0.000576872 0.002168828 -1.309510829
82 2.94140625 -0.000015259 -0.000007629 0.003967107 0.006944486 -1.466881704
83 -0.000011921 0 0 0.398893261 0.159072221 -0.629548
84 19.394897461 13.160597801 -0.467075348 -2.685659552 -0.413697026 -1.016852568
85 -26.240745544 0.000015259 0.000007629 0.256696366 -0.4241771 0.627676102
86 -31.970993042 0.000015259 0.000007629 -0.969176754 0.051488761 -0.336077653
87 -11.614608765 3.933105469 0.069387436 -1.57844541 1.529199082 -2.544968304
88 -10.484524727 1.069198608 3.539874077 -3.131584703 0.028220486 2.411526648
89 2.757156372 0 0.000021935 -0.011712134 0.035128624 1.019560794
90 1.775390625 0 -0.000026703 -0.261071927 -0.262843666 1.059935836
91 -11.046480179 1.142410278 1.529695511 -3.130487012 0.018259081 2.114134707
92 3.98828125 0.000015259 0.000035286 0.004872241 -0.009924216 1.610032301
93 2.26953125 -0.000015259 -0.000001907 -0.076539319 -0.095407065 1.438172442
94 -11.192631721 1.041534424 -2.758425713 -3.116629264 0.004012045 2.226905852
95 3.82421875 0.000038147 0.000049591 0.00053161 0.002187187 1.610324685
96 8.78578186 -0.000038147 0.000007153 0.08229373 0.071373082 -0.580233542
97 2.94140625 0.000030518 -0.000013351 -0.004550553 0.006091757 1.767588569
98 -11.120119095 1.091552734 -0.63111496 -3.132136147 0.020772815 2.221577138
99 3.989440918 0 0.000050545 0.021444626 0.041947477 1.751021405
100 3.478302002 0 -0.000009537 -0.001306817 0.004312204 1.848998194
101 -4.853610992 2.155105591 -4.018514633 3.123057975 0.125574955 2.46129872
102 2.980110168 0 0.000009537 0.038574713 -0.163808097 -0.240289671
103 1.982421875 -0.000030518 0.000038147 0 0 -0.040571652
104 0.000008583 -0.000015259 -0.000015259 -0.01786834 -0.032037725 -0.918099438
105 7.08984375 0 0.000003815 3.141592654 -0.174494795 3.141592654
106 7.528289795 8.168074608 -1.23279953 3.133833383 0.261762653 3.139526523
107 -54.911262512 -0.64967823 -0.176692963 1.577625436 0.948266601 0.036984418
108 -61.183189392 -0.000003815 -0.000000954 0.046876438 0.009973473 -0.289417415
109 8.588684082 0 1.514411926 0 0 0
110 4.260498047 -21.349504471 -3.218477249 0.032166174 -0.12943382 -0.239764908
111 15.606681824 0 -0.000007629 0.006585442 -0.041061732 -0.068267033
112 15.853752136 0.000003815 -0.000005722 -0.005570168 -0.007468178 -0.105421931
113 15.151863098 0.000007629 0.000001907 -0.006518549 0.085550596 -0.004944405
114 11.149967194 0 -0.000007629 0.091120041 0.246618377 -0.225549735
115 1.725097656 -0.142128021 11.160655975 -1.626054171 -0.863615867 0.013905898
116 15.606674194 0 0 0 0 -0.152929622
117 15.853733063 0 0 -0.022316618 -0.072464015 0.560836719
118 15.151847839 -0.000007629 -0.000001907 0.000086145 -0.00000545 0.126365453
119 11.149963379 -0.000007629 0.000003815 0 0 0.475675013
120 6.678710938 -0.142132968 -16.932605743 1.571087364 -0.236758634 3.141558039
121 -15.606689453 0 -0.00000003 0 0 -0.034787401
122 -15.853744507 0.000003815 0.00000599 0 0 -0.085047624
123 -15.15184021 -0.000007629 0 0 0 0.03556438
124 -11.14995575 0 0.00000602 0 0 -0.16929659
125 2.507644653 15.93921566 6.722553253 -1.638747328 0.338778726 -2.928651794
126 -15.606689453 -0.000001907 0 0.010054814 0.083650624 -0.013661443
127 -15.853752136 0 0.000009537 0.019484507 -0.024305536 0.074194431
128 -15.151855469 -0.000007629 0.000007629 -0.002772875 -0.077008338 -0.044642194
129 -11.14995575 0 -0.000007629 -0.024261805 -0.064084373 -0.150682746
130 2.507614136 -17.075353622 6.722560883 -1.27552224 -0.49244876 -0.43306802
131 15.606666565 0 -0.000007629 0.017459101 0.062759856 -0.090941776
132 15.853740692 0 0.000007629 0.013657532 -0.06470172 0.085430153
133 15.151847839 0 -0.000003815 -0.010429897 -0.025195426 0.053313723
134 11.149971008 0.000007629 -0.000011444 -0.019419426 0.017367226 0.246566659
135 5.893127441 15.939211845 -12.477546692 2.955885849 0.143068721 0.238753914
136 15.606666565 0.000007629 0.000026703 0.00287433 0.100715485 -0.016708478
137 15.853744507 -0.000003815 -0.000007629 0.019249097 -0.017042545 0.083076213
138 15.151870728 0 0.000003815 0.001325709 -0.094475484 -0.068255862
139 11.14994812 0.000007629 -0.000007629 -0.085410488 0.084012236 0.180680215
140 5.893157959 -17.075357437 -12.477550507 1.68789577 -0.218676071 2.923177986
141 -15.606674194 -0.000007629 0.000019073 -0.003425324 0.034079513 -0.074232333
142 -15.853736877 -0.000003815 -0.000011444 0.020771277 -0.049752191 0.0189118
143 -15.151832581 -0.000003815 -0.000007629 -0.000871259 -0.001375978 0.011739752
144 -11.149940491 -0.000007629 -0.000007629 -0.182537555 -0.054262936 -0.109030018
145 4.260482788 20.773920059 -3.218482971 0.032166174 0.12943382 -2.901827746
146 -15.606689453 0 0.000001907 0.006661374 0.041811142 0.045987758
147 -15.853752136 0.000007629 0 -0.000936573 0.008342112 -0.079523282
148 -15.15184021 -0.000003815 -0.000001907 -0.004605319 -0.08772757 0.04781308
149 -11.14995575 0.000007629 -0.000005722 -0.026973578 -0.028445317 0.068427471
150 7.528274536 -8.043748856 -1.232803345 0.024365145 -0.688467494 -0.030102459
151 54.911254883 0.6496768 0.176704407 1.583985997 0.490210749 0.057791995
152 61.183185577 0.000003815 -0.000000954 0.11765472 0.010494699 0.161708243
153 -0.364086866 -2.758008003 4.994803905 0 0 0.000244115
154 -0.364086866 -2.758006096 4.994803905 0 0 0.000244115
155 -0.364086866 -2.758006096 4.994803905 0 0 0.000244115
156 -0.364086866 -2.758006096 4.994803905 0 0 0.000244115
157 -0.364086866 -2.758006096 4.994803905 0 0 0.000244115
158 -0.364086866 -2.758006096 4.994803905 0 0 0.000244115
159 -0.364086866 -2.758006096 4.994803905 0 0 0.000244115
160 -0.364086866 -2.758006096 4.994803905 0 0 0.000244115
161 -0.364086866 -2.758006096 4.994803905 0 0 0.000244115
162 -0.498048782 -4.95163393 0.510848999 0 0 0.000244115
163 -0.364086866 -2.758006096 4.994803905 0 0 0.000244115
time 6
0 -0.364086866 -2.758006096 4.994803905 0 0 0.000244115
1 -0.355919659 -7.472979069 -1.992359841 0 -1.3623952 -1.570796327
2 130.809020996 -0.00000003 -0.000008583 0 0 0
3 6.662002563 -0.142129987 2.521343231 2.996251912 0.044131109 -0.022777459
4 24.360931396 0 0.000019073 -0.070724986 0.234668863 0.018794639
5 24.806396484 -0.000005722 0.765964508 0.333275106 -0.2729398 -0.130917673
6 8.120300293 -0.000001431 0 -0.071835345 -0.003807362 0.002209753
7 8.120315552 0 -0.000007629 0 -0.880742373 0
8 8.120315552 0 -0.000007629 0 -1.357954675 0
9 5.115234375 7.517080307 -23.079311371 1.489635845 -0.327844096 -0.08684921
10 -13.525100708 0 -0.000003815 0.012433861 0.188759667 -0.238352167
11 -11.953063965 -0.000009537 -0.000000268 0.046629877 0.055719901 -0.316859318
12 -8.290374756 0 0 0.176406391 -0.182630206 -0.308555762
13 -7.875 0.00002861 0 0.071110697 -0.238805827 0.256603349
14 -8.78578949 0.000038147 -0.000007629 0.186444285 -0.165328235 0.459744441
15 -8.903717041 0.000007629 0 0.042473789 0.0785715 0.213319513
16 5.903457642 12.714842796 -17.69317627 1.356384871 -0.362676523 -0.148826468
17 -13.525131226 0 0 -0.008556871 0.198106733 -0.195983964
18 -11.953048706 -0.000015259 0 0.062694478 0.106938255 -0.305400752
19 -8.290390015 -0.000001907 0 0.117883496 -0.069984129 -0.201022036
20 -7.875 0.000034332 -0.000007629 0.045349867 -0.250205357 0.153272267
21 -8.78578949 0.000038147 -0.000015259 0.144187555 -0.162254444 0.488447421
22 -8.90372467 -0.000007629 0 -0.041671169 0.051739848 0.192767483
23 5.115188599 -7.603518009 -23.079315186 -1.578410277 0.313022054 -2.995537125
24 13.525115967 0 0.000003815 0.041548695 -0.1510318 -0.292645246
25 11.953033447 0.000015259 0.000003815 0.099091335 -0.058956899 -0.269491695
26 8.290374756 0.000001907 0 0.078452334 0.136895603 -0.167746595
27 7.875 -0.000038147 0.000003815 0.073481902 0.473852572 0.277399437
28 8.785774231 -0.000038147 -0.000007629 0.182386687 0.431997015 0.295716298
29 8.903709412 0.000007629 0 -0.010681239 0.245507044 0.177649237
30 5.903442383 -12.801285744 -17.693191528 -1.643781125 0.366080376 -2.912463484
31 13.525115967 0.000007629 0 0.01425108 -0.089365001 -0.321801263
32 11.953048706 0.000011444 0.000007629 0.098568228 -0.036018999 -0.276380529
33 8.290374756 -0.000003815 0.000007629 0.084617465 0.182800731 0.044199615
34 7.875 -0.000030518 0.000002325 0.066669075 0.480293408 0.303798815
35 8.785797119 -0.000053406 0 0.245031549 0.510881172 0.334899623
36 8.903717041 0 -0.000007629 -0.039163852 0.233609669 0.175146735
37 4.435424805 0.000132561 -25.179950714 -3.11083975 0.654930405 -3.111452164
38 14.171020508 0.000023842 1.280685425 -0.061196268 0.110690668 -0.164696163
39 10.9765625 0.000022888 0.352539063 -0.020587882 0.303437763 -0.031267225
40 8.120300293 -0.000001907 -0.000015259 -0.032287887 0.105058307 0.187905492
41 8.120285034 0.000003815 -0.000030518 -0.107593848 -0.23579299 0.365545375
42 8.120330811 -0.000003815 -0.000015259 -0.019171707 -0.098168551 0.261035091
43 8.12033844 0.000003815 0.000061035 -0.038652756 -0.03069641 0.070027119
44 7.146972656 16.179798126 -9.19562912 1.397809155 -0.270878016 -0.082202438
45 -13.525115967 0 0 -0.102386376 0.002033747 -0.159650333
46 -11.953033447 -0.000013351 -0.000007629 0.06627738 0.122072257 -0.327032401
47 -8.290374756 0.000003815 0.000015259 0.137028411 0.044997954 -0.195243564
48 -7.875 0.000045776 0.000007629 0.04240514 -0.158322212 0.187460992
49 -8.785774231 0.000022888 -0.000007629 0.107297611 -0.02738131 0.474325783
50 -8.903717041 0 0 -0.071520418 0.118047703 -0.03200271
51 7.146972656 -16.26625061 -9.195617676 -1.648976019 0.278741781 -2.91373215
52 13.525131226 -0.000007629 0.000007629 -0.059563546 -0.156725803 -0.263435066
53 11.953018188 0.000009537 0.000007629 0.092058187 0.002879104 -0.28607724
54 8.290374756 0.000005722 0.000015259 0.111258816 0.199602309 0.116936217
55 7.875 -0.000053406 -0.000001907 0.121998329 0.509444944 0.412675028
56 8.78578949 -0.000038147 0.000007629 0.29486545 0.664627102 0.275585916
57 8.903717041 0.000007629 -0.000015259 -0.084865214 0.237769896 0.159813189
58 -5.367324829 8.366909981 8.703098297 1.951794379 -0.653453189 2.967593908
59 13.525131226 0 -0.000003815 -0.294796652 0.025796171 -0.029052018
60 -3.441864014 -10.792387962 9.376991272 1.92807326 -0.851362648 3.050316859
61 13.525108337 0.000015259 -0.000003815 -0.438753121 0.178754603 -0.446308957
62 11.953048706 0.000015259 0 0.180688693 0.052461108 -0.275071708
63 8.290390015 0.000011444 0 0.123174663 0.071831638 0.212667636
64 7.875 -0.000022888 0 0.08442301 -0.169393805 -0.172444107
65 19.39491272 -14.052387238 -0.467090607 -0.325703095 -0.48265855 -2.241629168
66 26.240745544 0 -0.000015259 2.036127159 -0.770143688 -0.880722492
67 31.970989227 0.000007629 0.000030518 -1.201459025 -0.051930591 0.006073798
68 4.627254486 -2.311279297 4.185630798 -0.021512477 -0.254658869 -0.451859094
69 2.980101585 0 -0.000003815 -0.040823197 0.14004721 0.242069561
70 1.982421875 0.000030518 0.000026703 0.001822187 0.301463179 0.041313792
71 10.844875336 -1.281555176 -1.331680298 0.003154845 -0.01855101 -1.502721343
72 3.98828125 -0.000015259 0.000030518 0.024656551 0.116612118 -1.30426207
73 2.26953125 0 -0.000011444 0.010246566 0.020303916 -1.235445909
74 10.908855438 -1.23739624 0.829589844 0.008182385 -0.019760774 -1.502678948
75 3.989425659 0.000007629 0.000041962 0.003562594 0.093803498 -1.240572344
76 3.478286743 -0.000015259 -0.000015259 0.01062322 -0.039586617 -1.338501469
77 10.29189682 -1.202133179 -3.344146729 0.018038834 -0.023865117 -1.537453755
78 2.757156372 -0.000007629 0.000019073 -0.00454994 -0.095548155 -1.291608045
79 1.775390625 0 -0.000011444 0.198076059 0.357239486 -1.30316968
80 10.971858978 -1.19392395 2.957344055 -0.012167132 -0.015944087 -1.622309173
81 3.82421875 -0.000011444 0.000034332 -0.000576872 0.002168828 -1.309510829
82 2.94140625 -0.000015259 -0.000007629 0.003967107 0.006944486 -1.466881704
83 -0.000011921 0 0 0.398893261 0.159072221 -0.629548
84 19.394897461 13.160597801 -0.467075348 -2.698443259 -0.420446428 -0.982174054
85 -26.240745544 0.000015259 0.000007629 0.254752667 -0.460671214 0.646514111
86 -31.970993042 0.000015259 0.000007629 -1.068430231 0.12307679 -0.394271697
87 -11.614608765 3.933105469 0.069387436 -1.57844541 1.529199082 -2.544968304
88 -10.484524727 1.069198608 3.539874077 -3.131584703 0.028220486 2.411526648
89 2.757156372 0 0.000021935 -0.011712134 0.035128624 1.019560794
90 1.775390625 0 -0.000026703 -0.261071927 -0.262843666 1.059935836
91 -11.046480179 1.142410278 1.529695511 -3.130487012 0.018259081 2.114134707
92 3.98828125 0.000015259 0.000035286 0.004872241 -0.009924216 1.610032301
93 2.26953125 -0.000015259 -0.000001907 -0.076539319 -0.095407065 1.438172442
94 -11.192631721 1.041534424 -2.758425713 -3.116629264 0.004012045 2.226905852
95 3.82421875 0.000038147 0.000049591 0.00053161 0.002187187 1.610324685
96 8.78578186 -0.000038147 0.000007153 0.08229373 0.071373082 -0.580233542
97 2.94140625 0.000030518 -0.000013351 -0.004550553 0.006091757 1.767588569
98 -11.120119095 1.091552734 -0.63111496 -3.132136147 0.020772815 2.221577138
99 3.989440918 0 0.000050545 0.021444626 0.041947477 1.751021405
100 3.478302002 0 -0.000009537 -0.001306817 0.004312204 1.848998194
101 -4.853610992 2.155105591 -4.018514633 3.123057975 0.125574955 2.46129872
102 2.980110168 0 0.000009537 0.038574713 -0.163808097 -0.240289671
103 1.982421875 -0.000030518 0.000038147 0 0 -0.040571652
104 0.000008583 -0.000015259 -0.000015259 -0.01786834 -0.032037725 -0.918099438
105 7.08984375 0 0.000003815 3.141592654 -0.174494795 3.141592654
106 7.528289795 8.168074608 -1.23279953 3.131153337 0.321503419 3.134915508
107 -54.911262512 -0.64967823 -0.176692963 1.574474014 1.033288712 0.031924198
108 -61.183189392 -0.000003815 -0.000000954 0.053004638 0.008061248 -0.2760268
109 8.588684082 0 1.514411926 0 0 0
110 4.260498047 -21.349504471 -3.218477249 0.028868192 -0.116064821 -0.239427556
111 15.606681824 0 -0.000007629 0.009756546 -0.051659586 -0.06994786
112 15.853752136 0.000003815 -0.000005722 -0.003717182 -0.018877179 -0.109820128
113 15.151863098 0.000007629 0.000001907 -0.006416654 0.072253413 -0.003082243
114 11.149967194 0 -0.000007629 0.082125626 0.252100797 -0.236210578
115 1.725097656 -0.142128021 11.160655975 -1.559634915 -0.768925658 -0.002277287
116 15.606674194 0 0 0 0 -0.12636546
117 15.853733063 0 0 -0.021948187 -0.071034201 0.499219302
118 15.151847839 -0.000007629 -0.000001907 0.000086145 -0.00000545 0.126365453
119 11.149963379 -0.000007629 0.000003815 0 0 0.475675013
120 6.678710938 -0.142132968 -16.932605743 1.571109042 -0.249671403 3.141553411
121 -15.606689453 0 -0.00000003 0 0 -0.036859337
122 -15.853744507 0.000003815 0.00000599 0 0 -0.096971691
123 -15.15184021 -0.000007629 0 0 0 0.005783232
124 -11.14995575 0 0.00000602 0 0 -0.201285005
125 2.507644653 15.93921566 6.722553253 -1.605849187 0.339421604 -2.891859225
126 -15.606689453 -0.000001907 0 0.009151374 0.083907841 -0.014562079
127 -15.853752136 0 0.000009537 0.019844734 -0.014804343 0.072985277
128 -15.151855469 -0.000007629 0.000007629 -0.002580359 -0.057482025 -0.045437502
129 -11.14995575 0 -0.000007629 -0.028864165 -0.070677855 -0.161205546
130 2.507614136 -17.075353622 6.722560883 -1.337900542 -0.351422654 -0.397140803
131 15.606666565 0 -0.000007629 0.021851225 0.064947764 -0.104620702
132 15.853740692 0 0.000007629 0.016950667 -0.060584532 0.065044929
133 15.151847839 0 -0.000003815 -0.009863452 -0.031527351 0.050490341
134 11.149971008 0.000007629 -0.000011444 -0.024496392 0.021196324 0.257973907
135 5.893127441 15.939211845 -12.477546692 2.959180718 0.155645595 0.239229836
136 15.606666565 0.000007629 0.000026703 0.000204389 0.104237331 -0.017622125
137 15.853744507 -0.000003815 -0.000007629 0.018830541 -0.004237153 0.082938161
138 15.151870728 0 0.000003815 0.000731609 -0.071063299 -0.059458187
139 11.14994812 0.000007629 -0.000007629 -0.088065946 0.109063651 0.201233135
140 5.893157959 -17.075357437 -12.477550507 1.690506199 -0.231140207 2.922592335
141 -15.606674194 -0.000007629 0.000019073 -0.004179718 0.032840031 -0.075624109
142 -15.853736877 -0.000003815 -0.000011444 0.019678044 -0.052730125 0.006907248
143 -15.151832581 -0.000003815 -0.000007629 -0.001358735 -0.00268723 -0.016657515
144 -11.149940491 -0.000007629 -0.000007629 -0.197464411 -0.052452139 -0.13609341
145 4.260482788 20.773920059 -3.218482971 0.028868192 0.116064821 -2.902165097
146 -15.606689453 0 0.000001907 0.009535541 0.052275198 0.047571984
147 -15.853752136 0.000007629 0 -0.000160298 0.02003429 -0.076327964
148 -15.15184021 -0.000003815 -0.000001907 -0.004543371 -0.073736359 0.043531562
149 -11.14995575 0.000007629 -0.000005722 -0.036665738 -0.03864694 0.068936327
150 7.528274536 -8.043748856 -1.232803345 0.021458129 -0.585389029 -0.031710859
151 54.911254883 0.6496768 0.176704407 1.580367927 0.360534224 0.056161199
152 61.183185577 0.000003815 -0.000000954 0.126121989 0.001962335 0.082657555
153 -0.364086866 -2.758008003 4.994803905 0 0 0.000244115
154 -0.364086866 -2.758006096 4.994803905 0 0 0.000244115
155 -0.364086866 -2.758006096 4.994803905 0 0 0.000244115
156 -0.364086866 -2.758006096 4.994803905 0 0 0.000244115
157 -0.364086866 -2.758006096 4.994803905 0 0 0.000244115
158 -0.364086866 -2.758006096 4.994803905 0 0 0.000244115
159 -0.364086866 -2.758006096 4.994803905 0 0 0.000244115
160 -0.364086866 -2.758006096 4.994803905 0 0 0.000244115
161 -0.364086866 -2.758006096 4.994803905 0 0 0.000244115
162 -0.498048782 -4.95163393 0.510848999 0 0 0.000244115
163 -0.364086866 -2.758006096 4.994803905 0 0 0.000244115
time 7
0 -0.364086866 -2.758006096 4.994803905 0 0 0.000244115
1 -0.355919659 -7.472979069 -2.661834935 0 -1.364952136 -1.570796327
2 130.809020996 -0.00000003 -0.000008583 0 0 0
3 6.662002563 -0.142129987 2.521343231 3.00401568 0.045463897 -0.012046896
4 24.360931396 0 0.000019073 -0.025737487 0.20516778 0.029026337
5 24.806396484 -0.000005722 0.765964508 0.333232373 -0.243961382 -0.124391074
6 8.120300293 -0.000001431 0 -0.123724423 -0.00655914 0.011389632
7 8.120315552 0 -0.000007629 0 -0.880742373 0
8 8.120315552 0 -0.000007629 0 -1.357954675 0
9 5.115234375 7.517080307 -23.079311371 1.493432631 -0.337855578 -0.104842213
10 -13.525100708 0 -0.000003815 0.010479331 0.179326845 -0.195673028
11 -11.953063965 -0.000009537 -0.000000268 0.037210066 0.086971009 -0.301467689
12 -8.290374756 0 0 0.169822267 -0.127502186 -0.376698816
13 -7.875 0.00002861 0 0.083057963 -0.240588005 0.149629853
14 -8.78578949 0.000038147 -0.000007629 0.183255451 -0.221967862 0.446949737
15 -8.903717041 0.000007629 0 0.034724044 0.073988296 0.183038339
16 5.903457642 12.714842796 -17.69317627 1.359943702 -0.371007489 -0.164745021
17 -13.525131226 0 0 -0.009627928 0.17922661 -0.153283871
18 -11.953048706 -0.000015259 0 0.05528256 0.1281626 -0.278862176
19 -8.290390015 -0.000001907 0 0.109590062 -0.007851935 -0.263905002
20 -7.875 0.000034332 -0.000007629 0.060274059 -0.22585859 0.038619512
21 -8.78578949 0.000038147 -0.000015259 0.133467217 -0.210615142 0.451992024
22 -8.90372467 -0.000007629 0 -0.044030158 0.052166095 0.161659989
23 5.115188599 -7.603518009 -23.079315186 -1.584628129 0.328512194 -3.017959912
24 13.525115967 0 0.000003815 0.045852268 -0.149679998 -0.25964125
25 11.953033447 0.000015259 0.000003815 0.108023346 -0.0918255 -0.280234629
26 8.290374756 0.000001907 0 0.080028717 0.079189888 -0.241931624
27 7.875 -0.000038147 0.000003815 0.047492208 0.44806354 0.19998836
28 8.785774231 -0.000038147 -0.000007629 0.174032291 0.480096808 0.307989906
29 8.903709412 0.000007629 0 -0.00772986 0.228155131 0.15278617
30 5.903442383 -12.801285744 -17.693191528 -1.651941375 0.383167503 -2.935437161
31 13.525115967 0.000007629 0 0.020304246 -0.088922367 -0.291385605
32 11.953048706 0.000011444 0.000007629 0.107944536 -0.062247096 -0.297169177
33 8.290374756 -0.000003815 0.000007629 0.079220718 0.133047327 -0.045111794
34 7.875 -0.000030518 0.000002325 0.038466125 0.460157013 0.240865597
35 8.785797119 -0.000053406 0 0.234843947 0.549797962 0.372412545
36 8.903717041 0 -0.000007629 -0.030286323 0.220523045 0.150181583
37 4.435424805 0.000132561 -25.179950714 -3.120170631 0.656106747 -3.133571922
38 14.171020508 0.000023842 1.280685425 -0.054979181 0.074012668 -0.159808679
39 10.9765625 0.000022888 0.352539063 -0.023477354 0.289229749 -0.066499219
40 8.120300293 -0.000001907 -0.000015259 -0.028294243 0.166750719 0.134959153
41 8.120285034 0.000003815 -0.000030518 -0.08964069 -0.162342038 0.346221399
42 8.120330811 -0.000003815 -0.000015259 -0.040642164 -0.104139696 0.318553396
43 8.12033844 0.000003815 0.000061035 -0.038652756 -0.03069641 0.070027119
44 7.146972656 16.179798126 -9.19562912 1.397809155 -0.270878016 -0.082202438
45 -13.525115967 0 0 -0.109680741 -0.017971187 -0.117432921
46 -11.953033447 -0.000013351 -0.000007629 0.057592775 0.131014073 -0.29458433
47 -8.290374756 0.000003815 0.000015259 0.126888435 0.107264504 -0.253760049
48 -7.875 0.000045776 0.000007629 0.051826376 -0.123480255 0.061689677
49 -8.785774231 0.000022888 -0.000007629 0.082165415 -0.068862744 0.425817469
50 -8.903717041 0 0 -0.072964166 0.118142958 -0.063249038
51 7.146972656 -16.26625061 -9.195617676 -1.654839951 0.299454643 -2.93365072
52 13.525131226 -0.000007629 0.000007629 -0.058418808 -0.150405463 -0.237274118
53 11.953018188 0.000009537 0.000007629 0.100257522 -0.014221159 -0.3139088
54 8.290374756 0.000005722 0.000015259 0.10262814 0.158071652 0.020446873
55 7.875 -0.000053406 -0.000001907 0.089374758 0.490125428 0.357726125
56 8.78578949 -0.000038147 0.000007629 0.276031601 0.695745306 0.326843376
57 8.903717041 0.000007629 -0.000015259 -0.067248664 0.22853263 0.13950082
58 -5.367324829 8.366909981 8.703098297 1.960633113 -0.634869828 2.955514879
59 13.525131226 0 -0.000003815 -0.294796652 0.025796171 -0.029052018
60 -3.441864014 -10.792387962 9.376991272 1.939603665 -0.831866613 3.03564258
61 13.525108337 0.000015259 -0.000003815 -0.438826556 0.156815182 -0.444927497
62 11.953048706 0.000015259 0 0.173107417 0.053549011 -0.280514823
63 8.290390015 0.000011444 0 0.125799517 0.102661454 0.244494052
64 7.875 -0.000022888 0 0.074607043 -0.124578328 -0.108555444
65 19.39491272 -14.052387238 -0.467090607 -0.360913449 -0.397910349 -2.242571111
66 26.240745544 0 -0.000015259 1.91808536 -0.715538724 -0.795202506
67 31.970989227 0.000007629 0.000030518 -1.200660829 -0.088628402 0.014538003
68 4.627254486 -2.311279297 4.185630798 -0.021512477 -0.254658869 -0.451859094
69 2.980101585 0 -0.000003815 -0.040823197 0.14004721 0.242069561
70 1.982421875 0.000030518 0.000026703 0.001822187 0.301463179 0.041313792
71 10.844875336 -1.281555176 -1.331680298 0.003154845 -0.01855101 -1.502721343
72 3.98828125 -0.000015259 0.000030518 0.024656551 0.116612118 -1.30426207
73 2.26953125 0 -0.000011444 0.010246566 0.020303916 -1.235445909
74 10.908855438 -1.23739624 0.829589844 0.008182385 -0.019760774 -1.502678948
75 3.989425659 0.000007629 0.000041962 0.003562594 0.093803498 -1.240572344
76 3.478286743 -0.000015259 -0.000015259 0.01062322 -0.039586617 -1.338501469
77 10.29189682 -1.202133179 -3.344146729 0.018038834 -0.023865117 -1.537453755
78 2.757156372 -0.000007629 0.000019073 -0.00454994 -0.095548155 -1.291608045
79 1.775390625 0 -0.000011444 0.198076059 0.357239486 -1.30316968
80 10.971858978 -1.19392395 2.957344055 -0.012167132 -0.015944087 -1.622309173
81 3.82421875 -0.000011444 0.000034332 -0.000576872 0.002168828 -1.309510829
82 2.94140625 -0.000015259 -0.000007629 0.003967107 0.006944486 -1.466881704
83 -0.000011921 0 0 0.398893261 0.159072221 -0.629548
84 19.394897461 13.160597801 -0.467075348 -2.708400566 -0.425570255 -0.953020461
85 -26.240745544 0.000015259 0.000007629 0.25268678 -0.495971807 0.663695008
86 -31.970993042 0.000015259 0.000007629 -1.152035021 0.183489896 -0.443205285
87 -11.614608765 3.933105469 0.069387436 -1.578457893 1.529267264 -2.545048982
88 -10.484524727 1.069198608 3.539874077 -3.131584703 0.028220486 2.411526648
89 2.757156372 0 0.000021935 -0.011712134 0.035128624 1.019560794
90 1.775390625 0 -0.000026703 -0.261071927 -0.262843666 1.059935836
91 -11.046480179 1.142410278 1.529695511 -3.130487012 0.018259081 2.114134707
92 3.98828125 0.000015259 0.000035286 0.004872241 -0.009924216 1.610032301
93 2.26953125 -0.000015259 -0.000001907 -0.076539319 -0.095407065 1.438172442
94 -11.192631721 1.041534424 -2.758425713 -3.116629264 0.004012045 2.226905852
95 3.82421875 0.000038147 0.000049591 0.00053161 0.002187187 1.610324685
96 8.78578186 -0.000038147 0.000007153 0.08229373 0.071373082 -0.580233542
97 2.94140625 0.000030518 -0.000013351 -0.004550553 0.006091757 1.767588569
98 -11.120119095 1.091552734 -0.63111496 -3.132136147 0.020772815 2.221577138
99 3.989440918 0 0.000050545 0.021444626 0.041947477 1.751021405
100 3.478302002 0 -0.000009537 -0.001306817 0.004312204 1.848998194
101 -4.853610992 2.155105591 -4.018514633 3.123057975 0.125574955 2.46129872
102 2.980110168 0 0.000009537 0.038574713 -0.163808097 -0.240289671
103 1.982421875 -0.000030518 0.000038147 0 0 -0.040571652
104 0.000008583 -0.000015259 -0.000015259 -0.01786834 -0.032037725 -0.918099438
105 7.08984375 0 0.000003815 3.141592654 -0.174494795 3.141592654
106 7.528289795 8.168074608 -1.23279953 3.128375669 0.385922882 3.130215003
107 -54.911262512 -0.64967823 -0.176692963 1.570081015 1.065641739 0.029835523
108 -61.183189392 -0.000003815 -0.000000954 0.059328839 0.005686901 -0.257710667
109 8.588684082 0 1.514411926 0 0 0
110 4.260498047 -21.349504471 -3.218477249 0.02542216 -0.102109861 -0.239126952
111 15.606681824 0 -0.000007629 0.012689435 -0.062451139 -0.068720879
112 15.853752136 0.000003815 -0.000005722 -0.001794823 -0.030537414 -0.114504575
113 15.151863098 0.000007629 0.000001907 -0.006276557 0.057047569 -0.005101166
114 11.149967194 0 -0.000007629 0.072573395 0.256722576 -0.246673044
115 1.725097656 -0.142128021 11.160655975 -1.504264234 -0.689053819 -0.015642547
116 15.606674194 0 0 0 0 -0.098181572
117 15.853733063 0 0 -0.021575867 -0.069019622 0.450381417
118 15.151847839 -0.000007629 -0.000001907 0.000086145 -0.00000545 0.126365453
119 11.149963379 -0.000007629 0.000003815 0 0 0.475675013
120 6.678710938 -0.142132968 -16.932605743 1.571051293 -0.26160964 3.141559111
121 -15.606689453 0 -0.00000003 0 0 -0.041780342
122 -15.853744507 0.000003815 0.00000599 0 0 -0.103799315
123 -15.15184021 -0.000007629 0 0 0 -0.021493282
124 -11.14995575 0 0.00000602 0 0 -0.181340904
125 2.507644653 15.93921566 6.722553253 -1.568106197 0.341120982 -2.85751348
126 -15.606689453 -0.000001907 0 0.008367079 0.08589744 -0.016401668
127 -15.853752136 0 0.000009537 0.019980141 -0.008838266 0.071919718
128 -15.151855469 -0.000007629 0.000007629 -0.002499439 -0.038565709 -0.045021367
129 -11.14995575 0 -0.000007629 -0.033662546 -0.077260208 -0.171788041
130 2.507614136 -17.075353622 6.722560883 -1.390542895 -0.232501975 -0.36309011
131 15.606666565 0 -0.000007629 0.026684564 0.063133597 -0.110802048
132 15.853740692 0 0.000007629 0.020332335 -0.054031599 0.040211856
133 15.151847839 0 -0.000003815 -0.0088312 -0.033332238 0.037702765
134 11.149971008 0.000007629 -0.000011444 -0.029882814 0.025118777 0.26858549
135 5.893127441 15.939211845 -12.477546692 2.962743048 0.167563224 0.239567538
136 15.606666565 0.000007629 0.000026703 -0.002073152 0.108799823 -0.015845983
137 15.853744507 -0.000003815 -0.000007629 0.01819529 0.005664555 0.080005763
138 15.151870728 0 0.000003815 0.000212651 -0.047403175 -0.05267914
139 11.14994812 0.000007629 -0.000007629 -0.085113861 0.093459068 0.188319574
140 5.893157959 -17.075357437 -12.477550507 1.692815731 -0.242598893 2.922140557
141 -15.606674194 -0.000007629 0.000019073 -0.004681865 0.032987207 -0.07952054
142 -15.853736877 -0.000003815 -0.000011444 0.018757699 -0.055763775 -0.000695859
143 -15.151832581 -0.000003815 -0.000007629 -0.001867797 -0.005565106 -0.042379679
144 -11.149940491 -0.000007629 -0.000007629 -0.188409394 -0.054086787 -0.119082572
145 4.260482788 20.773920059 -3.218482971 0.02542216 0.102109861 -2.902465702
146 -15.606689453 0 0.000001907 0.012258525 0.063014858 0.046334578
147 -15.853752136 0.000007629 0 0.00085427 0.031902612 -0.070962666
148 -15.15184021 -0.000003815 -0.000001907 -0.004396403 -0.057848022 0.041493267
149 -11.14995575 0.000007629 -0.000005722 -0.046902846 -0.0494369 0.069316454
150 7.528274536 -8.043748856 -1.232803345 0.018566553 -0.483364941 -0.033115972
151 54.911254883 0.6496768 0.176704407 1.577050575 0.241412974 0.054439558
152 61.183185577 0.000003815 -0.000000954 0.129386107 -0.00138302 0.028023085
153 -0.364086866 -2.758008003 4.994803905 0 0 0.000244115
154 -0.364086866 -2.758006096 4.994803905 0 0 0.000244115
155 -0.364086866 -2.758006096 4.994803905 0 0 0.000244115
156 -0.364086866 -2.758006096 4.994803905 0 0 0.000244115
157 -0.364086866 -2.758006096 4.994803905 0 0 0.000244115
158 -0.364086866 -2.758006096 4.994803905 0 0 0.000244115
159 -0.364086866 -2.758006096 4.994803905 0 0 0.000244115
160 -0.364086866 -2.758006096 4.994803905 0 0 0.000244115
161 -0.364086866 -2.758006096 4.994803905 0 0 0.000244115
162 -0.498048782 -4.95163393 0.510848999 0 0 0.000244115
163 -0.364086866 -2.758006096 4.994803905 0 0 0.000244115
time 8
0 -0.364086866 -2.758006096 4.994803905 0 0 0.000244115
1 -0.355919659 -7.472979069 -2.247369224 0 -1.363395517 -1.570796327
2 130.809020996 -0.00000003 -0.000008583 0 0 0
3 6.662002563 -0.142129987 2.521343231 3.011965396 0.0466404 -0.001124245
4 24.360931396 0 0.000019073 0.020538609 0.174651788 0.039580463
5 24.806396484 -0.000005722 0.765964508 0.333182645 -0.214118631 -0.117665644
6 8.120300293 -0.000001431 0 -0.177204501 -0.009405727 0.020940463
7 8.120315552 0 -0.000007629 0 -0.880742373 0
8 8.120315552 0 -0.000007629 0 -1.357954675 0
9 5.115234375 7.517080307 -23.079311371 1.50044268 -0.336476983 -0.123378418
10 -13.525100708 0 -0.000003815 0.00849954 0.163945007 -0.154225715
11 -11.953063965 -0.000009537 -0.000000268 0.030194007 0.107791174 -0.264825806
12 -8.290374756 0 0 0.155139461 -0.069705593 -0.422082807
13 -7.875 0.00002861 0 0.095391367 -0.222339537 0.029778282
14 -8.78578949 0.000038147 -0.000007629 0.185947394 -0.272182417 0.392749351
15 -8.903717041 0.000007629 0 0.0269641 0.069378486 0.152672178
16 5.903457642 12.714842796 -17.69317627 1.366146238 -0.367343908 -0.179792444
17 -13.525131226 0 0 -0.011255974 0.156007851 -0.113928712
18 -11.953048706 -0.000015259 0 0.051189599 0.135202031 -0.233696304
19 -8.290390015 -0.000001907 0 0.098100992 0.051171816 -0.302799138
20 -7.875 0.000034332 -0.000007629 0.07141551 -0.181250244 -0.08031415
21 -8.78578949 0.000038147 -0.000015259 0.132368965 -0.243453358 0.373621225
22 -8.90372467 -0.000007629 0 -0.04631382 0.052698849 0.130588593
23 5.115188599 -7.603518009 -23.079315186 -1.595134389 0.335453251 -3.043272546
24 13.525115967 0 0.000003815 0.048957111 -0.141390123 -0.223162233
25 11.953033447 0.000015259 0.000003815 0.116256314 -0.118061491 -0.269813091
26 8.290374756 0.000001907 0 0.088885363 0.016848487 -0.301871552
27 7.875 -0.000038147 0.000003815 0.022959034 0.39662208 0.105383302
28 8.785774231 -0.000038147 -0.000007629 0.157062509 0.511131488 0.287516401
29 8.903709412 0.000007629 0 -0.004613004 0.210778596 0.128062408
30 5.903442383 -12.801285744 -17.693191528 -1.664686052 0.392389388 -2.96127995
31 13.525115967 0.000007629 0 0.024996746 -0.082539517 -0.255901634
32 11.953048706 0.000011444 0.000007629 0.11763021 -0.084315651 -0.296261281
33 8.290374756 -0.000003815 0.000007629 0.080700111 0.077256366 -0.125001624
34 7.875 -0.000030518 0.000002325 0.008331379 0.416431146 0.15179176
35 8.785797119 -0.000053406 0 0.215687612 0.578031747 0.38045086
36 8.903717041 0 -0.000007629 -0.021469548 0.207386898 0.125256515
37 4.435424805 0.000132561 -25.179950714 -3.13386677 0.64595158 3.124152945
38 14.171020508 0.000023842 1.280685425 -0.048427619 0.040978767 -0.14897619
39 10.9765625 0.000022888 0.352539063 -0.022512264 0.256055473 -0.092922166
40 8.120300293 -0.000001907 -0.000015259 -0.028367159 0.208462495 0.077514306
41 8.120285034 0.000003815 -0.000030518 -0.068489823 -0.078162272 0.309072133
42 8.120330811 -0.000003815 -0.000015259 -0.055520553 -0.077531974 0.359125012
43 8.12033844 0.000003815 0.000061035 -0.038652756 -0.03069641 0.070027119
44 7.146972656 16.179798126 -9.19562912 1.397809155 -0.270878016 -0.082202438
45 -13.525115967 0 0 -0.11574095 -0.039950872 -0.078651303
46 -11.953033447 -0.000013351 -0.000007629 0.052781467 0.124757961 -0.24634028
47 -8.290374756 0.000003815 0.000015259 0.117584838 0.160084763 -0.287439623
48 -7.875 0.000045776 0.000007629 0.058257942 -0.07261696 -0.064342171
49 -8.785774231 0.000022888 -0.000007629 0.0680298 -0.093096131 0.333362686
50 -8.903717041 0 0 -0.074255273 0.118318817 -0.094418959
51 7.146972656 -16.26625061 -9.195617676 -1.664652391 0.313844055 -2.954381704
52 13.525131226 -0.000007629 0.000007629 -0.058741987 -0.138183635 -0.205185429
53 11.953018188 0.000009537 0.000007629 0.109446985 -0.027535209 -0.321105232
54 8.290374756 0.000005722 0.000015259 0.101239397 0.110942074 -0.070391745
55 7.875 -0.000053406 -0.000001907 0.051853179 0.449062346 0.270830658
56 8.78578949 -0.000038147 0.000007629 0.244857947 0.719416733 0.352537741
57 8.903717041 0.000007629 -0.000015259 -0.049678435 0.219368803 0.119173148
58 -5.367324829 8.366909981 8.703098297 1.960560777 -0.621349202 2.952529615
59 13.525131226 0 -0.000003815 -0.294796652 0.025796171 -0.029052018
60 -3.441864014 -10.792387962 9.376991272 1.939168732 -0.81111679 3.032540719
61 13.525108337 0.000015259 -0.000003815 -0.437283349 0.13233185 -0.439636126
62 11.953048706 0.000015259 0 0.166296345 0.04511222 -0.28225217
63 8.290390015 0.000011444 0 0.129974039 0.130606958 0.265016881
64 7.875 -0.000022888 0 0.067686694 -0.070277646 -0.045074811
65 19.39491272 -14.052387238 -0.467090607 -0.389879931 -0.315836779 -2.248882889
66 26.240745544 0 -0.000015259 1.792995846 -0.658278309 -0.704889203
67 31.970989227 0.000007629 0.000030518 -1.19998285 -0.118812518 0.021237257
68 4.627254486 -2.311279297 4.185630798 -0.021512477 -0.254658869 -0.451859094
69 2.980101585 0 -0.000003815 -0.040823197 0.14004721 0.242069561
70 1.982421875 0.000030518 0.000026703 0.001822187 0.301463179 0.041313792
71 10.844875336 -1.281555176 -1.331680298 0.003154845 -0.01855101 -1.502721343
72 3.98828125 -0.000015259 0.000030518 0.024656551 0.116612118 -1.30426207
73 2.26953125 0 -0.000011444 0.010246566 0.020303916 -1.235445909
74 10.908855438 -1.23739624 0.829589844 0.008182385 -0.019760774 -1.502678948
75 3.989425659 0.000007629 0.000041962 0.003562594 0.093803498 -1.240572344
76 3.478286743 -0.000015259 -0.000015259 0.01062322 -0.039586617 -1.338501469
77 10.29189682 -1.202133179 -3.344146729 0.018038834 -0.023865117 -1.537453755
78 2.757156372 -0.000007629 0.000019073 -0.00454994 -0.095548155 -1.291608045
79 1.775390625 0 -0.000011444 0.198076059 0.357239486 -1.30316968
80 10.971858978 -1.19392395 2.957344055 -0.012167132 -0.015944087 -1.622309173
81 3.82421875 -0.000011444 0.000034332 -0.000576872 0.002168828 -1.309510829
82 2.94140625 -0.000015259 -0.000007629 0.003967107 0.006944486 -1.466881704
83 -0.000011921 0 0 0.398893261 0.159072221 -0.629548
84 19.394897461 13.160597801 -0.467075348 -2.714861018 -0.428889634 -0.932793802
85 -26.240745544 0.000015259 0.000007629 0.250696194 -0.529321927 0.679045674
86 -31.970993042 0.000015259 0.000007629 -1.209840376 0.225157053 -0.477037863
87 -11.614608765 3.933105469 0.069387436 -1.57844541 1.529199082 -2.544968304
88 -10.484524727 1.069198608 3.539874077 -3.131584703 0.028220486 2.411526648
89 2.757156372 0 0.000021935 -0.011712134 0.035128624 1.019560794
90 1.775390625 0 -0.000026703 -0.261071927 -0.262843666 1.059935836
91 -11.046480179 1.142410278 1.529695511 -3.130487012 0.018259081 2.114134707
92 3.98828125 0.000015259 0.000035286 0.004872241 -0.009924216 1.610032301
93 2.26953125 -0.000015259 -0.000001907 -0.076539319 -0.095407065 1.438172442
94 -11.192631721 1.041534424 -2.758425713 -3.116629264 0.004012045 2.226905852
95 3.82421875 0.000038147 0.000049591 0.00053161 0.002187187 1.610324685
96 8.78578186 -0.000038147 0.000007153 0.08229373 0.071373082 -0.580233542
97 2.94140625 0.000030518 -0.000013351 -0.004550553 0.006091757 1.767588569
98 -11.120119095 1.091552734 -0.63111496 -3.132136147 0.020772815 2.221577138
99 3.989440918 0 0.000050545 0.021444626 0.041947477 1.751021405
100 3.478302002 0 -0.000009537 -0.001306817 0.004312204 1.848998194
101 -4.853610992 2.155105591 -4.018514633 3.123057975 0.125574955 2.46129872
102 2.980110168 0 0.000009537 0.038574713 -0.163808097 -0.240289671
103 1.982421875 -0.000030518 0.000038147 0 0 -0.040571652
104 0.000008583 -0.000015259 -0.000015259 -0.01786834 -0.032037725 -0.918099438
105 7.08984375 0 0.000003815 3.141592654 -0.174494795 3.141592654
106 7.528289795 8.168074608 -1.23279953 3.125682937 0.45322509 3.125610954
107 -54.911262512 -0.64967823 -0.176692963 1.56424978 1.065052142 0.031920909
108 -61.183189392 -0.000003815 -0.000000954 0.065567197 0.002746011 -0.233796134
109 8.588684082 0 1.514411926 0 0 0
110 4.260498047 -21.349504471 -3.218477249 0.021865749 -0.087913021 -0.238791024
111 15.606681824 0 -0.000007629 0.015332513 -0.07284168 -0.065006749
112 15.853752136 0.000003815 -0.000005722 0.000169881 -0.042275982 -0.118353011
113 15.151863098 0.000007629 0.000001907 -0.005996073 0.040368301 -0.010481252
114 11.149967194 0 -0.000007629 0.062932799 0.26069882 -0.256600802
115 1.725097656 -0.142128021 11.160655975 -1.4660182 -0.633882078 -0.024876729
116 15.606674194 0 0 0 0 -0.069585346
117 15.853733063 0 0 -0.020061164 -0.066116067 0.408816967
118 15.151847839 -0.000007629 -0.000001907 0.000086145 -0.00000545 0.126365453
119 11.149963379 -0.000007629 0.000003815 0 0 0.475675013
120 6.678710938 -0.142132968 -16.932605743 1.571040258 -0.272694711 3.141559187
121 -15.606689453 0 -0.00000003 0 0 -0.049032822
122 -15.853744507 0.000003815 0.00000599 0 0 -0.107170355
123 -15.15184021 -0.000007629 0 0 0 -0.044197762
124 -11.14995575 0 0.00000602 0 0 -0.127749341
125 2.507644653 15.93921566 6.722553253 -1.525851601 0.344346974 -2.828523361
126 -15.606689453 -0.000001907 0 0.007514905 0.08944515 -0.019364058
127 -15.853752136 0 0.000009537 0.019854611 -0.005194146 0.070746678
128 -15.151855469 -0.000007629 0.000007629 -0.002373158 -0.02189536 -0.043483727
129 -11.14995575 0 -0.000007629 -0.038612487 -0.083561462 -0.182001667
130 2.507614136 -17.075353622 6.722560883 -1.426956571 -0.150319159 -0.333683558
131 15.606666565 0 -0.000007629 0.031748491 0.057870424 -0.11020198
132 15.853740692 0 0.000007629 0.023578242 -0.046876694 0.014471673
133 15.151847839 0 -0.000003815 -0.007304564 -0.030504349 0.014787213
134 11.149971008 0.000007629 -0.000011444 -0.035341571 0.029007354 0.278141528
135 5.893127441 15.939211845 -12.477546692 2.966297977 0.17861101 0.239936794
136 15.606666565 0.000007629 0.000026703 -0.004047619 0.114237509 -0.011816874
137 15.853744507 -0.000003815 -0.000007629 0.017264688 0.013338294 0.075923905
138 15.151870728 0 0.000003815 -0.000248323 -0.02521872 -0.048774544
139 11.14994812 0.000007629 -0.000007629 -0.077186039 0.051694352 0.153698553
140 5.893157959 -17.075357437 -12.477550507 1.694603967 -0.253003619 2.921680937
141 -15.606674194 -0.000007629 0.000019073 -0.004830503 0.034180808 -0.085402079
142 -15.853736877 -0.000003815 -0.000011444 0.018039404 -0.058310302 -0.005621169
143 -15.151832581 -0.000003815 -0.000007629 -0.00228119 -0.009744883 -0.063529485
144 -11.149940491 -0.000007629 -0.000007629 -0.16403132 -0.058579776 -0.073617021
145 4.260482788 20.773920059 -3.218482971 0.021865749 0.087913021 -2.902801629
146 -15.606689453 0 0.000001907 0.01470516 0.073348496 0.042867523
147 -15.853752136 0.000007629 0 0.001857092 0.043849573 -0.064982896
148 -15.15184021 -0.000003815 -0.000001907 -0.004220984 -0.040405325 0.042219669
149 -11.14995575 0.000007629 -0.000005722 -0.057240368 -0.060399484 0.06964639
150 7.528274536 -8.043748856 -1.232803345 0.015732081 -0.388686126 -0.034329125
151 54.911254883 0.6496768 0.176704407 1.574163561 0.143272413 0.052628124
152 61.183185577 0.000003815 -0.000000954 0.124984756 -0.001286531 -0.004318287
153 -0.364086866 -2.758008003 4.994803905 0 0 0.000244115
154 -0.364086866 -2.758006096 4.994803905 0 0 0.000244115
155 -0.364086866 -2.758006096 4.994803905 0 0 0.000244115
156 -0.364086866 -2.758006096 4.994803905 0 0 0.000244115
157 -0.364086866 -2.758006096 4.994803905 0 0 0.000244115
158 -0.364086866 -2.758006096 4.994803905 0 0 0.000244115
159 -0.364086866 -2.758006096 4.994803905 0 0 0.000244115
160 -0.364086866 -2.758006096 4.994803905 0 0 0.000244115
161 -0.364086866 -2.758006096 4.994803905 0 0 0.000244115
162 -0.498048782 -4.95163393 0.510848999 0 0 0.000244115
163 -0.364086866 -2.758006096 4.994803905 0 0 0.000244115
time 9
0 -0.364086866 -2.758006096 4.994803905 0 0 0.000244115
1 -0.355919659 -7.472979069 -1.136601368 0 -1.359064019 -1.570796327
2 130.809020996 -0.00000003 -0.000008583 0 0 0
3 6.662002563 -0.142129987 2.521343231 3.019745019 0.047722477 0.009631238
4 24.360931396 0 0.000019073 0.066913098 0.144194938 0.050124755
5 24.806396484 -0.000005722 0.765964508 0.333146732 -0.18425136 -0.11097749
6 8.120300293 -0.000001431 0 -0.23076211 -0.012297589 0.030362673
7 8.120315552 0 -0.000007629 0 -0.880742373 0
8 8.120315552 0 -0.000007629 0 -1.357954675 0
9 5.115234375 7.517080307 -23.079311371 1.511276594 -0.327499812 -0.143116633
10 -13.525100708 0 -0.000003815 0.00612817 0.14585785 -0.120098969
11 -11.953063965 -0.000009537 -0.000000268 0.025595923 0.118044725 -0.215096601
12 -8.290374756 0 0 0.136159299 -0.01576904 -0.4415527
13 -7.875 0.00002861 0 0.103648418 -0.18604104 -0.08469678
14 -8.78578949 0.000038147 -0.000007629 0.197618083 -0.308270807 0.300463476
15 -8.903717041 0.000007629 0 0.019510359 0.064966421 0.12361089
16 5.903457642 12.714842796 -17.69317627 1.375565367 -0.355313747 -0.194976783
17 -13.525131226 0 0 -0.013736652 0.132486675 -0.083030964
18 -11.953048706 -0.000015259 0 0.049225343 0.130017262 -0.178662471
19 -8.290390015 -0.000001907 0 0.087137752 0.101176916 -0.314948553
20 -7.875 0.000034332 -0.000007629 0.075134597 -0.123508893 -0.187507112
21 -8.78578949 0.000038147 -0.000015259 0.141787714 -0.254242419 0.261384234
22 -8.90372467 -0.000007629 0 -0.048500782 0.053285067 0.100757778
23 5.115188599 -7.603518009 -23.079315186 -1.610109604 0.337361539 -3.070366494
24 13.525115967 0 0.000003815 0.051067997 -0.12750854 -0.189636285
25 11.953033447 0.000015259 0.000003815 0.122579723 -0.135473786 -0.243939308
26 8.290374756 0.000001907 0 0.10274522 -0.042771781 -0.341938953
27 7.875 -0.000038147 0.000003815 0.006763055 0.325351646 0.010294631
28 8.785774231 -0.000038147 -0.000007629 0.130636217 0.517149805 0.232993552
29 8.903709412 0.000007629 0 -0.001389036 0.194162315 0.104242428
30 5.903442383 -12.801285744 -17.693191528 -1.681714324 0.397581077 -2.988396373
31 13.525115967 0.000007629 0 0.028011663 -0.070466542 -0.221788024
32 11.953048706 0.000011444 0.000007629 0.126003411 -0.099667407 -0.278522566
33 8.290374756 -0.000003815 0.000007629 0.088321547 0.021950847 -0.185939226
34 7.875 -0.000030518 0.000002325 -0.015855437 0.35184237 0.051896019
35 8.785797119 -0.000053406 0 0.184877589 0.588131886 0.351276325
36 8.903717041 0 -0.000007629 -0.013010818 0.194826454 0.10137487
37 4.435424805 0.000132561 -25.179950714 3.131116146 0.629977932 3.095234672
38 14.171020508 0.000023842 1.280685425 -0.042941866 0.017196463 -0.133863446
39 10.9765625 0.000022888 0.352539063 -0.018387276 0.213451885 -0.109845602
40 8.120300293 -0.000001907 -0.000015259 -0.030629094 0.225866382 0.021026753
41 8.120285034 0.000003815 -0.000030518 -0.050405772 0.003327972 0.258372571
42 8.120330811 -0.000003815 -0.000015259 -0.061539662 -0.023050704 0.377755911
43 8.12033844 0.000003815 0.000061035 -0.038652756 -0.03069641 0.070027119
44 7.146972656 16.179798126 -9.19562912 1.397809155 -0.270878016 -0.082202438
45 -13.525115967 0 0 -0.120509653 -0.060836219 -0.047636923
46 -11.953033447 -0.000013351 -0.000007629 0.050180931 0.107279402 -0.190603016
47 -8.290374756 0.000003815 0.000015259 0.111751192 0.199602459 -0.294686942
48 -7.875 0.000045776 0.000007629 0.059671327 -0.014350114 -0.175178809
49 -8.785774231 0.000022888 -0.000007629 0.065634285 -0.095999757 0.208730006
50 -8.903717041 0 0 -0.075493283 0.118441587 -0.12439365
51 7.146972656 -16.26625061 -9.195617676 -1.678414325 0.324848596 -2.974783989
52 13.525131226 -0.000007629 0.000007629 -0.060223493 -0.121268658 -0.173062737
53 11.953018188 0.000009537 0.000007629 0.11796582 -0.034695854 -0.311147139
54 8.290374756 0.000005722 0.000015259 0.106952156 0.064828572 -0.14533469
55 7.875 -0.000053406 -0.000001907 0.018013249 0.387704593 0.166015691
56 8.78578949 -0.000038147 0.000007629 0.198001631 0.727934375 0.340861015
57 8.903717041 0.000007629 -0.000015259 -0.032822626 0.210587117 0.099705715
58 -5.367324829 8.366909981 8.703098297 1.952052322 -0.614834869 2.957754818
59 13.525131226 0 -0.000003815 -0.294796652 0.025796171 -0.029052018
60 -3.441864014 -10.792387962 9.376991272 1.927511522 -0.791995007 3.040143216
61 13.525108337 0.000015259 -0.000003815 -0.434908092 0.107908981 -0.435646218
62 11.953048706 0.000015259 0 0.161647712 0.02652976 -0.28139857
63 8.290390015 0.000011444 0 0.13461573 0.152119851 0.279529364
64 7.875 -0.000022888 0 0.065289239 -0.010600002 0.012522141
65 19.39491272 -14.052387238 -0.467090607 -0.413352834 -0.240326524 -2.258471939
66 26.240745544 0 -0.000015259 1.665477465 -0.599237421 -0.612501533
67 31.970989227 0.000007629 0.000030518 -1.199559083 -0.139307163 0.025595725
68 4.627254486 -2.311279297 4.185630798 -0.021512477 -0.254658869 -0.451859094
69 2.980101585 0 -0.000003815 -0.040823197 0.14004721 0.242069561
70 1.982421875 0.000030518 0.000026703 0.001822187 0.301463179 0.041313792
71 10.844875336 -1.281555176 -1.331680298 0.003154845 -0.01855101 -1.502721343
72 3.98828125 -0.000015259 0.000030518 0.024656551 0.116612118 -1.30426207
73 2.26953125 0 -0.000011444 0.010246566 0.020303916 -1.235445909
74 10.908855438 -1.23739624 0.829589844 0.008182385 -0.019760774 -1.502678948
75 3.989425659 0.000007629 0.000041962 0.003562594 0.093803498 -1.240572344
76 3.478286743 -0.000015259 -0.000015259 0.01062322 -0.039586617 -1.338501469
77 10.29189682 -1.202133179 -3.344146729 0.018038834 -0.023865117 -1.537453755
78 2.757156372 -0.000007629 0.000019073 -0.00454994 -0.095548155 -1.291608045
79 1.775390625 0 -0.000011444 0.198076059 0.357239486 -1.30316968
80 10.971858978 -1.19392395 2.957344055 -0.012167132 -0.015944087 -1.622309173
81 3.82421875 -0.000011444 0.000034332 -0.000576872 0.002168828 -1.309510829
82 2.94140625 -0.000015259 -0.000007629 0.003967107 0.006944486 -1.466881704
83 -0.000011921 0 0 0.398893261 0.159072221 -0.629548
84 19.394897461 13.160597801 -0.467075348 -2.717258154 -0.429998432 -0.925270876
85 -26.240745544 0.000015259 0.000007629 0.248738901 -0.559784129 0.692504598
86 -31.970993042 0.000015259 0.000007629 -1.23140048 0.240750557 -0.4896811
87 -11.614608765 3.933105469 0.069387436 -1.57844541 1.529199082 -2.544968304
88 -10.484524727 1.069198608 3.539874077 -3.131584703 0.028220486 2.411526648
89 2.757156372 0 0.000021935 -0.011712134 0.035128624 1.019560794
90 1.775390625 0 -0.000026703 -0.261071927 -0.262843666 1.059935836
91 -11.046480179 1.142410278 1.529695511 -3.130487012 0.018259081 2.114134707
92 3.98828125 0.000015259 0.000035286 0.004872241 -0.009924216 1.610032301
93 2.26953125 -0.000015259 -0.000001907 -0.076539319 -0.095407065 1.438172442
94 -11.192631721 1.041534424 -2.758425713 -3.116629264 0.004012045 2.226905852
95 3.82421875 0.000038147 0.000049591 0.00053161 0.002187187 1.610324685
96 8.78578186 -0.000038147 0.000007153 0.08229373 0.071373082 -0.580233542
97 2.94140625 0.000030518 -0.000013351 -0.004550553 0.006091757 1.767588569
98 -11.120119095 1.091552734 -0.63111496 -3.132136147 0.020772815 2.221577138
99 3.989440918 0 0.000050545 0.021444626 0.041947477 1.751021405
100 3.478302002 0 -0.000009537 -0.001306817 0.004312204 1.848998194
101 -4.853610992 2.155105591 -4.018514633 3.123057975 0.125574955 2.46129872
102 2.980110168 0 0.000009537 0.038574713 -0.163808097 -0.240289671
103 1.982421875 -0.000030518 0.000038147 0 0 -0.040571652
104 0.000008583 -0.000015259 -0.000015259 -0.01786834 -0.032037725 -0.918099438
105 7.08984375 0 0.000003815 3.141592654 -0.174494795 3.141592654
106 7.528289795 8.168074608 -1.23279953 3.122890553 0.521496039 3.121057029
107 -54.911262512 -0.64967823 -0.176692963 1.556559664 1.062952858 0.037231056
108 -61.183189392 -0.000003815 -0.000000954 0.071415965 -0.00077858 -0.20352526
109 8.588684082 0 1.514411926 0 0 0
110 4.260498047 -21.349504471 -3.218477249 0.018358081 -0.074063481 -0.238438142
111 15.606681824 0 -0.000007629 0.017589524 -0.081620039 -0.060337563
112 15.853752136 0.000003815 -0.000005722 0.002225757 -0.054091387 -0.12050263
113 15.151863098 0.000007629 0.000001907 -0.005461394 0.022569095 -0.017326357
114 11.149967194 0 -0.000007629 0.053428499 0.263883512 -0.265867474
115 1.725097656 -0.142128021 11.160655975 -1.451822609 -0.61327782 -0.028283929
116 15.606674194 0 0 0 0 -0.041521345
117 15.853733063 0 0 -0.016501931 -0.062183253 0.365513063
118 15.151847839 -0.000007629 -0.000001907 0.000086145 -0.00000545 0.126365453
119 11.149963379 -0.000007629 0.000003815 0 0 0.475675013
120 6.678710938 -0.142132968 -16.932605743 1.57114436 -0.282555182 3.141543154
121 -15.606689453 0 -0.00000003 0 0 -0.056285941
122 -15.853744507 0.000003815 0.00000599 0 0 -0.109936569
123 -15.15184021 -0.000007629 0 0 0 -0.062071694
124 -11.14995575 0 0.00000602 0 0 -0.050155315
125 2.507644653 15.93921566 6.722553253 -1.469055466 0.372134005 -2.801040477
126 -15.606689453 -0.000001907 0 0.006729524 0.09307877 -0.022499529
127 -15.853752136 0 0.000009537 0.019606253 -0.002490979 0.069046075
128 -15.151855469 -0.000007629 0.000007629 -0.002337505 -0.007991515 -0.041598692
129 -11.14995575 0 -0.000007629 -0.043389086 -0.089542859 -0.19160096
130 2.507614136 -17.075353622 6.722560883 -1.440475485 -0.119728397 -0.311498448
131 15.606666565 0 -0.000007629 0.036455525 0.051299005 -0.1057692
132 15.853740692 0 0.000007629 0.026497221 -0.041160673 -0.007970904
133 15.151847839 0 -0.000003815 -0.005771019 -0.024386618 -0.01520903
134 11.149971008 0.000007629 -0.000011444 -0.040719505 0.032746299 0.286731588
135 5.893127441 15.939211845 -12.477546692 2.969724002 0.188611612 0.240158481
136 15.606666565 0.000007629 0.000026703 -0.005610237 0.119082526 -0.007079136
137 15.853744507 -0.000003815 -0.000007629 0.016188511 0.020057732 0.072431206
138 15.151870728 0 0.000003815 -0.000653703 -0.005195999 -0.047477134
139 11.14994812 0.000007629 -0.000007629 -0.06571473 -0.008617339 0.103447811
140 5.893157959 -17.075357437 -12.477550507 1.695998507 -0.262220812 2.921342912
141 -15.606674194 -0.000007629 0.000019073 -0.00484289 0.035985172 -0.091370672
142 -15.853736877 -0.000003815 -0.000011444 0.017391334 -0.059917235 -0.009761608
143 -15.151832581 -0.000003815 -0.000007629 -0.00261088 -0.014531923 -0.08053852
144 -11.149940491 -0.000007629 -0.000007629 -0.128780295 -0.065031695 -0.007661616
145 4.260482788 20.773920059 -3.218482971 0.018358081 0.074063481 -2.903154512
146 -15.606689453 0 0.000001907 0.016703096 0.082065805 0.038527939
147 -15.853752136 0.000007629 0 0.002903101 0.055793802 -0.060027942
148 -15.15184021 -0.000003815 -0.000001907 -0.003951252 -0.021927285 0.045366301
149 -11.14995575 0.000007629 -0.000005722 -0.067493117 -0.07110852 0.069995268
150 7.528274536 -8.043748856 -1.232803345 0.013223034 -0.307458374 -0.035155629
151 54.911254883 0.6496768 0.176704407 1.572291335 0.076604663 0.0508202
152 61.183185577 0.000003815 -0.000000954 0.112987916 -0.00118515 -0.02643646
153 -0.364086866 -2.758008003 4.994803905 0 0 0.000244115
154 -0.364086866 -2.758006096 4.994803905 0 0 0.000244115
155 -0.364086866 -2.758006096 4.994803905 0 0 0.000244115
156 -0.364086866 -2.758006096 4.994803905 0 0 0.000244115
157 -0.364086866 -2.758006096 4.994803905 0 0 0.000244115
158 -0.364086866 -2.758006096 4.994803905 0 0 0.000244115
159 -0.364086866 -2.758006096 4.994803905 0 0 0.000244115
160 -0.364086866 -2.758006096 4.994803905 0 0 0.000244115
161 -0.364086866 -2.758006096 4.994803905 0 0 0.000244115
162 -0.498048782 -4.95163393 0.510848999 0 0 0.000244115
163 -0.364086866 -2.758006096 4.994803905 0 0 0.000244115
time 10
0 -0.364086866 -2.758006096 4.994803905 0 0 0.000244115
1 -0.355919659 -7.472979069 0.471524534 0 -1.3528577 -1.570796327
2 130.809020996 -0.00000003 -0.000008583 0 0 0
3 6.662002563 -0.142129987 2.521343231 3.027171765 0.048610657 0.019874578
4 24.360931396 0 0.000019073 0.111814985 0.114662238 0.060378565
5 24.806396484 -0.000005722 0.765964508 0.333111257 -0.155393426 -0.104411539
6 8.120300293 -0.000001431 0 -0.282605075 -0.015126717 0.039557712
7 8.120315552 0 -0.000007629 0 -0.880742373 0
8 8.120315552 0 -0.000007629 0 -1.357954675 0
9 5.115234375 7.517080307 -23.079311371 1.526425135 -0.312651971 -0.164782896
10 -13.525100708 0 -0.000003815 0.00374998 0.126859694 -0.09493766
11 -11.953063965 -0.000009537 -0.000000268 0.022813261 0.119679319 -0.160435365
12 -8.290374756 0 0 0.11670506 0.030714925 -0.436851262
13 -7.875 0.00002861 0 0.105448782 -0.136961623 -0.181170251
14 -8.78578949 0.000038147 -0.000007629 0.21706158 -0.324249712 0.181716251
15 -8.903717041 0.000007629 0 0.012643352 0.060926841 0.097058137
16 5.903457642 12.714842796 -17.69317627 1.389100288 -0.336696589 -0.21142941
17 -13.525131226 0 0 -0.01629105 0.110528983 -0.061513101
18 -11.953048706 -0.000015259 0 0.048109705 0.116385241 -0.121300152
19 -8.290390015 -0.000001907 0 0.079040617 0.139539378 -0.302494228
20 -7.875 0.000034332 -0.000007629 0.071466131 -0.060720571 -0.273122173
21 -8.78578949 0.000038147 -0.000015259 0.157376269 -0.241051834 0.130961463
22 -8.90372467 -0.000007629 0 -0.050381976 0.054044628 0.073456719
23 5.115188599 -7.603518009 -23.079315186 -1.629693565 0.336345237 -3.099254079
24 13.525115967 0 0.000003815 0.052145194 -0.109409132 -0.16153184
25 11.953033447 0.000015259 0.000003815 0.126843463 -0.143967412 -0.2092822
26 8.290374756 0.000001907 0 0.118983572 -0.095545923 -0.361634884
27 7.875 -0.000038147 0.000003815 0.001505995 0.242758587 -0.07322408
28 8.785774231 -0.000038147 -0.000007629 0.098848681 0.494078031 0.152030938
29 8.903709412 0.000007629 0 0.001679741 0.178910938 0.082504067
30 5.903442383 -12.801285744 -17.693191528 -1.703127785 0.400800493 -3.01638924
31 13.525115967 0.000007629 0 0.029446371 -0.05363394 -0.191669777
32 11.953048706 0.000011444 0.000007629 0.132386315 -0.107219759 -0.25001548
33 8.290374756 -0.000003815 0.000007629 0.099710803 -0.027839519 -0.225545431
34 7.875 -0.000030518 0.000002325 -0.02893027 0.273766952 -0.044246967
35 8.785797119 -0.000053406 0 0.144197901 0.573790041 0.285872463
36 8.903717041 0 -0.000007629 -0.005262398 0.183343022 0.079544159
37 4.435424805 0.000132561 -25.179950714 3.108246005 0.611080082 3.062898911
38 14.171020508 0.000023842 1.280685425 -0.039266931 0.00317317 -0.115727327
39 10.9765625 0.000022888 0.352539063 -0.012608256 0.169805072 -0.118438096
40 8.120300293 -0.000001907 -0.000015259 -0.032361736 0.22116277 -0.030173019
41 8.120285034 0.000003815 -0.000030518 -0.038657613 0.07118637 0.198424376
42 8.120330811 -0.000003815 -0.000015259 -0.060682089 0.049531868 0.373694894
43 8.12033844 0.000003815 0.000061035 -0.038652756 -0.03069641 0.070027119
44 7.146972656 16.179798126 -9.19562912 1.397809155 -0.270878016 -0.082202438
45 -13.525115967 0 0 -0.123387949 -0.079599636 -0.02537386
46 -11.953033447 -0.000013351 -0.000007629 0.048461782 0.083058254 -0.133937403
47 -8.290374756 0.000003815 0.000015259 0.110266856 0.225083364 -0.278423087
48 -7.875 0.000045776 0.000007629 0.056739311 0.043905268 -0.262608571
49 -8.785774231 0.000022888 -0.000007629 0.070682067 -0.078013495 0.069603429
50 -8.903717041 0 0 -0.076512249 0.11865883 -0.151784285
51 7.146972656 -16.26625061 -9.195617676 -1.696141119 0.334467429 -2.994265692
52 13.525131226 -0.000007629 0.000007629 -0.062691307 -0.100985606 -0.143180917
53 11.953018188 0.000009537 0.000007629 0.124787056 -0.03452135 -0.289014896
54 8.290374756 0.000005722 0.000015259 0.117776227 0.024443679 -0.200209565
55 7.875 -0.000053406 -0.000001907 -0.004782759 0.312017489 0.058498828
56 8.78578949 -0.000038147 0.000007629 0.136569509 0.713590732 0.288103285
57 8.903717041 0.000007629 -0.000015259 -0.017373593 0.202608095 0.081899565
58 -5.367324829 8.366909981 8.703098297 1.934789458 -0.615503636 2.971032408
59 13.525131226 0 -0.000003815 -0.294796652 0.025796171 -0.029052018
60 -3.441864014 -10.792387962 9.376991272 1.904752311 -0.775072782 3.058044707
61 13.525108337 0.000015259 -0.000003815 -0.431966516 0.085675895 -0.435031766
62 11.953048706 0.000015259 0 0.159910019 -0.000948378 -0.279905405
63 8.290390015 0.000011444 0 0.138860664 0.163776263 0.290999708
64 7.875 -0.000022888 0 0.067741647 0.049547796 0.062854809
65 19.39491272 -14.052387238 -0.467090607 -0.431871796 -0.175201673 -2.26927036
66 26.240745544 0 -0.000015259 1.538040924 -0.540176629 -0.520071826
67 31.970989227 0.000007629 0.000030518 -1.199422759 -0.146780748 0.027241083
68 4.627254486 -2.311279297 4.185630798 -0.021512477 -0.254658869 -0.451859094
69 2.980101585 0 -0.000003815 -0.040823197 0.14004721 0.242069561
70 1.982421875 0.000030518 0.000026703 0.001822187 0.301463179 0.041313792
71 10.844875336 -1.281555176 -1.331680298 0.003154845 -0.01855101 -1.502721343
72 3.98828125 -0.000015259 0.000030518 0.024656551 0.116612118 -1.30426207
73 2.26953125 0 -0.000011444 0.010246566 0.020303916 -1.235445909
74 10.908855438 -1.23739624 0.829589844 0.008182385 -0.019760774 -1.502678948
75 3.989425659 0.000007629 0.000041962 0.003562594 0.093803498 -1.240572344
76 3.478286743 -0.000015259 -0.000015259 0.01062322 -0.039586617 -1.338501469
77 10.29189682 -1.202133179 -3.344146729 0.018038834 -0.023865117 -1.537453755
78 2.757156372 -0.000007629 0.000019073 -0.00454994 -0.095548155 -1.291608045
79 1.775390625 0 -0.000011444 0.198076059 0.357239486 -1.30316968
80 10.971858978 -1.19392395 2.957344055 -0.012167132 -0.015944087 -1.622309173
81 3.82421875 -0.000011444 0.000034332 -0.000576872 0.002168828 -1.309510829
82 2.94140625 -0.000015259 -0.000007629 0.003967107 0.006944486 -1.466881704
83 -0.000011921 0 0 0.398893261 0.159072221 -0.629548
84 19.394897461 13.160597801 -0.467075348 -2.716946036 -0.429902563 -0.926721656
85 -26.240745544 0.000015259 0.000007629 0.246980984 -0.586534422 0.703825886
86 -31.970993042 0.000015259 0.000007629 -1.227316582 0.23776991 -0.487852039
87 -11.614608765 3.933105469 0.069387436 -1.57844541 1.529199082 -2.544968304
88 -10.484524727 1.069198608 3.539874077 -3.131584703 0.028220486 2.411526648
89 2.757156372 0 0.000021935 -0.011712134 0.035128624 1.019560794
90 1.775390625 0 -0.000026703 -0.261071927 -0.262843666 1.059935836
91 -11.046480179 1.142410278 1.529695511 -3.130487012 0.018259081 2.114134707
92 3.98828125 0.000015259 0.000035286 0.004872241 -0.009924216 1.610032301
93 2.26953125 -0.000015259 -0.000001907 -0.076539319 -0.095407065 1.438172442
94 -11.192631721 1.041534424 -2.758425713 -3.116629264 0.004012045 2.226905852
95 3.82421875 0.000038147 0.000049591 0.00053161 0.002187187 1.610324685
96 8.78578186 -0.000038147 0.000007153 0.08229373 0.071373082 -0.580233542
97 2.94140625 0.000030518 -0.000013351 -0.004550553 0.006091757 1.767588569
98 -11.120119095 1.091552734 -0.63111496 -3.132136147 0.020772815 2.221577138
99 3.989440918 0 0.000050545 0.021444626 0.041947477 1.751021405
100 3.478302002 0 -0.000009537 -0.001306817 0.004312204 1.848998194
101 -4.853610992 2.155105591 -4.018514633 3.123057975 0.125574955 2.46129872
102 2.980110168 0 0.000009537 0.038574713 -0.163808097 -0.240289671
103 1.982421875 -0.000030518 0.000038147 0 0 -0.040571652
104 0.000008583 -0.000015259 -0.000015259 -0.01786834 -0.032037725 -0.918099438
105 7.08984375 0 0.000003815 3.141592654 -0.174494795 3.141592654
106 7.528289795 8.168074608 -1.23279953 3.120150491 0.588770206 3.11668988
107 -54.911262512 -0.64967823 -0.176692963 1.547783208 1.059034372 0.045168747
108 -61.183189392 -0.000003815 -0.000000954 0.077064473 -0.00594795 -0.148768817
109 8.588684082 0 1.514411926 0 0 0
110 4.260498047 -21.349504471 -3.218477249 0.015121728 -0.06096829 -0.23807609
111 15.606681824 0 -0.000007629 0.019215959 -0.088181536 -0.055462375
112 15.853752136 0.000003815 -0.000005722 0.004313704 -0.065644748 -0.120691646
113 15.151863098 0.000007629 0.000001907 -0.004797178 0.004085528 -0.024179195
114 11.149967194 0 -0.000007629 0.04442911 0.266502982 -0.274233402
115 1.725097656 -0.142128021 11.160655975 -1.460580093 -0.651889095 -0.026190037
116 15.606674194 0 0 0 0 -0.014932943
117 15.853733063 0 0 -0.011645905 -0.057670156 0.322095852
118 15.151847839 -0.000007629 -0.000001907 0.000086145 -0.00000545 0.126365453
119 11.149963379 -0.000007629 0.000003815 0 0 0.475675013
120 6.678710938 -0.142132968 -16.932605743 1.5711311 -0.291188802 3.141543565
121 -15.606689453 0 -0.00000003 0 0 -0.062589854
122 -15.853744507 0.000003815 0.00000599 0 0 -0.112702992
123 -15.15184021 -0.000007629 0 0 0 -0.076322519
124 -11.14995575 0 0.00000602 0 0 0.041693981
125 2.507644653 15.93921566 6.722553253 -1.394497869 0.438918999 -2.771074215
126 -15.606689453 -0.000001907 0 0.006115296 0.096280351 -0.025544861
127 -15.853752136 0 0.000009537 0.019258376 -0.00003831 0.066737953
128 -15.151855469 -0.000007629 0.000007629 -0.002399384 0.003405199 -0.040144154
129 -11.14995575 0 -0.000007629 -0.047863821 -0.094918188 -0.200426213
130 2.507614136 -17.075353622 6.722560883 -1.44041495 -0.120033919 -0.293746757
131 15.606666565 0 -0.000007629 0.040514638 0.044360115 -0.098710399
132 15.853740692 0 0.000007629 0.029239293 -0.037697268 -0.025849896
133 15.151847839 0 -0.000003815 -0.004596235 -0.016777208 -0.049082455
134 11.149971008 0.000007629 -0.000011444 -0.045856397 0.036297546 0.294184053
135 5.893127441 15.939211845 -12.477546692 2.973018122 0.197485987 0.240316248
136 15.606666565 0.000007629 0.000026703 -0.006801644 0.122812486 -0.002320758
137 15.853744507 -0.000003815 -0.000007629 0.015081896 0.026073723 0.070221755
138 15.151870728 0 0.000003815 -0.001168017 0.012664221 -0.048091424
139 11.14994812 0.000007629 -0.000007629 -0.052149447 -0.080318567 0.044010595
140 5.893157959 -17.075357437 -12.477550507 1.697012918 -0.270305798 2.921068236
141 -15.606674194 -0.000007629 0.000019073 -0.004507264 0.037894952 -0.096383314
142 -15.853736877 -0.000003815 -0.000011444 0.016911775 -0.060750231 -0.01372699
143 -15.151832581 -0.000003815 -0.000007629 -0.002807981 -0.019230133 -0.09435668
144 -11.149940491 -0.000007629 -0.000007629 -0.087023531 -0.072685523 0.070354597
145 4.260482788 20.773920059 -3.218482971 0.015121728 0.06096829 -2.903516564
146 -15.606689453 0 0.000001907 0.01818946 0.088642212 0.03407425
147 -15.853752136 0.000007629 0 0.003960874 0.067479319 -0.05670283
148 -15.15184021 -0.000003815 -0.000001907 -0.003522664 -0.00276144 0.049901241
149 -11.14995575 0.000007629 -0.000005722 -0.077129149 -0.081327557 0.070239242
150 7.528274536 -8.043748856 -1.232803345 0.011065953 -0.245691231 -0.035374569
151 54.911254883 0.6496768 0.176704407 1.571527252 0.05212771 0.049112927
152 61.183185577 0.000003815 -0.000000954 0.095630812 -0.001074653 -0.040755943
153 -0.364086866 -2.758008003 4.994803905 0 0 0.000244115
154 -0.364086866 -2.758006096 4.994803905 0 0 0.000244115
155 -0.364086866 -2.758006096 4.994803905 0 0 0.000244115
156 -0.364086866 -2.758006096 4.994803905 0 0 0.000244115
157 -0.364086866 -2.758006096 4.994803905 0 0 0.000244115
158 -0.364086866 -2.758006096 4.994803905 0 0 0.000244115
159 -0.364086866 -2.758006096 4.994803905 0 0 0.000244115
160 -0.364086866 -2.758006096 4.994803905 0 0 0.000244115
161 -0.364086866 -2.758006096 4.994803905 0 0 0.000244115
162 -0.498048782 -4.95163393 0.510848999 0 0 0.000244115
163 -0.364086866 -2.758006096 4.994803905 0 0 0.000244115
time 11
0 -0.364086866 -2.758006096 4.994803905 0 0 0.000244115
1 -0.355919659 -7.472979069 2.378066562 0 -1.345562947 -1.570796327
2 130.809020996 -0.00000003 -0.000008583 0 0 0
3 6.662002563 -0.142129987 2.521343231 3.033799046 0.049380609 0.029070708
4 24.360931396 0 0.000019073 0.153873876 0.086978984 0.069977514
5 24.806396484 -0.000005722 0.765964508 0.333131051 -0.128342778 -0.098365675
6 8.120300293 -0.000001431 0 -0.331165083 -0.017694078 0.048119608
7 8.120315552 0 -0.000007629 0 -0.880742373 0
8 8.120315552 0 -0.000007629 0 -1.357954675 0
9 5.115234375 7.517080307 -23.079311371 1.546350324 -0.293604666 -0.189073928
10 -13.525100708 0 -0.000003815 0.001988561 0.107763973 -0.078575487
11 -11.953063965 -0.000009537 -0.000000268 0.020914601 0.115205571 -0.107187417
12 -8.290374756 0 0 0.099127964 0.068799853 -0.412666645
13 -7.875 0.00002861 0 0.100752714 -0.081218164 -0.252899783
14 -8.78578949 0.000038147 -0.000007629 0.239275411 -0.318276009 0.052917642
15 -8.903717041 0.000007629 0 0.006796651 0.057368909 0.074216233
16 5.903457642 12.714842796 -17.69317627 1.407198595 -0.312917153 -0.229867952
17 -13.525131226 0 0 -0.018209652 0.090594454 -0.048959867
18 -11.953048706 -0.000015259 0 0.04703815 0.098111549 -0.067032667
19 -8.290390015 -0.000001907 0 0.074555902 0.166261643 -0.270556116
20 -7.875 0.000034332 -0.000007629 0.062844526 0.000594504 -0.333402692
21 -8.78578949 0.000038147 -0.000015259 0.172477543 -0.207087773 -0.000023945
22 -8.90372467 -0.000007629 0 -0.051926678 0.054857933 0.050062196
23 5.115188599 -7.603518009 -23.079315186 -1.654180036 0.334044889 -3.130072937
24 13.525115967 0 0.000003815 0.052172629 -0.088486917 -0.139323619
25 11.953033447 0.000015259 0.000003815 0.129454579 -0.14456822 -0.171824876
26 8.290374756 0.000001907 0 0.13492664 -0.139117573 -0.363616093
27 7.875 -0.000038147 0.000003815 0.006102698 0.157889881 -0.138774715
28 8.785774231 -0.000038147 -0.000007629 0.06939449 0.442891595 0.058922816
29 8.903709412 0.000007629 0 0.004611151 0.165856344 0.063795812
30 5.903442383 -12.801285744 -17.693191528 -1.72923114 0.404017341 -3.045287635
31 13.525115967 0.000007629 0 0.029285693 -0.033338711 -0.16618768
32 11.953048706 0.000011444 0.000007629 0.136770152 -0.107007437 -0.216786803
33 8.290374756 -0.000003815 0.000007629 0.112361583 -0.069604454 -0.24533288
34 7.875 -0.000030518 0.000002325 -0.029913074 0.191033614 -0.127044514
35 8.785797119 -0.000053406 0 0.100815747 0.532536232 0.195400023
36 8.903717041 0 -0.000007629 0.001473869 0.173490663 0.060787258
37 4.435424805 0.000132561 -25.179950714 3.079856702 0.591301288 3.02624707
38 14.171020508 0.000023842 1.280685425 -0.037503336 -0.001873616 -0.095225032
39 10.9765625 0.000022888 0.352539063 -0.006789625 0.130952659 -0.120583031
40 8.120300293 -0.000001907 -0.000015259 -0.032068104 0.200003413 -0.073856153
41 8.120285034 0.000003815 -0.000030518 -0.033709117 0.118956976 0.133786893
42 8.120330811 -0.000003815 -0.000015259 -0.057328897 0.129000333 0.34927258
43 8.12033844 0.000003815 0.000061035 -0.038652756 -0.03069641 0.070027119
44 7.146972656 16.179798126 -9.19562912 1.397809155 -0.270878016 -0.082202438
45 -13.525115967 0 0 -0.123790511 -0.096147558 -0.011613109
46 -11.953033447 -0.000013351 -0.000007629 0.046667907 0.055808749 -0.080602509
47 -8.290374756 0.000003815 0.000015259 0.112607872 0.23786655 -0.243912551
48 -7.875 0.000045776 0.000007629 0.051939643 0.097411887 -0.324049108
49 -8.785774231 0.000022888 -0.000007629 0.077506553 -0.043910068 -0.066861683
50 -8.903717041 0 0 -0.077390775 0.118840589 -0.175285163
51 7.146972656 -16.26625061 -9.195617676 -1.718467441 0.344230105 -3.012862254
52 13.525131226 -0.000007629 0.000007629 -0.066123823 -0.078783174 -0.11621896
53 11.953018188 0.000009537 0.000007629 0.129693387 -0.027179334 -0.259750255
54 8.290374756 0.000005722 0.000015259 0.13115854 -0.007287619 -0.235442551
55 7.875 -0.000053406 -0.000001907 -0.013844408 0.230928029 -0.03992977
56 8.78578949 -0.000038147 0.000007629 0.069599536 0.671004282 0.202681628
57 8.903717041 0.000007629 -0.000015259 -0.004136748 0.195720026 0.066563418
58 -5.367324829 8.366909981 8.703098297 1.90847145 -0.622835467 2.992278225
59 13.525131226 0 -0.000003815 -0.294796652 0.025796171 -0.029052018
60 -3.441864014 -10.792387962 9.376991272 1.871106093 -0.760007186 3.085783209
61 13.525108337 0.000015259 -0.000003815 -0.429179914 0.067423524 -0.438788004
62 11.953048706 0.000015259 0 0.161572639 -0.034906173 -0.280006024
63 8.290390015 0.000011444 0 0.141819742 0.163294424 0.301056156
64 7.875 -0.000022888 0 0.074560626 0.105488867 0.106828291
65 19.39491272 -14.052387238 -0.467090607 -0.445571978 -0.124122777 -2.279132783
66 26.240745544 0 -0.000015259 1.413679599 -0.482670022 -0.429942866
67 31.970989227 0.000007629 0.000030518 -1.206617493 -0.130884674 0.021393907
68 4.627254486 -2.311279297 4.185630798 -0.021512477 -0.254658869 -0.451859094
69 2.980101585 0 -0.000003815 -0.040823197 0.14004721 0.242069561
70 1.982421875 0.000030518 0.000026703 0.001822187 0.301463179 0.041313792
71 10.844875336 -1.281555176 -1.331680298 0.003154845 -0.01855101 -1.502721343
72 3.98828125 -0.000015259 0.000030518 0.024656551 0.116612118 -1.30426207
73 2.26953125 0 -0.000011444 0.010246566 0.020303916 -1.235445909
74 10.908855438 -1.23739624 0.829589844 0.008182385 -0.019760774 -1.502678948
75 3.989425659 0.000007629 0.000041962 0.003562594 0.093803498 -1.240572344
76 3.478286743 -0.000015259 -0.000015259 0.01062322 -0.039586617 -1.338501469
77 10.29189682 -1.202133179 -3.344146729 0.018038834 -0.023865117 -1.537453755
78 2.757156372 -0.000007629 0.000019073 -0.00454994 -0.095548155 -1.291608045
79 1.775390625 0 -0.000011444 0.198076059 0.357239486 -1.30316968
80 10.971858978 -1.19392395 2.957344055 -0.012167132 -0.015944087 -1.622309173
81 3.82421875 -0.000011444 0.000034332 -0.000576872 0.002168828 -1.309510829
82 2.94140625 -0.000015259 -0.000007629 0.003967107 0.006944486 -1.466881704
83 -0.000011921 0 0 0.398893261 0.159072221 -0.629548
84 19.394897461 13.160597801 -0.467075348 -2.716217062 -0.429524207 -0.930882921
85 -26.240745544 0.000015259 0.000007629 0.245450298 -0.608801106 0.712868995
86 -31.970993042 0.000015259 0.000007629 -1.215414048 0.229120064 -0.482567988
87 -11.614608765 3.933105469 0.069387436 -1.57844541 1.529199082 -2.544968304
88 -10.484524727 1.069198608 3.539874077 -3.131584703 0.028220486 2.411526648
89 2.757156372 0 0.000021935 -0.011712134 0.035128624 1.019560794
90 1.775390625 0 -0.000026703 -0.261071927 -0.262843666 1.059935836
91 -11.046480179 1.142410278 1.529695511 -3.130487012 0.018259081 2.114134707
92 3.98828125 0.000015259 0.000035286 0.004872241 -0.009924216 1.610032301
93 2.26953125 -0.000015259 -0.000001907 -0.076539319 -0.095407065 1.438172442
94 -11.192631721 1.041534424 -2.758425713 -3.116629264 0.004012045 2.226905852
95 3.82421875 0.000038147 0.000049591 0.00053161 0.002187187 1.610324685
96 8.78578186 -0.000038147 0.000007153 0.08229373 0.071373082 -0.580233542
97 2.94140625 0.000030518 -0.000013351 -0.004550553 0.006091757 1.767588569
98 -11.120119095 1.091552734 -0.63111496 -3.132136147 0.020772815 2.221577138
99 3.989440918 0 0.000050545 0.021444626 0.041947477 1.751021405
100 3.478302002 0 -0.000009537 -0.001306817 0.004312204 1.848998194
101 -4.853610992 2.155105591 -4.018514633 3.123057975 0.125574955 2.46129872
102 2.980110168 0 0.000009537 0.038574713 -0.163808097 -0.240289671
103 1.982421875 -0.000030518 0.000038147 0 0 -0.040571652
104 0.000008583 -0.000015259 -0.000015259 -0.01786834 -0.032037725 -0.918099438
105 7.08984375 0 0.000003815 3.141592654 -0.174494795 3.141592654
106 7.528289795 8.168074608 -1.23279953 3.11764536 0.653277143 3.112607893
107 -54.911262512 -0.64967823 -0.176692963 1.538399679 1.052766472 0.054894386
108 -61.183189392 -0.000003815 -0.000000954 0.082979819 -0.013127732 -0.060597134
109 8.588684082 0 1.514411926 0 0 0
110 4.260498047 -21.349504471 -3.218477249 0.012133335 -0.049150407 -0.237784994
111 15.606681824 0 -0.000007629 0.020325782 -0.091994851 -0.050973736
112 15.853752136 0.000003815 -0.000005722 0.006385293 -0.076423724 -0.119346471
113 15.151863098 0.000007629 0.000001907 -0.003920078 -0.014907139 -0.030011026
114 11.149967194 0 -0.000007629 0.036335352 0.268448316 -0.281544755
115 1.725097656 -0.142128021 11.160655975 -1.482477454 -0.748435742 -0.021053373
116 15.606674194 0 0 0 0 0.009063284
117 15.853733063 0 0 -0.006150625 -0.052836691 0.28041222
118 15.151847839 -0.000007629 -0.000001907 0.000086145 -0.00000545 0.126365453
119 11.149963379 -0.000007629 0.000003815 0 0 0.475675013
120 6.678710938 -0.142132968 -16.932605743 1.571142745 -0.298593364 3.141540547
121 -15.606689453 0 -0.00000003 0 0 -0.066907958
122 -15.853744507 0.000003815 0.00000599 0 0 -0.116074858
123 -15.15184021 -0.000007629 0 0 0 -0.088071536
124 -11.14995575 0 0.00000602 0 0 0.138476339
125 2.507644653 15.93921566 6.722553253 -1.309443806 0.531401197 -2.740309901
126 -15.606689453 -0.000001907 0 0.005606353 0.098357664 -0.028330577
127 -15.853752136 0 0.000009537 0.018993408 0.002501136 0.063998307
128 -15.151855469 -0.000007629 0.000007629 -0.002418707 0.013161309 -0.039552446
129 -11.14995575 0 -0.000007629 -0.051968516 -0.099748115 -0.208222943
130 2.507614136 -17.075353622 6.722560883 -1.43986933 -0.121131138 -0.276356878
131 15.606666565 0 -0.000007629 0.043583072 0.037832169 -0.090049644
132 15.853740692 0 0.000007629 0.03170131 -0.036608738 -0.038314095
133 15.151847839 0 -0.000003815 -0.003762261 -0.00922797 -0.083303424
134 11.149971008 0.000007629 -0.000011444 -0.050446077 0.03942499 0.300422092
135 5.893127441 15.939211845 -12.477546692 2.975994844 0.205089347 0.240481435
136 15.606666565 0.000007629 0.000026703 -0.007504906 0.124815971 0.001693165
137 15.853744507 -0.000003815 -0.000007629 0.014053711 0.031556627 0.069471956
138 15.151870728 0 0.000003815 -0.001749947 0.02888271 -0.049408633
139 11.14994812 0.000007629 -0.000007629 -0.037866499 -0.155652399 -0.018522447
140 5.893157959 -17.075357437 -12.477550507 1.697778863 -0.276994623 2.920866406
141 -15.606674194 -0.000007629 0.000019073 -0.004066591 0.03990061 -0.099751944
142 -15.853736877 -0.000003815 -0.000011444 0.01651918 -0.060719681 -0.017860159
143 -15.151832581 -0.000003815 -0.000007629 -0.002910874 -0.023320598 -0.106106475
144 -11.149940491 -0.000007629 -0.000007629 -0.042990598 -0.080642347 0.152571181
145 4.260482788 20.773920059 -3.218482971 0.012133335 0.049150407 -2.903807659
146 -15.606689453 0 0.000001907 0.019181644 0.092379401 0.029835975
147 -15.853752136 0.000007629 0 0.004837381 0.078300051 -0.055189219
148 -15.15184021 -0.000003815 -0.000001907 -0.002996566 0.016747413 0.054622179
149 -11.14995575 0.000007629 -0.000005722 -0.085869374 -0.090546641 0.070411721
150 7.528274536 -8.043748856 -1.232803345 0.009241371 -0.201506596 -0.033903659
151 54.911254883 0.6496768 0.176704407 1.571355958 0.052925242 0.047338044
152 61.183185577 0.000003815 -0.000000954 0.07506816 -0.000715726 -0.049958305
153 -0.364086866 -2.758008003 4.994803905 0 0 0.000244115
154 -0.364086866 -2.758006096 4.994803905 0 0 0.000244115
155 -0.364086866 -2.758006096 4.994803905 0 0 0.000244115
156 -0.364086866 -2.758006096 4.994803905 0 0 0.000244115
157 -0.364086866 -2.758006096 4.994803905 0 0 0.000244115
158 -0.364086866 -2.758006096 4.994803905 0 0 0.000244115
159 -0.364086866 -2.758006096 4.994803905 0 0 0.000244115
160 -0.364086866 -2.758006096 4.994803905 0 0 0.000244115
161 -0.364086866 -2.758006096 4.994803905 0 0 0.000244115
162 -0.498048782 -4.95163393 0.510848999 0 0 0.000244115
163 -0.364086866 -2.758006096 4.994803905 0 0 0.000244115
time 12
0 -0.364086866 -2.758006096 4.994803905 0 0 0.000244115
1 -0.355919659 -7.472979069 4.384079574 0 -1.337849077 -1.570796327
2 130.809020996 -0.00000003 -0.000008583 0 0 0
3 6.662002563 -0.142129987 2.521343231 3.039531417 0.049955478 0.036961028
4 24.360931396 0 0.000019073 0.191482076 0.062232489 0.078608681
5 24.806396484 -0.000005722 0.765964508 0.333129817 -0.104128746 -0.092913066
6 8.120300293 -0.000001431 0 -0.374577934 -0.020006535 0.055808945
7 8.120315552 0 -0.000007629 0 -0.880742373 0
8 8.120315552 0 -0.000007629 0 -1.357954675 0
9 5.115234375 7.517080307 -23.079311371 1.570090406 -0.273930934 -0.215035722
10 -13.525100708 0 -0.000003815 0.001430582 0.088433321 -0.069244347
11 -11.953063965 -0.000009537 -0.000000268 0.01953385 0.107374494 -0.059730722
12 -8.290374756 0 0 0.08487698 0.098626204 -0.378565503
13 -7.875 0.00002861 0 0.091683435 -0.025530501 -0.298406862
14 -8.78578949 0.000038147 -0.000007629 0.258700919 -0.294964233 -0.067327149
15 -8.903717041 0.000007629 0 0.002230895 0.054690568 0.056281677
16 5.903457642 12.714842796 -17.69317627 1.429206806 -0.287661261 -0.249646285
17 -13.525131226 0 0 -0.018763165 0.07213394 -0.04352317
18 -11.953048706 -0.000015259 0 0.045825092 0.078249066 -0.018943586
19 -8.290390015 -0.000001907 0 0.072929289 0.183742272 -0.227663804
20 -7.875 0.000034332 -0.000007629 0.052524458 0.055507441 -0.36977025
21 -8.78578949 0.000038147 -0.000015259 0.182986521 -0.160753217 -0.116216684
22 -8.90372467 -0.000007629 0 -0.053179789 0.055948502 0.031769835
23 5.115188599 -7.603518009 -23.079315186 -1.68163858 0.332819464 3.12283275
24 13.525115967 0 0.000003815 0.05046911 -0.064688403 -0.120921364
25 11.953033447 0.000015259 0.000003815 0.130709283 -0.13867994 -0.136291785
26 8.290374756 0.000001907 0 0.149177626 -0.173399927 -0.354882435
27 7.875 -0.000038147 0.000003815 0.016921843 0.079858351 -0.183939452
28 8.785774231 -0.000038147 -0.000007629 0.048891124 0.372898473 -0.030053305
29 8.903709412 0.000007629 0 0.007217251 0.155657214 0.04922527
30 5.903442383 -12.801285744 -17.693191528 -1.757385838 0.408558904 -3.072332784
31 13.525115967 0.000007629 0 0.027271948 -0.009815255 -0.143124856
32 11.953048706 0.000011444 0.000007629 0.139328783 -0.099603401 -0.182962271
33 8.290374756 -0.000003815 0.000007629 0.124132211 -0.10192241 -0.250363799
34 7.875 -0.000030518 0.000002325 -0.021486336 0.1129865 -0.191974857
35 8.785797119 -0.000053406 0 0.064430195 0.469611723 0.098021311
36 8.903717041 0 -0.000007629 0.006602725 0.16572462 0.046111493
37 4.435424805 0.000132561 -25.179950714 3.047797212 0.576210589 2.987438838
38 14.171020508 0.000023842 1.280685425 -0.037381024 -0.000572302 -0.072178385
39 10.9765625 0.000022888 0.352539063 -0.002119862 0.101777244 -0.117978473
40 8.120300293 -0.000001907 -0.000015259 -0.029403202 0.170824296 -0.109224425
41 8.120285034 0.000003815 -0.000030518 -0.033493448 0.14479031 0.070726498
42 8.120330811 -0.000003815 -0.000015259 -0.055311618 0.204431329 0.311263782
43 8.12033844 0.000003815 0.000061035 -0.038652756 -0.03069641 0.070027119
44 7.146972656 16.179798126 -9.19562912 1.397809155 -0.270878016 -0.082202438
45 -13.525115967 0 0 -0.121397048 -0.111948125 -0.004102528
46 -11.953033447 -0.000013351 -0.000007629 0.04512741 0.028284479 -0.032693275
47 -8.290374756 0.000003815 0.000015259 0.116640827 0.241976214 -0.19872449
48 -7.875 0.000045776 0.000007629 0.047369622 0.143571481 -0.361401404
49 -8.785774231 0.000022888 -0.000007629 0.082927102 -0.001095025 -0.188483699
50 -8.903717041 0 0 -0.07806248 0.119119473 -0.193759858
51 7.146972656 -16.26625061 -9.195617676 -1.742713818 0.354083784 -3.029118515
52 13.525131226 -0.000007629 0.000007629 -0.070746871 -0.055558224 -0.089221277
53 11.953018188 0.000009537 0.000007629 0.132677261 -0.013106305 -0.226357739
54 8.290374756 0.000005722 0.000015259 0.144456689 -0.028966932 -0.254282186
55 7.875 -0.000053406 -0.000001907 -0.010171555 0.15380989 -0.122841937
56 8.78578949 -0.000038147 0.000007629 0.010415058 0.603057642 0.102082478
57 8.903717041 0.000007629 -0.000015259 0.006166681 0.190260428 0.054614825
58 -5.367324829 8.366909981 8.703098297 1.874158402 -0.632051457 3.019718491
59 13.525131226 0 -0.000003815 -0.294796652 0.025796171 -0.029052018
60 -3.441864014 -10.792387962 9.376991272 1.829472894 -0.743691968 3.120088617
61 13.525108337 0.000015259 -0.000003815 -0.426794129 0.053811141 -0.447311236
62 11.953048706 0.000015259 0 0.166689879 -0.07162291 -0.282659597
63 8.290390015 0.000011444 0 0.142799121 0.149029993 0.307940959
64 7.875 -0.000022888 0 0.084380755 0.152685003 0.14607087
65 19.39491272 -14.052387238 -0.467090607 -0.453949148 -0.09077036 -2.286409723
66 26.240745544 0 -0.000015259 1.295590477 -0.428094425 -0.344435531
67 31.970989227 0.000007629 0.000030518 -1.226148679 -0.087254893 0.005329591
68 4.627254486 -2.311279297 4.185630798 -0.021512477 -0.254658869 -0.451859094
69 2.980101585 0 -0.000003815 -0.040823197 0.14004721 0.242069561
70 1.982421875 0.000030518 0.000026703 0.001822187 0.301463179 0.041313792
71 10.844875336 -1.281555176 -1.331680298 0.003154845 -0.01855101 -1.502721343
72 3.98828125 -0.000015259 0.000030518 0.024656551 0.116612118 -1.30426207
73 2.26953125 0 -0.000011444 0.010246566 0.020303916 -1.235445909
74 10.908855438 -1.23739624 0.829589844 0.008182385 -0.019760774 -1.502678948
75 3.989425659 0.000007629 0.000041962 0.003562594 0.093803498 -1.240572344
76 3.478286743 -0.000015259 -0.000015259 0.01062322 -0.039586617 -1.338501469
77 10.29189682 -1.202133179 -3.344146729 0.018038834 -0.023865117 -1.537453755
78 2.757156372 -0.000007629 0.000019073 -0.00454994 -0.095548155 -1.291608045
79 1.775390625 0 -0.000011444 0.198076059 0.357239486 -1.30316968
80 10.971858978 -1.19392395 2.957344055 -0.012167132 -0.015944087 -1.622309173
81 3.82421875 -0.000011444 0.000034332 -0.000576872 0.002168828 -1.309510829
82 2.94140625 -0.000015259 -0.000007629 0.003967107 0.006944486 -1.466881704
83 -0.000011921 0 0 0.398893261 0.159072221 -0.629548
84 19.394897461 13.160597801 -0.467075348 -2.715049927 -0.428881393 -0.937478036
85 -26.240745544 0.000015259 0.000007629 0.244194957 -0.62564574 0.719582481
86 -31.970993042 0.000015259 0.000007629 -1.196573598 0.215594767 -0.474075186
87 -11.614608765 3.933105469 0.069387436 -1.57844541 1.529199082 -2.544968304
88 -10.484524727 1.069198608 3.539874077 -3.131584703 0.028220486 2.411526648
89 2.757156372 0 0.000021935 -0.011712134 0.035128624 1.019560794
90 1.775390625 0 -0.000026703 -0.261071927 -0.262843666 1.059935836
91 -11.046480179 1.142410278 1.529695511 -3.130487012 0.018259081 2.114134707
92 3.98828125 0.000015259 0.000035286 0.004872241 -0.009924216 1.610032301
93 2.26953125 -0.000015259 -0.000001907 -0.076539319 -0.095407065 1.438172442
94 -11.192631721 1.041534424 -2.758425713 -3.116629264 0.004012045 2.226905852
95 3.82421875 0.000038147 0.000049591 0.00053161 0.002187187 1.610324685
96 8.78578186 -0.000038147 0.000007153 0.08229373 0.071373082 -0.580233542
97 2.94140625 0.000030518 -0.000013351 -0.004550553 0.006091757 1.767588569
98 -11.120119095 1.091552734 -0.63111496 -3.132136147 0.020772815 2.221577138
99 3.989440918 0 0.000050545 0.021444626 0.041947477 1.751021405
100 3.478302002 0 -0.000009537 -0.001306817 0.004312204 1.848998194
101 -4.853610992 2.155105591 -4.018514633 3.123057975 0.125574955 2.46129872
102 2.980110168 0 0.000009537 0.038574713 -0.163808097 -0.240289671
103 1.982421875 -0.000030518 0.000038147 0 0 -0.040571652
104 0.000008583 -0.000015259 -0.000015259 -0.01786834 -0.032037725 -0.918099438
105 7.08984375 0 0.000003815 3.141592654 -0.174494795 3.141592654
106 7.528289795 8.168074608 -1.23279953 3.115350754 0.71297343 3.108974871
107 -54.911262512 -0.64967823 -0.176692963 1.529144121 1.043934103 0.065505174
108 -61.183189392 -0.000003815 -0.000000954 0.089138609 -0.021436025 0.048474044
109 8.588684082 0 1.514411926 0 0 0
110 4.260498047 -21.349504471 -3.218477249 0.009633364 -0.039188698 -0.237560721
111 15.606681824 0 -0.000007629 0.020855705 -0.092535313 -0.047201228
112 15.853752136 0.000003815 -0.000005722 0.008498148 -0.086081553 -0.116809251
113 15.151863098 0.000007629 0.000001907 -0.002782826 -0.034321809 -0.034054057
114 11.149967194 0 -0.000007629 0.029423048 0.269946572 -0.287575233
115 1.725097656 -0.142128021 11.160655975 -1.511051606 -0.874001298 -0.014301797
116 15.606674194 0 0 0 0 0.029521396
117 15.853733063 0 0 -0.00028639 -0.048055535 0.242356199
118 15.151847839 -0.000007629 -0.000001907 0.000086145 -0.00000545 0.126365453
119 11.149963379 -0.000007629 0.000003815 0 0 0.475675013
120 6.678710938 -0.142132968 -16.932605743 1.571106285 -0.30451997 3.141545091
121 -15.606689453 0 -0.00000003 0 0 -0.06854891
122 -15.853744507 0.000003815 0.00000599 0 0 -0.119879406
123 -15.15184021 -0.000007629 0 0 0 -0.098700095
124 -11.14995575 0 0.00000602 0 0 0.230457438
125 2.507644653 15.93921566 6.722553253 -1.222061106 0.636610507 -2.71086586
126 -15.606689453 -0.000001907 0 0.005308805 0.098966371 -0.030677696
127 -15.853752136 0 0.000009537 0.018809813 0.005125919 0.061000161
128 -15.151855469 -0.000007629 0.000007629 -0.002593413 0.021791176 -0.039911638
129 -11.14995575 0 -0.000007629 -0.055412391 -0.10371935 -0.214754952
130 2.507614136 -17.075353622 6.722560883 -1.438833909 -0.123390972 -0.259477451
131 15.606666565 0 -0.000007629 0.045444005 0.032332964 -0.080456727
132 15.853740692 0 0.000007629 0.034101622 -0.037479384 -0.045542076
133 15.151847839 0 -0.000003815 -0.003196393 -0.003037953 -0.115465044
134 11.149971008 0.000007629 -0.000011444 -0.05434012 0.042003374 0.305453751
135 5.893127441 15.939211845 -12.477546692 2.978547397 0.21125871 0.240643583
136 15.606666565 0.000007629 0.000026703 -0.007749619 0.124568744 0.004705803
137 15.853744507 -0.000003815 -0.000007629 0.013024129 0.036339222 0.070180513
138 15.151870728 0 0.000003815 -0.002405309 0.043805588 -0.050651873
139 11.14994812 0.000007629 -0.000007629 -0.024298908 -0.227338851 -0.078049722
140 5.893157959 -17.075357437 -12.477550507 1.6983053 -0.28240824 2.9207322
141 -15.606674194 -0.000007629 0.000019073 -0.003402487 0.041748359 -0.100780995
142 -15.853736877 -0.000003815 -0.000011444 0.016295041 -0.060083969 -0.022079754
143 -15.151832581 -0.000003815 -0.000007629 -0.002936814 -0.026630976 -0.11699736
144 -11.149940491 -0.000007629 -0.000007629 -0.001271052 -0.088252705 0.230652172
145 4.260482788 20.773920059 -3.218482971 0.009633364 0.039188698 -2.904031932
146 -15.606689453 0 0.000001907 0.019634996 0.092922823 0.026405822
147 -15.853752136 0.000007629 0 0.005606 0.08800104 -0.055229541
148 -15.15184021 -0.000003815 -0.000001907 -0.002291171 0.036597277 0.058844497
149 -11.14995575 0.000007629 -0.000005722 -0.093350118 -0.098343609 0.070533752
150 7.528274536 -8.043748856 -1.232803345 0.00728774 -0.167908041 -0.029979331
151 54.911254883 0.6496768 0.176704407 1.571307949 0.056467908 0.045263394
152 61.183185577 0.000003815 -0.000000954 0.053380028 -0.000301017 -0.056659567
153 -0.364086866 -2.758008003 4.994803905 0 0 0.000244115
154 -0.364086866 -2.758006096 4.994803905 0 0 0.000244115
155 -0.364086866 -2.758006096 4.994803905 0 0 0.000244115
156 -0.364086866 -2.758006096 4.994803905 0 0 0.000244115
157 -0.364086866 -2.758006096 4.994803905 0 0 0.000244115
158 -0.364086866 -2.758006096 4.994803905 0 0 0.000244115
159 -0.364086866 -2.758006096 4.994803905 0 0 0.000244115
160 -0.364086866 -2.758006096 4.994803905 0 0 0.000244115
161 -0.364086866 -2.758006096 4.994803905 0 0 0.000244115
162 -0.498048782 -4.95163393 0.510848999 0 0 0.000244115
163 -0.364086866 -2.758006096 4.994803905 0 0 0.000244115
time 13
0 -0.364086866 -2.758006096 4.994803905 0 0 0.000244115
1 -0.355919659 -7.472979069 6.290622007 0 -1.330487757 -1.570796327
2 130.809020996 -0.00000003 -0.000008583 0 0 0
3 6.662002563 -0.142129987 2.521343231 3.043923142 0.05042688 0.043010072
4 24.360931396 0 0.000019073 0.223279509 0.041411882 0.085807486
5 24.806396484 -0.000005722 0.765964508 0.333098592 -0.083577846 -0.08827404
6 8.120300293 -0.000001431 0 -0.411285904 -0.021927556 0.062339792
7 8.120315552 0 -0.000007629 0 -0.880742373 0
8 8.120315552 0 -0.000007629 0 -1.357954675 0
9 5.115234375 7.517080307 -23.079311371 1.590803879 -0.259100304 -0.234321418
10 -13.525100708 0 -0.000003815 0.002630084 0.065214393 -0.065043218
11 -11.953063965 -0.000009537 -0.000000268 0.018765784 0.09483271 -0.019763695
12 -8.290374756 0 0 0.073738679 0.121902805 -0.34348124
13 -7.875 0.00002861 0 0.080487351 0.026861915 -0.32301829
14 -8.78578949 0.000038147 -0.000007629 0.272525638 -0.261641998 -0.168844008
15 -8.903717041 0.000007629 0 -0.000715925 0.052947582 0.044712524
16 5.903457642 12.714842796 -17.69317627 1.448766215 -0.268010785 -0.264134583
17 -13.525131226 0 0 -0.017646469 0.051677105 -0.044497584
18 -11.953048706 -0.000015259 0 0.04471306 0.056011301 0.020773171
19 -8.290390015 -0.000001907 0 0.073117587 0.195483162 -0.181349883
20 -7.875 0.000034332 -0.000007629 0.042401576 0.10375059 -0.388184225
21 -8.78578949 0.000038147 -0.000015259 0.188242139 -0.110004709 -0.211922243
22 -8.90372467 -0.000007629 0 -0.054017827 0.05718949 0.019791713
23 5.115188599 -7.603518009 -23.079315186 -1.703445473 0.332301384 3.102818591
24 13.525115967 0 0.000003815 0.046962043 -0.035624455 -0.102865343
25 11.953033447 0.000015259 0.000003815 0.130595204 -0.124585842 -0.10283458
26 8.290374756 0.000001907 0 0.161225002 -0.199705542 -0.342511071
27 7.875 -0.000038147 0.000003815 0.030371777 0.012346841 -0.211973596
28 8.785774231 -0.000038147 -0.000007629 0.038766428 0.295839579 -0.105744498
29 8.903709412 0.000007629 0 0.009539794 0.148962688 0.039665287
30 5.903442383 -12.801285744 -17.693191528 -1.778397378 0.412052662 -3.088632732
31 13.525115967 0.000007629 0 0.023319746 0.01798524 -0.118385511
32 11.953048706 0.000011444 0.000007629 0.139984681 -0.083680151 -0.148193875
33 8.290374756 -0.000003815 0.000007629 0.13392144 -0.125068656 -0.246461124
34 7.875 -0.000030518 0.000002325 -0.007263021 0.044250675 -0.240587578
35 8.785797119 -0.000053406 0 0.040261165 0.395152716 0.007620627
36 8.903717041 0 -0.000007629 0.009961232 0.160742069 0.03656894
37 4.435424805 0.000132561 -25.179950714 3.02129287 0.570099468 2.958050076
38 14.171020508 0.000023842 1.280685425 -0.037211505 0.003848637 -0.043759005
39 10.9765625 0.000022888 0.352539063 0.001340575 0.08360194 -0.108505876
40 8.120300293 -0.000001907 -0.000015259 -0.025434891 0.141141343 -0.137508911
41 8.120285034 0.000003815 -0.000030518 -0.035221792 0.15283253 0.012628253
42 8.120330811 -0.000003815 -0.000015259 -0.056475553 0.270416322 0.266990209
43 8.12033844 0.000003815 0.000061035 -0.038652756 -0.03069641 0.070027119
44 7.146972656 16.179798126 -9.19562912 1.397809155 -0.270878016 -0.082202438
45 -13.525115967 0 0 -0.116668108 -0.129681151 -0.002640172
46 -11.953033447 -0.000013351 -0.000007629 0.043854423 0.000435643 0.007693606
47 -8.290374756 0.000003815 0.000015259 0.121071058 0.241611826 -0.148880974
48 -7.875 0.000045776 0.000007629 0.043932595 0.183441589 -0.379621929
49 -8.785774231 0.000022888 -0.000007629 0.086102922 0.04447919 -0.290613858
50 -8.903717041 0 0 -0.078424114 0.119470626 -0.205710851
51 7.146972656 -16.26625061 -9.195617676 -1.76087825 0.359313079 -3.036974616
52 13.525131226 -0.000007629 0.000007629 -0.076049212 -0.031678431 -0.058066982
53 11.953018188 0.000009537 0.000007629 0.134109259 0.007675134 -0.187491945
54 8.290374756 0.000005722 0.000015259 0.156075098 -0.040353219 -0.260890813
55 7.875 -0.000053406 -0.000001907 0.00224721 0.086687391 -0.189744563
56 8.78578949 -0.000038147 0.000007629 -0.031284719 0.518884268 0.002592222
57 8.903717041 0.000007629 -0.000015259 0.0128847 0.186815697 0.046813351
58 -5.367324829 8.366909981 8.703098297 1.840523997 -0.637479071 3.045751045
59 13.525131226 0 -0.000003815 -0.294796652 0.025796171 -0.029052018
60 -3.441864014 -10.792387962 9.376991272 1.790603998 -0.726738154 -3.131962594
61 13.525108337 0.000015259 -0.000003815 -0.425106483 0.044792423 -0.461758433
62 11.953048706 0.000015259 0 0.174226595 -0.105061621 -0.289831353
63 8.290390015 0.000011444 0 0.141209178 0.1213058 0.308448645
64 7.875 -0.000022888 0 0.095317675 0.186092377 0.181217874
65 19.39491272 -14.052387238 -0.467090607 -0.456757328 -0.078849304 -2.289169218
66 26.240745544 0 -0.000015259 1.18714454 -0.377814456 -0.265839113
67 31.970989227 0.000007629 0.000030518 -1.255381029 -0.021995483 -0.018702402
68 4.627254486 -2.311279297 4.185630798 -0.021512477 -0.254658869 -0.451859094
69 2.980101585 0 -0.000003815 -0.040823197 0.14004721 0.242069561
70 1.982421875 0.000030518 0.000026703 0.001822187 0.301463179 0.041313792
71 10.844875336 -1.281555176 -1.331680298 0.003154845 -0.01855101 -1.502721343
72 3.98828125 -0.000015259 0.000030518 0.024656551 0.116612118 -1.30426207
73 2.26953125 0 -0.000011444 0.010246566 0.020303916 -1.235445909
74 10.908855438 -1.23739624 0.829589844 0.008182385 -0.019760774 -1.502678948
75 3.989425659 0.000007629 0.000041962 0.003562594 0.093803498 -1.240572344
76 3.478286743 -0.000015259 -0.000015259 0.01062322 -0.039586617 -1.338501469
77 10.29189682 -1.202133179 -3.344146729 0.018038834 -0.023865117 -1.537453755
78 2.757156372 -0.000007629 0.000019073 -0.00454994 -0.095548155 -1.291608045
79 1.775390625 0 -0.000011444 0.198076059 0.357239486 -1.30316968
80 10.971858978 -1.19392395 2.957344055 -0.012167132 -0.015944087 -1.622309173
81 3.82421875 -0.000011444 0.000034332 -0.000576872 0.002168828 -1.309510829
82 2.94140625 -0.000015259 -0.000007629 0.003967107 0.006944486 -1.466881704
83 -0.000011921 0 0 0.398893261 0.159072221 -0.629548
84 19.394897461 13.160597801 -0.467075348 -2.713443788 -0.428010662 -0.946133196
85 -26.240745544 0.000015259 0.000007629 0.243404679 -0.636427669 0.723686184
86 -31.970993042 0.000015259 0.000007629 -1.171674387 0.197583863 -0.462762011
87 -11.614608765 3.933105469 0.069387436 -1.57844541 1.529199082 -2.544968304
88 -10.484524727 1.069198608 3.539874077 -3.131584703 0.028220486 2.411526648
89 2.757156372 0 0.000021935 -0.011712134 0.035128624 1.019560794
90 1.775390625 0 -0.000026703 -0.261071927 -0.262843666 1.059935836
91 -11.046480179 1.142410278 1.529695511 -3.130487012 0.018259081 2.114134707
92 3.98828125 0.000015259 0.000035286 0.004872241 -0.009924216 1.610032301
93 2.26953125 -0.000015259 -0.000001907 -0.076539319 -0.095407065 1.438172442
94 -11.192631721 1.041534424 -2.758425713 -3.116629264 0.004012045 2.226905852
95 3.82421875 0.000038147 0.000049591 0.00053161 0.002187187 1.610324685
96 8.78578186 -0.000038147 0.000007153 0.08229373 0.071373082 -0.580233542
97 2.94140625 0.000030518 -0.000013351 -0.004550553 0.006091757 1.767588569
98 -11.120119095 1.091552734 -0.63111496 -3.132136147 0.020772815 2.221577138
99 3.989440918 0 0.000050545 0.021444626 0.041947477 1.751021405
100 3.478302002 0 -0.000009537 -0.001306817 0.004312204 1.848998194
101 -4.853610992 2.155105591 -4.018514633 3.123057975 0.125574955 2.46129872
102 2.980110168 0 0.000009537 0.038574713 -0.163808097 -0.240289671
103 1.982421875 -0.000030518 0.000038147 0 0 -0.040571652
104 0.000008583 -0.000015259 -0.000015259 -0.01786834 -0.032037725 -0.918099438
105 7.08984375 0 0.000003815 3.141592654 -0.174494795 3.141592654
106 7.528289795 8.168074608 -1.23279953 3.113304528 0.76608342 3.105808948
107 -54.911262512 -0.64967823 -0.176692963 1.52016923 1.031887118 0.076043955
108 -61.183189392 -0.000003815 -0.000000954 0.095503539 -0.030149417 0.165987042
109 8.588684082 0 1.514411926 0 0 0
110 4.260498047 -21.349504471 -3.218477249 0.00766019 -0.031425478 -0.237387991
111 15.606681824 0 -0.000007629 0.020747522 -0.089537963 -0.044482552
112 15.853752136 0.000003815 -0.000005722 0.010460916 -0.094111407 -0.113581819
113 15.151863098 0.000007629 0.000001907 -0.001620372 -0.053819783 -0.036051822
114 11.149967194 0 -0.000007629 0.024014698 0.270882032 -0.292093502
115 1.725097656 -0.142128021 11.160655975 -1.539626439 -0.999549453 -0.007492104
116 15.606674194 0 0 0 0 0.045406509
117 15.853733063 0 0 0.005291811 -0.043782774 0.209550644
118 15.151847839 -0.000007629 -0.000001907 0.000086145 -0.00000545 0.126365453
119 11.149963379 -0.000007629 0.000003815 0 0 0.475675013
120 6.678710938 -0.142132968 -16.932605743 1.571054762 -0.308843161 3.141552425
121 -15.606689453 0 -0.00000003 0 0 -0.067080684
122 -15.853744507 0.000003815 0.00000599 0 0 -0.123943848
123 -15.15184021 -0.000007629 0 0 0 -0.109158554
124 -11.14995575 0 0.00000602 0 0 0.307985492
125 2.507644653 15.93921566 6.722553253 -1.140104748 0.741219503 -2.684569439
126 -15.606689453 -0.000001907 0 0.005159995 0.09775956 -0.032329455
127 -15.853752136 0 0.000009537 0.01861275 0.007579211 0.057827385
128 -15.151855469 -0.000007629 0.000007629 -0.002782032 0.029988044 -0.041567761
129 -11.14995575 0 -0.000007629 -0.058065823 -0.106703024 -0.219688763
130 2.507614136 -17.075353622 6.722560883 -1.437321245 -0.127003725 -0.243182394
131 15.606666565 0 -0.000007629 0.046002252 0.02822673 -0.070257304
132 15.853740692 0 0.000007629 0.036111459 -0.040157069 -0.047875733
133 15.151847839 0 -0.000003815 -0.002761895 0.001099241 -0.143756475
134 11.149971008 0.000007629 -0.000011444 -0.057452151 0.044087106 0.309107466
135 5.893127441 15.939211845 -12.477546692 2.980559082 0.215823986 0.240703409
136 15.606666565 0.000007629 0.000026703 -0.007562203 0.121807772 0.006457089
137 15.853744507 -0.000003815 -0.000007629 0.012163642 0.040333839 0.071919472
138 15.151870728 0 0.000003815 -0.003128561 0.057951883 -0.051303661
139 11.14994812 0.000007629 -0.000007629 -0.012866153 -0.287765295 -0.128184938
140 5.893157959 -17.075357437 -12.477550507 1.698603692 -0.286295892 2.920688037
141 -15.606674194 -0.000007629 0.000019073 -0.002492633 0.043350548 -0.098950306
142 -15.853736877 -0.000003815 -0.000011444 0.015967166 -0.058934629 -0.026033018
143 -15.151832581 -0.000003815 -0.000007629 -0.002994153 -0.028908386 -0.12780605
144 -11.149940491 -0.000007629 -0.000007629 0.033982903 -0.094749748 0.296538452
145 4.260482788 20.773920059 -3.218482971 0.00766019 0.031425478 -2.904204663
146 -15.606689453 0 0.000001907 0.019474261 0.089837934 0.023773999
147 -15.853752136 0.000007629 0 0.006182682 0.095975983 -0.056659341
148 -15.15184021 -0.000003815 -0.000001907 -0.001358024 0.056355356 0.062144493
149 -11.14995575 0.000007629 -0.000005722 -0.099126839 -0.104470645 0.070623251
150 7.528274536 -8.043748856 -1.232803345 0.005386134 -0.143527314 -0.024359294
151 54.911254883 0.6496768 0.176704407 1.571248727 0.064530581 0.043070122
152 61.183185577 0.000003815 -0.000000954 0.032890743 0.00044222 -0.063627507
153 -0.364086866 -2.758008003 4.994803905 0 0 0.000244115
154 -0.364086866 -2.758006096 4.994803905 0 0 0.000244115
155 -0.364086866 -2.758006096 4.994803905 0 0 0.000244115
156 -0.364086866 -2.758006096 4.994803905 0 0 0.000244115
157 -0.364086866 -2.758006096 4.994803905 0 0 0.000244115
158 -0.364086866 -2.758006096 4.994803905 0 0 0.000244115
159 -0.364086866 -2.758006096 4.994803905 0 0 0.000244115
160 -0.364086866 -2.758006096 4.994803905 0 0 0.000244115
161 -0.364086866 -2.758006096 4.994803905 0 0 0.000244115
162 -0.498048782 -4.95163393 0.510848999 0 0 0.000244115
163 -0.364086866 -2.758006096 4.994803905 0 0 0.000244115
time 14
0 -0.364086866 -2.758006096 4.994803905 0 0 0.000244115
1 -0.355919659 -7.472979069 7.898746871 0 -1.324351469 -1.570796327
2 130.809020996 -0.00000003 -0.000008583 0 0 0
3 6.662002563 -0.142129987 2.521343231 3.046790175 0.050637836 0.046960473
4 24.360931396 0 0.000019073 0.247801456 0.025260488 0.09147002
5 24.806396484 -0.000005722 0.765964508 0.333034846 -0.067859077 -0.084727459
6 8.120300293 -0.000001431 0 -0.439615278 -0.023446078 0.067340757
7 8.120315552 0 -0.000007629 0 -0.880742373 0
8 8.120315552 0 -0.000007629 0 -1.357954675 0
9 5.115234375 7.517080307 -23.079311371 1.602327751 -0.25205783 -0.238223761
10 -13.525100708 0 -0.000003815 0.005302492 0.036445046 -0.064490469
11 -11.953063965 -0.000009537 -0.000000268 0.018178253 0.073273485 0.012845717
12 -8.290374756 0 0 0.06511135 0.139700428 -0.311538127
13 -7.875 0.00002861 0 0.067809086 0.076359522 -0.334346028
14 -8.78578949 0.000038147 -0.000007629 0.280658648 -0.222925579 -0.250974682
15 -8.903717041 0.000007629 0 -0.001790052 0.052274607 0.040538735
16 5.903457642 12.714842796 -17.69317627 1.459335521 -0.25865602 -0.266146605
17 -13.525131226 0 0 -0.015130153 0.027763785 -0.05106245
18 -11.953048706 -0.000015259 0 0.04345919 0.028002164 0.050780658
19 -8.290390015 -0.000001907 0 0.07437968 0.203024431 -0.135539338
20 -7.875 0.000034332 -0.000007629 0.032720614 0.147340624 -0.394655997
21 -8.78578949 0.000038147 -0.000015259 0.189180462 -0.058290628 -0.288819552
22 -8.90372467 -0.000007629 0 -0.054301954 0.058630177 0.015511855
23 5.115188599 -7.603518009 -23.079315186 -1.711898543 0.330583429 3.102261423
24 13.525115967 0 0.000003815 0.042215128 -0.001259833 -0.083537765
25 11.953033447 0.000015259 0.000003815 0.129389838 -0.098479689 -0.069008817
26 8.290374756 0.000001907 0 0.171252854 -0.218719924 -0.330099455
27 7.875 -0.000038147 0.000003815 0.044829154 -0.04604788 -0.22847998
28 8.785774231 -0.000038147 -0.000007629 0.037255974 0.218468315 -0.166867215
29 8.903709412 0.000007629 0 0.011491333 0.146602185 0.036244883
30 5.903442383 -12.801285744 -17.693191528 -1.784667063 0.410797245 -3.086346373
31 13.525115967 0.000007629 0 0.018153708 0.049137229 -0.091285875
32 11.953048706 0.000011444 0.000007629 0.13900752 -0.057120753 -0.109370836
33 8.290374756 -0.000003815 0.000007629 0.141364634 -0.139101673 -0.23709502
34 7.875 -0.000030518 0.000002325 0.009841334 -0.014923778 -0.277532464
35 8.785797119 -0.000053406 0 0.028289379 0.316735875 -0.070942346
36 8.903717041 0 -0.000007629 0.011122782 0.158917005 0.033099024
37 4.435424805 0.000132561 -25.179950714 3.009229042 0.573612239 2.949870914
38 14.171020508 0.000023842 1.280685425 -0.035603084 0.008032962 -0.009466812
39 10.9765625 0.000022888 0.352539063 0.004261467 0.074334899 -0.087628346
40 8.120300293 -0.000001907 -0.000015259 -0.020995505 0.115034391 -0.159431014
41 8.120285034 0.000003815 -0.000030518 -0.036736778 0.149118136 -0.040924908
42 8.120330811 -0.000003815 -0.000015259 -0.060883546 0.325973017 0.219868979
43 8.12033844 0.000003815 0.000061035 -0.038652756 -0.03069641 0.070027119
44 7.146972656 16.179798126 -9.19562912 1.397809155 -0.270878016 -0.082202438
45 -13.525115967 0 0 -0.1110016 -0.14975606 -0.00726906
46 -11.953033447 -0.000013351 -0.000007629 0.043036275 -0.029753579 0.038304245
47 -8.290374756 0.000003815 0.000015259 0.125406172 0.238331426 -0.098345712
48 -7.875 0.000045776 0.000007629 0.041096812 0.219280196 -0.383813348
49 -8.785774231 0.000022888 -0.000007629 0.08741217 0.090712742 -0.374419822
50 -8.903717041 0 0 -0.078573087 0.119922879 -0.210003295
51 7.146972656 -16.26625061 -9.195617676 -1.766380168 0.355782938 -3.031637397
52 13.525131226 -0.000007629 0.000007629 -0.080982415 -0.008295883 -0.023507641
53 11.953018188 0.000009537 0.000007629 0.134474535 0.034896343 -0.140624959
54 8.290374756 0.000005722 0.000015259 0.165126611 -0.041533754 -0.257688709
55 7.875 -0.000053406 -0.000001907 0.020114068 0.031074418 -0.243573674
56 8.78578949 -0.000038147 0.000007629 -0.053718246 0.428360469 -0.08796518
57 8.903717041 0.000007629 -0.000015259 0.015287773 0.185562076 0.044078283
58 -5.367324829 8.366909981 8.703098297 1.816480563 -0.638533667 3.06434574
59 13.525131226 0 -0.000003815 -0.294796652 0.025796171 -0.029052018
60 -3.441864014 -10.792387962 9.376991272 1.764081567 -0.715186302 -3.110796945
61 13.525108337 0.000015259 -0.000003815 -0.4237508 0.038991961 -0.482613275
62 11.953048706 0.000015259 0 0.183198282 -0.130386474 -0.303933817
63 8.290390015 0.000011444 0 0.137607835 0.084681289 0.302399393
64 7.875 -0.000022888 0 0.1048067 0.202124765 0.211750439
65 19.39491272 -14.052387238 -0.467090607 -0.45237126 -0.08692529 -2.288961425
66 26.240745544 0 -0.000015259 1.091206695 -0.33340857 -0.196360351
67 31.970989227 0.000007629 0.000030518 -1.291632632 0.058643789 -0.048308784
68 4.627254486 -2.311279297 4.185630798 -0.021512477 -0.254658869 -0.451859094
69 2.980101585 0 -0.000003815 -0.040823197 0.14004721 0.242069561
70 1.982421875 0.000030518 0.000026703 0.001822187 0.301463179 0.041313792
71 10.844875336 -1.281555176 -1.331680298 0.003154845 -0.01855101 -1.502721343
72 3.98828125 -0.000015259 0.000030518 0.024656551 0.116612118 -1.30426207
73 2.26953125 0 -0.000011444 0.010246566 0.020303916 -1.235445909
74 10.908855438 -1.23739624 0.829589844 0.008182385 -0.019760774 -1.502678948
75 3.989425659 0.000007629 0.000041962 0.003562594 0.093803498 -1.240572344
76 3.478286743 -0.000015259 -0.000015259 0.01062322 -0.039586617 -1.338501469
77 10.29189682 -1.202133179 -3.344146729 0.018038834 -0.023865117 -1.537453755
78 2.757156372 -0.000007629 0.000019073 -0.00454994 -0.095548155 -1.291608045
79 1.775390625 0 -0.000011444 0.198076059 0.357239486 -1.30316968
80 10.971858978 -1.19392395 2.957344055 -0.012167132 -0.015944087 -1.622309173
81 3.82421875 -0.000011444 0.000034332 -0.000576872 0.002168828 -1.309510829
82 2.94140625 -0.000015259 -0.000007629 0.003967107 0.006944486 -1.466881704
83 -0.000011921 0 0 0.398893261 0.159072221 -0.629548
84 19.394897461 13.160597801 -0.467075348 -2.711221697 -0.426938776 -0.956727632
85 -26.240745544 0.000015259 0.000007629 0.243191316 -0.640241598 0.725052234
86 -31.970993042 0.000015259 0.000007629 -1.141489612 0.175770044 -0.448927637
87 -11.614608765 3.933105469 0.069387436 -1.57844541 1.529199082 -2.544968304
88 -10.484524727 1.069198608 3.539874077 -3.131584703 0.028220486 2.411526648
89 2.757156372 0 0.000021935 -0.011712134 0.035128624 1.019560794
90 1.775390625 0 -0.000026703 -0.261071927 -0.262843666 1.059935836
91 -11.046480179 1.142410278 1.529695511 -3.130487012 0.018259081 2.114134707
92 3.98828125 0.000015259 0.000035286 0.004872241 -0.009924216 1.610032301
93 2.26953125 -0.000015259 -0.000001907 -0.076539319 -0.095407065 1.438172442
94 -11.192631721 1.041534424 -2.758425713 -3.116629264 0.004012045 2.226905852
95 3.82421875 0.000038147 0.000049591 0.00053161 0.002187187 1.610324685
96 8.78578186 -0.000038147 0.000007153 0.08229373 0.071373082 -0.580233542
97 2.94140625 0.000030518 -0.000013351 -0.004550553 0.006091757 1.767588569
98 -11.120119095 1.091552734 -0.63111496 -3.132136147 0.020772815 2.221577138
99 3.989440918 0 0.000050545 0.021444626 0.041947477 1.751021405
100 3.478302002 0 -0.000009537 -0.001306817 0.004312204 1.848998194
101 -4.853610992 2.155105591 -4.018514633 3.123057975 0.125574955 2.46129872
102 2.980110168 0 0.000009537 0.038574713 -0.163808097 -0.240289671
103 1.982421875 -0.000030518 0.000038147 0 0 -0.040571652
104 0.000008583 -0.000015259 -0.000015259 -0.01786834 -0.032037725 -0.918099438
105 7.08984375 0 0.000003815 3.141592654 -0.174494795 3.141592654
106 7.528289795 8.168074608 -1.23279953 3.111687053 0.810656735 3.10320845
107 -54.911262512 -0.64967823 -0.176692963 1.512106899 1.016282793 0.085619101
108 -61.183189392 -0.000003815 -0.000000954 0.102151395 -0.038373229 0.279306525
109 8.588684082 0 1.514411926 0 0 0
110 4.260498047 -21.349504471 -3.218477249 0.006369317 -0.026450193 -0.23725582
111 15.606681824 0 -0.000007629 0.019916873 -0.082483711 -0.042899119
112 15.853752136 0.000003815 -0.000005722 0.012279843 -0.100252542 -0.110087204
113 15.151863098 0.000007629 0.000001907 -0.000238887 -0.073229057 -0.03592503
114 11.149967194 0 -0.000007629 0.020556388 0.271423389 -0.294942923
115 1.725097656 -0.142128021 11.160655975 -1.56132569 -1.096109169 -0.002563371
116 15.606674194 0 0 0 0 0.055681493
117 15.853733063 0 0 0.009983183 -0.040277997 0.183953279
118 15.151847839 -0.000007629 -0.000001907 0.000086145 -0.00000545 0.126365453
119 11.149963379 -0.000007629 0.000003815 0 0 0.475675013
120 6.678710938 -0.142132968 -16.932605743 1.57112597 -0.311561349 3.141540882
121 -15.606689453 0 -0.00000003 0 0 -0.061985346
122 -15.853744507 0.000003815 0.00000599 0 0 -0.127922304
123 -15.15184021 -0.000007629 0 0 0 -0.120311777
124 -11.14995575 0 0.00000602 0 0 0.361561751
125 2.507644653 15.93921566 6.722553253 -1.071816236 0.832263024 -2.663386175
126 -15.606689453 -0.000001907 0 0.005255478 0.094393667 -0.033281691
127 -15.853752136 0 0.000009537 0.018574303 0.009766728 0.054825371
128 -15.151855469 -0.000007629 0.000007629 -0.003093787 0.038181384 -0.044437658
129 -11.14995575 0 -0.000007629 -0.059783998 -0.108658917 -0.222775814
130 2.507614136 -17.075353622 6.722560883 -1.434877787 -0.132401674 -0.227785952
131 15.606666565 0 -0.000007629 0.045177235 0.025878795 -0.059607546
132 15.853740692 0 0.000007629 0.037893446 -0.044210868 -0.045918144
133 15.151847839 0 -0.000003815 -0.002223564 0.002758626 -0.167307605
134 11.149971008 0.000007629 -0.000011444 -0.059388386 0.045427688 0.311399205
135 5.893127441 15.939211845 -12.477546692 2.981756523 0.21865052 0.240720186
136 15.606666565 0.000007629 0.000026703 -0.006884162 0.116098592 0.006516973
137 15.853744507 -0.000003815 -0.000007629 0.011554378 0.043366071 0.074605129
138 15.151870728 0 0.000003815 -0.003899903 0.071668678 -0.050932216
139 11.14994812 0.000007629 -0.000007629 -0.004899006 -0.329506626 -0.162909273
140 5.893157959 -17.075357437 -12.477550507 1.69880235 -0.288701342 2.920651753
141 -15.606674194 -0.000007629 0.000019073 -0.001662261 0.044600601 -0.093834788
142 -15.853736877 -0.000003815 -0.000011444 0.015706132 -0.05761626 -0.029555339
143 -15.151832581 -0.000003815 -0.000007629 -0.003162299 -0.030333045 -0.139309871
144 -11.149940491 -0.000007629 -0.000007629 0.058388735 -0.099149838 0.342054818
145 4.260482788 20.773920059 -3.218482971 0.006369317 0.026450193 -2.904336834
146 -15.606689453 0 0.000001907 0.018719794 0.082687968 0.022287022
147 -15.853752136 0.000007629 0 0.006574356 0.102137438 -0.059136495
148 -15.15184021 -0.000003815 -0.000001907 -0.000416954 0.076029294 0.064002026
149 -11.14995575 0.000007629 -0.000005722 -0.102830886 -0.10841732 0.070687638
150 7.528274536 -8.043748856 -1.232803345 0.003734464 -0.126683212 -0.017967617
151 54.911254883 0.6496768 0.176704407 1.57131898 0.078761453 0.040826544
152 61.183185577 0.000003815 -0.000000954 0.015501388 0.001260018 -0.073378152
153 -0.364086866 -2.758008003 4.994803905 0 0 0.000244115
154 -0.364086866 -2.758006096 4.994803905 0 0 0.000244115
155 -0.364086866 -2.758006096 4.994803905 0 0 0.000244115
156 -0.364086866 -2.758006096 4.994803905 0 0 0.000244115
157 -0.364086866 -2.758006096 4.994803905 0 0 0.000244115
158 -0.364086866 -2.758006096 4.994803905 0 0 0.000244115
159 -0.364086866 -2.758006096 4.994803905 0 0 0.000244115
160 -0.364086866 -2.758006096 4.994803905 0 0 0.000244115
161 -0.364086866 -2.758006096 4.994803905 0 0 0.000244115
162 -0.498048782 -4.95163393 0.510848999 0 0 0.000244115
163 -0.364086866 -2.758006096 4.994803905 0 0 0.000244115
time 15
0 -0.364086866 -2.758006096 4.994803905 0 0 0.000244115
1 -0.355919659 -7.472979069 9.009515762 0 -1.319977191 -1.570796327
2 130.809020996 -0.00000003 -0.000008583 0 0 0
3 6.662002563 -0.142129987 2.521343231 3.047778201 0.050766541 0.048361901
4 24.360931396 0 0.000019073 0.263563859 0.014857561 0.094998059
5 24.806396484 -0.000005722 0.765964508 0.333077317 -0.057640598 -0.082385091
6 8.120300293 -0.000001431 0 -0.457876614 -0.024430406 0.070585722
7 8.120315552 0 -0.000007629 0 -0.880742373 0
8 8.120315552 0 -0.000007629 0 -1.357954675 0
9 5.115234375 7.517080307 -23.079311371 1.603670209 -0.251112509 -0.227280716
10 -13.525100708 0 -0.000003815 0.009037888 0.00625242 -0.064894316
11 -11.953063965 -0.000009537 -0.000000268 0.017313642 0.040664022 0.040329154
12 -8.290374756 0 0 0.058762957 0.151499633 -0.284057713
13 -7.875 0.00002861 0 0.054027027 0.124233582 -0.338653335
14 -8.78578949 0.000038147 -0.000007629 0.28385318 -0.18098196 -0.316989997
15 -8.903717041 0.000007629 0 0.00535601 0.063736494 0.07039659
16 5.903457642 12.714842796 -17.69317627 1.461080087 -0.25742913 -0.255953143
17 -13.525131226 0 0 -0.011663705 0.003108655 -0.059241149
18 -11.953048706 -0.000015259 0 0.041704061 -0.007643969 0.072378845
19 -8.290390015 -0.000001907 0 0.076557327 0.205886379 -0.092428376
20 -7.875 0.000034332 -0.000007629 0.023256055 0.188524679 -0.394128592
21 -8.78578949 0.000038147 -0.000015259 0.186652819 -0.006563544 -0.350474262
22 -8.90372467 -0.000007629 0 -0.050543441 0.066402319 0.046791523
23 5.115188599 -7.603518009 -23.079315186 -1.707915312 0.327242091 3.119726195
24 13.525115967 0 0.000003815 0.037371589 0.033246152 -0.064147763
25 11.953033447 0.000015259 0.000003815 0.127844793 -0.059507127 -0.032712685
26 8.290374756 0.000001907 0 0.178878075 -0.22950614 -0.318447563
27 7.875 -0.000038147 0.000003815 0.059731859 -0.098124638 -0.238561075
28 8.785774231 -0.000038147 -0.000007629 0.042137191 0.143002786 -0.215452762
29 8.903709412 0.000007629 0 0.012927746 0.157179844 0.066228758
30 5.903442383 -12.801285744 -17.693191528 -1.777075906 0.405181396 -3.066801483
31 13.525115967 0.000007629 0 0.012983302 0.079377945 -0.064804296
32 11.953048706 0.000011444 0.000007629 0.137389134 -0.019922315 -0.065237118
33 8.290374756 -0.000003815 0.000007629 0.146164507 -0.143225652 -0.223053812
34 7.875 -0.000030518 0.000002325 0.028616915 -0.066252275 -0.307300628
35 8.785797119 -0.000053406 0 0.026768804 0.238195361 -0.138017858
36 8.903717041 0 -0.000007629 0.002365113 0.165403704 0.060920974
37 4.435424805 0.000132561 -25.179950714 3.011108812 0.584747338 2.961979502
38 14.171020508 0.000023842 1.280685425 -0.032592919 0.00999285 0.025132291
39 10.9765625 0.000022888 0.352539063 0.007573779 0.071371312 -0.054064505
40 8.120300293 -0.000001907 -0.000015259 -0.016610178 0.093812018 -0.174172015
41 8.120285034 0.000003815 -0.000030518 -0.037287224 0.138669825 -0.09158183
42 8.120330811 -0.000003815 -0.000015259 -0.068331652 0.372841448 0.17078766
43 8.12033844 0.000003815 0.000061035 -0.038652756 -0.03069641 0.070027119
44 7.146972656 16.179798126 -9.19562912 1.397809155 -0.270878016 -0.082202438
45 -13.525115967 0 0 -0.105146002 -0.1705368 -0.014080484
46 -11.953033447 -0.000013351 -0.000007629 0.042247287 -0.063976591 0.059555361
47 -8.290374756 0.000003815 0.000015259 0.129703409 0.232435106 -0.049986984
48 -7.875 0.000045776 0.000007629 0.03860505 0.252895238 -0.378263296
49 -8.785774231 0.000022888 -0.000007629 0.086975089 0.136968472 -0.442386254
50 -8.903717041 0 0 -0.076441654 0.127753896 -0.17891604
51 7.146972656 -16.26625061 -9.195617676 -1.760221946 0.344759034 -3.013771579
52 13.525131226 -0.000007629 0.000007629 -0.084731485 0.012081218 0.009855405
53 11.953018188 0.000009537 0.000007629 0.134820544 0.06788222 -0.085644453
54 8.290374756 0.000005722 0.000015259 0.171487675 -0.032677312 -0.245232595
55 7.875 -0.000053406 -0.000001907 0.040728524 -0.013202349 -0.287809374
56 8.78578949 -0.000038147 0.000007629 -0.059465966 0.338366414 -0.16871574
57 8.903717041 0.000007629 -0.000015259 -0.001832002 0.188009695 0.067032093
58 -5.367324829 8.366909981 8.703098297 1.801491132 -0.638565026 3.07782797
59 13.525131226 0 -0.000003815 -0.294796652 0.025796171 -0.029052018
60 -3.441864014 -10.792387962 9.376991272 1.747853573 -0.712002229 -3.095988011
61 13.525108337 0.000015259 -0.000003815 -0.421220895 0.034420813 -0.507814064
62 11.953048706 0.000015259 0 0.192932206 -0.146721846 -0.326868538
63 8.290390015 0.000011444 0 0.133473014 0.045037974 0.290941572
64 7.875 -0.000022888 0 0.111255331 0.201228886 0.23702452
65 19.39491272 -14.052387238 -0.467090607 -0.439770601 -0.109591017 -2.288640397
66 26.240745544 0 -0.000015259 1.011119787 -0.29637321 -0.138348373
67 31.970989227 0.000007629 0.000030518 -1.331938635 0.148492562 -0.081368676
68 4.627254486 -2.311279297 4.185630798 -0.021512477 -0.254658869 -0.451859094
69 2.980101585 0 -0.000003815 -0.040823197 0.14004721 0.242069561
70 1.982421875 0.000030518 0.000026703 0.001822187 0.301463179 0.041313792
71 10.844875336 -1.281555176 -1.331680298 0.003154845 -0.01855101 -1.502721343
72 3.98828125 -0.000015259 0.000030518 0.024656551 0.116612118 -1.30426207
73 2.26953125 0 -0.000011444 0.010246566 0.020303916 -1.235445909
74 10.908855438 -1.23739624 0.829589844 0.008182385 -0.019760774 -1.502678948
75 3.989425659 0.000007629 0.000041962 0.003562594 0.093803498 -1.240572344
76 3.478286743 -0.000015259 -0.000015259 0.01062322 -0.039586617 -1.338501469
77 10.29189682 -1.202133179 -3.344146729 0.018038834 -0.023865117 -1.537453755
78 2.757156372 -0.000007629 0.000019073 -0.00454994 -0.095548155 -1.291608045
79 1.775390625 0 -0.000011444 0.198076059 0.357239486 -1.30316968
80 10.971858978 -1.19392395 2.957344055 -0.012167132 -0.015944087 -1.622309173
81 3.82421875 -0.000011444 0.000034332 -0.000576872 0.002168828 -1.309510829
82 2.94140625 -0.000015259 -0.000007629 0.003967107 0.006944486 -1.466881704
83 -0.000011921 0 0 0.398893261 0.159072221 -0.629548
84 19.394897461 13.160597801 -0.467075348 -2.708607277 -0.42549581 -0.968849495
85 -26.240745544 0.000015259 0.000007629 0.243188505 -0.635894831 0.722653822
86 -31.970993042 0.000015259 0.000007629 -1.10674546 0.150787272 -0.432728689
87 -11.614608765 3.933105469 0.069387436 -1.57844541 1.529199082 -2.544968304
88 -10.484524727 1.069198608 3.539874077 -3.131584703 0.028220486 2.411526648
89 2.757156372 0 0.000021935 -0.011712134 0.035128624 1.019560794
90 1.775390625 0 -0.000026703 -0.261071927 -0.262843666 1.059935836
91 -11.046480179 1.142410278 1.529695511 -3.130487012 0.018259081 2.114134707
92 3.98828125 0.000015259 0.000035286 0.004872241 -0.009924216 1.610032301
93 2.26953125 -0.000015259 -0.000001907 -0.076539319 -0.095407065 1.438172442
94 -11.192631721 1.041534424 -2.758425713 -3.116629264 0.004012045 2.226905852
95 3.82421875 0.000038147 0.000049591 0.00053161 0.002187187 1.610324685
96 8.78578186 -0.000038147 0.000007153 0.08229373 0.071373082 -0.580233542
97 2.94140625 0.000030518 -0.000013351 -0.004550553 0.006091757 1.767588569
98 -11.120119095 1.091552734 -0.63111496 -3.132136147 0.020772815 2.221577138
99 3.989440918 0 0.000050545 0.021444626 0.041947477 1.751021405
100 3.478302002 0 -0.000009537 -0.001306817 0.004312204 1.848998194
101 -4.853610992 2.155105591 -4.018514633 3.123057975 0.125574955 2.46129872
102 2.980110168 0 0.000009537 0.038574713 -0.163808097 -0.240289671
103 1.982421875 -0.000030518 0.000038147 0 0 -0.040571652
104 0.000008583 -0.000015259 -0.000015259 -0.01786834 -0.032037725 -0.918099438
105 7.08984375 0 0.000003815 3.141592654 -0.174494795 3.141592654
106 7.528289795 8.168074608 -1.23279953 3.110345384 0.844863617 3.10113962
107 -54.911262512 -0.64967823 -0.176692963 1.505696007 0.99675941 0.093531261
108 -61.183189392 -0.000003815 -0.000000954 0.108956895 -0.045288327 0.375826984
109 8.588684082 0 1.514411926 0 0 0
110 4.260498047 -21.349504471 -3.218477249 0.005897372 -0.024680797 -0.237241482
111 15.606681824 0 -0.000007629 0.0184459 -0.07093869 -0.042635764
112 15.853752136 0.000003815 -0.000005722 0.01396558 -0.104156044 -0.106748185
113 15.151863098 0.000007629 0.000001907 0.001223319 -0.092643596 -0.03384441
114 11.149967194 0 -0.000007629 0.019327971 0.271623008 -0.295992008
115 1.725097656 -0.142128021 11.160655975 -1.570083226 -1.134736549 -0.000454432
116 15.606674194 0 0 0 0 0.059308295
117 15.853733063 0 0 0.01310887 -0.037915039 0.167262745
118 15.151847839 -0.000007629 -0.000001907 0.000086145 -0.00000545 0.126365453
119 11.149963379 -0.000007629 0.000003815 0 0 0.475675013
120 6.678710938 -0.142132968 -16.932605743 1.571093322 -0.312549918 3.141545859
121 -15.606689453 0 -0.00000003 0 0 -0.052745644
122 -15.853744507 0.000003815 0.00000599 0 0 -0.131555246
123 -15.15184021 -0.000007629 0 0 0 -0.132766329
124 -11.14995575 0 0.00000602 0 0 0.381586658
125 2.507644653 15.93921566 6.722553253 -1.024953705 0.896414314 -2.649252948
126 -15.606689453 -0.000001907 0 0.00559755 0.088696626 -0.033536399
127 -15.853752136 0 0.000009537 0.018607163 0.011605969 0.051906931
128 -15.151855469 -0.000007629 0.000007629 -0.003467841 0.046804006 -0.048522935
129 -11.14995575 0 -0.000007629 -0.060441676 -0.109294944 -0.223858447
130 2.507614136 -17.075353622 6.722560883 -1.431642943 -0.139852905 -0.213430619
131 15.606666565 0 -0.000007629 0.042728226 0.025485089 -0.048848895
132 15.853740692 0 0.000007629 0.039244626 -0.049217067 -0.040003047
133 15.151847839 0 -0.000003815 -0.001387277 0.001864709 -0.185676398
134 11.149971008 0.000007629 -0.000011444 -0.060098973 0.045827678 0.312162837
135 5.893127441 15.939211845 -12.477546692 2.982226757 0.219647833 0.240788694
136 15.606666565 0.000007629 0.000026703 -0.005789508 0.107098799 0.004876144
137 15.853744507 -0.000003815 -0.000007629 0.011182209 0.045265169 0.077892468
138 15.151870728 0 0.000003815 -0.004788523 0.085387682 -0.04936868
139 11.14994812 0.000007629 -0.000007629 -0.002006505 -0.345022442 -0.175813631
140 5.893157959 -17.075357437 -12.477550507 1.698907945 -0.289498977 2.920633812
141 -15.606674194 -0.000007629 0.000019073 -0.000464911 0.045427845 -0.085080147
142 -15.853736877 -0.000003815 -0.000011444 0.01541719 -0.056218682 -0.032299249
143 -15.151832581 -0.000003815 -0.000007629 -0.003365583 -0.030815864 -0.152116948
144 -11.149940491 -0.000007629 -0.000007629 0.067435823 -0.100838374 0.359094064
145 4.260482788 20.773920059 -3.218482971 0.005897372 0.024680797 -2.904351171
146 -15.606689453 0 0.000001907 0.017283197 0.071215667 0.022037031
147 -15.853752136 0.000007629 0 0.006721078 0.105962811 -0.062408237
148 -15.15184021 -0.000003815 -0.000001907 0.000674911 0.095617245 0.064682337
149 -11.14995575 0.000007629 -0.000005722 -0.104183437 -0.109846932 0.070667579
150 7.528274536 -8.043748856 -1.232803345 0.002227454 -0.116150467 -0.011542626
151 54.911254883 0.6496768 0.176704407 1.571258829 0.100821589 0.038587898
152 61.183185577 0.000003815 -0.000000954 0.003518452 0.002488945 -0.088672176
153 -0.364086866 -2.758008003 4.994803905 0 0 0.000244115
154 -0.364086866 -2.758006096 4.994803905 0 0 0.000244115
155 -0.364086866 -2.758006096 4.994803905 0 0 0.000244115
156 -0.364086866 -2.758006096 4.994803905 0 0 0.000244115
157 -0.364086866 -2.758006096 4.994803905 0 0 0.000244115
158 -0.364086866 -2.758006096 4.994803905 0 0 0.000244115
159 -0.364086866 -2.758006096 4.994803905 0 0 0.000244115
160 -0.364086866 -2.758006096 4.994803905 0 0 0.000244115
161 -0.364086866 -2.758006096 4.994803905 0 0 0.000244115
162 -0.498048782 -4.95163393 0.510848999 0 0 0.000244115
163 -0.364086866 -2.758006096 4.994803905 0 0 0.000244115
time 16
0 -0.364086866 -2.758006096 4.994803905 0 0 0.000244115
1 -0.355919659 -7.472979069 9.423980367 0 -1.318447897 -1.570796327
2 130.809020996 -0.00000003 -0.000008583 0 0 0
3 6.662002563 -0.142129987 2.521343231 3.046712774 0.050574115 0.047393924
4 24.360931396 0 0.000019073 0.269156593 0.011191637 0.096321808
5 24.806396484 -0.000005722 0.765964508 0.333063196 -0.054089392 -0.081608475
6 8.120300293 -0.000001431 0 -0.464299621 -0.024761794 0.071683426
7 8.120315552 0 -0.000007629 0 -0.880742373 0
8 8.120315552 0 -0.000007629 0 -1.357954675 0
9 5.115234375 7.517080307 -23.079311371 1.599966137 -0.250613797 -0.2087857
10 -13.525100708 0 -0.000003815 0.013023197 -0.018500518 -0.063405256
11 -11.953063965 -0.000009537 -0.000000268 0.015620689 -0.000342579 0.065957262
12 -8.290374756 0 0 0.054568355 0.155771523 -0.260591376
13 -7.875 0.00002861 0 0.039342091 0.171195305 -0.340410669
14 -8.78578949 0.000038147 -0.000007629 0.282363657 -0.135837517 -0.370932024
15 -8.903717041 0.000007629 0 0.02378338 0.09323372 0.147370493
16 5.903457642 12.714842796 -17.69317627 1.458129029 -0.25762472 -0.239418809
17 -13.525131226 0 0 -0.00765957 -0.016914909 -0.064427776
18 -11.953048706 -0.000015259 0 0.039354563 -0.049558521 0.089560641
19 -8.290390015 -0.000001907 0 0.079528883 0.202750731 -0.05286999
20 -7.875 0.000034332 -0.000007629 0.013918739 0.228474688 -0.390059893
21 -8.78578949 0.000038147 -0.000015259 0.181033554 0.045718858 -0.400872578
22 -8.90372467 -0.000007629 0 -0.040888571 0.08377499 0.12729997
23 5.115188599 -7.603518009 -23.079315186 -1.697647727 0.321500463 -3.136476976
24 13.525115967 0 0.000003815 0.03303558 0.061228157 -0.046754839
25 11.953033447 0.000015259 0.000003815 0.12719702 -0.011303925 0.006372518
26 8.290374756 0.000001907 0 0.183938155 -0.230989578 -0.307272998
27 7.875 -0.000038147 0.000003815 0.074781022 -0.145389545 -0.246011874
28 8.785774231 -0.000038147 -0.000007629 0.051930943 0.069855085 -0.254539559
29 8.903709412 0.000007629 0 0.013975391 0.184373133 0.143404691
30 5.903442383 -12.801285744 -17.693191528 -1.76263838 0.396494575 -3.037930824
31 13.525115967 0.000007629 0 0.008428385 0.103398235 -0.042610839
32 11.953048706 0.000011444 0.000007629 0.136468119 0.02451216 -0.016841306
33 8.290374756 -0.000003815 0.000007629 0.148353232 -0.13691031 -0.204309452
34 7.875 -0.000030518 0.000002325 0.048064452 -0.110531354 -0.333281929
35 8.785797119 -0.000053406 0 0.033432778 0.161500492 -0.195959735
36 8.903717041 0 -0.000007629 -0.020465075 0.182151048 0.132413074
37 4.435424805 0.000132561 -25.179950714 3.020501862 0.599118574 2.984815502
38 14.171020508 0.000023842 1.280685425 -0.029470951 0.00881319 0.05305377
39 10.9765625 0.000022888 0.352539063 0.011525888 0.072241537 -0.010898648
40 8.120300293 -0.000001907 -0.000015259 -0.012686932 0.077742395 -0.180761083
41 8.120285034 0.000003815 -0.000030518 -0.036523752 0.12473809 -0.140357108
42 8.120330811 -0.000003815 -0.000015259 -0.078397345 0.413023245 0.119232221
43 8.12033844 0.000003815 0.000061035 -0.038652756 -0.03069641 0.070027119
44 7.146972656 16.179798126 -9.19562912 1.397809155 -0.270878016 -0.082202438
45 -13.525115967 0 0 -0.099253847 -0.188548537 -0.018126347
46 -11.953033447 -0.000013351 -0.000007629 0.041388924 -0.101655511 0.075629429
47 -8.290374756 0.000003815 0.000015259 0.134055015 0.223059739 -0.005247214
48 -7.875 0.000045776 0.000007629 0.036294999 0.285354658 -0.366814127
49 -8.785774231 0.000022888 -0.000007629 0.084750722 0.183596622 -0.497724651
50 -8.903717041 0 0 -0.070990155 0.147365529 -0.098637537
51 7.146972656 -16.26625061 -9.195617676 -1.74842378 0.329284837 -2.988759419
52 13.525131226 -0.000007629 0.000007629 -0.087158426 0.026627123 0.03789697
53 11.953018188 0.000009537 0.000007629 0.136234161 0.104381283 -0.025188626
54 8.290374756 0.000005722 0.000015259 0.175341061 -0.013993417 -0.223777112
55 7.875 -0.000053406 -0.000001907 0.062443998 -0.047256691 -0.325182322
56 8.78578949 -0.000038147 0.000007629 -0.051789644 0.252948106 -0.240737643
57 8.903717041 0.000007629 -0.000015259 -0.046163362 0.194573041 0.12614511
58 -5.367324829 8.366909981 8.703098297 1.790630658 -0.642973027 3.091271047
59 13.525131226 0 -0.000003815 -0.294796652 0.025796171 -0.029052018
60 -3.441864014 -10.792387962 9.376991272 1.736112882 -0.718523699 -3.081446412
61 13.525108337 0.000015259 -0.000003815 -0.41664848 0.030939899 -0.535565077
62 11.953048706 0.000015259 0 0.203180517 -0.156117185 -0.359119592
63 8.290390015 0.000011444 0 0.130263681 0.006848615 0.274821612
64 7.875 -0.000022888 0 0.114293052 0.187537734 0.257134767
65 19.39491272 -14.052387238 -0.467090607 -0.420203933 -0.144959366 -2.288527649
66 26.240745544 0 -0.000015259 0.949936571 -0.268034491 -0.094080153
67 31.970989227 0.000007629 0.000030518 -1.373642405 0.241472455 -0.115611965
68 4.627254486 -2.311279297 4.185630798 -0.021512477 -0.254658869 -0.451859094
69 2.980101585 0 -0.000003815 -0.040823197 0.14004721 0.242069561
70 1.982421875 0.000030518 0.000026703 0.001822187 0.301463179 0.041313792
71 10.844875336 -1.281555176 -1.331680298 0.003154845 -0.01855101 -1.502721343
72 3.98828125 -0.000015259 0.000030518 0.024656551 0.116612118 -1.30426207
73 2.26953125 0 -0.000011444 0.010246566 0.020303916 -1.235445909
74 10.908855438 -1.23739624 0.829589844 0.008182385 -0.019760774 -1.502678948
75 3.989425659 0.000007629 0.000041962 0.003562594 0.093803498 -1.240572344
76 3.478286743 -0.000015259 -0.000015259 0.01062322 -0.039586617 -1.338501469
77 10.29189682 -1.202133179 -3.344146729 0.018038834 -0.023865117 -1.537453755
78 2.757156372 -0.000007629 0.000019073 -0.00454994 -0.095548155 -1.291608045
79 1.775390625 0 -0.000011444 0.198076059 0.357239486 -1.30316968
80 10.971858978 -1.19392395 2.957344055 -0.012167132 -0.015944087 -1.622309173
81 3.82421875 -0.000011444 0.000034332 -0.000576872 0.002168828 -1.309510829
82 2.94140625 -0.000015259 -0.000007629 0.003967107 0.006944486 -1.466881704
83 -0.000011921 0 0 0.398893261 0.159072221 -0.629548
84 19.394897461 13.160597801 -0.467075348 -2.705414015 -0.423819643 -0.982217534
85 -26.240745544 0.000015259 0.000007629 0.243346465 -0.623563959 0.71596018
86 -31.970993042 0.000015259 0.000007629 -1.068364529 0.123095746 -0.414633005
87 -11.614608765 3.933105469 0.069387436 -1.57844541 1.529199082 -2.544968304
88 -10.484524727 1.069198608 3.539874077 -3.131584703 0.028220486 2.411526648
89 2.757156372 0 0.000021935 -0.011712134 0.035128624 1.019560794
90 1.775390625 0 -0.000026703 -0.261071927 -0.262843666 1.059935836
91 -11.046480179 1.142410278 1.529695511 -3.130487012 0.018259081 2.114134707
92 3.98828125 0.000015259 0.000035286 0.004872241 -0.009924216 1.610032301
93 2.26953125 -0.000015259 -0.000001907 -0.076539319 -0.095407065 1.438172442
94 -11.192631721 1.041534424 -2.758425713 -3.116629264 0.004012045 2.226905852
95 3.82421875 0.000038147 0.000049591 0.00053161 0.002187187 1.610324685
96 8.78578186 -0.000038147 0.000007153 0.08229373 0.071373082 -0.580233542
97 2.94140625 0.000030518 -0.000013351 -0.004550553 0.006091757 1.767588569
98 -11.120119095 1.091552734 -0.63111496 -3.132136147 0.020772815 2.221577138
99 3.989440918 0 0.000050545 0.021444626 0.041947477 1.751021405
100 3.478302002 0 -0.000009537 -0.001306817 0.004312204 1.848998194
101 -4.853610992 2.155105591 -4.018514633 3.123057975 0.125574955 2.46129872
102 2.980110168 0 0.000009537 0.038574713 -0.163808097 -0.240289671
103 1.982421875 -0.000030518 0.000038147 0 0 -0.040571652
104 0.000008583 -0.000015259 -0.000015259 -0.01786834 -0.032037725 -0.918099438
105 7.08984375 0 0.000003815 3.141592654 -0.174494795 3.141592654
106 7.528289795 8.168074608 -1.23279953 3.109519328 0.866769976 3.099830969
107 -54.911262512 -0.64967823 -0.176692963 1.501517964 0.97295719 0.098979678
108 -61.183189392 -0.000003815 -0.000000954 0.115990394 -0.050070302 0.442907394
109 8.588684082 0 1.514411926 0 0 0
110 4.260498047 -21.349504471 -3.218477249 0.009086907 -0.037514762 -0.237625212
111 15.606681824 0 -0.000007629 0.013332645 -0.037443452 -0.043333538
112 15.853752136 0.000003815 -0.000005722 0.015789815 -0.107190339 -0.103846885
113 15.151863098 0.000007629 0.000001907 0.00287201 -0.11639084 -0.029998241
114 11.149967194 0 -0.000007629 0.020169831 0.270739735 -0.29463582
115 1.725097656 -0.142128021 11.160655975 -1.570175773 -1.109793275 -0.000384658
116 15.606674194 0 0 0 0 0.057235818
117 15.853733063 0 0 0.014331487 -0.03701259 0.161268074
118 15.151847839 -0.000007629 -0.000001907 0.000086145 -0.00000545 0.126365453
119 11.149963379 -0.000007629 0.000003815 0 0 0.475675013
120 6.678710938 -0.142132968 -16.932605743 1.571028621 -0.299334054 3.141557625
121 -15.606689453 0 -0.00000003 0 0 -0.019594241
122 -15.853744507 0.000003815 0.00000599 0 0 -0.136140296
123 -15.15184021 -0.000007629 0 0 0 -0.151977353
124 -11.14995575 0 0.00000602 0 0 0.380355966
125 2.507644653 15.93921566 6.722553253 -1.007590984 0.920764685 -2.644121188
126 -15.606689453 -0.000001907 0 0.005681457 0.070205568 -0.032536289
127 -15.853752136 0 0.000009537 0.018901767 0.013695406 0.049251955
128 -15.151855469 -0.000007629 0.000007629 -0.00409618 0.058787362 -0.054098376
129 -11.14995575 0 -0.000007629 -0.059879793 -0.108744003 -0.222420744
130 2.507614136 -17.075353622 6.722560883 -1.427412311 -0.149699847 -0.200421877
131 15.606666565 0 -0.000007629 0.033816143 0.025842994 -0.02209725
132 15.853740692 0 0.000007629 0.039140885 -0.054898583 -0.032081367
133 15.151847839 0 -0.000003815 -0.000280665 -0.001503563 -0.203020034
134 11.149971008 0.000007629 -0.000011444 -0.059423454 0.045313869 0.310439713
135 5.893127441 15.939211845 -12.477546692 2.97916134 0.206775032 0.240396499
136 15.606666565 0.000007629 0.000026703 -0.001889009 0.076061619 -0.001972213
137 15.853744507 -0.000003815 -0.000007629 0.011963912 0.047287972 0.081985575
138 15.151870728 0 0.000003815 -0.005759258 0.104213867 -0.045768794
139 11.14994812 0.000007629 -0.000007629 -0.0025577 -0.344354079 -0.175004631
140 5.893157959 -17.075357437 -12.477550507 1.695996455 -0.276627726 2.921093637
141 -15.606674194 -0.000007629 0.000019073 0.003486214 0.047588084 -0.053109579
142 -15.853736877 -0.000003815 -0.000011444 0.015055432 -0.054992321 -0.035561079
143 -15.151832581 -0.000003815 -0.000007629 -0.003646443 -0.031156851 -0.171513347
144 -11.149940491 -0.000007629 -0.000007629 0.066837438 -0.100659043 0.357454722
145 4.260482788 20.773920059 -3.218482971 0.009086907 0.037514762 -2.903967441
146 -15.606689453 0 0.000001907 0.012600007 0.03758294 0.022684037
147 -15.853752136 0.000007629 0 0.005895336 0.108809741 -0.066426887
148 -15.15184021 -0.000003815 -0.000001907 0.002099969 0.119441164 0.064038465
149 -11.14995575 0.000007629 -0.000005722 -0.102830887 -0.108417321 0.070687638
150 7.528274536 -8.043748856 -1.232803345 0.001019689 -0.110452742 -0.005934886
151 54.911254883 0.6496768 0.176704407 1.571212349 0.132435404 0.036486458
152 61.183185577 0.000003815 -0.000000954 -0.000830362 0.004016705 -0.112013254
153 -0.364086866 -2.758008003 4.994803905 0 0 0.000244115
154 -0.364086866 -2.758006096 4.994803905 0 0 0.000244115
155 -0.364086866 -2.758006096 4.994803905 0 0 0.000244115
156 -0.364086866 -2.758006096 4.994803905 0 0 0.000244115
157 -0.364086866 -2.758006096 4.994803905 0 0 0.000244115
158 -0.364086866 -2.758006096 4.994803905 0 0 0.000244115
159 -0.364086866 -2.758006096 4.994803905 0 0 0.000244115
160 -0.364086866 -2.758006096 4.994803905 0 0 0.000244115
161 -0.364086866 -2.758006096 4.994803905 0 0 0.000244115
162 -0.498048782 -4.95163393 0.510848999 0 0 0.000244115
163 -0.364086866 -2.758006096 4.994803905 0 0 0.000244115
time 17
0 -0.364086866 -2.758006096 4.994803905 0 0 0.000244115
1 -0.355919659 -7.472979069 8.904667691 0 -1.320414298 -1.570796327
2 130.809020996 -0.00000003 -0.000008583 0 0 0
3 6.662002563 -0.142129987 2.521343231 3.043863758 0.04990113 0.044590522
4 24.360931396 0 0.000019073 0.261963123 0.015961813 0.095121982
5 24.806396484 -0.000005722 0.765964508 0.33305007 -0.058735731 -0.082657088
6 8.120300293 -0.000001431 0 -0.457254594 -0.024491445 0.070409883
7 8.120315552 0 -0.000007629 0 -0.880742373 0
8 8.120315552 0 -0.000007629 0 -1.357954675 0
9 5.115234375 7.517080307 -23.079311371 1.591838394 -0.247513206 -0.184874557
10 -13.525100708 0 -0.000003815 0.016859528 -0.035600346 -0.059188088
11 -11.953063965 -0.000009537 -0.000000268 0.012928439 -0.046926988 0.093585173
12 -8.290374756 0 0 0.052235119 0.15240584 -0.241088036
13 -7.875 0.00002861 0 0.023915879 0.217532108 -0.343328563
14 -8.78578949 0.000038147 -0.000007629 0.277016332 -0.08850892 -0.416459143
15 -8.903717041 0.000007629 0 0.048986866 0.133585391 0.252538723
16 5.903457642 12.714842796 -17.69317627 1.451621884 -0.255806118 -0.21882651
17 -13.525131226 0 0 -0.003763177 -0.030264518 -0.06521768
18 -11.953048706 -0.000015259 0 0.036250238 -0.095772868 0.106698891
19 -8.290390015 -0.000001907 0 0.083068095 0.19303707 -0.016516277
20 -7.875 0.000034332 -0.000007629 0.004945948 0.267720132 -0.386095336
21 -8.78578949 0.000038147 -0.000015259 0.172705156 0.098895064 -0.443570512
22 -8.90372467 -0.000007629 0 -0.02763856 0.106883007 0.237340343
23 5.115188599 -7.603518009 -23.079315186 -1.682592651 0.311273619 -3.102403905
24 13.525115967 0 0.000003815 0.029432032 0.080766042 -0.030692375
25 11.953033447 0.000015259 0.000003815 0.128209262 0.042974161 0.050346402
26 8.290374756 0.000001907 0 0.186755701 -0.224219063 -0.297988304
27 7.875 -0.000038147 0.000003815 0.089850448 -0.188930929 -0.254056784
28 8.785774231 -0.000038147 -0.000007629 0.065283059 -0.000254372 -0.286851388
29 8.903709412 0.000007629 0 0.014803721 0.221573433 0.249022309
30 5.903442383 -12.801285744 -17.693191528 -1.743430371 0.3833797 -3.00193169
31 13.525115967 0.000007629 0 0.004510733 0.120202526 -0.024201067
32 11.953048706 0.000011444 0.000007629 0.137241359 0.073683943 0.036149536
33 8.290374756 -0.000003815 0.000007629 0.148442245 -0.121564761 -0.18243589
34 7.875 -0.000030518 0.000002325 0.067492356 -0.149073693 -0.359203599
35 8.785797119 -0.000053406 0 0.046349014 0.088782463 -0.247143492
36 8.903717041 0 -0.000007629 -0.051759082 0.205191091 0.23027365
37 4.435424805 0.000132561 -25.179950714 3.035581993 0.614637054 3.015852558
38 14.171020508 0.000023842 1.280685425 -0.026872081 0.004515799 0.072468012
39 10.9765625 0.000022888 0.352539063 0.01624435 0.075765041 0.038798661
40 8.120300293 -0.000001907 -0.000015259 -0.009293565 0.066341522 -0.180277105
41 8.120285034 0.000003815 -0.000030518 -0.034690427 0.109771674 -0.18832408
42 8.120330811 -0.000003815 -0.000015259 -0.091066531 0.450055731 0.066031696
43 8.12033844 0.000003815 0.000061035 -0.038652756 -0.03069641 0.070027119
44 7.146972656 16.179798126 -9.19562912 1.397809155 -0.270878016 -0.082202438
45 -13.525115967 0 0 -0.093594434 -0.201562193 -0.017713763
46 -11.953033447 -0.000013351 -0.000007629 0.04049617 -0.141618411 0.0909833
47 -8.290374756 0.000003815 0.000015259 0.138503309 0.209763311 0.035744424
48 -7.875 0.000045776 0.000007629 0.034644571 0.317145361 -0.35272155
49 -8.785774231 0.000022888 -0.000007629 0.080713652 0.231023844 -0.543709896
50 -8.903717041 0 0 -0.063522386 0.173892753 0.010931962
51 7.146972656 -16.26625061 -9.195617676 -1.732656087 0.308276075 -2.958462271
52 13.525131226 -0.000007629 0.000007629 -0.088552814 0.033850239 0.061592628
53 11.953018188 0.000009537 0.000007629 0.139622176 0.143094382 0.039691895
54 8.290374756 0.000005722 0.000015259 0.177329757 0.013428814 -0.195492557
55 7.875 -0.000053406 -0.000001907 0.083976671 -0.07232494 -0.358837129
56 8.78578949 -0.000038147 0.000007629 -0.034233945 0.175955783 -0.306205506
57 8.903717041 0.000007629 -0.000015259 -0.106794128 0.203897657 0.207067834
58 -5.367324829 8.366909981 8.703098297 1.784465885 -0.654407799 3.104523869
59 13.525131226 0 -0.000003815 -0.294796652 0.025796171 -0.029052018
60 -3.441864014 -10.792387962 9.376991272 1.72906008 -0.737649436 -3.066823067
61 13.525108337 0.000015259 -0.000003815 -0.410331822 0.029598125 -0.565394477
62 11.953048706 0.000015259 0 0.213433033 -0.158953882 -0.401544229
63 8.290390015 0.000011444 0 0.12851975 -0.02820913 0.252760318
64 7.875 -0.000022888 0 0.114523591 0.165066607 0.272757428
65 19.39491272 -14.052387238 -0.467090607 -0.394369183 -0.190875863 -2.289554158
66 26.240745544 0 -0.000015259 0.910945607 -0.250040702 -0.065811955
67 31.970989227 0.000007629 0.000030518 -1.413928107 0.331381622 -0.148660283
68 4.627254486 -2.311279297 4.185630798 -0.021512477 -0.254658869 -0.451859094
69 2.980101585 0 -0.000003815 -0.040823197 0.14004721 0.242069561
70 1.982421875 0.000030518 0.000026703 0.001822187 0.301463179 0.041313792
71 10.844875336 -1.281555176 -1.331680298 0.003154845 -0.01855101 -1.502721343
72 3.98828125 -0.000015259 0.000030518 0.024656551 0.116612118 -1.30426207
73 2.26953125 0 -0.000011444 0.010246566 0.020303916 -1.235445909
74 10.908855438 -1.23739624 0.829589844 0.008182385 -0.019760774 -1.502678948
75 3.989425659 0.000007629 0.000041962 0.003562594 0.093803498 -1.240572344
76 3.478286743 -0.000015259 -0.000015259 0.01062322 -0.039586617 -1.338501469
77 10.29189682 -1.202133179 -3.344146729 0.018038834 -0.023865117 -1.537453755
78 2.757156372 -0.000007629 0.000019073 -0.00454994 -0.095548155 -1.291608045
79 1.775390625 0 -0.000011444 0.198076059 0.357239486 -1.30316968
80 10.971858978 -1.19392395 2.957344055 -0.012167132 -0.015944087 -1.622309173
81 3.82421875 -0.000011444 0.000034332 -0.000576872 0.002168828 -1.309510829
82 2.94140625 -0.000015259 -0.000007629 0.003967107 0.006944486 -1.466881704
83 -0.000011921 0 0 0.398893261 0.159072221 -0.629548
84 19.394897461 13.160597801 -0.467075348 -2.70179612 -0.421793391 -0.996554599
85 -26.240745544 0.000015259 0.000007629 0.243662478 -0.604452655 0.705597565
86 -31.970993042 0.000015259 0.000007629 -1.027176647 0.093303697 -0.39479341
87 -11.614608765 3.933105469 0.069387436 -1.57844541 1.529199082 -2.544968304
88 -10.484524727 1.069198608 3.539874077 -3.131584703 0.028220486 2.411526648
89 2.757156372 0 0.000021935 -0.011712134 0.035128624 1.019560794
90 1.775390625 0 -0.000026703 -0.261071927 -0.262843666 1.059935836
91 -11.046480179 1.142410278 1.529695511 -3.130487012 0.018259081 2.114134707
92 3.98828125 0.000015259 0.000035286 0.004872241 -0.009924216 1.610032301
93 2.26953125 -0.000015259 -0.000001907 -0.076539319 -0.095407065 1.438172442
94 -11.192631721 1.041534424 -2.758425713 -3.116629264 0.004012045 2.226905852
95 3.82421875 0.000038147 0.000049591 0.00053161 0.002187187 1.610324685
96 8.78578186 -0.000038147 0.000007153 0.08229373 0.071373082 -0.580233542
97 2.94140625 0.000030518 -0.000013351 -0.004550553 0.006091757 1.767588569
98 -11.120119095 1.091552734 -0.63111496 -3.132136147 0.020772815 2.221577138
99 3.989440918 0 0.000050545 0.021444626 0.041947477 1.751021405
100 3.478302002 0 -0.000009537 -0.001306817 0.004312204 1.848998194
101 -4.853610992 2.155105591 -4.018514633 3.123057975 0.125574955 2.46129872
102 2.980110168 0 0.000009537 0.038574713 -0.163808097 -0.240289671
103 1.982421875 -0.000030518 0.000038147 0 0 -0.040571652
104 0.000008583 -0.000015259 -0.000015259 -0.01786834 -0.032037725 -0.918099438
105 7.08984375 0 0.000003815 3.141592654 -0.174494795 3.141592654
106 7.528289795 8.168074608 -1.23279953 3.109307437 0.874479282 3.09943791
107 -54.911262512 -0.64967823 -0.176692963 1.500065663 0.944332242 0.101036958
108 -61.183189392 -0.000003815 -0.000000954 0.123285973 -0.051833176 0.468131481
109 8.588684082 0 1.514411926 0 0 0
110 4.260498047 -21.349504471 -3.218477249 0.016949459 -0.069533318 -0.238587566
111 15.606681824 0 -0.000007629 0.003814895 0.021931721 -0.045799211
112 15.853752136 0.000003815 -0.000005722 0.017138393 -0.103932256 -0.101459573
113 15.151863098 0.000007629 0.000001907 0.004842208 -0.146649202 -0.024676716
114 11.149967194 0 -0.000007629 0.022711772 0.268357728 -0.290750152
115 1.725097656 -0.142128021 11.160655975 -1.570330199 -1.043957052 -0.000268151
116 15.606674194 0 0 0 0 0.051105073
117 15.853733063 0 0 0.01376988 -0.0375659 0.170631543
118 15.151847839 -0.000007629 -0.000001907 0.000086145 -0.00000545 0.126365453
119 11.149963379 -0.000007629 0.000003815 0 0 0.475675013
120 6.678710938 -0.142132968 -16.932605743 1.571045994 -0.266289 3.141559214
121 -15.606689453 0 -0.00000003 0 0 0.043248069
122 -15.853744507 0.000003815 0.00000599 0 0 -0.135880746
123 -15.15184021 -0.000007629 0 0 0 -0.180994202
124 -11.14995575 0 0.00000602 0 0 0.376752619
125 2.507644653 15.93921566 6.722553253 -1.011026296 0.886194012 -2.652717701
126 -15.606689453 -0.000001907 0 0.005341078 0.03538945 -0.029949647
127 -15.853752136 0 0.000009537 0.019215274 0.013018173 0.047002519
128 -15.151855469 -0.000007629 0.000007629 -0.00518099 0.075854047 -0.061362569
129 -11.14995575 0 -0.000007629 -0.058548398 -0.106964873 -0.218179189
130 2.507614136 -17.075353622 6.722560883 -1.421989248 -0.162057997 -0.188813663
131 15.606666565 0 -0.000007629 0.017163221 0.028723838 0.022865159
132 15.853740692 0 0.000007629 0.036635011 -0.061507202 -0.01736526
133 15.151847839 0 -0.000003815 0.000942449 -0.007711633 -0.220994001
134 11.149971008 0.000007629 -0.000011444 -0.057382417 0.043792257 0.305707081
135 5.893127441 15.939211845 -12.477546692 2.971344089 0.174683277 0.239489966
136 15.606666565 0.000007629 0.000026703 0.005898407 0.017829843 -0.016175857
137 15.853744507 -0.000003815 -0.000007629 0.014077135 0.044067302 0.085812711
138 15.151870728 0 0.000003815 -0.00692155 0.130752547 -0.039641088
139 11.14994812 0.000007629 -0.000007629 -0.003995788 -0.342332391 -0.172793608
140 5.893157959 -17.075357437 -12.477550507 1.688785473 -0.244395783 2.922527879
141 -15.606674194 -0.000007629 0.000019073 0.011513968 0.050801361 0.007977352
142 -15.853736877 -0.000003815 -0.000011444 0.014459404 -0.05354764 -0.033633492
143 -15.151832581 -0.000003815 -0.000007629 -0.003944862 -0.031541469 -0.200293887
144 -11.149940491 -0.000007629 -0.000007629 0.065183364 -0.10025145 0.352792313
145 4.260482788 20.773920059 -3.218482971 0.016949459 0.069533318 -2.903005088
146 -15.606689453 0 0.000001907 0.003697456 -0.021972687 0.024907111
147 -15.853752136 0.000007629 0 0.003861625 0.105299961 -0.071121877
148 -15.15184021 -0.000003815 -0.000001907 0.003897166 0.149851596 0.062279263
149 -11.14995575 0.000007629 -0.000005722 -0.099126839 -0.104470645 0.070623251
150 7.528274536 -8.043748856 -1.232803345 0.000276521 -0.108034561 -0.001916694
151 54.911254883 0.6496768 0.176704407 1.571192941 0.175353892 0.034654428
152 61.183185577 0.000003815 -0.000000954 0.000043524 0.006322231 -0.150246723
153 -0.364086866 -2.758008003 4.994803905 0 0 0.000244115
154 -0.364086866 -2.758006096 4.994803905 0 0 0.000244115
155 -0.364086866 -2.758006096 4.994803905 0 0 0.000244115
156 -0.364086866 -2.758006096 4.994803905 0 0 0.000244115
157 -0.364086866 -2.758006096 4.994803905 0 0 0.000244115
158 -0.364086866 -2.758006096 4.994803905 0 0 0.000244115
159 -0.364086866 -2.758006096 4.994803905 0 0 0.000244115
160 -0.364086866 -2.758006096 4.994803905 0 0 0.000244115
161 -0.364086866 -2.758006096 4.994803905 0 0 0.000244115
162 -0.498048782 -4.95163393 0.510848999 0 0 0.000244115
163 -0.364086866 -2.758006096 4.994803905 0 0 0.000244115
time 18
0 -0.364086866 -2.758006096 4.994803905 0 0 0.000244115
1 -0.355919659 -7.472979069 7.535571124 0 -1.325665075 -1.570796327
2 130.809020996 -0.00000003 -0.000008583 0 0 0
3 6.662002563 -0.142129987 2.521343231 3.039504857 0.048999343 0.040208323
4 24.360931396 0 0.000019073 0.2416463 0.029316868 0.091852664
5 24.806396484 -0.000005722 0.765964508 0.333088167 -0.071836249 -0.085579244
6 8.120300293 -0.000001431 0 -0.437395415 -0.023567447 0.066705806
7 8.120315552 0 -0.000007629 0 -0.880742373 0
8 8.120315552 0 -0.000007629 0 -1.357954675 0
9 5.115234375 7.517080307 -23.079311371 1.585815803 -0.236576886 -0.162754784
10 -13.525100708 0 -0.000003815 0.020351676 -0.04152089 -0.052577751
11 -11.953063965 -0.000009537 -0.000000268 0.008945862 -0.094522888 0.12556551
12 -8.290374756 0 0 0.051891732 0.138400015 -0.220175413
13 -7.875 0.00002861 0 0.008652977 0.262658643 -0.348557107
14 -8.78578949 0.000038147 -0.000007629 0.266826292 -0.036262123 -0.457305629
15 -8.903717041 0.000007629 0 0.076409068 0.177533307 0.36716707
16 5.903457642 12.714842796 -17.69317627 1.446530743 -0.245713908 -0.199410212
17 -13.525131226 0 0 -0.000155421 -0.034462926 -0.061128172
18 -11.953048706 -0.000015259 0 0.032516608 -0.142328966 0.127593913
19 -8.290390015 -0.000001907 0 0.086758611 0.17358612 0.018914573
20 -7.875 0.000034332 -0.000007629 -0.002896074 0.30523885 -0.381327645
21 -8.78578949 0.000038147 -0.000015259 0.160976066 0.154581817 -0.481506089
22 -8.90372467 -0.000007629 0 -0.013283239 0.131691683 0.357267133
23 5.115188599 -7.603518009 -23.079315186 -1.670150441 0.296533764 -3.070039686
24 13.525115967 0 0.000003815 0.026307109 0.088069969 -0.018714916
25 11.953033447 0.000015259 0.000003815 0.131746495 0.09874025 0.099050883
26 8.290374756 0.000001907 0 0.186772821 -0.206275215 -0.285819083
27 7.875 -0.000038147 0.000003815 0.105152696 -0.230305546 -0.264828345
28 8.785774231 -0.000038147 -0.000007629 0.082590202 -0.070933825 -0.315752597
29 8.903709412 0.000007629 0 0.015237256 0.262154096 0.364000186
30 5.903442383 -12.801285744 -17.693191528 -1.727048052 0.367874515 -2.96694439
31 13.525115967 0.000007629 0 0.001013208 0.126806861 -0.012649876
32 11.953048706 0.000011444 0.000007629 0.140280829 0.123880625 0.092312631
33 8.290374756 -0.000003815 0.000007629 0.146795712 -0.095431674 -0.154631038
34 7.875 -0.000030518 0.000002325 0.087228354 -0.182839207 -0.386008005
35 8.785797119 -0.000053406 0 0.065159338 0.017301999 -0.295629539
36 8.903717041 0 -0.000007629 -0.085874005 0.230348458 0.336898265
37 4.435424805 0.000132561 -25.179950714 3.048344607 0.62588407 3.044369047
38 14.171020508 0.000023842 1.280685425 -0.026122647 -0.003022857 0.079392244
39 10.9765625 0.000022888 0.352539063 0.021408508 0.0791522 0.090722852
40 8.120300293 -0.000001907 -0.000015259 -0.006426177 0.058888874 -0.170687024
41 8.120285034 0.000003815 -0.000030518 -0.031930459 0.094574187 -0.235998624
42 8.120330811 -0.000003815 -0.000015259 -0.106913047 0.483075005 0.007199641
43 8.12033844 0.000003815 0.000061035 -0.038652756 -0.03069641 0.070027119
44 7.146972656 16.179798126 -9.19562912 1.397809155 -0.270878016 -0.082202438
45 -13.525115967 0 0 -0.0877865 -0.207794773 -0.013165842
46 -11.953033447 -0.000013351 -0.000007629 0.039379512 -0.181817449 0.109775943
47 -8.290374756 0.000003815 0.000015259 0.143033925 0.189693105 0.075009953
48 -7.875 0.000045776 0.000007629 0.034494748 0.347070698 -0.336033469
49 -8.785774231 0.000022888 -0.000007629 0.074529799 0.279701871 -0.582761794
50 -8.903717041 0 0 -0.055318305 0.202798702 0.130483154
51 7.146972656 -16.26625061 -9.195617676 -1.719308014 0.285831257 -2.927812465
52 13.525131226 -0.000007629 0.000007629 -0.08947571 0.03293173 0.076923956
53 11.953018188 0.000009537 0.000007629 0.145537376 0.181391581 0.107320719
54 8.290374756 0.000005722 0.000015259 0.17850693 0.050134239 -0.158668202
55 7.875 -0.000053406 -0.000001907 0.105043456 -0.089331016 -0.389936799
56 8.78578949 -0.000038147 0.000007629 -0.008390771 0.105343714 -0.368404067
57 8.903717041 0.000007629 -0.000015259 -0.172809611 0.214606242 0.295187721
58 -5.367324829 8.366909981 8.703098297 1.776025142 -0.676146283 3.123626638
59 13.525131226 0 -0.000003815 -0.294796652 0.025796171 -0.029052018
60 -3.441864014 -10.792387962 9.376991272 1.718216156 -0.767120768 -3.045002046
61 13.525108337 0.000015259 -0.000003815 -0.401646397 0.031360834 -0.592664326
62 11.953048706 0.000015259 0 0.223922909 -0.157645287 -0.452724782
63 8.290390015 0.000011444 0 0.128596027 -0.059813857 0.223703554
64 7.875 -0.000022888 0 0.113105212 0.137751025 0.284093408
65 19.39491272 -14.052387238 -0.467090607 -0.363213013 -0.245415622 -2.292192903
66 26.240745544 0 -0.000015259 0.897309384 -0.243667973 -0.055884701
67 31.970989227 0.000007629 0.000030518 -1.450049686 0.412093124 -0.178276108
68 4.627254486 -2.311279297 4.185630798 -0.021512477 -0.254658869 -0.451859094
69 2.980101585 0 -0.000003815 -0.040823197 0.14004721 0.242069561
70 1.982421875 0.000030518 0.000026703 0.001822187 0.301463179 0.041313792
71 10.844875336 -1.281555176 -1.331680298 0.003154845 -0.01855101 -1.502721343
72 3.98828125 -0.000015259 0.000030518 0.024656551 0.116612118 -1.30426207
73 2.26953125 0 -0.000011444 0.010246566 0.020303916 -1.235445909
74 10.908855438 -1.23739624 0.829589844 0.008182385 -0.019760774 -1.502678948
75 3.989425659 0.000007629 0.000041962 0.003562594 0.093803498 -1.240572344
76 3.478286743 -0.000015259 -0.000015259 0.01062322 -0.039586617 -1.338501469
77 10.29189682 -1.202133179 -3.344146729 0.018038834 -0.023865117 -1.537453755
78 2.757156372 -0.000007629 0.000019073 -0.00454994 -0.095548155 -1.291608045
79 1.775390625 0 -0.000011444 0.198076059 0.357239486 -1.30316968
80 10.971858978 -1.19392395 2.957344055 -0.012167132 -0.015944087 -1.622309173
81 3.82421875 -0.000011444 0.000034332 -0.000576872 0.002168828 -1.309510829
82 2.94140625 -0.000015259 -0.000007629 0.003967107 0.006944486 -1.466881704
83 -0.000011921 0 0 0.398893261 0.159072221 -0.629548
84 19.394897461 13.160597801 -0.467075348 -2.697684163 -0.419499749 -1.01161899
85 -26.240745544 0.000015259 0.000007629 0.244059124 -0.579719299 0.692044483
86 -31.970993042 0.000015259 0.000007629 -0.98389478 0.062139763 -0.373607193
87 -11.614608765 3.933105469 0.069387436 -1.57844541 1.529199082 -2.544968304
88 -10.484524727 1.069198608 3.539874077 -3.131584703 0.028220486 2.411526648
89 2.757156372 0 0.000021935 -0.011712134 0.035128624 1.019560794
90 1.775390625 0 -0.000026703 -0.261071927 -0.262843666 1.059935836
91 -11.046480179 1.142410278 1.529695511 -3.130487012 0.018259081 2.114134707
92 3.98828125 0.000015259 0.000035286 0.004872241 -0.009924216 1.610032301
93 2.26953125 -0.000015259 -0.000001907 -0.076539319 -0.095407065 1.438172442
94 -11.192631721 1.041534424 -2.758425713 -3.116629264 0.004012045 2.226905852
95 3.82421875 0.000038147 0.000049591 0.00053161 0.002187187 1.610324685
96 8.78578186 -0.000038147 0.000007153 0.08229373 0.071373082 -0.580233542
97 2.94140625 0.000030518 -0.000013351 -0.004550553 0.006091757 1.767588569
98 -11.120119095 1.091552734 -0.63111496 -3.132136147 0.020772815 2.221577138
99 3.989440918 0 0.000050545 0.021444626 0.041947477 1.751021405
100 3.478302002 0 -0.000009537 -0.001306817 0.004312204 1.848998194
101 -4.853610992 2.155105591 -4.018514633 3.123057975 0.125574955 2.46129872
102 2.980110168 0 0.000009537 0.038574713 -0.163808097 -0.240289671
103 1.982421875 -0.000030518 0.000038147 0 0 -0.040571652
104 0.000008583 -0.000015259 -0.000015259 -0.01786834 -0.032037725 -0.918099438
105 7.08984375 0 0.000003815 3.141592654 -0.174494795 3.141592654
106 7.528289795 8.168074608 -1.23279953 3.112415641 0.836874933 3.105092101
107 -54.911262512 -0.64967823 -0.176692963 1.504578416 0.861907201 0.095843297
108 -61.183189392 -0.000003815 -0.000000954 0.132094075 -0.047014314 0.44460072
109 8.588684082 0 1.514411926 0 0 0
110 4.260498047 -21.349504471 -3.218477249 0.027263115 -0.111201523 -0.239928646
111 15.606681824 0 -0.000007629 -0.007411367 0.087133757 -0.051044933
112 15.853752136 0.000003815 -0.000005722 0.016898623 -0.085524561 -0.099690103
113 15.151863098 0.000007629 0.000001907 0.006648516 -0.177128635 -0.018268601
114 11.149967194 0 -0.000007629 0.026671359 0.264699739 -0.284742771
115 1.725097656 -0.142128021 11.160655975 -1.570216861 -0.950819156 -0.000298284
116 15.606674194 0 0 0 0 0.041348671
117 15.853733063 0 0 0.012274971 -0.03911812 0.196749065
118 15.151847839 -0.000007629 -0.000001907 0.000086145 -0.00000545 0.126365453
119 11.149963379 -0.000007629 0.000003815 0 0 0.475675013
120 6.678710938 -0.142132968 -16.932605743 1.571036167 -0.22336447 3.141565756
121 -15.606689453 0 -0.00000003 0 0 0.114259147
122 -15.853744507 0.000003815 0.00000599 0 0 -0.120052366
123 -15.15184021 -0.000007629 0 0 0 -0.212913734
124 -11.14995575 0 0.00000602 0 0 0.3712182
125 2.507644653 15.93921566 6.722553253 -1.021663864 0.796964602 -2.675723158
126 -15.606689453 -0.000001907 0 0.00489168 -0.004337684 -0.026510768
127 -15.853752136 0 0.000009537 0.019434614 0.004132794 0.0456216
128 -15.151855469 -0.000007629 0.000007629 -0.006758526 0.094547325 -0.069723927
129 -11.14995575 0 -0.000007629 -0.056392664 -0.104153486 -0.211566101
130 2.507614136 -17.075353622 6.722560883 -1.415287881 -0.177406201 -0.178943446
131 15.606666565 0 -0.000007629 -0.001488914 0.037105039 0.068705845
132 15.853740692 0 0.000007629 0.031531705 -0.067938309 0.009984724
133 15.151847839 0 -0.000003815 0.002316109 -0.016762561 -0.23378752
134 11.149971008 0.000007629 -0.000011444 -0.054370184 0.041441474 0.29830252
135 5.893127441 15.939211845 -12.477546692 2.961111323 0.133010432 0.238322249
136 15.606666565 0.000007629 0.000026703 0.016003514 -0.047040493 -0.034224695
137 15.853744507 -0.000003815 -0.000007629 0.01677197 0.026144969 0.086573252
138 15.151870728 0 0.000003815 -0.007985537 0.158711393 -0.031808677
139 11.14994812 0.000007629 -0.000007629 -0.006368276 -0.339135418 -0.169270263
140 5.893157959 -17.075357437 -12.477550507 1.679361037 -0.202469046 2.924306916
141 -15.606674194 -0.000007629 0.000019073 0.021044231 0.052666797 0.077166741
142 -15.853736877 -0.000003815 -0.000011444 0.013975377 -0.050993324 -0.01641712
143 -15.151832581 -0.000003815 -0.000007629 -0.004247235 -0.031516972 -0.231288829
144 -11.149940491 -0.000007629 -0.000007629 0.062563775 -0.099490164 0.345548574
145 4.260482788 20.773920059 -3.218482971 0.027263115 0.111201523 -2.901664008
146 -15.606689453 0 0.000001907 -0.006740973 -0.087376804 0.029671634
147 -15.853752136 0.000007629 0 0.001052559 0.086358818 -0.075656619
148 -15.15184021 -0.000003815 -0.000001907 0.005517003 0.180304105 0.05909537
149 -11.14995575 0.000007629 -0.000005722 -0.093350123 -0.098343615 0.070533752
150 7.528274536 -8.043748856 -1.232803345 0.000023344 -0.107602567 -0.000433467
151 54.911254883 0.6496768 0.176704407 1.57115359 0.231253534 0.033100654
152 61.183185577 0.000003815 -0.000000954 0.002593663 0.009461129 -0.203010344
153 -0.364086866 -2.758008003 4.994803905 0 0 0.000244115
154 -0.364086866 -2.758006096 4.994803905 0 0 0.000244115
155 -0.364086866 -2.758006096 4.994803905 0 0 0.000244115
156 -0.364086866 -2.758006096 4.994803905 0 0 0.000244115
157 -0.364086866 -2.758006096 4.994803905 0 0 0.000244115
158 -0.364086866 -2.758006096 4.994803905 0 0 0.000244115
159 -0.364086866 -2.758006096 4.994803905 0 0 0.000244115
160 -0.364086866 -2.758006096 4.994803905 0 0 0.000244115
161 -0.364086866 -2.758006096 4.994803905 0 0 0.000244115
162 -0.498048782 -4.95163393 0.510848999 0 0 0.000244115
163 -0.364086866 -2.758006096 4.994803905 0 0 0.000244115
time 19
0 -0.364086866 -2.758006096 4.994803905 0 0 0.000244115
1 -0.355919659 -7.472979069 5.599950261 0 -1.333122254 -1.570796327
2 130.809020996 -0.00000003 -0.000008583 0 0 0
3 6.662002563 -0.142129987 2.521343231 3.033814766 0.04776916 0.034432694
4 24.360931396 0 0.000019073 0.210479187 0.049822811 0.086813803
5 24.806396484 -0.000005722 0.765964508 0.333098486 -0.091868127 -0.09012181
6 8.120300293 -0.000001431 0 -0.406595871 -0.022165649 0.060984633
7 8.120315552 0 -0.000007629 0 -0.880742373 0
8 8.120315552 0 -0.000007629 0 -1.357954675 0
9 5.115234375 7.517080307 -23.079311371 1.586621971 -0.215670823 -0.149314745
10 -13.525100708 0 -0.000003815 0.02360114 -0.034859599 -0.046087067
11 -11.953063965 -0.000009537 -0.000000268 0.004601853 -0.135573906 0.161996036
12 -8.290374756 0 0 0.05331308 0.111099741 -0.191924616
13 -7.875 0.00002861 0 -0.004455225 0.302525977 -0.353685812
14 -8.78578949 0.000038147 -0.000007629 0.250780218 0.021994013 -0.495869615
15 -8.903717041 0.000007629 0 0.101663751 0.217883063 0.472438858
16 5.903457642 12.714842796 -17.69317627 1.447741331 -0.223956582 -0.186839272
17 -13.525131226 0 0 0.003197335 -0.028668205 -0.054351385
18 -11.953048706 -0.000015259 0 0.028561112 -0.183413747 0.154269171
19 -8.290390015 -0.000001907 0 0.089737979 0.141768713 0.05644801
20 -7.875 0.000034332 -0.000007629 -0.007923837 0.337152296 -0.372535224
21 -8.78578949 0.000038147 -0.000015259 0.145599372 0.21324161 -0.516256648
22 -8.90372467 -0.000007629 0 -0.00012652 0.154304984 0.467406039
23 5.115188599 -7.603518009 -23.079315186 -1.66623796 0.279575835 -3.047922036
24 13.525115967 0 0.000003815 0.022953171 0.081321065 -0.013407654
25 11.953033447 0.000015259 0.000003815 0.137185061 0.148644977 0.14959099
26 8.290374756 0.000001907 0 0.18365433 -0.172963311 -0.264919793
27 7.875 -0.000038147 0.000003815 0.120283319 -0.26750994 -0.278353968
28 8.785774231 -0.000038147 -0.000007629 0.104736479 -0.14506141 -0.343801566
29 8.903709412 0.000007629 0 0.015497283 0.29930451 0.469588192
30 5.903442383 -12.801285744 -17.693191528 -1.719910712 0.353513155 -2.940746041
31 13.525115967 0.000007629 0 -0.002707602 0.121769564 -0.010369394
32 11.953048706 0.000011444 0.000007629 0.145398769 0.169721801 0.147554387
33 8.290374756 -0.000003815 0.000007629 0.144039987 -0.05577385 -0.117324948
34 7.875 -0.000030518 0.000002325 0.106522568 -0.209619677 -0.410987137
35 8.785797119 -0.000053406 0 0.090614868 -0.055183505 -0.344649273
36 8.903717041 0 -0.000007629 -0.117156651 0.253681762 0.434747767
37 4.435424805 0.000132561 -25.179950714 3.050252045 0.629496069 3.058949138
38 14.171020508 0.000023842 1.280685425 -0.028371716 -0.012962039 0.072714667
39 10.9765625 0.000022888 0.352539063 0.025924034 0.079484146 0.137809943
40 8.120300293 -0.000001907 -0.000015259 -0.004011066 0.054844429 -0.149114161
41 8.120285034 0.000003815 -0.000030518 -0.028608442 0.080111976 -0.28094104
42 8.120330811 -0.000003815 -0.000015259 -0.125824939 0.509532868 -0.060779149
43 8.12033844 0.000003815 0.000061035 -0.038652756 -0.03069641 0.070027119
44 7.146972656 16.179798126 -9.19562912 1.397809155 -0.270878016 -0.082202438
45 -13.525115967 0 0 -0.080932225 -0.206607842 -0.007238089
46 -11.953033447 -0.000013351 -0.000007629 0.038440421 -0.219162093 0.134586583
47 -8.290374756 0.000003815 0.000015259 0.147018104 0.16051711 0.114957138
48 -7.875 0.000045776 0.000007629 0.037394284 0.37187515 -0.314901515
49 -8.785774231 0.000022888 -0.000007629 0.06629261 0.329562028 -0.616341836
50 -8.903717041 0 0 -0.047842774 0.229224114 0.240199047
51 7.146972656 -16.26625061 -9.195617676 -1.713607958 0.267133324 -2.901653301
52 13.525131226 -0.000007629 0.000007629 -0.090726425 0.023916079 0.081028564
53 11.953018188 0.000009537 0.000007629 0.153442228 0.215560692 0.172480058
54 8.290374756 0.000005722 0.000015259 0.18022098 0.096878834 -0.110183758
55 7.875 -0.000053406 -0.000001907 0.124848139 -0.09629466 -0.415747078
56 8.78578949 -0.000038147 0.000007629 0.026060596 0.039707969 -0.429838878
57 8.903717041 0.000007629 -0.000015259 -0.233448816 0.225472914 0.376099726
58 -5.367324829 8.366909981 8.703098297 1.758419311 -0.707287691 -3.130418657
59 13.525131226 0 -0.000003815 -0.294796652 0.025796171 -0.029052018
60 -3.441864014 -10.792387962 9.376991272 1.695761035 -0.801092109 -3.010343046
61 13.525108337 0.000015259 -0.000003815 -0.391705486 0.038170299 -0.612157671
62 11.953048706 0.000015259 0 0.235495772 -0.154591306 -0.508251585
63 8.290390015 0.000011444 0 0.130529448 -0.089279528 0.186158971
64 7.875 -0.000022888 0 0.110959749 0.107482217 0.289939653
65 19.39491272 -14.052387238 -0.467090607 -0.32744442 -0.306244135 -2.297242007
66 26.240745544 0 -0.000015259 0.927536868 -0.255185408 -0.077848502
67 31.970989227 0.000007629 0.000030518 -1.479332436 0.477335646 -0.202299061
68 4.627254486 -2.311279297 4.185630798 -0.021512477 -0.254658869 -0.451859094
69 2.980101585 0 -0.000003815 -0.040823197 0.14004721 0.242069561
70 1.982421875 0.000030518 0.000026703 0.001822187 0.301463179 0.041313792
71 10.844875336 -1.281555176 -1.331680298 0.003154845 -0.01855101 -1.502721343
72 3.98828125 -0.000015259 0.000030518 0.024656551 0.116612118 -1.30426207
73 2.26953125 0 -0.000011444 0.010246566 0.020303916 -1.235445909
74 10.908855438 -1.23739624 0.829589844 0.008182385 -0.019760774 -1.502678948
75 3.989425659 0.000007629 0.000041962 0.003562594 0.093803498 -1.240572344
76 3.478286743 -0.000015259 -0.000015259 0.01062322 -0.039586617 -1.338501469
77 10.29189682 -1.202133179 -3.344146729 0.018038834 -0.023865117 -1.537453755
78 2.757156372 -0.000007629 0.000019073 -0.00454994 -0.095548155 -1.291608045
79 1.775390625 0 -0.000011444 0.198076059 0.357239486 -1.30316968
80 10.971858978 -1.19392395 2.957344055 -0.012167132 -0.015944087 -1.622309173
81 3.82421875 -0.000011444 0.000034332 -0.000576872 0.002168828 -1.309510829
82 2.94140625 -0.000015259 -0.000007629 0.003967107 0.006944486 -1.466881704
83 -0.000011921 0 0 0.398893261 0.159072221 -0.629548
84 19.394897461 13.160597801 -0.467075348 -2.692965328 -0.41688238 -1.027235699
85 -26.240745544 0.000015259 0.000007629 0.244609563 -0.550369883 0.676127777
86 -31.970993042 0.000015259 0.000007629 -0.939436056 0.029995236 -0.351378173
87 -11.614608765 3.933105469 0.069387436 -1.57844541 1.529199082 -2.544968304
88 -10.484524727 1.069198608 3.539874077 -3.131584703 0.028220486 2.411526648
89 2.757156372 0 0.000021935 -0.011712134 0.035128624 1.019560794
90 1.775390625 0 -0.000026703 -0.261071927 -0.262843666 1.059935836
91 -11.046480179 1.142410278 1.529695511 -3.130487012 0.018259081 2.114134707
92 3.98828125 0.000015259 0.000035286 0.004872241 -0.009924216 1.610032301
93 2.26953125 -0.000015259 -0.000001907 -0.076539319 -0.095407065 1.438172442
94 -11.192631721 1.041534424 -2.758425713 -3.116629264 0.004012045 2.226905852
95 3.82421875 0.000038147 0.000049591 0.00053161 0.002187187 1.610324685
96 8.78578186 -0.000038147 0.000007153 0.08229373 0.071373082 -0.580233542
97 2.94140625 0.000030518 -0.000013351 -0.004550553 0.006091757 1.767588569
98 -11.120119095 1.091552734 -0.63111496 -3.132136147 0.020772815 2.221577138
99 3.989440918 0 0.000050545 0.021444626 0.041947477 1.751021405
100 3.478302002 0 -0.000009537 -0.001306817 0.004312204 1.848998194
101 -4.853610992 2.155105591 -4.018514633 3.123057975 0.125574955 2.46129872
102 2.980110168 0 0.000009537 0.038574713 -0.163808097 -0.240289671
103 1.982421875 -0.000030518 0.000038147 0 0 -0.040571652
104 0.000008583 -0.000015259 -0.000015259 -0.01786834 -0.032037725 -0.918099438
105 7.08984375 0 0.000003815 3.141592654 -0.174494795 3.141592654
106 7.528289795 8.168074608 -1.23279953 3.120148189 0.740148047 3.119014186
107 -54.911262512 -0.64967823 -0.176692963 1.516177444 0.703737145 0.08268556
108 -61.183189392 -0.000003815 -0.000000954 0.142964433 -0.034837633 0.383313587
109 8.588684082 0 1.514411926 0 0 0
110 4.260498047 -21.349504471 -3.218477249 0.037578471 -0.15292484 -0.241204992
111 15.606681824 0 -0.000007629 -0.018129771 0.140956826 -0.058141138
112 15.853752136 0.000003815 -0.000005722 0.014603054 -0.050533051 -0.098843968
113 15.151863098 0.000007629 0.000001907 0.007912606 -0.198034499 -0.011542154
114 11.149967194 0 -0.000007629 0.031849746 0.259997364 -0.277014095
115 1.725097656 -0.142128021 11.160655975 -1.570284616 -0.844180043 -0.000229802
116 15.606674194 0 0 0 0 0.028312833
117 15.853733063 0 0 0.009935936 -0.041432406 0.236910799
118 15.151847839 -0.000007629 -0.000001907 0.000086145 -0.00000545 0.126365453
119 11.149963379 -0.000007629 0.000003815 0 0 0.475675013
120 6.678710938 -0.142132968 -16.932605743 1.571090395 -0.18042037 3.141566053
121 -15.606689453 0 -0.00000003 0 0 0.174408155
122 -15.853744507 0.000003815 0.00000599 0 0 -0.085997959
123 -15.15184021 -0.000007629 0 0 0 -0.236541035
124 -11.14995575 0 0.00000602 0 0 0.363755621
125 2.507644653 15.93921566 6.722553253 -1.039331324 0.67487101 -2.709159313
126 -15.606689453 -0.000001907 0 0.004676131 -0.039226187 -0.022711607
127 -15.853752136 0 0.000009537 0.019359495 -0.014425963 0.045270171
128 -15.151855469 -0.000007629 0.000007629 -0.008765743 0.109073444 -0.078126629
129 -11.14995575 0 -0.000007629 -0.053522828 -0.100530772 -0.203090963
130 2.507614136 -17.075353622 6.722560883 -1.407232868 -0.196115604 -0.170913912
131 15.606666565 0 -0.000007629 -0.017600531 0.049739511 0.102187194
132 15.853740692 0 0.000007629 0.024325569 -0.072279612 0.048880201
133 15.151847839 0 -0.000003815 0.003354349 -0.027765841 -0.234263829
134 11.149971008 0.000007629 -0.000011444 -0.050418438 0.038483944 0.288830925
135 5.893127441 15.939211845 -12.477546692 2.950955621 0.091331303 0.237090532
136 15.606666565 0.000007629 0.000026703 0.026317934 -0.101171389 -0.051902256
137 15.853744507 -0.000003815 -0.000007629 0.019524747 -0.008327023 0.082983965
138 15.151870728 0 0.000003815 -0.008835545 0.177695237 -0.024272328
139 11.14994812 0.000007629 -0.000007629 -0.009381556 -0.334647909 -0.164582842
140 5.893157959 -17.075357437 -12.477550507 1.669961687 -0.160655954 2.926073097
141 -15.606674194 -0.000007629 0.000019073 0.029603667 0.052245314 0.135763566
142 -15.853736877 -0.000003815 -0.000011444 0.013728516 -0.047606339 0.018150877
143 -15.151832581 -0.000003815 -0.000007629 -0.00483196 -0.030375802 -0.253456713
144 -11.149940491 -0.000007629 -0.000007629 0.059099267 -0.098529827 0.336333125
145 4.260482788 20.773920059 -3.218482971 0.037578471 0.15292484 -2.900387662
146 -15.606689453 0 0.000001907 -0.016685676 -0.141402638 0.036403639
147 -15.853752136 0.000007629 0 -0.001574226 0.05082351 -0.078893108
148 -15.15184021 -0.000003815 -0.000001907 0.006899768 0.200912665 0.054663392
149 -11.14995575 0.000007629 -0.000005722 -0.085869374 -0.090546641 0.070411721
150 7.528274536 -8.043748856 -1.232803345 0.000656793 -0.125240876 -0.000819559
151 54.911254883 0.6496768 0.176704407 1.57102474 0.348108966 0.031894862
152 61.183185577 0.000003815 -0.000000954 0.006522042 0.013226656 -0.263038624
153 -0.364086866 -2.758008003 4.994803905 0 0 0.000244115
154 -0.364086866 -2.758006096 4.994803905 0 0 0.000244115
155 -0.364086866 -2.758006096 4.994803905 0 0 0.000244115
156 -0.364086866 -2.758006096 4.994803905 0 0 0.000244115
157 -0.364086866 -2.758006096 4.994803905 0 0 0.000244115
158 -0.364086866 -2.758006096 4.994803905 0 0 0.000244115
159 -0.364086866 -2.758006096 4.994803905 0 0 0.000244115
160 -0.364086866 -2.758006096 4.994803905 0 0 0.000244115
161 -0.364086866 -2.758006096 4.994803905 0 0 0.000244115
162 -0.498048782 -4.95163393 0.510848999 0 0 0.000244115
163 -0.364086866 -2.758006096 4.994803905 0 0 0.000244115
time 20
0 -0.364086866 -2.758006096 4.994803905 0 0 0.000244115
1 -0.355919659 -7.472979069 3.381074321 0 -1.341703041 -1.570796327
2 130.809020996 -0.00000003 -0.000008583 0 0 0
3 6.662002563 -0.142129987 2.521343231 3.027151828 0.046370241 0.027526463
4 24.360931396 0 0.000019073 0.170602982 0.075975627 0.080032633
5 24.806396484 -0.000005722 0.765964508 0.333110419 -0.117507705 -0.095896909
6 8.120300293 -0.000001431 0 -0.366733375 -0.020263011 0.0536294
7 8.120315552 0 -0.000007629 0 -0.880742373 0
8 8.120315552 0 -0.000007629 0 -1.357954675 0
9 5.115234375 7.517080307 -23.079311371 1.592031799 -0.187800212 -0.141098806
10 -13.525100708 0 -0.000003815 0.026819971 -0.022121664 -0.043810328
11 -11.953063965 -0.000009537 -0.000000268 0.000661926 -0.166739748 0.200801866
12 -8.290374756 0 0 0.055646284 0.072002777 -0.152990149
13 -7.875 0.00002861 0 -0.012934518 0.332741196 -0.354449062
14 -8.78578949 0.000038147 -0.000007629 0.229184705 0.084266245 -0.533871068
15 -8.903717041 0.000007629 0 0.120093624 0.247396625 0.549419182
16 5.903457642 12.714842796 -17.69317627 1.452809999 -0.194449188 -0.177845564
17 -13.525131226 0 0 0.006569754 -0.017274966 -0.050818613
18 -11.953048706 -0.000015259 0 0.024978201 -0.216177689 0.185554554
19 -8.290390015 -0.000001907 0 0.09101042 0.099020549 0.098585925
20 -7.875 0.000034332 -0.000007629 -0.008315546 0.358981409 -0.355935083
21 -8.78578949 0.000038147 -0.000015259 0.127347765 0.273312955 -0.548373456
22 -8.90372467 -0.000007629 0 0.009605173 0.170832749 0.547864973
23 5.115188599 -7.603518009 -23.079315186 -1.66819249 0.259905068 -3.032791545
24 13.525115967 0 0.000003815 0.019396971 0.066617046 -0.014036468
25 11.953033447 0.000015259 0.000003815 0.143454059 0.188369706 0.199072064
26 8.290374756 0.000001907 0 0.178083854 -0.12415025 -0.231910643
27 7.875 -0.000038147 0.000003815 0.133771156 -0.295676859 -0.292002303
28 8.785774231 -0.000038147 -0.000007629 0.132506939 -0.222406235 -0.373256561
29 8.903709412 0.000007629 0 0.015597577 0.326501312 0.546751146
30 5.903442383 -12.801285744 -17.693191528 -1.719176153 0.338548645 -2.920889006
31 13.525115967 0.000007629 0 -0.007011907 0.10937096 -0.014388279
32 11.953048706 0.000011444 0.000007629 0.151452356 0.207572386 0.199086627
33 8.290374756 -0.000003815 0.000007629 0.14186592 -0.002942823 -0.069450507
34 7.875 -0.000030518 0.000002325 0.123500693 -0.22522456 -0.429759319
35 8.785797119 -0.000053406 0 0.123350736 -0.127539286 -0.395409045
36 8.903717041 0 -0.000007629 -0.140026756 0.27103959 0.506311099
37 4.435424805 0.000132561 -25.179950714 3.045247108 0.625462673 3.064373208
38 14.171020508 0.000023842 1.280685425 -0.032569571 -0.023649329 0.059273633
39 10.9765625 0.000022888 0.352539063 0.028714322 0.074697964 0.17622822
40 8.120300293 -0.000001907 -0.000015259 -0.001666358 0.052564715 -0.115899388
41 8.120285034 0.000003815 -0.000030518 -0.025393139 0.067537352 -0.319101412
42 8.120330811 -0.000003815 -0.000015259 -0.146402427 0.52824787 -0.137674863
43 8.12033844 0.000003815 0.000061035 -0.038652756 -0.03069641 0.070027119
44 7.146972656 16.179798126 -9.19562912 1.397809155 -0.270878016 -0.082202438
45 -13.525115967 0 0 -0.07295747 -0.200084675 -0.0062156
46 -11.953033447 -0.000013351 -0.000007629 0.038094182 -0.251504983 0.163765445
47 -8.290374756 0.000003815 0.000015259 0.149602389 0.122629275 0.15823897
48 -7.875 0.000045776 0.000007629 0.044696847 0.388224226 -0.286611123
49 -8.785774231 0.000022888 -0.000007629 0.056947208 0.379504692 -0.645009931
50 -8.903717041 0 0 -0.042380658 0.248552376 0.320417378
51 7.146972656 -16.26625061 -9.195617676 -1.713284554 0.249809076 -2.879114459
52 13.525131226 -0.000007629 0.000007629 -0.092536007 0.009278819 0.077099698
53 11.953018188 0.000009537 0.000007629 0.162010263 0.242863076 0.231851612
54 8.290374756 0.000005722 0.000015259 0.184335747 0.151935491 -0.049401758
55 7.875 -0.000053406 -0.000001907 0.141614289 -0.089972444 -0.431686776
56 8.78578949 -0.000038147 0.000007629 0.068840839 -0.018979756 -0.491137525
57 8.903717041 0.000007629 -0.000015259 -0.277810877 0.235114847 0.4352694
58 -5.367324829 8.366909981 8.703098297 1.734421946 -0.743285945 -3.095395203
59 13.525131226 0 -0.000003815 -0.294796652 0.025796171 -0.029052018
60 -3.441864014 -10.792387962 9.376991272 1.664805135 -0.836508363 -2.967586789
61 13.525108337 0.000015259 -0.000003815 -0.382134806 0.051857768 -0.621221836
62 11.953048706 0.000015259 0 0.247414864 -0.148923311 -0.562775737
63 8.290390015 0.000011444 0 0.134198687 -0.117982519 0.1377826
64 7.875 -0.000022888 0 0.108132285 0.073893819 0.287376819
65 19.39491272 -14.052387238 -0.467090607 -0.287687582 -0.371331449 -2.305228069
66 26.240745544 0 -0.000015259 1.011055502 -0.287331338 -0.138337333
67 31.970989227 0.000007629 0.000030518 -1.498841378 0.52098906 -0.218259425
68 4.627254486 -2.311279297 4.185630798 -0.021512477 -0.254658869 -0.451859094
69 2.980101585 0 -0.000003815 -0.040823197 0.14004721 0.242069561
70 1.982421875 0.000030518 0.000026703 0.001822187 0.301463179 0.041313792
71 10.844875336 -1.281555176 -1.331680298 0.003154845 -0.01855101 -1.502721343
72 3.98828125 -0.000015259 0.000030518 0.024656551 0.116612118 -1.30426207
73 2.26953125 0 -0.000011444 0.010246566 0.020303916 -1.235445909
74 10.908855438 -1.23739624 0.829589844 0.008182385 -0.019760774 -1.502678948
75 3.989425659 0.000007629 0.000041962 0.003562594 0.093803498 -1.240572344
76 3.478286743 -0.000015259 -0.000015259 0.01062322 -0.039586617 -1.338501469
77 10.29189682 -1.202133179 -3.344146729 0.018038834 -0.023865117 -1.537453755
78 2.757156372 -0.000007629 0.000019073 -0.00454994 -0.095548155 -1.291608045
79 1.775390625 0 -0.000011444 0.198076059 0.357239486 -1.30316968
80 10.971858978 -1.19392395 2.957344055 -0.012167132 -0.015944087 -1.622309173
81 3.82421875 -0.000011444 0.000034332 -0.000576872 0.002168828 -1.309510829
82 2.94140625 -0.000015259 -0.000007629 0.003967107 0.006944486 -1.466881704
83 -0.000011921 0 0 0.398893261 0.159072221 -0.629548
84 19.394897461 13.160597801 -0.467075348 -2.687805434 -0.41396529 -1.042856963
85 -26.240745544 0.000015259 0.000007629 0.245243225 -0.517618504 0.658282374
86 -31.970993042 0.000015259 0.000007629 -0.894566089 -0.00240453 -0.328321605
87 -11.614608765 3.933105469 0.069387436 -1.57844541 1.529199082 -2.544968304
88 -10.484524727 1.069198608 3.539874077 -3.131584703 0.028220486 2.411526648
89 2.757156372 0 0.000021935 -0.011712134 0.035128624 1.019560794
90 1.775390625 0 -0.000026703 -0.261071927 -0.262843666 1.059935836
91 -11.046480179 1.142410278 1.529695511 -3.130487012 0.018259081 2.114134707
92 3.98828125 0.000015259 0.000035286 0.004872241 -0.009924216 1.610032301
93 2.26953125 -0.000015259 -0.000001907 -0.076539319 -0.095407065 1.438172442
94 -11.192631721 1.041534424 -2.758425713 -3.116629264 0.004012045 2.226905852
95 3.82421875 0.000038147 0.000049591 0.00053161 0.002187187 1.610324685
96 8.78578186 -0.000038147 0.000007153 0.08229373 0.071373082 -0.580233542
97 2.94140625 0.000030518 -0.000013351 -0.004550553 0.006091757 1.767588569
98 -11.120119095 1.091552734 -0.63111496 -3.132136147 0.020772815 2.221577138
99 3.989440918 0 0.000050545 0.021444626 0.041947477 1.751021405
100 3.478302002 0 -0.000009537 -0.001306817 0.004312204 1.848998194
101 -4.853610992 2.155105591 -4.018514633 3.123057975 0.125574955 2.46129872
102 2.980110168 0 0.000009537 0.038574713 -0.163808097 -0.240289671
103 1.982421875 -0.000030518 0.000038147 0 0 -0.040571652
104 0.000008583 -0.000015259 -0.000015259 -0.01786834 -0.032037725 -0.918099438
105 7.08984375 0 0.000003815 3.141592654 -0.174494795 3.141592654
106 7.528289795 8.168074608 -1.23279953 3.130233632 0.60899681 3.137117985
107 -54.911262512 -0.64967823 -0.176692963 1.531577901 0.510245181 0.065683619
108 -61.183189392 -0.000003815 -0.000000954 0.154140084 -0.019169033 0.298159274
109 8.588684082 0 1.514411926 0 0 0
110 4.260498047 -21.349504471 -3.218477249 0.045451165 -0.18497175 -0.242187861
111 15.606681824 0 -0.000007629 -0.025578468 0.16960524 -0.065341927
112 15.853752136 0.000003815 -0.000005722 0.010374888 -0.003544546 -0.099670633
113 15.151863098 0.000007629 0.000001907 0.008432302 -0.200137123 -0.005357726
114 11.149967194 0 -0.000007629 0.0380839 0.254392229 -0.267783881
115 1.725097656 -0.142128021 11.160655975 -1.570353308 -0.737420388 -0.000171192
116 15.606674194 0 0 0 0 0.012343382
117 15.853733063 0 0 0.006982481 -0.044453237 0.288264593
118 15.151847839 -0.000007629 -0.000001907 0.000086145 -0.00000545 0.126365453
119 11.149963379 -0.000007629 0.000003815 0 0 0.475675013
120 6.678710938 -0.142132968 -16.932605743 1.571101601 -0.147472479 3.141570103
121 -15.606689453 0 -0.00000003 0 0 0.208487045
122 -15.853744507 0.000003815 0.00000599 0 0 -0.03841334
123 -15.15184021 -0.000007629 0 0 0 -0.241670357
124 -11.14995575 0 0.00000602 0 0 0.354807335
125 2.507644653 15.93921566 6.722553253 -1.064339438 0.541967105 -2.74874526
126 -15.606689453 -0.000001907 0 0.005328248 -0.060901417 -0.018988424
127 -15.853752136 0 0.000009537 0.018917498 -0.041020037 0.046066365
128 -15.151855469 -0.000007629 0.000007629 -0.01067142 0.11364897 -0.085620389
129 -11.14995575 0 -0.000007629 -0.050165773 -0.096065269 -0.193175623
130 2.507614136 -17.075353622 6.722560883 -1.397638429 -0.218358331 -0.164909154
131 15.606666565 0 -0.000007629 -0.027865232 0.062455917 0.113023028
132 15.853740692 0 0.000007629 0.016458319 -0.072945705 0.093931167
133 15.151847839 0 -0.000003815 0.003806318 -0.038920766 -0.217023098
134 11.149971008 0.000007629 -0.000011444 -0.045846577 0.035001794 0.277633375
135 5.893127441 15.939211845 -12.477546692 2.943117066 0.059178662 0.236208933
136 15.606666565 0.000007629 0.000026703 0.033557643 -0.130559692 -0.064493471
137 15.853744507 -0.000003815 -0.000007629 0.021952451 -0.05499497 0.075233684
138 15.151870728 0 0.000003815 -0.009439746 0.178400111 -0.019303595
139 11.14994812 0.000007629 -0.000007629 -0.012888065 -0.329118739 -0.15885963
140 5.893157959 -17.075357437 -12.477550507 1.662821722 -0.128351005 2.927376125
141 -15.606674194 -0.000007629 0.000019073 0.034742672 0.050088251 0.168859152
142 -15.853736877 -0.000003815 -0.000011444 0.014011132 -0.044079533 0.065839485
143 -15.151832581 -0.000003815 -0.000007629 -0.00558199 -0.027528816 -0.25701665
144 -11.149940491 -0.000007629 -0.000007629 0.055042736 -0.097358034 0.325402071
145 4.260482788 20.773920059 -3.218482971 0.045451165 0.18497175 -2.899404793
146 -15.606689453 0 0.000001907 -0.023604156 -0.170139066 0.043081296
147 -15.853752136 0.000007629 0 -0.003409466 0.003145324 -0.080560876
148 -15.15184021 -0.000003815 -0.000001907 0.007547079 0.202723713 0.049446293
149 -11.14995575 0.000007629 -0.000005722 -0.077129157 -0.081327566 0.070239242
150 7.528274536 -8.043748856 -1.232803345 0.002422502 -0.174146048 -0.00194437
151 54.911254883 0.6496768 0.176704407 1.570940831 0.543279522 0.031150474
152 61.183185577 0.000003815 -0.000000954 0.011333329 0.0174121 -0.322762654
153 -0.364086866 -2.758008003 4.994803905 0 0 0.000244115
154 -0.364086866 -2.758006096 4.994803905 0 0 0.000244115
155 -0.364086866 -2.758006096 4.994803905 0 0 0.000244115
156 -0.364086866 -2.758006096 4.994803905 0 0 0.000244115
157 -0.364086866 -2.758006096 4.994803905 0 0 0.000244115
158 -0.364086866 -2.758006096 4.994803905 0 0 0.000244115
159 -0.364086866 -2.758006096 4.994803905 0 0 0.000244115
160 -0.364086866 -2.758006096 4.994803905 0 0 0.000244115
161 -0.364086866 -2.758006096 4.994803905 0 0 0.000244115
162 -0.498048782 -4.95163393 0.510848999 0 0 0.000244115
163 -0.364086866 -2.758006096 4.994803905 0 0 0.000244115
time 21
0 -0.364086866 -2.758006096 4.994803905 0 0 0.000244115
1 -0.355919659 -7.472979069 1.162193321 0 -1.350202602 -1.570796327
2 130.809020996 -0.00000003 -0.000008583 0 0 0
3 6.662002563 -0.142129987 2.521343231 3.019780514 0.044784385 0.01958565
4 24.360931396 0 0.000019073 0.124229118 0.106518716 0.072030202
5 24.806396484 -0.000005722 0.765964508 0.333146994 -0.147421101 -0.102604616
6 8.120300293 -0.000001431 0 -0.319759171 -0.018008769 0.045051009
7 8.120315552 0 -0.000007629 0 -0.880742373 0
8 8.120315552 0 -0.000007629 0 -1.357954675 0
9 5.115234375 7.517080307 -23.079311371 1.598620207 -0.155761303 -0.134885685
10 -13.525100708 0 -0.000003815 0.029983836 -0.007992161 -0.048640443
11 -11.953063965 -0.000009537 -0.000000268 -0.00173455 -0.187227946 0.23774917
12 -8.290374756 0 0 0.057446814 0.02462149 -0.101499599
13 -7.875 0.00002861 0 -0.01457257 0.348851206 -0.344306227
14 -8.78578949 0.000038147 -0.000007629 0.203376824 0.147039121 -0.571708992
15 -8.903717041 0.000007629 0 0.127257642 0.258817103 0.579204381
16 5.903457642 12.714842796 -17.69317627 1.459293206 -0.160663402 -0.170391585
17 -13.525131226 0 0 0.009858398 -0.003703422 -0.054491613
18 -11.953048706 -0.000015259 0 0.022756819 -0.239480774 0.21706584
19 -8.290390015 -0.000001907 0 0.089922134 0.048663611 0.146826211
20 -7.875 0.000034332 -0.000007629 -0.002557225 0.366519318 -0.326730236
21 -8.78578949 0.000038147 -0.000015259 0.107965697 0.331862655 -0.57679074
22 -8.90372467 -0.000007629 0 0.013328074 0.17722235 0.579058482
23 5.115188599 -7.603518009 -23.079315186 -1.673486845 0.237599364 -3.022175066
24 13.525115967 0 0.000003815 0.015565007 0.048505085 -0.020431892
25 11.953033447 0.000015259 0.000003815 0.148782092 0.215615857 0.243846779
26 8.290374756 0.000001907 0 0.171914083 -0.061737535 -0.184898685
27 7.875 -0.000038147 0.000003815 0.143192131 -0.308231366 -0.300692506
28 8.785774231 -0.000038147 -0.000007629 0.165919682 -0.299858633 -0.406073431
29 8.903709412 0.000007629 0 0.015651644 0.337087833 0.576765775
30 5.903442383 -12.801285744 -17.693191528 -1.722305198 0.321643128 -2.905924566
31 13.525115967 0.000007629 0 -0.011700427 0.092696473 -0.023096447
32 11.953048706 0.000011444 0.000007629 0.156799857 0.234741595 0.243748762
33 8.290374756 -0.000003815 0.000007629 0.142274885 0.060596305 -0.011091238
34 7.875 -0.000030518 0.000002325 0.135532085 -0.223942685 -0.435708479
35 8.785797119 -0.000053406 0 0.162855663 -0.196035963 -0.447787093
36 8.903717041 0 -0.000007629 -0.148874823 0.278393738 0.534091587
37 4.435424805 0.000132561 -25.179950714 3.037266914 0.613868027 3.065251634
38 14.171020508 0.000023842 1.280685425 -0.037609136 -0.033191194 0.044317758
39 10.9765625 0.000022888 0.352539063 0.028926671 0.063603423 0.204498949
40 8.120300293 -0.000001907 -0.000015259 0.000691742 0.049867998 -0.072700051
41 8.120285034 0.000003815 -0.000030518 -0.023022143 0.057503601 -0.34590692
42 8.120330811 -0.000003815 -0.000015259 -0.166180325 0.538958013 -0.220497277
43 8.12033844 0.000003815 0.000061035 -0.038652756 -0.03069641 0.070027119
44 7.146972656 16.179798126 -9.19562912 1.397809155 -0.270878016 -0.082202438
45 -13.525115967 0 0 -0.063816956 -0.190204236 -0.013777074
46 -11.953033447 -0.000013351 -0.000007629 0.0391079 -0.277335494 0.19291589
47 -8.290374756 0.000003815 0.000015259 0.150044347 0.078173891 0.206581456
48 -7.875 0.000045776 0.000007629 0.056791115 0.392585539 -0.247561964
49 -8.785774231 0.000022888 -0.000007629 0.04800648 0.427773915 -0.667892613
50 -8.903717041 0 0 -0.040211714 0.256018523 0.351511339
51 7.146972656 -16.26625061 -9.195617676 -1.716323453 0.232438688 -2.859924176
52 13.525131226 -0.000007629 0.000007629 -0.094806551 -0.008585386 0.06687234
53 11.953018188 0.000009537 0.000007629 0.169306801 0.260950124 0.282033301
54 8.290374756 0.000005722 0.000015259 0.192566881 0.211712507 0.022878113
55 7.875 -0.000053406 -0.000001907 0.153531521 -0.066302155 -0.431280174
56 8.78578949 -0.000038147 0.000007629 0.1188498 -0.066959062 -0.550726493
57 8.903717041 0.000007629 -0.000015259 -0.295007457 0.242239267 0.458248369
58 -5.367324829 8.366909981 8.703098297 1.706614279 -0.780601802 -3.05830064
59 13.525131226 0 -0.000003815 -0.294796652 0.025796171 -0.029052018
60 -3.441864014 -10.792387962 9.376991272 1.628930116 -0.870370859 -2.921430042
61 13.525108337 0.000015259 -0.000003815 -0.374081803 0.072163134 -0.618108981
62 11.953048706 0.000015259 0 0.258319152 -0.139867348 -0.610437892
63 8.290390015 0.000011444 0 0.139601916 -0.145757958 0.079093613
64 7.875 -0.000022888 0 0.104864122 0.036105337 0.272965534
65 19.39491272 -14.052387238 -0.467090607 -0.244451543 -0.438419719 -2.316529537
66 26.240745544 0 -0.000015259 1.137414269 -0.336602787 -0.229774479
67 31.970989227 0.000007629 0.000030518 -1.506043105 0.536912078 -0.224197326
68 4.627254486 -2.311279297 4.185630798 -0.021512477 -0.254658869 -0.451859094
69 2.980101585 0 -0.000003815 -0.040823197 0.14004721 0.242069561
70 1.982421875 0.000030518 0.000026703 0.001822187 0.301463179 0.041313792
71 10.844875336 -1.281555176 -1.331680298 0.003154845 -0.01855101 -1.502721343
72 3.98828125 -0.000015259 0.000030518 0.024656551 0.116612118 -1.30426207
73 2.26953125 0 -0.000011444 0.010246566 0.020303916 -1.235445909
74 10.908855438 -1.23739624 0.829589844 0.008182385 -0.019760774 -1.502678948
75 3.989425659 0.000007629 0.000041962 0.003562594 0.093803498 -1.240572344
76 3.478286743 -0.000015259 -0.000015259 0.01062322 -0.039586617 -1.338501469
77 10.29189682 -1.202133179 -3.344146729 0.018038834 -0.023865117 -1.537453755
78 2.757156372 -0.000007629 0.000019073 -0.00454994 -0.095548155 -1.291608045
79 1.775390625 0 -0.000011444 0.198076059 0.357239486 -1.30316968
80 10.971858978 -1.19392395 2.957344055 -0.012167132 -0.015944087 -1.622309173
81 3.82421875 -0.000011444 0.000034332 -0.000576872 0.002168828 -1.309510829
82 2.94140625 -0.000015259 -0.000007629 0.003967107 0.006944486 -1.466881704
83 -0.000011921 0 0 0.398893261 0.159072221 -0.629548
84 19.394897461 13.160597801 -0.467075348 -2.682076141 -0.410672217 -1.058397928
85 -26.240745544 0.000015259 0.000007629 0.246171109 -0.482612817 0.639214607
86 -31.970993042 0.000015259 0.000007629 -0.850027959 -0.034443444 -0.304826064
87 -11.614608765 3.933105469 0.069387436 -1.57844541 1.529199082 -2.544968304
88 -10.484524727 1.069198608 3.539874077 -3.131584703 0.028220486 2.411526648
89 2.757156372 0 0.000021935 -0.011712134 0.035128624 1.019560794
90 1.775390625 0 -0.000026703 -0.261071927 -0.262843666 1.059935836
91 -11.046480179 1.142410278 1.529695511 -3.130487012 0.018259081 2.114134707
92 3.98828125 0.000015259 0.000035286 0.004872241 -0.009924216 1.610032301
93 2.26953125 -0.000015259 -0.000001907 -0.076539319 -0.095407065 1.438172442
94 -11.192631721 1.041534424 -2.758425713 -3.116629264 0.004012045 2.226905852
95 3.82421875 0.000038147 0.000049591 0.00053161 0.002187187 1.610324685
96 8.78578186 -0.000038147 0.000007153 0.08229373 0.071373082 -0.580233542
97 2.94140625 0.000030518 -0.000013351 -0.004550553 0.006091757 1.767588569
98 -11.120119095 1.091552734 -0.63111496 -3.132136147 0.020772815 2.221577138
99 3.989440918 0 0.000050545 0.021444626 0.041947477 1.751021405
100 3.478302002 0 -0.000009537 -0.001306817 0.004312204 1.848998194
101 -4.853610992 2.155105591 -4.018514633 3.123057975 0.125574955 2.46129872
102 2.980110168 0 0.000009537 0.038574713 -0.163808097 -0.240289671
103 1.982421875 -0.000030518 0.000038147 0 0 -0.040571652
104 0.000008583 -0.000015259 -0.000015259 -0.01786834 -0.032037725 -0.918099438
105 7.08984375 0 0.000003815 3.141592654 -0.174494795 3.141592654
106 7.528289795 8.168074608 -1.23279953 3.140409216 0.467970756 -3.127943252
107 -54.911262512 -0.64967823 -0.176692963 1.547842216 0.322064536 0.048654916
108 -61.183189392 -0.000003815 -0.000000954 0.164087795 -0.003343098 0.202997849
109 8.588684082 0 1.514411926 0 0 0
110 4.260498047 -21.349504471 -3.218477249 0.048653558 -0.19778169 -0.242605936
111 15.606681824 0 -0.000007629 -0.026932639 0.162056814 -0.070188144
112 15.853752136 0.000003815 -0.000005722 0.004675212 0.047089144 -0.102421471
113 15.151863098 0.000007629 0.000001907 0.00844963 -0.177527125 -0.000492023
114 11.149967194 0 -0.000007629 0.045145615 0.248290457 -0.2575405
115 1.725097656 -0.142128021 11.160655975 -1.570373884 -0.644392143 -0.000141059
116 15.606674194 0 0 0 0 -0.006128506
117 15.853733063 0 0 0.003493673 -0.047944174 0.347987182
118 15.151847839 -0.000007629 -0.000001907 0.000086145 -0.00000545 0.126365453
119 11.149963379 -0.000007629 0.000003815 0 0 0.475675013
120 6.678710938 -0.142132968 -16.932605743 1.571054239 -0.134256087 3.141575314
121 -15.606689453 0 -0.00000003 0 0 0.204495221
122 -15.853744507 0.000003815 0.00000599 0 0 0.01415608
123 -15.15184021 -0.000007629 0 0 0 -0.221509748
124 -11.14995575 0 0.00000602 0 0 0.344464271
125 2.507644653 15.93921566 6.722553253 -1.0965551 0.419955738 -2.790417464
126 -15.606689453 -0.000001907 0 0.007563814 -0.062793177 -0.015350686
127 -15.853752136 0 0.000009537 0.01824634 -0.071427637 0.047895808
128 -15.151855469 -0.000007629 0.000007629 -0.011858883 0.103972744 -0.091491547
129 -11.14995575 0 -0.000007629 -0.046355438 -0.090960747 -0.182158378
130 2.507614136 -17.075353622 6.722560883 -1.386318647 -0.244495414 -0.161102996
131 15.606666565 0 -0.000007629 -0.029905281 0.070040595 0.094091725
132 15.853740692 0 0.000007629 0.009942393 -0.069480969 0.13717736
133 15.151847839 0 -0.000003815 0.003006476 -0.047833555 -0.179557743
134 11.149971008 0.000007629 -0.000011444 -0.04071499 0.03103985 0.265229497
135 5.893127441 15.939211845 -12.477546692 2.940055186 0.046397642 0.235746411
136 15.606666565 0.000007629 0.000026703 0.034485762 -0.124253877 -0.067461859
137 15.853744507 -0.000003815 -0.000007629 0.023545057 -0.105836326 0.064894315
138 15.151870728 0 0.000003815 -0.010031955 0.154488666 -0.018871091
139 11.14994812 0.000007629 -0.000007629 -0.016747205 -0.322536274 -0.152312563
140 5.893157959 -17.075357437 -12.477550507 1.659919657 -0.115436047 2.927929256
141 -15.606674194 -0.000007629 0.000019073 0.034648411 0.04721693 0.164468432
142 -15.853736877 -0.000003815 -0.000011444 0.014860287 -0.041177226 0.118218323
143 -15.151832581 -0.000003815 -0.000007629 -0.006500563 -0.02293394 -0.235527168
144 -11.149940491 -0.000007629 -0.000007629 0.050286669 -0.095913192 0.313377527
145 4.260482788 20.773920059 -3.218482971 0.048653558 0.19778169 -2.898986718
146 -15.606689453 0 0.000001907 -0.024849552 -0.162613502 0.047672166
147 -15.853752136 0.000007629 0 -0.00419967 -0.048118132 -0.080391337
148 -15.15184021 -0.000003815 -0.000001907 0.007455525 0.179661205 0.04426839
149 -11.14995575 0.000007629 -0.000005722 -0.067493117 -0.07110852 0.069995268
150 7.528274536 -8.043748856 -1.232803345 0.00514577 -0.248010987 -0.003598887
151 54.911254883 0.6496768 0.176704407 1.570727097 0.77231433 0.030544554
152 61.183185577 0.000003815 -0.000000954 0.01660742 0.021774079 -0.374674356
153 -0.364086866 -2.758008003 4.994803905 0 0 0.000244115
154 -0.364086866 -2.758006096 4.994803905 0 0 0.000244115
155 -0.364086866 -2.758006096 4.994803905 0 0 0.000244115
156 -0.364086866 -2.758006096 4.994803905 0 0 0.000244115
157 -0.364086866 -2.758006096 4.994803905 0 0 0.000244115
158 -0.364086866 -2.758006096 4.994803905 0 0 0.000244115
159 -0.364086866 -2.758006096 4.994803905 0 0 0.000244115
160 -0.364086866 -2.758006096 4.994803905 0 0 0.000244115
161 -0.364086866 -2.758006096 4.994803905 0 0 0.000244115
162 -0.498048782 -4.95163393 0.510848999 0 0 0.000244115
163 -0.364086866 -2.758006096 4.994803905 0 0 0.000244115
time 22
0 -0.364086866 -2.758006096 4.994803905 0 0 0.000244115
1 -0.355919659 -7.472979069 -0.77342406 0 -1.35762188 -1.570796327
2 130.809020996 -0.00000003 -0.000008583 0 0 0
3 6.662002563 -0.142129987 2.521343231 3.01196964 0.043093662 0.010872696
4 24.360931396 0 0.000019073 0.073419025 0.139879233 0.062906707
5 24.806396484 -0.000005722 0.765964508 0.333194466 -0.180092194 -0.109998696
6 8.120300293 -0.000001431 0 -0.267667102 -0.015523302 0.035450221
7 8.120315552 0 -0.000007629 0 -0.880742373 0
8 8.120315552 0 -0.000007629 0 -1.357954675 0
9 5.115234375 7.517080307 -23.079311371 1.604947302 -0.122794637 -0.128416295
10 -13.525100708 0 -0.000003815 0.033031901 0.004223135 -0.062183289
11 -11.953063965 -0.000009537 -0.000000268 -0.001543245 -0.198342534 0.267247707
12 -8.290374756 0 0 0.057748471 -0.02583608 -0.038487808
13 -7.875 0.00002861 0 -0.008020975 0.347751778 -0.315836215
14 -8.78578949 0.000038147 -0.000007629 0.176039402 0.205802287 -0.606987096
15 -8.903717041 0.000007629 0 0.125325594 0.254353737 0.572207791
16 5.903457642 12.714842796 -17.69317627 1.465377004 -0.126098327 -0.162627984
17 -13.525131226 0 0 0.013149066 0.009599223 -0.067538003
18 -11.953048706 -0.000015259 0 0.022741645 -0.253720868 0.243207677
19 -8.290390015 -0.000001907 0 0.085954075 -0.004765613 0.201006771
20 -7.875 0.000034332 -0.000007629 0.009237366 0.356301589 -0.280367429
21 -8.78578949 0.000038147 -0.000015259 0.090402381 0.38545273 -0.59803377
22 -8.90372467 -0.000007629 0 0.011869871 0.173706123 0.571405256
23 5.115188599 -7.603518009 -23.079315186 -1.67971191 0.212951289 -3.013896171
24 13.525115967 0 0.000003815 0.011676218 0.030493398 -0.032628158
25 11.953033447 0.000015259 0.000003815 0.151420205 0.229843085 0.279494265
26 8.290374756 0.000001907 0 0.167393589 0.00938415 -0.124114659
27 7.875 -0.000038147 0.000003815 0.145886809 -0.297673904 -0.296768731
28 8.785774231 -0.000038147 -0.000007629 0.203668926 -0.371951477 -0.442116753
29 8.903709412 0.000007629 0 0.01528141 0.336109699 0.568343175
30 5.903442383 -12.801285744 -17.693191528 -1.72732784 0.301898043 -2.894578981
31 13.525115967 0.000007629 0 -0.016712565 0.07439622 -0.035866637
32 11.953048706 0.000011444 0.000007629 0.159540657 0.249737093 0.278486186
33 8.290374756 -0.000003815 0.000007629 0.146795997 0.129576794 0.056032913
34 7.875 -0.000030518 0.000002325 0.139720207 -0.200085586 -0.421309398
35 8.785797119 -0.000053406 0 0.207270077 -0.254644523 -0.499221116
36 8.903717041 0 -0.000007629 -0.146243019 0.279211965 0.527022757
37 4.435424805 0.000132561 -25.179950714 3.029761422 0.595142755 3.065761767
38 14.171020508 0.000023842 1.280685425 -0.042501115 -0.03974896 0.031242458
39 10.9765625 0.000022888 0.352539063 0.026233762 0.045800892 0.222709412
40 8.120300293 -0.000001907 -0.000015259 0.003048791 0.044061871 -0.0222948
41 8.120285034 0.000003815 -0.000030518 -0.021936733 0.050172568 -0.356457226
42 8.120330811 -0.000003815 -0.000015259 -0.182347183 0.542684676 -0.30417633
43 8.12033844 0.000003815 0.000061035 -0.038652756 -0.03069641 0.070027119
44 7.146972656 16.179798126 -9.19562912 1.397809155 -0.270878016 -0.082202438
45 -13.525115967 0 0 -0.053944977 -0.17838262 -0.031674176
46 -11.953033447 -0.000013351 -0.000007629 0.042281963 -0.29629536 0.216481532
47 -8.290374756 0.000003815 0.000015259 0.147957821 0.030053301 0.25968443
48 -7.875 0.000045776 0.000007629 0.072983531 0.382595167 -0.194744456
49 -8.785774231 0.000022888 -0.000007629 0.042158173 0.472268166 -0.68163549
50 -8.903717041 0 0 -0.040989886 0.251746245 0.343360957
51 7.146972656 -16.26625061 -9.195617676 -1.721210897 0.213843538 -2.844263996
52 13.525131226 -0.000007629 0.000007629 -0.09729536 -0.02793985 0.051147699
53 11.953018188 0.000009537 0.000007629 0.173002116 0.268068598 0.319416268
54 8.290374756 0.000005722 0.000015259 0.205709211 0.270734846 0.104229839
55 7.875 -0.000053406 -0.000001907 0.159441754 -0.022543044 -0.408310545
56 8.78578949 -0.000038147 0.000007629 0.172738578 -0.098673964 -0.604413064
57 8.903717041 0.000007629 -0.000015259 -0.290040686 0.247535072 0.45244195
58 -5.367324829 8.366909981 8.703098297 1.678076506 -0.815952459 -3.023250152
59 13.525131226 0 -0.000003815 -0.294796652 0.025796171 -0.029052018
60 -3.441864014 -10.792387962 9.376991272 1.591768246 -0.900281672 -2.877058234
61 13.525108337 0.000015259 -0.000003815 -0.368253601 0.097630804 -0.602127127
62 11.953048706 0.000015259 0 0.266923918 -0.12701881 -0.645362593
63 8.290390015 0.000011444 0 0.146692559 -0.171715111 0.012457229
64 7.875 -0.000022888 0 0.101567331 -0.006794402 0.243816685
65 19.39491272 -14.052387238 -0.467090607 -0.1984179 -0.505325124 -2.331494856
66 26.240745544 0 -0.000015259 1.295641049 -0.399219462 -0.344449562
67 31.970989227 0.000007629 0.000030518 -1.496523586 0.522739968 -0.219419067
68 4.627254486 -2.311279297 4.185630798 -0.021512477 -0.254658869 -0.451859094
69 2.980101585 0 -0.000003815 -0.040823197 0.14004721 0.242069561
70 1.982421875 0.000030518 0.000026703 0.001822187 0.301463179 0.041313792
71 10.844875336 -1.281555176 -1.331680298 0.003154845 -0.01855101 -1.502721343
72 3.98828125 -0.000015259 0.000030518 0.024656551 0.116612118 -1.30426207
73 2.26953125 0 -0.000011444 0.010246566 0.020303916 -1.235445909
74 10.908855438 -1.23739624 0.829589844 0.008182385 -0.019760774 -1.502678948
75 3.989425659 0.000007629 0.000041962 0.003562594 0.093803498 -1.240572344
76 3.478286743 -0.000015259 -0.000015259 0.01062322 -0.039586617 -1.338501469
77 10.29189682 -1.202133179 -3.344146729 0.018038834 -0.023865117 -1.537453755
78 2.757156372 -0.000007629 0.000019073 -0.00454994 -0.095548155 -1.291608045
79 1.775390625 0 -0.000011444 0.198076059 0.357239486 -1.30316968
80 10.971858978 -1.19392395 2.957344055 -0.012167132 -0.015944087 -1.622309173
81 3.82421875 -0.000011444 0.000034332 -0.000576872 0.002168828 -1.309510829
82 2.94140625 -0.000015259 -0.000007629 0.003967107 0.006944486 -1.466881704
83 -0.000011921 0 0 0.398893261 0.159072221 -0.629548
84 19.394897461 13.160597801 -0.467075348 -2.675867136 -0.407082832 -1.073445625
85 -26.240745544 0.000015259 0.000007629 0.247089836 -0.446532909 0.619579094
86 -31.970993042 0.000015259 0.000007629 -0.80680317 -0.06567308 -0.281155826
87 -11.614608765 3.933105469 0.069387436 -1.578457893 1.529267264 -2.545048982
88 -10.484524727 1.069198608 3.539874077 -3.131584703 0.028220486 2.411526648
89 2.757156372 0 0.000021935 -0.011712134 0.035128624 1.019560794
90 1.775390625 0 -0.000026703 -0.261071927 -0.262843666 1.059935836
91 -11.046480179 1.142410278 1.529695511 -3.130487012 0.018259081 2.114134707
92 3.98828125 0.000015259 0.000035286 0.004872241 -0.009924216 1.610032301
93 2.26953125 -0.000015259 -0.000001907 -0.076539319 -0.095407065 1.438172442
94 -11.192631721 1.041534424 -2.758425713 -3.116629264 0.004012045 2.226905852
95 3.82421875 0.000038147 0.000049591 0.00053161 0.002187187 1.610324685
96 8.78578186 -0.000038147 0.000007153 0.08229373 0.071373082 -0.580233542
97 2.94140625 0.000030518 -0.000013351 -0.004550553 0.006091757 1.767588569
98 -11.120119095 1.091552734 -0.63111496 -3.132136147 0.020772815 2.221577138
99 3.989440918 0 0.000050545 0.021444626 0.041947477 1.751021405
100 3.478302002 0 -0.000009537 -0.001306817 0.004312204 1.848998194
101 -4.853610992 2.155105591 -4.018514633 3.123057975 0.125574955 2.46129872
102 2.980110168 0 0.000009537 0.038574713 -0.163808097 -0.240289671
103 1.982421875 -0.000030518 0.000038147 0 0 -0.040571652
104 0.000008583 -0.000015259 -0.000015259 -0.01786834 -0.032037725 -0.918099438
105 7.08984375 0 0.000003815 3.141592654 -0.174494795 3.141592654
106 7.528289795 8.168074608 -1.23279953 -3.135069763 0.341518101 -3.113926977
107 -54.911262512 -0.64967823 -0.176692963 1.561828427 0.179384707 0.035597065
108 -61.183189392 -0.000003815 -0.000000954 0.171270181 0.008788588 0.111791023
109 8.588684082 0 1.514411926 0 0 0
110 4.260498047 -21.349504471 -3.218477249 0.048379543 -0.197028246 -0.242550647
111 15.606681824 0 -0.000007629 -0.024060561 0.133376124 -0.072477847
112 15.853752136 0.000003815 -0.000005722 -0.001111964 0.08865721 -0.106892549
113 15.151863098 0.000007629 0.000001907 0.007895696 -0.133381873 0.002240955
114 11.149967194 0 -0.000007629 0.05298296 0.241762676 -0.246481894
115 1.725097656 -0.142128021 11.160655975 -1.570494669 -0.578593628 -0.000089786
116 15.606674194 0 0 0 0 -0.026758979
117 15.853733063 0 0 -0.000257462 -0.051720957 0.413255239
118 15.151847839 -0.000007629 -0.000001907 0.000086145 -0.00000545 0.126365453
119 11.149963379 -0.000007629 0.000003815 0 0 0.475675013
120 6.678710938 -0.142132968 -16.932605743 1.571029467 -0.134623127 3.141576937
121 -15.606689453 0 -0.00000003 0 0 0.176921032
122 -15.853744507 0.000003815 0.00000599 0 0 0.058703796
123 -15.15184021 -0.000007629 0 0 0 -0.178220923
124 -11.14995575 0 0.00000602 0 0 0.332992658
125 2.507644653 15.93921566 6.722553253 -1.136070231 0.330628147 -2.830087311
126 -15.606689453 -0.000001907 0 0.010075673 -0.051908386 -0.012263862
127 -15.853752136 0 0.000009537 0.017458235 -0.098575235 0.050913151
128 -15.151855469 -0.000007629 0.000007629 -0.012133998 0.080676981 -0.094861109
129 -11.14995575 0 -0.000007629 -0.042223941 -0.08525757 -0.170549521
130 2.507614136 -17.075353622 6.722560883 -1.373303883 -0.274771527 -0.159793734
131 15.606666565 0 -0.000007629 -0.02705732 0.072448149 0.061742504
132 15.853740692 0 0.000007629 0.005715392 -0.063115187 0.167208061
133 15.151847839 0 -0.000003815 0.001140178 -0.052953665 -0.127824411
134 11.149971008 0.000007629 -0.000011444 -0.03539567 0.026939862 0.252215815
135 5.893127441 15.939211845 -12.477546692 2.940055186 0.046397642 0.235746411
136 15.606666565 0.000007629 0.000026703 0.031255811 -0.096558698 -0.063489082
137 15.853744507 -0.000003815 -0.000007629 0.024626855 -0.147866508 0.054447083
138 15.151870728 0 0.000003815 -0.010513077 0.109045771 -0.023136763
139 11.14994812 0.000007629 -0.000007629 -0.020840716 -0.314976306 -0.144974195
140 5.893157959 -17.075357437 -12.477550507 1.659926092 -0.115558245 2.927922659
141 -15.606674194 -0.000007629 0.000019073 0.031266133 0.044499114 0.136973114
142 -15.853736877 -0.000003815 -0.000011444 0.016065428 -0.039935887 0.162430786
143 -15.151832581 -0.000003815 -0.000007629 -0.007273127 -0.017261664 -0.191603108
144 -11.149940491 -0.000007629 -0.000007629 0.045223188 -0.094374897 0.300590347
145 4.260482788 20.773920059 -3.218482971 0.048575666 0.197179353 -2.89901656
146 -15.606689453 0 0.000001907 -0.022375848 -0.134076963 0.049696685
147 -15.853752136 0.000007629 0 -0.004160752 -0.090204537 -0.078287904
148 -15.15184021 -0.000003815 -0.000001907 0.006761693 0.134821835 0.039909325
149 -11.14995575 0.000007629 -0.000005722 -0.057240377 -0.060399494 0.06964639
150 7.528274536 -8.043748856 -1.232803345 0.008596977 -0.340590057 -0.005682405
151 54.911254883 0.6496768 0.176704407 1.570373723 0.990834168 0.03015951
152 61.183185577 0.000003815 -0.000000954 0.022130728 0.026222231 -0.411380551
153 -0.364086866 -2.758008003 4.994803905 0 0 0.000244115
154 -0.364086866 -2.758006096 4.994803905 0 0 0.000244115
155 -0.364086866 -2.758006096 4.994803905 0 0 0.000244115
156 -0.364086866 -2.758006096 4.994803905 0 0 0.000244115
157 -0.364086866 -2.758006096 4.994803905 0 0 0.000244115
158 -0.364086866 -2.758006096 4.994803905 0 0 0.000244115
159 -0.364086866 -2.758006096 4.994803905 0 0 0.000244115
160 -0.364086866 -2.758006096 4.994803905 0 0 0.000244115
161 -0.364086866 -2.758006096 4.994803905 0 0 0.000244115
162 -0.498048782 -4.95163393 0.510848999 0 0 0.000244115
163 -0.364086866 -2.758006096 4.994803905 0 0 0.000244115
time 23
0 -0.364086866 -2.758006096 4.994803905 0 0 0.000244115
1 -0.355919659 -7.472979069 -2.142522344 0 -1.362950923 -1.570796327
2 130.809020996 -0.00000003 -0.000008583 0 0 0
3 6.662002563 -0.142129987 2.521343231 3.004070864 0.04138121 0.001563214
4 24.360931396 0 0.000019073 0.020503573 0.174628648 0.053011419
5 24.806396484 -0.000005722 0.765964508 0.333182645 -0.214118635 -0.117665644
6 8.120300293 -0.000001431 0 -0.212143494 -0.012833587 0.025412371
7 8.120315552 0 -0.000007629 0 -0.880742373 0
8 8.120315552 0 -0.000007629 0 -1.357954675 0
9 5.115234375 7.517080307 -23.079311371 1.609378043 -0.091467954 -0.120083547
10 -13.525100708 0 -0.000003815 0.03617403 0.012933458 -0.084397334
11 -11.953063965 -0.000009537 -0.000000268 0.001365151 -0.202482147 0.284004224
12 -8.290374756 0 0 0.056354705 -0.074495085 0.031860554
13 -7.875 0.00002861 0 0.005925724 0.327618021 -0.26321542
14 -8.78578949 0.000038147 -0.000007629 0.150657587 0.256207996 -0.63364843
15 -8.903717041 0.000007629 0 0.120159856 0.242113559 0.553084315
16 5.903457642 12.714842796 -17.69317627 1.46949619 -0.094045976 -0.153178873
17 -13.525131226 0 0 0.016408387 0.021304718 -0.090064985
18 -11.953048706 -0.000015259 0 0.025830654 -0.260236882 0.258020238
19 -8.290390015 -0.000001907 0 0.07968039 -0.056444765 0.258437298
20 -7.875 0.000034332 -0.000007629 0.024897036 0.32725664 -0.214529188
21 -8.78578949 0.000038147 -0.000015259 0.078766239 0.430330276 -0.605259807
22 -8.90372467 -0.000007629 0 0.007916801 0.164340331 0.550598577
23 5.115188599 -7.603518009 -23.079315186 -1.685143765 0.186778827 -3.006540281
24 13.525115967 0 0.000003815 0.007913068 0.014964012 -0.050270582
25 11.953033447 0.000015259 0.000003815 0.150369152 0.232028838 0.30181673
26 8.290374756 0.000001907 0 0.166127911 0.081449159 -0.052864481
27 7.875 -0.000038147 0.000003815 0.140647987 -0.258245477 -0.272710515
28 8.785774231 -0.000038147 -0.000007629 0.241915969 -0.430629589 -0.47772675
29 8.903709412 0.000007629 0 0.014328449 0.333630371 0.545651188
30 5.903442383 -12.801285744 -17.693191528 -1.732201944 0.279054809 -2.886036213
31 13.525115967 0.000007629 0 -0.021686111 0.056520888 -0.052087092
32 11.953048706 0.000011444 0.000007629 0.158305971 0.252110383 0.300125493
33 8.290374756 -0.000003815 0.000007629 0.155839135 0.196471064 0.128283421
34 7.875 -0.000030518 0.000002325 0.135359426 -0.150009206 -0.381293108
35 8.785797119 -0.000053406 0 0.25123305 -0.295664515 -0.543031223
36 8.903717041 0 -0.000007629 -0.139125775 0.279691053 0.507843889
37 4.435424805 0.000132561 -25.179950714 3.025727547 0.570455353 3.069203265
38 14.171020508 0.000023842 1.280685425 -0.046570645 -0.04162432 0.022127861
39 10.9765625 0.000022888 0.352539063 0.020847695 0.022249071 0.232367533
40 8.120300293 -0.000001907 -0.000015259 0.00473258 0.031954571 0.031413993
41 8.120285034 0.000003815 -0.000030518 -0.021998504 0.044526924 -0.346726719
42 8.120330811 -0.000003815 -0.000015259 -0.192216099 0.541317779 -0.381968713
43 8.12033844 0.000003815 0.000061035 -0.038652756 -0.03069641 0.070027119
44 7.146972656 16.179798126 -9.19562912 1.397809155 -0.270878016 -0.082202438
45 -13.525115967 0 0 -0.043753528 -0.165603592 -0.059621688
46 -11.953033447 -0.000013351 -0.000007629 0.048525649 -0.308204145 0.228401359
47 -8.290374756 0.000003815 0.000015259 0.143252981 -0.018427825 0.315271921
48 -7.875 0.000045776 0.000007629 0.091137534 0.357173834 -0.126245821
49 -8.785774231 0.000022888 -0.000007629 0.042544713 0.510808188 -0.680275793
50 -8.903717041 0 0 -0.043053218 0.24033254 0.321318988
51 7.146972656 -16.26625061 -9.195617676 -1.72649392 0.193413958 -2.83227525
52 13.525131226 -0.000007629 0.000007629 -0.099550949 -0.046865878 0.030950199
53 11.953018188 0.000009537 0.000007629 0.171471077 0.263559262 0.340812094
54 8.290374756 0.000005722 0.000015259 0.222550217 0.32236457 0.189301473
55 7.875 -0.000053406 -0.000001907 0.160169199 0.041484195 -0.359485739
56 8.78578949 -0.000038147 0.000007629 0.22479988 -0.108201188 -0.644696491
57 8.903717041 0.000007629 -0.000015259 -0.276717156 0.252496875 0.436839543
58 -5.367324829 8.366909981 8.703098297 1.65199758 -0.846540466 -2.993849208
59 13.525131226 0 -0.000003815 -0.294796652 0.025796171 -0.029052018
60 -3.441864014 -10.792387962 9.376991272 1.558497436 -0.924196245 -2.840096689
61 13.525108337 0.000015259 -0.000003815 -0.364813864 0.12593624 -0.57420586
62 11.953048706 0.000015259 0 0.271792067 -0.11067623 -0.662450592
63 8.290390015 0.000011444 0 0.154987108 -0.193831012 -0.057809384
64 7.875 -0.000022888 0 0.098850654 -0.054398196 0.198306809
65 19.39491272 -14.052387238 -0.467090607 -0.15017506 -0.57009226 -2.349961531
66 26.240745544 0 -0.000015259 1.475287052 -0.471806835 -0.47456525
67 31.970989227 0.000007629 0.000030518 -1.470878472 0.484607893 -0.206494984
68 4.627254486 -2.311279297 4.185630798 -0.021512477 -0.254658869 -0.451859094
69 2.980101585 0 -0.000003815 -0.040823197 0.14004721 0.242069561
70 1.982421875 0.000030518 0.000026703 0.001822187 0.301463179 0.041313792
71 10.844875336 -1.281555176 -1.331680298 0.003154845 -0.01855101 -1.502721343
72 3.98828125 -0.000015259 0.000030518 0.024656551 0.116612118 -1.30426207
73 2.26953125 0 -0.000011444 0.010246566 0.020303916 -1.235445909
74 10.908855438 -1.23739624 0.829589844 0.008182385 -0.019760774 -1.502678948
75 3.989425659 0.000007629 0.000041962 0.003562594 0.093803498 -1.240572344
76 3.478286743 -0.000015259 -0.000015259 0.01062322 -0.039586617 -1.338501469
77 10.29189682 -1.202133179 -3.344146729 0.018038834 -0.023865117 -1.537453755
78 2.757156372 -0.000007629 0.000019073 -0.00454994 -0.095548155 -1.291608045
79 1.775390625 0 -0.000011444 0.198076059 0.357239486 -1.30316968
80 10.971858978 -1.19392395 2.957344055 -0.012167132 -0.015944087 -1.622309173
81 3.82421875 -0.000011444 0.000034332 -0.000576872 0.002168828 -1.309510829
82 2.94140625 -0.000015259 -0.000007629 0.003967107 0.006944486 -1.466881704
83 -0.000011921 0 0 0.398893261 0.159072221 -0.629548
84 19.394897461 13.160597801 -0.467075348 -2.669051385 -0.403122476 -1.087908417
85 -26.240745544 0.000015259 0.000007629 0.248339532 -0.410331148 0.599845305
86 -31.970993042 0.000015259 0.000007629 -0.765617444 -0.095409147 -0.257613466
87 -11.614608765 3.933105469 0.069387436 -1.578444876 1.529198549 -2.544968004
88 -10.484524727 1.069198608 3.539874077 -3.131584703 0.028220486 2.411526648
89 2.757156372 0 0.000021935 -0.011712134 0.035128624 1.019560794
90 1.775390625 0 -0.000026703 -0.261071927 -0.262843666 1.059935836
91 -11.046480179 1.142410278 1.529695511 -3.130487012 0.018259081 2.114134707
92 3.98828125 0.000015259 0.000035286 0.004872241 -0.009924216 1.610032301
93 2.26953125 -0.000015259 -0.000001907 -0.076539319 -0.095407065 1.438172442
94 -11.192631721 1.041534424 -2.758425713 -3.116629264 0.004012045 2.226905852
95 3.82421875 0.000038147 0.000049591 0.00053161 0.002187187 1.610324685
96 8.78578186 -0.000038147 0.000007153 0.08229373 0.071373082 -0.580233542
97 2.94140625 0.000030518 -0.000013351 -0.004550553 0.006091757 1.767588569
98 -11.120119095 1.091552734 -0.63111496 -3.132136147 0.020772815 2.221577138
99 3.989440918 0 0.000050545 0.021444626 0.041947477 1.751021405
100 3.478302002 0 -0.000009537 -0.001306817 0.004312204 1.848998194
101 -4.853610992 2.155105591 -4.018514633 3.123057975 0.125574955 2.46129872
102 2.980110168 0 0.000009537 0.038574713 -0.163808097 -0.240289671
103 1.982421875 -0.000030518 0.000038147 0 0 -0.040571652
104 0.000008583 -0.000015259 -0.000015259 -0.01786834 -0.032037725 -0.918099438
105 7.08984375 0 0.000003815 3.141592654 -0.174494795 3.141592654
106 7.528289795 8.168074608 -1.23279953 -3.131947178 0.25416102 -3.108335726
107 -54.911262512 -0.64967823 -0.176692963 1.570548947 0.122836698 0.030255417
108 -61.183189392 -0.000003815 -0.000000954 0.17401331 0.013631427 0.03844916
109 8.588684082 0 1.514411926 0 0 0
110 4.260498047 -21.349504471 -3.218477249 0.047734353 -0.194835094 -0.242319049
111 15.606681824 0 -0.000007629 -0.020829774 0.106489533 -0.07270101
112 15.853752136 0.000003815 -0.000005722 -0.00587998 0.113936491 -0.11209642
113 15.151863098 0.000007629 0.000001907 0.007092759 -0.078230392 0.001968389
114 11.149967194 0 -0.000007629 0.061224059 0.235117064 -0.235099503
115 1.725097656 -0.142128021 11.160655975 -1.570457471 -0.55354911 -0.000096258
116 15.606674194 0 0 0 0 -0.049291862
117 15.853733063 0 0 -0.0042437 -0.055670893 0.481404017
118 15.151847839 -0.000007629 -0.000001907 0.000086145 -0.00000545 0.126365453
119 11.149963379 -0.000007629 0.000003815 0 0 0.475675013
120 6.678710938 -0.142132968 -16.932605743 1.571085935 -0.135601908 3.141572988
121 -15.606689453 0 -0.00000003 0 0 0.148601477
122 -15.853744507 0.000003815 0.00000599 0 0 0.087985148
123 -15.15184021 -0.000007629 0 0 0 -0.121695344
124 -11.14995575 0 0.00000602 0 0 0.320657621
125 2.507644653 15.93921566 6.722553253 -1.183052254 0.296074451 -2.863601298
126 -15.606689453 -0.000001907 0 0.011341538 -0.039564581 -0.010325633
127 -15.853752136 0 0.000009537 0.016743627 -0.118224001 0.054703462
128 -15.151855469 -0.000007629 0.000007629 -0.011578393 0.048970644 -0.095038449
129 -11.14995575 0 -0.000007629 -0.037815226 -0.079150824 -0.158686117
130 2.507614136 -17.075353622 6.722560883 -1.348368404 -0.33140945 -0.176604298
131 15.606666565 0 -0.000007629 -0.024030512 0.072131975 0.037919554
132 15.853740692 0 0.000007629 0.003381132 -0.055166899 0.178629349
133 15.151847839 0 -0.000003815 -0.001219124 -0.053431732 -0.073984163
134 11.149971008 0.000007629 -0.000011444 -0.029868525 0.022799635 0.23885084
135 5.893127441 15.939211845 -12.477546692 2.940190503 0.046814022 0.235706985
136 15.606666565 0.000007629 0.000026703 0.028362837 -0.06931842 -0.057913814
137 15.853744507 -0.000003815 -0.000007629 0.025505576 -0.17392035 0.045438933
138 15.151870728 0 0.000003815 -0.010305543 0.052421366 -0.030752049
139 11.14994812 0.000007629 -0.000007629 -0.025022511 -0.306517661 -0.137054741
140 5.893157959 -17.075357437 -12.477550507 1.660063002 -0.115912289 2.927896076
141 -15.606674194 -0.000007629 0.000019073 0.028011177 0.042740531 0.108928222
142 -15.853736877 -0.000003815 -0.000011444 0.017215507 -0.040324731 0.190836063
143 -15.151832581 -0.000003815 -0.000007629 -0.007597613 -0.011760077 -0.134887687
144 -11.149940491 -0.000007629 -0.000007629 0.039759042 -0.092584317 0.287658992
145 4.260482788 20.773920059 -3.218482971 0.048516012 0.1953514 -2.899088902
146 -15.606689453 0 0.000001907 -0.019888555 -0.107665237 0.049745751
147 -15.853752136 0.000007629 0 -0.004338691 -0.115797857 -0.07438239
148 -15.15184021 -0.000003815 -0.000001907 0.005873382 0.078991663 0.037120362
149 -11.14995575 0.000007629 -0.000005722 -0.046902841 -0.049436895 0.069316454
150 7.528274536 -8.043748856 -1.232803345 0.012464076 -0.445670083 -0.008134778
151 54.911254883 0.6496768 0.176704407 1.570230166 1.154493816 0.029932654
152 61.183185577 0.000003815 -0.000000954 0.027376169 0.030285213 -0.425226999
153 -0.364086866 -2.758008003 4.994803905 0 0 0.000244115
154 -0.364086866 -2.758006096 4.994803905 0 0 0.000244115
155 -0.364086866 -2.758006096 4.994803905 0 0 0.000244115
156 -0.364086866 -2.758006096 4.994803905 0 0 0.000244115
157 -0.364086866 -2.758006096 4.994803905 0 0 0.000244115
158 -0.364086866 -2.758006096 4.994803905 0 0 0.000244115
159 -0.364086866 -2.758006096 4.994803905 0 0 0.000244115
160 -0.364086866 -2.758006096 4.994803905 0 0 0.000244115
161 -0.364086866 -2.758006096 4.994803905 0 0 0.000244115
162 -0.498048782 -4.95163393 0.510848999 0 0 0.000244115
163 -0.364086866 -2.758006096 4.994803905 0 0 0.000244115
time 24
0 -0.364086866 -2.758006096 4.994803905 0 0 0.000244115
1 -0.355919659 -7.472979069 -2.661834769 0 -1.364952135 -1.570796327
2 130.809020996 -0.00000003 -0.000008583 0 0 0
3 6.662002563 -0.142129987 2.521343231 2.996265945 0.039756929 -0.007914952
4 24.360931396 0 0.000019073 -0.032340395 0.209423132 0.042523871
5 24.806396484 -0.000005722 0.765964508 0.333271576 -0.248234066 -0.125323489
6 8.120300293 -0.000001431 0 -0.155175315 -0.009905024 0.015142177
7 8.120315552 0 -0.000007629 0 -0.880742373 0
8 8.120315552 0 -0.000007629 0 -1.357954675 0
9 5.115234375 7.517080307 -23.079311371 1.610944943 -0.064282921 -0.108780743
10 -13.525100708 0 -0.000003815 0.03970858 0.017906142 -0.113411888
11 -11.953063965 -0.000009537 -0.000000268 0.006991329 -0.202581014 0.283698347
12 -8.290374756 0 0 0.054485061 -0.117427304 0.102719207
13 -7.875 0.00002861 0 0.023841121 0.289290727 -0.185231792
14 -8.78578949 0.000038147 -0.000007629 0.131806456 0.294423119 -0.641051069
15 -8.903717041 0.000007629 0 0.112723961 0.22404705 0.524680741
16 5.903457642 12.714842796 -17.69317627 1.470746125 -0.067076751 -0.141376792
17 -13.525131226 0 0 0.019844306 0.030944258 -0.120284508
18 -11.953048706 -0.000015259 0 0.032065082 -0.260563001 0.256338084
19 -8.290390015 -0.000001907 0 0.072350565 -0.103042543 0.313886977
20 -7.875 0.000034332 -0.000007629 0.040736364 0.280579633 -0.130194651
21 -8.78578949 0.000038147 -0.000015259 0.077445527 0.462373506 -0.588410428
22 -8.90372467 -0.000007629 0 0.002180662 0.150417686 0.519731143
23 5.115188599 -7.603518009 -23.079315186 -1.688228881 0.160374444 -2.998962188
24 13.525115967 0 0.000003815 0.004296144 0.003005985 -0.072429366
25 11.953033447 0.000015259 0.000003815 0.145210381 0.224415166 0.307689098
26 8.290374756 0.000001907 0 0.167990099 0.146237319 0.022061511
27 7.875 -0.000038147 0.000003815 0.12936583 -0.18875196 -0.224130761
28 8.785774231 -0.000038147 -0.000007629 0.273581264 -0.466253511 -0.50292909
29 8.903709412 0.000007629 0 0.012539643 0.330000413 0.511983575
30 5.903442383 -12.801285744 -17.693191528 -1.735634381 0.253437382 -2.879443936
31 13.525115967 0.000007629 0 -0.026322441 0.040440181 -0.071261068
32 11.953048706 0.000011444 0.000007629 0.15246245 0.242568427 0.306780098
33 8.290374756 -0.000003815 0.000007629 0.167746179 0.253396746 0.199778322
34 7.875 -0.000030518 0.000002325 0.125487872 -0.074802279 -0.315443327
35 8.785797119 -0.000053406 0 0.286920797 -0.310935994 -0.568298951
36 8.903717041 0 -0.000007629 -0.128908158 0.279930364 0.479122869
37 4.435424805 0.000132561 -25.179950714 3.026810336 0.541275787 3.077864872
38 14.171020508 0.000023842 1.280685425 -0.049454546 -0.037479579 0.017335327
39 10.9765625 0.000022888 0.352539063 0.01343551 -0.00471956 0.235646108
40 8.120300293 -0.000001907 -0.000015259 0.004875747 0.011111634 0.084471483
41 8.120285034 0.000003815 -0.000030518 -0.022490957 0.037692412 -0.314164646
42 8.120330811 -0.000003815 -0.000015259 -0.193769251 0.536691288 -0.445799924
43 8.12033844 0.000003815 0.000061035 -0.038652756 -0.03069641 0.070027119
44 7.146972656 16.179798126 -9.19562912 1.397809155 -0.270878016 -0.082202438
45 -13.525115967 0 0 -0.033719832 -0.152135161 -0.09539016
46 -11.953033447 -0.000013351 -0.000007629 0.058414585 -0.312937521 0.223671992
47 -8.290374756 0.000003815 0.000015259 0.136455891 -0.064643467 0.368663686
48 -7.875 0.000045776 0.000007629 0.107890388 0.316961848 -0.043062171
49 -8.785774231 0.000022888 -0.000007629 0.05258512 0.54043552 -0.655434164
50 -8.903717041 0 0 -0.04600587 0.223493909 0.288945719
51 7.146972656 -16.26625061 -9.195617676 -1.730765686 0.170921266 -2.824364218
52 13.525131226 -0.000007629 0.000007629 -0.101310209 -0.063783766 0.007039589
53 11.953018188 0.000009537 0.000007629 0.16415865 0.247920493 0.344388587
54 8.290374756 0.000005722 0.000015259 0.239633572 0.360724447 0.271099261
55 7.875 -0.000053406 -0.000001907 0.159006711 0.121638458 -0.285799292
56 8.78578949 -0.000038147 0.000007629 0.267598696 -0.091020998 -0.661620226
57 8.903717041 0.000007629 -0.000015259 -0.257408857 0.257027901 0.413390114
58 -5.367324829 8.366909981 8.703098297 1.632238257 -0.869702041 -2.973981899
59 13.525131226 0 -0.000003815 -0.294796652 0.025796171 -0.029052018
60 -3.441864014 -10.792387962 9.376991272 1.534684407 -0.940458084 -2.816364533
61 13.525108337 0.000015259 -0.000003815 -0.363957055 0.154246904 -0.536470968
62 11.953048706 0.000015259 0 0.272019779 -0.091596175 -0.657515057
63 8.290390015 0.000011444 0 0.16313672 -0.209631274 -0.126538987
64 7.875 -0.000022888 0 0.097915327 -0.105656882 0.136430754
65 19.39491272 -14.052387238 -0.467090607 -0.100815414 -0.630446925 -2.371510048
66 26.240745544 0 -0.000015259 1.66556971 -0.550609274 -0.612495895
67 31.970989227 0.000007629 0.000030518 -1.433458651 0.42953419 -0.187371853
68 4.627254486 -2.311279297 4.185630798 -0.021512477 -0.254658869 -0.451859094
69 2.980101585 0 -0.000003815 -0.040823197 0.14004721 0.242069561
70 1.982421875 0.000030518 0.000026703 0.001822187 0.301463179 0.041313792
71 10.844875336 -1.281555176 -1.331680298 0.003154845 -0.01855101 -1.502721343
72 3.98828125 -0.000015259 0.000030518 0.024656551 0.116612118 -1.30426207
73 2.26953125 0 -0.000011444 0.010246566 0.020303916 -1.235445909
74 10.908855438 -1.23739624 0.829589844 0.008182385 -0.019760774 -1.502678948
75 3.989425659 0.000007629 0.000041962 0.003562594 0.093803498 -1.240572344
76 3.478286743 -0.000015259 -0.000015259 0.01062322 -0.039586617 -1.338501469
77 10.29189682 -1.202133179 -3.344146729 0.018038834 -0.023865117 -1.537453755
78 2.757156372 -0.000007629 0.000019073 -0.00454994 -0.095548155 -1.291608045
79 1.775390625 0 -0.000011444 0.198076059 0.357239486 -1.30316968
80 10.971858978 -1.19392395 2.957344055 -0.012167132 -0.015944087 -1.622309173
81 3.82421875 -0.000011444 0.000034332 -0.000576872 0.002168828 -1.309510829
82 2.94140625 -0.000015259 -0.000007629 0.003967107 0.006944486 -1.466881704
83 -0.000011921 0 0 0.398893261 0.159072221 -0.629548
84 19.394897461 13.160597801 -0.467075348 -2.661775745 -0.398809537 -1.101322265
85 -26.240745544 0.000015259 0.000007629 0.249688942 -0.375334043 0.580794647
86 -31.970993042 0.000015259 0.000007629 -0.727193295 -0.123039456 -0.23453131
87 -11.614608765 3.933105469 0.069387436 -1.578444876 1.529198549 -2.544968004
88 -10.484524727 1.069198608 3.539874077 -3.131584703 0.028220486 2.411526648
89 2.757156372 0 0.000021935 -0.011712134 0.035128624 1.019560794
90 1.775390625 0 -0.000026703 -0.261071927 -0.262843666 1.059935836
91 -11.046480179 1.142410278 1.529695511 -3.130487012 0.018259081 2.114134707
92 3.98828125 0.000015259 0.000035286 0.004872241 -0.009924216 1.610032301
93 2.26953125 -0.000015259 -0.000001907 -0.076539319 -0.095407065 1.438172442
94 -11.192631721 1.041534424 -2.758425713 -3.116629264 0.004012045 2.226905852
95 3.82421875 0.000038147 0.000049591 0.00053161 0.002187187 1.610324685
96 8.78578186 -0.000038147 0.000007153 0.08229373 0.071373082 -0.580233542
97 2.94140625 0.000030518 -0.000013351 -0.004550553 0.006091757 1.767588569
98 -11.120119095 1.091552734 -0.63111496 -3.132136147 0.020772815 2.221577138
99 3.989440918 0 0.000050545 0.021444626 0.041947477 1.751021405
100 3.478302002 0 -0.000009537 -0.001306817 0.004312204 1.848998194
101 -4.853610992 2.155105591 -4.018514633 3.123057975 0.125574955 2.46129872
102 2.980110168 0 0.000009537 0.038574713 -0.163808097 -0.240289671
103 1.982421875 -0.000030518 0.000038147 0 0 -0.040571652
104 0.000008583 -0.000015259 -0.000015259 -0.01786834 -0.032037725 -0.918099438
105 7.08984375 0 0.000003815 3.141592654 -0.174494795 3.141592654
106 7.528289795 8.168074608 -1.23279953 -3.132417111 0.201859332 -3.109255296
107 -54.911262512 -0.64967823 -0.176692963 1.575458646 0.135667113 0.032251983
108 -61.183189392 -0.000003815 -0.000000954 0.166026259 0.013660603 -0.024675927
109 8.588684082 0 1.514411926 0 0 0
110 4.260498047 -21.349504471 -3.218477249 0.046705125 -0.191639018 -0.24210324
111 15.606681824 0 -0.000007629 -0.017475045 0.081202245 -0.07052821
112 15.853752136 0.000003815 -0.000005722 -0.009486059 0.126027861 -0.117252351
113 15.151863098 0.000007629 0.000001907 0.005885693 -0.020712008 -0.001528423
114 11.149967194 0 -0.000007629 0.069707507 0.228604561 -0.223761809
115 1.725097656 -0.142128021 11.160655975 -1.58764759 -0.590181978 0.0041016
116 15.606674194 0 0 0 0 -0.073299311
117 15.853733063 0 0 -0.008210857 -0.059665174 0.54952548
118 15.151847839 -0.000007629 -0.000001907 0.000086145 -0.00000545 0.126365453
119 11.149963379 -0.000007629 0.000003815 0 0 0.475675013
120 6.678710938 -0.142132968 -16.932605743 1.571091334 -0.137314881 3.141572367
121 -15.606689453 0 -0.00000003 0 0 0.119274126
122 -15.853744507 0.000003815 0.00000599 0 0 0.104663657
123 -15.15184021 -0.000007629 0 0 0 -0.059999159
124 -11.14995575 0 0.00000602 0 0 0.307723466
125 2.507644653 15.93921566 6.722553253 -1.250013172 0.298047463 -2.895316407
126 -15.606689453 -0.000001907 0 0.011861687 -0.025408171 -0.009560187
127 -15.853752136 0 0.000009537 0.01603636 -0.131309328 0.058816608
128 -15.151855469 -0.000007629 0.000007629 -0.010440297 0.012827253 -0.091857016
129 -11.14995575 0 -0.000007629 -0.033347175 -0.072846829 -0.147072597
130 2.507614136 -17.075353622 6.722560883 -1.306210972 -0.426813925 -0.220884843
131 15.606666565 0 -0.000007629 -0.020820697 0.068618683 0.022520011
132 15.853740692 0 0.000007629 0.002568953 -0.04641764 0.176389269
133 15.151847839 0 -0.000003815 -0.003493102 -0.048997339 -0.026595136
134 11.149971008 0.000007629 -0.000011444 -0.024466635 0.018673064 0.225824927
135 5.893127441 15.939211845 -12.477546692 2.940453261 0.047570228 0.235723208
136 15.606666565 0.000007629 0.000026703 0.025681793 -0.042446703 -0.050284036
137 15.853744507 -0.000003815 -0.000007629 0.025948838 -0.186820148 0.037714598
138 15.151870728 0 0.000003815 -0.009271963 -0.006751893 -0.04105903
139 11.14994812 0.000007629 -0.000007629 -0.029177428 -0.297239656 -0.128581307
140 5.893157959 -17.075357437 -12.477550507 1.660230966 -0.116818411 2.927900869
141 -15.606674194 -0.000007629 0.000019073 0.024846159 0.042117006 0.080152201
142 -15.853736877 -0.000003815 -0.000011444 0.018241773 -0.041809019 0.20616353
143 -15.151832581 -0.000003815 -0.000007629 -0.007328106 -0.007438091 -0.073359467
144 -11.149940491 -0.000007629 -0.000007629 0.034215988 -0.090603851 0.274915406
145 4.260482788 20.773920059 -3.218482971 0.048267238 0.192671654 -2.899123055
146 -15.606689453 0 0.000001907 -0.017445456 -0.082930954 0.047640219
147 -15.853752136 0.000007629 0 -0.004391813 -0.128323605 -0.06901413
148 -15.15184021 -0.000003815 -0.000001907 0.004785363 0.020804724 0.036738545
149 -11.14995575 0.000007629 -0.000005722 -0.036665742 -0.038646944 0.068936327
150 7.528274536 -8.043748856 -1.232803345 0.016566173 -0.556948718 -0.010841341
151 54.911254883 0.6496768 0.176704407 1.570051152 1.218921051 0.029776807
152 61.183185577 0.000003815 -0.000000954 0.031699146 0.034021776 -0.373767697
153 -0.364086866 -2.758008003 4.994803905 0 0 0.000244115
154 -0.364086866 -2.758006096 4.994803905 0 0 0.000244115
155 -0.364086866 -2.758006096 4.994803905 0 0 0.000244115
156 -0.364086866 -2.758006096 4.994803905 0 0 0.000244115
157 -0.364086866 -2.758006096 4.994803905 0 0 0.000244115
158 -0.364086866 -2.758006096 4.994803905 0 0 0.000244115
159 -0.364086866 -2.758006096 4.994803905 0 0 0.000244115
160 -0.364086866 -2.758006096 4.994803905 0 0 0.000244115
161 -0.364086866 -2.758006096 4.994803905 0 0 0.000244115
162 -0.498048782 -4.95163393 0.510848999 0 0 0.000244115
163 -0.364086866 -2.758006096 4.994803905 0 0 0.000244115
time 25
0 -0.364086866 -2.758006096 4.994803905 0 0 0.000244115
1 -0.355919659 -7.472979069 -1.766587712 0 -1.361506459 -1.570796327
2 130.809020996 -0.00000003 -0.000008583 0 0 0
3 6.662002563 -0.142129987 2.521343231 2.988897401 0.038123771 -0.017722781
4 24.360931396 0 0.000019073 -0.083026022 0.242796996 0.031817041
5 24.806396484 -0.000005722 0.765964508 0.333279143 -0.280907958 -0.132683332
6 8.120300293 -0.000001431 0 -0.098804975 -0.007011618 0.0050135
7 8.120315552 0 -0.000007629 0 -0.880742373 0
8 8.120315552 0 -0.000007629 0 -1.357954675 0
9 5.115234375 7.517080307 -23.079311371 1.608695537 -0.04331568 -0.094399749
10 -13.525100708 0 -0.000003815 0.043953808 0.020285494 -0.146727395
11 -11.953063965 -0.000009537 -0.000000268 0.014541137 -0.200984077 0.264795089
12 -8.290374756 0 0 0.053884583 -0.152839267 0.165032636
13 -7.875 0.00002861 0 0.040446053 0.236837935 -0.087118357
14 -8.78578949 0.000038147 -0.000007629 0.1235561 0.316932005 -0.616361044
15 -8.903717041 0.000007629 0 0.103866184 0.201935756 0.490145828
16 5.903457642 12.714842796 -17.69317627 1.46824369 -0.047392457 -0.127320546
17 -13.525131226 0 0 0.023785691 0.039342194 -0.155186663
18 -11.953048706 -0.000015259 0 0.041384125 -0.256115114 0.235679086
19 -8.290390015 -0.000001907 0 0.065569837 -0.142578795 0.360469712
20 -7.875 0.000034332 -0.000007629 0.052533424 0.220922517 -0.033094735
21 -8.78578949 0.000038147 -0.000015259 0.089981418 0.476770209 -0.537261002
22 -8.90372467 -0.000007629 0 -0.004585744 0.133311969 0.482238056
23 5.115188599 -7.603518009 -23.079315186 -1.688014172 0.135092008 -2.990466266
24 13.525115967 0 0.000003815 0.000779665 -0.00531982 -0.098097597
25 11.953033447 0.000015259 0.000003815 0.137006493 0.21007665 0.296487063
26 8.290374756 0.000001907 0 0.17088307 0.196948021 0.09224024
27 7.875 -0.000038147 0.000003815 0.117660085 -0.095663719 -0.153453043
28 8.785774231 -0.000038147 -0.000007629 0.289161779 -0.469135209 -0.503530589
29 8.903709412 0.000007629 0 0.009893793 0.325663737 0.470757104
30 5.903442383 -12.801285744 -17.693191528 -1.736358316 0.226257579 -2.874403936
31 13.525115967 0.000007629 0 -0.030464575 0.026927843 -0.093080408
32 11.953048706 0.000011444 0.000007629 0.142788447 0.223696545 0.298263584
33 8.290374756 -0.000003815 0.000007629 0.178917107 0.294440617 0.263597107
34 7.875 -0.000030518 0.000002325 0.11559336 0.017688104 -0.229481967
35 8.785797119 -0.000053406 0 0.306011318 -0.2939985 -0.562543901
36 8.903717041 0 -0.000007629 -0.116724909 0.280000071 0.44389699
37 4.435424805 0.000132561 -25.179950714 3.033695425 0.509988167 3.092361371
38 14.171020508 0.000023842 1.280685425 -0.051056013 -0.026285761 0.015523945
39 10.9765625 0.000022888 0.352539063 0.005000567 -0.031273026 0.235014811
40 8.120300293 -0.000001907 -0.000015259 0.002102744 -0.019085619 0.133011957
41 8.120285034 0.000003815 -0.000030518 -0.022430989 0.025802733 -0.259397363
42 8.120330811 -0.000003815 -0.000015259 -0.185776063 0.529317382 -0.487361139
43 8.12033844 0.000003815 0.000061035 -0.038652756 -0.03069641 0.070027119
44 7.146972656 16.179798126 -9.19562912 1.397809155 -0.270878016 -0.082202438
45 -13.525115967 0 0 -0.024627528 -0.137704115 -0.135643356
46 -11.953033447 -0.000013351 -0.000007629 0.071770348 -0.310061537 0.199323635
47 -8.290374756 0.000003815 0.000015259 0.128413792 -0.106628636 0.413727506
48 -7.875 0.000045776 0.000007629 0.119630625 0.264956163 0.050768293
49 -8.785774231 0.000022888 -0.000007629 0.07495911 0.557654768 -0.598060847
50 -8.903717041 0 0 -0.049589715 0.203304903 0.249928554
51 7.146972656 -16.26625061 -9.195617676 -1.732903066 0.147216002 -2.820467451
52 13.525131226 -0.000007629 0.000007629 -0.102258416 -0.07759977 -0.019554031
53 11.953018188 0.000009537 0.000007629 0.152073127 0.223323025 0.330378195
54 8.290374756 0.000005722 0.000015259 0.252254211 0.381963061 0.341352746
55 7.875 -0.000053406 -0.000001907 0.160274885 0.208802512 -0.192947658
56 8.78578949 -0.000038147 0.000007629 0.295199572 -0.045582338 -0.646909325
57 8.903717041 0.000007629 -0.000015259 -0.234480069 0.261093244 0.384442102
58 -5.367324829 8.366909981 8.703098297 1.622190182 -0.883683822 -2.966547311
59 13.525131226 0 -0.000003815 -0.294796652 0.025796171 -0.029052018
60 -3.441864014 -10.792387962 9.376991272 1.524098512 -0.948867954 -2.809350453
61 13.525108337 0.000015259 -0.000003815 -0.365753935 0.17973693 -0.492964019
62 11.953048706 0.000015259 0 0.267780274 -0.071311618 -0.629268844
63 8.290390015 0.000011444 0 0.169329038 -0.216499976 -0.186636717
64 7.875 -0.000022888 0 0.099910305 -0.157605281 0.060517943
65 19.39491272 -14.052387238 -0.467090607 -0.051994159 -0.684501117 -2.394899673
66 26.240745544 0 -0.000015259 1.856419251 -0.631869802 -0.750513201
67 31.970989227 0.000007629 0.000030518 -1.388642275 0.36415232 -0.163906541
68 4.627254486 -2.311279297 4.185630798 -0.021512477 -0.254658869 -0.451859094
69 2.980101585 0 -0.000003815 -0.040823197 0.14004721 0.242069561
70 1.982421875 0.000030518 0.000026703 0.001822187 0.301463179 0.041313792
71 10.844875336 -1.281555176 -1.331680298 0.003154845 -0.01855101 -1.502721343
72 3.98828125 -0.000015259 0.000030518 0.024656551 0.116612118 -1.30426207
73 2.26953125 0 -0.000011444 0.010246566 0.020303916 -1.235445909
74 10.908855438 -1.23739624 0.829589844 0.008182385 -0.019760774 -1.502678948
75 3.989425659 0.000007629 0.000041962 0.003562594 0.093803498 -1.240572344
76 3.478286743 -0.000015259 -0.000015259 0.01062322 -0.039586617 -1.338501469
77 10.29189682 -1.202133179 -3.344146729 0.018038834 -0.023865117 -1.537453755
78 2.757156372 -0.000007629 0.000019073 -0.00454994 -0.095548155 -1.291608045
79 1.775390625 0 -0.000011444 0.198076059 0.357239486 -1.30316968
80 10.971858978 -1.19392395 2.957344055 -0.012167132 -0.015944087 -1.622309173
81 3.82421875 -0.000011444 0.000034332 -0.000576872 0.002168828 -1.309510829
82 2.94140625 -0.000015259 -0.000007629 0.003967107 0.006944486 -1.466881704
83 -0.000011921 0 0 0.398893261 0.159072221 -0.629548
84 19.394897461 13.160597801 -0.467075348 -2.653950884 -0.394124329 -1.113387264
85 -26.240745544 0.000015259 0.000007629 0.251186138 -0.342612726 0.563017191
86 -31.970993042 0.000015259 0.000007629 -0.692548755 -0.148070502 -0.212087222
87 -11.614608765 3.933105469 0.069387436 -1.578444876 1.529198549 -2.544968004
88 -10.484524727 1.069198608 3.539874077 -3.131584703 0.028220486 2.411526648
89 2.757156372 0 0.000021935 -0.011712134 0.035128624 1.019560794
90 1.775390625 0 -0.000026703 -0.261071927 -0.262843666 1.059935836
91 -11.046480179 1.142410278 1.529695511 -3.130487012 0.018259081 2.114134707
92 3.98828125 0.000015259 0.000035286 0.004872241 -0.009924216 1.610032301
93 2.26953125 -0.000015259 -0.000001907 -0.076539319 -0.095407065 1.438172442
94 -11.192631721 1.041534424 -2.758425713 -3.116629264 0.004012045 2.226905852
95 3.82421875 0.000038147 0.000049591 0.00053161 0.002187187 1.610324685
96 8.78578186 -0.000038147 0.000007153 0.08229373 0.071373082 -0.580233542
97 2.94140625 0.000030518 -0.000013351 -0.004550553 0.006091757 1.767588569
98 -11.120119095 1.091552734 -0.63111496 -3.132136147 0.020772815 2.221577138
99 3.989440918 0 0.000050545 0.021444626 0.041947477 1.751021405
100 3.478302002 0 -0.000009537 -0.001306817 0.004312204 1.848998194
101 -4.853610992 2.155105591 -4.018514633 3.123057975 0.125574955 2.46129872
102 2.980110168 0 0.000009537 0.038574713 -0.163808097 -0.240289671
103 1.982421875 -0.000030518 0.000038147 0 0 -0.040571652
104 0.000008583 -0.000015259 -0.000015259 -0.01786834 -0.032037725 -0.918099438
105 7.08984375 0 0.000003815 3.141592654 -0.174494795 3.141592654
106 7.528289795 8.168074608 -1.23279953 -3.133606797 0.162873758 -3.111667518
107 -54.911262512 -0.64967823 -0.176692963 1.578594352 0.168664663 0.037290713
108 -61.183189392 -0.000003815 -0.000000954 0.145279403 0.013591946 -0.091476055
109 8.588684082 0 1.514411926 0 0 0
110 4.260498047 -21.349504471 -3.218477249 0.045580922 -0.187757056 -0.241771364
111 15.606681824 0 -0.000007629 -0.014266971 0.05792088 -0.065968596
112 15.853752136 0.000003815 -0.000005722 -0.012012414 0.127604172 -0.121413656
113 15.151863098 0.000007629 0.000001907 0.004272104 0.032128946 -0.00813256
114 11.149967194 0 -0.000007629 0.078390243 0.222403511 -0.212730099
115 1.725097656 -0.142128021 11.160655975 -1.630127986 -0.684391166 0.01446376
116 15.606674194 0 0 0 0 -0.098354424
117 15.853733063 0 0 -0.012009957 -0.063488914 0.614882423
118 15.151847839 -0.000007629 -0.000001907 0.000086145 -0.00000545 0.126365453
119 11.149963379 -0.000007629 0.000003815 0 0 0.475675013
120 6.678710938 -0.142132968 -16.932605743 1.57105226 -0.139639791 3.141574755
121 -15.606689453 0 -0.00000003 0 0 0.089367551
122 -15.853744507 0.000003815 0.00000599 0 0 0.110628155
123 -15.15184021 -0.000007629 0 0 0 0.000000031
124 -11.14995575 0 0.00000602 0 0 0.294365933
125 2.507644653 15.93921566 6.722553253 -1.34085674 0.303112208 -2.930291452
126 -15.606689453 -0.000001907 0 0.011958789 -0.009609639 -0.009725259
127 -15.853752136 0 0.000009537 0.015474628 -0.138255822 0.062795566
128 -15.151855469 -0.000007629 0.000007629 -0.009089173 -0.023803522 -0.085637565
129 -11.14995575 0 -0.000007629 -0.028809601 -0.066264159 -0.136140115
130 2.507614136 -17.075353622 6.722560883 -1.252845541 -0.546675503 -0.283436945
131 15.606666565 0 -0.000007629 -0.017163324 0.061942442 0.014667987
132 15.853740692 0 0.000007629 0.002755325 -0.037906105 0.165029907
133 15.151847839 0 -0.000003815 -0.00518461 -0.039772071 0.008909236
134 11.149971008 0.000007629 -0.000011444 -0.019342147 0.014747584 0.213481458
135 5.893127441 15.939211845 -12.477546692 2.940813976 0.049179675 0.23565732
136 15.606666565 0.000007629 0.000026703 0.023215315 -0.016449632 -0.040766707
137 15.853744507 -0.000003815 -0.000007629 0.025698366 -0.188809682 0.031731948
138 15.151870728 0 0.000003815 -0.007428789 -0.061859204 -0.053059752
139 11.14994812 0.000007629 -0.000007629 -0.03305125 -0.287223592 -0.119947237
140 5.893157959 -17.075357437 -12.477550507 1.66055307 -0.118386407 2.92792327
141 -15.606674194 -0.000007629 0.000019073 0.021818752 0.042707481 0.05106754
142 -15.853736877 -0.000003815 -0.000011444 0.019165582 -0.043777656 0.210384483
143 -15.151832581 -0.000003815 -0.000007629 -0.006785344 -0.00488098 -0.013880639
144 -11.149940491 -0.000007629 -0.000007629 0.028544617 -0.088611857 0.262880297
145 4.260482788 20.773920059 -3.218482971 0.047921836 0.189306153 -2.899277319
146 -15.606689453 0 0.000001907 -0.015033868 -0.060034944 0.043288304
147 -15.853752136 0.000007629 0 -0.004369869 -0.130201021 -0.063043831
148 -15.15184021 -0.000003815 -0.000001907 0.003417819 -0.032788565 0.039053254
149 -11.14995575 0.000007629 -0.000005722 -0.026973574 -0.028445313 0.068427471
150 7.528274536 -8.043748856 -1.232803345 0.020638778 -0.668291318 -0.013652866
151 54.911254883 0.6496768 0.176704407 1.571705863 1.204215997 0.031953291
152 61.183185577 0.000003815 -0.000000954 0.035024803 0.037547218 -0.240918637
153 -0.364086866 -2.758008003 4.994803905 0 0 0.000244115
154 -0.364086866 -2.758006096 4.994803905 0 0 0.000244115
155 -0.364086866 -2.758006096 4.994803905 0 0 0.000244115
156 -0.364086866 -2.758006096 4.994803905 0 0 0.000244115
157 -0.364086866 -2.758006096 4.994803905 0 0 0.000244115
158 -0.364086866 -2.758006096 4.994803905 0 0 0.000244115
159 -0.364086866 -2.758006096 4.994803905 0 0 0.000244115
160 -0.364086866 -2.758006096 4.994803905 0 0 0.000244115
161 -0.364086866 -2.758006096 4.994803905 0 0 0.000244115
162 -0.498048782 -4.95163393 0.510848999 0 0 0.000244115
163 -0.364086866 -2.758006096 4.994803905 0 0 0.000244115
time 26
0 -0.364086866 -2.758006096 4.994803905 0 0 0.000244115
1 -0.355919659 -7.472979069 0.47152448 0 -1.3528577 -1.570796327
2 130.809020996 -0.00000003 -0.000008583 0 0 0
3 6.662002563 -0.142129987 2.521343231 2.982230313 0.036694398 -0.027440484
4 24.360931396 0 0.000019073 -0.129474124 0.273299699 0.021026663
5 24.806396484 -0.000005722 0.765964508 0.333328538 -0.310759711 -0.139423572
6 8.120300293 -0.000001431 0 -0.044706886 -0.004071846 -0.004484907
7 8.120315552 0 -0.000007629 0 -0.880742373 0
8 8.120315552 0 -0.000007629 0 -1.357954675 0
9 5.115234375 7.517080307 -23.079311371 1.602511073 -0.030717493 -0.077734672
10 -13.525100708 0 -0.000003815 0.048822192 0.022656351 -0.181720609
11 -11.953063965 -0.000009537 -0.000000268 0.023226862 -0.199544539 0.229304764
12 -8.290374756 0 0 0.055835307 -0.181102314 0.210897824
13 -7.875 0.00002861 0 0.051853937 0.178387239 0.019635883
14 -8.78578949 0.000038147 -0.000007629 0.127784374 0.321084561 -0.552384268
15 -8.903717041 0.000007629 0 0.094570377 0.177614083 0.45216378
16 5.903457642 12.714842796 -17.69317627 1.461743479 -0.037149399 -0.111808648
17 -13.525131226 0 0 0.027823522 0.048034833 -0.191670309
18 -11.953048706 -0.000015259 0 0.052657001 -0.248332016 0.197397613
19 -8.290390015 -0.000001907 0 0.061004508 -0.17436681 0.391777717
20 -7.875 0.000034332 -0.000007629 0.057836586 0.15590338 0.067152196
21 -8.78578949 0.000038147 -0.000015259 0.115449652 0.469856289 -0.448954586
22 -8.90372467 -0.000007629 0 -0.011613748 0.11439297 0.441361365
23 5.115188599 -7.603518009 -23.079315186 -1.683726278 0.113533033 -2.980907193
24 13.525115967 0 0.000003815 -0.002490811 -0.011227987 -0.126180579
25 11.953033447 0.000015259 0.000003815 0.127531714 0.193175817 0.270912675
26 8.290374756 0.000001907 0 0.172014812 0.231100806 0.148656489
27 7.875 -0.000038147 0.000003815 0.110901319 0.006531415 -0.069330337
28 8.785774231 -0.000038147 -0.000007629 0.284136597 -0.434791461 -0.469830639
29 8.903709412 0.000007629 0 0.006143654 0.321147291 0.425201962
30 5.903442383 -12.801285744 -17.693191528 -1.733422529 0.200445556 -2.86988272
31 13.525115967 0.000007629 0 -0.03391874 0.016508567 -0.117672714
32 11.953048706 0.000011444 0.000007629 0.131258983 0.199832964 0.277094017
33 8.290374756 -0.000003815 0.000007629 0.185677273 0.317713714 0.313627429
34 7.875 -0.000030518 0.000002325 0.110606871 0.113800013 -0.134168897
35 8.785797119 -0.000053406 0 0.306216746 -0.243654856 -0.520692809
36 8.903717041 0 -0.000007629 -0.103945505 0.280063893 0.404933347
37 4.435424805 0.000132561 -25.179950714 3.045957945 0.480827092 3.111991683
38 14.171020508 0.000023842 1.280685425 -0.051503972 -0.007229058 0.014347056
39 10.9765625 0.000022888 0.352539063 -0.003059508 -0.052139095 0.232963265
40 8.120300293 -0.000001907 -0.000015259 -0.004364557 -0.056812728 0.174516465
41 8.120285034 0.000003815 -0.000030518 -0.021327863 0.004573409 -0.188509261
42 8.120330811 -0.000003815 -0.000015259 -0.167917115 0.517889005 -0.499746618
43 8.12033844 0.000003815 0.000061035 -0.038652756 -0.03069641 0.070027119
44 7.146972656 16.179798126 -9.19562912 1.397809155 -0.270878016 -0.082202438
45 -13.525115967 0 0 -0.01714973 -0.121872172 -0.17664511
46 -11.953033447 -0.000013351 -0.000007629 0.087560643 -0.299805228 0.156570681
47 -8.290374756 0.000003815 0.000015259 0.120816341 -0.142548124 0.444477323
48 -7.875 0.000045776 0.000007629 0.124141855 0.206642917 0.147494483
49 -8.785774231 0.000022888 -0.000007629 0.108675759 0.558619594 -0.505749246
50 -8.903717041 0 0 -0.053252797 0.181504647 0.208065919
51 7.146972656 -16.26625061 -9.195617676 -1.731842229 0.12407064 -2.819597872
52 13.525131226 -0.000007629 0.000007629 -0.102411741 -0.087749946 -0.04836551
53 11.953018188 0.000009537 0.000007629 0.137833274 0.194313569 0.302546957
54 8.290374756 0.000005722 0.000015259 0.256422098 0.386260047 0.393581172
55 7.875 -0.000053406 -0.000001907 0.166405704 0.290996502 -0.090645028
56 8.78578949 -0.000038147 0.000007629 0.307001101 0.02473387 -0.599801588
57 8.903717041 0.000007629 -0.000015259 -0.210382834 0.264682233 0.352236722
58 -5.367324829 8.366909981 8.703098297 1.623797235 -0.888537088 -2.972327826
59 13.525131226 0 -0.000003815 -0.294796652 0.025796171 -0.029052018
60 -3.441864014 -10.792387962 9.376991272 1.528466381 -0.951073259 -2.81935906
61 13.525108337 0.000015259 -0.000003815 -0.36970744 0.200208577 -0.449902136
62 11.953048706 0.000015259 0 0.260394999 -0.051583634 -0.581720892
63 8.290390015 0.000011444 0 0.171743722 -0.212935843 -0.230336809
64 7.875 -0.000022888 0 0.105134605 -0.205553379 -0.023539988
65 19.39491272 -14.052387238 -0.467090607 -0.00587157 -0.730457493 -2.418454835
66 26.240745544 0 -0.000015259 2.036137512 -0.712513536 -0.880697525
67 31.970989227 0.000007629 0.000030518 -1.340686643 0.295372173 -0.137996092
68 4.627254486 -2.311279297 4.185630798 -0.021512477 -0.254658869 -0.451859094
69 2.980101585 0 -0.000003815 -0.040823197 0.14004721 0.242069561
70 1.982421875 0.000030518 0.000026703 0.001822187 0.301463179 0.041313792
71 10.844875336 -1.281555176 -1.331680298 0.003154845 -0.01855101 -1.502721343
72 3.98828125 -0.000015259 0.000030518 0.024656551 0.116612118 -1.30426207
73 2.26953125 0 -0.000011444 0.010246566 0.020303916 -1.235445909
74 10.908855438 -1.23739624 0.829589844 0.008182385 -0.019760774 -1.502678948
75 3.989425659 0.000007629 0.000041962 0.003562594 0.093803498 -1.240572344
76 3.478286743 -0.000015259 -0.000015259 0.01062322 -0.039586617 -1.338501469
77 10.29189682 -1.202133179 -3.344146729 0.018038834 -0.023865117 -1.537453755
78 2.757156372 -0.000007629 0.000019073 -0.00454994 -0.095548155 -1.291608045
79 1.775390625 0 -0.000011444 0.198076059 0.357239486 -1.30316968
80 10.971858978 -1.19392395 2.957344055 -0.012167132 -0.015944087 -1.622309173
81 3.82421875 -0.000011444 0.000034332 -0.000576872 0.002168828 -1.309510829
82 2.94140625 -0.000015259 -0.000007629 0.003967107 0.006944486 -1.466881704
83 -0.000011921 0 0 0.398893261 0.159072221 -0.629548
84 19.394897461 13.160597801 -0.467075348 -2.645523469 -0.389048658 -1.123995885
85 -26.240745544 0.000015259 0.000007629 0.253012488 -0.313333845 0.547042152
86 -31.970993042 0.000015259 0.000007629 -0.662283532 -0.169896352 -0.190713499
87 -11.614608765 3.933105469 0.069387436 -1.578444876 1.529198549 -2.544968004
88 -10.484524727 1.069198608 3.539874077 -3.131584703 0.028220486 2.411526648
89 2.757156372 0 0.000021935 -0.011712134 0.035128624 1.019560794
90 1.775390625 0 -0.000026703 -0.261071927 -0.262843666 1.059935836
91 -11.046480179 1.142410278 1.529695511 -3.130487012 0.018259081 2.114134707
92 3.98828125 0.000015259 0.000035286 0.004872241 -0.009924216 1.610032301
93 2.26953125 -0.000015259 -0.000001907 -0.076539319 -0.095407065 1.438172442
94 -11.192631721 1.041534424 -2.758425713 -3.116629264 0.004012045 2.226905852
95 3.82421875 0.000038147 0.000049591 0.00053161 0.002187187 1.610324685
96 8.78578186 -0.000038147 0.000007153 0.08229373 0.071373082 -0.580233542
97 2.94140625 0.000030518 -0.000013351 -0.004550553 0.006091757 1.767588569
98 -11.120119095 1.091552734 -0.63111496 -3.132136147 0.020772815 2.221577138
99 3.989440918 0 0.000050545 0.021444626 0.041947477 1.751021405
100 3.478302002 0 -0.000009537 -0.001306817 0.004312204 1.848998194
101 -4.853610992 2.155105591 -4.018514633 3.123057975 0.125574955 2.46129872
102 2.980110168 0 0.000009537 0.038574713 -0.163808097 -0.240289671
103 1.982421875 -0.000030518 0.000038147 0 0 -0.040571652
104 0.000008583 -0.000015259 -0.000015259 -0.01786834 -0.032037725 -0.918099438
105 7.08984375 0 0.000003815 3.141592654 -0.174494795 3.141592654
106 7.528289795 8.168074608 -1.23279953 -3.13510994 0.135201293 -3.114852489
107 -54.911262512 -0.64967823 -0.176692963 1.58074886 0.213805323 0.044103171
108 -61.183189392 -0.000003815 -0.000000954 0.116924918 0.013635963 -0.157080619
109 8.588684082 0 1.514411926 0 0 0
110 4.260498047 -21.349504471 -3.218477249 0.044415226 -0.183531458 -0.24142958
111 15.606681824 0 -0.000007629 -0.0113963 0.037225256 -0.060049907
112 15.853752136 0.000003815 -0.000005722 -0.013399617 0.121101726 -0.123687205
113 15.151863098 0.000007629 0.000001907 0.002402394 0.075653793 -0.016407578
114 11.149967194 0 -0.000007629 0.08686093 0.216838243 -0.20238159
115 1.725097656 -0.142128021 11.160655975 -1.688275601 -0.813334486 0.028614776
116 15.606674194 0 0 0 0 -0.124116806
117 15.853733063 0 0 -0.015436802 -0.066957469 0.674611544
118 15.151847839 -0.000007629 -0.000001907 0.000086145 -0.00000545 0.126365453
119 11.149963379 -0.000007629 0.000003815 0 0 0.475675013
120 6.678710938 -0.142132968 -16.932605743 1.571072139 -0.142821542 3.141572924
121 -15.606689453 0 -0.00000003 0 0 0.060862707
122 -15.853744507 0.000003815 0.00000599 0 0 0.107256804
123 -15.15184021 -0.000007629 0 0 0 0.052227553
124 -11.14995575 0 0.00000602 0 0 0.280847292
125 2.507644653 15.93921566 6.722553253 -1.443195049 0.3100466 -2.96566767
126 -15.606689453 -0.000001907 0 0.011966584 0.006361005 -0.009974954
127 -15.853752136 0 0.000009537 0.014948708 -0.139396703 0.066115692
128 -15.151855469 -0.000007629 0.000007629 -0.007790283 -0.05740981 -0.077772823
129 -11.14995575 0 -0.000007629 -0.024525291 -0.059681778 -0.126131892
130 2.507614136 -17.075353622 6.722560883 -1.195008358 -0.676757939 -0.355147484
131 15.606666565 0 -0.000007629 -0.013321831 0.053604793 0.011990934
132 15.853740692 0 0.000007629 0.003454073 -0.031248947 0.149864442
133 15.151847839 0 -0.000003815 -0.006212142 -0.027442585 0.031163592
134 11.149971008 0.000007629 -0.000011444 -0.014730465 0.011299627 0.202338393
135 5.893127441 15.939211845 -12.477546692 2.941439296 0.051554164 0.235696087
136 15.606666565 0.000007629 0.000026703 0.02112643 0.007229486 -0.030569186
137 15.853744507 -0.000003815 -0.000007629 0.025086482 -0.181899564 0.028138424
138 15.151870728 0 0.000003815 -0.00493666 -0.107736398 -0.065614829
139 11.14994812 0.000007629 -0.000007629 -0.036555749 -0.276466494 -0.111079315
140 5.893157959 -17.075357437 -12.477550507 1.661153031 -0.120844225 2.927819509
141 -15.606674194 -0.000007629 0.000019073 0.018910604 0.044066404 0.0235568
142 -15.853736877 -0.000003815 -0.000011444 0.020043748 -0.04562664 0.204969582
143 -15.151832581 -0.000003815 -0.000007629 -0.005946334 -0.004032264 0.037562206
144 -11.149940491 -0.000007629 -0.000007629 0.023017252 -0.086384231 0.251976015
145 4.260482788 20.773920059 -3.218482971 0.047258924 0.185454429 -2.899389863
146 -15.606689453 0 0.000001907 -0.012660981 -0.039477347 0.037721657
147 -15.853752136 0.000007629 0 -0.004100459 -0.124028575 -0.057956779
148 -15.15184021 -0.000003815 -0.000001907 0.001861502 -0.07698616 0.043640459
149 -11.14995575 0.000007629 -0.000005722 -0.018273961 -0.019244327 0.067953425
150 7.528274536 -8.043748856 -1.232803345 0.024478565 -0.773345665 -0.016398423
151 54.911254883 0.6496768 0.176704407 1.576666093 1.165563022 0.038082437
152 61.183185577 0.000003815 -0.000000954 0.038428019 0.041047857 -0.059406778
153 -0.364086866 -2.758008003 4.994803905 0 0 0.000244115
154 -0.364086866 -2.758006096 4.994803905 0 0 0.000244115
155 -0.364086866 -2.758006096 4.994803905 0 0 0.000244115
156 -0.364086866 -2.758006096 4.994803905 0 0 0.000244115
157 -0.364086866 -2.758006096 4.994803905 0 0 0.000244115
158 -0.364086866 -2.758006096 4.994803905 0 0 0.000244115
159 -0.364086866 -2.758006096 4.994803905 0 0 0.000244115
160 -0.364086866 -2.758006096 4.994803905 0 0 0.000244115
161 -0.364086866 -2.758006096 4.994803905 0 0 0.000244115
162 -0.498048782 -4.95163393 0.510848999 0 0 0.000244115
163 -0.364086866 -2.758006096 4.994803905 0 0 0.000244115
time 27
0 -0.364086866 -2.758006096 4.994803905 0 0 0.000244115
1 -0.355919659 -7.472979069 3.381075079 0 -1.341703038 -1.570796327
2 130.809020996 -0.00000003 -0.000008583 0 0 0
3 6.662002563 -0.142129987 2.521343231 2.976524268 0.035498631 -0.036895513
4 24.360931396 0 0.000019073 -0.169375524 0.299479517 0.010479916
5 24.806396484 -0.000005722 0.765964508 0.333326855 -0.336391255 -0.145266812
6 8.120300293 -0.000001431 0 0.005014742 -0.001262092 -0.013037135
7 8.120315552 0 -0.000007629 0 -0.880742373 0
8 8.120315552 0 -0.000007629 0 -1.357954675 0
9 5.115234375 7.517080307 -23.079311371 1.59217441 -0.027575639 -0.059638679
10 -13.525100708 0 -0.000003815 0.053677721 0.027178202 -0.215668228
11 -11.953063965 -0.000009537 -0.000000268 0.032674412 -0.198388827 0.180579382
12 -8.290374756 0 0 0.060860264 -0.204311199 0.235589855
13 -7.875 0.00002861 0 0.057300503 0.120773899 0.12352653
14 -8.78578949 0.000038147 -0.000007629 0.141653632 0.306367228 -0.450987892
15 -8.903717041 0.000007629 0 0.085760231 0.152921341 0.413771689
16 5.903457642 12.714842796 -17.69317627 1.450894657 -0.037527644 -0.095819144
17 -13.525131226 0 0 0.031463025 0.058842897 -0.226443754
18 -11.953048706 -0.000015259 0 0.064809468 -0.237461189 0.144879094
19 -8.290390015 -0.000001907 0 0.059337266 -0.199444327 0.403416969
20 -7.875 0.000034332 -0.000007629 0.056973401 0.092013827 0.161847366
21 -8.78578949 0.000038147 -0.000015259 0.147578749 0.44031239 -0.329926939
22 -8.90372467 -0.000007629 0 -0.018418936 0.0951921 0.400193545
23 5.115188599 -7.603518009 -23.079315186 -1.675260392 0.097479692 -2.969988292
24 13.525115967 0 0.000003815 -0.005393697 -0.016350519 -0.155401962
25 11.953033447 0.000015259 0.000003815 0.118163118 0.176592924 0.234375049
26 8.290374756 0.000001907 0 0.169451717 0.250272912 0.186298122
27 7.875 -0.000038147 0.000003815 0.110768535 0.103564243 0.018125748
28 8.785774231 -0.000038147 -0.000007629 0.263391938 -0.365175795 -0.40376834
29 8.903709412 0.000007629 0 0.001362193 0.31676469 0.37895552
30 5.903442383 -12.801285744 -17.693191528 -1.726293402 0.178327856 -2.865136189
31 13.525115967 0.000007629 0 -0.036442339 0.008439222 -0.14462626
32 11.953048706 0.000011444 0.000007629 0.119779129 0.175047717 0.246042084
33 8.290374756 -0.000003815 0.000007629 0.185980825 0.32539002 0.346573498
34 7.875 -0.000030518 0.000002325 0.111470352 0.200847988 -0.038808686
35 8.785797119 -0.000053406 0 0.292938891 -0.16515179 -0.447957441
36 8.903717041 0 -0.000007629 -0.091811548 0.2802487 0.364945489
37 4.435424805 0.000132561 -25.179950714 3.062779791 0.457432724 3.135476124
38 14.171020508 0.000023842 1.280685425 -0.051262307 0.018764946 0.011176076
39 10.9765625 0.000022888 0.352539063 -0.009382054 -0.062270392 0.230429788
40 8.120300293 -0.000001907 -0.000015259 -0.014203479 -0.097320564 0.208823773
41 8.120285034 0.000003815 -0.000030518 -0.020410935 -0.028264971 -0.109491829
42 8.120330811 -0.000003815 -0.000015259 -0.140102868 0.498614984 -0.479667523
43 8.12033844 0.000003815 0.000061035 -0.038652756 -0.03069641 0.070027119
44 7.146972656 16.179798126 -9.19562912 1.397809155 -0.270878016 -0.082202438
45 -13.525115967 0 0 -0.012480472 -0.104271304 -0.214817743
46 -11.953033447 -0.000013351 -0.000007629 0.10403029 -0.282181471 0.098847806
47 -8.290374756 0.000003815 0.000015259 0.115031396 -0.171830228 0.455589225
48 -7.875 0.000045776 0.000007629 0.121366539 0.147102245 0.239853469
49 -8.785774231 0.000022888 -0.000007629 0.148791621 0.540597067 -0.383124059
50 -8.903717041 0 0 -0.056817581 0.160099672 0.166741975
51 7.146972656 -16.26625061 -9.195617676 -1.726819533 0.103824476 -2.82075165
52 13.525131226 -0.000007629 0.000007629 -0.101664666 -0.094752173 -0.078350501
53 11.953018188 0.000009537 0.000007629 0.123887206 0.16519245 0.26486642
54 8.290374756 0.000005722 0.000015259 0.251194601 0.37677762 0.425438304
55 7.875 -0.000053406 -0.000001907 0.176496903 0.359047902 0.011769232
56 8.78578949 -0.000038147 0.000007629 0.307853238 0.111937346 -0.526347273
57 8.903717041 0.000007629 -0.000015259 -0.187495925 0.267598736 0.318928231
58 -5.367324829 8.366909981 8.703098297 1.638045124 -0.884290891 -2.990775597
59 13.525131226 0 -0.000003815 -0.294796652 0.025796171 -0.029052018
60 -3.441864014 -10.792387962 9.376991272 1.547326545 -0.948370388 -2.844337419
61 13.525108337 0.000015259 -0.000003815 -0.37567717 0.214785581 -0.411885239
62 11.953048706 0.000015259 0 0.251351492 -0.033958423 -0.521692436
63 8.290390015 0.000011444 0 0.169621325 -0.198915995 -0.252384546
64 7.875 -0.000022888 0 0.112873635 -0.244914344 -0.108537182
65 19.39491272 -14.052387238 -0.467090607 0.03447344 -0.766823669 -2.43975291
66 26.240745544 0 -0.000015259 2.19429025 -0.788694599 -0.995346053
67 31.970989227 0.000007629 0.000030518 -1.294013037 0.23001033 -0.111600712
68 4.627254486 -2.311279297 4.185630798 -0.021512477 -0.254658869 -0.451859094
69 2.980101585 0 -0.000003815 -0.040823197 0.14004721 0.242069561
70 1.982421875 0.000030518 0.000026703 0.001822187 0.301463179 0.041313792
71 10.844875336 -1.281555176 -1.331680298 0.003154845 -0.01855101 -1.502721343
72 3.98828125 -0.000015259 0.000030518 0.024656551 0.116612118 -1.30426207
73 2.26953125 0 -0.000011444 0.010246566 0.020303916 -1.235445909
74 10.908855438 -1.23739624 0.829589844 0.008182385 -0.019760774 -1.502678948
75 3.989425659 0.000007629 0.000041962 0.003562594 0.093803498 -1.240572344
76 3.478286743 -0.000015259 -0.000015259 0.01062322 -0.039586617 -1.338501469
77 10.29189682 -1.202133179 -3.344146729 0.018038834 -0.023865117 -1.537453755
78 2.757156372 -0.000007629 0.000019073 -0.00454994 -0.095548155 -1.291608045
79 1.775390625 0 -0.000011444 0.198076059 0.357239486 -1.30316968
80 10.971858978 -1.19392395 2.957344055 -0.012167132 -0.015944087 -1.622309173
81 3.82421875 -0.000011444 0.000034332 -0.000576872 0.002168828 -1.309510829
82 2.94140625 -0.000015259 -0.000007629 0.003967107 0.006944486 -1.466881704
83 -0.000011921 0 0 0.398893261 0.159072221 -0.629548
84 19.394897461 13.160597801 -0.467075348 -2.636553164 -0.383575355 -1.132692138
85 -26.240745544 0.000015259 0.000007629 0.254949822 -0.288550807 0.533525454
86 -31.970993042 0.000015259 0.000007629 -0.637344849 -0.187822045 -0.170631032
87 -11.614608765 3.933105469 0.069387436 -1.578444876 1.529198549 -2.544968004
88 -10.484524727 1.069198608 3.539874077 -3.131584703 0.028220486 2.411526648
89 2.757156372 0 0.000021935 -0.011712134 0.035128624 1.019560794
90 1.775390625 0 -0.000026703 -0.261071927 -0.262843666 1.059935836
91 -11.046480179 1.142410278 1.529695511 -3.130487012 0.018259081 2.114134707
92 3.98828125 0.000015259 0.000035286 0.004872241 -0.009924216 1.610032301
93 2.26953125 -0.000015259 -0.000001907 -0.076539319 -0.095407065 1.438172442
94 -11.192631721 1.041534424 -2.758425713 -3.116629264 0.004012045 2.226905852
95 3.82421875 0.000038147 0.000049591 0.00053161 0.002187187 1.610324685
96 8.78578186 -0.000038147 0.000007153 0.08229373 0.071373082 -0.580233542
97 2.94140625 0.000030518 -0.000013351 -0.004550553 0.006091757 1.767588569
98 -11.120119095 1.091552734 -0.63111496 -3.132136147 0.020772815 2.221577138
99 3.989440918 0 0.000050545 0.021444626 0.041947477 1.751021405
100 3.478302002 0 -0.000009537 -0.001306817 0.004312204 1.848998194
101 -4.853610992 2.155105591 -4.018514633 3.123057975 0.125574955 2.46129872
102 2.980110168 0 0.000009537 0.038574713 -0.163808097 -0.240289671
103 1.982421875 -0.000030518 0.000038147 0 0 -0.040571652
104 0.000008583 -0.000015259 -0.000015259 -0.01786834 -0.032037725 -0.918099438
105 7.08984375 0 0.000003815 3.141592654 -0.174494795 3.141592654
106 7.528289795 8.168074608 -1.23279953 -3.13686125 0.11706576 -3.118401652
107 -54.911262512 -0.64967823 -0.176692963 1.582081165 0.263011433 0.051614022
108 -61.183189392 -0.000003815 -0.000000954 0.086069983 0.013615091 -0.216441036
109 8.588684082 0 1.514411926 0 0 0
110 4.260498047 -21.349504471 -3.218477249 0.043249187 -0.179218426 -0.241178408
111 15.606681824 0 -0.000007629 -0.00891012 0.019880282 -0.053700866
112 15.853752136 0.000003815 -0.000005722 -0.013950881 0.109025989 -0.12376679
113 15.151863098 0.000007629 0.000001907 0.000391299 0.107442877 -0.024874742
114 11.149967194 0 -0.000007629 0.095085562 0.212106775 -0.193047779
115 1.725097656 -0.142128021 11.160655975 -1.751593353 -0.953852302 0.044056904
116 15.606674194 0 0 0 0 -0.150246121
117 15.853733063 0 0 -0.01844151 -0.069930807 0.72599822
118 15.151847839 -0.000007629 -0.000001907 0.000086145 -0.00000545 0.126365453
119 11.149963379 -0.000007629 0.000003815 0 0 0.475675013
120 6.678710938 -0.142132968 -16.932605743 1.571032997 -0.146738056 3.141575258
121 -15.606689453 0 -0.00000003 0 0 0.035737017
122 -15.853744507 0.000003815 0.00000599 0 0 0.096193924
123 -15.15184021 -0.000007629 0 0 0 0.093083071
124 -11.14995575 0 0.00000602 0 0 0.267515712
125 2.507644653 15.93921566 6.722553253 -1.544548762 0.317638964 -2.998370796
126 -15.606689453 -0.000001907 0 0.012069998 0.02129253 -0.009539729
127 -15.853752136 0 0.000009537 0.014645766 -0.135428876 0.068667265
128 -15.151855469 -0.000007629 0.000007629 -0.006637785 -0.084984671 -0.069539279
129 -11.14995575 0 -0.000007629 -0.020306522 -0.053171822 -0.117744413
130 2.507614136 -17.075353622 6.722560883 -1.138778495 -0.802734149 -0.42692428
131 15.606666565 0 -0.000007629 -0.009145524 0.044685048 0.011883192
132 15.853740692 0 0.000007629 0.004222195 -0.027276416 0.134278707
133 15.151847839 0 -0.000003815 -0.006680442 -0.01402032 0.04156942
134 11.149971008 0.000007629 -0.000011444 -0.010823544 0.008244148 0.192744599
135 5.893127441 15.939211845 -12.477546692 2.942287262 0.05511329 0.235625401
136 15.606666565 0.000007629 0.000026703 0.01931162 0.027566022 -0.020712121
137 15.853744507 -0.000003815 -0.000007629 0.024019229 -0.168614535 0.027425573
138 15.151870728 0 0.000003815 -0.002237701 -0.141350732 -0.077221239
139 11.14994812 0.000007629 -0.000007629 -0.039557592 -0.265145826 -0.102167132
140 5.893157959 -17.075357437 -12.477550507 1.661931929 -0.124458045 2.927826246
141 -15.606674194 -0.000007629 0.000019073 0.016477895 0.045758142 -0.000572706
142 -15.853736877 -0.000003815 -0.000011444 0.020968131 -0.047033408 0.192182126
143 -15.151832581 -0.000003815 -0.000007629 -0.005272312 -0.004547152 0.077285184
144 -11.149940491 -0.000007629 -0.000007629 0.017665778 -0.08418048 0.242717725
145 4.260482788 20.773920059 -3.218482971 0.046363666 0.181284331 -2.899706239
146 -15.606689453 0 0.000001907 -0.010362042 -0.021849534 0.03179509
147 -15.853752136 0.000007629 0 -0.003775847 -0.112155889 -0.054433002
148 -15.15184021 -0.000003815 -0.000001907 0.000139623 -0.109454962 0.049531076
149 -11.14995575 0.000007629 -0.000005722 -0.010833681 -0.011381178 0.067317147
150 7.528274536 -8.043748856 -1.232803345 0.027885825 -0.86593973 -0.018976382
151 54.911254883 0.6496768 0.176704407 1.582891715 1.110726727 0.045865686
152 61.183185577 0.000003815 -0.000000954 0.042648117 0.04464756 0.138369628
153 -0.364086866 -2.758008003 4.994803905 0 0 0.000244115
154 -0.364086866 -2.758006096 4.994803905 0 0 0.000244115
155 -0.364086866 -2.758006096 4.994803905 0 0 0.000244115
156 -0.364086866 -2.758006096 4.994803905 0 0 0.000244115
157 -0.364086866 -2.758006096 4.994803905 0 0 0.000244115
158 -0.364086866 -2.758006096 4.994803905 0 0 0.000244115
159 -0.364086866 -2.758006096 4.994803905 0 0 0.000244115
160 -0.364086866 -2.758006096 4.994803905 0 0 0.000244115
161 -0.364086866 -2.758006096 4.994803905 0 0 0.000244115
162 -0.498048782 -4.95163393 0.510848999 0 0 0.000244115
163 -0.364086866 -2.758006096 4.994803905 0 0 0.000244115
time 28
0 -0.364086866 -2.758006096 4.994803905 0 0 0.000244115
1 -0.355919659 -7.472979069 6.290621887 0 -1.330487757 -1.570796327
2 130.809020996 -0.00000003 -0.000008583 0 0 0
3 6.662002563 -0.142129987 2.521343231 2.972126785 0.034581905 -0.045827833
4 24.360931396 0 0.000019073 -0.200492634 0.319957656 0.000405176
5 24.806396484 -0.000005722 0.765964508 0.333310889 -0.356494549 -0.149786751
6 8.120300293 -0.000001431 0 0.048676978 0.001274532 -0.020432463
7 8.120315552 0 -0.000007629 0 -0.880742373 0
8 8.120315552 0 -0.000007629 0 -1.357954675 0
9 5.115234375 7.517080307 -23.079311371 1.577373029 -0.034604599 -0.040589152
10 -13.525100708 0 -0.000003815 0.057459848 0.035561242 -0.246094864
11 -11.953063965 -0.000009537 -0.000000268 0.042405563 -0.196315717 0.122568534
12 -8.290374756 0 0 0.068821282 -0.224070635 0.237263371
13 -7.875 0.00002861 0 0.058314082 0.067717214 0.215189788
14 -8.78578949 0.000038147 -0.000007629 0.15938776 0.274290074 -0.32282335
15 -8.903717041 0.000007629 0 0.078323498 0.129809154 0.378008104
16 5.903457642 12.714842796 -17.69317627 1.435820151 -0.049113473 -0.079803447
17 -13.525131226 0 0 0.03382622 0.072701034 -0.256306868
18 -11.953048706 -0.000015259 0 0.077055407 -0.22277323 0.08223846
19 -8.290390015 -0.000001907 0 0.060674949 -0.218638136 0.392567001
20 -7.875 0.000034332 -0.000007629 0.051742699 0.032543929 0.243930927
21 -8.78578949 0.000038147 -0.000015259 0.177872123 0.39001341 -0.192783336
22 -8.90372467 -0.000007629 0 -0.024118893 0.076916395 0.36198464
23 5.115188599 -7.603518009 -23.079315186 -1.662216528 0.088214276 -2.957843116
24 13.525115967 0 0.000003815 -0.00743655 -0.022706122 -0.1843901
25 11.953033447 0.000015259 0.000003815 0.109596153 0.161420597 0.190297087
26 8.290374756 0.000001907 0 0.163223175 0.258273881 0.20374764
27 7.875 -0.000038147 0.000003815 0.115144984 0.186170488 0.100317622
28 8.785774231 -0.000038147 -0.000007629 0.23753561 -0.269236407 -0.31649563
29 8.903709412 0.000007629 0 -0.004793091 0.313125172 0.335335821
30 5.903442383 -12.801285744 -17.693191528 -1.714832312 0.161877033 -2.859639878
31 13.525115967 0.000007629 0 -0.037703999 0.001148121 -0.173074362
32 11.953048706 0.000011444 0.000007629 0.109560433 0.151968961 0.207820087
33 8.290374756 -0.000003815 0.000007629 0.18033303 0.321664876 0.362286075
34 7.875 -0.000030518 0.000002325 0.115864642 0.271486037 0.049090798
35 8.785797119 -0.000053406 0 0.275677351 -0.068841704 -0.35551773
36 8.903717041 0 -0.000007629 -0.081622134 0.280502678 0.326755374
37 4.435424805 0.000132561 -25.179950714 3.083757177 0.441915468 -3.120954796
38 14.171020508 0.000023842 1.280685425 -0.050773332 0.049053516 0.003590933
39 10.9765625 0.000022888 0.352539063 -0.013289404 -0.058701419 0.226693304
40 8.120300293 -0.000001907 -0.000015259 -0.0262332 -0.134602143 0.236865064
41 8.120285034 0.000003815 -0.000030518 -0.02156625 -0.072161567 -0.029541345
42 8.120330811 -0.000003815 -0.000015259 -0.103497425 0.466034742 -0.428282313
43 8.12033844 0.000003815 0.000061035 -0.038652756 -0.03069641 0.070027119
44 7.146972656 16.179798126 -9.19562912 1.397809155 -0.270878016 -0.082202438
45 -13.525115967 0 0 -0.011529111 -0.084605455 -0.246713588
46 -11.953033447 -0.000013351 -0.000007629 0.119245254 -0.256705383 0.03097857
47 -8.290374756 0.000003815 0.000015259 0.111919977 -0.194074877 0.443266713
48 -7.875 0.000045776 0.000007629 0.112381739 0.0892686 0.321519432
49 -8.785774231 0.000022888 -0.000007629 0.187212675 0.502968575 -0.240829605
50 -8.903717041 0 0 -0.059778116 0.140895568 0.129804384
51 7.146972656 -16.26625061 -9.195617676 -1.717643498 0.087728029 -2.823053084
52 13.525131226 -0.000007629 0.000007629 -0.099853069 -0.099985607 -0.108677833
53 11.953018188 0.000009537 0.000007629 0.111908779 0.138712217 0.221022196
54 8.290374756 0.000005722 0.000015259 0.238209612 0.357923192 0.437910282
55 7.875 -0.000053406 -0.000001907 0.186940603 0.408578731 0.106303272
56 8.78578949 -0.000038147 0.000007629 0.304517782 0.206084108 -0.435465237
57 8.903717041 0.000007629 -0.000015259 -0.168236986 0.269745484 0.28682827
58 -5.367324829 8.366909981 8.703098297 1.664698194 -0.87011493 -3.019964275
59 13.525131226 0 -0.000003815 -0.294796652 0.025796171 -0.029052018
60 -3.441864014 -10.792387962 9.376991272 1.579893781 -0.941351067 -2.881449875
61 13.525108337 0.000015259 -0.000003815 -0.383024329 0.223385894 -0.381306162
62 11.953048706 0.000015259 0 0.241561326 -0.019354905 -0.456133691
63 8.290390015 0.000011444 0 0.163320003 -0.175693332 -0.251267553
64 7.875 -0.000022888 0 0.12091 -0.272400121 -0.186817336
65 19.39491272 -14.052387238 -0.467090607 0.065573955 -0.79201477 -2.455645814
66 26.240745544 0 -0.000015259 2.320538357 -0.856764466 -1.086772744
67 31.970989227 0.000007629 0.000030518 -1.252944528 0.174878096 -0.086685522
68 4.627254486 -2.311279297 4.185630798 -0.021512477 -0.254658869 -0.451859094
69 2.980101585 0 -0.000003815 -0.040823197 0.14004721 0.242069561
70 1.982421875 0.000030518 0.000026703 0.001822187 0.301463179 0.041313792
71 10.844875336 -1.281555176 -1.331680298 0.003154845 -0.01855101 -1.502721343
72 3.98828125 -0.000015259 0.000030518 0.024656551 0.116612118 -1.30426207
73 2.26953125 0 -0.000011444 0.010246566 0.020303916 -1.235445909
74 10.908855438 -1.23739624 0.829589844 0.008182385 -0.019760774 -1.502678948
75 3.989425659 0.000007629 0.000041962 0.003562594 0.093803498 -1.240572344
76 3.478286743 -0.000015259 -0.000015259 0.01062322 -0.039586617 -1.338501469
77 10.29189682 -1.202133179 -3.344146729 0.018038834 -0.023865117 -1.537453755
78 2.757156372 -0.000007629 0.000019073 -0.00454994 -0.095548155 -1.291608045
79 1.775390625 0 -0.000011444 0.198076059 0.357239486 -1.30316968
80 10.971858978 -1.19392395 2.957344055 -0.012167132 -0.015944087 -1.622309173
81 3.82421875 -0.000011444 0.000034332 -0.000576872 0.002168828 -1.309510829
82 2.94140625 -0.000015259 -0.000007629 0.003967107 0.006944486 -1.466881704
83 -0.000011921 0 0 0.398893261 0.159072221 -0.629548
84 19.394897461 13.160597801 -0.467075348 -2.627131727 -0.377704679 -1.13921673
85 -26.240745544 0.000015259 0.000007629 0.257150371 -0.269431029 0.523142046
86 -31.970993042 0.000015259 0.000007629 -0.618544708 -0.201420688 -0.152247711
87 -11.614608765 3.933105469 0.069387436 -1.578444876 1.529198549 -2.544968004
88 -10.484524727 1.069198608 3.539874077 -3.131584703 0.028220486 2.411526648
89 2.757156372 0 0.000021935 -0.011712134 0.035128624 1.019560794
90 1.775390625 0 -0.000026703 -0.261071927 -0.262843666 1.059935836
91 -11.046480179 1.142410278 1.529695511 -3.130487012 0.018259081 2.114134707
92 3.98828125 0.000015259 0.000035286 0.004872241 -0.009924216 1.610032301
93 2.26953125 -0.000015259 -0.000001907 -0.076539319 -0.095407065 1.438172442
94 -11.192631721 1.041534424 -2.758425713 -3.116629264 0.004012045 2.226905852
95 3.82421875 0.000038147 0.000049591 0.00053161 0.002187187 1.610324685
96 8.78578186 -0.000038147 0.000007153 0.08229373 0.071373082 -0.580233542
97 2.94140625 0.000030518 -0.000013351 -0.004550553 0.006091757 1.767588569
98 -11.120119095 1.091552734 -0.63111496 -3.132136147 0.020772815 2.221577138
99 3.989440918 0 0.000050545 0.021444626 0.041947477 1.751021405
100 3.478302002 0 -0.000009537 -0.001306817 0.004312204 1.848998194
101 -4.853610992 2.155105591 -4.018514633 3.123057975 0.125574955 2.46129872
102 2.980110168 0 0.000009537 0.038574713 -0.163808097 -0.240289671
103 1.982421875 -0.000030518 0.000038147 0 0 -0.040571652
104 0.000008583 -0.000015259 -0.000015259 -0.01786834 -0.032037725 -0.918099438
105 7.08984375 0 0.000003815 3.141592654 -0.174494795 3.141592654
106 7.528289795 8.168074608 -1.23279953 -3.13836866 0.106365657 -3.121626161
107 -54.911262512 -0.64967823 -0.176692963 1.582848342 0.308196989 0.058397462
108 -61.183189392 -0.000003815 -0.000000954 0.057757834 0.013620666 -0.264888298
109 8.588684082 0 1.514411926 0 0 0
110 4.260498047 -21.349504471 -3.218477249 0.042294718 -0.175230949 -0.24087571
111 15.606681824 0 -0.000007629 -0.006963198 0.00596427 -0.047672618
112 15.853752136 0.000003815 -0.000005722 -0.013859627 0.093711486 -0.121876048
113 15.151863098 0.000007629 0.000001907 -0.001444565 0.127223635 -0.032181812
114 11.149967194 0 -0.000007629 0.10293101 0.208495098 -0.185150233
115 1.725097656 -0.142128021 11.160655975 -1.809657144 -1.082765204 0.05818658
116 15.606674194 0 0 0 0 -0.176401107
117 15.853733063 0 0 -0.020779436 -0.072336092 0.766119766
118 15.151847839 -0.000007629 -0.000001907 0.000086145 -0.00000545 0.126365453
119 11.149963379 -0.000007629 0.000003815 0 0 0.475675013
120 6.678710938 -0.142132968 -16.932605743 1.571043752 -0.151512058 3.141573874
121 -15.606689453 0 -0.00000003 0 0 0.015105577
122 -15.853744507 0.000003815 0.00000599 0 0 0.079864215
123 -15.15184021 -0.000007629 0 0 0 0.120917087
124 -11.14995575 0 0.00000602 0 0 0.254457146
125 2.507644653 15.93921566 6.722553253 -1.633059393 0.324654295 -3.025602723
126 -15.606689453 -0.000001907 0 0.012726597 0.03423486 -0.00798361
127 -15.853752136 0 0.000009537 0.014522656 -0.127567359 0.0707055
128 -15.151855469 -0.000007629 0.000007629 -0.005732212 -0.105323942 -0.061856007
129 -11.14995575 0 -0.000007629 -0.01650556 -0.046828828 -0.111140508
130 2.507614136 -17.075353622 6.722560883 -1.090900992 -0.91046647 -0.489406347
131 15.606666565 0 -0.000007629 -0.004868089 0.03628608 0.012429775
132 15.853740692 0 0.000007629 0.005087983 -0.026076342 0.120342542
133 15.151847839 0 -0.000003815 -0.006849004 -0.001320478 0.042993829
134 11.149971008 0.000007629 -0.000011444 -0.007771494 0.005923849 0.185394102
135 5.893127441 15.939211845 -12.477546692 2.943467491 0.060035196 0.235608509
136 15.606666565 0.000007629 0.000026703 0.017522703 0.043701453 -0.012050183
137 15.853744507 -0.000003815 -0.000007629 0.022808745 -0.151297322 0.029177866
138 15.151870728 0 0.000003815 0.000135254 -0.162255263 -0.086899715
139 11.14994812 0.000007629 -0.000007629 -0.041851162 -0.253263624 -0.093405671
140 5.893157959 -17.075357437 -12.477550507 1.66288507 -0.129346978 2.927811445
141 -15.606674194 -0.000007629 0.000019073 0.014366139 0.047628762 -0.020380606
142 -15.853736877 -0.000003815 -0.000011444 0.021834591 -0.047664409 0.174381143
143 -15.151832581 -0.000003815 -0.000007629 -0.004537586 -0.00581442 0.103899643
144 -11.149940491 -0.000007629 -0.000007629 0.012669587 -0.081835122 0.235530197
145 4.260482788 20.773920059 -3.218482971 0.045123935 0.177156507 -2.9000478
146 -15.606689453 0 0.000001907 -0.008123524 -0.007230576 0.026357128
147 -15.853752136 0.000007629 0 -0.003407028 -0.096922522 -0.052728941
148 -15.15184021 -0.000003815 -0.000001907 -0.001448679 -0.129835169 0.05554712
149 -11.14995575 0.000007629 -0.000005722 -0.005012069 -0.00527409 0.066576156
150 7.528274536 -8.043748856 -1.232803345 0.030590229 -0.939793056 -0.021344787
151 54.911254883 0.6496768 0.176704407 1.589361884 1.047730261 0.053868989
152 61.183185577 0.000003815 -0.000000954 0.048696358 0.048647107 0.319934519
153 -0.364086866 -2.758008003 4.994803905 0 0 0.000244115
154 -0.364086866 -2.758006096 4.994803905 0 0 0.000244115
155 -0.364086866 -2.758006096 4.994803905 0 0 0.000244115
156 -0.364086866 -2.758006096 4.994803905 0 0 0.000244115
157 -0.364086866 -2.758006096 4.994803905 0 0 0.000244115
158 -0.364086866 -2.758006096 4.994803905 0 0 0.000244115
159 -0.364086866 -2.758006096 4.994803905 0 0 0.000244115
160 -0.364086866 -2.758006096 4.994803905 0 0 0.000244115
161 -0.364086866 -2.758006096 4.994803905 0 0 0.000244115
162 -0.498048782 -4.95163393 0.510848999 0 0 0.000244115
163 -0.364086866 -2.758006096 4.994803905 0 0 0.000244115
time 29
0 -0.364086866 -2.758006096 4.994803905 0 0 0.000244115
1 -0.355919659 -7.472979069 8.528736862 0 -1.321835333 -1.570796327
2 130.809020996 -0.00000003 -0.000008583 0 0 0
3 6.662002563 -0.142129987 2.521343231 2.96920885 0.033976963 -0.054152303
4 24.360931396 0 0.000019073 -0.220844842 0.33336844 -0.00886213
5 24.806396484 -0.000005722 0.765964508 0.333402265 -0.369546038 -0.152710597
6 8.120300293 -0.000001431 0 0.08414283 0.003691169 -0.026108948
7 8.120315552 0 -0.000007629 0 -0.880742373 0
8 8.120315552 0 -0.000007629 0 -1.357954675 0
9 5.115234375 7.517080307 -23.079311371 1.55751983 -0.051967851 -0.02096428
10 -13.525100708 0 -0.000003815 0.059379788 0.049055804 -0.270791208
11 -11.953063965 -0.000009537 -0.000000268 0.05218438 -0.191529807 0.059187088
12 -8.290374756 0 0 0.079077765 -0.241299607 0.216521121
13 -7.875 0.00002861 0 0.056610601 0.019789278 0.288339184
14 -8.78578949 0.000038147 -0.000007629 0.175074796 0.228743621 -0.183221893
15 -8.903717041 0.000007629 0 0.07316883 0.11017265 0.347593627
16 5.903457642 12.714842796 -17.69317627 1.416517463 -0.071903883 -0.063980168
17 -13.525131226 0 0 0.034202832 0.090166536 -0.278672959
18 -11.953048706 -0.000015259 0 0.088098415 -0.203166017 0.014463268
19 -8.290390015 -0.000001907 0 0.065007449 -0.232247408 0.35823827
20 -7.875 0.000034332 -0.000007629 0.044073982 -0.021688573 0.307688559
21 -8.78578949 0.000038147 -0.000015259 0.199304576 0.324330874 -0.052037693
22 -8.90372467 -0.000007629 0 -0.028002253 0.061031871 0.330138029
23 5.115188599 -7.603518009 -23.079315186 -1.644771336 0.086528592 -2.944062305
24 13.525115967 0 0.000003815 -0.007911624 -0.031744238 -0.211775024
25 11.953033447 0.000015259 0.000003815 0.102073119 0.147653217 0.141726835
26 8.290374756 0.000001907 0 0.154375199 0.259078993 0.202513326
27 7.875 -0.000038147 0.000003815 0.120517605 0.251390315 0.170807948
28 8.785774231 -0.000038147 -0.000007629 0.215475881 -0.160403615 -0.220846025
29 8.903709412 0.000007629 0 -0.012236201 0.310646333 0.297659247
30 5.903442383 -12.801285744 -17.693191528 -1.699057053 0.152142703 -2.852786745
31 13.525115967 0.000007629 0 -0.037209539 -0.006976622 -0.201712081
32 11.953048706 0.000011444 0.000007629 0.101245697 0.131368975 0.164726818
33 8.290374756 -0.000003815 0.000007629 0.170576882 0.311041986 0.362716521
34 7.875 -0.000030518 0.000002325 0.120344233 0.324009338 0.124704499
35 8.785797119 -0.000053406 0 0.261780136 0.032739575 -0.254670986
36 8.903717041 0 -0.000007629 -0.074566019 0.281112864 0.293321158
37 4.435424805 0.000132561 -25.179950714 3.1086408 0.435676 -3.09149638
38 14.171020508 0.000023842 1.280685425 -0.050506389 0.080159425 -0.009889509
39 10.9765625 0.000022888 0.352539063 -0.014604602 -0.040942112 0.22029771
40 8.120300293 -0.000001907 -0.000015259 -0.038484529 -0.162596818 0.259710924
41 8.120285034 0.000003815 -0.000030518 -0.026533357 -0.122684136 0.046087822
42 8.120330811 -0.000003815 -0.000015259 -0.062261204 0.416167029 -0.352012546
43 8.12033844 0.000003815 0.000061035 -0.038652756 -0.03069641 0.070027119
44 7.146972656 16.179798126 -9.19562912 1.397809155 -0.270878016 -0.082202438
45 -13.525115967 0 0 -0.015109352 -0.062770911 -0.269360328
46 -11.953033447 -0.000013351 -0.000007629 0.131202398 -0.22324243 -0.041275705
47 -8.290374756 0.000003815 0.000015259 0.112085588 -0.208342681 0.404761832
48 -7.875 0.000045776 0.000007629 0.098486104 0.03425542 0.386530002
49 -8.785774231 0.000022888 -0.000007629 0.216199677 0.447787472 -0.091976819
50 -8.903717041 0 0 -0.061803454 0.125894989 0.100851426
51 7.146972656 -16.26625061 -9.195617676 -1.704181227 0.077085248 -2.825756759
52 13.525131226 -0.000007629 0.000007629 -0.09671676 -0.105241664 -0.138417465
53 11.953018188 0.000009537 0.000007629 0.102484571 0.115993674 0.17367542
54 8.290374756 0.000005722 0.000015259 0.220781257 0.334305051 0.434500885
55 7.875 -0.000053406 -0.000001907 0.194003123 0.440028495 0.187569956
56 8.78578949 -0.000038147 0.000007629 0.302153956 0.297242009 -0.335721225
57 8.903717041 0.000007629 -0.000015259 -0.154865312 0.271165883 0.258109357
58 -5.367324829 8.366909981 8.703098297 1.702106007 -0.844936095 -3.05664266
59 13.525131226 0 -0.000003815 -0.294796652 0.025796171 -0.029052018
60 -3.441864014 -10.792387962 9.376991272 1.624604205 -0.930118531 -2.927438339
61 13.525108337 0.000015259 -0.000003815 -0.391314853 0.22654438 -0.35909937
62 11.953048706 0.000015259 0 0.231761307 -0.007997317 -0.391239375
63 8.290390015 0.000011444 0 0.154494839 -0.145621297 -0.228640653
64 7.875 -0.000022888 0 0.126911756 -0.286709228 -0.251749807
65 19.39491272 -14.052387238 -0.467090607 0.083684542 -0.80473405 -2.463049794
66 26.240745544 0 -0.000015259 2.404221802 -0.913208091 -1.14738732
67 31.970989227 0.000007629 0.000030518 -1.221866978 0.136762697 -0.065149447
68 4.627254486 -2.311279297 4.185630798 -0.021512477 -0.254658869 -0.451859094
69 2.980101585 0 -0.000003815 -0.040823197 0.14004721 0.242069561
70 1.982421875 0.000030518 0.000026703 0.001822187 0.301463179 0.041313792
71 10.844875336 -1.281555176 -1.331680298 0.003154845 -0.01855101 -1.502721343
72 3.98828125 -0.000015259 0.000030518 0.024656551 0.116612118 -1.30426207
73 2.26953125 0 -0.000011444 0.010246566 0.020303916 -1.235445909
74 10.908855438 -1.23739624 0.829589844 0.008182385 -0.019760774 -1.502678948
75 3.989425659 0.000007629 0.000041962 0.003562594 0.093803498 -1.240572344
76 3.478286743 -0.000015259 -0.000015259 0.01062322 -0.039586617 -1.338501469
77 10.29189682 -1.202133179 -3.344146729 0.018038834 -0.023865117 -1.537453755
78 2.757156372 -0.000007629 0.000019073 -0.00454994 -0.095548155 -1.291608045
79 1.775390625 0 -0.000011444 0.198076059 0.357239486 -1.30316968
80 10.971858978 -1.19392395 2.957344055 -0.012167132 -0.015944087 -1.622309173
81 3.82421875 -0.000011444 0.000034332 -0.000576872 0.002168828 -1.309510829
82 2.94140625 -0.000015259 -0.000007629 0.003967107 0.006944486 -1.466881704
83 -0.000011921 0 0 0.398893261 0.159072221 -0.629548
84 19.394897461 13.160597801 -0.467075348 -2.617086346 -0.371510544 -1.143326111
85 -26.240745544 0.000015259 0.000007629 0.259619873 -0.257082045 0.516407543
86 -31.970993042 0.000015259 0.000007629 -0.606639372 -0.210042303 -0.135721586
87 -11.614608765 3.933105469 0.069387436 -1.578444876 1.529198549 -2.544968004
88 -10.484524727 1.069198608 3.539874077 -3.131584703 0.028220486 2.411526648
89 2.757156372 0 0.000021935 -0.011712134 0.035128624 1.019560794
90 1.775390625 0 -0.000026703 -0.261071927 -0.262843666 1.059935836
91 -11.046480179 1.142410278 1.529695511 -3.130487012 0.018259081 2.114134707
92 3.98828125 0.000015259 0.000035286 0.004872241 -0.009924216 1.610032301
93 2.26953125 -0.000015259 -0.000001907 -0.076539319 -0.095407065 1.438172442
94 -11.192631721 1.041534424 -2.758425713 -3.116629264 0.004012045 2.226905852
95 3.82421875 0.000038147 0.000049591 0.00053161 0.002187187 1.610324685
96 8.78578186 -0.000038147 0.000007153 0.08229373 0.071373082 -0.580233542
97 2.94140625 0.000030518 -0.000013351 -0.004550553 0.006091757 1.767588569
98 -11.120119095 1.091552734 -0.63111496 -3.132136147 0.020772815 2.221577138
99 3.989440918 0 0.000050545 0.021444626 0.041947477 1.751021405
100 3.478302002 0 -0.000009537 -0.001306817 0.004312204 1.848998194
101 -4.853610992 2.155105591 -4.018514633 3.123057975 0.125574955 2.46129872
102 2.980110168 0 0.000009537 0.038574713 -0.163808097 -0.240289671
103 1.982421875 -0.000030518 0.000038147 0 0 -0.040571652
104 0.000008583 -0.000015259 -0.000015259 -0.01786834 -0.032037725 -0.918099438
105 7.08984375 0 0.000003815 3.141592654 -0.174494795 3.141592654
106 7.528289795 8.168074608 -1.23279953 -3.139490814 0.10145121 -3.124027275
107 -54.911262512 -0.64967823 -0.176692963 1.583132 0.34116553 0.063450402
108 -61.183189392 -0.000003815 -0.000000954 0.037055658 0.013673606 -0.297574656
109 8.588684082 0 1.514411926 0 0 0
110 4.260498047 -21.349504471 -3.218477249 0.041610179 -0.171909055 -0.240709791
111 15.606681824 0 -0.000007629 -0.00561006 -0.004176204 -0.042200564
112 15.853752136 0.000003815 -0.000005722 -0.013314417 0.077140093 -0.11840833
113 15.151863098 0.000007629 0.000001907 -0.002818076 0.136284619 -0.037483583
114 11.149967194 0 -0.000007629 0.109949986 0.206082836 -0.17897164
115 1.725097656 -0.142128021 11.160655975 -1.852308124 -1.177092761 0.068686184
116 15.606674194 0 0 0 0 -0.202239365
117 15.853733063 0 0 -0.022264856 -0.073798982 0.79226641
118 15.151847839 -0.000007629 -0.000001907 0.000086145 -0.00000545 0.126365453
119 11.149963379 -0.000007629 0.000003815 0 0 0.475675013
120 6.678710938 -0.142132968 -16.932605743 1.571108063 -0.157021622 3.141568129
121 -15.606689453 0 -0.00000003 0 0 -0.000172637
122 -15.853744507 0.000003815 0.00000599 0 0 0.060517236
123 -15.15184021 -0.000007629 0 0 0 0.135880745
124 -11.14995575 0 0.00000602 0 0 0.241931194
125 2.507644653 15.93921566 6.722553253 -1.694835908 0.329706805 -3.043970363
126 -15.606689453 -0.000001907 0 0.014053045 0.044577946 -0.004780798
127 -15.853752136 0 0.000009537 0.014686175 -0.117293256 0.072565293
128 -15.151855469 -0.000007629 0.000007629 -0.005118143 -0.117991564 -0.055389932
129 -11.14995575 0 -0.000007629 -0.013205057 -0.040818493 -0.106925491
130 2.507614136 -17.075353622 6.722560883 -1.057386839 -0.985569409 -0.533653833
131 15.606666565 0 -0.000007629 -0.000342739 0.029006042 0.012080711
132 15.853740692 0 0.000007629 0.00601907 -0.027559221 0.10891356
133 15.151847839 0 -0.000003815 -0.007074251 0.009201738 0.038640406
134 11.149971008 0.000007629 -0.000011444 -0.005839156 0.004428989 0.180635811
135 5.893127441 15.939211845 -12.477546692 2.944912663 0.06650124 0.235632965
136 15.606666565 0.000007629 0.000026703 0.015750175 0.055291045 -0.005004666
137 15.853744507 -0.000003815 -0.000007629 0.021605407 -0.13236999 0.033001059
138 15.151870728 0 0.000003815 0.001815594 -0.171392839 -0.093755615
139 11.14994812 0.000007629 -0.000007629 -0.043336038 -0.240827378 -0.084883295
140 5.893157959 -17.075357437 -12.477550507 1.664254871 -0.135795688 2.927799516
141 -15.606674194 -0.000007629 0.000019073 0.012778958 0.049437715 -0.035000945
142 -15.853736877 -0.000003815 -0.000011444 0.02264369 -0.047724492 0.154001428
143 -15.151832581 -0.000003815 -0.000007629 -0.003887576 -0.007293956 0.117473464
144 -11.149940491 -0.000007629 -0.000007629 0.008092718 -0.079425125 0.230842243
145 4.260482788 20.773920059 -3.218482971 0.043464494 0.173167176 -2.900416021
146 -15.606689453 0 0.000001907 -0.005825289 0.004120223 0.021654063
147 -15.853752136 0.000007629 0 -0.002982948 -0.080143613 -0.052754916
148 -15.15184021 -0.000003815 -0.000001907 -0.002877004 -0.139578587 0.060952737
149 -11.14995575 0.000007629 -0.000005722 -0.001253199 -0.001340578 0.065786089
150 7.528274536 -8.043748856 -1.232803345 0.032390317 -0.988688387 -0.023342774
151 54.911254883 0.6496768 0.176704407 1.594153389 0.984251501 0.059829411
152 61.183185577 0.000003815 -0.000000954 0.057540325 0.053214981 0.452727018
153 -0.364086866 -2.758008003 4.994803905 0 0 0.000244115
154 -0.364086866 -2.758006096 4.994803905 0 0 0.000244115
155 -0.364086866 -2.758006096 4.994803905 0 0 0.000244115
156 -0.364086866 -2.758006096 4.994803905 0 0 0.000244115
157 -0.364086866 -2.758006096 4.994803905 0 0 0.000244115
158 -0.364086866 -2.758006096 4.994803905 0 0 0.000244115
159 -0.364086866 -2.758006096 4.994803905 0 0 0.000244115
160 -0.364086866 -2.758006096 4.994803905 0 0 0.000244115
161 -0.364086866 -2.758006096 4.994803905 0 0 0.000244115
162 -0.498048782 -4.95163393 0.510848999 0 0 0.000244115
163 -0.364086866 -2.758006096 4.994803905 0 0 0.000244115
time 30
0 -0.364086866 -2.758006096 4.994803905 0 0 0.000244115
1 -0.355919659 -7.472979069 9.423980713 0 -1.318447843 -1.570796272
2 130.809020996 -0.00000003 -0.000008583 0 0 0
3 6.662002563 -0.142129987 2.521343231 2.968205751 0.03374798 -0.061520095
4 24.360931396 0 0.000019073 -0.228102455 0.338085673 -0.017152842
5 24.806396484 -0.000005722 0.765964508 0.333401813 -0.374222606 -0.153741085
6 8.120300293 -0.000001431 0 0.109776401 0.005790269 -0.029853112
7 8.120315552 0 -0.000007629 0 -0.880742373 0
8 8.120315552 0 -0.000007629 0 -1.357954675 0
9 5.115234375 7.517080307 -23.079311371 1.536505669 -0.10454962 -0.024185618
10 -13.525100708 0 -0.000003815 0.045530238 0.10961435 -0.30279701
11 -11.953063965 -0.000009537 -0.000000268 0.067578493 -0.158512382 -0.059957814
12 -8.290374756 0 0 0.102393488 -0.273458536 0.134522565
13 -7.875 0.00002861 0 0.053874933 -0.058633636 0.377057667
14 -8.78578949 0.000038147 -0.000007629 0.191648417 0.130039075 0.061618091
15 -8.903717041 0.000007629 0 0.071246136 0.095655106 0.325520599
16 5.903457642 12.714842796 -17.69317627 1.3962143 -0.12917187 -0.071219031
17 -13.525131226 0 0 0.019892344 0.149339908 -0.294596129
18 -11.953048706 -0.000015259 0 0.101018063 -0.143288959 -0.104167077
19 -8.290390015 -0.000001907 0 0.078640533 -0.246461936 0.253183658
20 -7.875 0.000034332 -0.000007629 0.02945456 -0.110782002 0.370290376
21 -8.78578949 0.000038147 -0.000015259 0.211242249 0.188674995 0.182488836
22 -8.90372467 -0.000007629 0 -0.029455336 0.048950237 0.307740637
23 5.115188599 -7.603518009 -23.079315186 -1.625647597 0.123004559 -2.949516184
24 13.525115967 0 0.000003815 0.003700597 -0.076709878 -0.274220315
25 11.953033447 0.000015259 0.000003815 0.090586408 0.112485209 0.040328054
26 8.290374756 0.000001907 0 0.136417679 0.259043686 0.168611175
27 7.875 -0.000038147 0.000003815 0.125801283 0.341693951 0.270029271
28 8.785774231 -0.000038147 -0.000007629 0.194134356 0.031612602 -0.05200567
29 8.903709412 0.000007629 0 -0.021185222 0.309654604 0.269334274
30 5.903442383 -12.801285744 -17.693191528 -1.682752775 0.182885571 -2.862900777
31 13.525115967 0.000007629 0 -0.026903055 -0.037898882 -0.275792956
32 11.953048706 0.000011444 0.000007629 0.090003257 0.092654376 0.066549726
33 8.290374756 -0.000003815 0.000007629 0.151136445 0.292624441 0.345962099
34 7.875 -0.000030518 0.000002325 0.122680864 0.388455633 0.229690034
35 8.785797119 -0.000053406 0 0.251379285 0.202215455 -0.072512775
36 8.903717041 0 -0.000007629 -0.071907667 0.282069399 0.267306632
37 4.435424805 0.000132561 -25.179950714 3.129786888 0.466641846 -3.083347965
38 14.171020508 0.000023842 1.280685425 -0.056854916 0.145704371 -0.074035638
39 10.9765625 0.000022888 0.352539063 -0.01105245 0.034224838 0.184475494
40 8.120300293 -0.000001907 -0.000015259 -0.058211252 -0.185551181 0.294790094
41 8.120285034 0.000003815 -0.000030518 -0.049657098 -0.222032292 0.172884801
42 8.120330811 -0.000003815 -0.000015259 0.002172502 0.291098289 -0.184280015
43 8.12033844 0.000003815 0.000061035 -0.038652756 -0.03069641 0.070027119
44 7.146972656 16.179798126 -9.19562912 1.397809155 -0.270878016 -0.082202438
45 -13.525115967 0 0 -0.036284288 -0.011068448 -0.276774271
46 -11.953033447 -0.000013351 -0.000007629 0.138454292 -0.136816239 -0.163070202
47 -8.290374756 0.000003815 0.000015259 0.121834727 -0.2105699 0.28341051
48 -7.875 0.000045776 0.000007629 0.06721151 -0.058441278 0.45199249
49 -8.785774231 0.000022888 -0.000007629 0.233718885 0.319809978 0.160370615
50 -8.903717041 0 0 -0.062537752 0.116940846 0.083477788
51 7.146972656 -16.26625061 -9.195617676 -1.688192941 0.105667277 -2.844188742
52 13.525131226 -0.000007629 0.000007629 -0.086662449 -0.124305903 -0.211613749
53 11.953018188 0.000009537 0.000007629 0.090729115 0.083444169 0.06883518
54 8.290374756 0.000005722 0.000015259 0.189532905 0.296831277 0.412987399
55 7.875 -0.000053406 -0.000001907 0.193446021 0.468078779 0.300690567
56 8.78578949 -0.000038147 0.000007629 0.306199264 0.438752403 -0.15103119
57 8.903717041 0.000007629 -0.000015259 -0.149922434 0.271595546 0.23491131
58 -5.367324829 8.366909981 8.703098297 1.75949384 -0.795253683 -3.112085264
59 13.525131226 0 -0.000003815 -0.294796652 0.025796171 -0.029052018
60 -3.441864014 -10.792387962 9.376991272 1.691645313 -0.903364734 -2.993047846
61 13.525108337 0.000015259 -0.000003815 -0.406597495 0.223694613 -0.355990507
62 11.953048706 0.000015259 0 0.217348657 -0.002416956 -0.293492807
63 8.290390015 0.000011444 0 0.138521591 -0.084003518 -0.133132529
64 7.875 -0.000022888 0 0.12840178 -0.284380818 -0.327892068
65 19.39491272 -14.052387238 -0.467090607 0.085702271 -0.803506377 -2.459405997
66 26.240745544 0 -0.000015259 2.434440794 -0.95443611 -1.169229465
67 31.970989227 0.000007629 0.000030518 -1.205148462 0.122609629 -0.048952889
68 4.627254486 -2.311279297 4.185630798 -0.021512477 -0.254658869 -0.451859094
69 2.980101585 0 -0.000003815 -0.040823197 0.14004721 0.242069561
70 1.982421875 0.000030518 0.000026703 0.001822187 0.301463179 0.041313792
71 10.844875336 -1.281555176 -1.331680298 0.003154845 -0.01855101 -1.502721343
72 3.98828125 -0.000015259 0.000030518 0.024656551 0.116612118 -1.30426207
73 2.26953125 0 -0.000011444 0.010246566 0.020303916 -1.235445909
74 10.908855438 -1.23739624 0.829589844 0.008182385 -0.019760774 -1.502678948
75 3.989425659 0.000007629 0.000041962 0.003562594 0.093803498 -1.240572344
76 3.478286743 -0.000015259 -0.000015259 0.01062322 -0.039586617 -1.338501469
77 10.29189682 -1.202133179 -3.344146729 0.018038834 -0.023865117 -1.537453755
78 2.757156372 -0.000007629 0.000019073 -0.00454994 -0.095548155 -1.291608045
79 1.775390625 0 -0.000011444 0.198076059 0.357239486 -1.30316968
80 10.971858978 -1.19392395 2.957344055 -0.012167132 -0.015944087 -1.622309173
81 3.82421875 -0.000011444 0.000034332 -0.000576872 0.002168828 -1.309510829
82 2.94140625 -0.000015259 -0.000007629 0.003967107 0.006944486 -1.466881704
83 -0.000011921 0 0 0.398893261 0.159072221 -0.629548
84 19.394897461 13.160597801 -0.467075348 -2.606444527 -0.364753549 -1.144799735
85 -26.240745544 0.000015259 0.000007629 0.262287406 -0.252736906 0.514029506
86 -31.970993042 0.000015259 0.000007629 -0.602487404 -0.212991397 -0.121390985
87 -11.614608765 3.933105469 0.069387436 -1.578444876 1.529198549 -2.544968004
88 -10.484524727 1.069198608 3.539874077 -3.131584703 0.028220486 2.411526648
89 2.757156372 0 0.000021935 -0.011712134 0.035128624 1.019560794
90 1.775390625 0 -0.000026703 -0.261071927 -0.262843666 1.059935836
91 -11.046480179 1.142410278 1.529695511 -3.130487012 0.018259081 2.114134707
92 3.98828125 0.000015259 0.000035286 0.004872241 -0.009924216 1.610032301
93 2.26953125 -0.000015259 -0.000001907 -0.076539319 -0.095407065 1.438172442
94 -11.192631721 1.041534424 -2.758425713 -3.116629264 0.004012045 2.226905852
95 3.82421875 0.000038147 0.000049591 0.00053161 0.002187187 1.610324685
96 8.78578186 -0.000038147 0.000007153 0.08229373 0.071373082 -0.580233542
97 2.94140625 0.000030518 -0.000013351 -0.004550553 0.006091757 1.767588569
98 -11.120119095 1.091552734 -0.63111496 -3.132136147 0.020772815 2.221577138
99 3.989440918 0 0.000050545 0.021444626 0.041947477 1.751021405
100 3.478302002 0 -0.000009537 -0.001306817 0.004312204 1.848998194
101 -4.853610992 2.155105591 -4.018514633 3.123057975 0.125574955 2.46129872
102 2.980110168 0 0.000009537 0.038574713 -0.163808097 -0.240289671
103 1.982421875 -0.000030518 0.000038147 0 0 -0.040571652
104 0.000008583 -0.000015259 -0.000015259 -0.01786834 -0.032037725 -0.918099438
105 7.08984375 0 0.000003815 3.141592654 -0.174494806 3.141592654
106 7.528289795 8.168074608 -1.23279953 -3.139979019 0.100159359 -3.124917962
107 -54.911262512 -0.64967823 -0.176692963 1.583205085 0.353997089 0.065413206
108 -61.183189392 -0.000003815 -0.000000954 0.029064979 0.013620653 -0.309487512
109 8.588684082 0 1.514411926 0 0 0
110 4.260498047 -21.349504471 -3.218477249 0.041316833 -0.169587909 -0.240611827
111 15.606681824 0 -0.000007629 -0.004311722 -0.008635957 -0.041157858
112 15.853752136 0.000003815 -0.000005722 -0.011424179 0.045029463 -0.107888888
113 15.151863098 0.000007629 0.000001907 -0.004751646 0.132268057 -0.037774036
114 11.149967194 0 -0.000007629 0.116272767 0.205191776 -0.174900959
115 1.725097656 -0.142128021 11.160655975 -1.869015465 -1.213615549 0.07290203
116 15.606674194 0 0 0 0 -0.227242711
117 15.853733063 0 0 -0.022798788 -0.074364694 0.801580997
118 15.151847839 -0.000007629 -0.000001907 0.000086145 -0.00000545 0.126365453
119 11.149963379 -0.000007629 0.000003815 0 0 0.475675013
120 6.678710938 -0.142132968 -16.932605743 1.571086841 -0.163389684 3.141568867
121 -15.606689453 0 -0.00000003 0 0 -0.003970573
122 -15.853744507 0.000003815 0.00000599 0 0 0.015278212
123 -15.15184021 -0.000007629 0 0 0 0.133112347
124 -11.14995575 0 0.00000602 0 0 0.230283679
125 2.507644653 15.93921566 6.722553253 -1.718270509 0.331677239 -3.050784134
126 -15.606689453 -0.000001907 0 0.015546996 0.050354707 -0.003235041
127 -15.853752136 0 0.000009537 0.01601672 -0.092227884 0.078261403
128 -15.151855469 -0.000007629 0.000007629 -0.004509669 -0.123048416 -0.047550516
129 -11.14995575 0 -0.000007629 -0.010419025 -0.035212705 -0.105362369
130 2.507614136 -17.075353622 6.722560883 -1.044757851 -1.013731743 -0.550474191
131 15.606666565 0 -0.000007629 0.004806391 0.027784909 0.004210395
132 15.853740692 0 0.000007629 0.007134857 -0.041592212 0.10159925
133 15.151847839 0 -0.000003815 -0.007961652 0.017889814 0.026775381
134 11.149971008 0.000007629 -0.000011444 -0.00510779 0.003924671 0.178905108
135 5.893127441 15.939211845 -12.477546692 2.946730953 0.074741084 0.235513057
136 15.606666565 0.000007629 0.000026703 0.013193698 0.058469778 -0.003586525
137 15.853744507 -0.000003815 -0.000007629 0.020232107 -0.095166478 0.048905442
138 15.151870728 0 0.000003815 0.002934447 -0.163722762 -0.099099444
139 11.14994812 0.000007629 -0.000007629 -0.043896243 -0.228108383 -0.076768297
140 5.893157959 -17.075357437 -12.477550507 1.66591476 -0.143941907 2.927783702
141 -15.606674194 -0.000007629 0.000019073 0.01164225 0.04987292 -0.038740061
142 -15.853736877 -0.000003815 -0.000011444 0.023844018 -0.045759744 0.110465262
143 -15.151832581 -0.000003815 -0.000007629 -0.002550491 -0.008590146 0.110640223
144 -11.149940491 -0.000007629 -0.000007629 0.00417134 -0.077045928 0.229164726
145 4.260482788 20.773920059 -3.218482971 0.041316833 0.169587909 -2.90098084
146 -15.606689453 0 0.000001907 -0.00300147 0.010045071 0.021133213
147 -15.853752136 0.000007629 0 -0.002457674 -0.046453828 -0.061513116
148 -15.15184021 -0.000003815 -0.000001907 -0.004436591 -0.136241668 0.067539543
149 -11.14995575 0.000007629 -0.000005722 0 0 0.06492159
150 7.528274536 -8.043748856 -1.232803345 0.033065302 -1.006369971 -0.024803899
151 54.911254883 0.6496768 0.176704407 1.596122719 0.928349089 0.062311576
152 61.183185577 0.000003815 -0.000000954 0.070008961 0.058498888 0.504233602
153 -0.364086866 -2.758008003 4.994803905 0 0 0.000244115
154 -0.364086866 -2.758006096 4.994803905 0 0 0.000244115
155 -0.364086866 -2.758006096 4.994803905 0 0 0.000244115
156 -0.364086866 -2.758006096 4.994803905 0 0 0.000244115
157 -0.364086866 -2.758006096 4.994803905 0 0 0.000244115
158 -0.364086866 -2.758006096 4.994803905 0 0 0.000244115
159 -0.364086866 -2.758006096 4.994803905 0 0 0.000244115
160 -0.364086866 -2.758006096 4.994803905 0 0 0.000244115
161 -0.364086866 -2.758006096 4.994803905 0 0 0.000244115
162 -0.498048782 -4.95163393 0.510848999 0 0 0.000244115
163 -0.364086866 -2.758006096 4.994803905 0 0 0.000244115
end
