version 1
nodes
0 "Object009" -1
1 "Bone000" -1
2 "Bone001" 1
3 "Bone002" 2
4 "Bone003" 3
5 "Bone004" 4
6 "Bone005" 5
7 "Bone006" 6
8 "Bone007" 6
9 "Bone008" 6
10 "Bone009" 9
11 "Bone010" 10
12 "Bone011" 11
13 "Bone012" 12
14 "Bone013" 13
15 "Bone014" 14
16 "Bone015" 6
17 "Bone016" 16
18 "Bone017" 17
19 "Bone018" 18
20 "Bone019" 19
21 "Bone020" 20
22 "Bone021" 21
23 "Bone022" 6
24 "Bone023" 23
25 "Bone024" 24
26 "Bone025" 25
27 "Bone026" 26
28 "Bone027" 27
29 "Bone028" 28
30 "Bone029" 6
31 "Bone030" 30
32 "Bone031" 31
33 "Bone032" 32
34 "Bone033" 33
35 "Bone034" 34
36 "Bone035" 35
37 "Bone036" 6
38 "Bone037" 37
39 "Bone038" 38
40 "Bone039" 39
41 "Bone040" 40
42 "Bone041" 41
43 "Bone042" 42
44 "Bone043" 6
45 "Bone044" 44
46 "Bone045" 45
47 "Bone046" 46
48 "Bone047" 47
49 "Bone048" 48
50 "Bone049" 49
51 "Bone050" 6
52 "Bone051" 51
53 "Bone052" 52
54 "Bone053" 53
55 "Bone054" 54
56 "Bone055" 55
57 "Bone056" 56
58 "Bone057" 6
59 "Bone058" 58
60 "Bone059" 6
61 "Bone060" 60
62 "Bone061" 61
63 "Bone062" 62
64 "Bone063" 63
65 "Bone065" 4
66 "Bone066" 65
67 "Bone067" 66
68 "Bone068" 67
69 "Bone069" 68
70 "Bone070" 69
71 "Bone071" 67
72 "Bone072" 71
73 "Bone073" 72
74 "Bone074" 67
75 "Bone075" 74
76 "Bone076" 75
77 "Bone077" 67
78 "Bone078" 77
79 "Bone079" 78
80 "Bone080" 67
81 "Bone081" 80
82 "Bone082" 81
83 "Bone083" 66
84 "Bone084" 4
85 "Bone085" 84
86 "Bone086" 85
87 "Bone087" 86
88 "Bone088" 86
89 "Bone089" 88
90 "Bone090" 89
91 "Bone091" 86
92 "Bone092" 91
93 "Bone093" 92
94 "Bone094" 86
95 "Bone095" 94
96 "Bone064" 64
97 "Bone096" 95
98 "Bone097" 86
99 "Bone098" 98
100 "Bone099" 99
101 "Bone0100" 86
102 "Bone0101" 101
103 "Bone0102" 102
104 "Bone0103" 85
105 "Bone0104" 2
106 "Bone0105" 105
107 "Bone0106" 106
108 "Bone0107" 107
109 "Bone0108" 105
110 "Bone0109" 109
111 "Bone0110" 110
112 "Bone0111" 111
113 "Bone0112" 112
114 "Bone0113" 113
115 "Bone0114" 109
116 "Bone0115" 115
117 "Bone0116" 116
118 "Bone0117" 117
119 "Bone0118" 118
120 "Bone0119" 109
121 "Bone0120" 120
122 "Bone0121" 121
123 "Bone0122" 122
124 "Bone0123" 123
125 "Bone0124" 109
126 "Bone0125" 125
127 "Bone0126" 126
128 "Bone0127" 127
129 "Bone0128" 128
130 "Bone0129" 109
131 "Bone0130" 130
132 "Bone0131" 131
133 "Bone0132" 132
134 "Bone0133" 133
135 "Bone0134" 109
136 "Bone0135" 135
137 "Bone0136" 136
138 "Bone0137" 137
139 "Bone0138" 138
140 "Bone0139" 109
141 "Bone0140" 140
142 "Bone0141" 141
143 "Bone0142" 142
144 "Bone0143" 143
145 "Bone0144" 109
146 "Bone0145" 145
147 "Bone0146" 146
148 "Bone0147" 147
149 "Bone0148" 148
150 "Bone0149" 105
151 "Bone0150" 150
152 "Bone0151" 151
153 "Object007" -1
154 "Object010" -1
155 "Object011" -1
156 "Object013" -1
157 "Object014" -1
158 "Object015" -1
159 "Object016" -1
160 "Object017" -1
161 "Object018" -1
162 "_M3_Anim_Data" -1
163 "Object019" -1
end
skeleton
time 0
0 -0.364086866 -2.758006096 4.994803905 0 0 0.000244115
1 -0.355918914 -24.813129425 19.502319336 3.141592654 -1.497890235 1.570796489
2 130.809036255 0 0.000001907 0 0 0
3 6.662033081 -0.142129987 2.521337509 2.93088364 -0.190273848 -0.011382371
4 24.360946655 -0.000000954 0.000019073 0.10792569 -0.021553803 0.027710215
5 24.806411743 -0.000006676 0.765964508 -0.834961108 -0.344067487 0.13280885
6 8.120300293 -0.000001907 0 0.878961621 0.160260258 -0.144032846
7 8.120300293 -0.000000954 0 3.141592654 -1.17489882 3.141592654
8 8.120300293 -0.000000954 0 -0.216192487 -1.369859591 0.175150136
9 5.115219116 7.517076492 -23.079305649 1.501763517 -0.35837646 0.015053389
10 -13.525115967 0 0 0.025621849 0.084688764 -0.037710952
11 -11.953033447 -0.000022888 0 0.01131228 -0.042103466 0.132386689
12 -8.290390015 -0.000015259 -0.000000954 0.070990107 -0.124074626 -0.269995877
13 -7.875 0.000030518 0 0.019875032 -0.046394135 -0.360910516
14 -8.785766602 0.000032425 0.000001907 0.168704865 -0.074448733 -0.442031608
15 -8.903717041 0.000011444 -0.000007629 0.327982297 0.037887549 0.442256455
16 5.903442383 12.714838982 -17.693174362 1.370188491 -0.37922568 -0.02939746
17 -13.525131226 0.000007629 0 0.004641766 0.060827503 -0.020584814
18 -11.953063965 0 0 0.031794841 -0.110615913 0.139285943
19 -8.290390015 0.000007629 0 0.062191486 -0.025920171 -0.021879943
20 -7.875 0.000030518 -0.000011444 -0.009905257 0.086219299 -0.385986462
21 -8.78578186 0.000038147 -0.000001907 0.070831694 0.173503914 -0.508852257
22 -8.903717041 0 -0.000001431 0.242266841 -0.191441687 0.36051377
23 5.115203857 -7.603523731 -23.079328537 -1.554662073 0.381674365 -2.887288286
24 13.525100708 -0.000015259 0 0.016522083 -0.124872094 -0.037359981
25 11.953048706 0.000007629 0.000007629 0.115615227 -0.07109673 0.153678917
26 8.290359497 -0.000015259 -0.000007629 0.135410592 0.057872298 -0.224633769
27 7.875 -0.000022888 0.000003815 0.038717281 0.265067888 -0.370601252
28 8.785797119 -0.000038147 0 0.095306354 0.218131296 -0.488657636
29 8.903717041 0.000011444 0.000003815 -0.237106732 0.44042397 0.261609227
30 5.903427124 -12.801288605 -17.69320488 -1.598720893 0.442583503 -2.77991415
31 13.525115967 0 0 -0.011301408 -0.101882875 -0.039443658
32 11.953048706 0.000015259 -0.000007629 0.114840611 -0.083023543 0.148192109
33 8.290390015 0 -0.000007629 0.150366125 0.17355882 0.00980437
34 7.875 -0.000015259 0.000007629 0.031452168 0.398578672 -0.380929269
35 8.785797119 -0.000030518 0 0.088938879 0.40781461 -0.49441118
36 8.9037323 -0.000003815 0 -0.292676417 0.416568362 0.22968523
37 4.435455322 0.000126362 -25.179960251 -3.117617043 0.363008552 -3.024970545
38 14.171035767 0.000020981 1.280685425 -0.040455871 -0.130973371 -0.098877836
39 10.9765625 0.000011444 0.352539063 0.013578726 -0.048886952 -0.022091232
40 8.120315552 -0.000007629 -0.000015259 0.014764551 0.172894133 0.08725552
41 8.120285034 -0.000003815 -0.000030518 0.031317301 0.334934024 0.206917693
42 8.120330811 0.000001431 -0.000015259 0.088340661 0.657530133 0.239109073
43 8.120346069 -0.000003815 0.000068665 -0.477040233 -0.23129885 0.171052717
44 7.146972656 16.179798126 -9.195619583 1.376844409 -0.303705466 -0.072871366
45 -13.525115967 -0.000007629 0.000003815 -0.058318294 -0.252190243 0.290184579
46 -11.953041077 -0.000022888 0 0.019730356 -0.267741537 0.230076684
47 -8.290393829 0 0.000015259 0.120492859 -0.088865 0.30848638
48 -7.875 0 0 0.080172561 0.174951969 -0.091949851
49 -8.785785675 0.000030518 -0.000007629 0.050052768 0.418592982 -0.62123828
50 -8.903717041 0.000015259 0.000001907 0.162558631 -0.211931629 0.115054981
51 7.146957397 -16.26625061 -9.195617676 -1.594435862 0.362965226 -2.75698367
52 13.525115967 0.000007629 0.000007629 -0.104964071 -0.201738726 0.030180819
53 11.953033447 0.000007629 0 0.114375081 -0.068955865 0.136917841
54 8.290390015 0.000007629 0 0.205590223 0.28720229 0.083752608
55 7.875 -0.000015259 0.000015259 0.080116764 0.570803911 -0.278024424
56 8.785797119 -0.000030518 0.000001907 0.047352646 0.600677046 -0.538178011
57 8.90372467 -0.000003815 -0.000007629 -0.39020363 0.321075214 0.164042265
58 -5.36730957 8.366909027 8.703121185 1.814703078 -0.883361698 3.101144127
59 13.525123596 0 0 -0.296468905 -0.078299246 -0.169078084
60 -3.441879272 -10.792387962 9.377009392 1.705415453 -1.016953309 -3.003405312
61 13.525131226 0 0.000003815 -0.392605362 0.223524124 -0.433451452
62 11.953048706 0.000015259 0 0.228587071 0.030216163 -0.714378097
63 8.290374756 0.000003815 0 0.184337266 -0.133791042 -0.348705908
64 7.875 -0.000034332 0 0.135733615 -0.215468699 -0.13730055
65 19.39491272 -14.052387238 -0.467090607 -1.251817485 -0.902840702 -0.173461827
66 26.240768433 0.000015259 -0.000001907 -0.007655733 -0.369474155 0.536503926
67 31.971008301 0.000007629 0 -1.678648368 0.467889424 -0.13378373
68 4.627258301 -2.311302185 4.185630798 -0.021512477 -0.254658869 -0.451859094
69 2.980117798 0 -0.000000954 -0.040823197 0.14004721 0.242069561
70 1.982421875 0.000019073 0.000019073 0.001822187 0.301463179 0.041313792
71 10.844894409 -1.281569481 -1.331680298 0.003154845 -0.01855101 -1.502721343
72 3.98828125 0 0.000041962 0.024656551 0.116612118 -1.30426207
73 2.26953125 -0.000007629 -0.000011444 0.010246566 0.020303916 -1.235445909
74 10.908889771 -1.23739624 0.829597473 -0.003109352 -0.01605034 -0.895852925
75 3.989456177 0 0.000049591 -0.026019839 0.050783303 -0.636960393
76 3.478284836 -0.000030518 -0.000007629 0.025346404 -0.11085993 -0.737210855
77 10.291915894 -1.202157974 -3.34413147 0.018038834 -0.023865117 -1.537453755
78 2.757152557 0 0.000022888 -0.269907553 -0.095587855 -1.29157427
79 1.775390625 0 -0.000022888 0.198076059 0.357239486 -1.30316968
80 10.971908569 -1.193932533 2.957344055 -0.014265529 -0.004860461 -1.002109965
81 3.82421875 -0.000030518 0.000038147 -0.000596317 0.002170439 -0.689801398
82 2.94140625 0 0 0.003950255 0.00698882 -0.847183373
83 0 0.000009537 0.000007629 -0.281161032 -0.158281714 -1.026998567
84 19.394897461 13.160596848 -0.467079163 1.401209606 1.024975721 -3.104238507
85 -26.240768433 0.000030518 0.000001907 0.323969435 -0.404134518 0.394902968
86 -31.97102356 0 -0.000015259 -1.81792558 0.01103903 0.008162281
87 -11.614593506 3.933109283 0.069389343 1.720533477 1.395162973 1.933670481
88 -10.48449707 1.069202423 3.539878845 -3.131584703 0.028220486 2.411526648
89 2.757156372 0.000015259 0.000019073 -0.011712134 0.035128624 1.019560794
90 1.775390625 0 -0.000030518 -0.204499622 -0.298392802 0.873982333
91 -11.046478271 1.142410278 1.529701233 -3.130487012 0.018259081 2.114134707
92 3.98828125 0.000030518 0.000041962 0.004872241 -0.009924216 1.610032301
93 2.26953125 0.000007629 0.000007629 -0.076539319 -0.095407065 1.438172442
94 -11.192642212 1.041530609 -2.758430481 -3.117466097 -0.002180357 2.477429666
95 3.82421875 0.000030518 0.000041962 0.00053161 0.002187187 1.610324685
96 8.785766602 -0.000030518 -0.000003815 0.028889808 0.206538207 -0.655495889
97 2.94140625 0.000015259 -0.000015259 -0.004550553 0.006091757 1.767588569
98 -11.120147705 1.091533661 -0.631126404 -3.128907678 0.018357161 2.400346066
99 3.989395142 0.000015259 0.000038147 0.021444626 0.041947477 1.751021405
100 3.478317261 0.000030518 -0.000015259 -0.001306817 0.004312204 1.848998194
101 -4.853607178 2.155090332 -4.018516541 3.123057975 0.125574955 2.46129872
102 2.980133057 0 0.000019073 0.038574713 -0.163808097 -0.240289671
103 1.982421875 -0.000015259 0.00003624 0 0 -0.040571652
104 0 -0.000015259 -0.000015259 -0.01786834 -0.032037725 -0.918099438
105 7.08984375 0 0 3.141592654 -0.174494806 3.141592654
106 7.528244019 8.168074608 -1.232803345 2.885017799 0.303466685 3.108838628
107 -54.911254883 -0.649675369 -0.176704407 1.856728718 0.785609017 0.048036467
108 -61.183185577 0.000005722 -0.000001907 0.174037262 0.013709953 -0.309466751
109 8.588668823 0 1.514417648 0 0 0
110 4.260528564 -21.349500656 -3.218471527 -0.229646484 -0.146054022 -0.303432411
111 15.606674194 0 -0.00001049 -0.001088686 0.028041239 -0.126825667
112 15.853752136 0 -0.000006676 0.000019868 0.025071465 -0.198437669
113 15.151866913 0 0.000000954 0.002518302 -0.004607104 -0.043772037
114 11.149963379 0.000015259 -0.000007153 -0.040082832 0.120800773 -0.029237533
115 1.725112915 -0.142127961 11.160657883 -2.019105011 -0.695607809 0.137591666
116 15.606689453 0 -0.000001907 -0.000843653 0.018107329 -0.083590009
117 15.853736877 0 -0.000003815 -0.000511135 0.016317228 -0.136668141
118 15.151851654 -0.000007629 0 0.001180288 -0.002650676 -0.043681356
119 11.149967194 0 0 -0.004405233 0.001667874 0.242797748
120 6.67868042 -0.142132968 -16.932609558 1.571106218 -0.034669705 3.141587281
121 -15.606674194 0.000007629 -0.00000003 0 0 0.075631496
122 -15.853752136 0.000003815 0.00000599 0 0 0.005437962
123 -15.151847839 0.000001907 0 0 0 -0.075977011
124 -11.14994812 0 0.00000602 0 0 0.081764736
125 2.507659912 15.939216614 6.722545624 -1.789671757 0.255676781 -2.869102546
126 -15.606681824 0.000003815 0 0.009313349 -0.006362015 -0.024112962
127 -15.853759766 0 0.000007629 0.018755428 -0.107408603 0.072659688
128 -15.15184021 0 0.000015259 -0.006027346 -0.024526345 -0.057770975
129 -11.14995575 -0.000005722 0.000007629 0.01299221 0.10724761 -0.197494444
130 2.507629395 -17.075351715 6.722560883 -1.394725005 -0.44812799 -0.316868681
131 15.606674194 0 0 0.004199324 0.11158944 -0.082782699
132 15.853744507 0 0.000011444 0.018904434 0.000011083 0.017091792
133 15.151855469 0 0.000003815 0.000283363 -0.044807977 -0.047324212
134 11.149967194 0 -0.000019073 0.05088976 -0.113244038 0.07765244
135 5.8931427 15.939212799 -12.47754097 3.060441594 0.13907538 0.286958964
136 15.606674194 0 0.000024796 0.008301528 -0.013802227 -0.088563704
137 15.853744507 -0.000007629 -0.000009537 0.025058475 -0.113820573 0.012406567
138 15.151855469 0 0 -0.003529434 -0.022617857 -0.046751091
139 11.14994812 0 -0.000003815 0.035401214 0.06395871 0.093067358
140 5.893157959 -17.075357437 -12.477553368 1.665114988 0.046168712 2.945850245
141 -15.606643677 0 0.000007629 0.010398222 0.014585015 0.017253763
142 -15.853729248 0 -0.000011444 0.0149677 -0.088078741 0.109906058
143 -15.15184021 -0.000003815 0 -0.007154003 -0.029255383 -0.065947152
144 -11.14994812 -0.000005722 -0.000007629 -0.271235576 -0.11581174 -0.002329874
145 4.260498047 20.773923874 -3.218486786 0.023101859 -0.035501231 -2.90636479
146 -15.606689453 0.000007629 0.000000954 -0.001479356 -0.050745496 0.092286236
147 -15.853744507 0.000007629 0 -0.002134795 -0.046130595 -0.027234962
148 -15.151832581 -0.000003815 0.000001907 0.001232456 0.009557893 0.041096029
149 -11.149971008 0 -0.000001907 -0.01022957 0.299857428 -0.226108714
150 7.528259277 -8.043748856 -1.232804298 -0.653604446 -0.226792034 0.150327416
151 54.911224365 0.649678707 0.176696777 1.571141194 0.649263053 0.091400882
152 61.183162689 -0.000007629 0.000000238 0.542701548 0.211647802 0.109075119
153 -0.364088595 36.477970123 12.189170837 0.340633688 -0.000040147 0.000233438
154 -0.364086866 -2.758006096 4.994803905 0 0 0.000244115
155 -0.364086866 -2.758006096 4.994803905 0 0 0.000244115
156 -0.364086866 -2.758006096 4.994803905 0 0 0.000244115
157 -0.364086866 -2.758006096 4.994803905 0 0 0.000244115
158 -0.364086866 -2.758006096 4.994803905 0 0 0.000244115
159 -0.364086866 -2.758006096 4.994803905 0 0 0.000244115
160 -0.364086866 -2.758006096 4.994803905 0 0 0.000244115
161 -0.364086866 -2.758006096 4.994803905 0 0 0.000244115
162 -0.498048782 -4.95163393 0.510848999 0 0 0.000244115
163 -0.364086866 -2.758006096 4.994803905 0 0 0.000244115
time 1
0 -0.364086866 -2.758006096 4.994803905 0 0 0.000244115
1 -0.355918914 -24.813129425 19.442255023 3.141592654 -1.497890235 1.570796489
2 130.809036255 0 0.000001907 0 0 0
3 6.662033081 -0.142129987 2.521337509 2.93088364 -0.190273848 -0.011382371
4 24.360946655 -0.000000954 0.000019073 0.10792569 -0.021553803 0.027710215
5 24.806411743 -0.000006676 0.765964508 -0.834961108 -0.344067487 0.13280885
6 8.120300293 -0.000001907 0 0.878961621 0.160260258 -0.144032846
7 8.120300293 -0.000000954 0 3.141592654 -1.17489882 3.141592654
8 8.120300293 -0.000000954 0 -0.216192487 -1.369859591 0.175150136
9 5.115219116 7.517076492 -23.079305649 1.501763517 -0.35837646 0.015053389
10 -13.525115967 0 0 0.024283315 0.082377414 -0.054559198
11 -11.953033447 -0.000022888 0 0.012668986 -0.038881334 0.140509214
12 -8.290390015 -0.000015259 -0.000000954 0.068869043 -0.118826183 -0.238586229
13 -7.875 0.000030518 0 0.02306908 -0.051822002 -0.354935404
14 -8.785766602 0.000032425 0.000001907 0.170814943 -0.079325934 -0.466351239
15 -8.903717041 0.000011444 -0.000007629 0.327982297 0.037887549 0.442256455
16 5.903442383 12.714838982 -17.693174362 1.370188491 -0.37922568 -0.02939746
17 -13.525131226 0.000007629 0 0.003662123 0.06379747 -0.039525356
18 -11.953063965 0 0 0.033193859 -0.109064392 0.14755169
19 -8.290390015 0.000007629 0 0.06199529 -0.031949966 -0.000127084
20 -7.875 0.000030518 -0.000011444 -0.004935387 0.079984698 -0.371629421
21 -8.78578186 0.000038147 -0.000001907 0.07385535 0.171290344 -0.515465924
22 -8.903717041 0 -0.000001431 0.242266841 -0.191441687 0.36051377
23 5.115203857 -7.603523731 -23.079328537 -1.554662073 0.381674365 -2.887288286
24 13.525100708 -0.000015259 0 0.018474212 -0.111908427 -0.05343298
25 11.953048706 0.000007629 0.000007629 0.113564741 -0.077538417 0.163985751
26 8.290359497 -0.000015259 -0.000007629 0.137639386 0.046158353 -0.193591113
27 7.875 -0.000022888 0.000003815 0.044204757 0.256735446 -0.363137965
28 8.785797119 -0.000038147 0 0.095351446 0.21977691 -0.516122427
29 8.903717041 0.000011444 0.000003815 -0.237106732 0.44042397 0.261609227
30 5.903427124 -12.801288605 -17.69320488 -1.598720893 0.442583503 -2.77991415
31 13.525115967 0 0 -0.009649977 -0.087168396 -0.056178563
32 11.953048706 0.000015259 -0.000007629 0.11177635 -0.092675791 0.161255126
33 8.290390015 0 -0.000007629 0.150727871 0.153764317 0.031775058
34 7.875 -0.000015259 0.000007629 0.037781896 0.393795613 -0.36792153
35 8.785797119 -0.000030518 0 0.089667851 0.415185162 -0.511964449
36 8.9037323 -0.000003815 0 -0.292676417 0.416568362 0.22968523
37 4.435455322 0.000126362 -25.179960251 -3.117617043 0.363008552 -3.024970545
38 14.171035767 0.000020981 1.280685425 -0.040803092 -0.108410774 -0.088428614
39 10.9765625 0.000011444 0.352539063 0.013550376 -0.07259879 -0.028219558
40 8.120315552 -0.000007629 -0.000015259 0.011267915 0.145941284 0.077091347
41 8.120285034 -0.000003815 -0.000030518 0.030359285 0.328862832 0.203478593
42 8.120330811 0.000001431 -0.000015259 0.090315658 0.669564282 0.247918108
43 8.120346069 -0.000003815 0.000068665 -0.477040233 -0.23129885 0.171052717
44 7.146972656 16.179798126 -9.195619583 1.376844409 -0.303705466 -0.072871366
45 -13.525115967 -0.000007629 0.000003815 -0.058318294 -0.252190243 0.290184579
46 -11.953041077 -0.000022888 0 0.031988303 -0.244975692 0.193127651
47 -8.290393829 0 0.000015259 0.113697306 -0.115390291 0.341757584
48 -7.875 0 0 0.083886898 0.158755267 -0.05763996
49 -8.785785675 0.000030518 -0.000007629 0.06333235 0.415599993 -0.609796063
50 -8.903717041 0.000015259 0.000001907 0.162558631 -0.211931629 0.115054981
51 7.146957397 -16.26625061 -9.195617676 -1.594435862 0.362965226 -2.75698367
52 13.525115967 0.000007629 0.000007629 -0.101690704 -0.185491254 0.01354622
53 11.953033447 0.000007629 0 0.110747494 -0.086871339 0.148143808
54 8.290390015 0.000007629 0 0.204101395 0.260164994 0.100746328
55 7.875 -0.000015259 0.000015259 0.088066358 0.565193088 -0.267022172
56 8.785797119 -0.000030518 0.000001907 0.046864805 0.617901707 -0.555929527
57 8.90372467 -0.000003815 -0.000007629 -0.39020363 0.321075214 0.164042265
58 -5.36730957 8.366909027 8.703121185 1.811707317 -0.865607701 3.105005301
59 13.525123596 0 0 -0.296468905 -0.078299246 -0.169078084
60 -3.441879272 -10.792387962 9.377009392 1.710755064 -0.996733475 -3.0097606
61 13.525131226 0 0.000003815 -0.3952027 0.222908275 -0.399655177
62 11.953048706 0.000015259 0 0.223596974 0.034228544 -0.680424525
63 8.290374756 0.000003815 0 0.183121479 -0.129980157 -0.374672754
64 7.875 -0.000034332 0 0.142436055 -0.227538902 -0.166685122
65 19.39491272 -14.052387238 -0.467090607 -1.287408495 -0.892037651 -0.147319771
66 26.240768433 0.000015259 -0.000001907 -0.007682492 -0.362637238 0.536498987
67 31.971008301 0.000007629 0 -1.678648368 0.467889424 -0.13378373
68 4.627258301 -2.311302185 4.185630798 -0.021512477 -0.254658869 -0.451859094
69 2.980117798 0 -0.000000954 -0.040823197 0.14004721 0.242069561
70 1.982421875 0.000019073 0.000019073 0.001822187 0.301463179 0.041313792
71 10.844894409 -1.281569481 -1.331680298 0.003154845 -0.01855101 -1.502721343
72 3.98828125 0 0.000041962 0.024656551 0.116612118 -1.30426207
73 2.26953125 -0.000007629 -0.000011444 0.010246566 0.020303916 -1.235445909
74 10.908889771 -1.23739624 0.829597473 -0.003109352 -0.01605034 -0.895852925
75 3.989456177 0 0.000049591 -0.026019839 0.050783303 -0.636960393
76 3.478284836 -0.000030518 -0.000007629 0.025346404 -0.11085993 -0.737210855
77 10.291915894 -1.202157974 -3.34413147 0.018038834 -0.023865117 -1.537453755
78 2.757152557 0 0.000022888 -0.269907553 -0.095587855 -1.29157427
79 1.775390625 0 -0.000022888 0.198076059 0.357239486 -1.30316968
80 10.971908569 -1.193932533 2.957344055 -0.014265529 -0.004860461 -1.002109965
81 3.82421875 -0.000030518 0.000038147 -0.000596317 0.002170439 -0.689801398
82 2.94140625 0 0 0.003950255 0.00698882 -0.847183373
83 0 0.000009537 0.000007629 -0.281161032 -0.158281714 -1.026998567
84 19.394897461 13.160596848 -0.467079163 1.401209606 1.024975721 -3.104238507
85 -26.240768433 0.000030518 0.000001907 0.323969435 -0.404134518 0.394902968
86 -31.97102356 0 -0.000015259 -1.81792558 0.01103903 0.008162281
87 -11.614593506 3.933109283 0.069389343 1.720533477 1.395162973 1.933670481
88 -10.48449707 1.069202423 3.539878845 -3.131584703 0.028220486 2.411526648
89 2.757156372 0.000015259 0.000019073 -0.011712134 0.035128624 1.019560794
90 1.775390625 0 -0.000030518 -0.204499622 -0.298392802 0.873982333
91 -11.046478271 1.142410278 1.529701233 -3.130487012 0.018259081 2.114134707
92 3.98828125 0.000030518 0.000041962 0.004872241 -0.009924216 1.610032301
93 2.26953125 0.000007629 0.000007629 -0.076539319 -0.095407065 1.438172442
94 -11.192642212 1.041530609 -2.758430481 -3.117466097 -0.002180357 2.477429666
95 3.82421875 0.000030518 0.000041962 0.00053161 0.002187187 1.610324685
96 8.785766602 -0.000030518 -0.000003815 0.028889808 0.206538207 -0.655495889
97 2.94140625 0.000015259 -0.000015259 -0.004550553 0.006091757 1.767588569
98 -11.120147705 1.091533661 -0.631126404 -3.128907678 0.018357161 2.400346066
99 3.989395142 0.000015259 0.000038147 0.021444626 0.041947477 1.751021405
100 3.478317261 0.000030518 -0.000015259 -0.001306817 0.004312204 1.848998194
101 -4.853607178 2.155090332 -4.018516541 3.123057975 0.125574955 2.46129872
102 2.980133057 0 0.000019073 0.038574713 -0.163808097 -0.240289671
103 1.982421875 -0.000015259 0.00003624 0 0 -0.040571652
104 0 -0.000015259 -0.000015259 -0.01786834 -0.032037725 -0.918099438
105 7.08984375 0 0 3.141592654 -0.174494806 3.141592654
106 7.528244019 8.168074608 -1.232803345 2.885017799 0.303466685 3.108838628
107 -54.911254883 -0.649675369 -0.176704407 1.856728718 0.785609017 0.048036467
108 -61.183185577 0.000005722 -0.000001907 0.174037262 0.013709953 -0.309466751
109 8.588668823 0 1.514417648 0 0 0
110 4.260528564 -21.349500656 -3.218471527 -0.229646484 -0.146054022 -0.303432411
111 15.606674194 0 -0.00001049 -0.000801185 0.021482684 -0.11470673
112 15.853752136 0 -0.000006676 -0.000599708 0.028223178 -0.201660654
113 15.151866913 0 0.000000954 0.002439618 -0.000796607 -0.05481901
114 11.149963379 0.000015259 -0.000007153 -0.040082832 0.120800773 -0.029237533
115 1.725112915 -0.142127961 11.160657883 -2.019105011 -0.695607809 0.137591666
116 15.606689453 0 -0.000001907 -0.000601307 0.014057951 -0.06095479
117 15.853736877 0 -0.000003815 -0.000794225 0.0183785 -0.152077685
118 15.151851654 -0.000007629 0 0.001130323 -0.000220395 -0.068462679
119 11.149967194 0 0 -0.004405233 0.001667874 0.242797748
120 6.67868042 -0.142132968 -16.932609558 1.571106218 -0.034669705 3.141587281
121 -15.606674194 0.000007629 -0.00000003 0 0 0.063626173
122 -15.853752136 0.000003815 0.00000599 0 0 0.012774964
123 -15.151847839 0.000001907 0 0 0 -0.066821594
124 -11.14994812 0 0.00000602 0 0 0.081764736
125 2.507659912 15.939216614 6.722545624 -1.789671757 0.255676781 -2.869102546
126 -15.606681824 0.000003815 0 0.009318592 0.000367559 -0.023304588
127 -15.853759766 0 0.000007629 0.018199953 -0.112205518 0.070232926
128 -15.15184021 0 0.000015259 -0.005810921 -0.03823521 -0.052903492
129 -11.14995575 -0.000005722 0.000007629 0.01299221 0.10724761 -0.197494444
130 2.507629395 -17.075351715 6.722560883 -1.394725005 -0.44812799 -0.316868681
131 15.606674194 0 0 0.005166767 0.100517572 -0.074343188
132 15.853744507 0 0.000011444 0.019006691 0.008335473 0.003963684
133 15.151855469 0 0.000003815 0.000197484 -0.035919526 -0.059062308
134 11.149967194 0 -0.000019073 0.05088976 -0.113244038 0.07765244
135 5.8931427 15.939212799 -12.47754097 3.060441594 0.13907538 0.286958964
136 15.606674194 0 0.000024796 0.008227728 -0.004946658 -0.078416925
137 15.853744507 -0.000007629 -0.000009537 0.024595955 -0.118378 0.003730901
138 15.151855469 0 0 -0.003307301 -0.031175425 -0.053736865
139 11.14994812 0 -0.000003815 0.035401214 0.06395871 0.093067358
140 5.893157959 -17.075357437 -12.477553368 1.665114988 0.046168712 2.945850245
141 -15.606643677 0 0.000007629 0.010270336 0.018425453 0.009158415
142 -15.853729248 0 -0.000011444 0.014858322 -0.08937924 0.110769733
143 -15.15184021 -0.000003815 0 -0.007026987 -0.035175292 -0.057121423
144 -11.14994812 -0.000005722 -0.000007629 -0.271235576 -0.11581174 -0.002329874
145 4.260498047 20.773923874 -3.218486786 0.023101859 -0.035501231 -2.90636479
146 -15.606689453 0.000007629 0.000000954 -0.00084097 -0.044288244 0.084741463
147 -15.853744507 0.000007629 0 -0.001985013 -0.051814242 -0.016699836
148 -15.151832581 -0.000003815 0.000001907 0.00092102 0.002395421 0.048084199
149 -11.149971008 0 -0.000001907 -0.01022957 0.299857428 -0.226108714
150 7.528259277 -8.043748856 -1.232804298 -0.653604446 -0.226792034 0.150327416
151 54.911224365 0.649678707 0.176696777 1.571141194 0.649263053 0.091400882
152 61.183162689 -0.000007629 0.000000238 0.542701548 0.211647802 0.109075119
153 -0.364088595 36.477970123 12.189170837 0.340633688 -0.000040147 0.000233438
154 -0.364086866 -2.758006096 4.994803905 0 0 0.000244115
155 -0.364086866 -2.758006096 4.994803905 0 0 0.000244115
156 -0.364086866 -2.758006096 4.994803905 0 0 0.000244115
157 -0.364086866 -2.758006096 4.994803905 0 0 0.000244115
158 -0.364086866 -2.758006096 4.994803905 0 0 0.000244115
159 -0.364086866 -2.758006096 4.994803905 0 0 0.000244115
160 -0.364086866 -2.758006096 4.994803905 0 0 0.000244115
161 -0.364086866 -2.758006096 4.994803905 0 0 0.000244115
162 -0.498048782 -4.95163393 0.510848999 0 0 0.000244115
163 -0.364086866 -2.758006096 4.994803905 0 0 0.000244115
time 2
0 -0.364086866 -2.758006096 4.994803905 0 0 0.000244115
1 -0.355918914 -24.813129425 19.268640536 3.141592654 -1.497890235 1.570796489
2 130.809036255 0 0.000001907 0 0 0
3 6.662033081 -0.142129987 2.521337509 2.93088364 -0.190273848 -0.011382371
4 24.360946655 -0.000000954 0.000019073 0.10792569 -0.021553803 0.027710215
5 24.806411743 -0.000006676 0.765964508 -0.834961108 -0.344067487 0.13280885
6 8.120300293 -0.000001907 0 0.878961621 0.160260258 -0.144032846
7 8.120300293 -0.000000954 0 3.141592654 -1.17489882 3.141592654
8 8.120300293 -0.000000954 0 -0.216192487 -1.369859591 0.175150136
9 5.115219116 7.517076492 -23.079305649 1.501763517 -0.35837646 0.015053389
10 -13.525115967 0 0 0.021433457 0.080376207 -0.088410138
11 -11.953033447 -0.000022888 0 0.013813082 -0.033056365 0.148656752
12 -8.290390015 -0.000015259 -0.000000954 0.065550367 -0.104741165 -0.166202237
13 -7.875 0.000030518 0 0.024255748 -0.057337367 -0.32711009
14 -8.785766602 0.000032425 0.000001907 0.172790293 -0.091715632 -0.479255487
15 -8.903717041 0.000011444 -0.000007629 0.327982297 0.037887549 0.442256455
16 5.903442383 12.714838982 -17.693174362 1.370188491 -0.37922568 -0.02939746
17 -13.525131226 0.000007629 0 0.001233544 0.070540651 -0.072782876
18 -11.953063965 0 0 0.034869775 -0.10295295 0.15586809
19 -8.290390015 0.000007629 0 0.061437984 -0.039831735 0.050779227
20 -7.875 0.000030518 -0.000011444 -0.000909272 0.063774246 -0.319189103
21 -8.78578186 0.000038147 -0.000001907 0.07852196 0.16138479 -0.51770585
22 -8.903717041 0 -0.000001431 0.242266841 -0.191441687 0.36051377
23 5.115203857 -7.603523731 -23.079328537 -1.554662073 0.381674365 -2.887288286
24 13.525100708 -0.000015259 0 0.022154948 -0.090716939 -0.089778789
25 11.953048706 0.000007629 0.000007629 0.112910236 -0.084007177 0.170003955
26 8.290359497 -0.000015259 -0.000007629 0.141290581 0.017891842 -0.121605803
27 7.875 -0.000022888 0.000003815 0.058512883 0.237629686 -0.325536535
28 8.785797119 -0.000038147 0 0.09570847 0.221470845 -0.526328954
29 8.903717041 0.000011444 0.000003815 -0.237106732 0.44042397 0.261609227
30 5.903427124 -12.801288605 -17.69320488 -1.598720893 0.442583503 -2.77991415
31 13.525115967 0 0 -0.006981823 -0.057368722 -0.094045445
32 11.953048706 0.000015259 -0.000007629 0.110826096 -0.102491655 0.167044011
33 8.290390015 0 -0.000007629 0.151000944 0.106406125 0.084184641
34 7.875 -0.000015259 0.000007629 0.054093993 0.368079056 -0.314390103
35 8.785797119 -0.000030518 0 0.092235839 0.426529268 -0.518071367
36 8.9037323 -0.000003815 0 -0.292676417 0.416568362 0.22968523
37 4.435455322 0.000126362 -25.179960251 -3.117617043 0.363008552 -3.024970545
38 14.171035767 0.000020981 1.280685425 -0.040850447 -0.057274188 -0.07943485
39 10.9765625 0.000011444 0.352539063 0.013575381 -0.0956309 -0.034440468
40 8.120315552 -0.000007629 -0.000015259 0.008911919 0.076202255 0.052432928
41 8.120285034 -0.000003815 -0.000030518 0.029071762 0.300688359 0.186173077
42 8.120330811 0.000001431 -0.000015259 0.092266761 0.673679673 0.256711943
43 8.120346069 -0.000003815 0.000068665 -0.477040233 -0.23129885 0.171052717
44 7.146972656 16.179798126 -9.195619583 1.376844409 -0.303705466 -0.072871366
45 -13.525115967 -0.000007629 0.000003815 -0.058318294 -0.252190243 0.290184579
46 -11.953041077 -0.000022888 0 0.047134895 -0.192083834 0.110191798
47 -8.290393829 0 0.000015259 0.102288746 -0.128124048 0.370937987
48 -7.875 0 0 0.08513892 0.1150918 0.031994978
49 -8.785785675 0.000030518 -0.000007629 0.077938653 0.402053805 -0.551105235
50 -8.903717041 0.000015259 0.000001907 0.162558631 -0.211931629 0.115054981
51 7.146957397 -16.26625061 -9.195617676 -1.594435862 0.362965226 -2.75698367
52 13.525115967 0.000007629 0.000007629 -0.095557137 -0.148020111 -0.023932169
53 11.953033447 0.000007629 0 0.107903084 -0.098856542 0.153639813
54 8.290390015 0.000007629 0 0.20206169 0.194027935 0.141750301
55 7.875 -0.000015259 0.000015259 0.107896386 0.537678195 -0.220042385
56 8.785797119 -0.000030518 0.000001907 0.046773969 0.631292874 -0.561995842
57 8.90372467 -0.000003815 -0.000007629 -0.39020363 0.321075214 0.164042265
58 -5.36730957 8.366909027 8.703121185 1.80941658 -0.825100546 3.108000706
59 13.525123596 0 0 -0.296468905 -0.078299246 -0.169078084
60 -3.441879272 -10.792387962 9.377009392 1.721644941 -0.950206037 -3.022957522
61 13.525131226 0 0.000003815 -0.399252624 0.220355249 -0.358824016
62 11.953048706 0.000015259 0 0.212996825 0.035653938 -0.599689818
63 8.290374756 0.000003815 0 0.177301062 -0.11205861 -0.395895553
64 7.875 -0.000034332 0 0.147337011 -0.231715718 -0.232987544
65 19.39491272 -14.052387238 -0.467090607 -1.318828987 -0.880973617 -0.12469356
66 26.240768433 0.000015259 -0.000001907 -0.007714673 -0.35416638 0.536505392
67 31.971008301 0.000007629 0 -1.678648368 0.467889424 -0.13378373
68 4.627258301 -2.311302185 4.185630798 -0.021512477 -0.254658869 -0.451859094
69 2.980117798 0 -0.000000954 -0.040823197 0.14004721 0.242069561
70 1.982421875 0.000019073 0.000019073 0.001822187 0.301463179 0.041313792
71 10.844894409 -1.281569481 -1.331680298 0.003154845 -0.01855101 -1.502721343
72 3.98828125 0 0.000041962 0.024656551 0.116612118 -1.30426207
73 2.26953125 -0.000007629 -0.000011444 0.010246566 0.020303916 -1.235445909
74 10.908889771 -1.23739624 0.829597473 -0.003109352 -0.01605034 -0.895852925
75 3.989456177 0 0.000049591 -0.026019839 0.050783303 -0.636960393
76 3.478284836 -0.000030518 -0.000007629 0.025346404 -0.11085993 -0.737210855
77 10.291915894 -1.202157974 -3.34413147 0.018038834 -0.023865117 -1.537453755
78 2.757152557 0 0.000022888 -0.269907553 -0.095587855 -1.29157427
79 1.775390625 0 -0.000022888 0.198076059 0.357239486 -1.30316968
80 10.971908569 -1.193932533 2.957344055 -0.014265529 -0.004860461 -1.002109965
81 3.82421875 -0.000030518 0.000038147 -0.000596317 0.002170439 -0.689801398
82 2.94140625 0 0 0.003950255 0.00698882 -0.847183373
83 0 0.000009537 0.000007629 -0.281161032 -0.158281714 -1.026998567
84 19.394897461 13.160596848 -0.467079163 1.401209606 1.024975721 -3.104238507
85 -26.240768433 0.000030518 0.000001907 0.323969435 -0.404134518 0.394902968
86 -31.97102356 0 -0.000015259 -1.81792558 0.01103903 0.008162281
87 -11.614593506 3.933109283 0.069389343 1.720533477 1.395162973 1.933670481
88 -10.48449707 1.069202423 3.539878845 -3.131584703 0.028220486 2.411526648
89 2.757156372 0.000015259 0.000019073 -0.011712134 0.035128624 1.019560794
90 1.775390625 0 -0.000030518 -0.204499622 -0.298392802 0.873982333
91 -11.046478271 1.142410278 1.529701233 -3.130487012 0.018259081 2.114134707
92 3.98828125 0.000030518 0.000041962 0.004872241 -0.009924216 1.610032301
93 2.26953125 0.000007629 0.000007629 -0.076539319 -0.095407065 1.438172442
94 -11.192642212 1.041530609 -2.758430481 -3.117466097 -0.002180357 2.477429666
95 3.82421875 0.000030518 0.000041962 0.00053161 0.002187187 1.610324685
96 8.785766602 -0.000030518 -0.000003815 0.028889808 0.206538207 -0.655495889
97 2.94140625 0.000015259 -0.000015259 -0.004550553 0.006091757 1.767588569
98 -11.120147705 1.091533661 -0.631126404 -3.128907678 0.018357161 2.400346066
99 3.989395142 0.000015259 0.000038147 0.021444626 0.041947477 1.751021405
100 3.478317261 0.000030518 -0.000015259 -0.001306817 0.004312204 1.848998194
101 -4.853607178 2.155090332 -4.018516541 3.123057975 0.125574955 2.46129872
102 2.980133057 0 0.000019073 0.038574713 -0.163808097 -0.240289671
103 1.982421875 -0.000015259 0.00003624 0 0 -0.040571652
104 0 -0.000015259 -0.000015259 -0.01786834 -0.032037725 -0.918099438
105 7.08984375 0 0 3.141592654 -0.174494806 3.141592654
106 7.528244019 8.168074608 -1.232803345 2.885017799 0.303466685 3.108838628
107 -54.911254883 -0.649675369 -0.176704407 1.856728718 0.785609017 0.048036467
108 -61.183185577 0.000005722 -0.000001907 0.174037262 0.013709953 -0.309466751
109 8.588668823 0 1.514417648 0 0 0
110 4.260528564 -21.349500656 -3.218471527 -0.229646484 -0.146054022 -0.303432411
111 15.606674194 0 -0.00001049 -0.000436798 0.01622552 -0.096373489
112 15.853752136 0 -0.000006676 -0.001737416 0.031234104 -0.204981379
113 15.151866913 0 0.000000954 0.001804767 0.008883462 -0.079857017
114 11.149963379 0.000015259 -0.000007153 -0.040082832 0.120800773 -0.029237533
115 1.725112915 -0.142127961 11.160657883 -2.019105011 -0.695607809 0.137591666
116 15.606689453 0 -0.000001907 -0.000210967 0.010442243 -0.040400637
117 15.853736877 0 -0.000003815 -0.00126118 0.020421436 -0.15710641
118 15.151851654 -0.000007629 0 0.000767698 0.00599632 -0.089711291
119 11.149967194 0 0 -0.004405233 0.001667874 0.242797748
120 6.67868042 -0.142132968 -16.932609558 1.571106218 -0.034669705 3.141587281
121 -15.606674194 0.000007629 -0.00000003 0 0 0.051795839
122 -15.853752136 0.000003815 0.00000599 0 0 0.021665926
123 -15.151847839 0.000001907 0 0 0 -0.043075388
124 -11.14994812 0 0.00000602 0 0 0.081764736
125 2.507659912 15.939216614 6.722545624 -1.789671757 0.255676781 -2.869102546
126 -15.606681824 0.000003815 0 0.009335557 0.014947637 -0.021424343
127 -15.853759766 0 0.000007629 0.017729094 -0.113865862 0.065316652
128 -15.15184021 0 0.000015259 -0.005158193 -0.049349899 -0.04995705
129 -11.14995575 -0.000005722 0.000007629 0.01299221 0.10724761 -0.197494444
130 2.507629395 -17.075351715 6.722560883 -1.394725005 -0.44812799 -0.316868681
131 15.606674194 0 0 0.006939315 0.083457485 -0.055267764
132 15.853744507 0 0.000011444 0.019219895 0.019365904 -0.003094226
133 15.151855469 0 0.000003815 -0.000262445 -0.012101289 -0.070794224
134 11.149967194 0 -0.000019073 0.05088976 -0.113244038 0.07765244
135 5.8931427 15.939212799 -12.47754097 3.060441594 0.13907538 0.286958964
136 15.606674194 0 0.000024796 0.008235068 0.010690934 -0.058747488
137 15.853744507 -0.000007629 -0.000009537 0.023806286 -0.122897528 -0.008816111
138 15.151855469 0 0 -0.002127229 -0.051732005 -0.071368016
139 11.14994812 0 -0.000003815 0.035401214 0.06395871 0.093067358
140 5.893157959 -17.075357437 -12.477553368 1.665114988 0.046168712 2.945850245
141 -15.606643677 0 0.000007629 0.010049594 0.027177713 0.002640022
142 -15.853729248 0 -0.000011444 0.014709187 -0.089812173 0.111639638
143 -15.15184021 -0.000003815 0 -0.006786248 -0.04303874 -0.037758255
144 -11.14994812 -0.000005722 -0.000007629 -0.271235576 -0.11581174 -0.002329874
145 4.260498047 20.773923874 -3.218486786 0.023101859 -0.035501231 -2.90636479
146 -15.606689453 0.000007629 0.000000954 -0.000473507 -0.029435823 0.067354051
147 -15.853744507 0.000007629 0 -0.001413408 -0.057500915 -0.0079038
148 -15.151832581 -0.000003815 0.000001907 0.000559259 -0.015561613 0.061291988
149 -11.149971008 0 -0.000001907 -0.01022957 0.299857428 -0.226108714
150 7.528259277 -8.043748856 -1.232804298 -0.653604446 -0.226792034 0.150327416
151 54.911224365 0.649678707 0.176696777 1.571141194 0.649263053 0.091400882
152 61.183162689 -0.000007629 0.000000238 0.542701548 0.211647802 0.109075119
153 -0.364088595 36.477970123 12.189170837 0.340633688 -0.000040147 0.000233438
154 -0.364086866 -2.758006096 4.994803905 0 0 0.000244115
155 -0.364086866 -2.758006096 4.994803905 0 0 0.000244115
156 -0.364086866 -2.758006096 4.994803905 0 0 0.000244115
157 -0.364086866 -2.758006096 4.994803905 0 0 0.000244115
158 -0.364086866 -2.758006096 4.994803905 0 0 0.000244115
159 -0.364086866 -2.758006096 4.994803905 0 0 0.000244115
160 -0.364086866 -2.758006096 4.994803905 0 0 0.000244115
161 -0.364086866 -2.758006096 4.994803905 0 0 0.000244115
162 -0.498048782 -4.95163393 0.510848999 0 0 0.000244115
163 -0.364086866 -2.758006096 4.994803905 0 0 0.000244115
time 3
0 -0.364086866 -2.758006096 4.994803905 0 0 0.000244115
1 -0.355918914 -24.813129425 18.991354001 3.141592654 -1.497890235 1.570796489
2 130.809036255 0 0.000001907 0 0 0
3 6.662033081 -0.142129987 2.521337509 2.93088364 -0.190273848 -0.011382371
4 24.360946655 -0.000000954 0.000019073 0.10792569 -0.021553803 0.027710215
5 24.806411743 -0.000006676 0.765964508 -0.834961108 -0.344067487 0.13280885
6 8.120300293 -0.000001907 0 0.878961621 0.160260258 -0.144032846
7 8.120300293 -0.000000954 0 3.141592654 -1.17489882 3.141592654
8 8.120300293 -0.000000954 0 -0.216192487 -1.369859591 0.175150136
9 5.115219116 7.517076492 -23.079305649 1.501763517 -0.35837646 0.015053389
10 -13.525115967 0 0 0.016311817 0.074187962 -0.155467149
11 -11.953033447 -0.000022888 0 0.017757874 -0.026921255 0.119742453
12 -8.290390015 -0.000015259 -0.000000954 0.063596971 -0.071088819 -0.024644171
13 -7.875 0.000030518 0 0.024145169 -0.0468576 -0.182576815
14 -8.785766602 0.000032425 0.000001907 0.179673635 -0.119775092 -0.481358125
15 -8.903717041 0.000011444 -0.000007629 0.327982297 0.037887549 0.442256455
16 5.903442383 12.714838982 -17.693174362 1.370188491 -0.37922568 -0.02939746
17 -13.525131226 0.000007629 0 -0.00417733 0.08306018 -0.141974294
18 -11.953063965 0 0 0.042426316 -0.083833567 0.125591332
19 -8.290390015 0.000007629 0 0.060609674 -0.04897637 0.152427334
20 -7.875 0.000030518 -0.000011444 0.010029049 0.026592651 -0.157141034
21 -8.78578186 0.000038147 -0.000001907 0.102362738 0.12671859 -0.458493745
22 -8.903717041 0 -0.000001431 0.242266841 -0.191441687 0.36051377
23 5.115203857 -7.603523731 -23.079328537 -1.554662073 0.381674365 -2.887288286
24 13.525100708 -0.000015259 0 0.026874675 -0.044886399 -0.158955059
25 11.953048706 0.000007629 0.000007629 0.113868457 -0.068133919 0.138279117
26 8.290359497 -0.000015259 -0.000007629 0.143623791 -0.041391588 0.020739553
27 7.875 -0.000022888 0.000003815 0.092010435 0.171728988 -0.158000119
28 8.785797119 -0.000038147 0 0.114291843 0.206384525 -0.518283347
29 8.903717041 0.000011444 0.000003815 -0.237106732 0.44042397 0.261609227
30 5.903427124 -12.801288605 -17.69320488 -1.598720893 0.442583503 -2.77991415
31 13.525115967 0 0 -0.004953724 0.002271284 -0.166704178
32 11.953048706 0.000015259 -0.000007629 0.111254302 -0.083380014 0.136768136
33 8.290390015 0 -0.000007629 0.137578635 0.008374653 0.191996488
34 7.875 -0.000015259 0.000007629 0.091544545 0.268367458 -0.137565183
35 8.785797119 -0.000030518 0 0.12331496 0.430948095 -0.476378945
36 8.9037323 -0.000003815 0 -0.292676417 0.416568362 0.22968523
37 4.435455322 0.000126362 -25.179960251 -3.117617043 0.363008552 -3.024970545
38 14.171035767 0.000020981 1.280685425 -0.039178891 0.040401667 -0.053903713
39 10.9765625 0.000011444 0.352539063 0.012022573 -0.085664069 -0.02850899
40 8.120315552 -0.000007629 -0.000015259 0.005113203 -0.083319038 -0.000385919
41 8.120285034 -0.000003815 -0.000030518 0.013766212 0.147096434 0.118447353
42 8.120330811 0.000001431 -0.000015259 0.08231959 0.657995389 0.252307141
43 8.120346069 -0.000003815 0.000068665 -0.477040233 -0.23129885 0.171052717
44 7.146972656 16.179798126 -9.195619583 1.376844409 -0.303705466 -0.072871366
45 -13.525115967 -0.000007629 0.000003815 -0.058318294 -0.252190243 0.290184579
46 -11.953041077 -0.000022888 0 0.068772808 -0.08676764 -0.045090464
47 -8.290393829 0 0.000015259 0.092825336 -0.1198868 0.344723787
48 -7.875 0 0 0.067942383 0.010342919 0.23972939
49 -8.785785675 0.000030518 -0.000007629 0.141985408 0.318993882 -0.299991769
50 -8.903717041 0.000015259 0.000001907 0.162558631 -0.211931629 0.115054981
51 7.146957397 -16.26625061 -9.195617676 -1.594435862 0.362965226 -2.75698367
52 13.525115967 0.000007629 0.000007629 -0.087584858 -0.075295422 -0.095304131
53 11.953033447 0.000007629 0 0.105105217 -0.079614575 0.126698064
54 8.290390015 0.000007629 0 0.176350375 0.053076667 0.22749748
55 7.875 -0.000015259 0.000015259 0.151363988 0.406459334 -0.061752173
56 8.785797119 -0.000030518 0.000001907 0.078444803 0.657398982 -0.528452002
57 8.90372467 -0.000003815 -0.000007629 -0.39020363 0.321075214 0.164042265
58 -5.36730957 8.366909027 8.703121185 1.803728558 -0.74669262 3.116004886
59 13.525123596 0 0 -0.296468905 -0.078299246 -0.169078084
60 -3.441879272 -10.792387962 9.377009392 1.738494982 -0.859482958 -3.044332884
61 13.525131226 0 0.000003815 -0.414388909 0.195793526 -0.311833453
62 11.953048706 0.000015259 0 0.194556421 0.013328676 -0.371886363
63 8.290374756 0.000003815 0 0.147217953 -0.048957962 -0.342973684
64 7.875 -0.000034332 0 0.157761922 -0.230095974 -0.416062546
65 19.39491272 -14.052387238 -0.467090607 -1.346457862 -0.869915914 -0.105458828
66 26.240768433 0.000015259 -0.000001907 -0.007703322 -0.344533751 0.536544375
67 31.971008301 0.000007629 0 -1.678648368 0.467889424 -0.13378373
68 4.627258301 -2.311302185 4.185630798 -0.021512477 -0.254658869 -0.451859094
69 2.980117798 0 -0.000000954 -0.040823197 0.14004721 0.242069561
70 1.982421875 0.000019073 0.000019073 0.001822187 0.301463179 0.041313792
71 10.844894409 -1.281569481 -1.331680298 0.003154845 -0.01855101 -1.502721343
72 3.98828125 0 0.000041962 0.024656551 0.116612118 -1.30426207
73 2.26953125 -0.000007629 -0.000011444 0.010246566 0.020303916 -1.235445909
74 10.908889771 -1.23739624 0.829597473 -0.003109352 -0.01605034 -0.895852925
75 3.989456177 0 0.000049591 -0.026019839 0.050783303 -0.636960393
76 3.478284836 -0.000030518 -0.000007629 0.025346404 -0.11085993 -0.737210855
77 10.291915894 -1.202157974 -3.34413147 0.018038834 -0.023865117 -1.537453755
78 2.757152557 0 0.000022888 -0.269907553 -0.095587855 -1.29157427
79 1.775390625 0 -0.000022888 0.198076059 0.357239486 -1.30316968
80 10.971908569 -1.193932533 2.957344055 -0.014265529 -0.004860461 -1.002109965
81 3.82421875 -0.000030518 0.000038147 -0.000596317 0.002170439 -0.689801398
82 2.94140625 0 0 0.003950255 0.00698882 -0.847183373
83 0 0.000009537 0.000007629 -0.281161032 -0.158281714 -1.026998567
84 19.394897461 13.160596848 -0.467079163 1.401209606 1.024975721 -3.104238507
85 -26.240768433 0.000030518 0.000001907 0.323969435 -0.404134518 0.394902968
86 -31.97102356 0 -0.000015259 -1.81792558 0.01103903 0.008162281
87 -11.614593506 3.933109283 0.069389343 1.720533477 1.395162973 1.933670481
88 -10.48449707 1.069202423 3.539878845 -3.131584703 0.028220486 2.411526648
89 2.757156372 0.000015259 0.000019073 -0.011712134 0.035128624 1.019560794
90 1.775390625 0 -0.000030518 -0.204499622 -0.298392802 0.873982333
91 -11.046478271 1.142410278 1.529701233 -3.130487012 0.018259081 2.114134707
92 3.98828125 0.000030518 0.000041962 0.004872241 -0.009924216 1.610032301
93 2.26953125 0.000007629 0.000007629 -0.076539319 -0.095407065 1.438172442
94 -11.192642212 1.041530609 -2.758430481 -3.117466097 -0.002180357 2.477429666
95 3.82421875 0.000030518 0.000041962 0.00053161 0.002187187 1.610324685
96 8.785766602 -0.000030518 -0.000003815 0.028889808 0.206538207 -0.655495889
97 2.94140625 0.000015259 -0.000015259 -0.004550553 0.006091757 1.767588569
98 -11.120147705 1.091533661 -0.631126404 -3.128907678 0.018357161 2.400346066
99 3.989395142 0.000015259 0.000038147 0.021444626 0.041947477 1.751021405
100 3.478317261 0.000030518 -0.000015259 -0.001306817 0.004312204 1.848998194
101 -4.853607178 2.155090332 -4.018516541 3.123057975 0.125574955 2.46129872
102 2.980133057 0 0.000019073 0.038574713 -0.163808097 -0.240289671
103 1.982421875 -0.000015259 0.00003624 0 0 -0.040571652
104 0 -0.000015259 -0.000015259 -0.01786834 -0.032037725 -0.918099438
105 7.08984375 0 0 3.141592654 -0.174494806 3.141592654
106 7.528244019 8.168074608 -1.232803345 2.885017799 0.303466685 3.108838628
107 -54.911254883 -0.649675369 -0.176704407 1.856728718 0.785609017 0.048036467
108 -61.183185577 0.000005722 -0.000001907 0.174037262 0.013709953 -0.309466751
109 8.588668823 0 1.514417648 0 0 0
110 4.260528564 -21.349500656 -3.218471527 -0.229646484 -0.146054022 -0.303432411
111 15.606674194 0 -0.00001049 -0.000009537 0.000345136 -0.055249747
112 15.853752136 0 -0.000006676 -0.002865476 0.029555636 -0.187471906
113 15.151866913 0 0.000000954 -0.000577906 0.030583055 -0.12811912
114 11.149963379 0.000015259 -0.000007153 -0.040082832 0.120800773 -0.029237533
115 1.725112915 -0.142127961 11.160657883 -2.019105011 -0.695607809 0.137591666
116 15.606689453 0 -0.000001907 0.000000782 0.000086314 0.018126761
117 15.853736877 0 -0.000003815 -0.00143658 0.019454933 -0.147410728
118 15.151851654 -0.000007629 0 -0.000950802 0.020187887 -0.162471964
119 11.149967194 0 0 -0.004405233 0.001667874 0.242797748
120 6.67868042 -0.142132968 -16.932609558 1.571106218 -0.034669705 3.141587281
121 -15.606674194 0.000007629 -0.00000003 0 0 0.019766858
122 -15.853752136 0.000003815 0.00000599 0 0 0.022874438
123 -15.151847839 0.000001907 0 0 0 0.011221233
124 -11.14994812 0 0.00000602 0 0 0.081764736
125 2.507659912 15.939216614 6.722545624 -1.789671757 0.255676781 -2.869102546
126 -15.606681824 0.000003815 0 0.009454361 0.043765869 -0.0177517
127 -15.853759766 0 0.000007629 0.016629315 -0.104237482 0.057485808
128 -15.15184021 0 0.000015259 -0.003567167 -0.084375972 -0.046506275
129 -11.14995575 -0.000005722 0.000007629 0.01299221 0.10724761 -0.197494444
130 2.507629395 -17.075351715 6.722560883 -1.394725005 -0.44812799 -0.316868681
131 15.606674194 0 0 0.009343527 0.045235205 -0.018265609
132 15.853744507 0 0.000011444 0.019610159 0.021387444 -0.00669636
133 15.151855469 0 0.000003815 -0.004311479 0.044281032 -0.116458542
134 11.149967194 0 -0.000019073 0.05088976 -0.113244038 0.07765244
135 5.8931427 15.939212799 -12.47754097 3.060441594 0.13907538 0.286958964
136 15.606674194 0 0.000024796 0.009352425 0.044026935 -0.018357155
137 15.853744507 -0.000007629 -0.000009537 0.020224802 -0.113626539 -0.012044408
138 15.151855469 0 0 0.001572698 -0.094453449 -0.119222068
139 11.14994812 0 -0.000003815 0.035401214 0.06395871 0.093067358
140 5.893157959 -17.075357437 -12.477553368 1.665114988 0.046168712 2.945850245
141 -15.606643677 0 0.000007629 0.009380231 0.0441072 -0.017061048
142 -15.853729248 0 -0.000011444 0.015599324 -0.081449973 0.101090409
143 -15.15184021 -0.000003815 0 -0.006239235 -0.06043793 -0.002143029
144 -11.14994812 -0.000005722 -0.000007629 -0.271235576 -0.11581174 -0.002329874
145 4.260498047 20.773923874 -3.218486786 0.023101859 -0.035501231 -2.90636479
146 -15.606689453 0.000007629 0.000000954 0.000076134 -0.000605586 0.033665101
147 -15.853744507 0.000007629 0 0.000177932 -0.054299683 -0.003372428
148 -15.151832581 -0.000003815 0.000001907 -0.00215369 -0.055730565 0.101997532
149 -11.149971008 0 -0.000001907 -0.01022957 0.299857428 -0.226108714
150 7.528259277 -8.043748856 -1.232804298 -0.653604446 -0.226792034 0.150327416
151 54.911224365 0.649678707 0.176696777 1.571141194 0.649263053 0.091400882
152 61.183162689 -0.000007629 0.000000238 0.542701548 0.211647802 0.109075119
153 -0.364088595 36.477970123 12.189170837 0.340633688 -0.000040147 0.000233438
154 -0.364086866 -2.758006096 4.994803905 0 0 0.000244115
155 -0.364086866 -2.758006096 4.994803905 0 0 0.000244115
156 -0.364086866 -2.758006096 4.994803905 0 0 0.000244115
157 -0.364086866 -2.758006096 4.994803905 0 0 0.000244115
158 -0.364086866 -2.758006096 4.994803905 0 0 0.000244115
159 -0.364086866 -2.758006096 4.994803905 0 0 0.000244115
160 -0.364086866 -2.758006096 4.994803905 0 0 0.000244115
161 -0.364086866 -2.758006096 4.994803905 0 0 0.000244115
162 -0.498048782 -4.95163393 0.510848999 0 0 0.000244115
163 -0.364086866 -2.758006096 4.994803905 0 0 0.000244115
time 4
0 -0.364086866 -2.758006096 4.994803905 0 0 0.000244115
1 -0.355918914 -24.813129425 18.620266038 3.141592654 -1.497890235 1.570796489
2 130.809036255 0 0.000001907 0 0 0
3 6.662033081 -0.142129987 2.521337509 2.93088364 -0.190273848 -0.011382371
4 24.360946655 -0.000000954 0.000019073 0.10792569 -0.021553803 0.027710215
5 24.806411743 -0.000006676 0.765964508 -0.834961108 -0.344067487 0.13280885
6 8.120300293 -0.000001907 0 0.878961621 0.160260258 -0.144032846
7 8.120300293 -0.000000954 0 3.141592654 -1.17489882 3.141592654
8 8.120300293 -0.000000954 0 -0.216192487 -1.369859591 0.175150136
9 5.115219116 7.517076492 -23.079305649 1.501763517 -0.35837646 0.015053389
10 -13.525115967 0 0 0.014667101 0.07220122 -0.176858576
11 -11.953033447 -0.000022888 0 0.019140585 -0.026903959 0.09318394
12 -8.290390015 -0.000015259 -0.000000954 0.065139729 -0.059357136 0.011112064
13 -7.875 0.000030518 0 0.023451569 -0.03277678 -0.101697823
14 -8.785766602 0.000032425 0.000001907 0.178914927 -0.124650343 -0.441629594
15 -8.903717041 0.000011444 -0.000007629 0.327982297 0.037887549 0.442256455
16 5.903442383 12.714838982 -17.693174362 1.370188491 -0.37922568 -0.02939746
17 -13.525131226 0.000007629 0 -0.005949328 0.08701329 -0.164168291
18 -11.953063965 0 0 0.04565156 -0.0744315 0.097872778
19 -8.290390015 0.000007629 0 0.061101829 -0.047428426 0.175603991
20 -7.875 0.000030518 -0.000011444 0.012044034 0.014217448 -0.079954855
21 -8.78578186 0.000038147 -0.000001907 0.114436026 0.107136832 -0.396140445
22 -8.903717041 0 -0.000001431 0.242266841 -0.191441687 0.36051377
23 5.115203857 -7.603523731 -23.079328537 -1.554662073 0.381674365 -2.887288286
24 13.525100708 -0.000015259 0 0.027696219 -0.030078197 -0.181101965
25 11.953048706 0.000007629 0.000007629 0.115274981 -0.051620909 0.109602425
26 8.290359497 -0.000015259 -0.000007629 0.143488383 -0.056602066 0.056282197
27 7.875 -0.000022888 0.000003815 0.101267064 0.139005514 -0.066948473
28 8.785797119 -0.000038147 0 0.128533009 0.19009948 -0.468211759
29 8.903717041 0.000011444 0.000003815 -0.237106732 0.44042397 0.261609227
30 5.903427124 -12.801288605 -17.69320488 -1.598720893 0.442583503 -2.77991415
31 13.525115967 0 0 -0.005261096 0.021522699 -0.190164935
32 11.953048706 0.000015259 -0.000007629 0.112809703 -0.061425372 0.107820405
33 8.290390015 0 -0.000007629 0.129642364 -0.017564313 0.217452119
34 7.875 -0.000015259 0.000007629 0.099324161 0.213256267 -0.050906332
35 8.785797119 -0.000030518 0 0.148443687 0.412768069 -0.411208919
36 8.9037323 -0.000003815 0 -0.292676417 0.416568362 0.22968523
37 4.435455322 0.000126362 -25.179960251 -3.117617043 0.363008552 -3.024970545
38 14.171035767 0.000020981 1.280685425 -0.03810428 0.071768169 -0.045775177
39 10.9765625 0.000011444 0.352539063 0.011081759 -0.057565935 -0.018971757
40 8.120315552 -0.000007629 -0.000015259 0.004876621 -0.129359798 -0.015193628
41 8.120285034 -0.000003815 -0.000030518 0.007144219 0.055346289 0.083204283
42 8.120330811 0.000001431 -0.000015259 0.065729814 0.613043115 0.227794022
43 8.120346069 -0.000003815 0.000068665 -0.477040233 -0.23129885 0.171052717
44 7.146972656 16.179798126 -9.195619583 1.376844409 -0.303705466 -0.072871366
45 -13.525115967 -0.000007629 0.000003815 -0.058318294 -0.252190243 0.290184579
46 -11.953041077 -0.000022888 0 0.072159795 -0.052555593 -0.094035365
47 -8.290393829 0 0.000015259 0.094911813 -0.09546378 0.296536965
48 -7.875 0 0 0.054198343 -0.020998993 0.298898878
49 -8.785785675 0.000030518 -0.000007629 0.161979195 0.260566184 -0.158272537
50 -8.903717041 0.000015259 0.000001907 0.162558631 -0.211931629 0.115054981
51 7.146957397 -16.26625061 -9.195617676 -1.594435862 0.362965226 -2.75698367
52 13.525115967 0.000007629 0.000007629 -0.086150955 -0.051665243 -0.118149819
53 11.953033447 0.000007629 0 0.105557133 -0.052586717 0.100768478
54 8.290390015 0.000007629 0 0.162276223 0.013731382 0.247346182
55 7.875 -0.000015259 0.000015259 0.157527118 0.328908876 0.015049
56 8.785797119 -0.000030518 0.000001907 0.111467906 0.644110794 -0.464536479
57 8.90372467 -0.000003815 -0.000007629 -0.39020363 0.321075214 0.164042265
58 -5.36730957 8.366909027 8.703121185 1.802163849 -0.721087203 3.118396071
59 13.525123596 0 0 -0.296468905 -0.078299246 -0.169078084
60 -3.441879272 -10.792387962 9.377009392 1.742952202 -0.829770544 -3.050277068
61 13.525131226 0 0.000003815 -0.421153327 0.180401249 -0.316191042
62 11.953048706 0.000015259 0 0.187958644 -0.004714493 -0.288151144
63 8.290374756 0.000003815 0 0.134287792 -0.019394043 -0.261585482
64 7.875 -0.000034332 0 0.150303515 -0.209731663 -0.466676761
65 19.39491272 -14.052387238 -0.467090607 -1.370421693 -0.858914062 -0.089379149
66 26.240768433 0.000015259 -0.000001907 -0.007669971 -0.334187613 0.536556444
67 31.971008301 0.000007629 0 -1.678648368 0.467889424 -0.13378373
68 4.627258301 -2.311302185 4.185630798 -0.021512477 -0.254658869 -0.451859094
69 2.980117798 0 -0.000000954 -0.040823197 0.14004721 0.242069561
70 1.982421875 0.000019073 0.000019073 0.001822187 0.301463179 0.041313792
71 10.844894409 -1.281569481 -1.331680298 0.003154845 -0.01855101 -1.502721343
72 3.98828125 0 0.000041962 0.024656551 0.116612118 -1.30426207
73 2.26953125 -0.000007629 -0.000011444 0.010246566 0.020303916 -1.235445909
74 10.908889771 -1.23739624 0.829597473 -0.003109352 -0.01605034 -0.895852925
75 3.989456177 0 0.000049591 -0.026019839 0.050783303 -0.636960393
76 3.478284836 -0.000030518 -0.000007629 0.025346404 -0.11085993 -0.737210855
77 10.291915894 -1.202157974 -3.34413147 0.018038834 -0.023865117 -1.537453755
78 2.757152557 0 0.000022888 -0.269907553 -0.095587855 -1.29157427
79 1.775390625 0 -0.000022888 0.198076059 0.357239486 -1.30316968
80 10.971908569 -1.193932533 2.957344055 -0.014265529 -0.004860461 -1.002109965
81 3.82421875 -0.000030518 0.000038147 -0.000596317 0.002170439 -0.689801398
82 2.94140625 0 0 0.003950255 0.00698882 -0.847183373
83 0 0.000009537 0.000007629 -0.281161032 -0.158281714 -1.026998567
84 19.394897461 13.160596848 -0.467079163 1.401209606 1.024975721 -3.104238507
85 -26.240768433 0.000030518 0.000001907 0.323969435 -0.404134518 0.394902968
86 -31.97102356 0 -0.000015259 -1.81792558 0.01103903 0.008162281
87 -11.614593506 3.933109283 0.069389343 1.720533477 1.395162973 1.933670481
88 -10.48449707 1.069202423 3.539878845 -3.131584703 0.028220486 2.411526648
89 2.757156372 0.000015259 0.000019073 -0.011712134 0.035128624 1.019560794
90 1.775390625 0 -0.000030518 -0.204499622 -0.298392802 0.873982333
91 -11.046478271 1.142410278 1.529701233 -3.130487012 0.018259081 2.114134707
92 3.98828125 0.000030518 0.000041962 0.004872241 -0.009924216 1.610032301
93 2.26953125 0.000007629 0.000007629 -0.076539319 -0.095407065 1.438172442
94 -11.192642212 1.041530609 -2.758430481 -3.117466097 -0.002180357 2.477429666
95 3.82421875 0.000030518 0.000041962 0.00053161 0.002187187 1.610324685
96 8.785766602 -0.000030518 -0.000003815 0.028889808 0.206538207 -0.655495889
97 2.94140625 0.000015259 -0.000015259 -0.004550553 0.006091757 1.767588569
98 -11.120147705 1.091533661 -0.631126404 -3.128907678 0.018357161 2.400346066
99 3.989395142 0.000015259 0.000038147 0.021444626 0.041947477 1.751021405
100 3.478317261 0.000030518 -0.000015259 -0.001306817 0.004312204 1.848998194
101 -4.853607178 2.155090332 -4.018516541 3.123057975 0.125574955 2.46129872
102 2.980133057 0 0.000019073 0.038574713 -0.163808097 -0.240289671
103 1.982421875 -0.000015259 0.00003624 0 0 -0.040571652
104 0 -0.000015259 -0.000015259 -0.01786834 -0.032037725 -0.918099438
105 7.08984375 0 0 3.141592654 -0.174494806 3.141592654
106 7.528244019 8.168074608 -1.232803345 2.885017799 0.303466685 3.108838628
107 -54.911254883 -0.649675369 -0.176704407 1.856728718 0.785609017 0.048036467
108 -61.183185577 0.000005722 -0.000001907 0.174037262 0.013709953 -0.309466751
109 8.588668823 0 1.514417648 0 0 0
110 4.260528564 -21.349500656 -3.218471527 -0.229646484 -0.146054022 -0.303432411
111 15.606674194 0 -0.00001049 0.000013075 -0.004748191 -0.04186683
112 15.853752136 0 -0.000006676 -0.002793056 0.025317731 -0.172291483
113 15.151866913 0 0.000000954 -0.001571736 0.036578919 -0.137749504
114 11.149963379 0.000015259 -0.000007153 -0.040082832 0.120800773 -0.029237533
115 1.725112915 -0.142127961 11.160657883 -2.019105011 -0.695607809 0.137591666
116 15.606689453 0 -0.000001907 -0.000061296 -0.003279464 0.037377474
117 15.853736877 0 -0.000003815 -0.001179749 0.016704262 -0.130704668
118 15.151851654 -0.000007629 0 -0.001674182 0.024116795 -0.181461053
119 11.149967194 0 0 -0.004405233 0.001667874 0.242797748
120 6.67868042 -0.142132968 -16.932609558 1.571106218 -0.034669705 3.141587281
121 -15.606674194 0.000007629 -0.00000003 0 0 0.009322244
122 -15.853752136 0.000003815 0.00000599 0 0 0.015796131
123 -15.151847839 0.000001907 0 0 0 0.027708558
124 -11.14994812 0 0.00000602 0 0 0.081764736
125 2.507659912 15.939216614 6.722545624 -1.789671757 0.255676781 -2.869102546
126 -15.606681824 0.000003815 0 0.009489947 0.053085803 -0.016586132
127 -15.853759766 0 0.000007629 0.016303176 -0.094354173 0.055667254
128 -15.15184021 0 0.000015259 -0.002916115 -0.092054796 -0.047394751
129 -11.14995575 -0.000005722 0.000007629 0.01299221 0.10724761 -0.197494444
130 2.507629395 -17.075351715 6.722560883 -1.394725005 -0.44812799 -0.316868681
131 15.606674194 0 0 0.009739518 0.032746388 -0.006228902
132 15.853744507 0 0.000011444 0.01994426 0.013287053 0.000650443
133 15.151855469 0 0.000003815 -0.006533704 0.061430989 -0.130780348
134 11.149967194 0 -0.000019073 0.05088976 -0.113244038 0.07765244
135 5.8931427 15.939212799 -12.47754097 3.060441594 0.13907538 0.286958964
136 15.606674194 0 0.000024796 0.009963385 0.054930508 -0.005080014
137 15.853744507 -0.000007629 -0.000009537 0.01834587 -0.102731829 -0.003795545
138 15.151855469 0 0 0.00295032 -0.104441777 -0.134141703
139 11.14994812 0 -0.000003815 0.035401214 0.06395871 0.093067358
140 5.893157959 -17.075357437 -12.477553368 1.665114988 0.046168712 2.945850245
141 -15.606643677 0 0.000007629 0.009090145 0.049574954 -0.02343348
142 -15.853729248 0 -0.000011444 0.01623285 -0.074828013 0.09297609
143 -15.15184021 -0.000003815 0 -0.005791904 -0.063437676 0.005624494
144 -11.14994812 -0.000005722 -0.000007629 -0.271235576 -0.11581174 -0.002329874
145 4.260498047 20.773923874 -3.218486786 0.023101859 -0.035501231 -2.90636479
146 -15.606689453 0.000007629 0.000000954 0.000098582 0.00871746 0.022616116
147 -15.853744507 0.000007629 0 0.000916639 -0.046611374 -0.009691506
148 -15.151832581 -0.000003815 0.000001907 -0.003403985 -0.066649877 0.11495542
149 -11.149971008 0 -0.000001907 -0.01022957 0.299857428 -0.226108714
150 7.528259277 -8.043748856 -1.232804298 -0.653604446 -0.226792034 0.150327416
151 54.911224365 0.649678707 0.176696777 1.571141194 0.649263053 0.091400882
152 61.183162689 -0.000007629 0.000000238 0.542701548 0.211647802 0.109075119
153 -0.364088595 36.477970123 12.189170837 0.340633688 -0.000040147 0.000233438
154 -0.364086866 -2.758006096 4.994803905 0 0 0.000244115
155 -0.364086866 -2.758006096 4.994803905 0 0 0.000244115
156 -0.364086866 -2.758006096 4.994803905 0 0 0.000244115
157 -0.364086866 -2.758006096 4.994803905 0 0 0.000244115
158 -0.364086866 -2.758006096 4.994803905 0 0 0.000244115
159 -0.364086866 -2.758006096 4.994803905 0 0 0.000244115
160 -0.364086866 -2.758006096 4.994803905 0 0 0.000244115
161 -0.364086866 -2.758006096 4.994803905 0 0 0.000244115
162 -0.498048782 -4.95163393 0.510848999 0 0 0.000244115
163 -0.364086866 -2.758006096 4.994803905 0 0 0.000244115
time 5
0 -0.364086866 -2.758006096 4.994803905 0 0 0.000244115
1 -0.355918914 -24.813129425 18.165252753 3.141592654 -1.497890235 1.570796489
2 130.809036255 0 0.000001907 0 0 0
3 6.662033081 -0.142129987 2.521337509 2.93088364 -0.190273848 -0.011382371
4 24.360946655 -0.000000954 0.000019073 0.10792569 -0.021553803 0.027710215
5 24.806411743 -0.000006676 0.765964508 -0.834961108 -0.344067487 0.13280885
6 8.120300293 -0.000001907 0 0.878961621 0.160260258 -0.144032846
7 8.120300293 -0.000000954 0 3.141592654 -1.17489882 3.141592654
8 8.120300293 -0.000000954 0 -0.216192487 -1.369859591 0.175150136
9 5.115219116 7.517076492 -23.079305649 1.501763517 -0.35837646 0.015053389
10 -13.525115967 0 0 0.014102412 0.07145385 -0.184947445
11 -11.953033447 -0.000022888 0 0.019721577 -0.027065645 0.081250084
12 -8.290390015 -0.000015259 -0.000000954 0.065930759 -0.054869276 0.02410967
13 -7.875 0.000030518 0 0.023424653 -0.026160043 -0.067311083
14 -8.785766602 0.000032425 0.000001907 0.178002949 -0.124308156 -0.420567992
15 -8.903717041 0.000011444 -0.000007629 0.327982297 0.037887549 0.442256455
16 5.903442383 12.714838982 -17.693174362 1.370188491 -0.37922568 -0.02939746
17 -13.525131226 0.000007629 0 -0.006706 0.088514831 -0.17253586
18 -11.953063965 0 0 0.046952221 -0.070553891 0.085542106
19 -8.290390015 0.000007629 0 0.061417559 -0.046280388 0.18204848
20 -7.875 0.000030518 -0.000011444 0.012634311 0.009627997 -0.047937413
21 -8.78578186 0.000038147 -0.000001907 0.119454636 0.098602828 -0.366532173
22 -8.903717041 0 -0.000001431 0.242266841 -0.191441687 0.36051377
23 5.115203857 -7.603523731 -23.079328537 -1.554662073 0.381674365 -2.887288286
24 13.525100708 -0.000015259 0 0.028001572 -0.024568632 -0.18943306
25 11.953048706 0.000007629 0.000007629 0.115837506 -0.044051536 0.096768197
26 8.290359497 -0.000015259 -0.000007629 0.143522731 -0.061821253 0.068471614
27 7.875 -0.000022888 0.000003815 0.104400515 0.125346831 -0.028345555
28 8.785797119 -0.000038147 0 0.135177572 0.182359376 -0.442136588
29 8.903717041 0.000011444 0.000003815 -0.237106732 0.44042397 0.261609227
30 5.903427124 -12.801288605 -17.69320488 -1.598720893 0.442583503 -2.77991415
31 13.525115967 0 0 -0.005397435 0.02886922 -0.198955428
32 11.953048706 0.000015259 -0.000007629 0.113458133 -0.051435394 0.094757981
33 8.290390015 0 -0.000007629 0.126448109 -0.027328544 0.224510674
34 7.875 -0.000015259 0.000007629 0.09982402 0.189690066 -0.014804278
35 8.785797119 -0.000030518 0 0.160438377 0.402985283 -0.378868275
36 8.9037323 -0.000003815 0 -0.292676417 0.416568362 0.22968523
37 4.435455322 0.000126362 -25.179960251 -3.117617043 0.363008552 -3.024970545
38 14.171035767 0.000020981 1.280685425 -0.037647044 0.083500149 -0.042705644
39 10.9765625 0.000011444 0.352539063 0.010682294 -0.044121763 -0.014568096
40 8.120315552 -0.000007629 -0.000015259 0.00472311 -0.146743306 -0.02068673
41 8.120285034 -0.000003815 -0.000030518 0.004767438 0.015642279 0.068415757
42 8.120330811 0.000001431 -0.000015259 0.057188057 0.589821747 0.214972748
43 8.120346069 -0.000003815 0.000068665 -0.477040233 -0.23129885 0.171052717
44 7.146972656 16.179798126 -9.195619583 1.376844409 -0.303705466 -0.072871366
45 -13.525115967 -0.000007629 0.000003815 -0.058318294 -0.252190243 0.290184579
46 -11.953041077 -0.000022888 0 0.07315097 -0.039662594 -0.11234859
47 -8.290393829 0 0.000015259 0.096206795 -0.083761223 0.273806712
48 -7.875 0 0 0.048255995 -0.032034776 0.320719981
49 -8.785785675 0.000030518 -0.000007629 0.167910769 0.234015724 -0.097674586
50 -8.903717041 0.000015259 0.000001907 0.162558631 -0.211931629 0.115054981
51 7.146957397 -16.26625061 -9.195617676 -1.594435862 0.362965226 -2.75698367
52 13.525115967 0.000007629 0.000007629 -0.085726376 -0.042761201 -0.126841203
53 11.953033447 0.000007629 0 0.105855834 -0.0401142 0.089116374
54 8.290390015 0.000007629 0 0.15641762 -0.000036938 0.251922
55 7.875 -0.000015259 0.000015259 0.156793376 0.295278507 0.046736124
56 8.785797119 -0.000030518 0.000001907 0.127973264 0.635134186 -0.431914197
57 8.90372467 -0.000003815 -0.000007629 -0.39020363 0.321075214 0.164042265
58 -5.36730957 8.366909027 8.703121185 1.801670774 -0.711447767 3.119215986
59 13.525123596 0 0 -0.296468905 -0.078299246 -0.169078084
60 -3.441879272 -10.792387962 9.377009392 1.744519712 -0.818515284 -3.05241489
61 13.525131226 0 0.000003815 -0.423930702 0.173727863 -0.320111204
62 11.953048706 0.000015259 0 0.185279386 -0.012774587 -0.256226604
63 8.290374756 0.000003815 0 0.129520585 -0.007214443 -0.222011141
64 7.875 -0.000034332 0 0.145294839 -0.199212932 -0.476382473
65 19.39491272 -14.052387238 -0.467090607 -1.391118682 -0.848148824 -0.075985454
66 26.240768433 0.000015259 -0.000001907 -0.007701244 -0.323742937 0.53658941
67 31.971008301 0.000007629 0 -1.678648368 0.467889424 -0.13378373
68 4.627258301 -2.311302185 4.185630798 -0.021512477 -0.254658869 -0.451859094
69 2.980117798 0 -0.000000954 -0.040823197 0.14004721 0.242069561
70 1.982421875 0.000019073 0.000019073 0.001822187 0.301463179 0.041313792
71 10.844894409 -1.281569481 -1.331680298 0.003154845 -0.01855101 -1.502721343
72 3.98828125 0 0.000041962 0.024656551 0.116612118 -1.30426207
73 2.26953125 -0.000007629 -0.000011444 0.010246566 0.020303916 -1.235445909
74 10.908889771 -1.23739624 0.829597473 -0.003109352 -0.01605034 -0.895852925
75 3.989456177 0 0.000049591 -0.026019839 0.050783303 -0.636960393
76 3.478284836 -0.000030518 -0.000007629 0.025346404 -0.11085993 -0.737210855
77 10.291915894 -1.202157974 -3.34413147 0.018038834 -0.023865117 -1.537453755
78 2.757152557 0 0.000022888 -0.269907553 -0.095587855 -1.29157427
79 1.775390625 0 -0.000022888 0.198076059 0.357239486 -1.30316968
80 10.971908569 -1.193932533 2.957344055 -0.014265529 -0.004860461 -1.002109965
81 3.82421875 -0.000030518 0.000038147 -0.000596317 0.002170439 -0.689801398
82 2.94140625 0 0 0.003950255 0.00698882 -0.847183373
83 0 0.000009537 0.000007629 -0.281161032 -0.158281714 -1.026998567
84 19.394897461 13.160596848 -0.467079163 1.401209606 1.024975721 -3.104238507
85 -26.240768433 0.000030518 0.000001907 0.323969435 -0.404134518 0.394902968
86 -31.97102356 0 -0.000015259 -1.81792558 0.01103903 0.008162281
87 -11.614593506 3.933109283 0.069389343 1.720533477 1.395162973 1.933670481
88 -10.48449707 1.069202423 3.539878845 -3.131584703 0.028220486 2.411526648
89 2.757156372 0.000015259 0.000019073 -0.011712134 0.035128624 1.019560794
90 1.775390625 0 -0.000030518 -0.204499622 -0.298392802 0.873982333
91 -11.046478271 1.142410278 1.529701233 -3.130487012 0.018259081 2.114134707
92 3.98828125 0.000030518 0.000041962 0.004872241 -0.009924216 1.610032301
93 2.26953125 0.000007629 0.000007629 -0.076539319 -0.095407065 1.438172442
94 -11.192642212 1.041530609 -2.758430481 -3.117466097 -0.002180357 2.477429666
95 3.82421875 0.000030518 0.000041962 0.00053161 0.002187187 1.610324685
96 8.785766602 -0.000030518 -0.000003815 0.028889808 0.206538207 -0.655495889
97 2.94140625 0.000015259 -0.000015259 -0.004550553 0.006091757 1.767588569
98 -11.120147705 1.091533661 -0.631126404 -3.128907678 0.018357161 2.400346066
99 3.989395142 0.000015259 0.000038147 0.021444626 0.041947477 1.751021405
100 3.478317261 0.000030518 -0.000015259 -0.001306817 0.004312204 1.848998194
101 -4.853607178 2.155090332 -4.018516541 3.123057975 0.125574955 2.46129872
102 2.980133057 0 0.000019073 0.038574713 -0.163808097 -0.240289671
103 1.982421875 -0.000015259 0.00003624 0 0 -0.040571652
104 0 -0.000015259 -0.000015259 -0.01786834 -0.032037725 -0.918099438
105 7.08984375 0 0 3.141592654 -0.174494806 3.141592654
106 7.528244019 8.168074608 -1.232803345 2.885017799 0.303466685 3.108838628
107 -54.911254883 -0.649675369 -0.176704407 1.856728718 0.785609017 0.048036467
108 -61.183185577 0.000005722 -0.000001907 0.174037262 0.013709953 -0.309466751
109 8.588668823 0 1.514417648 0 0 0
110 4.260528564 -21.349500656 -3.218471527 -0.229646484 -0.146054022 -0.303432411
111 15.606674194 0 -0.00001049 -0.00004882 -0.006734754 -0.036773049
112 15.853752136 0 -0.000006676 -0.002800339 0.023327102 -0.165442817
113 15.151866913 0 0.000000954 -0.001909531 0.038719396 -0.138625925
114 11.149963379 0.000015259 -0.000007153 -0.040082832 0.120800773 -0.029237533
115 1.725112915 -0.142127961 11.160657883 -2.019105011 -0.695607809 0.137591666
116 15.606689453 0 -0.000001907 -0.000102275 -0.004573648 0.044716149
117 15.853736877 0 -0.000003815 -0.001034502 0.015416424 -0.12283123
118 15.151851654 -0.000007629 0 -0.002047565 0.025470634 -0.187450257
119 11.149967194 0 0 -0.004405233 0.001667874 0.242797748
120 6.67868042 -0.142132968 -16.932609558 1.571106218 -0.034669705 3.141587281
121 -15.606674194 0.000007629 -0.00000003 0 0 0.005351645
122 -15.853752136 0.000003815 0.00000599 0 0 0.012343373
123 -15.151847839 0.000001907 0 0 0 0.033578792
124 -11.14994812 0 0.00000602 0 0 0.081764736
125 2.507659912 15.939216614 6.722545624 -1.789671757 0.255676781 -2.869102546
126 -15.606681824 0.000003815 0 0.009560134 0.056624621 -0.016136383
127 -15.853759766 0 0.000007629 0.016190672 -0.089937037 0.055097541
128 -15.15184021 0 0.000015259 -0.002597304 -0.093517881 -0.04792775
129 -11.14995575 -0.000005722 0.000007629 0.01299221 0.10724761 -0.197494444
130 2.507629395 -17.075351715 6.722560883 -1.394725005 -0.44812799 -0.316868681
131 15.606674194 0 0 0.009905227 0.027975754 -0.001587963
132 15.853744507 0 0.000011444 0.02004634 0.009192225 0.004408241
133 15.151855469 0 0.000003815 -0.007394599 0.067684683 -0.136383122
134 11.149967194 0 -0.000019073 0.05088976 -0.113244038 0.07765244
135 5.8931427 15.939212799 -12.47754097 3.060441594 0.13907538 0.286958964
136 15.606674194 0 0.000024796 0.010274978 0.059050229 -0.000041962
137 15.853744507 -0.000007629 -0.000009537 0.017617097 -0.097755566 0.000261709
138 15.151855469 0 0 0.003443452 -0.107105754 -0.139986729
139 11.14994812 0 -0.000003815 0.035401214 0.06395871 0.093067358
140 5.893157959 -17.075357437 -12.477553368 1.665114988 0.046168712 2.945850245
141 -15.606643677 0 0.000007629 0.008915188 0.051657253 -0.025933387
142 -15.853729248 0 -0.000011444 0.016491743 -0.071951663 0.089440168
143 -15.15184021 -0.000003815 0 -0.00560352 -0.063345796 0.007863633
144 -11.14994812 -0.000005722 -0.000007629 -0.271235576 -0.11581174 -0.002329874
145 4.260498047 20.773923874 -3.218486786 0.023101859 -0.035501231 -2.90636479
146 -15.606689453 0.000007629 0.000000954 0.000026895 0.012257329 0.018472558
147 -15.853744507 0.000007629 0 0.001226802 -0.042982044 -0.012890626
148 -15.151832581 -0.000003815 0.000001907 -0.003897948 -0.070515139 0.120178294
149 -11.149971008 0 -0.000001907 -0.01022957 0.299857428 -0.226108714
150 7.528259277 -8.043748856 -1.232804298 -0.653604446 -0.226792034 0.150327416
151 54.911224365 0.649678707 0.176696777 1.571141194 0.649263053 0.091400882
152 61.183162689 -0.000007629 0.000000238 0.542701548 0.211647802 0.109075119
153 -0.364088595 36.477970123 12.189170837 0.340633688 -0.000040147 0.000233438
154 -0.364086866 -2.758006096 4.994803905 0 0 0.000244115
155 -0.364086866 -2.758006096 4.994803905 0 0 0.000244115
156 -0.364086866 -2.758006096 4.994803905 0 0 0.000244115
157 -0.364086866 -2.758006096 4.994803905 0 0 0.000244115
158 -0.364086866 -2.758006096 4.994803905 0 0 0.000244115
159 -0.364086866 -2.758006096 4.994803905 0 0 0.000244115
160 -0.364086866 -2.758006096 4.994803905 0 0 0.000244115
161 -0.364086866 -2.758006096 4.994803905 0 0 0.000244115
162 -0.498048782 -4.95163393 0.510848999 0 0 0.000244115
163 -0.364086866 -2.758006096 4.994803905 0 0 0.000244115
time 6
0 -0.364086866 -2.758006096 4.994803905 0 0 0.000244115
1 -0.355918914 -24.813129425 17.636186647 3.141592654 -1.497890235 1.570796489
2 130.809036255 0 0.000001907 0 0 0
3 6.662033081 -0.142129987 2.521337509 2.93088364 -0.190273848 -0.011382371
4 24.360946655 -0.000000954 0.000019073 0.10792569 -0.021553803 0.027710215
5 24.806411743 -0.000006676 0.765964508 -0.834961108 -0.344067487 0.13280885
6 8.120300293 -0.000001907 0 0.878961621 0.160260258 -0.144032846
7 8.120300293 -0.000000954 0 3.141592654 -1.17489882 3.141592654
8 8.120300293 -0.000000954 0 -0.216192487 -1.369859591 0.175150136
9 5.115219116 7.517076492 -23.079305649 1.501763517 -0.35837646 0.015053389
10 -13.525115967 0 0 0.013556241 0.070700793 -0.192690978
11 -11.953033447 -0.000022888 0 0.020251702 -0.027867492 0.065253648
12 -8.290390015 -0.000015259 -0.000000954 0.067080908 -0.050877999 0.028272096
13 -7.875 0.000030518 0 0.023467577 -0.01710353 -0.028602863
14 -8.785766602 0.000032425 0.000001907 0.175623024 -0.122796919 -0.381374654
15 -8.903717041 0.000011444 -0.000007629 0.327982297 0.037887549 0.442256455
16 5.903442383 12.714838982 -17.693174362 1.370188491 -0.37922568 -0.02939746
17 -13.525131226 0.000007629 0 -0.007452118 0.089926837 -0.180560048
18 -11.953063965 0 0 0.048283856 -0.065952301 0.068914802
19 -8.290390015 0.000007629 0 0.062078881 -0.043518468 0.183242833
20 -7.875 0.000030518 -0.000011444 0.012733445 0.006044367 -0.013858973
21 -8.78578186 0.000038147 -0.000001907 0.124497197 0.088058923 -0.320579776
22 -8.903717041 0 -0.000001431 0.242266841 -0.191441687 0.36051377
23 5.115203857 -7.603523731 -23.079328537 -1.554662073 0.381674365 -2.887288286
24 13.525100708 -0.000015259 0 0.028095941 -0.019163849 -0.197505743
25 11.953048706 0.000007629 0.000007629 0.116308763 -0.03379885 0.079600785
26 8.290359497 -0.000015259 -0.000007629 0.14380038 -0.063394505 0.072077781
27 7.875 -0.000022888 0.000003815 0.105284383 0.110363572 0.014564427
28 8.785797119 -0.000038147 0 0.142937563 0.16926005 -0.395108225
29 8.903717041 0.000011444 0.000003815 -0.237106732 0.44042397 0.261609227
30 5.903427124 -12.801288605 -17.69320488 -1.598720893 0.442583503 -2.77991415
31 13.525115967 0 0 -0.005731529 0.035854317 -0.207582707
32 11.953048706 0.000015259 -0.000007629 0.114039882 -0.037546562 0.077172546
33 8.290390015 0 -0.000007629 0.123204489 -0.030535341 0.225993531
34 7.875 -0.000015259 0.000007629 0.099954558 0.162768239 0.024027736
35 8.785797119 -0.000030518 0 0.174433044 0.381463078 -0.3262317
36 8.9037323 -0.000003815 0 -0.292676417 0.416568362 0.22968523
37 4.435455322 0.000126362 -25.179960251 -3.117617043 0.363008552 -3.024970545
38 14.171035767 0.000020981 1.280685425 -0.037155349 0.094884987 -0.039795258
39 10.9765625 0.000011444 0.352539063 0.010548657 -0.02481648 -0.008331758
40 8.120315552 -0.000007629 -0.000015259 0.004466459 -0.153927535 -0.02311369
41 8.120285034 -0.000003815 -0.000030518 0.002844526 -0.030123389 0.051931633
42 8.120330811 0.000001431 -0.000015259 0.045507234 0.545597515 0.193630384
43 8.120346069 -0.000003815 0.000068665 -0.477040233 -0.23129885 0.171052717
44 7.146972656 16.179798126 -9.195619583 1.376844409 -0.303705466 -0.072871366
45 -13.525115967 -0.000007629 0.000003815 -0.058318294 -0.252190243 0.290184579
46 -11.953041077 -0.000022888 0 0.073592495 -0.027328855 -0.129806191
47 -8.290393829 0 0.000015259 0.09769628 -0.066363185 0.241461842
48 -7.875 0 0 0.041975831 -0.038273688 0.327859828
49 -8.785785675 0.000030518 -0.000007629 0.169206794 0.201567511 -0.029432309
50 -8.903717041 0.000015259 0.000001907 0.162558631 -0.211931629 0.115054981
51 7.146957397 -16.26625061 -9.195617676 -1.594435862 0.362965226 -2.75698367
52 13.525115967 0.000007629 0.000007629 -0.085463273 -0.034018865 -0.13517631
53 11.953033447 0.000007629 0 0.105909351 -0.022395065 0.073257798
54 8.290390015 0.000007629 0 0.150358512 -0.007276368 0.25280292
55 7.875 -0.000015259 0.000015259 0.153867666 0.255842004 0.080674209
56 8.785797119 -0.000030518 0.000001907 0.148858395 0.611462476 -0.378167726
57 8.90372467 -0.000003815 -0.000007629 -0.39020363 0.321075214 0.164042265
58 -5.36730957 8.366909027 8.703121185 1.801061611 -0.702027518 3.12011153
59 13.525123596 0 0 -0.296468905 -0.078299246 -0.169078084
60 -3.441879272 -10.792387962 9.377009392 1.746055084 -0.807477746 -3.054587632
61 13.525131226 0 0.000003815 -0.426725196 0.165218632 -0.329419965
62 11.953048706 0.000015259 0 0.182505969 -0.023085444 -0.229189776
63 8.290374756 0.000003815 0 0.126031875 0.004010248 -0.164954983
64 7.875 -0.000034332 0 0.135173438 -0.179920459 -0.478452193
65 19.39491272 -14.052387238 -0.467090607 -1.408631399 -0.837747784 -0.065225899
66 26.240768433 0.000015259 -0.000001907 -0.007682764 -0.313499099 0.536547897
67 31.971008301 0.000007629 0 -1.678648368 0.467889424 -0.13378373
68 4.627258301 -2.311302185 4.185630798 -0.021512477 -0.254658869 -0.451859094
69 2.980117798 0 -0.000000954 -0.040823197 0.14004721 0.242069561
70 1.982421875 0.000019073 0.000019073 0.001822187 0.301463179 0.041313792
71 10.844894409 -1.281569481 -1.331680298 0.003154845 -0.01855101 -1.502721343
72 3.98828125 0 0.000041962 0.024656551 0.116612118 -1.30426207
73 2.26953125 -0.000007629 -0.000011444 0.010246566 0.020303916 -1.235445909
74 10.908889771 -1.23739624 0.829597473 -0.003109352 -0.01605034 -0.895852925
75 3.989456177 0 0.000049591 -0.026019839 0.050783303 -0.636960393
76 3.478284836 -0.000030518 -0.000007629 0.025346404 -0.11085993 -0.737210855
77 10.291915894 -1.202157974 -3.34413147 0.018038834 -0.023865117 -1.537453755
78 2.757152557 0 0.000022888 -0.269907553 -0.095587855 -1.29157427
79 1.775390625 0 -0.000022888 0.198076059 0.357239486 -1.30316968
80 10.971908569 -1.193932533 2.957344055 -0.014265529 -0.004860461 -1.002109965
81 3.82421875 -0.000030518 0.000038147 -0.000596317 0.002170439 -0.689801398
82 2.94140625 0 0 0.003950255 0.00698882 -0.847183373
83 0 0.000009537 0.000007629 -0.281161032 -0.158281714 -1.026998567
84 19.394897461 13.160596848 -0.467079163 1.401209606 1.024975721 -3.104238507
85 -26.240768433 0.000030518 0.000001907 0.323969435 -0.404134518 0.394902968
86 -31.97102356 0 -0.000015259 -1.81792558 0.01103903 0.008162281
87 -11.614593506 3.933109283 0.069389343 1.720533477 1.395162973 1.933670481
88 -10.48449707 1.069202423 3.539878845 -3.131584703 0.028220486 2.411526648
89 2.757156372 0.000015259 0.000019073 -0.011712134 0.035128624 1.019560794
90 1.775390625 0 -0.000030518 -0.204499622 -0.298392802 0.873982333
91 -11.046478271 1.142410278 1.529701233 -3.130487012 0.018259081 2.114134707
92 3.98828125 0.000030518 0.000041962 0.004872241 -0.009924216 1.610032301
93 2.26953125 0.000007629 0.000007629 -0.076539319 -0.095407065 1.438172442
94 -11.192642212 1.041530609 -2.758430481 -3.117466097 -0.002180357 2.477429666
95 3.82421875 0.000030518 0.000041962 0.00053161 0.002187187 1.610324685
96 8.785766602 -0.000030518 -0.000003815 0.028889808 0.206538207 -0.655495889
97 2.94140625 0.000015259 -0.000015259 -0.004550553 0.006091757 1.767588569
98 -11.120147705 1.091533661 -0.631126404 -3.128907678 0.018357161 2.400346066
99 3.989395142 0.000015259 0.000038147 0.021444626 0.041947477 1.751021405
100 3.478317261 0.000030518 -0.000015259 -0.001306817 0.004312204 1.848998194
101 -4.853607178 2.155090332 -4.018516541 3.123057975 0.125574955 2.46129872
102 2.980133057 0 0.000019073 0.038574713 -0.163808097 -0.240289671
103 1.982421875 -0.000015259 0.00003624 0 0 -0.040571652
104 0 -0.000015259 -0.000015259 -0.01786834 -0.032037725 -0.918099438
105 7.08984375 0 0 3.141592654 -0.174494806 3.141592654
106 7.528244019 8.168074608 -1.232803345 2.885017799 0.303466685 3.108838628
107 -54.911254883 -0.649675369 -0.176704407 1.856728718 0.785609017 0.048036467
108 -61.183185577 0.000005722 -0.000001907 0.174037262 0.013709953 -0.309466751
109 8.588668823 0 1.514417648 0 0 0
110 4.260528564 -21.349500656 -3.218471527 -0.229646484 -0.146054022 -0.303432411
111 15.606674194 0 -0.00001049 -0.00003415 -0.008719661 -0.031766053
112 15.853752136 0 -0.000006676 -0.00263438 0.020400477 -0.156081449
113 15.151866913 0 0.000000954 -0.002134863 0.039396168 -0.138891572
114 11.149963379 0.000015259 -0.000007153 -0.040082832 0.120800773 -0.029237533
115 1.725112915 -0.142127961 11.160657883 -2.019105011 -0.695607809 0.137591666
116 15.606689453 0 -0.000001907 -0.000150009 -0.005781284 0.051882831
117 15.853736877 0 -0.000003815 -0.000925761 0.013521279 -0.111242123
118 15.151851654 -0.000007629 0 -0.002202304 0.025976513 -0.189014146
119 11.149967194 0 0 -0.004405233 0.001667874 0.242797748
120 6.67868042 -0.142132968 -16.932609558 1.571106218 -0.034669705 3.141587281
121 -15.606674194 0.000007629 -0.00000003 0 0 0.001467385
122 -15.853752136 0.000003815 0.00000599 0 0 0.006905354
123 -15.151847839 0.000001907 0 0 0 0.037032001
124 -11.14994812 0 0.00000602 0 0 0.081764736
125 2.507659912 15.939216614 6.722545624 -1.789671757 0.255676781 -2.869102546
126 -15.606681824 0.000003815 0 0.009545525 0.060162906 -0.015688946
127 -15.853759766 0 0.000007629 0.016203424 -0.083710615 0.054707816
128 -15.15184021 0 0.000015259 -0.002375187 -0.093860318 -0.048802487
129 -11.14995575 -0.000005722 0.000007629 0.01299221 0.10724761 -0.197494444
130 2.507629395 -17.075351715 6.722560883 -1.394725005 -0.44812799 -0.316868681
131 15.606674194 0 0 0.010046002 0.023292335 0.002793038
132 15.853744507 0 0.000011444 0.020040479 0.002743696 0.010472401
133 15.151855469 0 0.000003815 -0.008210978 0.071002068 -0.138337117
134 11.149967194 0 -0.000019073 0.05088976 -0.113244038 0.07765244
135 5.8931427 15.939212799 -12.47754097 3.060441594 0.13907538 0.286958964
136 15.606674194 0 0.000024796 0.010599123 0.063083958 0.004738841
137 15.853744507 -0.000007629 -0.000009537 0.01679437 -0.090639151 0.006928722
138 15.151855469 0 0 0.00359238 -0.107619456 -0.142077356
139 11.14994812 0 -0.000003815 0.035401214 0.06395871 0.093067358
140 5.893157959 -17.075357437 -12.477553368 1.665114988 0.046168712 2.945850245
141 -15.606643677 0 0.000007629 0.008826067 0.053739708 -0.028258837
142 -15.853729248 0 -0.000011444 0.0168257 -0.06802919 0.084700227
143 -15.15184021 -0.000003815 0 -0.00527031 -0.063086938 0.008284162
144 -11.14994812 -0.000005722 -0.000007629 -0.271235576 -0.11581174 -0.002329874
145 4.260498047 20.773923874 -3.218486786 0.023101859 -0.035501231 -2.90636479
146 -15.606689453 0.000007629 0.000000954 0.000026858 0.015796342 0.014329362
147 -15.853744507 0.000007629 0 0.00155119 -0.03753741 -0.018245414
148 -15.151832581 -0.000003815 0.000001907 -0.004211947 -0.071707797 0.122098151
149 -11.149971008 0 -0.000001907 -0.01022957 0.299857428 -0.226108714
150 7.528259277 -8.043748856 -1.232804298 -0.653604446 -0.226792034 0.150327416
151 54.911224365 0.649678707 0.176696777 1.571141194 0.649263053 0.091400882
152 61.183162689 -0.000007629 0.000000238 0.542701548 0.211647802 0.109075119
153 -0.364088595 36.477970123 12.189170837 0.340633688 -0.000040147 0.000233438
154 -0.364086866 -2.758006096 4.994803905 0 0 0.000244115
155 -0.364086866 -2.758006096 4.994803905 0 0 0.000244115
156 -0.364086866 -2.758006096 4.994803905 0 0 0.000244115
157 -0.364086866 -2.758006096 4.994803905 0 0 0.000244115
158 -0.364086866 -2.758006096 4.994803905 0 0 0.000244115
159 -0.364086866 -2.758006096 4.994803905 0 0 0.000244115
160 -0.364086866 -2.758006096 4.994803905 0 0 0.000244115
161 -0.364086866 -2.758006096 4.994803905 0 0 0.000244115
162 -0.498048782 -4.95163393 0.510848999 0 0 0.000244115
163 -0.364086866 -2.758006096 4.994803905 0 0 0.000244115
time 7
0 -0.364086866 -2.758006096 4.994803905 0 0 0.000244115
1 -0.355918914 -24.813129425 17.042940157 3.141592654 -1.497890235 1.570796489
2 130.809036255 0 0.000001907 0 0 0
3 6.662033081 -0.142129987 2.521337509 2.93088364 -0.190273848 -0.011382371
4 24.360946655 -0.000000954 0.000019073 0.10792569 -0.021553803 0.027710215
5 24.806411743 -0.000006676 0.765964508 -0.834961108 -0.344067487 0.13280885
6 8.120300293 -0.000001907 0 0.878961621 0.160260258 -0.144032846
7 8.120300293 -0.000000954 0 3.141592654 -1.17489882 3.141592654
8 8.120300293 -0.000000954 0 -0.216192487 -1.369859591 0.175150136
9 5.115219116 7.517076492 -23.079305649 1.501763517 -0.35837646 0.015053389
10 -13.525115967 0 0 0.012211145 0.068763523 -0.21236353
11 -11.953033447 -0.000022888 0 0.021879852 -0.030803147 0.014339574
12 -8.290390015 -0.000015259 -0.000000954 0.070914531 -0.041803314 0.024175431
13 -7.875 0.000030518 0 0.025666411 0.011355108 0.077771609
14 -8.785766602 0.000032425 0.000001907 0.166244987 -0.103109746 -0.232831602
15 -8.903717041 0.000011444 -0.000007629 0.327982297 0.037887549 0.442256455
16 5.903442383 12.714838982 -17.693174362 1.370188491 -0.37922568 -0.02939746
17 -13.525131226 0.000007629 0 -0.009346224 0.093482509 -0.200989852
18 -11.953063965 0 0 0.051653799 -0.052230671 0.016098405
19 -8.290390015 0.000007629 0 0.064700234 -0.032444116 0.166624118
20 -7.875 0.000030518 -0.000011444 0.012267884 0.000051475 0.07606513
21 -8.78578186 0.000038147 -0.000001907 0.136465191 0.056188183 -0.160099191
22 -8.903717041 0 -0.000001431 0.242266841 -0.191441687 0.36051377
23 5.115203857 -7.603523731 -23.079328537 -1.554662073 0.381674365 -2.887288286
24 13.525100708 -0.000015259 0 0.028387997 -0.005490956 -0.217963285
25 11.953048706 0.000007629 0.000007629 0.117199499 -0.000680447 0.024862692
26 8.290359497 -0.000015259 -0.000007629 0.145931001 -0.05898341 0.062889548
27 7.875 -0.000022888 0.000003815 0.10342787 0.069919662 0.1320525
28 8.785797119 -0.000038147 0 0.164231667 0.120997885 -0.218548278
29 8.903717041 0.000011444 0.000003815 -0.237106732 0.44042397 0.261609227
30 5.903427124 -12.801288605 -17.69320488 -1.598720893 0.442583503 -2.77991415
31 13.525115967 0 0 -0.006709127 0.053712697 -0.229331741
32 11.953048706 0.000015259 -0.000007629 0.114775473 0.007459391 0.020660461
33 8.290390015 0 -0.000007629 0.115453084 -0.028864751 0.206928886
34 7.875 -0.000015259 0.000007629 0.088092717 0.087222505 0.12733589
35 8.785797119 -0.000030518 0 0.211998778 0.293119145 -0.138383357
36 8.9037323 -0.000003815 0 -0.292676417 0.416568362 0.22968523
37 4.435455322 0.000126362 -25.179960251 -3.117617043 0.363008552 -3.024970545
38 14.171035767 0.000020981 1.280685425 -0.035818326 0.123487594 -0.03231613
39 10.9765625 0.000011444 0.352539063 0.010761164 0.039042294 0.011692642
40 8.120315552 -0.000007629 -0.000015259 0.00235207 -0.15525031 -0.023559409
41 8.120285034 -0.000003815 -0.000030518 -0.000926648 -0.158381978 0.006221303
42 8.120330811 0.000001431 -0.000015259 0.010127744 0.374361675 0.118388371
43 8.120346069 -0.000003815 0.000068665 -0.477040233 -0.23129885 0.171052717
44 7.146972656 16.179798126 -9.195619583 1.376844409 -0.303705466 -0.072871366
45 -13.525115967 -0.000007629 0.000003815 -0.058318294 -0.252190243 0.290184579
46 -11.953041077 -0.000022888 0 0.0741311 0.003589888 -0.173528446
47 -8.290393829 0 0.000015259 0.100973807 -0.008150734 0.135383766
48 -7.875 0 0 0.026266323 -0.04052698 0.314535702
49 -8.785785675 0.000030518 -0.000007629 0.154900985 0.107009094 0.158182825
50 -8.903717041 0.000015259 0.000001907 0.162558631 -0.211931629 0.115054981
51 7.146957397 -16.26625061 -9.195617676 -1.594435862 0.362965226 -2.75698367
52 13.525115967 0.000007629 0.000007629 -0.084893777 -0.011945125 -0.156462682
53 11.953033447 0.000007629 0 0.105257018 0.035294091 0.022521267
54 8.290390015 0.000007629 0 0.13444444 -0.009783161 0.23224175
55 7.875 -0.000015259 0.000015259 0.129362303 0.143203573 0.169980808
56 8.785797119 -0.000030518 0.000001907 0.207452397 0.500517122 -0.187344833
57 8.90372467 -0.000003815 -0.000007629 -0.39020363 0.321075214 0.164042265
58 -5.36730957 8.366909027 8.703121185 1.79983836 -0.677914941 3.122115659
59 13.525123596 0 0 -0.296468905 -0.078299246 -0.169078084
60 -3.441879272 -10.792387962 9.377009392 1.749575466 -0.779277158 -3.059572876
61 13.525131226 0 0.000003815 -0.433706163 0.138595648 -0.366134609
62 11.953048706 0.000015259 0 0.175567957 -0.054644907 -0.174391227
63 8.290374756 0.000003815 0 0.120451684 0.027960864 0.021058368
64 7.875 -0.000034332 0 0.097180239 -0.107152848 -0.400250033
65 19.39491272 -14.052387238 -0.467090607 -1.423424838 -0.82784376 -0.056751088
66 26.240768433 0.000015259 -0.000001907 -0.00771445 -0.304067438 0.536566026
67 31.971008301 0.000007629 0 -1.678648368 0.467889424 -0.13378373
68 4.627258301 -2.311302185 4.185630798 -0.021512477 -0.254658869 -0.451859094
69 2.980117798 0 -0.000000954 -0.040823197 0.14004721 0.242069561
70 1.982421875 0.000019073 0.000019073 0.001822187 0.301463179 0.041313792
71 10.844894409 -1.281569481 -1.331680298 0.003154845 -0.01855101 -1.502721343
72 3.98828125 0 0.000041962 0.024656551 0.116612118 -1.30426207
73 2.26953125 -0.000007629 -0.000011444 0.010246566 0.020303916 -1.235445909
74 10.908889771 -1.23739624 0.829597473 -0.003109352 -0.01605034 -0.895852925
75 3.989456177 0 0.000049591 -0.026019839 0.050783303 -0.636960393
76 3.478284836 -0.000030518 -0.000007629 0.025346404 -0.11085993 -0.737210855
77 10.291915894 -1.202157974 -3.34413147 0.018038834 -0.023865117 -1.537453755
78 2.757152557 0 0.000022888 -0.269907553 -0.095587855 -1.29157427
79 1.775390625 0 -0.000022888 0.198076059 0.357239486 -1.30316968
80 10.971908569 -1.193932533 2.957344055 -0.014265529 -0.004860461 -1.002109965
81 3.82421875 -0.000030518 0.000038147 -0.000596317 0.002170439 -0.689801398
82 2.94140625 0 0 0.003950255 0.00698882 -0.847183373
83 0 0.000009537 0.000007629 -0.281161032 -0.158281714 -1.026998567
84 19.394897461 13.160596848 -0.467079163 1.401209606 1.024975721 -3.104238507
85 -26.240768433 0.000030518 0.000001907 0.323969435 -0.404134518 0.394902968
86 -31.97102356 0 -0.000015259 -1.81792558 0.01103903 0.008162281
87 -11.614593506 3.933109283 0.069389343 1.720533477 1.395162973 1.933670481
88 -10.48449707 1.069202423 3.539878845 -3.131584703 0.028220486 2.411526648
89 2.757156372 0.000015259 0.000019073 -0.011712134 0.035128624 1.019560794
90 1.775390625 0 -0.000030518 -0.204499622 -0.298392802 0.873982333
91 -11.046478271 1.142410278 1.529701233 -3.130487012 0.018259081 2.114134707
92 3.98828125 0.000030518 0.000041962 0.004872241 -0.009924216 1.610032301
93 2.26953125 0.000007629 0.000007629 -0.076539319 -0.095407065 1.438172442
94 -11.192642212 1.041530609 -2.758430481 -3.117466097 -0.002180357 2.477429666
95 3.82421875 0.000030518 0.000041962 0.00053161 0.002187187 1.610324685
96 8.785766602 -0.000030518 -0.000003815 0.028889808 0.206538207 -0.655495889
97 2.94140625 0.000015259 -0.000015259 -0.004550553 0.006091757 1.767588569
98 -11.120147705 1.091533661 -0.631126404 -3.128907678 0.018357161 2.400346066
99 3.989395142 0.000015259 0.000038147 0.021444626 0.041947477 1.751021405
100 3.478317261 0.000030518 -0.000015259 -0.001306817 0.004312204 1.848998194
101 -4.853607178 2.155090332 -4.018516541 3.123057975 0.125574955 2.46129872
102 2.980133057 0 0.000019073 0.038574713 -0.163808097 -0.240289671
103 1.982421875 -0.000015259 0.00003624 0 0 -0.040571652
104 0 -0.000015259 -0.000015259 -0.01786834 -0.032037725 -0.918099438
105 7.08984375 0 0 3.141592654 -0.174494806 3.141592654
106 7.528244019 8.168074608 -1.232803345 2.885017799 0.303466685 3.108838628
107 -54.911254883 -0.649675369 -0.176704407 1.856728718 0.785609017 0.048036467
108 -61.183185577 0.000005722 -0.000001907 0.174037262 0.013709953 -0.309466751
109 8.588668823 0 1.514417648 0 0 0
110 4.260528564 -21.349500656 -3.218471527 -0.229646484 -0.146054022 -0.303432411
111 15.606674194 0 -0.00001049 -0.000215772 -0.013640814 -0.018988939
112 15.853752136 0 -0.000006676 -0.002293185 0.010320666 -0.125773637
113 15.151866913 0 0.000000954 -0.002330064 0.037737154 -0.123318019
114 11.149963379 0.000015259 -0.000007153 -0.040082832 0.120800773 -0.029237533
115 1.725112915 -0.142127961 11.160657883 -2.019105011 -0.695607809 0.137591666
116 15.606689453 0 -0.000001907 -0.000318414 -0.009057694 0.070278454
117 15.853736877 0 -0.000003815 -0.000594797 0.006888348 -0.072351691
118 15.151851654 -0.000007629 0 -0.002313257 0.024925568 -0.178177062
119 11.149967194 0 0 -0.004405233 0.001667874 0.242797748
120 6.67868042 -0.142132968 -16.932609558 1.571106218 -0.034669705 3.141587281
121 -15.606674194 0.000007629 -0.00000003 0 0 -0.008372748
122 -15.853752136 0.000003815 0.00000599 0 0 -0.011998099
123 -15.151847839 0.000001907 0 0 0 0.039190308
124 -11.14994812 0 0.00000602 0 0 0.081764736
125 2.507659912 15.939216614 6.722545624 -1.789671757 0.255676781 -2.869102546
126 -15.606681824 0.000003815 0 0.009603721 0.069053114 -0.014523923
127 -15.853759766 0 0.000007629 0.016076292 -0.063396689 0.054251156
128 -15.15184021 0 0.000015259 -0.001684679 -0.084947111 -0.051857447
129 -11.14995575 -0.000005722 0.000007629 0.01299221 0.10724761 -0.197494444
130 2.507629395 -17.075351715 6.722560883 -1.394725005 -0.44812799 -0.316868681
131 15.606674194 0 0 0.010180476 0.011321517 0.014300426
132 15.853744507 0 0.000011444 0.019890994 -0.019483502 0.031920535
133 15.151855469 0 0.000003815 -0.009795272 0.072021093 -0.137102731
134 11.149967194 0 -0.000019073 0.05088976 -0.113244038 0.07765244
135 5.8931427 15.939212799 -12.47754097 3.060441594 0.13907538 0.286958964
136 15.606674194 0 0.000024796 0.011438115 0.073462722 0.01743669
137 15.853744507 -0.000007629 -0.000009537 0.014704368 -0.067139882 0.030254306
138 15.151855469 0 0 0.002885294 -0.09865518 -0.140693775
139 11.14994812 0 -0.000003815 0.035401214 0.06395871 0.093067358
140 5.893157959 -17.075357437 -12.477553368 1.665114988 0.046168712 2.945850245
141 -15.606643677 0 0.000007629 0.008486746 0.05894529 -0.034379893
142 -15.853729248 0 -0.000011444 0.017685635 -0.055467804 0.069469828
143 -15.15184021 -0.000003815 0 -0.004044858 -0.055590011 0.002616615
144 -11.14994812 -0.000005722 -0.000007629 -0.271235576 -0.11581174 -0.002329874
145 4.260498047 20.773923874 -3.218486786 0.023101859 -0.035501231 -2.90636479
146 -15.606689453 0.000007629 0.000000954 -0.000210882 0.024773994 0.003881942
147 -15.853744507 0.000007629 0 0.00216827 -0.019125657 -0.037140784
148 -15.151832581 -0.000003815 0.000001907 -0.004433398 -0.06840611 0.121832141
149 -11.149971008 0 -0.000001907 -0.01022957 0.299857428 -0.226108714
150 7.528259277 -8.043748856 -1.232804298 -0.653604446 -0.226792034 0.150327416
151 54.911224365 0.649678707 0.176696777 1.571141194 0.649263053 0.091400882
152 61.183162689 -0.000007629 0.000000238 0.542701548 0.211647802 0.109075119
153 -0.364088595 36.477970123 12.189170837 0.340633688 -0.000040147 0.000233438
154 -0.364086866 -2.758006096 4.994803905 0 0 0.000244115
155 -0.364086866 -2.758006096 4.994803905 0 0 0.000244115
156 -0.364086866 -2.758006096 4.994803905 0 0 0.000244115
157 -0.364086866 -2.758006096 4.994803905 0 0 0.000244115
158 -0.364086866 -2.758006096 4.994803905 0 0 0.000244115
159 -0.364086866 -2.758006096 4.994803905 0 0 0.000244115
160 -0.364086866 -2.758006096 4.994803905 0 0 0.000244115
161 -0.364086866 -2.758006096 4.994803905 0 0 0.000244115
162 -0.498048782 -4.95163393 0.510848999 0 0 0.000244115
163 -0.364086866 -2.758006096 4.994803905 0 0 0.000244115
time 8
0 -0.364086866 -2.758006096 4.994803905 0 0 0.000244115
1 -0.355918914 -24.813129425 16.395389827 3.141592654 -1.497890235 1.570796489
2 130.809036255 0 0.000001907 0 0 0
3 6.662033081 -0.142129987 2.521337509 2.93088364 -0.190273848 -0.011382371
4 24.360946655 -0.000000954 0.000019073 0.10792569 -0.021553803 0.027710215
5 24.806411743 -0.000006676 0.765964508 -0.834961108 -0.344067487 0.13280885
6 8.120300293 -0.000001907 0 0.878961621 0.160260258 -0.144032846
7 8.120300293 -0.000000954 0 3.141592654 -1.17489882 3.141592654
8 8.120300293 -0.000000954 0 -0.216192487 -1.369859591 0.175150136
9 5.115219116 7.517076492 -23.079305649 1.501763517 -0.35837646 0.015053389
10 -13.525115967 0 0 0.011818052 0.068253889 -0.217937792
11 -11.953033447 -0.000022888 0 0.022468904 -0.032382887 -0.006752533
12 -8.290390015 -0.000015259 -0.000000954 0.072585386 -0.040031873 0.010554717
13 -7.875 0.000030518 0 0.027000361 0.022462115 0.109997415
14 -8.785766602 0.000032425 0.000001907 0.162576236 -0.088760632 -0.159432596
15 -8.903717041 0.000011444 -0.000007629 0.327982297 0.037887549 0.442256455
16 5.903442383 12.714838982 -17.693174362 1.370188491 -0.37922568 -0.02939746
17 -13.525131226 0.000007629 0 -0.009813121 0.094477363 -0.206841361
18 -11.953063965 0 0 0.052638353 -0.047083067 -0.005817337
19 -8.290390015 0.000007629 0 0.065909616 -0.026397586 0.148951
20 -7.875 0.000030518 -0.000011444 0.011875518 0.000700055 0.100348072
21 -8.78578186 0.000038147 -0.000001907 0.13877398 0.044686529 -0.087105853
22 -8.903717041 0 -0.000001431 0.242266841 -0.191441687 0.36051377
23 5.115203857 -7.603523731 -23.079328537 -1.554662073 0.381674365 -2.887288286
24 13.525100708 -0.000015259 0 0.028408594 -0.001585126 -0.223813233
25 11.953048706 0.000007629 0.000007629 0.11712885 0.013280473 0.002075678
26 8.290359497 -0.000015259 -0.000007629 0.147250077 -0.051273894 0.046005669
27 7.875 -0.000022888 0.000003815 0.100148187 0.058322602 0.166865785
28 8.785797119 -0.000038147 0 0.169331063 0.097302105 -0.132265429
29 8.903717041 0.000011444 0.000003815 -0.237106732 0.44042397 0.261609227
30 5.903427124 -12.801288605 -17.69320488 -1.598720893 0.442583503 -2.77991415
31 13.525115967 0 0 -0.007046457 0.058801787 -0.235548106
32 11.953048706 0.000015259 -0.000007629 0.114402821 0.026540956 -0.002976285
33 8.290390015 0 -0.000007629 0.113471507 -0.019390209 0.186445577
34 7.875 -0.000015259 0.000007629 0.079802224 0.063365076 0.155659064
35 8.785797119 -0.000030518 0 0.219635052 0.245132248 -0.052209592
36 8.9037323 -0.000003815 0 -0.292676417 0.416568362 0.22968523
37 4.435455322 0.000126362 -25.179960251 -3.117617043 0.363008552 -3.024970545
38 14.171035767 0.000020981 1.280685425 -0.035385059 0.131575796 -0.030191006
39 10.9765625 0.000011444 0.352539063 0.011302709 0.066797586 0.020328581
40 8.120315552 -0.000007629 -0.000015259 0.001079718 -0.140549141 -0.019026431
41 8.120285034 -0.000003815 -0.000030518 -0.002160351 -0.198085541 -0.007939084
42 8.120330811 0.000001431 -0.000015259 -0.00132212 0.287612457 0.084259754
43 8.120346069 -0.000003815 0.000068665 -0.477040233 -0.23129885 0.171052717
44 7.146972656 16.179798126 -9.195619583 1.376844409 -0.303705466 -0.072871366
45 -13.525115967 -0.000007629 0.000003815 -0.058318294 -0.252190243 0.290184579
46 -11.953041077 -0.000022888 0 0.07406082 0.01201474 -0.185621204
47 -8.290393829 0 0.000015259 0.10131045 0.017235563 0.090013534
48 -7.875 0 0 0.02226221 -0.030916059 0.284216909
49 -8.785785675 0.000030518 -0.000007629 0.140947249 0.076458187 0.213428309
50 -8.903717041 0.000015259 0.000001907 0.162558631 -0.211931629 0.115054981
51 7.146957397 -16.26625061 -9.195617676 -1.594435862 0.362965226 -2.75698367
52 13.525115967 0.000007629 0.000007629 -0.084858313 -0.005788474 -0.162529013
53 11.953033447 0.000007629 0 0.104402674 0.060188989 0.001243341
54 8.290390015 0.000007629 0 0.129692682 0.001643091 0.2123398
55 7.875 -0.000015259 0.000015259 0.114242907 0.106221228 0.193712836
56 8.785797119 -0.000030518 0.000001907 0.220761238 0.434282151 -0.101947275
57 8.90372467 -0.000003815 -0.000007629 -0.39020363 0.321075214 0.164042265
58 -5.36730957 8.366909027 8.703121185 1.799377252 -0.671061685 3.122697501
59 13.525123596 0 0 -0.296468905 -0.078299246 -0.169078084
60 -3.441879272 -10.792387962 9.377009392 1.750619726 -0.771137078 -3.060990857
61 13.525131226 0 0.000003815 -0.435354903 0.127710958 -0.385272032
62 11.953048706 0.000015259 0 0.174146014 -0.066875039 -0.170134666
63 8.290374756 0.000003815 0 0.120249011 0.030012869 0.095328668
64 7.875 -0.000034332 0 0.081561146 -0.071102935 -0.328062434
65 19.39491272 -14.052387238 -0.467090607 -1.435655776 -0.818420534 -0.05021724
66 26.240768433 0.000015259 -0.000001907 -0.007644669 -0.295936353 0.536548525
67 31.971008301 0.000007629 0 -1.678648368 0.467889424 -0.13378373
68 4.627258301 -2.311302185 4.185630798 -0.021512477 -0.254658869 -0.451859094
69 2.980117798 0 -0.000000954 -0.040823197 0.14004721 0.242069561
70 1.982421875 0.000019073 0.000019073 0.001822187 0.301463179 0.041313792
71 10.844894409 -1.281569481 -1.331680298 0.003154845 -0.01855101 -1.502721343
72 3.98828125 0 0.000041962 0.024656551 0.116612118 -1.30426207
73 2.26953125 -0.000007629 -0.000011444 0.010246566 0.020303916 -1.235445909
74 10.908889771 -1.23739624 0.829597473 -0.003109352 -0.01605034 -0.895852925
75 3.989456177 0 0.000049591 -0.026019839 0.050783303 -0.636960393
76 3.478284836 -0.000030518 -0.000007629 0.025346404 -0.11085993 -0.737210855
77 10.291915894 -1.202157974 -3.34413147 0.018038834 -0.023865117 -1.537453755
78 2.757152557 0 0.000022888 -0.269907553 -0.095587855 -1.29157427
79 1.775390625 0 -0.000022888 0.198076059 0.357239486 -1.30316968
80 10.971908569 -1.193932533 2.957344055 -0.014265529 -0.004860461 -1.002109965
81 3.82421875 -0.000030518 0.000038147 -0.000596317 0.002170439 -0.689801398
82 2.94140625 0 0 0.003950255 0.00698882 -0.847183373
83 0 0.000009537 0.000007629 -0.281161032 -0.158281714 -1.026998567
84 19.394897461 13.160596848 -0.467079163 1.401209606 1.024975721 -3.104238507
85 -26.240768433 0.000030518 0.000001907 0.323969435 -0.404134518 0.394902968
86 -31.97102356 0 -0.000015259 -1.81792558 0.01103903 0.008162281
87 -11.614593506 3.933109283 0.069389343 1.720533477 1.395162973 1.933670481
88 -10.48449707 1.069202423 3.539878845 -3.131584703 0.028220486 2.411526648
89 2.757156372 0.000015259 0.000019073 -0.011712134 0.035128624 1.019560794
90 1.775390625 0 -0.000030518 -0.204499622 -0.298392802 0.873982333
91 -11.046478271 1.142410278 1.529701233 -3.130487012 0.018259081 2.114134707
92 3.98828125 0.000030518 0.000041962 0.004872241 -0.009924216 1.610032301
93 2.26953125 0.000007629 0.000007629 -0.076539319 -0.095407065 1.438172442
94 -11.192642212 1.041530609 -2.758430481 -3.117466097 -0.002180357 2.477429666
95 3.82421875 0.000030518 0.000041962 0.00053161 0.002187187 1.610324685
96 8.785766602 -0.000030518 -0.000003815 0.028889808 0.206538207 -0.655495889
97 2.94140625 0.000015259 -0.000015259 -0.004550553 0.006091757 1.767588569
98 -11.120147705 1.091533661 -0.631126404 -3.128907678 0.018357161 2.400346066
99 3.989395142 0.000015259 0.000038147 0.021444626 0.041947477 1.751021405
100 3.478317261 0.000030518 -0.000015259 -0.001306817 0.004312204 1.848998194
101 -4.853607178 2.155090332 -4.018516541 3.123057975 0.125574955 2.46129872
102 2.980133057 0 0.000019073 0.038574713 -0.163808097 -0.240289671
103 1.982421875 -0.000015259 0.00003624 0 0 -0.040571652
104 0 -0.000015259 -0.000015259 -0.01786834 -0.032037725 -0.918099438
105 7.08984375 0 0 3.141592654 -0.174494806 3.141592654
106 7.528244019 8.168074608 -1.232803345 2.885017799 0.303466685 3.108838628
107 -54.911254883 -0.649675369 -0.176704407 1.856728718 0.785609017 0.048036467
108 -61.183185577 0.000005722 -0.000001907 0.174037262 0.013709953 -0.309466751
109 8.588668823 0 1.514417648 0 0 0
110 4.260528564 -21.349500656 -3.218471527 -0.229646484 -0.146054022 -0.303432411
111 15.606674194 0 -0.00001049 -0.000230542 -0.015021453 -0.015276913
112 15.853752136 0 -0.000006676 -0.0021455 0.005844223 -0.112796265
113 15.151866913 0 0.000000954 -0.002156721 0.034461992 -0.109990143
114 11.149963379 0.000015259 -0.000007153 -0.040082832 0.120800773 -0.029237533
115 1.725112915 -0.142127961 11.160657883 -2.019105011 -0.695607809 0.137591666
116 15.606689453 0 -0.000001907 -0.000378568 -0.010005624 0.075634329
117 15.853736877 0 -0.000003815 -0.000452092 0.003873277 -0.055078032
118 15.151851654 -0.000007629 0 -0.002046284 0.022783396 -0.164047015
119 11.149967194 0 0 -0.004405233 0.001667874 0.242797748
120 6.67868042 -0.142132968 -16.932609558 1.571106218 -0.034669705 3.141587281
121 -15.606674194 0.000007629 -0.00000003 0 0 -0.011221235
122 -15.853752136 0.000003815 0.00000599 0 0 -0.020630065
123 -15.151847839 0.000001907 0 0 0 0.034528415
124 -11.14994812 0 0.00000602 0 0 0.081764736
125 2.507659912 15.939216614 6.722545624 -1.789671757 0.255676781 -2.869102546
126 -15.606681824 0.000003815 0 0.009682108 0.071557123 -0.01425061
127 -15.853759766 0 0.000007629 0.01613172 -0.054675038 0.054485536
128 -15.15184021 0 0.000015259 -0.001509695 -0.076562335 -0.053072162
129 -11.14995575 -0.000005722 0.000007629 0.01299221 0.10724761 -0.197494444
130 2.507629395 -17.075351715 6.722560883 -1.394725005 -0.44812799 -0.316868681
131 15.606674194 0 0 0.010255181 0.007851074 0.017649467
132 15.853744507 0 0.000011444 0.019665519 -0.029855276 0.041925173
133 15.151855469 0 0.000003815 -0.009882331 0.066318543 -0.130745432
134 11.149967194 0 -0.000019073 0.05088976 -0.113244038 0.07765244
135 5.8931427 15.939212799 -12.47754097 3.060441594 0.13907538 0.286958964
136 15.606674194 0 0.000024796 0.01169136 0.076463922 0.021092712
137 15.853744507 -0.000007629 -0.000009537 0.014206685 -0.056849977 0.041048849
138 15.151855469 0 0 0.002011185 -0.08926062 -0.134027888
139 11.14994812 0 -0.000003815 0.035401214 0.06395871 0.093067358
140 5.893157959 -17.075357437 -12.477553368 1.665114988 0.046168712 2.945850245
141 -15.606643677 0 0.000007629 0.008323174 0.060418827 -0.036106739
142 -15.853729248 0 -0.000011444 0.018029579 -0.050060326 0.063110924
143 -15.15184021 -0.000003815 0 -0.003460759 -0.049642894 -0.003195132
144 -11.14994812 -0.000005722 -0.000007629 -0.271235576 -0.11581174 -0.002329874
145 4.260498047 20.773923874 -3.218486786 0.023101859 -0.035501231 -2.90636479
146 -15.606689453 0.000007629 0.000000954 -0.00033355 0.027363407 0.000858686
147 -15.853744507 0.000007629 0 0.002235045 -0.010827412 -0.046023683
148 -15.151832581 -0.000003815 0.000001907 -0.004155522 -0.062280988 0.116606942
149 -11.149971008 0 -0.000001907 -0.01022957 0.299857428 -0.226108714
150 7.528259277 -8.043748856 -1.232804298 -0.653604446 -0.226792034 0.150327416
151 54.911224365 0.649678707 0.176696777 1.571141194 0.649263053 0.091400882
152 61.183162689 -0.000007629 0.000000238 0.542701548 0.211647802 0.109075119
153 -0.364088595 36.477970123 12.189170837 0.340633688 -0.000040147 0.000233438
154 -0.364086866 -2.758006096 4.994803905 0 0 0.000244115
155 -0.364086866 -2.758006096 4.994803905 0 0 0.000244115
156 -0.364086866 -2.758006096 4.994803905 0 0 0.000244115
157 -0.364086866 -2.758006096 4.994803905 0 0 0.000244115
158 -0.364086866 -2.758006096 4.994803905 0 0 0.000244115
159 -0.364086866 -2.758006096 4.994803905 0 0 0.000244115
160 -0.364086866 -2.758006096 4.994803905 0 0 0.000244115
161 -0.364086866 -2.758006096 4.994803905 0 0 0.000244115
162 -0.498048782 -4.95163393 0.510848999 0 0 0.000244115
163 -0.364086866 -2.758006096 4.994803905 0 0 0.000244115
time 9
0 -0.364086866 -2.758006096 4.994803905 0 0 0.000244115
1 -0.355918914 -24.813129425 15.703406581 3.141592654 -1.497890235 1.570796489
2 130.809036255 0 0.000001907 0 0 0
3 6.662033081 -0.142129987 2.521337509 2.93088364 -0.190273848 -0.011382371
4 24.360946655 -0.000000954 0.000019073 0.10792569 -0.021553803 0.027710215
5 24.806411743 -0.000006676 0.765964508 -0.834961108 -0.344067487 0.13280885
6 8.120300293 -0.000001907 0 0.878961621 0.160260258 -0.144032846
7 8.120300293 -0.000000954 0 3.141592654 -1.17489882 3.141592654
8 8.120300293 -0.000000954 0 -0.216192487 -1.369859591 0.175150136
9 5.115219116 7.517076492 -23.079305649 1.501763517 -0.35837646 0.015053389
10 -13.525115967 0 0 0.011692194 0.067998646 -0.219941017
11 -11.953033447 -0.000022888 0 0.022699 -0.032976477 -0.01531024
12 -8.290390015 -0.000015259 -0.000000954 0.073234783 -0.039622059 0.003990983
13 -7.875 0.000030518 0 0.027664144 0.026768433 0.121742273
14 -8.785766602 0.000032425 0.000001907 0.161117127 -0.082300963 -0.128756046
15 -8.903717041 0.000011444 -0.000007629 0.327982297 0.037887549 0.442256455
16 5.903442383 12.714838982 -17.693174362 1.370188491 -0.37922568 -0.02939746
17 -13.525131226 0.000007629 0 -0.009948274 0.094810842 -0.20893629
18 -11.953063965 0 0 0.052917998 -0.045035493 -0.014665712
19 -8.290390015 0.000007629 0 0.06643104 -0.023909855 0.140885293
20 -7.875 0.000030518 -0.000011444 0.011739403 0.00125738 0.109686514
21 -8.78578186 0.000038147 -0.000001907 0.139312231 0.040347623 -0.057168669
22 -8.903717041 0 -0.000001431 0.242266841 -0.191441687 0.36051377
23 5.115203857 -7.603523731 -23.079328537 -1.554662073 0.381674365 -2.887288286
24 13.525100708 -0.000015259 0 0.028426097 -0.000163928 -0.225877984
25 11.953048706 0.000007629 0.000007629 0.117051996 0.018915149 -0.007019744
26 8.290359497 -0.000015259 -0.000007629 0.147850703 -0.047663173 0.038029625
27 7.875 -0.000022888 0.000003815 0.098624014 0.05412591 0.179439721
28 8.785797119 -0.000038147 0 0.170819353 0.087463148 -0.096351164
29 8.903717041 0.000011444 0.000003815 -0.237106732 0.44042397 0.261609227
30 5.903427124 -12.801288605 -17.69320488 -1.598720893 0.442583503 -2.77991415
31 13.525115967 0 0 -0.007250728 0.060690708 -0.237741842
32 11.953048706 0.000015259 -0.000007629 0.114150815 0.03426099 -0.012482864
33 8.290390015 0 -0.000007629 0.11279925 -0.014705416 0.176985625
34 7.875 -0.000015259 0.000007629 0.076146553 0.054583612 0.166619868
35 8.785797119 -0.000030518 0 0.220254077 0.224723573 -0.016734202
36 8.9037323 -0.000003815 0 -0.292676417 0.416568362 0.22968523
37 4.435455322 0.000126362 -25.179960251 -3.117617043 0.363008552 -3.024970545
38 14.171035767 0.000020981 1.280685425 -0.035210385 0.134532558 -0.029455679
39 10.9765625 0.000011444 0.352539063 0.011553652 0.078006004 0.023775035
40 8.120315552 -0.000007629 -0.000015259 0.000516129 -0.133199249 -0.016817277
41 8.120285034 -0.000003815 -0.000030518 -0.002684184 -0.212588842 -0.013081944
42 8.120330811 0.000001431 -0.000015259 -0.005486875 0.251065542 0.070315864
43 8.120346069 -0.000003815 0.000068665 -0.477040233 -0.23129885 0.171052717
44 7.146972656 16.179798126 -9.195619583 1.376844409 -0.303705466 -0.072871366
45 -13.525115967 -0.000007629 0.000003815 -0.058318294 -0.252190243 0.290184579
46 -11.953041077 -0.000022888 0 0.074015003 0.015122636 -0.189933101
47 -8.290393829 0 0.000015259 0.101233766 0.02758415 0.071770642
48 -7.875 0 0 0.020867725 -0.026000729 0.26945965
49 -8.785785675 0.000030518 -0.000007629 0.134586543 0.065143824 0.233318714
50 -8.903717041 0.000015259 0.000001907 0.162558631 -0.211931629 0.115054981
51 7.146957397 -16.26625061 -9.195617676 -1.594435862 0.362965226 -2.75698367
52 13.525115967 0.000007629 0.000007629 -0.084785316 -0.003534753 -0.164704586
53 11.953033447 0.000007629 0 0.103952591 0.070234165 -0.007328555
54 8.290390015 0.000007629 0 0.127956272 0.007453971 0.203221276
55 7.875 -0.000015259 0.000015259 0.107751636 0.092394571 0.202518679
56 8.785797119 -0.000030518 0.000001907 0.223131629 0.405474914 -0.067126557
57 8.90372467 -0.000003815 -0.000007629 -0.39020363 0.321075214 0.164042265
58 -5.36730957 8.366909027 8.703121185 1.799253612 -0.668550487 3.122971892
59 13.525123596 0 0 -0.296468905 -0.078299246 -0.169078084
60 -3.441879272 -10.792387962 9.377009392 1.751010837 -0.768137068 -3.061522303
61 13.525131226 0 0.000003815 -0.436011564 0.123384314 -0.393247037
62 11.953048706 0.000015259 0 0.173922095 -0.071673185 -0.171253842
63 8.290374756 0.000003815 0 0.120323852 0.029570754 0.124577262
64 7.875 -0.000034332 0 0.075624841 -0.055930995 -0.2948013
65 19.39491272 -14.052387238 -0.467090607 -1.445462707 -0.809560523 -0.045707903
66 26.240768433 0.000015259 -0.000001907 -0.007680315 -0.289500679 0.536539794
67 31.971008301 0.000007629 0 -1.678648368 0.467889424 -0.13378373
68 4.627258301 -2.311302185 4.185630798 -0.021512477 -0.254658869 -0.451859094
69 2.980117798 0 -0.000000954 -0.040823197 0.14004721 0.242069561
70 1.982421875 0.000019073 0.000019073 0.001822187 0.301463179 0.041313792
71 10.844894409 -1.281569481 -1.331680298 0.003154845 -0.01855101 -1.502721343
72 3.98828125 0 0.000041962 0.024656551 0.116612118 -1.30426207
73 2.26953125 -0.000007629 -0.000011444 0.010246566 0.020303916 -1.235445909
74 10.908889771 -1.23739624 0.829597473 -0.003109352 -0.01605034 -0.895852925
75 3.989456177 0 0.000049591 -0.026019839 0.050783303 -0.636960393
76 3.478284836 -0.000030518 -0.000007629 0.025346404 -0.11085993 -0.737210855
77 10.291915894 -1.202157974 -3.34413147 0.018038834 -0.023865117 -1.537453755
78 2.757152557 0 0.000022888 -0.269907553 -0.095587855 -1.29157427
79 1.775390625 0 -0.000022888 0.198076059 0.357239486 -1.30316968
80 10.971908569 -1.193932533 2.957344055 -0.014265529 -0.004860461 -1.002109965
81 3.82421875 -0.000030518 0.000038147 -0.000596317 0.002170439 -0.689801398
82 2.94140625 0 0 0.003950255 0.00698882 -0.847183373
83 0 0.000009537 0.000007629 -0.281161032 -0.158281714 -1.026998567
84 19.394897461 13.160596848 -0.467079163 1.401209606 1.024975721 -3.104238507
85 -26.240768433 0.000030518 0.000001907 0.323969435 -0.404134518 0.394902968
86 -31.97102356 0 -0.000015259 -1.81792558 0.01103903 0.008162281
87 -11.614593506 3.933109283 0.069389343 1.720533477 1.395162973 1.933670481
88 -10.48449707 1.069202423 3.539878845 -3.131584703 0.028220486 2.411526648
89 2.757156372 0.000015259 0.000019073 -0.011712134 0.035128624 1.019560794
90 1.775390625 0 -0.000030518 -0.204499622 -0.298392802 0.873982333
91 -11.046478271 1.142410278 1.529701233 -3.130487012 0.018259081 2.114134707
92 3.98828125 0.000030518 0.000041962 0.004872241 -0.009924216 1.610032301
93 2.26953125 0.000007629 0.000007629 -0.076539319 -0.095407065 1.438172442
94 -11.192642212 1.041530609 -2.758430481 -3.117466097 -0.002180357 2.477429666
95 3.82421875 0.000030518 0.000041962 0.00053161 0.002187187 1.610324685
96 8.785766602 -0.000030518 -0.000003815 0.028889808 0.206538207 -0.655495889
97 2.94140625 0.000015259 -0.000015259 -0.004550553 0.006091757 1.767588569
98 -11.120147705 1.091533661 -0.631126404 -3.128907678 0.018357161 2.400346066
99 3.989395142 0.000015259 0.000038147 0.021444626 0.041947477 1.751021405
100 3.478317261 0.000030518 -0.000015259 -0.001306817 0.004312204 1.848998194
101 -4.853607178 2.155090332 -4.018516541 3.123057975 0.125574955 2.46129872
102 2.980133057 0 0.000019073 0.038574713 -0.163808097 -0.240289671
103 1.982421875 -0.000015259 0.00003624 0 0 -0.040571652
104 0 -0.000015259 -0.000015259 -0.01786834 -0.032037725 -0.918099438
105 7.08984375 0 0 3.141592654 -0.174494806 3.141592654
106 7.528244019 8.168074608 -1.232803345 2.885017799 0.303466685 3.108838628
107 -54.911254883 -0.649675369 -0.176704407 1.856728718 0.785609017 0.048036467
108 -61.183185577 0.000005722 -0.000001907 0.174037262 0.013709953 -0.309466751
109 8.588668823 0 1.514417648 0 0 0
110 4.260528564 -21.349500656 -3.218471527 -0.229646484 -0.146054022 -0.303432411
111 15.606674194 0 -0.00001049 -0.00032364 -0.015539794 -0.013895014
112 15.853752136 0 -0.000006676 -0.002114224 0.003948991 -0.107520569
113 15.151866913 0 0.000000954 -0.002054742 0.032825752 -0.104019989
114 11.149963379 0.000015259 -0.000007153 -0.040082832 0.120800773 -0.029237533
115 1.725112915 -0.142127961 11.160657883 -2.019105011 -0.695607809 0.137591666
116 15.606689453 0 -0.000001907 -0.000401459 -0.010350273 0.077534971
117 15.853736877 0 -0.000003815 -0.000407306 0.002580473 -0.047997285
118 15.151851654 -0.000007629 0 -0.001974892 0.021750646 -0.157375933
119 11.149967194 0 0 -0.004405233 0.001667874 0.242797748
120 6.67868042 -0.142132968 -16.932609558 1.571106218 -0.034669705 3.141587281
121 -15.606674194 0.000007629 -0.00000003 0 0 -0.012257054
122 -15.853752136 0.000003815 0.00000599 0 0 -0.024255599
123 -15.151847839 0.000001907 0 0 0 0.032197537
124 -11.14994812 0 0.00000602 0 0 0.081764736
125 2.507659912 15.939216614 6.722545624 -1.789671757 0.255676781 -2.869102546
126 -15.606681824 0.000003815 0 0.009681928 0.07250636 -0.014073512
127 -15.853759766 0 0.000007629 0.016140539 -0.051048255 0.054598334
128 -15.15184021 0 0.000015259 -0.001507555 -0.072674846 -0.053589751
129 -11.14995575 -0.000005722 0.000007629 0.01299221 0.10724761 -0.197494444
130 2.507629395 -17.075351715 6.722560883 -1.394725005 -0.44812799 -0.316868681
131 15.606674194 0 0 0.010248485 0.006636502 0.018851685
132 15.853744507 0 0.000011444 0.019507474 -0.03412472 0.04603231
133 15.151855469 0 0.000003815 -0.009854668 0.063473243 -0.127608956
134 11.149967194 0 -0.000019073 0.05088976 -0.113244038 0.07765244
135 5.8931427 15.939212799 -12.47754097 3.060441594 0.13907538 0.286958964
136 15.606674194 0 0.000024796 0.01184062 0.077578229 0.022401303
137 15.853744507 -0.000007629 -0.000009537 0.014001299 -0.052733593 0.045486005
138 15.151855469 0 0 0.001494029 -0.084958748 -0.130698782
139 11.14994812 0 -0.000003815 0.035401214 0.06395871 0.093067358
140 5.893157959 -17.075357437 -12.477553368 1.665114988 0.046168712 2.945850245
141 -15.606643677 0 0.000007629 0.008292855 0.060939745 -0.036796754
142 -15.853729248 0 -0.000011444 0.018156337 -0.04796572 0.060533569
143 -15.15184021 -0.000003815 0 -0.003224571 -0.047143346 -0.006054186
144 -11.14994812 -0.000005722 -0.000007629 -0.271235576 -0.11581174 -0.002329874
145 4.260498047 20.773923874 -3.218486786 0.023101859 -0.035501231 -2.90636479
146 -15.606689453 0.000007629 0.000000954 -0.000347816 0.028312806 -0.000177575
147 -15.853744507 0.000007629 0 0.002257692 -0.007455751 -0.049732358
148 -15.151832581 -0.000003815 0.000001907 -0.003992956 -0.059350068 0.113995859
149 -11.149971008 0 -0.000001907 -0.01022957 0.299857428 -0.226108714
150 7.528259277 -8.043748856 -1.232804298 -0.653604446 -0.226792034 0.150327416
151 54.911224365 0.649678707 0.176696777 1.571141194 0.649263053 0.091400882
152 61.183162689 -0.000007629 0.000000238 0.542701548 0.211647802 0.109075119
153 -0.364088595 36.477970123 12.189170837 0.340633688 -0.000040147 0.000233438
154 -0.364086866 -2.758006096 4.994803905 0 0 0.000244115
155 -0.364086866 -2.758006096 4.994803905 0 0 0.000244115
156 -0.364086866 -2.758006096 4.994803905 0 0 0.000244115
157 -0.364086866 -2.758006096 4.994803905 0 0 0.000244115
158 -0.364086866 -2.758006096 4.994803905 0 0 0.000244115
159 -0.364086866 -2.758006096 4.994803905 0 0 0.000244115
160 -0.364086866 -2.758006096 4.994803905 0 0 0.000244115
161 -0.364086866 -2.758006096 4.994803905 0 0 0.000244115
162 -0.498048782 -4.95163393 0.510848999 0 0 0.000244115
163 -0.364086866 -2.758006096 4.994803905 0 0 0.000244115
time 10
0 -0.364086866 -2.758006096 4.994803905 0 0 0.000244115
1 -0.355918914 -24.813129425 14.976865985 3.141592654 -1.497890235 1.570796489
2 130.809036255 0 0.000001907 0 0 0
3 6.662033081 -0.142129987 2.521337509 2.93088364 -0.190273848 -0.011382371
4 24.360946655 -0.000000954 0.000019073 0.10792569 -0.021553803 0.027710215
5 24.806411743 -0.000006676 0.765964508 -0.834961108 -0.344067487 0.13280885
6 8.120300293 -0.000001907 0 0.878961621 0.160260258 -0.144032846
7 8.120300293 -0.000000954 0 3.141592654 -1.17489882 3.141592654
8 8.120300293 -0.000000954 0 -0.216192487 -1.369859591 0.175150136
9 5.115219116 7.517076492 -23.079305649 1.501763517 -0.35837646 0.015053389
10 -13.525115967 0 0 0.011565481 0.067911883 -0.221422699
11 -11.953033447 -0.000022888 0 0.022955317 -0.033815745 -0.024907867
12 -8.290390015 -0.000015259 -0.000000954 0.073878877 -0.039486949 -0.006729423
13 -7.875 0.000030518 0 0.028238411 0.03112352 0.129947348
14 -8.785766602 0.000032425 0.000001907 0.160202885 -0.073654686 -0.093462425
15 -8.903717041 0.000011444 -0.000007629 0.327982297 0.037887549 0.442256455
16 5.903442383 12.714838982 -17.693174362 1.370188491 -0.37922568 -0.02939746
17 -13.525131226 0.000007629 0 -0.010141259 0.095138123 -0.210425963
18 -11.953063965 0 0 0.053203523 -0.042870296 -0.024633263
19 -8.290390015 0.000007629 0 0.067023484 -0.020584952 0.128522612
20 -7.875 0.000030518 -0.000011444 0.011484348 0.002809282 0.112894
21 -8.78578186 0.000038147 -0.000001907 0.139367974 0.036470878 -0.024109605
22 -8.903717041 0 -0.000001431 0.242266841 -0.191441687 0.36051377
23 5.115203857 -7.603523731 -23.079328537 -1.554662073 0.381674365 -2.887288286
24 13.525100708 -0.000015259 0 0.028404236 0.000811346 -0.227427987
25 11.953048706 0.000007629 0.000007629 0.116820978 0.02530871 -0.017284445
26 8.290359497 -0.000015259 -0.000007629 0.148467313 -0.041775727 0.02511671
27 7.875 -0.000022888 0.000003815 0.096549869 0.051501497 0.187661168
28 8.785797119 -0.000038147 0 0.171108592 0.076085196 -0.055295546
29 8.903717041 0.000011444 0.000003815 -0.237106732 0.44042397 0.261609227
30 5.903427124 -12.801288605 -17.69320488 -1.598720893 0.442583503 -2.77991415
31 13.525115967 0 0 -0.007370382 0.061981072 -0.239407533
32 11.953048706 0.000015259 -0.000007629 0.113792907 0.043087576 -0.02322971
33 8.290390015 0 -0.000007629 0.112261798 -0.006818935 0.162675653
34 7.875 -0.000015259 0.000007629 0.071603095 0.047804863 0.170472771
35 8.785797119 -0.000030518 0 0.220336765 0.200245489 0.022223795
36 8.9037323 -0.000003815 0 -0.292676417 0.416568362 0.22968523
37 4.435455322 0.000126362 -25.179960251 -3.117617043 0.363008552 -3.024970545
38 14.171035767 0.000020981 1.280685425 -0.035117722 0.136620261 -0.028882384
39 10.9765625 0.000011444 0.352539063 0.011978822 0.090939765 0.027764289
40 8.120315552 -0.000007629 -0.000015259 -0.000174688 -0.120488351 -0.012874123
41 8.120285034 -0.000003815 -0.000030518 -0.003582957 -0.222851137 -0.016883567
42 8.120330811 0.000001431 -0.000015259 -0.008782337 0.208806527 0.054545762
43 8.120346069 -0.000003815 0.000068665 -0.477040233 -0.23129885 0.171052717
44 7.146972656 16.179798126 -9.195619583 1.376844409 -0.303705466 -0.072871366
45 -13.525115967 -0.000007629 0.000003815 -0.058318294 -0.252190243 0.290184579
46 -11.953041077 -0.000022888 0 0.073973058 0.017229564 -0.192980976
47 -8.290393829 0 0.000015259 0.100968357 0.039442148 0.051011605
48 -7.875 0 0 0.019730728 -0.017042705 0.245175498
49 -8.785785675 0.000030518 -0.000007629 0.126231715 0.056613109 0.244872132
50 -8.903717041 0.000015259 0.000001907 0.162558631 -0.211931629 0.115054981
51 7.146957397 -16.26625061 -9.195617676 -1.594435862 0.362965226 -2.75698367
52 13.525115967 0.000007629 0.000007629 -0.084846924 -0.001788896 -0.166339056
53 11.953033447 0.000007629 0 0.103365794 0.081721038 -0.017050731
54 8.290390015 0.000007629 0 0.12637111 0.017773036 0.189524748
55 7.875 -0.000015259 0.000015259 0.09968861 0.08132502 0.20532754
56 8.785797119 -0.000030518 0.000001907 0.223633413 0.369443498 -0.029706334
57 8.90372467 -0.000003815 -0.000007629 -0.39020363 0.321075214 0.164042265
58 -5.36730957 8.366909027 8.703121185 1.799149562 -0.666667908 3.123035007
59 13.525123596 0 0 -0.296468905 -0.078299246 -0.169078084
60 -3.441879272 -10.792387962 9.377009392 1.751287795 -0.765935173 -3.061933008
61 13.525131226 0 0.000003815 -0.436161562 0.11868147 -0.403430533
62 11.953048706 0.000015259 0 0.173819856 -0.076748401 -0.176232266
63 8.290374756 0.000003815 0 0.120372363 0.027593636 0.153497251
64 7.875 -0.000034332 0 0.070711333 -0.039001867 -0.247077525
65 19.39491272 -14.052387238 -0.467090607 -1.453195417 -0.801301569 -0.042755724
66 26.240768433 0.000015259 -0.000001907 -0.007684089 -0.285247642 0.536535735
67 31.971008301 0.000007629 0 -1.678648368 0.467889424 -0.13378373
68 4.627258301 -2.311302185 4.185630798 -0.021512477 -0.254658869 -0.451859094
69 2.980117798 0 -0.000000954 -0.040823197 0.14004721 0.242069561
70 1.982421875 0.000019073 0.000019073 0.001822187 0.301463179 0.041313792
71 10.844894409 -1.281569481 -1.331680298 0.003154845 -0.01855101 -1.502721343
72 3.98828125 0 0.000041962 0.024656551 0.116612118 -1.30426207
73 2.26953125 -0.000007629 -0.000011444 0.010246566 0.020303916 -1.235445909
74 10.908889771 -1.23739624 0.829597473 -0.003109352 -0.01605034 -0.895852925
75 3.989456177 0 0.000049591 -0.026019839 0.050783303 -0.636960393
76 3.478284836 -0.000030518 -0.000007629 0.025346404 -0.11085993 -0.737210855
77 10.291915894 -1.202157974 -3.34413147 0.018038834 -0.023865117 -1.537453755
78 2.757152557 0 0.000022888 -0.269907553 -0.095587855 -1.29157427
79 1.775390625 0 -0.000022888 0.198076059 0.357239486 -1.30316968
80 10.971908569 -1.193932533 2.957344055 -0.014265529 -0.004860461 -1.002109965
81 3.82421875 -0.000030518 0.000038147 -0.000596317 0.002170439 -0.689801398
82 2.94140625 0 0 0.003950255 0.00698882 -0.847183373
83 0 0.000009537 0.000007629 -0.281161032 -0.158281714 -1.026998567
84 19.394897461 13.160596848 -0.467079163 1.401209606 1.024975721 -3.104238507
85 -26.240768433 0.000030518 0.000001907 0.323969435 -0.404134518 0.394902968
86 -31.97102356 0 -0.000015259 -1.81792558 0.01103903 0.008162281
87 -11.614593506 3.933109283 0.069389343 1.720533477 1.395162973 1.933670481
88 -10.48449707 1.069202423 3.539878845 -3.131584703 0.028220486 2.411526648
89 2.757156372 0.000015259 0.000019073 -0.011712134 0.035128624 1.019560794
90 1.775390625 0 -0.000030518 -0.204499622 -0.298392802 0.873982333
91 -11.046478271 1.142410278 1.529701233 -3.130487012 0.018259081 2.114134707
92 3.98828125 0.000030518 0.000041962 0.004872241 -0.009924216 1.610032301
93 2.26953125 0.000007629 0.000007629 -0.076539319 -0.095407065 1.438172442
94 -11.192642212 1.041530609 -2.758430481 -3.117466097 -0.002180357 2.477429666
95 3.82421875 0.000030518 0.000041962 0.00053161 0.002187187 1.610324685
96 8.785766602 -0.000030518 -0.000003815 0.028889808 0.206538207 -0.655495889
97 2.94140625 0.000015259 -0.000015259 -0.004550553 0.006091757 1.767588569
98 -11.120147705 1.091533661 -0.631126404 -3.128907678 0.018357161 2.400346066
99 3.989395142 0.000015259 0.000038147 0.021444626 0.041947477 1.751021405
100 3.478317261 0.000030518 -0.000015259 -0.001306817 0.004312204 1.848998194
101 -4.853607178 2.155090332 -4.018516541 3.123057975 0.125574955 2.46129872
102 2.980133057 0 0.000019073 0.038574713 -0.163808097 -0.240289671
103 1.982421875 -0.000015259 0.00003624 0 0 -0.040571652
104 0 -0.000015259 -0.000015259 -0.01786834 -0.032037725 -0.918099438
105 7.08984375 0 0 3.141592654 -0.174494806 3.141592654
106 7.528244019 8.168074608 -1.232803345 2.885017799 0.303466685 3.108838628
107 -54.911254883 -0.649675369 -0.176704407 1.856728718 0.785609017 0.048036467
108 -61.183185577 0.000005722 -0.000001907 0.174037262 0.013709953 -0.309466751
109 8.588668823 0 1.514417648 0 0 0
110 4.260528564 -21.349500656 -3.218471527 -0.229646484 -0.146054022 -0.303432411
111 15.606674194 0 -0.00001049 -0.000328226 -0.015971227 -0.012945395
112 15.853752136 0 -0.000006676 -0.001992904 0.00180014 -0.101554009
113 15.151866913 0 0.000000954 -0.00195518 0.03023964 -0.094938175
114 11.149963379 0.000015259 -0.000007153 -0.040082832 0.120800773 -0.029237533
115 1.725112915 -0.142127961 11.160657883 -2.019105011 -0.695607809 0.137591666
116 15.606689453 0 -0.000001907 -0.000419286 -0.010608727 0.079003698
117 15.853736877 0 -0.000003815 -0.000369138 0.001201358 -0.039622209
118 15.151851654 -0.000007629 0 -0.001818538 0.020032742 -0.146722976
119 11.149967194 0 0 -0.004405233 0.001667874 0.242797748
120 6.67868042 -0.142132968 -16.932609558 1.571106218 -0.034669705 3.141587281
121 -15.606674194 0.000007629 -0.00000003 0 0 -0.013033921
122 -15.853752136 0.000003815 0.00000599 0 0 -0.028485488
123 -15.151847839 0.000001907 0 0 0 0.027708563
124 -11.14994812 0 0.00000602 0 0 0.081764736
125 2.507659912 15.939216614 6.722545624 -1.789671757 0.255676781 -2.869102546
126 -15.606681824 0.000003815 0 0.009680464 0.073196908 -0.013984021
127 -15.853759766 0 0.000007629 0.016245799 -0.046993177 0.054798647
128 -15.15184021 0 0.000015259 -0.001558294 -0.066801995 -0.054191766
129 -11.14995575 -0.000005722 0.000007629 0.01299221 0.10724761 -0.197494444
130 2.507629395 -17.075351715 6.722560883 -1.394725005 -0.44812799 -0.316868681
131 15.606674194 0 0 0.01024196 0.005682648 0.019709973
132 15.853744507 0 0.000011444 0.019293729 -0.039265138 0.050997552
133 15.151855469 0 0.000003815 -0.009695038 0.058135181 -0.122030195
134 11.149967194 0 -0.000019073 0.05088976 -0.113244038 0.07765244
135 5.8931427 15.939212799 -12.47754097 3.060441594 0.13907538 0.286958964
136 15.606674194 0 0.000024796 0.011890408 0.078349452 0.02344484
137 15.853744507 -0.000007629 -0.000009537 0.013897143 -0.047848773 0.050874759
138 15.151855469 0 0 0.000918048 -0.07823208 -0.125026851
139 11.14994812 0 -0.000003815 0.035401214 0.06395871 0.093067358
140 5.893157959 -17.075357437 -12.477553368 1.665114988 0.046168712 2.945850245
141 -15.606643677 0 0.000007629 0.008271738 0.061373245 -0.037227714
142 -15.853729248 0 -0.000011444 0.018295465 -0.045522564 0.05761394
143 -15.15184021 -0.000003815 0 -0.003050194 -0.043351287 -0.010639728
144 -11.14994812 -0.000005722 -0.000007629 -0.271235576 -0.11581174 -0.002329874
145 4.260498047 20.773923874 -3.218486786 0.023101859 -0.035501231 -2.90636479
146 -15.606689453 0.000007629 0.000000954 -0.00035915 0.029003274 -0.000954792
147 -15.853744507 0.000007629 0 0.00216662 -0.003481633 -0.054131091
148 -15.151832581 -0.000003815 0.000001907 -0.003677728 -0.054525898 0.109386129
149 -11.149971008 0 -0.000001907 -0.01022957 0.299857428 -0.226108714
150 7.528259277 -8.043748856 -1.232804298 -0.653604446 -0.226792034 0.150327416
151 54.911224365 0.649678707 0.176696777 1.571141194 0.649263053 0.091400882
152 61.183162689 -0.000007629 0.000000238 0.542701548 0.211647802 0.109075119
153 -0.364088595 36.477970123 12.189170837 0.340633688 -0.000040147 0.000233438
154 -0.364086866 -2.758006096 4.994803905 0 0 0.000244115
155 -0.364086866 -2.758006096 4.994803905 0 0 0.000244115
156 -0.364086866 -2.758006096 4.994803905 0 0 0.000244115
157 -0.364086866 -2.758006096 4.994803905 0 0 0.000244115
158 -0.364086866 -2.758006096 4.994803905 0 0 0.000244115
159 -0.364086866 -2.758006096 4.994803905 0 0 0.000244115
160 -0.364086866 -2.758006096 4.994803905 0 0 0.000244115
161 -0.364086866 -2.758006096 4.994803905 0 0 0.000244115
162 -0.498048782 -4.95163393 0.510848999 0 0 0.000244115
163 -0.364086866 -2.758006096 4.994803905 0 0 0.000244115
time 11
0 -0.364086866 -2.758006096 4.994803905 0 0 0.000244115
1 -0.355918914 -24.813129425 14.22564143 3.141592654 -1.497890235 1.570796489
2 130.809036255 0 0.000001907 0 0 0
3 6.662033081 -0.142129987 2.521337509 2.93088364 -0.190273848 -0.011382371
4 24.360946655 -0.000000954 0.000019073 0.10792569 -0.021553803 0.027710215
5 24.806411743 -0.000006676 0.765964508 -0.834961108 -0.344067487 0.13280885
6 8.120300293 -0.000001907 0 0.878961621 0.160260258 -0.144032846
7 8.120300293 -0.000000954 0 3.141592654 -1.17489882 3.141592654
8 8.120300293 -0.000000954 0 -0.216192487 -1.369859591 0.175150136
9 5.115219116 7.517076492 -23.079305649 1.501763517 -0.35837646 0.015053389
10 -13.525115967 0 0 0.011428647 0.067658281 -0.223774241
11 -11.953033447 -0.000022888 0 0.023501065 -0.036515682 -0.052582656
12 -8.290390015 -0.000015259 -0.000000954 0.075911212 -0.040770511 -0.045873645
13 -7.875 0.000030518 0 0.029728739 0.042121313 0.141399151
14 -8.785766602 0.000032425 0.000001907 0.158854838 -0.04582368 0.007784901
15 -8.903717041 0.000011444 -0.000007629 0.327982297 0.037887549 0.442256455
16 5.903442383 12.714838982 -17.693174362 1.370188491 -0.37922568 -0.02939746
17 -13.525131226 0.000007629 0 -0.010389785 0.09554615 -0.212875334
18 -11.953063965 0 0 0.053764681 -0.037090407 -0.053425636
19 -8.290390015 0.000007629 0 0.068606649 -0.010210247 0.085872271
20 -7.875 0.000030518 -0.000011444 0.01082766 0.009684238 0.111375126
21 -8.78578186 0.000038147 -0.000001907 0.137709701 0.028520326 0.067222571
22 -8.903717041 0 -0.000001431 0.242266841 -0.191441687 0.36051377
23 5.115203857 -7.603523731 -23.079328537 -1.554662073 0.381674365 -2.887288286
24 13.525100708 -0.000015259 0 0.028386698 0.002494727 -0.229837242
25 11.953048706 0.000007629 0.000007629 0.115967735 0.043818447 -0.047102162
26 8.290359497 -0.000015259 -0.000007629 0.14987233 -0.020866653 -0.020697659
27 7.875 -0.000022888 0.000003815 0.089873139 0.048874736 0.196625419
28 8.785797119 -0.000038147 0 0.167823213 0.043968322 0.061497165
29 8.903717041 0.000011444 0.000003815 -0.237106732 0.44042397 0.261609227
30 5.903427124 -12.801288605 -17.69320488 -1.598720893 0.442583503 -2.77991415
31 13.525115967 0 0 -0.007538599 0.064135741 -0.241951821
32 11.953048706 0.000015259 -0.000007629 0.112407769 0.06872294 -0.054530508
33 8.290390015 0 -0.000007629 0.110764819 0.022241064 0.112557657
34 7.875 -0.000015259 0.000007629 0.058017211 0.0364329 0.168719972
35 8.785797119 -0.000030518 0 0.208135048 0.128088846 0.130166465
36 8.9037323 -0.000003815 0 -0.292676417 0.416568362 0.22968523
37 4.435455322 0.000126362 -25.179960251 -3.117617043 0.363008552 -3.024970545
38 14.171035767 0.000020981 1.280685425 -0.034938935 0.139924869 -0.028065661
39 10.9765625 0.000011444 0.352539063 0.013537366 0.129067287 0.039455685
40 8.120315552 -0.000007629 -0.000015259 -0.001947323 -0.073470888 0.001280816
41 8.120285034 -0.000003815 -0.000030518 -0.007643923 -0.23742697 -0.022646625
42 8.120330811 0.000001431 -0.000015259 -0.015398213 0.087542972 0.009434647
43 8.120346069 -0.000003815 0.000068665 -0.477040233 -0.23129885 0.171052717
44 7.146972656 16.179798126 -9.195619583 1.376844409 -0.303705466 -0.072871366
45 -13.525115967 -0.000007629 0.000003815 -0.058318294 -0.252190243 0.290184579
46 -11.953041077 -0.000022888 0 0.073904544 0.020340521 -0.197382533
47 -8.290393829 0 0.000015259 0.099831473 0.074083764 -0.008664505
48 -7.875 0 0 0.016991272 0.016759705 0.157065729
49 -8.785785675 0.000030518 -0.000007629 0.100675412 0.043252371 0.250311454
50 -8.903717041 0.000015259 0.000001907 0.162558631 -0.211931629 0.115054981
51 7.146957397 -16.26625061 -9.195617676 -1.594435862 0.362965226 -2.75698367
52 13.525115967 0.000007629 0.000007629 -0.084898229 0.000790347 -0.168789572
53 11.953033447 0.000007629 0 0.101292578 0.115520106 -0.045307193
54 8.290390015 0.000007629 0 0.12225729 0.056496632 0.1420765
55 7.875 -0.000015259 0.000015259 0.075590032 0.060306395 0.200154471
56 8.785797119 -0.000030518 0.000001907 0.207935425 0.259925786 0.071560081
57 8.90372467 -0.000003815 -0.000007629 -0.39020363 0.321075214 0.164042265
58 -5.36730957 8.366909027 8.703121185 1.798998332 -0.663830814 3.123291574
59 13.525123596 0 0 -0.296468905 -0.078299246 -0.169078084
60 -3.441879272 -10.792387962 9.377009392 1.75168921 -0.762604434 -3.062506119
61 13.525131226 0 0.000003815 -0.435657868 0.105294508 -0.43565786
62 11.953048706 0.000015259 0 0.17585336 -0.090370197 -0.207020097
63 8.290374756 0.000003815 0 0.120232053 0.01472488 0.225763165
64 7.875 -0.000034332 0 0.061526264 0.007832598 -0.088737367
65 19.39491272 -14.052387238 -0.467090607 -1.458802367 -0.793720694 -0.041278121
66 26.240768433 0.000015259 -0.000001907 -0.007738896 -0.283786706 0.536570916
67 31.971008301 0.000007629 0 -1.678648368 0.467889424 -0.13378373
68 4.627258301 -2.311302185 4.185630798 -0.021512477 -0.254658869 -0.451859094
69 2.980117798 0 -0.000000954 -0.040823197 0.14004721 0.242069561
70 1.982421875 0.000019073 0.000019073 0.001822187 0.301463179 0.041313792
71 10.844894409 -1.281569481 -1.331680298 0.003154845 -0.01855101 -1.502721343
72 3.98828125 0 0.000041962 0.024656551 0.116612118 -1.30426207
73 2.26953125 -0.000007629 -0.000011444 0.010246566 0.020303916 -1.235445909
74 10.908889771 -1.23739624 0.829597473 -0.003109352 -0.01605034 -0.895852925
75 3.989456177 0 0.000049591 -0.026019839 0.050783303 -0.636960393
76 3.478284836 -0.000030518 -0.000007629 0.025346404 -0.11085993 -0.737210855
77 10.291915894 -1.202157974 -3.34413147 0.018038834 -0.023865117 -1.537453755
78 2.757152557 0 0.000022888 -0.269907553 -0.095587855 -1.29157427
79 1.775390625 0 -0.000022888 0.198076059 0.357239486 -1.30316968
80 10.971908569 -1.193932533 2.957344055 -0.014265529 -0.004860461 -1.002109965
81 3.82421875 -0.000030518 0.000038147 -0.000596317 0.002170439 -0.689801398
82 2.94140625 0 0 0.003950255 0.00698882 -0.847183373
83 0 0.000009537 0.000007629 -0.281161032 -0.158281714 -1.026998567
84 19.394897461 13.160596848 -0.467079163 1.401209606 1.024975721 -3.104238507
85 -26.240768433 0.000030518 0.000001907 0.323969435 -0.404134518 0.394902968
86 -31.97102356 0 -0.000015259 -1.81792558 0.01103903 0.008162281
87 -11.614593506 3.933109283 0.069389343 1.720533477 1.395162973 1.933670481
88 -10.48449707 1.069202423 3.539878845 -3.131584703 0.028220486 2.411526648
89 2.757156372 0.000015259 0.000019073 -0.011712134 0.035128624 1.019560794
90 1.775390625 0 -0.000030518 -0.204499622 -0.298392802 0.873982333
91 -11.046478271 1.142410278 1.529701233 -3.130487012 0.018259081 2.114134707
92 3.98828125 0.000030518 0.000041962 0.004872241 -0.009924216 1.610032301
93 2.26953125 0.000007629 0.000007629 -0.076539319 -0.095407065 1.438172442
94 -11.192642212 1.041530609 -2.758430481 -3.117466097 -0.002180357 2.477429666
95 3.82421875 0.000030518 0.000041962 0.00053161 0.002187187 1.610324685
96 8.785766602 -0.000030518 -0.000003815 0.028889808 0.206538207 -0.655495889
97 2.94140625 0.000015259 -0.000015259 -0.004550553 0.006091757 1.767588569
98 -11.120147705 1.091533661 -0.631126404 -3.128907678 0.018357161 2.400346066
99 3.989395142 0.000015259 0.000038147 0.021444626 0.041947477 1.751021405
100 3.478317261 0.000030518 -0.000015259 -0.001306817 0.004312204 1.848998194
101 -4.853607178 2.155090332 -4.018516541 3.123057975 0.125574955 2.46129872
102 2.980133057 0 0.000019073 0.038574713 -0.163808097 -0.240289671
103 1.982421875 -0.000015259 0.00003624 0 0 -0.040571652
104 0 -0.000015259 -0.000015259 -0.01786834 -0.032037725 -0.918099438
105 7.08984375 0 0 3.141592654 -0.174494806 3.141592654
106 7.528244019 8.168074608 -1.232803345 2.885017799 0.303466685 3.108838628
107 -54.911254883 -0.649675369 -0.176704407 1.856728718 0.785609017 0.048036467
108 -61.183185577 0.000005722 -0.000001907 0.174037262 0.013709953 -0.309466751
109 8.588668823 0 1.514417648 0 0 0
110 4.260528564 -21.349500656 -3.218471527 -0.229646484 -0.146054022 -0.303432411
111 15.606674194 0 -0.00001049 -0.00033791 -0.016575179 -0.011305143
112 15.853752136 0 -0.000006676 -0.001791037 -0.004654276 -0.084179781
113 15.151866913 0 0.000000954 -0.001511049 0.020419807 -0.063385849
114 11.149963379 0.000015259 -0.000007153 -0.040082832 0.120800773 -0.029237533
115 1.725112915 -0.142127961 11.160657883 -2.019105011 -0.695607809 0.137591666
116 15.606689453 0 -0.000001907 -0.000449208 -0.011039464 0.081336513
117 15.853736877 0 -0.000003815 -0.000408104 -0.003110574 -0.015104963
118 15.151851654 -0.000007629 0 -0.001252995 0.013590347 -0.107959377
119 11.149967194 0 0 -0.004405233 0.001667874 0.242797748
120 6.67868042 -0.142132968 -16.932609558 1.571106218 -0.034669705 3.141587281
121 -15.606674194 0.000007629 -0.00000003 0 0 -0.014242383
122 -15.853752136 0.000003815 0.00000599 0 0 -0.041348661
123 -15.151847839 0.000001907 0 0 0 0.01035806
124 -11.14994812 0 0.00000602 0 0 0.081764736
125 2.507659912 15.939216614 6.722545624 -1.789671757 0.255676781 -2.869102546
126 -15.606681824 0.000003815 0 0.009676209 0.074319328 -0.013892655
127 -15.853759766 0 0.000007629 0.016552054 -0.035091633 0.055833351
128 -15.15184021 0 0.000015259 -0.001733459 -0.04624986 -0.055742692
129 -11.14995575 -0.000005722 0.000007629 0.01299221 0.10724761 -0.197494444
130 2.507629395 -17.075351715 6.722560883 -1.394725005 -0.44812799 -0.316868681
131 15.606674194 0 0 0.010316869 0.004206931 0.021170027
132 15.853744507 0 0.000011444 0.018498266 -0.054597757 0.066085036
133 15.151855469 0 0.000003815 -0.008928077 0.037923357 -0.101481393
134 11.149967194 0 -0.000019073 0.05088976 -0.113244038 0.07765244
135 5.8931427 15.939212799 -12.47754097 3.060441594 0.13907538 0.286958964
136 15.606674194 0 0.000024796 0.012054826 0.079634733 0.025014712
137 15.853744507 -0.000007629 -0.000009537 0.013902076 -0.033632692 0.067030744
138 15.151855469 0 0 -0.001251224 -0.054264699 -0.103544248
139 11.14994812 0 -0.000003815 0.035401214 0.06395871 0.093067358
140 5.893157959 -17.075357437 -12.477553368 1.665114988 0.046168712 2.945850245
141 -15.606643677 0 0.000007629 0.008234876 0.062067187 -0.038003752
142 -15.853729248 0 -0.000011444 0.018655332 -0.038540215 0.049202693
143 -15.15184021 -0.000003815 0 -0.002446436 -0.030419725 -0.026465884
144 -11.14994812 -0.000005722 -0.000007629 -0.271235576 -0.11581174 -0.002329874
145 4.260498047 20.773923874 -3.218486786 0.023101859 -0.035501231 -2.90636479
146 -15.606689453 0.000007629 0.000000954 -0.000379203 0.030125275 -0.002250202
147 -15.853744507 0.000007629 0 0.001879626 0.008268347 -0.067591716
148 -15.151832581 -0.000003815 0.000001907 -0.002727295 -0.036772945 0.091852686
149 -11.149971008 0 -0.000001907 -0.01022957 0.299857428 -0.226108714
150 7.528259277 -8.043748856 -1.232804298 -0.653604446 -0.226792034 0.150327416
151 54.911224365 0.649678707 0.176696777 1.571141194 0.649263053 0.091400882
152 61.183162689 -0.000007629 0.000000238 0.542701548 0.211647802 0.109075119
153 -0.364088595 36.477970123 12.189170837 0.340633688 -0.000040147 0.000233438
154 -0.364086866 -2.758006096 4.994803905 0 0 0.000244115
155 -0.364086866 -2.758006096 4.994803905 0 0 0.000244115
156 -0.364086866 -2.758006096 4.994803905 0 0 0.000244115
157 -0.364086866 -2.758006096 4.994803905 0 0 0.000244115
158 -0.364086866 -2.758006096 4.994803905 0 0 0.000244115
159 -0.364086866 -2.758006096 4.994803905 0 0 0.000244115
160 -0.364086866 -2.758006096 4.994803905 0 0 0.000244115
161 -0.364086866 -2.758006096 4.994803905 0 0 0.000244115
162 -0.498048782 -4.95163393 0.510848999 0 0 0.000244115
163 -0.364086866 -2.758006096 4.994803905 0 0 0.000244115
time 12
0 -0.364086866 -2.758006096 4.994803905 0 0 0.000244115
1 -0.355918914 -24.813129425 13.459605354 3.141592654 -1.497890235 1.570796489
2 130.809036255 0 0.000001907 0 0 0
3 6.662033081 -0.142129987 2.521337509 2.93088364 -0.190273848 -0.011382371
4 24.360946655 -0.000000954 0.000019073 0.10792569 -0.021553803 0.027710215
5 24.806411743 -0.000006676 0.765964508 -0.834961108 -0.344067487 0.13280885
6 8.120300293 -0.000001907 0 0.878961621 0.160260258 -0.144032846
7 8.120300293 -0.000000954 0 3.141592654 -1.17489882 3.141592654
8 8.120300293 -0.000000954 0 -0.216192487 -1.369859591 0.175150136
9 5.115219116 7.517076492 -23.079305649 1.501763517 -0.35837646 0.015053389
10 -13.525115967 0 0 0.011442599 0.067740139 -0.223078329
11 -11.953033447 -0.000022888 0 0.023646174 -0.037777665 -0.06287936
12 -8.290390015 -0.000015259 -0.000000954 0.076638113 -0.042175021 -0.065477094
13 -7.875 0.000030518 0 0.030099259 0.045095971 0.137128905
14 -8.785766602 0.000032425 0.000001907 0.15935864 -0.034399144 0.042464253
15 -8.903717041 0.000011444 -0.000007629 0.327982297 0.037887549 0.442256455
16 5.903442383 12.714838982 -17.693174362 1.370188491 -0.37922568 -0.02939746
17 -13.525131226 0.000007629 0 -0.010251878 0.095387055 -0.212171798
18 -11.953063965 0 0 0.053733977 -0.035171049 -0.063999419
19 -8.290390015 0.000007629 0 0.069089509 -0.005725373 0.065626918
20 -7.875 0.000030518 -0.000011444 0.010554299 0.013811494 0.101455992
21 -8.78578186 0.000038147 -0.000001907 0.136176406 0.027831945 0.096072676
22 -8.903717041 0 -0.000001431 0.242266841 -0.191441687 0.36051377
23 5.115203857 -7.603523731 -23.079328537 -1.554662073 0.381674365 -2.887288286
24 13.525100708 -0.000015259 0 0.028361002 0.00196054 -0.229149573
25 11.953048706 0.000007629 0.000007629 0.115550274 0.050768384 -0.058133519
26 8.290359497 -0.000015259 -0.000007629 0.150080517 -0.010590549 -0.043387719
27 7.875 -0.000022888 0.000003815 0.087137155 0.051430428 0.189544905
28 8.785797119 -0.000038147 0 0.164357634 0.033243279 0.100659051
29 8.903717041 0.000011444 0.000003815 -0.237106732 0.44042397 0.261609227
30 5.903427124 -12.801288605 -17.69320488 -1.598720893 0.442583503 -2.77991415
31 13.525115967 0 0 -0.007515834 0.063442448 -0.241162866
32 11.953048706 0.000015259 -0.000007629 0.111734973 0.078274924 -0.066060133
33 8.290390015 0 -0.000007629 0.110232565 0.036992472 0.088617454
34 7.875 -0.000015259 0.000007629 0.052701239 0.038042608 0.156785206
35 8.785797119 -0.000030518 0 0.198547362 0.102300442 0.164259719
36 8.9037323 -0.000003815 0 -0.292676417 0.416568362 0.22968523
37 4.435455322 0.000126362 -25.179960251 -3.117617043 0.363008552 -3.024970545
38 14.171035767 0.000020981 1.280685425 -0.034939816 0.138882297 -0.028306123
39 10.9765625 0.000011444 0.352539063 0.014418716 0.143736017 0.043966363
40 8.120315552 -0.000007629 -0.000015259 -0.002281903 -0.049714424 0.008432074
41 8.120285034 -0.000003815 -0.000030518 -0.009959723 -0.2320561 -0.021173475
42 8.120330811 0.000001431 -0.000015259 -0.016289712 0.046653166 -0.006165053
43 8.120346069 -0.000003815 0.000068665 -0.477040233 -0.23129885 0.171052717
44 7.146972656 16.179798126 -9.195619583 1.376844409 -0.303705466 -0.072871366
45 -13.525115967 -0.000007629 0.000003815 -0.058318294 -0.252190243 0.290184579
46 -11.953041077 -0.000022888 0 0.073878279 0.018962164 -0.195435873
47 -8.290393829 0 0.000015259 0.099283882 0.087120803 -0.030705205
48 -7.875 0 0 0.01595517 0.034372824 0.113170436
49 -8.785785675 0.000030518 -0.000007629 0.090588385 0.046271447 0.231462595
50 -8.903717041 0.000015259 0.000001907 0.162558631 -0.211931629 0.115054981
51 7.146957397 -16.26625061 -9.195617676 -1.594435862 0.362965226 -2.75698367
52 13.525115967 0.000007629 0.000007629 -0.084825413 -0.00003958 -0.168060427
53 11.953033447 0.000007629 0 0.100468198 0.128255503 -0.055820799
54 8.290390015 0.000007629 0 0.121132455 0.076618765 0.119635013
55 7.875 -0.000015259 0.000015259 0.066255227 0.060662454 0.187439903
56 8.785797119 -0.000030518 0.000001907 0.194422212 0.218921585 0.102068453
57 8.90372467 -0.000003815 -0.000007629 -0.39020363 0.321075214 0.164042265
58 -5.36730957 8.366909027 8.703121185 1.799023259 -0.664671971 3.123248889
59 13.525123596 0 0 -0.296468905 -0.078299246 -0.169078084
60 -3.441879272 -10.792387962 9.377009392 1.751470147 -0.763600131 -3.062294869
61 13.525131226 0 0.000003815 -0.43472398 0.100760666 -0.449534111
62 11.953048706 0.000015259 0 0.177680406 -0.094838095 -0.227514913
63 8.290374756 0.000003815 0 0.119807358 0.006290828 0.243966159
64 7.875 -0.000034332 0 0.061248615 0.02221291 -0.020306004
65 19.39491272 -14.052387238 -0.467090607 -1.462718397 -0.786759898 -0.041118476
66 26.240768433 0.000015259 -0.000001907 -0.007677389 -0.283893869 0.53656669
67 31.971008301 0.000007629 0 -1.678648368 0.467889424 -0.13378373
68 4.627258301 -2.311302185 4.185630798 -0.021512477 -0.254658869 -0.451859094
69 2.980117798 0 -0.000000954 -0.040823197 0.14004721 0.242069561
70 1.982421875 0.000019073 0.000019073 0.001822187 0.301463179 0.041313792
71 10.844894409 -1.281569481 -1.331680298 0.003154845 -0.01855101 -1.502721343
72 3.98828125 0 0.000041962 0.024656551 0.116612118 -1.30426207
73 2.26953125 -0.000007629 -0.000011444 0.010246566 0.020303916 -1.235445909
74 10.908889771 -1.23739624 0.829597473 -0.003109352 -0.01605034 -0.895852925
75 3.989456177 0 0.000049591 -0.026019839 0.050783303 -0.636960393
76 3.478284836 -0.000030518 -0.000007629 0.025346404 -0.11085993 -0.737210855
77 10.291915894 -1.202157974 -3.34413147 0.018038834 -0.023865117 -1.537453755
78 2.757152557 0 0.000022888 -0.269907553 -0.095587855 -1.29157427
79 1.775390625 0 -0.000022888 0.198076059 0.357239486 -1.30316968
80 10.971908569 -1.193932533 2.957344055 -0.014265529 -0.004860461 -1.002109965
81 3.82421875 -0.000030518 0.000038147 -0.000596317 0.002170439 -0.689801398
82 2.94140625 0 0 0.003950255 0.00698882 -0.847183373
83 0 0.000009537 0.000007629 -0.281161032 -0.158281714 -1.026998567
84 19.394897461 13.160596848 -0.467079163 1.401209606 1.024975721 -3.104238507
85 -26.240768433 0.000030518 0.000001907 0.323969435 -0.404134518 0.394902968
86 -31.97102356 0 -0.000015259 -1.81792558 0.01103903 0.008162281
87 -11.614593506 3.933109283 0.069389343 1.720533477 1.395162973 1.933670481
88 -10.48449707 1.069202423 3.539878845 -3.131584703 0.028220486 2.411526648
89 2.757156372 0.000015259 0.000019073 -0.011712134 0.035128624 1.019560794
90 1.775390625 0 -0.000030518 -0.204499622 -0.298392802 0.873982333
91 -11.046478271 1.142410278 1.529701233 -3.130487012 0.018259081 2.114134707
92 3.98828125 0.000030518 0.000041962 0.004872241 -0.009924216 1.610032301
93 2.26953125 0.000007629 0.000007629 -0.076539319 -0.095407065 1.438172442
94 -11.192642212 1.041530609 -2.758430481 -3.117466097 -0.002180357 2.477429666
95 3.82421875 0.000030518 0.000041962 0.00053161 0.002187187 1.610324685
96 8.785766602 -0.000030518 -0.000003815 0.028889808 0.206538207 -0.655495889
97 2.94140625 0.000015259 -0.000015259 -0.004550553 0.006091757 1.767588569
98 -11.120147705 1.091533661 -0.631126404 -3.128907678 0.018357161 2.400346066
99 3.989395142 0.000015259 0.000038147 0.021444626 0.041947477 1.751021405
100 3.478317261 0.000030518 -0.000015259 -0.001306817 0.004312204 1.848998194
101 -4.853607178 2.155090332 -4.018516541 3.123057975 0.125574955 2.46129872
102 2.980133057 0 0.000019073 0.038574713 -0.163808097 -0.240289671
103 1.982421875 -0.000015259 0.00003624 0 0 -0.040571652
104 0 -0.000015259 -0.000015259 -0.01786834 -0.032037725 -0.918099438
105 7.08984375 0 0 3.141592654 -0.174494806 3.141592654
106 7.528244019 8.168074608 -1.232803345 2.885017799 0.303466685 3.108838628
107 -54.911254883 -0.649675369 -0.176704407 1.856728718 0.785609017 0.048036467
108 -61.183185577 0.000005722 -0.000001907 0.174037262 0.013709953 -0.309466751
109 8.588668823 0 1.514417648 0 0 0
110 4.260528564 -21.349500656 -3.218471527 -0.229646484 -0.146054022 -0.303432411
111 15.606674194 0 -0.00001049 -0.000335345 -0.016402616 -0.011736789
112 15.853752136 0 -0.000006676 -0.00162233 -0.007146475 -0.077785728
113 15.151866913 0 0.000000954 -0.001321427 0.0154235 -0.048181036
114 11.149963379 0.000015259 -0.000007153 -0.040082832 0.120800773 -0.029237533
115 1.725112915 -0.142127961 11.160657883 -2.019105011 -0.695607809 0.137591666
116 15.606689453 0 -0.000001907 -0.000441913 -0.010953371 0.080645322
117 15.853736877 0 -0.000003815 -0.000418063 -0.004748635 -0.005695938
118 15.151851654 -0.000007629 0 -0.00097183 0.01023877 -0.088509692
119 11.149967194 0 0 -0.004405233 0.001667874 0.242797748
120 6.67868042 -0.142132968 -16.932609558 1.571106218 -0.034669705 3.141587281
121 -15.606674194 0.000007629 -0.00000003 0 0 -0.013897108
122 -15.853752136 0.000003815 0.00000599 0 0 -0.04644258
123 -15.151847839 0.000001907 0 0 0 0.001122119
124 -11.14994812 0 0.00000602 0 0 0.081764736
125 2.507659912 15.939216614 6.722545624 -1.789671757 0.255676781 -2.869102546
126 -15.606681824 0.000003815 0 0.009678492 0.073973837 -0.013894153
127 -15.853759766 0 0.000007629 0.016666988 -0.030609481 0.056471208
128 -15.15184021 0 0.000015259 -0.001915113 -0.036237035 -0.056346876
129 -11.14995575 -0.000005722 0.000007629 0.01299221 0.10724761 -0.197494444
130 2.507629395 -17.075351715 6.722560883 -1.394725005 -0.44812799 -0.316868681
131 15.606674194 0 0 0.010320446 0.004640713 0.020740669
132 15.853744507 0 0.000011444 0.018115203 -0.060694795 0.072181255
133 15.151855469 0 0.000003815 -0.008494622 0.027178371 -0.09087468
134 11.149967194 0 -0.000019073 0.05088976 -0.113244038 0.07765244
135 5.8931427 15.939212799 -12.47754097 3.060441594 0.13907538 0.286958964
136 15.606674194 0 0.000024796 0.012033165 0.07929183 0.024579652
137 15.853744507 -0.000007629 -0.000009537 0.014162489 -0.028334725 0.073453398
138 15.151855469 0 0 -0.002100365 -0.042440614 -0.092368071
139 11.14994812 0 -0.000003815 0.035401214 0.06395871 0.093067358
140 5.893157959 -17.075357437 -12.477553368 1.665114988 0.046168712 2.945850245
141 -15.606643677 0 0.000007629 0.008243473 0.061893792 -0.037831351
142 -15.853729248 0 -0.000011444 0.018772527 -0.035922822 0.046201254
143 -15.15184021 -0.000003815 0 -0.002345588 -0.024299457 -0.034329812
144 -11.14994812 -0.000005722 -0.000007629 -0.271235576 -0.11581174 -0.002329874
145 4.260498047 20.773923874 -3.218486786 0.023101859 -0.035501231 -2.90636479
146 -15.606689453 0.000007629 0.000000954 -0.000373669 0.029780035 -0.001904744
147 -15.853744507 0.000007629 0 0.001603874 0.012842083 -0.073031431
148 -15.151832581 -0.000003815 0.000001907 -0.002274662 -0.027810944 0.082754704
149 -11.149971008 0 -0.000001907 -0.01022957 0.299857428 -0.226108714
150 7.528259277 -8.043748856 -1.232804298 -0.653604446 -0.226792034 0.150327416
151 54.911224365 0.649678707 0.176696777 1.571141194 0.649263053 0.091400882
152 61.183162689 -0.000007629 0.000000238 0.542701548 0.211647802 0.109075119
153 -0.364088595 36.477970123 12.189170837 0.340633688 -0.000040147 0.000233438
154 -0.364086866 -2.758006096 4.994803905 0 0 0.000244115
155 -0.364086866 -2.758006096 4.994803905 0 0 0.000244115
156 -0.364086866 -2.758006096 4.994803905 0 0 0.000244115
157 -0.364086866 -2.758006096 4.994803905 0 0 0.000244115
158 -0.364086866 -2.758006096 4.994803905 0 0 0.000244115
159 -0.364086866 -2.758006096 4.994803905 0 0 0.000244115
160 -0.364086866 -2.758006096 4.994803905 0 0 0.000244115
161 -0.364086866 -2.758006096 4.994803905 0 0 0.000244115
162 -0.498048782 -4.95163393 0.510848999 0 0 0.000244115
163 -0.364086866 -2.758006096 4.994803905 0 0 0.000244115
time 13
0 -0.364086866 -2.758006096 4.994803905 0 0 0.000244115
1 -0.355918914 -24.813129425 12.688633057 3.141592654 -1.497890235 1.570796489
2 130.809036255 0 0.000001907 0 0 0
3 6.662033081 -0.142129987 2.521337509 2.93088364 -0.190273848 -0.011382371
4 24.360946655 -0.000000954 0.000019073 0.10792569 -0.021553803 0.027710215
5 24.806411743 -0.000006676 0.765964508 -0.834961108 -0.344067487 0.13280885
6 8.120300293 -0.000001907 0 0.878961621 0.160260258 -0.144032846
7 8.120300293 -0.000000954 0 3.141592654 -1.17489882 3.141592654
8 8.120300293 -0.000000954 0 -0.216192487 -1.369859591 0.175150136
9 5.115219116 7.517076492 -23.079305649 1.501763517 -0.35837646 0.015053389
10 -13.525115967 0 0 0.011457338 0.067737655 -0.222643313
11 -11.953033447 -0.000022888 0 0.023654091 -0.038250145 -0.066945411
12 -8.290390015 -0.000015259 -0.000000954 0.076928037 -0.042722521 -0.073631348
13 -7.875 0.000030518 0 0.030105242 0.046082453 0.134549019
14 -8.785766602 0.000032425 0.000001907 0.159625464 -0.029833798 0.0556451
15 -8.903717041 0.000011444 -0.000007629 0.327982297 0.037887549 0.442256455
16 5.903442383 12.714838982 -17.693174362 1.370188491 -0.37922568 -0.02939746
17 -13.525131226 0.000007629 0 -0.010217723 0.09530379 -0.211647889
18 -11.953063965 0 0 0.053700709 -0.034456486 -0.068213143
19 -8.290390015 0.000007629 0 0.069241161 -0.003969581 0.057219174
20 -7.875 0.000030518 -0.000011444 0.010513291 0.015479741 0.096538789
21 -8.78578186 0.000038147 -0.000001907 0.135418686 0.028018995 0.106728048
22 -8.903717041 0 -0.000001431 0.242266841 -0.191441687 0.36051377
23 5.115203857 -7.603523731 -23.079328537 -1.554662073 0.381674365 -2.887288286
24 13.525100708 -0.000015259 0 0.028400889 0.001610169 -0.228633161
25 11.953048706 0.000007629 0.000007629 0.115454396 0.053442942 -0.062483058
26 8.290359497 -0.000015259 -0.000007629 0.150033548 -0.006337665 -0.0527649
27 7.875 -0.000022888 0.000003815 0.086026601 0.052817188 0.185755724
28 8.785797119 -0.000038147 0 0.162782441 0.029168421 0.115555913
29 8.903717041 0.000011444 0.000003815 -0.237106732 0.44042397 0.261609227
30 5.903427124 -12.801288605 -17.69320488 -1.598720893 0.442583503 -2.77991415
31 13.525115967 0 0 -0.007447219 0.06301573 -0.240635486
32 11.953048706 0.000015259 -0.000007629 0.111439151 0.082074563 -0.070626205
33 8.290390015 0 -0.000007629 0.110103914 0.043159086 0.078748377
34 7.875 -0.000015259 0.000007629 0.050680356 0.039293889 0.150886524
35 8.785797119 -0.000030518 0 0.194281271 0.09238036 0.176936881
36 8.9037323 -0.000003815 0 -0.292676417 0.416568362 0.22968523
37 4.435455322 0.000126362 -25.179960251 -3.117617043 0.363008552 -3.024970545
38 14.171035767 0.000020981 1.280685425 -0.035033224 0.13818452 -0.028559365
39 10.9765625 0.000011444 0.352539063 0.014764787 0.149519199 0.045688424
40 8.120315552 -0.000007629 -0.000015259 -0.002386037 -0.039781674 0.011443601
41 8.120285034 -0.000003815 -0.000030518 -0.010972566 -0.228845695 -0.020200267
42 8.120330811 0.000001431 -0.000015259 -0.016592246 0.031148604 -0.012172074
43 8.120346069 -0.000003815 0.000068665 -0.477040233 -0.23129885 0.171052717
44 7.146972656 16.179798126 -9.195619583 1.376844409 -0.303705466 -0.072871366
45 -13.525115967 -0.000007629 0.000003815 -0.058318294 -0.252190243 0.290184579
46 -11.953041077 -0.000022888 0 0.073964619 0.018144606 -0.194249772
47 -8.290393829 0 0.000015259 0.099091792 0.092217577 -0.039203863
48 -7.875 0 0 0.015558508 0.041867783 0.094901408
49 -8.785785675 0.000030518 -0.000007629 0.086636459 0.048334231 0.221879089
50 -8.903717041 0.000015259 0.000001907 0.162558631 -0.211931629 0.115054981
51 7.146957397 -16.26625061 -9.195617676 -1.594435862 0.362965226 -2.75698367
52 13.525115967 0.000007629 0.000007629 -0.084860932 -0.000626322 -0.167515458
53 11.953033447 0.000007629 0 0.100162036 0.133311396 -0.059928916
54 8.290390015 0.000007629 0 0.120620123 0.084990764 0.110344072
55 7.875 -0.000015259 0.000015259 0.062604032 0.061871536 0.18128615
56 8.785797119 -0.000030518 0.000001907 0.188363641 0.202968948 0.113302717
57 8.90372467 -0.000003815 -0.000007629 -0.39020363 0.321075214 0.164042265
58 -5.36730957 8.366909027 8.703121185 1.79911378 -0.665255991 3.123213762
59 13.525123596 0 0 -0.296468905 -0.078299246 -0.169078084
60 -3.441879272 -10.792387962 9.377009392 1.751355508 -0.764337564 -3.0621057
61 13.525131226 0 0.000003815 -0.434243587 0.099049048 -0.455158707
62 11.953048706 0.000015259 0 0.178568268 -0.096436998 -0.236448531
63 8.290374756 0.000003815 0 0.119674062 0.002588339 0.25079998
64 7.875 -0.000034332 0 0.061399791 0.027413318 0.007232961
65 19.39491272 -14.052387238 -0.467090607 -1.464876522 -0.780486903 -0.042215284
66 26.240768433 0.000015259 -0.000001907 -0.007688406 -0.284253207 0.536583756
67 31.971008301 0.000007629 0 -1.678648368 0.467889424 -0.13378373
68 4.627258301 -2.311302185 4.185630798 -0.021512477 -0.254658869 -0.451859094
69 2.980117798 0 -0.000000954 -0.040823197 0.14004721 0.242069561
70 1.982421875 0.000019073 0.000019073 0.001822187 0.301463179 0.041313792
71 10.844894409 -1.281569481 -1.331680298 0.003154845 -0.01855101 -1.502721343
72 3.98828125 0 0.000041962 0.024656551 0.116612118 -1.30426207
73 2.26953125 -0.000007629 -0.000011444 0.010246566 0.020303916 -1.235445909
74 10.908889771 -1.23739624 0.829597473 -0.003109352 -0.01605034 -0.895852925
75 3.989456177 0 0.000049591 -0.026019839 0.050783303 -0.636960393
76 3.478284836 -0.000030518 -0.000007629 0.025346404 -0.11085993 -0.737210855
77 10.291915894 -1.202157974 -3.34413147 0.018038834 -0.023865117 -1.537453755
78 2.757152557 0 0.000022888 -0.269907553 -0.095587855 -1.29157427
79 1.775390625 0 -0.000022888 0.198076059 0.357239486 -1.30316968
80 10.971908569 -1.193932533 2.957344055 -0.014265529 -0.004860461 -1.002109965
81 3.82421875 -0.000030518 0.000038147 -0.000596317 0.002170439 -0.689801398
82 2.94140625 0 0 0.003950255 0.00698882 -0.847183373
83 0 0.000009537 0.000007629 -0.281161032 -0.158281714 -1.026998567
84 19.394897461 13.160596848 -0.467079163 1.401209606 1.024975721 -3.104238507
85 -26.240768433 0.000030518 0.000001907 0.323969435 -0.404134518 0.394902968
86 -31.97102356 0 -0.000015259 -1.81792558 0.01103903 0.008162281
87 -11.614593506 3.933109283 0.069389343 1.720533477 1.395162973 1.933670481
88 -10.48449707 1.069202423 3.539878845 -3.131584703 0.028220486 2.411526648
89 2.757156372 0.000015259 0.000019073 -0.011712134 0.035128624 1.019560794
90 1.775390625 0 -0.000030518 -0.204499622 -0.298392802 0.873982333
91 -11.046478271 1.142410278 1.529701233 -3.130487012 0.018259081 2.114134707
92 3.98828125 0.000030518 0.000041962 0.004872241 -0.009924216 1.610032301
93 2.26953125 0.000007629 0.000007629 -0.076539319 -0.095407065 1.438172442
94 -11.192642212 1.041530609 -2.758430481 -3.117466097 -0.002180357 2.477429666
95 3.82421875 0.000030518 0.000041962 0.00053161 0.002187187 1.610324685
96 8.785766602 -0.000030518 -0.000003815 0.028889808 0.206538207 -0.655495889
97 2.94140625 0.000015259 -0.000015259 -0.004550553 0.006091757 1.767588569
98 -11.120147705 1.091533661 -0.631126404 -3.128907678 0.018357161 2.400346066
99 3.989395142 0.000015259 0.000038147 0.021444626 0.041947477 1.751021405
100 3.478317261 0.000030518 -0.000015259 -0.001306817 0.004312204 1.848998194
101 -4.853607178 2.155090332 -4.018516541 3.123057975 0.125574955 2.46129872
102 2.980133057 0 0.000019073 0.038574713 -0.163808097 -0.240289671
103 1.982421875 -0.000015259 0.00003624 0 0 -0.040571652
104 0 -0.000015259 -0.000015259 -0.01786834 -0.032037725 -0.918099438
105 7.08984375 0 0 3.141592654 -0.174494806 3.141592654
106 7.528244019 8.168074608 -1.232803345 2.885017799 0.303466685 3.108838628
107 -54.911254883 -0.649675369 -0.176704407 1.856728718 0.785609017 0.048036467
108 -61.183185577 0.000005722 -0.000001907 0.174037262 0.013709953 -0.309466751
109 8.588668823 0 1.514417648 0 0 0
110 4.260528564 -21.349500656 -3.218471527 -0.229646484 -0.146054022 -0.303432411
111 15.606674194 0 -0.00001049 -0.000246711 -0.016315833 -0.012082807
112 15.853752136 0 -0.000006676 -0.001595554 -0.008093257 -0.075280165
113 15.151866913 0 0.000000954 -0.001313909 0.013268278 -0.041876324
114 11.149963379 0.000015259 -0.000007153 -0.040082832 0.120800773 -0.029237533
115 1.725112915 -0.142127961 11.160657883 -2.019105011 -0.695607809 0.137591666
116 15.606689453 0 -0.000001907 -0.000436086 -0.010867218 0.08021331
117 15.853736877 0 -0.000003815 -0.00042619 -0.005438387 -0.001984134
118 15.151851654 -0.000007629 0 -0.00096099 0.008859196 -0.080387588
119 11.149967194 0 0 -0.004405233 0.001667874 0.242797748
120 6.67868042 -0.142132968 -16.932609558 1.571106218 -0.034669705 3.141587281
121 -15.606674194 0.000007629 -0.00000003 0 0 -0.013638151
122 -15.853752136 0.000003815 0.00000599 0 0 -0.048428424
123 -15.151847839 0.000001907 0 0 0 -0.002675819
124 -11.14994812 0 0.00000602 0 0 0.081764736
125 2.507659912 15.939216614 6.722545624 -1.789671757 0.255676781 -2.869102546
126 -15.606681824 0.000003815 0 0.00967644 0.073801515 -0.013981398
127 -15.853759766 0 0.000007629 0.016799149 -0.028887585 0.056655683
128 -15.15184021 0 0.000015259 -0.002027613 -0.032095133 -0.056606133
129 -11.14995575 -0.000005722 0.000007629 0.01299221 0.10724761 -0.197494444
130 2.507629395 -17.075351715 6.722560883 -1.394725005 -0.44812799 -0.316868681
131 15.606674194 0 0 0.010322503 0.004900983 0.020483055
132 15.853744507 0 0.000011444 0.017952685 -0.06313294 0.074586796
133 15.151855469 0 0.000003815 -0.008325464 0.022709072 -0.086358014
134 11.149967194 0 -0.000019073 0.05088976 -0.113244038 0.07765244
135 5.8931427 15.939212799 -12.47754097 3.060441594 0.13907538 0.286958964
136 15.606674194 0 0.000024796 0.011929649 0.079035831 0.024228318
137 15.853744507 -0.000007629 -0.000009537 0.014290427 -0.026286081 0.076056847
138 15.151855469 0 0 -0.002501389 -0.03752307 -0.087694522
139 11.14994812 0 -0.000003815 0.035401214 0.06395871 0.093067358
140 5.893157959 -17.075357437 -12.477553368 1.665114988 0.046168712 2.945850245
141 -15.606643677 0 0.000007629 0.00825204 0.061720396 -0.037658952
142 -15.853729248 0 -0.000011444 0.018815305 -0.034962113 0.045000145
143 -15.15184021 -0.000003815 0 -0.002353678 -0.021800261 -0.037526588
144 -11.14994812 -0.000005722 -0.000007629 -0.271235576 -0.11581174 -0.002329874
145 4.260498047 20.773923874 -3.218486786 0.023101859 -0.035501231 -2.90636479
146 -15.606689453 0.000007629 0.000000954 -0.000369669 0.029607431 -0.001645671
147 -15.853744507 0.000007629 0 0.001521886 0.014655222 -0.075190496
148 -15.151832581 -0.000003815 0.000001907 -0.002071733 -0.024019923 0.078944599
149 -11.149971008 0 -0.000001907 -0.01022957 0.299857428 -0.226108714
150 7.528259277 -8.043748856 -1.232804298 -0.653604446 -0.226792034 0.150327416
151 54.911224365 0.649678707 0.176696777 1.571141194 0.649263053 0.091400882
152 61.183162689 -0.000007629 0.000000238 0.542701548 0.211647802 0.109075119
153 -0.364088595 36.477970123 12.189170837 0.340633688 -0.000040147 0.000233438
154 -0.364086866 -2.758006096 4.994803905 0 0 0.000244115
155 -0.364086866 -2.758006096 4.994803905 0 0 0.000244115
156 -0.364086866 -2.758006096 4.994803905 0 0 0.000244115
157 -0.364086866 -2.758006096 4.994803905 0 0 0.000244115
158 -0.364086866 -2.758006096 4.994803905 0 0 0.000244115
159 -0.364086866 -2.758006096 4.994803905 0 0 0.000244115
160 -0.364086866 -2.758006096 4.994803905 0 0 0.000244115
161 -0.364086866 -2.758006096 4.994803905 0 0 0.000244115
162 -0.498048782 -4.95163393 0.510848999 0 0 0.000244115
163 -0.364086866 -2.758006096 4.994803905 0 0 0.000244115
time 14
0 -0.364086866 -2.758006096 4.994803905 0 0 0.000244115
1 -0.355918914 -24.813129425 11.922598884 3.141592654 -1.497890235 1.570796489
2 130.809036255 0 0.000001907 0 0 0
3 6.662033081 -0.142129987 2.521337509 2.93088364 -0.190273848 -0.011382371
4 24.360946655 -0.000000954 0.000019073 0.10792569 -0.021553803 0.027710215
5 24.806411743 -0.000006676 0.765964508 -0.834961108 -0.344067487 0.13280885
6 8.120300293 -0.000001907 0 0.878961621 0.160260258 -0.144032846
7 8.120300293 -0.000000954 0 3.141592654 -1.17489882 3.141592654
8 8.120300293 -0.000000954 0 -0.216192487 -1.369859591 0.175150136
9 5.115219116 7.517076492 -23.079305649 1.501763517 -0.35837646 0.015053389
10 -13.525115967 0 0 0.011565481 0.067911883 -0.2214227
11 -11.953033447 -0.000022888 0 0.023670494 -0.038806969 -0.07118578
12 -8.290390015 -0.000015259 -0.000000954 0.077304338 -0.043774887 -0.08431685
13 -7.875 0.000030518 0 0.030177203 0.04676537 0.128504658
14 -8.785766602 0.000032425 0.000001907 0.160158828 -0.024911504 0.067468627
15 -8.903717041 0.000011444 -0.000007629 0.327982297 0.037887549 0.442256455
16 5.903442383 12.714838982 -17.693174362 1.370188491 -0.37922568 -0.02939746
17 -13.525131226 0.000007629 0 -0.010141259 0.095138124 -0.210425964
18 -11.953063965 0 0 0.053674016 -0.033910065 -0.072604704
19 -8.290390015 0.000007629 0 0.069389689 -0.001792851 0.04666752
20 -7.875 0.000030518 -0.000011444 0.010291673 0.017952312 0.087650215
21 -8.78578186 0.000038147 -0.000001907 0.134485796 0.028817405 0.114997709
22 -8.903717041 0 -0.000001431 0.242266841 -0.191441687 0.36051377
23 5.115203857 -7.603523731 -23.079328537 -1.554662073 0.381674365 -2.887288286
24 13.525100708 -0.000015259 0 0.028404271 0.000810113 -0.227341123
25 11.953048706 0.000007629 0.000007629 0.115248384 0.056382991 -0.0669945
26 8.290359497 -0.000015259 -0.000007629 0.149919687 -0.000833174 -0.064993847
27 7.875 -0.000022888 0.000003815 0.084745028 0.055777517 0.177605987
28 8.785797119 -0.000038147 0 0.160462435 0.02567357 0.128414682
29 8.903717041 0.000011444 0.000003815 -0.237106732 0.44042397 0.261609227
30 5.903427124 -12.801288605 -17.69320488 -1.598720893 0.442583503 -2.77991415
31 13.525115967 0 0 -0.007354641 0.061895978 -0.239232463
32 11.953048706 0.000015259 -0.000007629 0.11110708 0.086146617 -0.075441308
33 8.290390015 0 -0.000007629 0.109828737 0.051289538 0.06621707
34 7.875 -0.000015259 0.000007629 0.048361121 0.042830019 0.14010414
35 8.785797119 -0.000030518 0 0.188424033 0.083092239 0.18676517
36 8.9037323 -0.000003815 0 -0.292676417 0.416568362 0.22968523
37 4.435455322 0.000126362 -25.179960251 -3.117617043 0.363008552 -3.024970545
38 14.171035767 0.000020981 1.280685425 -0.035120719 0.136445755 -0.028965892
39 10.9765625 0.000011444 0.352539063 0.01515929 0.155993579 0.04768376
40 8.120315552 -0.000007629 -0.000015259 -0.002451074 -0.026827258 0.015398805
41 8.120285034 -0.000003815 -0.000030518 -0.012282174 -0.221283649 -0.017655794
42 8.120330811 0.000001431 -0.000015259 -0.016646893 0.017893956 -0.017759105
43 8.120346069 -0.000003815 0.000068665 -0.477040233 -0.23129885 0.171052717
44 7.146972656 16.179798126 -9.195619583 1.376844409 -0.303705466 -0.072871366
45 -13.525115967 -0.000007629 0.000003815 -0.058318294 -0.252190243 0.290184579
46 -11.953041077 -0.000022888 0 0.074008504 0.016040891 -0.191288214
47 -8.290393829 0 0.000015259 0.098992378 0.097866688 -0.0482813
48 -7.875 0 0 0.015065812 0.051637412 0.071468416
49 -8.785785675 0.000030518 -0.000007629 0.08223199 0.05389608 0.202878312
50 -8.903717041 0.000015259 0.000001907 0.162558631 -0.211931629 0.115054981
51 7.146957397 -16.26625061 -9.195617676 -1.594435862 0.362965226 -2.75698367
52 13.525115967 0.000007629 0.000007629 -0.084825682 -0.002035699 -0.166068468
53 11.953033447 0.000007629 0 0.099893677 0.13881508 -0.064276761
54 8.290390015 0.000007629 0 0.120334386 0.096249628 0.098815556
55 7.875 -0.000015259 0.000015259 0.05862079 0.06616006 0.170449002
56 8.785797119 -0.000030518 0.000001907 0.179739621 0.18735945 0.121085551
57 8.90372467 -0.000003815 -0.000007629 -0.39020363 0.321075214 0.164042265
58 -5.36730957 8.366909027 8.703121185 1.799249456 -0.666795455 3.122985285
59 13.525123596 0 0 -0.296468905 -0.078299246 -0.169078084
60 -3.441879272 -10.792387962 9.377009392 1.751181914 -0.766193707 -3.061909882
61 13.525131226 0 0.000003815 -0.433471986 0.097501295 -0.462065507
62 11.953048706 0.000015259 0 0.179900218 -0.097966801 -0.249691788
63 8.290374756 0.000003815 0 0.119376171 -0.002654044 0.253098926
64 7.875 -0.000034332 0 0.062256464 0.031288493 0.038201597
65 19.39491272 -14.052387238 -0.467090607 -1.465363023 -0.774905505 -0.044378466
66 26.240768433 0.000015259 -0.000001907 -0.007673053 -0.284888242 0.536518599
67 31.971008301 0.000007629 0 -1.678648368 0.467889424 -0.13378373
68 4.627258301 -2.311302185 4.185630798 -0.021512477 -0.254658869 -0.451859094
69 2.980117798 0 -0.000000954 -0.040823197 0.14004721 0.242069561
70 1.982421875 0.000019073 0.000019073 0.001822187 0.301463179 0.041313792
71 10.844894409 -1.281569481 -1.331680298 0.003154845 -0.01855101 -1.502721343
72 3.98828125 0 0.000041962 0.024656551 0.116612118 -1.30426207
73 2.26953125 -0.000007629 -0.000011444 0.010246566 0.020303916 -1.235445909
74 10.908889771 -1.23739624 0.829597473 -0.003109352 -0.01605034 -0.895852925
75 3.989456177 0 0.000049591 -0.026019839 0.050783303 -0.636960393
76 3.478284836 -0.000030518 -0.000007629 0.025346404 -0.11085993 -0.737210855
77 10.291915894 -1.202157974 -3.34413147 0.018038834 -0.023865117 -1.537453755
78 2.757152557 0 0.000022888 -0.269907553 -0.095587855 -1.29157427
79 1.775390625 0 -0.000022888 0.198076059 0.357239486 -1.30316968
80 10.971908569 -1.193932533 2.957344055 -0.014265529 -0.004860461 -1.002109965
81 3.82421875 -0.000030518 0.000038147 -0.000596317 0.002170439 -0.689801398
82 2.94140625 0 0 0.003950255 0.00698882 -0.847183373
83 0 0.000009537 0.000007629 -0.281161032 -0.158281714 -1.026998567
84 19.394897461 13.160596848 -0.467079163 1.401209606 1.024975721 -3.104238507
85 -26.240768433 0.000030518 0.000001907 0.323969435 -0.404134518 0.394902968
86 -31.97102356 0 -0.000015259 -1.81792558 0.01103903 0.008162281
87 -11.614593506 3.933109283 0.069389343 1.720533477 1.395162973 1.933670481
88 -10.48449707 1.069202423 3.539878845 -3.131584703 0.028220486 2.411526648
89 2.757156372 0.000015259 0.000019073 -0.011712134 0.035128624 1.019560794
90 1.775390625 0 -0.000030518 -0.204499622 -0.298392802 0.873982333
91 -11.046478271 1.142410278 1.529701233 -3.130487012 0.018259081 2.114134707
92 3.98828125 0.000030518 0.000041962 0.004872241 -0.009924216 1.610032301
93 2.26953125 0.000007629 0.000007629 -0.076539319 -0.095407065 1.438172442
94 -11.192642212 1.041530609 -2.758430481 -3.117466097 -0.002180357 2.477429666
95 3.82421875 0.000030518 0.000041962 0.00053161 0.002187187 1.610324685
96 8.785766602 -0.000030518 -0.000003815 0.028889808 0.206538207 -0.655495889
97 2.94140625 0.000015259 -0.000015259 -0.004550553 0.006091757 1.767588569
98 -11.120147705 1.091533661 -0.631126404 -3.128907678 0.018357161 2.400346066
99 3.989395142 0.000015259 0.000038147 0.021444626 0.041947477 1.751021405
100 3.478317261 0.000030518 -0.000015259 -0.001306817 0.004312204 1.848998194
101 -4.853607178 2.155090332 -4.018516541 3.123057975 0.125574955 2.46129872
102 2.980133057 0 0.000019073 0.038574713 -0.163808097 -0.240289671
103 1.982421875 -0.000015259 0.00003624 0 0 -0.040571652
104 0 -0.000015259 -0.000015259 -0.01786834 -0.032037725 -0.918099438
105 7.08984375 0 0 3.141592654 -0.174494806 3.141592654
106 7.528244019 8.168074608 -1.232803345 2.885017799 0.303466685 3.108838628
107 -54.911254883 -0.649675369 -0.176704407 1.856728718 0.785609017 0.048036467
108 -61.183185577 0.000005722 -0.000001907 0.174037262 0.013709953 -0.309466751
109 8.588668823 0 1.514417648 0 0 0
110 4.260528564 -21.349500656 -3.218471527 -0.229646484 -0.146054022 -0.303432411
111 15.606674194 0 -0.00001049 -0.000241903 -0.015970669 -0.012946084
112 15.853752136 0 -0.000006676 -0.001478611 -0.009209496 -0.07277506
113 15.151866913 0 0.000000954 -0.001213864 0.010511659 -0.033844632
114 11.149963379 0.000015259 -0.000007153 -0.040082832 0.120800773 -0.029237533
115 1.725112915 -0.142127961 11.160657883 -2.019105011 -0.695607809 0.137591666
116 15.606689453 0 -0.000001907 -0.000419286 -0.010608728 0.079003698
117 15.853736877 0 -0.000003815 -0.000351091 -0.006128168 0.001900053
118 15.151851654 -0.000007629 0 -0.000850995 0.007052575 -0.069847887
119 11.149967194 0 0 -0.004405233 0.001667874 0.242797748
120 6.67868042 -0.142132968 -16.932609558 1.571106218 -0.034669705 3.141587281
121 -15.606674194 0.000007629 -0.00000003 0 0 -0.013033922
122 -15.853752136 0.000003815 0.00000599 0 0 -0.050673352
123 -15.151847839 0.000001907 0 0 0 -0.007941161
124 -11.14994812 0 0.00000602 0 0 0.081764736
125 2.507659912 15.939216614 6.722545624 -1.789671757 0.255676781 -2.869102546
126 -15.606681824 0.000003815 0 0.009680464 0.073196908 -0.013984021
127 -15.853759766 0 0.000007629 0.01684425 -0.027079178 0.057101368
128 -15.15184021 0 0.000015259 -0.002175513 -0.02674534 -0.056866436
129 -11.14995575 -0.000005722 0.000007629 0.01299221 0.10724761 -0.197494444
130 2.507629395 -17.075351715 6.722560883 -1.394725005 -0.44812799 -0.316868681
131 15.606674194 0 0 0.010328275 0.005681797 0.019710219
132 15.853744507 0 0.000011444 0.017765923 -0.065832072 0.077251245
133 15.151855469 0 0.000003815 -0.00809791 0.016606191 -0.0804532
134 11.149967194 0 -0.000019073 0.05088976 -0.113244038 0.07765244
135 5.8931427 15.939212799 -12.47754097 3.060441594 0.13907538 0.286958964
136 15.606674194 0 0.000024796 0.011890408 0.078349452 0.02344484
137 15.853744507 -0.000007629 -0.000009537 0.014427371 -0.024067211 0.078920904
138 15.151855469 0 0 -0.002873307 -0.031218403 -0.081557128
139 11.14994812 0 -0.000003815 0.035401214 0.06395871 0.093067358
140 5.893157959 -17.075357437 -12.477553368 1.665114988 0.046168712 2.945850245
141 -15.606643677 0 0.000007629 0.008269084 0.0613736 -0.037314165
142 -15.853729248 0 -0.000011444 0.018943276 -0.034003266 0.043797682
143 -15.15184021 -0.000003815 0 -0.002287862 -0.018610205 -0.041760893
144 -11.14994812 -0.000005722 -0.000007629 -0.271235576 -0.11581174 -0.002329874
145 4.260498047 20.773923874 -3.218486786 0.023101859 -0.035501231 -2.90636479
146 -15.606689453 0.000007629 0.000000954 -0.00035915 0.029003275 -0.000954793
147 -15.853744507 0.000007629 0 0.001340892 0.016637554 -0.077609785
148 -15.151832581 -0.000003815 0.000001907 -0.001825546 -0.019021878 0.073838308
149 -11.149971008 0 -0.000001907 -0.01022957 0.299857428 -0.226108714
150 7.528259277 -8.043748856 -1.232804298 -0.653604446 -0.226792034 0.150327416
151 54.911224365 0.649678707 0.176696777 1.571141194 0.649263053 0.091400882
152 61.183162689 -0.000007629 0.000000238 0.542701548 0.211647802 0.109075119
153 -0.364088595 36.477970123 12.189170837 0.340633688 -0.000040147 0.000233438
154 -0.364086866 -2.758006096 4.994803905 0 0 0.000244115
155 -0.364086866 -2.758006096 4.994803905 0 0 0.000244115
156 -0.364086866 -2.758006096 4.994803905 0 0 0.000244115
157 -0.364086866 -2.758006096 4.994803905 0 0 0.000244115
158 -0.364086866 -2.758006096 4.994803905 0 0 0.000244115
159 -0.364086866 -2.758006096 4.994803905 0 0 0.000244115
160 -0.364086866 -2.758006096 4.994803905 0 0 0.000244115
161 -0.364086866 -2.758006096 4.994803905 0 0 0.000244115
162 -0.498048782 -4.95163393 0.510848999 0 0 0.000244115
163 -0.364086866 -2.758006096 4.994803905 0 0 0.000244115
time 15
0 -0.364086866 -2.758006096 4.994803905 0 0 0.000244115
1 -0.355918914 -24.813129425 11.171373367 3.141592654 -1.497890235 1.570796489
2 130.809036255 0 0.000001907 0 0 0
3 6.662033081 -0.142129987 2.521337509 2.93088364 -0.190273848 -0.011382371
4 24.360946655 -0.000000954 0.000019073 0.10792569 -0.021553803 0.027710215
5 24.806411743 -0.000006676 0.765964508 -0.834961108 -0.344067487 0.13280885
6 8.120300293 -0.000001907 0 0.878961621 0.160260258 -0.144032846
7 8.120300293 -0.000000954 0 3.141592654 -1.17489882 3.141592654
8 8.120300293 -0.000000954 0 -0.216192487 -1.369859591 0.175150136
9 5.115219116 7.517076492 -23.079305649 1.501763517 -0.35837646 0.015053389
10 -13.525115967 0 0 0.01196529 0.068505315 -0.215325888
11 -11.953033447 -0.000022888 0 0.023736997 -0.040918495 -0.083137486
12 -8.290390015 -0.000015259 -0.000000954 0.078200833 -0.047692155 -0.119188066
13 -7.875 0.000030518 0 0.029872121 0.047645289 0.103341691
14 -8.785766602 0.000032425 0.000001907 0.16202166 -0.011246363 0.093605007
15 -8.903717041 0.000011444 -0.000007629 0.327982297 0.037887549 0.442256455
16 5.903442383 12.714838982 -17.693174362 1.370188491 -0.37922568 -0.02939746
17 -13.525131226 0.000007629 0 -0.009628131 0.093975154 -0.204047842
18 -11.953063965 0 0 0.053327036 -0.032737723 -0.084925232
19 -8.290390015 0.000007629 0 0.069702852 0.004463012 0.013197479
20 -7.875 0.000030518 -0.000011444 0.009770583 0.026248072 0.053569903
21 -8.78578186 0.000038147 -0.000001907 0.131109897 0.034165654 0.129072793
22 -8.903717041 0 -0.000001431 0.242266841 -0.191441687 0.36051377
23 5.115203857 -7.603523731 -23.079328537 -1.554662073 0.381674365 -2.887288286
24 13.525100708 -0.000015259 0 0.028444007 -0.003533297 -0.220888007
25 11.953048706 0.000007629 0.000007629 0.114697379 0.06454082 -0.079533978
26 8.290359497 -0.000015259 -0.000007629 0.148979695 0.016646233 -0.104496418
27 7.875 -0.000022888 0.000003815 0.081033618 0.067588721 0.144703175
28 8.785797119 -0.000038147 0 0.152748324 0.018382668 0.155485422
29 8.903717041 0.000011444 0.000003815 -0.237106732 0.44042397 0.261609227
30 5.903427124 -12.801288605 -17.69320488 -1.598720893 0.442583503 -2.77991415
31 13.525115967 0 0 -0.006908017 0.056209949 -0.23230926
32 11.953048706 0.000015259 -0.000007629 0.110344934 0.097613307 -0.088720399
33 8.290390015 0 -0.000007629 0.109167982 0.077836795 0.026748293
34 7.875 -0.000015259 0.000007629 0.041916998 0.059228782 0.098536888
35 8.785797119 -0.000030518 0 0.169281449 0.061238351 0.203469761
36 8.9037323 -0.000003815 0 -0.292676417 0.416568362 0.22968523
37 4.435455322 0.000126362 -25.179960251 -3.117617043 0.363008552 -3.024970545
38 14.171035767 0.000020981 1.280685425 -0.035652017 0.127486082 -0.03134296
39 10.9765625 0.000011444 0.352539063 0.016369816 0.174820132 0.05325733
40 8.120315552 -0.000007629 -0.000015259 -0.002031567 0.015049513 0.028298366
41 8.120285034 -0.000003815 -0.000030518 -0.016388345 -0.189730425 -0.007284998
42 8.120330811 0.000001431 -0.000015259 -0.016780203 -0.009149233 -0.030654607
43 8.120346069 -0.000003815 0.000068665 -0.477040233 -0.23129885 0.171052717
44 7.146972656 16.179798126 -9.195619583 1.376844409 -0.303705466 -0.072871366
45 -13.525115967 -0.000007629 0.000003815 -0.058318294 -0.252190243 0.290184579
46 -11.953041077 -0.000022888 0 0.074090945 0.006056641 -0.176992591
47 -8.290393829 0 0.000015259 0.098938857 0.113664112 -0.072811636
48 -7.875 0 0 0.013334113 0.08386286 -0.0034147
49 -8.785785675 0.000030518 -0.000007629 0.069490658 0.078329685 0.127271065
50 -8.903717041 0.000015259 0.000001907 0.162558631 -0.211931629 0.115054981
51 7.146957397 -16.26625061 -9.195617676 -1.594435862 0.362965226 -2.75698367
52 13.525115967 0.000007629 0.000007629 -0.084944583 -0.009036411 -0.159271644
53 11.953033447 0.000007629 0 0.099064927 0.154577882 -0.076166812
54 8.290390015 0.000007629 0 0.119608534 0.133405264 0.062430864
55 7.875 -0.000015259 0.000015259 0.047478869 0.087462032 0.129119772
56 8.785797119 -0.000030518 0.000001907 0.151417594 0.149400151 0.13104284
57 8.90372467 -0.000003815 -0.000007629 -0.39020363 0.321075214 0.164042265
58 -5.36730957 8.366909027 8.703121185 1.799620509 -0.674544243 3.122330869
59 13.525123596 0 0 -0.296468905 -0.078299246 -0.169078084
60 -3.441879272 -10.792387962 9.377009392 1.750168004 -0.775404688 -3.060326916
61 13.525131226 0 0.000003815 -0.430444872 0.093974975 -0.484096665
62 11.953048706 0.000015259 0 0.185206106 -0.101288375 -0.296311675
63 8.290374756 0.000003815 0 0.118426138 -0.020456911 0.252573603
64 7.875 -0.000034332 0 0.065934695 0.037115417 0.126122322
65 19.39491272 -14.052387238 -0.467090607 -1.464488343 -0.770078177 -0.047534731
66 26.240768433 0.000015259 -0.000001907 -0.007657794 -0.285798272 0.536555807
67 31.971008301 0.000007629 0 -1.678648368 0.467889424 -0.13378373
68 4.627258301 -2.311302185 4.185630798 -0.021512477 -0.254658869 -0.451859094
69 2.980117798 0 -0.000000954 -0.040823197 0.14004721 0.242069561
70 1.982421875 0.000019073 0.000019073 0.001822187 0.301463179 0.041313792
71 10.844894409 -1.281569481 -1.331680298 0.003154845 -0.01855101 -1.502721343
72 3.98828125 0 0.000041962 0.024656551 0.116612118 -1.30426207
73 2.26953125 -0.000007629 -0.000011444 0.010246566 0.020303916 -1.235445909
74 10.908889771 -1.23739624 0.829597473 -0.003109352 -0.01605034 -0.895852925
75 3.989456177 0 0.000049591 -0.026019839 0.050783303 -0.636960393
76 3.478284836 -0.000030518 -0.000007629 0.025346404 -0.11085993 -0.737210855
77 10.291915894 -1.202157974 -3.34413147 0.018038834 -0.023865117 -1.537453755
78 2.757152557 0 0.000022888 -0.269907553 -0.095587855 -1.29157427
79 1.775390625 0 -0.000022888 0.198076059 0.357239486 -1.30316968
80 10.971908569 -1.193932533 2.957344055 -0.014265529 -0.004860461 -1.002109965
81 3.82421875 -0.000030518 0.000038147 -0.000596317 0.002170439 -0.689801398
82 2.94140625 0 0 0.003950255 0.00698882 -0.847183373
83 0 0.000009537 0.000007629 -0.281161032 -0.158281714 -1.026998567
84 19.394897461 13.160596848 -0.467079163 1.401209606 1.024975721 -3.104238507
85 -26.240768433 0.000030518 0.000001907 0.323969435 -0.404134518 0.394902968
86 -31.97102356 0 -0.000015259 -1.81792558 0.01103903 0.008162281
87 -11.614593506 3.933109283 0.069389343 1.720533477 1.395162973 1.933670481
88 -10.48449707 1.069202423 3.539878845 -3.131584703 0.028220486 2.411526648
89 2.757156372 0.000015259 0.000019073 -0.011712134 0.035128624 1.019560794
90 1.775390625 0 -0.000030518 -0.204499622 -0.298392802 0.873982333
91 -11.046478271 1.142410278 1.529701233 -3.130487012 0.018259081 2.114134707
92 3.98828125 0.000030518 0.000041962 0.004872241 -0.009924216 1.610032301
93 2.26953125 0.000007629 0.000007629 -0.076539319 -0.095407065 1.438172442
94 -11.192642212 1.041530609 -2.758430481 -3.117466097 -0.002180357 2.477429666
95 3.82421875 0.000030518 0.000041962 0.00053161 0.002187187 1.610324685
96 8.785766602 -0.000030518 -0.000003815 0.028889808 0.206538207 -0.655495889
97 2.94140625 0.000015259 -0.000015259 -0.004550553 0.006091757 1.767588569
98 -11.120147705 1.091533661 -0.631126404 -3.128907678 0.018357161 2.400346066
99 3.989395142 0.000015259 0.000038147 0.021444626 0.041947477 1.751021405
100 3.478317261 0.000030518 -0.000015259 -0.001306817 0.004312204 1.848998194
101 -4.853607178 2.155090332 -4.018516541 3.123057975 0.125574955 2.46129872
102 2.980133057 0 0.000019073 0.038574713 -0.163808097 -0.240289671
103 1.982421875 -0.000015259 0.00003624 0 0 -0.040571652
104 0 -0.000015259 -0.000015259 -0.01786834 -0.032037725 -0.918099438
105 7.08984375 0 0 3.141592654 -0.174494806 3.141592654
106 7.528244019 8.168074608 -1.232803345 2.885017799 0.303466685 3.108838628
107 -54.911254883 -0.649675369 -0.176704407 1.856728718 0.785609017 0.048036467
108 -61.183185577 0.000005722 -0.000001907 0.174037262 0.013709953 -0.309466751
109 8.588668823 0 1.514417648 0 0 0
110 4.260528564 -21.349500656 -3.218471527 -0.229646484 -0.146054022 -0.303432411
111 15.606674194 0 -0.00001049 -0.00022271 -0.014417436 -0.017003441
112 15.853752136 0 -0.000006676 -0.001148973 -0.012215596 -0.066383995
113 15.151866913 0 0.000000954 -0.001128613 0.00154899 -0.008373627
114 11.149963379 0.000015259 -0.000007153 -0.040082832 0.120800773 -0.029237533
115 1.725112915 -0.142127961 11.160657883 -2.019105011 -0.695607809 0.137591666
116 15.606689453 0 -0.000001907 -0.00034943 -0.009574822 0.07295634
117 15.853736877 0 -0.000003815 -0.000397446 -0.008111407 0.012863001
118 15.151851654 -0.000007629 0 -0.000624267 0.001111089 -0.035910048
119 11.149967194 0 0 -0.004405233 0.001667874 0.242797748
120 6.67868042 -0.142132968 -16.932609558 1.571106218 -0.034669705 3.141587281
121 -15.606674194 0.000007629 -0.00000003 0 0 -0.009840148
122 -15.853752136 0.000003815 0.00000599 0 0 -0.057235816
123 -15.151847839 0.000001907 0 0 0 -0.025464128
124 -11.14994812 0 0.00000602 0 0 0.081764736
125 2.507659912 15.939216614 6.722545624 -1.789671757 0.255676781 -2.869102546
126 -15.606681824 0.000003815 0 0.009600812 0.070347773 -0.01434539
127 -15.853759766 0 0.000007629 0.017222345 -0.022352788 0.058517164
128 -15.15184021 0 0.000015259 -0.002651594 -0.009834608 -0.057827992
129 -11.14995575 -0.000005722 0.000007629 0.01299221 0.10724761 -0.197494444
130 2.507629395 -17.075351715 6.722560883 -1.394725005 -0.44812799 -0.316868681
131 15.606674194 0 0 0.01026264 0.009585753 0.016018351
132 15.853744507 0 0.000011444 0.017090155 -0.073664505 0.085170375
133 15.151855469 0 0.000003815 -0.007583269 -0.003341652 -0.061368697
134 11.149967194 0 -0.000019073 0.05088976 -0.113244038 0.07765244
135 5.8931427 15.939212799 -12.47754097 3.060441594 0.13907538 0.286958964
136 15.606674194 0 0.000024796 0.011607031 0.075006155 0.019266394
137 15.853744507 -0.000007629 -0.000009537 0.015102208 -0.018200341 0.087421828
138 15.151855469 0 0 -0.003898325 -0.010828392 -0.061533467
139 11.14994812 0 -0.000003815 0.035401214 0.06395871 0.093067358
140 5.893157959 -17.075357437 -12.477553368 1.665114988 0.046168712 2.945850245
141 -15.606643677 0 0.000007629 0.008445156 0.059726381 -0.035328283
142 -15.853729248 0 -0.000011444 0.019043591 -0.031472528 0.04088325
143 -15.15184021 -0.000003815 0 -0.002437714 -0.008616343 -0.055498844
144 -11.14994812 -0.000005722 -0.000007629 -0.271235576 -0.11581174 -0.002329874
145 4.260498047 20.773923874 -3.218486786 0.023101859 -0.035501231 -2.90636479
146 -15.606689453 0.000007629 0.000000954 -0.00022863 0.02606868 0.00232777
147 -15.853744507 0.000007629 0 0.000791068 0.022064639 -0.084871277
148 -15.151832581 -0.000003815 0.000001907 -0.001205888 -0.002901356 0.05741034
149 -11.149971008 0 -0.000001907 -0.01022957 0.299857428 -0.226108714
150 7.528259277 -8.043748856 -1.232804298 -0.653604446 -0.226792034 0.150327416
151 54.911224365 0.649678707 0.176696777 1.571141194 0.649263053 0.091400882
152 61.183162689 -0.000007629 0.000000238 0.542701548 0.211647802 0.109075119
153 -0.364088595 36.477970123 12.189170837 0.340633688 -0.000040147 0.000233438
154 -0.364086866 -2.758006096 4.994803905 0 0 0.000244115
155 -0.364086866 -2.758006096 4.994803905 0 0 0.000244115
156 -0.364086866 -2.758006096 4.994803905 0 0 0.000244115
157 -0.364086866 -2.758006096 4.994803905 0 0 0.000244115
158 -0.364086866 -2.758006096 4.994803905 0 0 0.000244115
159 -0.364086866 -2.758006096 4.994803905 0 0 0.000244115
160 -0.364086866 -2.758006096 4.994803905 0 0 0.000244115
161 -0.364086866 -2.758006096 4.994803905 0 0 0.000244115
162 -0.498048782 -4.95163393 0.510848999 0 0 0.000244115
163 -0.364086866 -2.758006096 4.994803905 0 0 0.000244115
time 16
0 -0.364086866 -2.758006096 4.994803905 0 0 0.000244115
1 -0.355918914 -24.813129425 10.444833408 3.141592654 -1.497890235 1.570796489
2 130.809036255 0 0.000001907 0 0 0
3 6.662033081 -0.142129987 2.521337509 2.93088364 -0.190273848 -0.011382371
4 24.360946655 -0.000000954 0.000019073 0.10792569 -0.021553803 0.027710215
5 24.806411743 -0.000006676 0.765964508 -0.834961108 -0.344067487 0.13280885
6 8.120300293 -0.000001907 0 0.878961621 0.160260258 -0.144032846
7 8.120300293 -0.000000954 0 3.141592654 -1.17489882 3.141592654
8 8.120300293 -0.000000954 0 -0.216192487 -1.369859591 0.175150136
9 5.115219116 7.517076492 -23.079305649 1.501763517 -0.35837646 0.015053389
10 -13.525115967 0 0 0.012237838 0.06892733 -0.211059363
11 -11.953033447 -0.000022888 0 0.023601276 -0.041831227 -0.087121474
12 -8.290390015 -0.000015259 -0.000000954 0.078518943 -0.04992291 -0.135304616
13 -7.875 0.000030518 0 0.02958222 0.047254652 0.088718493
14 -8.785766602 0.000032425 0.000001907 0.16292218 -0.006833512 0.097430908
15 -8.903717041 0.000011444 -0.000007629 0.327982297 0.037887549 0.442256455
16 5.903442383 12.714838982 -17.693174362 1.370188491 -0.37922568 -0.02939746
17 -13.525131226 0.000007629 0 -0.009168869 0.093239653 -0.199589718
18 -11.953063965 0 0 0.05305743 -0.032814876 -0.089071675
19 -8.290390015 0.000007629 0 0.069667509 0.007127804 -0.001306253
20 -7.875 0.000030518 -0.000011444 0.009508917 0.03030986 0.034935924
21 -8.78578186 0.000038147 -0.000001907 0.129491472 0.037952795 0.127034465
22 -8.903717041 0 -0.000001431 0.242266841 -0.191441687 0.36051377
23 5.115203857 -7.603523731 -23.079328537 -1.554662073 0.381674365 -2.887288286
24 13.525100708 -0.000015259 0 0.028324017 -0.006561417 -0.216415462
25 11.953048706 0.000007629 0.000007629 0.114545557 0.067376604 -0.083708964
26 8.290359497 -0.000015259 -0.000007629 0.148253635 0.024548543 -0.122558488
27 7.875 -0.000022888 0.000003815 0.07958847 0.074540935 0.126058289
28 8.785797119 -0.000038147 0 0.149359077 0.017837448 0.158171485
29 8.903717041 0.000011444 0.000003815 -0.237106732 0.44042397 0.261609227
30 5.903427124 -12.801288605 -17.69320488 -1.598720893 0.442583503 -2.77991415
31 13.525115967 0 0 -0.006566705 0.052165107 -0.227406021
32 11.953048706 0.000015259 -0.000007629 0.110140726 0.101581007 -0.093112859
33 8.290390015 0 -0.000007629 0.109011796 0.090189458 0.009596852
34 7.875 -0.000015259 0.000007629 0.039544696 0.069533017 0.07577091
35 8.785797119 -0.000030518 0 0.160999892 0.057031247 0.200966126
36 8.9037323 -0.000003815 0 -0.292676417 0.416568362 0.22968523
37 4.435455322 0.000126362 -25.179960251 -3.117617043 0.363008552 -3.024970545
38 14.171035767 0.000020981 1.280685425 -0.035996147 0.121136606 -0.033061025
39 10.9765625 0.000011444 0.352539063 0.017015476 0.182073636 0.055300673
40 8.120315552 -0.000007629 -0.000015259 -0.001578443 0.033956019 0.034161229
41 8.120285034 -0.000003815 -0.000030518 -0.018103946 -0.171478898 -0.001043082
42 8.120330811 0.000001431 -0.000015259 -0.017001092 -0.010813544 -0.033056903
43 8.120346069 -0.000003815 0.000068665 -0.477040233 -0.23129885 0.171052717
44 7.146972656 16.179798126 -9.195619583 1.376844409 -0.303705466 -0.072871366
45 -13.525115967 -0.000007629 0.000003815 -0.058318294 -0.252190243 0.290184579
46 -11.953041077 -0.000022888 0 0.074165387 -0.001073113 -0.166939417
47 -8.290393829 0 0.000015259 0.099314387 0.119470692 -0.080919832
48 -7.875 0 0 0.012634512 0.098689471 -0.036453885
49 -8.785785675 0.000030518 -0.000007629 0.064490419 0.093438037 0.084220581
50 -8.903717041 0.000015259 0.000001907 0.162558631 -0.211931629 0.115054981
51 7.146957397 -16.26625061 -9.195617676 -1.594435862 0.362965226 -2.75698367
52 13.525115967 0.000007629 0.000007629 -0.084997991 -0.0140339 -0.154468114
53 11.953033447 0.000007629 0 0.098911608 0.160242042 -0.080080436
54 8.290390015 0.000007629 0 0.119630913 0.150786422 0.046858028
55 7.875 -0.000015259 0.000015259 0.043521099 0.101557802 0.106862727
56 8.785797119 -0.000030518 0.000001907 0.138897328 0.140790818 0.125236705
57 8.90372467 -0.000003815 -0.000007629 -0.39020363 0.321075214 0.164042265
58 -5.36730957 8.366909027 8.703121185 1.799921765 -0.680044402 3.121898975
59 13.525123596 0 0 -0.296468905 -0.078299246 -0.169078084
60 -3.441879272 -10.792387962 9.377009392 1.749327516 -0.781953151 -3.059134938
61 13.525131226 0 0.000003815 -0.428772706 0.09354903 -0.493831469
62 11.953048706 0.000015259 0 0.18808493 -0.101892555 -0.320086728
63 8.290374756 0.000003815 0 0.118074627 -0.029151046 0.245798801
64 7.875 -0.000034332 0 0.067770185 0.03563525 0.157369005
65 19.39491272 -14.052387238 -0.467090607 -1.462336256 -0.765879076 -0.051368722
66 26.240768433 0.000015259 -0.000001907 -0.00767765 -0.286876883 0.53651515
67 31.971008301 0.000007629 0 -1.678648368 0.467889424 -0.13378373
68 4.627258301 -2.311302185 4.185630798 -0.021512477 -0.254658869 -0.451859094
69 2.980117798 0 -0.000000954 -0.040823197 0.14004721 0.242069561
70 1.982421875 0.000019073 0.000019073 0.001822187 0.301463179 0.041313792
71 10.844894409 -1.281569481 -1.331680298 0.003154845 -0.01855101 -1.502721343
72 3.98828125 0 0.000041962 0.024656551 0.116612118 -1.30426207
73 2.26953125 -0.000007629 -0.000011444 0.010246566 0.020303916 -1.235445909
74 10.908889771 -1.23739624 0.829597473 -0.003109352 -0.01605034 -0.895852925
75 3.989456177 0 0.000049591 -0.026019839 0.050783303 -0.636960393
76 3.478284836 -0.000030518 -0.000007629 0.025346404 -0.11085993 -0.737210855
77 10.291915894 -1.202157974 -3.34413147 0.018038834 -0.023865117 -1.537453755
78 2.757152557 0 0.000022888 -0.269907553 -0.095587855 -1.29157427
79 1.775390625 0 -0.000022888 0.198076059 0.357239486 -1.30316968
80 10.971908569 -1.193932533 2.957344055 -0.014265529 -0.004860461 -1.002109965
81 3.82421875 -0.000030518 0.000038147 -0.000596317 0.002170439 -0.689801398
82 2.94140625 0 0 0.003950255 0.00698882 -0.847183373
83 0 0.000009537 0.000007629 -0.281161032 -0.158281714 -1.026998567
84 19.394897461 13.160596848 -0.467079163 1.401209606 1.024975721 -3.104238507
85 -26.240768433 0.000030518 0.000001907 0.323969435 -0.404134518 0.394902968
86 -31.97102356 0 -0.000015259 -1.81792558 0.01103903 0.008162281
87 -11.614593506 3.933109283 0.069389343 1.720533477 1.395162973 1.933670481
88 -10.48449707 1.069202423 3.539878845 -3.131584703 0.028220486 2.411526648
89 2.757156372 0.000015259 0.000019073 -0.011712134 0.035128624 1.019560794
90 1.775390625 0 -0.000030518 -0.204499622 -0.298392802 0.873982333
91 -11.046478271 1.142410278 1.529701233 -3.130487012 0.018259081 2.114134707
92 3.98828125 0.000030518 0.000041962 0.004872241 -0.009924216 1.610032301
93 2.26953125 0.000007629 0.000007629 -0.076539319 -0.095407065 1.438172442
94 -11.192642212 1.041530609 -2.758430481 -3.117466097 -0.002180357 2.477429666
95 3.82421875 0.000030518 0.000041962 0.00053161 0.002187187 1.610324685
96 8.785766602 -0.000030518 -0.000003815 0.028889808 0.206538207 -0.655495889
97 2.94140625 0.000015259 -0.000015259 -0.004550553 0.006091757 1.767588569
98 -11.120147705 1.091533661 -0.631126404 -3.128907678 0.018357161 2.400346066
99 3.989395142 0.000015259 0.000038147 0.021444626 0.041947477 1.751021405
100 3.478317261 0.000030518 -0.000015259 -0.001306817 0.004312204 1.848998194
101 -4.853607178 2.155090332 -4.018516541 3.123057975 0.125574955 2.46129872
102 2.980133057 0 0.000019073 0.038574713 -0.163808097 -0.240289671
103 1.982421875 -0.000015259 0.00003624 0 0 -0.040571652
104 0 -0.000015259 -0.000015259 -0.01786834 -0.032037725 -0.918099438
105 7.08984375 0 0 3.141592654 -0.174494806 3.141592654
106 7.528244019 8.168074608 -1.232803345 2.885017799 0.303466685 3.108838628
107 -54.911254883 -0.649675369 -0.176704407 1.856728718 0.785609017 0.048036467
108 -61.183185577 0.000005722 -0.000001907 0.174037262 0.013709953 -0.309466751
109 8.588668823 0 1.514417648 0 0 0
110 4.260528564 -21.349500656 -3.218471527 -0.229646484 -0.146054022 -0.303432411
111 15.606674194 0 -0.00001049 -0.000213598 -0.013209344 -0.01993852
112 15.853752136 0 -0.000006676 -0.00103977 -0.013247088 -0.064657049
113 15.151866913 0 0.000000954 -0.001125237 -0.002329046 0.002677123
114 11.149963379 0.000015259 -0.000007153 -0.040082832 0.120800773 -0.029237533
115 1.725112915 -0.142127961 11.160657883 -2.019105011 -0.695607809 0.137591666
116 15.606689453 0 -0.000001907 -0.000302476 -0.00879914 0.068723652
117 15.853736877 0 -0.000003815 -0.000417464 -0.008801209 0.016402358
118 15.151851654 -0.000007629 0 -0.000588025 -0.0015599 -0.020802273
119 11.149967194 0 0 -0.004405233 0.001667874 0.242797748
120 6.67868042 -0.142132968 -16.932609558 1.571106218 -0.034669705 3.141587281
121 -15.606674194 0.000007629 -0.00000003 0 0 -0.007595894
122 -15.853752136 0.000003815 0.00000599 0 0 -0.059567357
123 -15.151847839 0.000001907 0 0 0 -0.033578787
124 -11.14994812 0 0.00000602 0 0 0.081764736
125 2.507659912 15.939216614 6.722545624 -1.789671757 0.255676781 -2.869102546
126 -15.606681824 0.000003815 0 0.009605566 0.068362615 -0.014613374
127 -15.853759766 0 0.000007629 0.017429491 -0.020897824 0.059304379
128 -15.15184021 0 0.000015259 -0.002951918 -0.002417577 -0.058268582
129 -11.14995575 -0.000005722 0.000007629 0.01299221 0.10724761 -0.197494444
130 2.507629395 -17.075351715 6.722560883 -1.394725005 -0.44812799 -0.316868681
131 15.606674194 0 0 0.010268399 0.012361551 0.013356775
132 15.853744507 0 0.000011444 0.016767864 -0.0765341 0.088188955
133 15.151855469 0 0.000003815 -0.007265363 -0.012625901 -0.052787531
134 11.149967194 0 -0.000019073 0.05088976 -0.113244038 0.07765244
135 5.8931427 15.939212799 -12.47754097 3.060441594 0.13907538 0.286958964
136 15.606674194 0 0.000024796 0.011392514 0.072604948 0.016393321
137 15.853744507 -0.000007629 -0.000009537 0.015496753 -0.016514848 0.090541474
138 15.151855469 0 0 -0.004182693 -0.001836909 -0.052569255
139 11.14994812 0 -0.000003815 0.035401214 0.06395871 0.093067358
140 5.893157959 -17.075357437 -12.477553368 1.665114988 0.046168712 2.945850245
141 -15.606643677 0 0.000007629 0.00850672 0.058511752 -0.033949096
142 -15.853729248 0 -0.000011444 0.019066433 -0.030861807 0.040197736
143 -15.15184021 -0.000003815 0 -0.002630323 -0.004312744 -0.061720788
144 -11.14994812 -0.000005722 -0.000007629 -0.271235576 -0.11581174 -0.002329874
145 4.260498047 20.773923874 -3.218486786 0.023101859 -0.035501231 -2.90636479
146 -15.606689453 0.000007629 0.000000954 -0.000202864 0.024083494 0.004659001
147 -15.853744507 0.000007629 0 0.000504859 0.023955419 -0.087639784
148 -15.151832581 -0.000003815 0.000001907 -0.001016084 0.004256237 0.049980562
149 -11.149971008 0 -0.000001907 -0.01022957 0.299857428 -0.226108714
150 7.528259277 -8.043748856 -1.232804298 -0.653604446 -0.226792034 0.150327416
151 54.911224365 0.649678707 0.176696777 1.571141194 0.649263053 0.091400882
152 61.183162689 -0.000007629 0.000000238 0.542701548 0.211647802 0.109075119
153 -0.364088595 36.477970123 12.189170837 0.340633688 -0.000040147 0.000233438
154 -0.364086866 -2.758006096 4.994803905 0 0 0.000244115
155 -0.364086866 -2.758006096 4.994803905 0 0 0.000244115
156 -0.364086866 -2.758006096 4.994803905 0 0 0.000244115
157 -0.364086866 -2.758006096 4.994803905 0 0 0.000244115
158 -0.364086866 -2.758006096 4.994803905 0 0 0.000244115
159 -0.364086866 -2.758006096 4.994803905 0 0 0.000244115
160 -0.364086866 -2.758006096 4.994803905 0 0 0.000244115
161 -0.364086866 -2.758006096 4.994803905 0 0 0.000244115
162 -0.498048782 -4.95163393 0.510848999 0 0 0.000244115
163 -0.364086866 -2.758006096 4.994803905 0 0 0.000244115
time 17
0 -0.364086866 -2.758006096 4.994803905 0 0 0.000244115
1 -0.355918914 -24.813129425 9.752849502 3.141592654 -1.497890235 1.570796489
2 130.809036255 0 0.000001907 0 0 0
3 6.662033081 -0.142129987 2.521337509 2.93088364 -0.190273848 -0.011382371
4 24.360946655 -0.000000954 0.000019073 0.10792569 -0.021553803 0.027710215
5 24.806411743 -0.000006676 0.765964508 -0.834961108 -0.344067487 0.13280885
6 8.120300293 -0.000001907 0 0.878961621 0.160260258 -0.144032846
7 8.120300293 -0.000000954 0 3.141592654 -1.17489882 3.141592654
8 8.120300293 -0.000000954 0 -0.216192487 -1.369859591 0.175150136
9 5.115219116 7.517076492 -23.079305649 1.501763517 -0.35837646 0.015053389
10 -13.525115967 0 0 0.012368779 0.069096949 -0.209230629
11 -11.953033447 -0.000022888 0 0.023566888 -0.042247908 -0.088681672
12 -8.290390015 -0.000015259 -0.000000954 0.078596038 -0.050884879 -0.141842214
13 -7.875 0.000030518 0 0.029504795 0.046999137 0.082403324
14 -8.785766602 0.000032425 0.000001907 0.163265919 -0.005106474 0.097312032
15 -8.903717041 0.000011444 -0.000007629 0.327982297 0.037887549 0.442256455
16 5.903442383 12.714838982 -17.693174362 1.370188491 -0.37922568 -0.02939746
17 -13.525131226 0.000007629 0 -0.008958972 0.092912957 -0.197666421
18 -11.953063965 0 0 0.052919735 -0.03295156 -0.09071542
19 -8.290390015 0.000007629 0 0.069729775 0.008111893 -0.007231267
20 -7.875 0.000030518 -0.000011444 0.009411023 0.031900712 0.027085484
21 -8.78578186 0.000038147 -0.000001907 0.128867634 0.039661194 0.125312132
22 -8.903717041 0 -0.000001431 0.242266841 -0.191441687 0.36051377
23 5.115203857 -7.603523731 -23.079328537 -1.554662073 0.381674365 -2.887288286
24 13.525100708 -0.000015259 0 0.028361074 -0.007800305 -0.214436617
25 11.953048706 0.000007629 0.000007629 0.114536576 0.068508136 -0.085291268
26 8.290359497 -0.000015259 -0.000007629 0.147991889 0.02776891 -0.12987074
27 7.875 -0.000022888 0.000003815 0.079022621 0.077556731 0.118108164
28 8.785797119 -0.000038147 0 0.147973781 0.017985256 0.15764107
29 8.903717041 0.000011444 0.000003815 -0.237106732 0.44042397 0.261609227
30 5.903427124 -12.801288605 -17.69320488 -1.598720893 0.442583503 -2.77991415
31 13.525115967 0 0 -0.00648928 0.050436581 -0.225307701
32 11.953048706 0.000015259 -0.000007629 0.109986632 0.103146624 -0.094857911
33 8.290390015 0 -0.000007629 0.108894875 0.095147602 0.002766382
34 7.875 -0.000015259 0.000007629 0.038661963 0.073975463 0.066149708
35 8.785797119 -0.000030518 0 0.157635162 0.056396654 0.198789382
36 8.9037323 -0.000003815 0 -0.292676417 0.416568362 0.22968523
37 4.435455322 0.000126362 -25.179960251 -3.117617043 0.363008552 -3.024970545
38 14.171035767 0.000020981 1.280685425 -0.036073662 0.118442926 -0.033706434
39 10.9765625 0.000011444 0.352539063 0.017173463 0.184926178 0.056127393
40 8.120315552 -0.000007629 -0.000015259 -0.001395392 0.041726517 0.036579202
41 8.120285034 -0.000003815 -0.000030518 -0.018746778 -0.163659366 0.001537521
42 8.120330811 0.000001431 -0.000015259 -0.017012566 -0.01003902 -0.033322367
43 8.120346069 -0.000003815 0.000068665 -0.477040233 -0.23129885 0.171052717
44 7.146972656 16.179798126 -9.195619583 1.376844409 -0.303705466 -0.072871366
45 -13.525115967 -0.000007629 0.000003815 -0.058318294 -0.252190243 0.290184579
46 -11.953041077 -0.000022888 0 0.074136302 -0.004094981 -0.162631519
47 -8.290393829 0 0.000015259 0.09948144 0.121718936 -0.084010466
48 -7.875 0 0 0.012347107 0.104660082 -0.049837677
49 -8.785785675 0.000030518 -0.000007629 0.062456985 0.099940727 0.06599624
50 -8.903717041 0.000015259 0.000001907 0.162558631 -0.211931629 0.115054981
51 7.146957397 -16.26625061 -9.195617676 -1.594435862 0.362965226 -2.75698367
52 13.525115967 0.000007629 0.000007629 -0.085014568 -0.016198249 -0.152384205
53 11.953033447 0.000007629 0 0.098881153 0.162491349 -0.081627863
54 8.290390015 0.000007629 0 0.119763711 0.157914173 0.040628443
55 7.875 -0.000015259 0.000015259 0.04195157 0.107611945 0.097489077
56 8.785797119 -0.000030518 0.000001907 0.133801819 0.138242505 0.122068193
57 8.90372467 -0.000003815 -0.000007629 -0.39020363 0.321075214 0.164042265
58 -5.36730957 8.366909027 8.703121185 1.800058897 -0.682374548 3.121704301
59 13.525123596 0 0 -0.296468905 -0.078299246 -0.169078084
60 -3.441879272 -10.792387962 9.377009392 1.74901764 -0.784760062 -3.058679658
61 13.525131226 0 0.000003815 -0.42810738 0.093609422 -0.497872119
62 11.953048706 0.000015259 0 0.189359497 -0.101888654 -0.330016381
63 8.290374756 0.000003815 0 0.117922439 -0.032766922 0.242543568
64 7.875 -0.000034332 0 0.06853985 0.034662752 0.169309929
65 19.39491272 -14.052387238 -0.467090607 -1.458897084 -0.762425519 -0.056018071
66 26.240768433 0.000015259 -0.000001907 -0.007697764 -0.288230591 0.536577128
67 31.971008301 0.000007629 0 -1.678648368 0.467889424 -0.13378373
68 4.627258301 -2.311302185 4.185630798 -0.021512477 -0.254658869 -0.451859094
69 2.980117798 0 -0.000000954 -0.040823197 0.14004721 0.242069561
70 1.982421875 0.000019073 0.000019073 0.001822187 0.301463179 0.041313792
71 10.844894409 -1.281569481 -1.331680298 0.003154845 -0.01855101 -1.502721343
72 3.98828125 0 0.000041962 0.024656551 0.116612118 -1.30426207
73 2.26953125 -0.000007629 -0.000011444 0.010246566 0.020303916 -1.235445909
74 10.908889771 -1.23739624 0.829597473 -0.003109352 -0.01605034 -0.895852925
75 3.989456177 0 0.000049591 -0.026019839 0.050783303 -0.636960393
76 3.478284836 -0.000030518 -0.000007629 0.025346404 -0.11085993 -0.737210855
77 10.291915894 -1.202157974 -3.34413147 0.018038834 -0.023865117 -1.537453755
78 2.757152557 0 0.000022888 -0.269907553 -0.095587855 -1.29157427
79 1.775390625 0 -0.000022888 0.198076059 0.357239486 -1.30316968
80 10.971908569 -1.193932533 2.957344055 -0.014265529 -0.004860461 -1.002109965
81 3.82421875 -0.000030518 0.000038147 -0.000596317 0.002170439 -0.689801398
82 2.94140625 0 0 0.003950255 0.00698882 -0.847183373
83 0 0.000009537 0.000007629 -0.281161032 -0.158281714 -1.026998567
84 19.394897461 13.160596848 -0.467079163 1.401209606 1.024975721 -3.104238507
85 -26.240768433 0.000030518 0.000001907 0.323969435 -0.404134518 0.394902968
86 -31.97102356 0 -0.000015259 -1.81792558 0.01103903 0.008162281
87 -11.614593506 3.933109283 0.069389343 1.720533477 1.395162973 1.933670481
88 -10.48449707 1.069202423 3.539878845 -3.131584703 0.028220486 2.411526648
89 2.757156372 0.000015259 0.000019073 -0.011712134 0.035128624 1.019560794
90 1.775390625 0 -0.000030518 -0.204499622 -0.298392802 0.873982333
91 -11.046478271 1.142410278 1.529701233 -3.130487012 0.018259081 2.114134707
92 3.98828125 0.000030518 0.000041962 0.004872241 -0.009924216 1.610032301
93 2.26953125 0.000007629 0.000007629 -0.076539319 -0.095407065 1.438172442
94 -11.192642212 1.041530609 -2.758430481 -3.117466097 -0.002180357 2.477429666
95 3.82421875 0.000030518 0.000041962 0.00053161 0.002187187 1.610324685
96 8.785766602 -0.000030518 -0.000003815 0.028889808 0.206538207 -0.655495889
97 2.94140625 0.000015259 -0.000015259 -0.004550553 0.006091757 1.767588569
98 -11.120147705 1.091533661 -0.631126404 -3.128907678 0.018357161 2.400346066
99 3.989395142 0.000015259 0.000038147 0.021444626 0.041947477 1.751021405
100 3.478317261 0.000030518 -0.000015259 -0.001306817 0.004312204 1.848998194
101 -4.853607178 2.155090332 -4.018516541 3.123057975 0.125574955 2.46129872
102 2.980133057 0 0.000019073 0.038574713 -0.163808097 -0.240289671
103 1.982421875 -0.000015259 0.00003624 0 0 -0.040571652
104 0 -0.000015259 -0.000015259 -0.01786834 -0.032037725 -0.918099438
105 7.08984375 0 0 3.141592654 -0.174494806 3.141592654
106 7.528244019 8.168074608 -1.232803345 2.885017799 0.303466685 3.108838628
107 -54.911254883 -0.649675369 -0.176704407 1.856728718 0.785609017 0.048036467
108 -61.183185577 0.000005722 -0.000001907 0.174037262 0.013709953 -0.309466751
109 8.588668823 0 1.514417648 0 0 0
110 4.260528564 -21.349500656 -3.218471527 -0.229646484 -0.146054022 -0.303432411
111 15.606674194 0 -0.00001049 -0.00012331 -0.012776994 -0.021233965
112 15.853752136 0 -0.000006676 -0.000943677 -0.013675383 -0.064053028
113 15.151866913 0 0.000000954 -0.00113665 -0.004052844 0.007166625
114 11.149963379 0.000015259 -0.000007153 -0.040082832 0.120800773 -0.029237533
115 1.725112915 -0.142127961 11.160657883 -2.019105011 -0.695607809 0.137591666
116 15.606689453 0 -0.000001907 -0.000282946 -0.008454333 0.066909753
117 15.853736877 0 -0.000003815 -0.000425454 -0.009059879 0.017697273
118 15.151851654 -0.000007629 0 -0.00058457 -0.002680181 -0.014673209
119 11.149967194 0 0 -0.004405233 0.001667874 0.242797748
120 6.67868042 -0.142132968 -16.932609558 1.571106218 -0.034669705 3.141587281
121 -15.606674194 0.000007629 -0.00000003 0 0 -0.006646401
122 -15.853752136 0.000003815 0.00000599 0 0 -0.060517274
123 -15.151847839 0.000001907 0 0 0 -0.036945667
124 -11.14994812 0 0.00000602 0 0 0.081764736
125 2.507659912 15.939216614 6.722545624 -1.789671757 0.255676781 -2.869102546
126 -15.606681824 0.000003815 0 0.009605771 0.067499805 -0.014790035
127 -15.853759766 0 0.000007629 0.017527533 -0.020385728 0.059653167
128 -15.15184021 0 0.000015259 -0.003037452 0.000515688 -0.058445606
129 -11.14995575 -0.000005722 0.000007629 0.01299221 0.10724761 -0.197494444
130 2.507629395 -17.075351715 6.722560883 -1.394725005 -0.44812799 -0.316868681
131 15.606674194 0 0 0.010268402 0.013489419 0.012240432
132 15.853744507 0 0.000011444 0.016671846 -0.077666043 0.089395684
133 15.151855469 0 0.000003815 -0.007193681 -0.016410203 -0.049321146
134 11.149967194 0 -0.000019073 0.05088976 -0.113244038 0.07765244
135 5.8931427 15.939212799 -12.47754097 3.060441594 0.13907538 0.286958964
136 15.606674194 0 0.000024796 0.011253744 0.071576047 0.015172914
137 15.853744507 -0.000007629 -0.000009537 0.015690824 -0.015842323 0.091754739
138 15.151855469 0 0 -0.00435891 0.001706493 -0.048950332
139 11.14994812 0 -0.000003815 0.035401214 0.06395871 0.093067358
140 5.893157959 -17.075357437 -12.477553368 1.665114988 0.046168712 2.945850245
141 -15.606643677 0 0.000007629 0.00853153 0.058077471 -0.033345445
142 -15.853729248 0 -0.000011444 0.019072505 -0.030687548 0.040026554
143 -15.15184021 -0.000003815 0 -0.002680342 -0.002590585 -0.06422734
144 -11.14994812 -0.000005722 -0.000007629 -0.271235576 -0.11581174 -0.002329874
145 4.260498047 20.773923874 -3.218486786 0.023101859 -0.035501231 -2.90636479
146 -15.606689453 0.000007629 0.000000954 -0.000193091 0.023134045 0.005695061
147 -15.853744507 0.000007629 0 0.000375571 0.02464176 -0.088678459
148 -15.151832581 -0.000003815 0.000001907 -0.000953311 0.007188717 0.047043848
149 -11.149971008 0 -0.000001907 -0.01022957 0.299857428 -0.226108714
150 7.528259277 -8.043748856 -1.232804298 -0.653604446 -0.226792034 0.150327416
151 54.911224365 0.649678707 0.176696777 1.571141194 0.649263053 0.091400882
152 61.183162689 -0.000007629 0.000000238 0.542701548 0.211647802 0.109075119
153 -0.364088595 36.477970123 12.189170837 0.340633688 -0.000040147 0.000233438
154 -0.364086866 -2.758006096 4.994803905 0 0 0.000244115
155 -0.364086866 -2.758006096 4.994803905 0 0 0.000244115
156 -0.364086866 -2.758006096 4.994803905 0 0 0.000244115
157 -0.364086866 -2.758006096 4.994803905 0 0 0.000244115
158 -0.364086866 -2.758006096 4.994803905 0 0 0.000244115
159 -0.364086866 -2.758006096 4.994803905 0 0 0.000244115
160 -0.364086866 -2.758006096 4.994803905 0 0 0.000244115
161 -0.364086866 -2.758006096 4.994803905 0 0 0.000244115
162 -0.498048782 -4.95163393 0.510848999 0 0 0.000244115
163 -0.364086866 -2.758006096 4.994803905 0 0 0.000244115
time 18
0 -0.364086866 -2.758006096 4.994803905 0 0 0.000244115
1 -0.355918914 -24.813129425 9.105299459 3.141592654 -1.497890235 1.570796489
2 130.809036255 0 0.000001907 0 0 0
3 6.662033081 -0.142129987 2.521337509 2.93088364 -0.190273848 -0.011382371
4 24.360946655 -0.000000954 0.000019073 0.10792569 -0.021553803 0.027710215
5 24.806411743 -0.000006676 0.765964508 -0.834961108 -0.344067487 0.13280885
6 8.120300293 -0.000001907 0 0.878961621 0.160260258 -0.144032846
7 8.120300293 -0.000000954 0 3.141592654 -1.17489882 3.141592654
8 8.120300293 -0.000000954 0 -0.216192487 -1.369859591 0.175150136
9 5.115219116 7.517076492 -23.079305649 1.501763517 -0.35837646 0.015053389
10 -13.525115967 0 0 0.012619529 0.069437849 -0.205921304
11 -11.953033447 -0.000022888 0 0.023452905 -0.042842055 -0.090156002
12 -8.290390015 -0.000015259 -0.000000954 0.078701419 -0.052363534 -0.150743241
13 -7.875 0.000030518 0 0.029267391 0.04644105 0.073401883
14 -8.785766602 0.000032425 0.000001907 0.16360598 -0.00343709 0.096842243
15 -8.903717041 0.000011444 -0.000007629 0.327982297 0.037887549 0.442256455
16 5.903442383 12.714838982 -17.693174362 1.370188491 -0.37922568 -0.02939746
17 -13.525131226 0.000007629 0 -0.008655857 0.092334372 -0.19426089
18 -11.953063965 0 0 0.052701273 -0.033269441 -0.092189781
19 -8.290390015 0.000007629 0 0.069605205 0.009408128 -0.014700954
20 -7.875 0.000030518 -0.000011444 0.00925144 0.034197064 0.015956818
21 -8.78578186 0.000038147 -0.000001907 0.127968494 0.04235206 0.120613027
22 -8.903717041 0 -0.000001431 0.242266841 -0.191441687 0.36051377
23 5.115203857 -7.603523731 -23.079328537 -1.554662073 0.381674365 -2.887288286
24 13.525100708 -0.000015259 0 0.02832658 -0.010108337 -0.210997588
25 11.953048706 0.000007629 0.000007629 0.114451768 0.069534974 -0.086622205
26 8.290359497 -0.000015259 -0.000007629 0.147444873 0.031933942 -0.139636998
27 7.875 -0.000022888 0.000003815 0.07828169 0.082002294 0.106746498
28 8.785797119 -0.000038147 0 0.146277183 0.018874102 0.15559819
29 8.903717041 0.000011444 0.000003815 -0.237106732 0.44042397 0.261609227
30 5.903427124 -12.801288605 -17.69320488 -1.598720893 0.442583503 -2.77991415
31 13.525115967 0 0 -0.006319662 0.047416278 -0.221636383
32 11.953048706 0.000015259 -0.000007629 0.110016905 0.104706187 -0.096334564
33 8.290390015 0 -0.000007629 0.108819811 0.101945704 -0.006041528
34 7.875 -0.000015259 0.000007629 0.037559585 0.080819501 0.0525882
35 8.785797119 -0.000030518 0 0.153676368 0.056243653 0.193153465
36 8.9037323 -0.000003815 0 -0.292676417 0.416568362 0.22968523
37 4.435455322 0.000126362 -25.179960251 -3.117617043 0.363008552 -3.024970545
38 14.171035767 0.000020981 1.280685425 -0.036320535 0.11357315 -0.035011646
39 10.9765625 0.000011444 0.352539063 0.017530412 0.188206586 0.057065313
40 8.120315552 -0.000007629 -0.000015259 -0.000952853 0.05182513 0.039869679
41 8.120285034 -0.000003815 -0.000030518 -0.01946302 -0.152451371 0.00546883
42 8.120330811 0.000001431 -0.000015259 -0.017242208 -0.006590548 -0.033437069
43 8.120346069 -0.000003815 0.000068665 -0.477040233 -0.23129885 0.171052717
44 7.146972656 16.179798126 -9.195619583 1.376844409 -0.303705466 -0.072871366
45 -13.525115967 -0.000007629 0.000003815 -0.058318294 -0.252190243 0.290184579
46 -11.953041077 -0.000022888 0 0.074084541 -0.009494249 -0.154947777
47 -8.290393829 0 0.000015259 0.099922838 0.124130457 -0.086643931
48 -7.875 0 0 0.011964558 0.112736355 -0.066946006
49 -8.785785675 0.000030518 -0.000007629 0.060032398 0.109680455 0.039708926
50 -8.903717041 0.000015259 0.000001907 0.162558631 -0.211931629 0.115054981
51 7.146957397 -16.26625061 -9.195617676 -1.594435862 0.362965226 -2.75698367
52 13.525115967 0.000007629 0.000007629 -0.085094587 -0.020033006 -0.148757314
53 11.953033447 0.000007629 0 0.098956116 0.164731664 -0.08290732
54 8.290390015 0.000007629 0 0.119952653 0.167653743 0.032826655
55 7.875 -0.000015259 0.000015259 0.040345832 0.117095477 0.084373515
56 8.785797119 -0.000030518 0.000001907 0.127714943 0.137673023 0.114116728
57 8.90372467 -0.000003815 -0.000007629 -0.39020363 0.321075214 0.164042265
58 -5.36730957 8.366909027 8.703121185 1.800195562 -0.68652357 3.121423837
59 13.525123596 0 0 -0.296468905 -0.078299246 -0.169078084
60 -3.441879272 -10.792387962 9.377009392 1.7482313 -0.789773398 -3.057718451
61 13.525131226 0 0.000003815 -0.427014772 0.093987324 -0.503126612
62 11.953048706 0.000015259 0 0.191186673 -0.101852068 -0.34421481
63 8.290374756 0.000003815 0 0.117923631 -0.037695063 0.236252135
64 7.875 -0.000034332 0 0.069430847 0.032183075 0.181637755
65 19.39491272 -14.052387238 -0.467090607 -1.454477207 -0.759652635 -0.061287935
66 26.240768433 0.000015259 -0.000001907 -0.007667209 -0.289776079 0.536549956
67 31.971008301 0.000007629 0 -1.678648368 0.467889424 -0.13378373
68 4.627258301 -2.311302185 4.185630798 -0.021512477 -0.254658869 -0.451859094
69 2.980117798 0 -0.000000954 -0.040823197 0.14004721 0.242069561
70 1.982421875 0.000019073 0.000019073 0.001822187 0.301463179 0.041313792
71 10.844894409 -1.281569481 -1.331680298 0.003154845 -0.01855101 -1.502721343
72 3.98828125 0 0.000041962 0.024656551 0.116612118 -1.30426207
73 2.26953125 -0.000007629 -0.000011444 0.010246566 0.020303916 -1.235445909
74 10.908889771 -1.23739624 0.829597473 -0.003109352 -0.01605034 -0.895852925
75 3.989456177 0 0.000049591 -0.026019839 0.050783303 -0.636960393
76 3.478284836 -0.000030518 -0.000007629 0.025346404 -0.11085993 -0.737210855
77 10.291915894 -1.202157974 -3.34413147 0.018038834 -0.023865117 -1.537453755
78 2.757152557 0 0.000022888 -0.269907553 -0.095587855 -1.29157427
79 1.775390625 0 -0.000022888 0.198076059 0.357239486 -1.30316968
80 10.971908569 -1.193932533 2.957344055 -0.014265529 -0.004860461 -1.002109965
81 3.82421875 -0.000030518 0.000038147 -0.000596317 0.002170439 -0.689801398
82 2.94140625 0 0 0.003950255 0.00698882 -0.847183373
83 0 0.000009537 0.000007629 -0.281161032 -0.158281714 -1.026998567
84 19.394897461 13.160596848 -0.467079163 1.401209606 1.024975721 -3.104238507
85 -26.240768433 0.000030518 0.000001907 0.323969435 -0.404134518 0.394902968
86 -31.97102356 0 -0.000015259 -1.81792558 0.01103903 0.008162281
87 -11.614593506 3.933109283 0.069389343 1.720533477 1.395162973 1.933670481
88 -10.48449707 1.069202423 3.539878845 -3.131584703 0.028220486 2.411526648
89 2.757156372 0.000015259 0.000019073 -0.011712134 0.035128624 1.019560794
90 1.775390625 0 -0.000030518 -0.204499622 -0.298392802 0.873982333
91 -11.046478271 1.142410278 1.529701233 -3.130487012 0.018259081 2.114134707
92 3.98828125 0.000030518 0.000041962 0.004872241 -0.009924216 1.610032301
93 2.26953125 0.000007629 0.000007629 -0.076539319 -0.095407065 1.438172442
94 -11.192642212 1.041530609 -2.758430481 -3.117466097 -0.002180357 2.477429666
95 3.82421875 0.000030518 0.000041962 0.00053161 0.002187187 1.610324685
96 8.785766602 -0.000030518 -0.000003815 0.028889808 0.206538207 -0.655495889
97 2.94140625 0.000015259 -0.000015259 -0.004550553 0.006091757 1.767588569
98 -11.120147705 1.091533661 -0.631126404 -3.128907678 0.018357161 2.400346066
99 3.989395142 0.000015259 0.000038147 0.021444626 0.041947477 1.751021405
100 3.478317261 0.000030518 -0.000015259 -0.001306817 0.004312204 1.848998194
101 -4.853607178 2.155090332 -4.018516541 3.123057975 0.125574955 2.46129872
102 2.980133057 0 0.000019073 0.038574713 -0.163808097 -0.240289671
103 1.982421875 -0.000015259 0.00003624 0 0 -0.040571652
104 0 -0.000015259 -0.000015259 -0.01786834 -0.032037725 -0.918099438
105 7.08984375 0 0 3.141592654 -0.174494806 3.141592654
106 7.528244019 8.168074608 -1.232803345 2.885017799 0.303466685 3.108838628
107 -54.911254883 -0.649675369 -0.176704407 1.856728718 0.785609017 0.048036467
108 -61.183185577 0.000005722 -0.000001907 0.174037262 0.013709953 -0.309466751
109 8.588668823 0 1.514417648 0 0 0
110 4.260528564 -21.349500656 -3.218471527 -0.229646484 -0.146054022 -0.303432411
111 15.606674194 0 -0.00001049 -0.000119618 -0.011913996 -0.023392071
112 15.853752136 0 -0.000006676 -0.000847554 -0.014017644 -0.063880891
113 15.151866913 0 0.000000954 -0.001074676 -0.006121802 0.012691994
114 11.149963379 0.000015259 -0.000007153 -0.040082832 0.120800773 -0.029237533
115 1.725112915 -0.142127961 11.160657883 -2.019105011 -0.695607809 0.137591666
116 15.606689453 0 -0.000001907 -0.000252598 -0.007937143 0.063627678
117 15.853736877 0 -0.000003815 -0.000346659 -0.009319393 0.018819147
118 15.151851654 -0.000007629 0 -0.000590035 -0.004058976 -0.006990494
119 11.149967194 0 0 -0.004405233 0.001667874 0.242797748
120 6.67868042 -0.142132968 -16.932609558 1.571106218 -0.034669705 3.141587281
121 -15.606674194 0.000007629 -0.00000003 0 0 -0.00492006
122 -15.853752136 0.000003815 0.00000599 0 0 -0.061467198
123 -15.151847839 0.000001907 0 0 0 -0.041348661
124 -11.14994812 0 0.00000602 0 0 0.081764736
125 2.507659912 15.939216614 6.722545624 -1.789671757 0.255676781 -2.869102546
126 -15.606681824 0.000003815 0 0.009611093 0.065946133 -0.014969674
127 -15.853759766 0 0.000007629 0.017616291 -0.020134027 0.060172604
128 -15.15184021 0 0.000015259 -0.00323293 0.004222638 -0.058797201
129 -11.14995575 -0.000005722 0.000007629 0.01299221 0.10724761 -0.197494444
130 2.507629395 -17.075351715 6.722560883 -1.394725005 -0.44812799 -0.316868681
131 15.606674194 0 0 0.010178794 0.015572089 0.010178795
132 15.853744507 0 0.000011444 0.01657059 -0.078884221 0.090602285
133 15.151855469 0 0.000003815 -0.007119636 -0.021313328 -0.044901781
134 11.149967194 0 -0.000019073 0.05088976 -0.113244038 0.07765244
135 5.8931427 15.939212799 -12.47754097 3.060441594 0.13907538 0.286958964
136 15.606674194 0 0.000024796 0.01116077 0.069774922 0.012913359
137 15.853744507 -0.000007629 -0.000009537 0.015872378 -0.015430087 0.093139127
138 15.151855469 0 0 -0.004456541 0.006290118 -0.044384795
139 11.14994812 0 -0.000003815 0.035401214 0.06395871 0.093067358
140 5.893157959 -17.075357437 -12.477553368 1.665114988 0.046168712 2.945850245
141 -15.606643677 0 0.000007629 0.008576793 0.057123298 -0.032311393
142 -15.853729248 0 -0.000011444 0.019072505 -0.030687548 0.040026554
143 -15.15184021 -0.000003815 0 -0.002835178 -0.000441206 -0.06751196
144 -11.14994812 -0.000005722 -0.000007629 -0.271235576 -0.11581174 -0.002329874
145 4.260498047 20.773923874 -3.218486786 0.023101859 -0.035501231 -2.90636479
146 -15.606689453 0.000007629 0.000000954 -0.000091619 0.021580102 0.007509022
147 -15.853744507 0.000007629 0 0.000243379 0.025327994 -0.089890119
148 -15.151832581 -0.000003815 0.000001907 -0.000885337 0.01098394 0.043157516
149 -11.149971008 0 -0.000001907 -0.01022957 0.299857428 -0.226108714
150 7.528259277 -8.043748856 -1.232804298 -0.653604446 -0.226792034 0.150327416
151 54.911224365 0.649678707 0.176696777 1.571141194 0.649263053 0.091400882
152 61.183162689 -0.000007629 0.000000238 0.542701548 0.211647802 0.109075119
153 -0.364088595 36.477970123 12.189170837 0.340633688 -0.000040147 0.000233438
154 -0.364086866 -2.758006096 4.994803905 0 0 0.000244115
155 -0.364086866 -2.758006096 4.994803905 0 0 0.000244115
156 -0.364086866 -2.758006096 4.994803905 0 0 0.000244115
157 -0.364086866 -2.758006096 4.994803905 0 0 0.000244115
158 -0.364086866 -2.758006096 4.994803905 0 0 0.000244115
159 -0.364086866 -2.758006096 4.994803905 0 0 0.000244115
160 -0.364086866 -2.758006096 4.994803905 0 0 0.000244115
161 -0.364086866 -2.758006096 4.994803905 0 0 0.000244115
162 -0.498048782 -4.95163393 0.510848999 0 0 0.000244115
163 -0.364086866 -2.758006096 4.994803905 0 0 0.000244115
time 19
0 -0.364086866 -2.758006096 4.994803905 0 0 0.000244115
1 -0.355918914 -24.813129425 8.51205241 3.141592654 -1.497890235 1.570796489
2 130.809036255 0 0.000001907 0 0 0
3 6.662033081 -0.142129987 2.521337509 2.93088364 -0.190273848 -0.011382371
4 24.360946655 -0.000000954 0.000019073 0.10792569 -0.021553803 0.027710215
5 24.806411743 -0.000006676 0.765964508 -0.834961108 -0.344067487 0.13280885
6 8.120300293 -0.000001907 0 0.878961621 0.160260258 -0.144032846
7 8.120300293 -0.000000954 0 3.141592654 -1.17489882 3.141592654
8 8.120300293 -0.000000954 0 -0.216192487 -1.369859591 0.175150136
9 5.115219116 7.517076492 -23.079305649 1.501763517 -0.35837646 0.015053389
10 -13.525115967 0 0 0.013552253 0.070617174 -0.193038506
11 -11.953033447 -0.000022888 0 0.02310346 -0.044897354 -0.093458613
12 -8.290390015 -0.000015259 -0.000000954 0.079210204 -0.057707242 -0.180809592
13 -7.875 0.000030518 0 0.02839288 0.044394164 0.041907039
14 -8.785766602 0.000032425 0.000001907 0.164715287 0.000691712 0.086087664
15 -8.903717041 0.000011444 -0.000007629 0.327982297 0.037887549 0.442256455
16 5.903442383 12.714838982 -17.693174362 1.370188491 -0.37922568 -0.02939746
17 -13.525131226 0.000007629 0 -0.007463852 0.089925864 -0.18082084
18 -11.953063965 0 0 0.052071672 -0.03511635 -0.0955133
19 -8.290390015 0.000007629 0 0.069256992 0.013183619 -0.038930732
20 -7.875 0.000030518 -0.000011444 0.008511209 0.042050771 -0.022269016
21 -8.78578186 0.000038147 -0.000001907 0.125241221 0.052373959 0.09831484
22 -8.903717041 0 -0.000001431 0.242266841 -0.191441687 0.36051377
23 5.115203857 -7.603523731 -23.079328537 -1.554662073 0.381674365 -2.887288286
24 13.525100708 -0.000015259 0 0.028103644 -0.019250959 -0.1974204
25 11.953048706 0.000007629 0.000007629 0.114504387 0.072136759 -0.089593199
26 8.290359497 -0.000015259 -0.000007629 0.145350909 0.04549847 -0.172298258
27 7.875 -0.000022888 0.000003815 0.075783826 0.097912911 0.06746303
28 8.785797119 -0.000038147 0 0.141136964 0.024503509 0.139090278
29 8.903717041 0.000011444 0.000003815 -0.237106732 0.44042397 0.261609227
30 5.903427124 -12.801288605 -17.69320488 -1.598720893 0.442583503 -2.77991415
31 13.525115967 0 0 -0.00567597 0.03542672 -0.206972126
32 11.953048706 0.000015259 -0.000007629 0.110026386 0.108529865 -0.099514285
33 8.290390015 0 -0.000007629 0.108639051 0.124704644 -0.034181028
34 7.875 -0.000015259 0.000007629 0.034463029 0.105266999 0.006051776
35 8.785797119 -0.000030518 0 0.141725823 0.062702213 0.166092781
36 8.9037323 -0.000003815 0 -0.292676417 0.416568362 0.22968523
37 4.435455322 0.000126362 -25.179960251 -3.117617043 0.363008552 -3.024970545
38 14.171035767 0.000020981 1.280685425 -0.037242622 0.094534527 -0.039965465
39 10.9765625 0.000011444 0.352539063 0.01841225 0.197796666 0.059606651
40 8.120315552 -0.000007629 -0.000015259 0.000610938 0.085318791 0.050745587
41 8.120285034 -0.000003815 -0.000030518 -0.021249938 -0.113892273 0.019368677
42 8.120330811 0.000001431 -0.000015259 -0.017748295 0.015016537 -0.02974299
43 8.120346069 -0.000003815 0.000068665 -0.477040233 -0.23129885 0.171052717
44 7.146972656 16.179798126 -9.195619583 1.376844409 -0.303705466 -0.072871366
45 -13.525115967 -0.000007629 0.000003815 -0.058318294 -0.252190243 0.290184579
46 -11.953041077 -0.000022888 0 0.073472202 -0.030804332 -0.124828373
47 -8.290393829 0 0.000015259 0.101895893 0.130770947 -0.092361918
48 -7.875 0 0 0.010959632 0.13958057 -0.122095333
49 -8.785785675 0.000030518 -0.000007629 0.052126083 0.144498177 -0.051379736
50 -8.903717041 0.000015259 0.000001907 0.162558631 -0.211931629 0.115054981
51 7.146957397 -16.26625061 -9.195617676 -1.594435862 0.362965226 -2.75698367
52 13.525115967 0.000007629 0.000007629 -0.085414028 -0.034932255 -0.134359561
53 11.953033447 0.000007629 0 0.099462125 0.170883275 -0.085534062
54 8.290390015 0.000007629 0 0.120988815 0.200536733 0.008449761
55 7.875 -0.000015259 0.000015259 0.036007364 0.151402269 0.039789071
56 8.785797119 -0.000030518 0.000001907 0.109267792 0.144199293 0.080371829
57 8.90372467 -0.000003815 -0.000007629 -0.39020363 0.321075214 0.164042265
58 -5.36730957 8.366909027 8.703121185 1.801120654 -0.702802252 3.119997213
59 13.525123596 0 0 -0.296468905 -0.078299246 -0.169078084
60 -3.441879272 -10.792387962 9.377009392 1.745696049 -0.809093794 -3.054146202
61 13.525131226 0 0.000003815 -0.423426897 0.096926549 -0.520556681
62 11.953048706 0.000015259 0 0.19808011 -0.100188283 -0.393935443
63 8.290374756 0.000003815 0 0.11822384 -0.054306064 0.211543662
64 7.875 -0.000034332 0 0.072185275 0.021144249 0.214784097
65 19.39491272 -14.052387238 -0.467090607 -1.448888204 -0.757621775 -0.067062981
66 26.240768433 0.000015259 -0.000001907 -0.00770938 -0.291574091 0.536545007
67 31.971008301 0.000007629 0 -1.678648368 0.467889424 -0.13378373
68 4.627258301 -2.311302185 4.185630798 -0.021512477 -0.254658869 -0.451859094
69 2.980117798 0 -0.000000954 -0.040823197 0.14004721 0.242069561
70 1.982421875 0.000019073 0.000019073 0.001822187 0.301463179 0.041313792
71 10.844894409 -1.281569481 -1.331680298 0.003154845 -0.01855101 -1.502721343
72 3.98828125 0 0.000041962 0.024656551 0.116612118 -1.30426207
73 2.26953125 -0.000007629 -0.000011444 0.010246566 0.020303916 -1.235445909
74 10.908889771 -1.23739624 0.829597473 -0.003109352 -0.01605034 -0.895852925
75 3.989456177 0 0.000049591 -0.026019839 0.050783303 -0.636960393
76 3.478284836 -0.000030518 -0.000007629 0.025346404 -0.11085993 -0.737210855
77 10.291915894 -1.202157974 -3.34413147 0.018038834 -0.023865117 -1.537453755
78 2.757152557 0 0.000022888 -0.269907553 -0.095587855 -1.29157427
79 1.775390625 0 -0.000022888 0.198076059 0.357239486 -1.30316968
80 10.971908569 -1.193932533 2.957344055 -0.014265529 -0.004860461 -1.002109965
81 3.82421875 -0.000030518 0.000038147 -0.000596317 0.002170439 -0.689801398
82 2.94140625 0 0 0.003950255 0.00698882 -0.847183373
83 0 0.000009537 0.000007629 -0.281161032 -0.158281714 -1.026998567
84 19.394897461 13.160596848 -0.467079163 1.401209606 1.024975721 -3.104238507
85 -26.240768433 0.000030518 0.000001907 0.323969435 -0.404134518 0.394902968
86 -31.97102356 0 -0.000015259 -1.81792558 0.01103903 0.008162281
87 -11.614593506 3.933109283 0.069389343 1.720533477 1.395162973 1.933670481
88 -10.48449707 1.069202423 3.539878845 -3.131584703 0.028220486 2.411526648
89 2.757156372 0.000015259 0.000019073 -0.011712134 0.035128624 1.019560794
90 1.775390625 0 -0.000030518 -0.204499622 -0.298392802 0.873982333
91 -11.046478271 1.142410278 1.529701233 -3.130487012 0.018259081 2.114134707
92 3.98828125 0.000030518 0.000041962 0.004872241 -0.009924216 1.610032301
93 2.26953125 0.000007629 0.000007629 -0.076539319 -0.095407065 1.438172442
94 -11.192642212 1.041530609 -2.758430481 -3.117466097 -0.002180357 2.477429666
95 3.82421875 0.000030518 0.000041962 0.00053161 0.002187187 1.610324685
96 8.785766602 -0.000030518 -0.000003815 0.028889808 0.206538207 -0.655495889
97 2.94140625 0.000015259 -0.000015259 -0.004550553 0.006091757 1.767588569
98 -11.120147705 1.091533661 -0.631126404 -3.128907678 0.018357161 2.400346066
99 3.989395142 0.000015259 0.000038147 0.021444626 0.041947477 1.751021405
100 3.478317261 0.000030518 -0.000015259 -0.001306817 0.004312204 1.848998194
101 -4.853607178 2.155090332 -4.018516541 3.123057975 0.125574955 2.46129872
102 2.980133057 0 0.000019073 0.038574713 -0.163808097 -0.240289671
103 1.982421875 -0.000015259 0.00003624 0 0 -0.040571652
104 0 -0.000015259 -0.000015259 -0.01786834 -0.032037725 -0.918099438
105 7.08984375 0 0 3.141592654 -0.174494806 3.141592654
106 7.528244019 8.168074608 -1.232803345 2.885017799 0.303466685 3.108838628
107 -54.911254883 -0.649675369 -0.176704407 1.856728718 0.785609017 0.048036467
108 -61.183185577 0.000005722 -0.000001907 0.174037262 0.013709953 -0.309466751
109 8.588668823 0 1.514417648 0 0 0
110 4.260528564 -21.349500656 -3.218471527 -0.229646484 -0.146054022 -0.303432411
111 15.606674194 0 -0.00001049 -0.000035416 -0.008547054 -0.032111354
112 15.853752136 0 -0.000006676 -0.000471244 -0.014783298 -0.064747159
113 15.151866913 0 0.000000954 -0.001142061 -0.01284562 0.02996099
114 11.149963379 0.000015259 -0.000007153 -0.040082832 0.120800773 -0.029237533
115 1.725112915 -0.142127961 11.160657883 -2.019105011 -0.695607809 0.137591666
116 15.606689453 0 -0.000001907 -0.000145557 -0.005695053 0.051105694
117 15.853736877 0 -0.000003815 -0.000274984 -0.00983782 0.020804316
118 15.151851654 -0.000007629 0 -0.000591659 -0.008540595 0.017266251
119 11.149967194 0 0 -0.004405233 0.001667874 0.242797748
120 6.67868042 -0.142132968 -16.932609558 1.571106218 -0.034669705 3.141587281
121 -15.606674194 0.000007629 -0.00000003 0 0 0.001640019
122 -15.853752136 0.000003815 0.00000599 0 0 -0.064057976
123 -15.151847839 0.000001907 0 0 0 -0.055940546
124 -11.14994812 0 0.00000602 0 0 0.081764736
125 2.507659912 15.939216614 6.722545624 -1.789671757 0.255676781 -2.869102546
126 -15.606681824 0.000003815 0 0.009546833 0.059990203 -0.015689691
127 -15.853759766 0 0.000007629 0.01803128 -0.020077872 0.062069061
128 -15.15184021 0 0.000015259 -0.003845415 0.015947186 -0.059859101
129 -11.14995575 -0.000005722 0.000007629 0.01299221 0.10724761 -0.197494444
130 2.507629395 -17.075351715 6.722560883 -1.394725005 -0.44812799 -0.316868681
131 15.606674194 0 0 0.010041535 0.023726111 0.002363551
132 15.853744507 0 0.000011444 0.016199231 -0.082015823 0.094143063
133 15.151855469 0 0.000003815 -0.00684678 -0.037487678 -0.030866227
134 11.149967194 0 -0.000019073 0.05088976 -0.113244038 0.07765244
135 5.8931427 15.939212799 -12.47754097 3.060441594 0.13907538 0.286958964
136 15.606674194 0 0.000024796 0.010584626 0.062740822 0.004304738
137 15.853744507 -0.000007629 -0.000009537 0.016727439 -0.015069537 0.096765376
138 15.151855469 0 0 -0.004710397 0.020735202 -0.029658235
139 11.14994812 0 -0.000003815 0.035401214 0.06395871 0.093067358
140 5.893157959 -17.075357437 -12.477553368 1.665114988 0.046168712 2.945850245
141 -15.606643677 0 0.000007629 0.008829588 0.053652988 -0.028172736
142 -15.853729248 0 -0.000011444 0.019051506 -0.031211967 0.040712828
143 -15.15184021 -0.000003815 0 -0.003258456 0.006005674 -0.078233152
144 -11.14994812 -0.000005722 -0.000007629 -0.271235576 -0.11581174 -0.002329874
145 4.260498047 20.773923874 -3.218486786 0.023101859 -0.035501231 -2.90636479
146 -15.606689453 0.000007629 0.000000954 0.000027685 0.015537385 0.014674637
147 -15.853744507 0.000007629 0 -0.000209849 0.026691947 -0.09335341
148 -15.151832581 -0.000003815 0.000001907 -0.000675031 0.023233017 0.031069534
149 -11.149971008 0 -0.000001907 -0.01022957 0.299857428 -0.226108714
150 7.528259277 -8.043748856 -1.232804298 -0.653604446 -0.226792034 0.150327416
151 54.911224365 0.649678707 0.176696777 1.571141194 0.649263053 0.091400882
152 61.183162689 -0.000007629 0.000000238 0.542701548 0.211647802 0.109075119
153 -0.364088595 36.477970123 12.189170837 0.340633688 -0.000040147 0.000233438
154 -0.364086866 -2.758006096 4.994803905 0 0 0.000244115
155 -0.364086866 -2.758006096 4.994803905 0 0 0.000244115
156 -0.364086866 -2.758006096 4.994803905 0 0 0.000244115
157 -0.364086866 -2.758006096 4.994803905 0 0 0.000244115
158 -0.364086866 -2.758006096 4.994803905 0 0 0.000244115
159 -0.364086866 -2.758006096 4.994803905 0 0 0.000244115
160 -0.364086866 -2.758006096 4.994803905 0 0 0.000244115
161 -0.364086866 -2.758006096 4.994803905 0 0 0.000244115
162 -0.498048782 -4.95163393 0.510848999 0 0 0.000244115
163 -0.364086866 -2.758006096 4.994803905 0 0 0.000244115
time 20
0 -0.364086866 -2.758006096 4.994803905 0 0 0.000244115
1 -0.355918914 -24.813129425 7.982987242 3.141592654 -1.497890235 1.570796489
2 130.809036255 0 0.000001907 0 0 0
3 6.662033081 -0.142129987 2.521337509 2.93088364 -0.190273848 -0.011382371
4 24.360946655 -0.000000954 0.000019073 0.10792569 -0.021553803 0.027710215
5 24.806411743 -0.000006676 0.765964508 -0.834961108 -0.344067487 0.13280885
6 8.120300293 -0.000001907 0 0.878961621 0.160260258 -0.144032846
7 8.120300293 -0.000000954 0 3.141592654 -1.17489882 3.141592654
8 8.120300293 -0.000000954 0 -0.216192487 -1.369859591 0.175150136
9 5.115219116 7.517076492 -23.079305649 1.501763517 -0.35837646 0.015053389
10 -13.525115967 0 0 0.013993245 0.071365949 -0.185819099
11 -11.953033447 -0.000022888 0 0.022881447 -0.045773811 -0.093291592
12 -8.290390015 -0.000015259 -0.000000954 0.079363532 -0.060632681 -0.195260273
13 -7.875 0.000030518 0 0.027918159 0.042900243 0.025466992
14 -8.785766602 0.000032425 0.000001907 0.165156633 0.001765058 0.07707645
15 -8.903717041 0.000011444 -0.000007629 0.327982297 0.037887549 0.442256455
16 5.903442383 12.714838982 -17.693174362 1.370188491 -0.37922568 -0.02939746
17 -13.525131226 0.000007629 0 -0.0067557 0.088684359 -0.173319826
18 -11.953063965 0 0 0.051708583 -0.036606857 -0.09537338
19 -8.290390015 0.000007629 0 0.069068731 0.014687993 -0.0500247
20 -7.875 0.000030518 -0.000011444 0.008027263 0.0458428 -0.04160762
21 -8.78578186 0.000038147 -0.000001907 0.123919742 0.057848471 0.083381335
22 -8.903717041 0 -0.000001431 0.242266841 -0.191441687 0.36051377
23 5.115203857 -7.603523731 -23.079328537 -1.554662073 0.381674365 -2.887288286
24 13.525100708 -0.000015259 0 0.027982251 -0.024304784 -0.189862399
25 11.953048706 0.000007629 0.000007629 0.114606081 0.072197075 -0.089066776
26 8.290359497 -0.000015259 -0.000007629 0.144251868 0.051855396 -0.187779813
27 7.875 -0.000022888 0.000003815 0.074539926 0.106212318 0.047043683
28 8.785797119 -0.000038147 0 0.139125042 0.028888386 0.126530682
29 8.903717041 0.000011444 0.000003815 -0.237106732 0.44042397 0.261609227
30 5.903427124 -12.801288605 -17.69320488 -1.598720893 0.442583503 -2.77991415
31 13.525115967 0 0 -0.00547352 0.02877499 -0.198869399
32 11.953048706 0.000015259 -0.000007629 0.110298699 0.108777593 -0.09905376
33 8.290390015 0 -0.000007629 0.10850987 0.135631129 -0.046867685
34 7.875 -0.000015259 0.000007629 0.033218204 0.118371924 -0.017316803
35 8.785797119 -0.000030518 0 0.136945105 0.069057272 0.148048601
36 8.9037323 -0.000003815 0 -0.292676417 0.416568362 0.22968523
37 4.435455322 0.000126362 -25.179960251 -3.117617043 0.363008552 -3.024970545
38 14.171035767 0.000020981 1.280685425 -0.037658975 0.084018296 -0.042716369
39 10.9765625 0.000011444 0.352539063 0.018724312 0.200387663 0.060190432
40 8.120315552 -0.000007629 -0.000015259 0.001542559 0.101289413 0.056004122
41 8.120285034 -0.000003815 -0.000030518 -0.021650887 -0.094017846 0.026685201
42 8.120330811 0.000001431 -0.000015259 -0.01792508 0.030586317 -0.026087641
43 8.120346069 -0.000003815 0.000068665 -0.477040233 -0.23129885 0.171052717
44 7.146972656 16.179798126 -9.195619583 1.376844409 -0.303705466 -0.072871366
45 -13.525115967 -0.000007629 0.000003815 -0.058318294 -0.252190243 0.290184579
46 -11.953041077 -0.000022888 0 0.072874723 -0.042688422 -0.107957255
47 -8.290393829 0 0.000015259 0.103289842 0.132002992 -0.091433452
48 -7.875 0 0 0.010563277 0.152213918 -0.146928151
49 -8.785785675 0.000030518 -0.000007629 0.048333885 0.162708514 -0.097370153
50 -8.903717041 0.000015259 0.000001907 0.162558631 -0.211931629 0.115054981
51 7.146957397 -16.26625061 -9.195617676 -1.594435862 0.362965226 -2.75698367
52 13.525115967 0.000007629 0.000007629 -0.08579537 -0.043178561 -0.126389586
53 11.953033447 0.000007629 0 0.100008372 0.171739817 -0.084840841
54 8.290390015 0.000007629 0 0.121725133 0.216496319 -0.002325908
55 7.875 -0.000015259 0.000015259 0.034594862 0.170063954 0.017591817
56 8.785797119 -0.000030518 0.000001907 0.101811157 0.15261517 0.059024433
57 8.90372467 -0.000003815 -0.000007629 -0.39020363 0.321075214 0.164042265
58 -5.36730957 8.366909027 8.703121185 1.80169922 -0.711835761 3.119158775
59 13.525123596 0 0 -0.296468905 -0.078299246 -0.169078084
60 -3.441879272 -10.792387962 9.377009392 1.744267089 -0.819786367 -3.052191189
61 13.525131226 0 0.000003815 -0.421710877 0.099504561 -0.527712109
62 11.953048706 0.000015259 0 0.201559115 -0.098187102 -0.419207634
63 8.290374756 0.000003815 0 0.118805818 -0.062517472 0.195847417
64 7.875 -0.000034332 0 0.073272499 0.014043852 0.225395303
65 19.39491272 -14.052387238 -0.467090607 -1.442562028 -0.756399256 -0.07324733
66 26.240768433 0.000015259 -0.000001907 -0.007714309 -0.293563669 0.536543481
67 31.971008301 0.000007629 0 -1.678648368 0.467889424 -0.13378373
68 4.627258301 -2.311302185 4.185630798 -0.021512477 -0.254658869 -0.451859094
69 2.980117798 0 -0.000000954 -0.040823197 0.14004721 0.242069561
70 1.982421875 0.000019073 0.000019073 0.001822187 0.301463179 0.041313792
71 10.844894409 -1.281569481 -1.331680298 0.003154845 -0.01855101 -1.502721343
72 3.98828125 0 0.000041962 0.024656551 0.116612118 -1.30426207
73 2.26953125 -0.000007629 -0.000011444 0.010246566 0.020303916 -1.235445909
74 10.908889771 -1.23739624 0.829597473 -0.003109352 -0.01605034 -0.895852925
75 3.989456177 0 0.000049591 -0.026019839 0.050783303 -0.636960393
76 3.478284836 -0.000030518 -0.000007629 0.025346404 -0.11085993 -0.737210855
77 10.291915894 -1.202157974 -3.34413147 0.018038834 -0.023865117 -1.537453755
78 2.757152557 0 0.000022888 -0.269907553 -0.095587855 -1.29157427
79 1.775390625 0 -0.000022888 0.198076059 0.357239486 -1.30316968
80 10.971908569 -1.193932533 2.957344055 -0.014265529 -0.004860461 -1.002109965
81 3.82421875 -0.000030518 0.000038147 -0.000596317 0.002170439 -0.689801398
82 2.94140625 0 0 0.003950255 0.00698882 -0.847183373
83 0 0.000009537 0.000007629 -0.281161032 -0.158281714 -1.026998567
84 19.394897461 13.160596848 -0.467079163 1.401209606 1.024975721 -3.104238507
85 -26.240768433 0.000030518 0.000001907 0.323969435 -0.404134518 0.394902968
86 -31.97102356 0 -0.000015259 -1.81792558 0.01103903 0.008162281
87 -11.614593506 3.933109283 0.069389343 1.720533477 1.395162973 1.933670481
88 -10.48449707 1.069202423 3.539878845 -3.131584703 0.028220486 2.411526648
89 2.757156372 0.000015259 0.000019073 -0.011712134 0.035128624 1.019560794
90 1.775390625 0 -0.000030518 -0.204499622 -0.298392802 0.873982333
91 -11.046478271 1.142410278 1.529701233 -3.130487012 0.018259081 2.114134707
92 3.98828125 0.000030518 0.000041962 0.004872241 -0.009924216 1.610032301
93 2.26953125 0.000007629 0.000007629 -0.076539319 -0.095407065 1.438172442
94 -11.192642212 1.041530609 -2.758430481 -3.117466097 -0.002180357 2.477429666
95 3.82421875 0.000030518 0.000041962 0.00053161 0.002187187 1.610324685
96 8.785766602 -0.000030518 -0.000003815 0.028889808 0.206538207 -0.655495889
97 2.94140625 0.000015259 -0.000015259 -0.004550553 0.006091757 1.767588569
98 -11.120147705 1.091533661 -0.631126404 -3.128907678 0.018357161 2.400346066
99 3.989395142 0.000015259 0.000038147 0.021444626 0.041947477 1.751021405
100 3.478317261 0.000030518 -0.000015259 -0.001306817 0.004312204 1.848998194
101 -4.853607178 2.155090332 -4.018516541 3.123057975 0.125574955 2.46129872
102 2.980133057 0 0.000019073 0.038574713 -0.163808097 -0.240289671
103 1.982421875 -0.000015259 0.00003624 0 0 -0.040571652
104 0 -0.000015259 -0.000015259 -0.01786834 -0.032037725 -0.918099438
105 7.08984375 0 0 3.141592654 -0.174494806 3.141592654
106 7.528244019 8.168074608 -1.232803345 2.885017799 0.303466685 3.108838628
107 -54.911254883 -0.649675369 -0.176704407 1.856728718 0.785609017 0.048036467
108 -61.183185577 0.000005722 -0.000001907 0.174037262 0.013709953 -0.309466751
109 8.588668823 0 1.514417648 0 0 0
110 4.260528564 -21.349500656 -3.218471527 -0.229646484 -0.146054022 -0.303432411
111 15.606674194 0 -0.00001049 0.000037774 -0.006733167 -0.03685967
112 15.853752136 0 -0.000006676 -0.000285923 -0.014777962 -0.066475837
113 15.151866913 0 0.000000954 -0.001157882 -0.015863689 0.037128685
114 11.149963379 0.000015259 -0.000007153 -0.040082832 0.120800773 -0.029237533
115 1.725112915 -0.142127961 11.160657883 -2.019105011 -0.695607809 0.137591666
116 15.606689453 0 -0.000001907 -0.000097086 -0.004401088 0.044111759
117 15.853736877 0 -0.000003815 -0.000271162 -0.009837926 0.020027395
118 15.151851654 -0.000007629 0 -0.00066377 -0.010522504 0.027712433
119 11.149967194 0 0 -0.004405233 0.001667874 0.242797748
120 6.67868042 -0.142132968 -16.932609558 1.571106218 -0.034669705 3.141587281
121 -15.606674194 0.000007629 -0.00000003 0 0 0.005351642
122 -15.853752136 0.000003815 0.00000599 0 0 -0.06457615
123 -15.151847839 0.000001907 0 0 0 -0.06267621
124 -11.14994812 0 0.00000602 0 0 0.081764736
125 2.507659912 15.939216614 6.722545624 -1.789671757 0.255676781 -2.869102546
126 -15.606681824 0.000003815 0 0.009560134 0.056624623 -0.016136383
127 -15.853759766 0 0.000007629 0.018169988 -0.020868349 0.063010824
128 -15.15184021 0 0.000015259 -0.00408718 0.020947871 -0.060390809
129 -11.14995575 -0.000005722 0.000007629 0.01299221 0.10724761 -0.197494444
130 2.507629395 -17.075351715 6.722560883 -1.394725005 -0.44812799 -0.316868681
131 15.606674194 0 0 0.0099014 0.028236005 -0.001845707
132 15.853744507 0 0.000011444 0.016052411 -0.082622063 0.094923761
133 15.151855469 0 0.000003815 -0.006699205 -0.044802253 -0.024716147
134 11.149967194 0 -0.000019073 0.05088976 -0.113244038 0.07765244
135 5.8931427 15.939212799 -12.47754097 3.060441594 0.13907538 0.286958964
136 15.606674194 0 0.000024796 0.01026474 0.058792946 -0.000389002
137 15.853744507 -0.000007629 -0.000009537 0.01720115 -0.015877213 0.097533177
138 15.151855469 0 0 -0.004713657 0.026792512 -0.023198695
139 11.14994812 0 -0.000003815 0.035401214 0.06395871 0.093067358
140 5.893157959 -17.075357437 -12.477553368 1.665114988 0.046168712 2.945850245
141 -15.606643677 0 0.000007629 0.008915188 0.051657255 -0.025933389
142 -15.853729248 0 -0.000011444 0.019019339 -0.031998579 0.0417423
143 -15.15184021 -0.000003815 0 -0.003552655 0.008578039 -0.08299032
144 -11.14994812 -0.000005722 -0.000007629 -0.271235576 -0.11581174 -0.002329874
145 4.260498047 20.773923874 -3.218486786 0.023101859 -0.035501231 -2.90636479
146 -15.606689453 0.000007629 0.000000954 0.000026623 0.012171015 0.01855887
147 -15.853744507 0.000007629 0 -0.00047605 0.026593429 -0.09422107
148 -15.151832581 -0.000003815 0.000001907 -0.000583325 0.028581636 0.025631062
149 -11.149971008 0 -0.000001907 -0.01022957 0.299857428 -0.226108714
150 7.528259277 -8.043748856 -1.232804298 -0.653604446 -0.226792034 0.150327416
151 54.911224365 0.649678707 0.176696777 1.571141194 0.649263053 0.091400882
152 61.183162689 -0.000007629 0.000000238 0.542701548 0.211647802 0.109075119
153 -0.364088595 36.477970123 12.189170837 0.340633688 -0.000040147 0.000233438
154 -0.364086866 -2.758006096 4.994803905 0 0 0.000244115
155 -0.364086866 -2.758006096 4.994803905 0 0 0.000244115
156 -0.364086866 -2.758006096 4.994803905 0 0 0.000244115
157 -0.364086866 -2.758006096 4.994803905 0 0 0.000244115
158 -0.364086866 -2.758006096 4.994803905 0 0 0.000244115
159 -0.364086866 -2.758006096 4.994803905 0 0 0.000244115
160 -0.364086866 -2.758006096 4.994803905 0 0 0.000244115
161 -0.364086866 -2.758006096 4.994803905 0 0 0.000244115
162 -0.498048782 -4.95163393 0.510848999 0 0 0.000244115
163 -0.364086866 -2.758006096 4.994803905 0 0 0.000244115
time 21
0 -0.364086866 -2.758006096 4.994803905 0 0 0.000244115
1 -0.355918914 -24.813129425 7.527973042 3.141592654 -1.497890235 1.570796489
2 130.809036255 0 0.000001907 0 0 0
3 6.662033081 -0.142129987 2.521337509 2.93088364 -0.190273848 -0.011382371
4 24.360946655 -0.000000954 0.000019073 0.10792569 -0.021553803 0.027710215
5 24.806411743 -0.000006676 0.765964508 -0.834961108 -0.344067487 0.13280885
6 8.120300293 -0.000001907 0 0.878961621 0.160260258 -0.144032846
7 8.120300293 -0.000000954 0 3.141592654 -1.17489882 3.141592654
8 8.120300293 -0.000000954 0 -0.216192487 -1.369859591 0.175150136
9 5.115219116 7.517076492 -23.079305649 1.501763517 -0.35837646 0.015053389
10 -13.525115967 0 0 0.0142473 0.071619036 -0.182859913
11 -11.953033447 -0.000022888 0 0.022801483 -0.046127722 -0.092861946
12 -8.290390015 -0.000015259 -0.000000954 0.079435084 -0.061883668 -0.201221452
13 -7.875 0.000030518 0 0.027669419 0.042137547 0.018283866
14 -8.785766602 0.000032425 0.000001907 0.165329134 0.002172428 0.073123938
15 -8.903717041 0.000011444 -0.000007629 0.327982297 0.037887549 0.442256455
16 5.903442383 12.714838982 -17.693174362 1.370188491 -0.37922568 -0.02939746
17 -13.525131226 0.000007629 0 -0.00648652 0.088098967 -0.170355168
18 -11.953063965 0 0 0.051555771 -0.037231875 -0.094868326
19 -8.290390015 0.000007629 0 0.068939406 0.015188559 -0.054587616
20 -7.875 0.000030518 -0.000011444 0.007800548 0.04742898 -0.049812021
21 -8.78578186 0.000038147 -0.000001907 0.123381245 0.060252206 0.076935415
22 -8.903717041 0 -0.000001431 0.242266841 -0.191441687 0.36051377
23 5.115203857 -7.603523731 -23.079328537 -1.554662073 0.381674365 -2.887288286
24 13.525100708 -0.000015259 0 0.027872291 -0.026349145 -0.186770131
25 11.953048706 0.000007629 0.000007629 0.114721363 0.071993923 -0.088467988
26 8.290359497 -0.000015259 -0.000007629 0.143787423 0.054544615 -0.194125577
27 7.875 -0.000022888 0.000003815 0.074057795 0.109737026 0.03832741
28 8.785797119 -0.000038147 0 0.138276082 0.030884479 0.120932982
29 8.903717041 0.000011444 0.000003815 -0.237106732 0.44042397 0.261609227
30 5.903427124 -12.801288605 -17.69320488 -1.598720893 0.442583503 -2.77991415
31 13.525115967 0 0 -0.005327939 0.026017931 -0.195559823
32 11.953048706 0.000015259 -0.000007629 0.110434355 0.108485007 -0.098368574
33 8.290390015 0 -0.000007629 0.108582939 0.140085883 -0.052089447
34 7.875 -0.000015259 0.000007629 0.032644137 0.123985027 -0.027296172
35 8.785797119 -0.000030518 0 0.1350238 0.071963503 0.14019283
36 8.9037323 -0.000003815 0 -0.292676417 0.416568362 0.22968523
37 4.435455322 0.000126362 -25.179960251 -3.117617043 0.363008552 -3.024970545
38 14.171035767 0.000020981 1.280685425 -0.037867651 0.07967223 -0.043849004
39 10.9765625 0.000011444 0.352539063 0.018893522 0.200469961 0.060121719
40 8.120315552 -0.000007629 -0.000015259 0.001934337 0.107937856 0.058202124
41 8.120285034 -0.000003815 -0.000030518 -0.021839568 -0.085514455 0.029793292
42 8.120330811 0.000001431 -0.000015259 -0.017982889 0.037334689 -0.024423865
43 8.120346069 -0.000003815 0.000068665 -0.477040233 -0.23129885 0.171052717
44 7.146972656 16.179798126 -9.195619583 1.376844409 -0.303705466 -0.072871366
45 -13.525115967 -0.000007629 0.000003815 -0.058318294 -0.252190243 0.290184579
46 -11.953041077 -0.000022888 0 0.07262117 -0.047616919 -0.101042342
47 -8.290393829 0 0.000015259 0.103976099 0.131885915 -0.090268031
48 -7.875 0 0 0.010504376 0.157532594 -0.157095344
49 -8.785785675 0.000030518 -0.000007629 0.046771386 0.170457906 -0.116786761
50 -8.903717041 0.000015259 0.000001907 0.162558631 -0.211931629 0.115054981
51 7.146957397 -16.26625061 -9.195617676 -1.594435862 0.362965226 -2.75698367
52 13.525115967 0.000007629 0.000007629 -0.085909735 -0.046591007 -0.123128224
53 11.953033447 0.000007629 0 0.100328704 0.171547483 -0.084215025
54 8.290390015 0.000007629 0 0.122049072 0.223122005 -0.006759795
55 7.875 -0.000015259 0.000015259 0.034014248 0.178021497 0.008236282
56 8.785797119 -0.000030518 0.000001907 0.098781502 0.156421204 0.049880553
57 8.90372467 -0.000003815 -0.000007629 -0.39020363 0.321075214 0.164042265
58 -5.36730957 8.366909027 8.703121185 1.801808847 -0.715546683 3.118868599
59 13.525123596 0 0 -0.296468905 -0.078299246 -0.169078084
60 -3.441879272 -10.792387962 9.377009392 1.743683627 -0.824167128 -3.051362594
61 13.525131226 0 0.000003815 -0.420937052 0.100680445 -0.530177837
62 11.953048706 0.000015259 0 0.202974042 -0.097195091 -0.429759403
63 8.290374756 0.000003815 0 0.119018247 -0.065919586 0.188782177
64 7.875 -0.000034332 0 0.073661286 0.010977814 0.229631332
65 19.39491272 -14.052387238 -0.467090607 -1.435353041 -0.75584882 -0.079765884
66 26.240768433 0.000015259 -0.000001907 -0.007681997 -0.295744946 0.536545559
67 31.971008301 0.000007629 0 -1.678648368 0.467889424 -0.13378373
68 4.627258301 -2.311302185 4.185630798 -0.021512477 -0.254658869 -0.451859094
69 2.980117798 0 -0.000000954 -0.040823197 0.14004721 0.242069561
70 1.982421875 0.000019073 0.000019073 0.001822187 0.301463179 0.041313792
71 10.844894409 -1.281569481 -1.331680298 0.003154845 -0.01855101 -1.502721343
72 3.98828125 0 0.000041962 0.024656551 0.116612118 -1.30426207
73 2.26953125 -0.000007629 -0.000011444 0.010246566 0.020303916 -1.235445909
74 10.908889771 -1.23739624 0.829597473 -0.003109352 -0.01605034 -0.895852925
75 3.989456177 0 0.000049591 -0.026019839 0.050783303 -0.636960393
76 3.478284836 -0.000030518 -0.000007629 0.025346404 -0.11085993 -0.737210855
77 10.291915894 -1.202157974 -3.34413147 0.018038834 -0.023865117 -1.537453755
78 2.757152557 0 0.000022888 -0.269907553 -0.095587855 -1.29157427
79 1.775390625 0 -0.000022888 0.198076059 0.357239486 -1.30316968
80 10.971908569 -1.193932533 2.957344055 -0.014265529 -0.004860461 -1.002109965
81 3.82421875 -0.000030518 0.000038147 -0.000596317 0.002170439 -0.689801398
82 2.94140625 0 0 0.003950255 0.00698882 -0.847183373
83 0 0.000009537 0.000007629 -0.281161032 -0.158281714 -1.026998567
84 19.394897461 13.160596848 -0.467079163 1.401209606 1.024975721 -3.104238507
85 -26.240768433 0.000030518 0.000001907 0.323969435 -0.404134518 0.394902968
86 -31.97102356 0 -0.000015259 -1.81792558 0.01103903 0.008162281
87 -11.614593506 3.933109283 0.069389343 1.720533477 1.395162973 1.933670481
88 -10.48449707 1.069202423 3.539878845 -3.131584703 0.028220486 2.411526648
89 2.757156372 0.000015259 0.000019073 -0.011712134 0.035128624 1.019560794
90 1.775390625 0 -0.000030518 -0.204499622 -0.298392802 0.873982333
91 -11.046478271 1.142410278 1.529701233 -3.130487012 0.018259081 2.114134707
92 3.98828125 0.000030518 0.000041962 0.004872241 -0.009924216 1.610032301
93 2.26953125 0.000007629 0.000007629 -0.076539319 -0.095407065 1.438172442
94 -11.192642212 1.041530609 -2.758430481 -3.117466097 -0.002180357 2.477429666
95 3.82421875 0.000030518 0.000041962 0.00053161 0.002187187 1.610324685
96 8.785766602 -0.000030518 -0.000003815 0.028889808 0.206538207 -0.655495889
97 2.94140625 0.000015259 -0.000015259 -0.004550553 0.006091757 1.767588569
98 -11.120147705 1.091533661 -0.631126404 -3.128907678 0.018357161 2.400346066
99 3.989395142 0.000015259 0.000038147 0.021444626 0.041947477 1.751021405
100 3.478317261 0.000030518 -0.000015259 -0.001306817 0.004312204 1.848998194
101 -4.853607178 2.155090332 -4.018516541 3.123057975 0.125574955 2.46129872
102 2.980133057 0 0.000019073 0.038574713 -0.163808097 -0.240289671
103 1.982421875 -0.000015259 0.00003624 0 0 -0.040571652
104 0 -0.000015259 -0.000015259 -0.01786834 -0.032037725 -0.918099438
105 7.08984375 0 0 3.141592654 -0.174494806 3.141592654
106 7.528244019 8.168074608 -1.232803345 2.885017799 0.303466685 3.108838628
107 -54.911254883 -0.649675369 -0.176704407 1.856728718 0.785609017 0.048036467
108 -61.183185577 0.000005722 -0.000001907 0.174037262 0.013709953 -0.309466751
109 8.588668823 0 1.514417648 0 0 0
110 4.260528564 -21.349500656 -3.218471527 -0.229646484 -0.146054022 -0.303432411
111 15.606674194 0 -0.00001049 0.000029371 -0.005956417 -0.03884524
112 15.853752136 0 -0.000006676 -0.000199078 -0.014602637 -0.067340124
113 15.151866913 0 0.000000954 -0.001118343 -0.017071984 0.039978324
114 11.149963379 0.000015259 -0.000007153 -0.040082832 0.120800773 -0.029237533
115 1.725112915 -0.142127961 11.160657883 -2.019105011 -0.695607809 0.137591666
116 15.606689453 0 -0.000001907 -0.000081912 -0.003969728 0.041262573
117 15.853736877 0 -0.000003815 -0.000181457 -0.009752525 0.019509011
118 15.151851654 -0.000007629 0 -0.000699815 -0.011384149 0.031943059
119 11.149967194 0 0 -0.004405233 0.001667874 0.242797748
120 6.67868042 -0.142132968 -16.932609558 1.571106218 -0.034669705 3.141587281
121 -15.606674194 0.000007629 -0.00000003 0 0 0.006905354
122 -15.853752136 0.000003815 0.00000599 0 0 -0.06448978
123 -15.151847839 0.000001907 0 0 0 -0.065526133
124 -11.14994812 0 0.00000602 0 0 0.081764736
125 2.507659912 15.939216614 6.722545624 -1.789671757 0.255676781 -2.869102546
126 -15.606681824 0.000003815 0 0.009479058 0.055329541 -0.016317229
127 -15.853759766 0 0.000007629 0.018236366 -0.021391872 0.063351025
128 -15.15184021 0 0.000015259 -0.004149209 0.022932008 -0.060568959
129 -11.14995575 -0.000005722 0.000007629 0.01299221 0.10724761 -0.197494444
130 2.507629395 -17.075351715 6.722560883 -1.394725005 -0.44812799 -0.316868681
131 15.606674194 0 0 0.009872744 0.03005779 -0.003650026
132 15.853744507 0 0.000011444 0.016056467 -0.082535764 0.094924117
133 15.151855469 0 0.000003815 -0.006723336 -0.047901579 -0.022115634
134 11.149967194 0 -0.000019073 0.05088976 -0.113244038 0.07765244
135 5.8931427 15.939212799 -12.47754097 3.060441594 0.13907538 0.286958964
136 15.606674194 0 0.000024796 0.010123727 0.057248234 -0.002300734
137 15.853744507 -0.000007629 -0.000009537 0.017349133 -0.016402165 0.097441294
138 15.151855469 0 0 -0.00470366 0.029302094 -0.020528595
139 11.14994812 0 -0.000003815 0.035401214 0.06395871 0.093067358
140 5.893157959 -17.075357437 -12.477553368 1.665114988 0.046168712 2.945850245
141 -15.606643677 0 0.000007629 0.008949283 0.050875973 -0.024985863
142 -15.853729248 0 -0.000011444 0.019003854 -0.032348726 0.042257444
143 -15.15184021 -0.000003815 0 -0.00369102 0.009605876 -0.084893687
144 -11.14994812 -0.000005722 -0.000007629 -0.271235576 -0.11581174 -0.002329874
145 4.260498047 20.773923874 -3.218486786 0.023101859 -0.035501231 -2.90636479
146 -15.606689453 0.000007629 0.000000954 0.000108971 0.010789094 0.020199344
147 -15.853744507 0.000007629 0 -0.000554159 0.026416906 -0.094221948
148 -15.151832581 -0.000003815 0.000001907 -0.000590185 0.030738975 0.023386062
149 -11.149971008 0 -0.000001907 -0.01022957 0.299857428 -0.226108714
150 7.528259277 -8.043748856 -1.232804298 -0.653604446 -0.226792034 0.150327416
151 54.911224365 0.649678707 0.176696777 1.571141194 0.649263053 0.091400882
152 61.183162689 -0.000007629 0.000000238 0.542701548 0.211647802 0.109075119
153 -0.364088595 36.477970123 12.189170837 0.340633688 -0.000040147 0.000233438
154 -0.364086866 -2.758006096 4.994803905 0 0 0.000244115
155 -0.364086866 -2.758006096 4.994803905 0 0 0.000244115
156 -0.364086866 -2.758006096 4.994803905 0 0 0.000244115
157 -0.364086866 -2.758006096 4.994803905 0 0 0.000244115
158 -0.364086866 -2.758006096 4.994803905 0 0 0.000244115
159 -0.364086866 -2.758006096 4.994803905 0 0 0.000244115
160 -0.364086866 -2.758006096 4.994803905 0 0 0.000244115
161 -0.364086866 -2.758006096 4.994803905 0 0 0.000244115
162 -0.498048782 -4.95163393 0.510848999 0 0 0.000244115
163 -0.364086866 -2.758006096 4.994803905 0 0 0.000244115
time 22
0 -0.364086866 -2.758006096 4.994803905 0 0 0.000244115
1 -0.355918914 -24.813129425 7.156885324 3.141592654 -1.497890235 1.570796489
2 130.809036255 0 0.000001907 0 0 0
3 6.662033081 -0.142129987 2.521337509 2.93088364 -0.190273848 -0.011382371
4 24.360946655 -0.000000954 0.000019073 0.10792569 -0.021553803 0.027710215
5 24.806411743 -0.000006676 0.765964508 -0.834961108 -0.344067487 0.13280885
6 8.120300293 -0.000001907 0 0.878961621 0.160260258 -0.144032846
7 8.120300293 -0.000000954 0 3.141592654 -1.17489882 3.141592654
8 8.120300293 -0.000000954 0 -0.216192487 -1.369859591 0.175150136
9 5.115219116 7.517076492 -23.079305649 1.501763517 -0.35837646 0.015053389
10 -13.525115967 0 0 0.014521075 0.072036672 -0.178945705
11 -11.953033447 -0.000022888 0 0.022610946 -0.046497323 -0.091392615
12 -8.290390015 -0.000015259 -0.000000954 0.079602106 -0.063511976 -0.208507748
13 -7.875 0.000030518 0 0.027357672 0.040813104 0.007897547
14 -8.785766602 0.000032425 0.000001907 0.165475876 0.002271322 0.065592898
15 -8.903717041 0.000011444 -0.000007629 0.327982297 0.037887549 0.442256455
16 5.903442383 12.714838982 -17.693174362 1.370188491 -0.37922568 -0.02939746
17 -13.525131226 0.000007629 0 -0.006158661 0.087430644 -0.166174227
18 -11.953063965 0 0 0.051231008 -0.038322565 -0.093334623
19 -8.290390015 0.000007629 0 0.068802734 0.015712381 -0.059841403
20 -7.875 0.000030518 -0.000011444 0.00746936 0.049457608 -0.061215295
21 -8.78578186 0.000038147 -0.000001907 0.122540661 0.06362356 0.06603768
22 -8.903717041 0 -0.000001431 0.242266841 -0.191441687 0.36051377
23 5.115203857 -7.603523731 -23.079328537 -1.554662073 0.381674365 -2.887288286
24 13.525100708 -0.000015259 0 0.027718629 -0.029103184 -0.182647946
25 11.953048706 0.000007629 0.000007629 0.114906708 0.071113181 -0.086605746
26 8.290359497 -0.000015259 -0.000007629 0.143064477 0.057650247 -0.201757699
27 7.875 -0.000022888 0.000003815 0.073259253 0.114613188 0.025747749
28 8.785797119 -0.000038147 0 0.137234059 0.034317916 0.110837791
29 8.903717041 0.000011444 0.000003815 -0.237106732 0.44042397 0.261609227
30 5.903427124 -12.801288605 -17.69320488 -1.598720893 0.442583503 -2.77991415
31 13.525115967 0 0 -0.005267857 0.022387704 -0.191122062
32 11.953048706 0.000015259 -0.000007629 0.110755188 0.107353556 -0.096504579
33 8.290390015 0 -0.000007629 0.108548707 0.145626302 -0.05813133
34 7.875 -0.000015259 0.000007629 0.031981675 0.132083517 -0.041059618
35 8.785797119 -0.000030518 0 0.132775876 0.07756218 0.126955011
36 8.9037323 -0.000003815 0 -0.292676417 0.416568362 0.22968523
37 4.435455322 0.000126362 -25.179960251 -3.117617043 0.363008552 -3.024970545
38 14.171035767 0.000020981 1.280685425 -0.03804911 0.073852036 -0.045296081
39 10.9765625 0.000011444 0.352539063 0.018875889 0.200471602 0.059946379
40 8.120315552 -0.000007629 -0.000015259 0.002505698 0.116139037 0.060938202
41 8.120285034 -0.000003815 -0.000030518 -0.021900538 -0.073025086 0.034316838
42 8.120330811 0.000001431 -0.000015259 -0.017960315 0.048933833 -0.021162962
43 8.120346069 -0.000003815 0.000068665 -0.477040233 -0.23129885 0.171052717
44 7.146972656 16.179798126 -9.195619583 1.376844409 -0.303705466 -0.072871366
45 -13.525115967 -0.000007629 0.000003815 -0.058318294 -0.252190243 0.290184579
46 -11.953041077 -0.000022888 0 0.072082382 -0.054109035 -0.091755842
47 -8.290393829 0 0.000015259 0.105006986 0.131053543 -0.086861576
48 -7.875 0 0 0.010441893 0.163920698 -0.168751978
49 -8.785785675 0.000030518 -0.000007629 0.04456856 0.181231107 -0.143375675
50 -8.903717041 0.000015259 0.000001907 0.162558631 -0.211931629 0.115054981
51 7.146957397 -16.26625061 -9.195617676 -1.594435862 0.362965226 -2.75698367
52 13.525115967 0.000007629 0.000007629 -0.086085812 -0.051079627 -0.118695169
53 11.953033447 0.000007629 0 0.100782287 0.170429246 -0.08240588
54 8.290390015 0.000007629 0 0.122728092 0.231266797 -0.011671482
55 7.875 -0.000015259 0.000015259 0.033472656 0.189679385 -0.00453357
56 8.785797119 -0.000030518 0.000001907 0.095175323 0.164111654 0.035146274
57 8.90372467 -0.000003815 -0.000007629 -0.39020363 0.321075214 0.164042265
58 -5.36730957 8.366909027 8.703121185 1.802221747 -0.72049593 3.118379799
59 13.525123596 0 0 -0.296468905 -0.078299246 -0.169078084
60 -3.441879272 -10.792387962 9.377009392 1.74281653 -0.829971869 -3.050163951
61 13.525131226 0 0.000003815 -0.41997696 0.102629908 -0.532250232
62 11.953048706 0.000015259 0 0.204661506 -0.095323177 -0.443266496
63 8.290374756 0.000003815 0 0.11964325 -0.070452023 0.177036808
64 7.875 -0.000034332 0 0.074123037 0.005795847 0.231962827
65 19.39491272 -14.052387238 -0.467090607 -1.427398898 -0.755968576 -0.086573422
66 26.240768433 0.000015259 -0.000001907 -0.007722707 -0.29817904 0.536570593
67 31.971008301 0.000007629 0 -1.678648368 0.467889424 -0.13378373
68 4.627258301 -2.311302185 4.185630798 -0.021512477 -0.254658869 -0.451859094
69 2.980117798 0 -0.000000954 -0.040823197 0.14004721 0.242069561
70 1.982421875 0.000019073 0.000019073 0.001822187 0.301463179 0.041313792
71 10.844894409 -1.281569481 -1.331680298 0.003154845 -0.01855101 -1.502721343
72 3.98828125 0 0.000041962 0.024656551 0.116612118 -1.30426207
73 2.26953125 -0.000007629 -0.000011444 0.010246566 0.020303916 -1.235445909
74 10.908889771 -1.23739624 0.829597473 -0.003109352 -0.01605034 -0.895852925
75 3.989456177 0 0.000049591 -0.026019839 0.050783303 -0.636960393
76 3.478284836 -0.000030518 -0.000007629 0.025346404 -0.11085993 -0.737210855
77 10.291915894 -1.202157974 -3.34413147 0.018038834 -0.023865117 -1.537453755
78 2.757152557 0 0.000022888 -0.269907553 -0.095587855 -1.29157427
79 1.775390625 0 -0.000022888 0.198076059 0.357239486 -1.30316968
80 10.971908569 -1.193932533 2.957344055 -0.014265529 -0.004860461 -1.002109965
81 3.82421875 -0.000030518 0.000038147 -0.000596317 0.002170439 -0.689801398
82 2.94140625 0 0 0.003950255 0.00698882 -0.847183373
83 0 0.000009537 0.000007629 -0.281161032 -0.158281714 -1.026998567
84 19.394897461 13.160596848 -0.467079163 1.401209606 1.024975721 -3.104238507
85 -26.240768433 0.000030518 0.000001907 0.323969435 -0.404134518 0.394902968
86 -31.97102356 0 -0.000015259 -1.81792558 0.01103903 0.008162281
87 -11.614593506 3.933109283 0.069389343 1.720533477 1.395162973 1.933670481
88 -10.48449707 1.069202423 3.539878845 -3.131584703 0.028220486 2.411526648
89 2.757156372 0.000015259 0.000019073 -0.011712134 0.035128624 1.019560794
90 1.775390625 0 -0.000030518 -0.204499622 -0.298392802 0.873982333
91 -11.046478271 1.142410278 1.529701233 -3.130487012 0.018259081 2.114134707
92 3.98828125 0.000030518 0.000041962 0.004872241 -0.009924216 1.610032301
93 2.26953125 0.000007629 0.000007629 -0.076539319 -0.095407065 1.438172442
94 -11.192642212 1.041530609 -2.758430481 -3.117466097 -0.002180357 2.477429666
95 3.82421875 0.000030518 0.000041962 0.00053161 0.002187187 1.610324685
96 8.785766602 -0.000030518 -0.000003815 0.028889808 0.206538207 -0.655495889
97 2.94140625 0.000015259 -0.000015259 -0.004550553 0.006091757 1.767588569
98 -11.120147705 1.091533661 -0.631126404 -3.128907678 0.018357161 2.400346066
99 3.989395142 0.000015259 0.000038147 0.021444626 0.041947477 1.751021405
100 3.478317261 0.000030518 -0.000015259 -0.001306817 0.004312204 1.848998194
101 -4.853607178 2.155090332 -4.018516541 3.123057975 0.125574955 2.46129872
102 2.980133057 0 0.000019073 0.038574713 -0.163808097 -0.240289671
103 1.982421875 -0.000015259 0.00003624 0 0 -0.040571652
104 0 -0.000015259 -0.000015259 -0.01786834 -0.032037725 -0.918099438
105 7.08984375 0 0 3.141592654 -0.174494806 3.141592654
106 7.528244019 8.168074608 -1.232803345 2.885017799 0.303466685 3.108838628
107 -54.911254883 -0.649675369 -0.176704407 1.856728718 0.785609017 0.048036467
108 -61.183185577 0.000005722 -0.000001907 0.174037262 0.013709953 -0.309466751
109 8.588668823 0 1.514417648 0 0 0
110 4.260528564 -21.349500656 -3.218471527 -0.229646484 -0.146054022 -0.303432411
111 15.606674194 0 -0.00001049 0.000015626 -0.004920792 -0.041435164
112 15.853752136 0 -0.000006676 -0.000022243 -0.014338041 -0.069155106
113 15.151866913 0 0.000000954 -0.001172256 -0.018451178 0.042829019
114 11.149963379 0.000015259 -0.000007153 -0.040082832 0.120800773 -0.029237533
115 1.725112915 -0.142127961 11.160657883 -2.019105011 -0.695607809 0.137591666
116 15.606689453 0 -0.000001907 -0.000061579 -0.00327946 0.03755014
117 15.853736877 0 -0.000003815 -0.000171145 -0.009493728 0.017868818
118 15.151851654 -0.000007629 0 -0.000741623 -0.012245556 0.036519239
119 11.149967194 0 0 -0.004405233 0.001667874 0.242797748
120 6.67868042 -0.142132968 -16.932609558 1.571106218 -0.034669705 3.141587281
121 -15.606674194 0.000007629 -0.00000003 0 0 0.008890654
122 -15.853752136 0.000003815 0.00000599 0 0 -0.064230701
123 -15.151847839 0.000001907 0 0 0 -0.068808015
124 -11.14994812 0 0.00000602 0 0 0.081764736
125 2.507659912 15.939216614 6.722545624 -1.789671757 0.255676781 -2.869102546
126 -15.606681824 0.000003815 0 0.009488784 0.053517119 -0.01649786
127 -15.853759766 0 0.000007629 0.018374238 -0.022350334 0.063772963
128 -15.15184021 0 0.000015259 -0.004299443 0.025000002 -0.06066225
129 -11.14995575 -0.000005722 0.000007629 0.01299221 0.10724761 -0.197494444
130 2.507629395 -17.075351715 6.722560883 -1.394725005 -0.44812799 -0.316868681
131 15.606674194 0 0 0.009830845 0.032486399 -0.005969681
132 15.853744507 0 0.000011444 0.016075765 -0.08227551 0.094751936
133 15.151855469 0 0.000003815 -0.006674728 -0.051344385 -0.019170342
134 11.149967194 0 -0.000019073 0.05088976 -0.113244038 0.07765244
135 5.8931427 15.939212799 -12.47754097 3.060441594 0.13907538 0.286958964
136 15.606674194 0 0.000024796 0.010054172 0.05510256 -0.004903963
137 15.853744507 -0.000007629 -0.000009537 0.017554839 -0.017534046 0.097257379
138 15.151855469 0 0 -0.004682242 0.031898863 -0.017513156
139 11.14994812 0 -0.000003815 0.035401214 0.06395871 0.093067358
140 5.893157959 -17.075357437 -12.477553368 1.665114988 0.046168712 2.945850245
141 -15.606643677 0 0.000007629 0.009078552 0.049835535 -0.023778065
142 -15.853729248 0 -0.000011444 0.018971935 -0.033134487 0.043200648
143 -15.15184021 -0.000003815 0 -0.003832265 0.010633122 -0.08697011
144 -11.14994812 -0.000005722 -0.000007629 -0.271235576 -0.11581174 -0.002329874
145 4.260498047 20.773923874 -3.218486786 0.023101859 -0.035501231 -2.90636479
146 -15.606689453 0.000007629 0.000000954 0.000100348 0.008976411 0.022357177
147 -15.853744507 0.000007629 0 -0.00061193 0.025809245 -0.094222155
148 -15.151832581 -0.000003815 0.000001907 -0.000603984 0.033241555 0.020795548
149 -11.149971008 0 -0.000001907 -0.01022957 0.299857428 -0.226108714
150 7.528259277 -8.043748856 -1.232804298 -0.653604446 -0.226792034 0.150327416
151 54.911224365 0.649678707 0.176696777 1.571141194 0.649263053 0.091400882
152 61.183162689 -0.000007629 0.000000238 0.542701548 0.211647802 0.109075119
153 -0.364088595 36.477970123 12.189170837 0.340633688 -0.000040147 0.000233438
154 -0.364086866 -2.758006096 4.994803905 0 0 0.000244115
155 -0.364086866 -2.758006096 4.994803905 0 0 0.000244115
156 -0.364086866 -2.758006096 4.994803905 0 0 0.000244115
157 -0.364086866 -2.758006096 4.994803905 0 0 0.000244115
158 -0.364086866 -2.758006096 4.994803905 0 0 0.000244115
159 -0.364086866 -2.758006096 4.994803905 0 0 0.000244115
160 -0.364086866 -2.758006096 4.994803905 0 0 0.000244115
161 -0.364086866 -2.758006096 4.994803905 0 0 0.000244115
162 -0.498048782 -4.95163393 0.510848999 0 0 0.000244115
163 -0.364086866 -2.758006096 4.994803905 0 0 0.000244115
time 23
0 -0.364086866 -2.758006096 4.994803905 0 0 0.000244115
1 -0.355918914 -24.813129425 6.879599012 3.141592654 -1.497890235 1.570796489
2 130.809036255 0 0.000001907 0 0 0
3 6.662033081 -0.142129987 2.521337509 2.93088364 -0.190273848 -0.011382371
4 24.360946655 -0.000000954 0.000019073 0.10792569 -0.021553803 0.027710215
5 24.806411743 -0.000006676 0.765964508 -0.834961108 -0.344067487 0.13280885
6 8.120300293 -0.000001907 0 0.878961621 0.160260258 -0.144032846
7 8.120300293 -0.000000954 0 3.141592654 -1.17489882 3.141592654
8 8.120300293 -0.000000954 0 -0.216192487 -1.369859591 0.175150136
9 5.115219116 7.517076492 -23.079305649 1.501763517 -0.35837646 0.015053389
10 -13.525115967 0 0 0.015495916 0.073279954 -0.165640387
11 -11.953033447 -0.000022888 0 0.021874521 -0.047467085 -0.08412677
12 -8.290390015 -0.000015259 -0.000000954 0.079690066 -0.069213799 -0.230930032
13 -7.875 0.000030518 0 0.026265118 0.035509609 -0.028198729
14 -8.785766602 0.000032425 0.000001907 0.165792747 0.001220275 0.035355181
15 -8.903717041 0.000011444 -0.000007629 0.327982297 0.037887549 0.442256455
16 5.903442383 12.714838982 -17.693174362 1.370188491 -0.37922568 -0.02939746
17 -13.525131226 0.000007629 0 -0.005014436 0.084912719 -0.152414856
18 -11.953063965 0 0 0.050388914 -0.042438583 -0.085644744
19 -8.290390015 0.000007629 0 0.06823112 0.016661391 -0.075368824
20 -7.875 0.000030518 -0.000011444 0.006277114 0.055893207 -0.100119957
21 -8.78578186 0.000038147 -0.000001907 0.119786826 0.07540751 0.02485957
22 -8.903717041 0 -0.000001431 0.242266841 -0.191441687 0.36051377
23 5.115203857 -7.603523731 -23.079328537 -1.554662073 0.381674365 -2.887288286
24 13.525100708 -0.000015259 0 0.027247646 -0.038416793 -0.168654057
25 11.953048706 0.000007629 0.000007629 0.115704062 0.066574891 -0.078089881
26 8.290359497 -0.000015259 -0.000007629 0.140840929 0.066974693 -0.225041673
27 7.875 -0.000022888 0.000003815 0.07056606 0.131314723 -0.017690351
28 8.785797119 -0.000038147 0 0.134233177 0.047410484 0.071304184
29 8.903717041 0.000011444 0.000003815 -0.237106732 0.44042397 0.261609227
30 5.903427124 -12.801288605 -17.69320488 -1.598720893 0.442583503 -2.77991415
31 13.525115967 0 0 -0.004968054 0.010132786 -0.176255771
32 11.953048706 0.000015259 -0.000007629 0.111980998 0.101262613 -0.087581416
33 8.290390015 0 -0.000007629 0.109185872 0.162591909 -0.07533606
34 7.875 -0.000015259 0.000007629 0.029777018 0.160297774 -0.08788041
35 8.785797119 -0.000030518 0 0.126123622 0.099745057 0.076893961
36 8.9037323 -0.000003815 0 -0.292676417 0.416568362 0.22968523
37 4.435455322 0.000126362 -25.179960251 -3.117617043 0.363008552 -3.024970545
38 14.171035767 0.000020981 1.280685425 -0.038768951 0.054214521 -0.050370541
39 10.9765625 0.000011444 0.352539063 0.018791851 0.195626841 0.057969013
40 8.120315552 -0.000007629 -0.000015259 0.004573974 0.141345261 0.069477428
41 8.120285034 -0.000003815 -0.000030518 -0.02129471 -0.029602927 0.050133424
42 8.120330811 0.000001431 -0.000015259 -0.017309712 0.093363876 -0.007981041
43 8.120346069 -0.000003815 0.000068665 -0.477040233 -0.23129885 0.171052717
44 7.146972656 16.179798126 -9.195619583 1.376844409 -0.303705466 -0.072871366
45 -13.525115967 -0.000007629 0.000003815 -0.058318294 -0.252190243 0.290184579
46 -11.953041077 -0.000022888 0 0.070058745 -0.076197594 -0.060156974
47 -8.290393829 0 0.000015259 0.108928051 0.124678707 -0.070645052
48 -7.875 0 0 0.011078091 0.183410705 -0.202864197
49 -8.785785675 0.000030518 -0.000007629 0.036957119 0.217570334 -0.23212123
50 -8.903717041 0.000015259 0.000001907 0.162558631 -0.211931629 0.115054981
51 7.146957397 -16.26625061 -9.195617676 -1.594435862 0.362965226 -2.75698367
52 13.525115967 0.000007629 0.000007629 -0.086950506 -0.066310514 -0.104012155
53 11.953033447 0.000007629 0 0.102842246 0.163466025 -0.073975276
54 8.290390015 0.000007629 0 0.125545425 0.256664954 -0.025376485
55 7.875 -0.000015259 0.000015259 0.031898287 0.230278306 -0.048110609
56 8.785797119 -0.000030518 0.000001907 0.084258123 0.195343493 -0.019344575
57 8.90372467 -0.000003815 -0.000007629 -0.39020363 0.321075214 0.164042265
58 -5.36730957 8.366909027 8.703121185 1.803186196 -0.737006733 3.11686785
59 13.525123596 0 0 -0.296468905 -0.078299246 -0.169078084
60 -3.441879272 -10.792387962 9.377009392 1.739909502 -0.849509286 -3.046305745
61 13.525131226 0 0.000003815 -0.416962267 0.110129436 -0.536900149
62 11.953048706 0.000015259 0 0.210144051 -0.088047655 -0.486513875
63 8.290374756 0.000003815 0 0.121973413 -0.084852349 0.132980875
64 7.875 -0.000034332 0 0.075362095 -0.013422595 0.232730008
65 19.39491272 -14.052387238 -0.467090607 -1.418778764 -0.756956859 -0.093602963
66 26.240768433 0.000015259 -0.000001907 -0.007687951 -0.300721187 0.53649949
67 31.971008301 0.000007629 0 -1.678648368 0.467889424 -0.13378373
68 4.627258301 -2.311302185 4.185630798 -0.021512477 -0.254658869 -0.451859094
69 2.980117798 0 -0.000000954 -0.040823197 0.14004721 0.242069561
70 1.982421875 0.000019073 0.000019073 0.001822187 0.301463179 0.041313792
71 10.844894409 -1.281569481 -1.331680298 0.003154845 -0.01855101 -1.502721343
72 3.98828125 0 0.000041962 0.024656551 0.116612118 -1.30426207
73 2.26953125 -0.000007629 -0.000011444 0.010246566 0.020303916 -1.235445909
74 10.908889771 -1.23739624 0.829597473 -0.003109352 -0.01605034 -0.895852925
75 3.989456177 0 0.000049591 -0.026019839 0.050783303 -0.636960393
76 3.478284836 -0.000030518 -0.000007629 0.025346404 -0.11085993 -0.737210855
77 10.291915894 -1.202157974 -3.34413147 0.018038834 -0.023865117 -1.537453755
78 2.757152557 0 0.000022888 -0.269907553 -0.095587855 -1.29157427
79 1.775390625 0 -0.000022888 0.198076059 0.357239486 -1.30316968
80 10.971908569 -1.193932533 2.957344055 -0.014265529 -0.004860461 -1.002109965
81 3.82421875 -0.000030518 0.000038147 -0.000596317 0.002170439 -0.689801398
82 2.94140625 0 0 0.003950255 0.00698882 -0.847183373
83 0 0.000009537 0.000007629 -0.281161032 -0.158281714 -1.026998567
84 19.394897461 13.160596848 -0.467079163 1.401209606 1.024975721 -3.104238507
85 -26.240768433 0.000030518 0.000001907 0.323969435 -0.404134518 0.394902968
86 -31.97102356 0 -0.000015259 -1.81792558 0.01103903 0.008162281
87 -11.614593506 3.933109283 0.069389343 1.720533477 1.395162973 1.933670481
88 -10.48449707 1.069202423 3.539878845 -3.131584703 0.028220486 2.411526648
89 2.757156372 0.000015259 0.000019073 -0.011712134 0.035128624 1.019560794
90 1.775390625 0 -0.000030518 -0.204499622 -0.298392802 0.873982333
91 -11.046478271 1.142410278 1.529701233 -3.130487012 0.018259081 2.114134707
92 3.98828125 0.000030518 0.000041962 0.004872241 -0.009924216 1.610032301
93 2.26953125 0.000007629 0.000007629 -0.076539319 -0.095407065 1.438172442
94 -11.192642212 1.041530609 -2.758430481 -3.117466097 -0.002180357 2.477429666
95 3.82421875 0.000030518 0.000041962 0.00053161 0.002187187 1.610324685
96 8.785766602 -0.000030518 -0.000003815 0.028889808 0.206538207 -0.655495889
97 2.94140625 0.000015259 -0.000015259 -0.004550553 0.006091757 1.767588569
98 -11.120147705 1.091533661 -0.631126404 -3.128907678 0.018357161 2.400346066
99 3.989395142 0.000015259 0.000038147 0.021444626 0.041947477 1.751021405
100 3.478317261 0.000030518 -0.000015259 -0.001306817 0.004312204 1.848998194
101 -4.853607178 2.155090332 -4.018516541 3.123057975 0.125574955 2.46129872
102 2.980133057 0 0.000019073 0.038574713 -0.163808097 -0.240289671
103 1.982421875 -0.000015259 0.00003624 0 0 -0.040571652
104 0 -0.000015259 -0.000015259 -0.01786834 -0.032037725 -0.918099438
105 7.08984375 0 0 3.141592654 -0.174494806 3.141592654
106 7.528244019 8.168074608 -1.232803345 2.885017799 0.303466685 3.108838628
107 -54.911254883 -0.649675369 -0.176704407 1.856728718 0.785609017 0.048036467
108 -61.183185577 0.000005722 -0.000001907 0.174037262 0.013709953 -0.309466751
109 8.588668823 0 1.514417648 0 0 0
110 4.260528564 -21.349500656 -3.218471527 -0.229646484 -0.146054022 -0.303432411
111 15.606674194 0 -0.00001049 0.000038959 -0.001553212 -0.050155333
112 15.853752136 0 -0.000006676 0.000311615 -0.012685994 -0.076326044
113 15.151866913 0 0.000000954 -0.001074464 -0.022250279 0.049997655
114 11.149963379 0.000015259 -0.000007153 -0.040082832 0.120800773 -0.029237533
115 1.725112915 -0.142127961 11.160657883 -2.019105011 -0.695607809 0.137591666
116 15.606689453 0 -0.000001907 -0.000012875 -0.00103572 0.024859868
117 15.853736877 0 -0.000003815 -0.000044809 -0.008372628 0.010703606
118 15.151851654 -0.000007629 0 -0.000704514 -0.014747518 0.048693977
119 11.149967194 0 0 -0.004405233 0.001667874 0.242797748
120 6.67868042 -0.142132968 -16.932609558 1.571106218 -0.034669705 3.141587281
121 -15.606674194 0.000007629 -0.00000003 0 0 0.015623492
122 -15.853752136 0.000003815 0.00000599 0 0 -0.061985345
123 -15.151847839 0.000001907 0 0 0 -0.078482062
124 -11.14994812 0 0.00000602 0 0 0.081764736
125 2.507659912 15.939216614 6.722545624 -1.789671757 0.255676781 -2.869102546
126 -15.606681824 0.000003815 0 0.009432445 0.047476239 -0.017303705
127 -15.853759766 0 0.000007629 0.018649502 -0.02669159 0.065199529
128 -15.15184021 0 0.000015259 -0.004727655 0.030427494 -0.060941847
129 -11.14995575 -0.000005722 0.000007629 0.01299221 0.10724761 -0.197494444
130 2.507629395 -17.075351715 6.722560883 -1.394725005 -0.44812799 -0.316868681
131 15.606674194 0 0 0.009473414 0.040725172 -0.01387989
132 15.853744507 0 0.000011444 0.016204494 -0.079578283 0.092514777
133 15.151855469 0 0.000003815 -0.006309348 -0.061675962 -0.011031998
134 11.149967194 0 -0.000019073 0.05088976 -0.113244038 0.07765244
135 5.8931427 15.939212799 -12.47754097 3.060441594 0.13907538 0.286958964
136 15.606674194 0 0.000024796 0.00960361 0.04797726 -0.013584501
137 15.853744507 -0.000007629 -0.000009537 0.018211104 -0.022381293 0.094703786
138 15.151855469 0 0 -0.004490642 0.038738971 -0.008979336
139 11.14994812 0 -0.000003815 0.035401214 0.06395871 0.093067358
140 5.893157959 -17.075357437 -12.477553368 1.665114988 0.046168712 2.945850245
141 -15.606643677 0 0.000007629 0.009215909 0.04627681 -0.019645422
142 -15.853729248 0 -0.000011444 0.018840464 -0.036190236 0.046888508
143 -15.15184021 -0.000003815 0 -0.004409739 0.013102696 -0.092682108
144 -11.14994812 -0.000005722 -0.000007629 -0.271235576 -0.11581174 -0.002329874
145 4.260498047 20.773923874 -3.218486786 0.023101859 -0.035501231 -2.90636479
146 -15.606689453 0.000007629 0.000000954 0.000042044 0.002848142 0.029521491
147 -15.853744507 0.000007629 0 -0.000886075 0.022857922 -0.092580775
148 -15.151832581 -0.000003815 0.000001907 -0.000505118 0.040144325 0.013544422
149 -11.149971008 0 -0.000001907 -0.01022957 0.299857428 -0.226108714
150 7.528259277 -8.043748856 -1.232804298 -0.653604446 -0.226792034 0.150327416
151 54.911224365 0.649678707 0.176696777 1.571141194 0.649263053 0.091400882
152 61.183162689 -0.000007629 0.000000238 0.542701548 0.211647802 0.109075119
153 -0.364088595 36.477970123 12.189170837 0.340633688 -0.000040147 0.000233438
154 -0.364086866 -2.758006096 4.994803905 0 0 0.000244115
155 -0.364086866 -2.758006096 4.994803905 0 0 0.000244115
156 -0.364086866 -2.758006096 4.994803905 0 0 0.000244115
157 -0.364086866 -2.758006096 4.994803905 0 0 0.000244115
158 -0.364086866 -2.758006096 4.994803905 0 0 0.000244115
159 -0.364086866 -2.758006096 4.994803905 0 0 0.000244115
160 -0.364086866 -2.758006096 4.994803905 0 0 0.000244115
161 -0.364086866 -2.758006096 4.994803905 0 0 0.000244115
162 -0.498048782 -4.95163393 0.510848999 0 0 0.000244115
163 -0.364086866 -2.758006096 4.994803905 0 0 0.000244115
time 24
0 -0.364086866 -2.758006096 4.994803905 0 0 0.000244115
1 -0.355918914 -24.813129425 6.705984178 3.141592654 -1.497890235 1.570796489
2 130.809036255 0 0.000001907 0 0 0
3 6.662033081 -0.142129987 2.521337509 2.93088364 -0.190273848 -0.011382371
4 24.360946655 -0.000000954 0.000019073 0.10792569 -0.021553803 0.027710215
5 24.806411743 -0.000006676 0.765964508 -0.834961108 -0.344067487 0.13280885
6 8.120300293 -0.000001907 0 0.878961621 0.160260258 -0.144032846
7 8.120300293 -0.000000954 0 3.141592654 -1.17489882 3.141592654
8 8.120300293 -0.000000954 0 -0.216192487 -1.369859591 0.175150136
9 5.115219116 7.517076492 -23.079305649 1.501763517 -0.35837646 0.015053389
10 -13.525115967 0 0 0.015944805 0.073937234 -0.158947732
11 -11.953033447 -0.000022888 0 0.021514444 -0.047875208 -0.079283467
12 -8.290390015 -0.000015259 -0.000000954 0.079712621 -0.072002221 -0.240539884
13 -7.875 0.000030518 0 0.02575655 0.032631265 -0.046205031
14 -8.785766602 0.000032425 0.000001907 0.165922677 -0.000219125 0.017218312
15 -8.903717041 0.000011444 -0.000007629 0.327982297 0.037887549 0.442256455
16 5.903442383 12.714838982 -17.693174362 1.370188491 -0.37922568 -0.02939746
17 -13.525131226 0.000007629 0 -0.004375692 0.083741923 -0.145537325
18 -11.953063965 0 0 0.049936409 -0.044742378 -0.080508071
19 -8.290390015 0.000007629 0 0.068017724 0.016676399 -0.081074645
20 -7.875 0.000030518 -0.000011444 0.005666451 0.058799609 -0.118986554
21 -8.78578186 0.000038147 -0.000001907 0.118230836 0.081374409 0.001703341
22 -8.903717041 0 -0.000001431 0.242266841 -0.191441687 0.36051377
23 5.115203857 -7.603523731 -23.079328537 -1.554662073 0.381674365 -2.887288286
24 13.525100708 -0.000015259 0 0.026963279 -0.043027038 -0.161787322
25 11.953048706 0.000007629 0.000007629 0.116161529 0.063402577 -0.072455703
26 8.290359497 -0.000015259 -0.000007629 0.139921885 0.07061203 -0.234414267
27 7.875 -0.000022888 0.000003815 0.069109424 0.139592998 -0.039152236
28 8.785797119 -0.000038147 0 0.132868156 0.054799084 0.04787231
29 8.903717041 0.000011444 0.000003815 -0.237106732 0.44042397 0.261609227
30 5.903427124 -12.801288605 -17.69320488 -1.598720893 0.442583503 -2.77991415
31 13.525115967 0 0 -0.004929594 0.004000878 -0.168787564
32 11.953048706 0.000015259 -0.000007629 0.112677541 0.09714488 -0.081792693
33 8.290390015 0 -0.000007629 0.109663927 0.169564094 -0.081450187
34 7.875 -0.000015259 0.000007629 0.028784716 0.174288634 -0.110455826
35 8.785797119 -0.000030518 0 0.123385863 0.113059218 0.048744687
36 8.9037323 -0.000003815 0 -0.292676417 0.416568362 0.22968523
37 4.435455322 0.000126362 -25.179960251 -3.117617043 0.363008552 -3.024970545
38 14.171035767 0.000020981 1.280685425 -0.039093689 0.044395811 -0.0529457
39 10.9765625 0.000011444 0.352539063 0.018532136 0.191652459 0.056507424
40 8.120315552 -0.000007629 -0.000015259 0.005458505 0.151620213 0.072972574
41 8.120285034 -0.000003815 -0.000030518 -0.020610886 -0.007950532 0.05809846
42 8.120330811 0.000001431 -0.000015259 -0.016599578 0.119105661 0.000047928
43 8.120346069 -0.000003815 0.000068665 -0.477040233 -0.23129885 0.171052717
44 7.146972656 16.179798126 -9.195619583 1.376844409 -0.303705466 -0.072871366
45 -13.525115967 -0.000007629 0.000003815 -0.058318294 -0.252190243 0.290184579
46 -11.953041077 -0.000022888 0 0.068753717 -0.087223007 -0.044413988
47 -8.290393829 0 0.000015259 0.111071381 0.120087056 -0.060188001
48 -7.875 0 0 0.011956508 0.191369623 -0.215368716
49 -8.785785675 0.000030518 -0.000007629 0.033315727 0.234976832 -0.273561089
50 -8.903717041 0.000015259 0.000001907 0.162558631 -0.211931629 0.115054981
51 7.146957397 -16.26625061 -9.195617676 -1.594435862 0.362965226 -2.75698367
52 13.525115967 0.000007629 0.000007629 -0.08751595 -0.073882619 -0.09666441
53 11.953033447 0.000007629 0 0.104040444 0.158442281 -0.068485745
54 8.290390015 0.000007629 0 0.127338523 0.267292862 -0.029898111
55 7.875 -0.000015259 0.000015259 0.03146176 0.250672848 -0.068791812
56 8.785797119 -0.000030518 0.000001907 0.079495915 0.214233007 -0.049145243
57 8.90372467 -0.000003815 -0.000007629 -0.39020363 0.321075214 0.164042265
58 -5.36730957 8.366909027 8.703121185 1.803593251 -0.74526088 3.116232439
59 13.525123596 0 0 -0.296468905 -0.078299246 -0.169078084
60 -3.441879272 -10.792387962 9.377009392 1.738475189 -0.859214666 -3.044307238
61 13.525131226 0 0.000003815 -0.415598433 0.11427246 -0.53777214
62 11.953048706 0.000015259 0 0.212612348 -0.084075787 -0.50573787
63 8.290374756 0.000003815 0 0.123604051 -0.091073239 0.109390462
64 7.875 -0.000034332 0 0.075902846 -0.024059281 0.227379596
65 19.39491272 -14.052387238 -0.467090607 -1.409590503 -0.758620513 -0.100746746
66 26.240768433 0.000015259 -0.000001907 -0.007654334 -0.303539186 0.536532513
67 31.971008301 0.000007629 0 -1.678648368 0.467889424 -0.13378373
68 4.627258301 -2.311302185 4.185630798 -0.021512477 -0.254658869 -0.451859094
69 2.980117798 0 -0.000000954 -0.040823197 0.14004721 0.242069561
70 1.982421875 0.000019073 0.000019073 0.001822187 0.301463179 0.041313792
71 10.844894409 -1.281569481 -1.331680298 0.003154845 -0.01855101 -1.502721343
72 3.98828125 0 0.000041962 0.024656551 0.116612118 -1.30426207
73 2.26953125 -0.000007629 -0.000011444 0.010246566 0.020303916 -1.235445909
74 10.908889771 -1.23739624 0.829597473 -0.003109352 -0.01605034 -0.895852925
75 3.989456177 0 0.000049591 -0.026019839 0.050783303 -0.636960393
76 3.478284836 -0.000030518 -0.000007629 0.025346404 -0.11085993 -0.737210855
77 10.291915894 -1.202157974 -3.34413147 0.018038834 -0.023865117 -1.537453755
78 2.757152557 0 0.000022888 -0.269907553 -0.095587855 -1.29157427
79 1.775390625 0 -0.000022888 0.198076059 0.357239486 -1.30316968
80 10.971908569 -1.193932533 2.957344055 -0.014265529 -0.004860461 -1.002109965
81 3.82421875 -0.000030518 0.000038147 -0.000596317 0.002170439 -0.689801398
82 2.94140625 0 0 0.003950255 0.00698882 -0.847183373
83 0 0.000009537 0.000007629 -0.281161032 -0.158281714 -1.026998567
84 19.394897461 13.160596848 -0.467079163 1.401209606 1.024975721 -3.104238507
85 -26.240768433 0.000030518 0.000001907 0.323969435 -0.404134518 0.394902968
86 -31.97102356 0 -0.000015259 -1.81792558 0.01103903 0.008162281
87 -11.614593506 3.933109283 0.069389343 1.720533477 1.395162973 1.933670481
88 -10.48449707 1.069202423 3.539878845 -3.131584703 0.028220486 2.411526648
89 2.757156372 0.000015259 0.000019073 -0.011712134 0.035128624 1.019560794
90 1.775390625 0 -0.000030518 -0.204499622 -0.298392802 0.873982333
91 -11.046478271 1.142410278 1.529701233 -3.130487012 0.018259081 2.114134707
92 3.98828125 0.000030518 0.000041962 0.004872241 -0.009924216 1.610032301
93 2.26953125 0.000007629 0.000007629 -0.076539319 -0.095407065 1.438172442
94 -11.192642212 1.041530609 -2.758430481 -3.117466097 -0.002180357 2.477429666
95 3.82421875 0.000030518 0.000041962 0.00053161 0.002187187 1.610324685
96 8.785766602 -0.000030518 -0.000003815 0.028889808 0.206538207 -0.655495889
97 2.94140625 0.000015259 -0.000015259 -0.004550553 0.006091757 1.767588569
98 -11.120147705 1.091533661 -0.631126404 -3.128907678 0.018357161 2.400346066
99 3.989395142 0.000015259 0.000038147 0.021444626 0.041947477 1.751021405
100 3.478317261 0.000030518 -0.000015259 -0.001306817 0.004312204 1.848998194
101 -4.853607178 2.155090332 -4.018516541 3.123057975 0.125574955 2.46129872
102 2.980133057 0 0.000019073 0.038574713 -0.163808097 -0.240289671
103 1.982421875 -0.000015259 0.00003624 0 0 -0.040571652
104 0 -0.000015259 -0.000015259 -0.01786834 -0.032037725 -0.918099438
105 7.08984375 0 0 3.141592654 -0.174494806 3.141592654
106 7.528244019 8.168074608 -1.232803345 2.885017799 0.303466685 3.108838628
107 -54.911254883 -0.649675369 -0.176704407 1.856728718 0.785609017 0.048036467
108 -61.183185577 0.000005722 -0.000001907 0.174037262 0.013709953 -0.309466751
109 8.588668823 0 1.514417648 0 0 0
110 4.260528564 -21.349500656 -3.218471527 -0.229646484 -0.146054022 -0.303432411
111 15.606674194 0 -0.00001049 -0.000002354 0.000086284 -0.054558947
112 15.853752136 0 -0.000006676 0.000468245 -0.011643416 -0.08038662
113 15.151866913 0 0.000000954 -0.000952344 -0.023461915 0.051724227
114 11.149963379 0.000015259 -0.000007153 -0.040082832 0.120800773 -0.029237533
115 1.725112915 -0.142127961 11.160657883 -2.019105011 -0.695607809 0.137591666
116 15.606689453 0 -0.000001907 0 0 0.018817331
117 15.853736877 0 -0.000003815 -0.000022293 -0.007595859 0.005869676
118 15.151851654 -0.000007629 0 -0.000753842 -0.015609113 0.052321392
119 11.149967194 0 0 -0.004405233 0.001667874 0.242797748
120 6.67868042 -0.142132968 -16.932609558 1.571106218 -0.034669705 3.141587281
121 -15.606674194 0.000007629 -0.00000003 0 0 0.018817327
122 -15.853752136 0.000003815 0.00000599 0 0 -0.060171851
123 -15.151847839 0.000001907 0 0 0 -0.082196677
124 -11.14994812 0 0.00000602 0 0 0.081764736
125 2.507659912 15.939216614 6.722545624 -1.789671757 0.255676781 -2.869102546
126 -15.606681824 0.000003815 0 0.009448799 0.0446288 -0.01766157
127 -15.853759766 0 0.000007629 0.018723859 -0.029463707 0.065778513
128 -15.15184021 0 0.000015259 -0.004861563 0.031891317 -0.061120883
129 -11.14995575 -0.000005722 0.000007629 0.01299221 0.10724761 -0.197494444
130 2.507629395 -17.075351715 6.722560883 -1.394725005 -0.44812799 -0.316868681
131 15.606674194 0 0 0.00935706 0.044801512 -0.017835525
132 15.853744507 0 0.000011444 0.016257804 -0.07783587 0.090967073
133 15.151855469 0 0.000003815 -0.006117863 -0.065379824 -0.008349928
134 11.149967194 0 -0.000019073 0.05088976 -0.113244038 0.07765244
135 5.8931427 15.939212799 -12.47754097 3.060441594 0.13907538 0.286958964
136 15.606674194 0 0.000024796 0.009362421 0.044628039 -0.017663497
137 15.853744507 -0.000007629 -0.000009537 0.018522318 -0.025486553 0.092599292
138 15.151855469 0 0 -0.004441694 0.04073099 -0.00613392
139 11.14994812 0 -0.000003815 0.035401214 0.06395871 0.093067358
140 5.893157959 -17.075357437 -12.477553368 1.665114988 0.046168712 2.945850245
141 -15.606643677 0 0.000007629 0.009367752 0.044454562 -0.017491476
142 -15.853729248 0 -0.000011444 0.0187505 -0.038111631 0.049291058
143 -15.15184021 -0.000003815 0 -0.004586065 0.013005702 -0.09389281
144 -11.14994812 -0.000005722 -0.000007629 -0.271235576 -0.11581174 -0.002329874
145 4.260498047 20.773923874 -3.218486786 0.023101859 -0.035501231 -2.90636479
146 -15.606689453 0.000007629 0.000000954 0.000083451 -0.000174036 0.033060811
147 -15.853744507 0.000007629 0 -0.000941657 0.020694981 -0.090937474
148 -15.151832581 -0.000003815 0.000001907 -0.000456175 0.042474199 0.011041404
149 -11.149971008 0 -0.000001907 -0.01022957 0.299857428 -0.226108714
150 7.528259277 -8.043748856 -1.232804298 -0.653604446 -0.226792034 0.150327416
151 54.911224365 0.649678707 0.176696777 1.571141194 0.649263053 0.091400882
152 61.183162689 -0.000007629 0.000000238 0.542701548 0.211647802 0.109075119
153 -0.364088595 36.477970123 12.189170837 0.340633688 -0.000040147 0.000233438
154 -0.364086866 -2.758006096 4.994803905 0 0 0.000244115
155 -0.364086866 -2.758006096 4.994803905 0 0 0.000244115
156 -0.364086866 -2.758006096 4.994803905 0 0 0.000244115
157 -0.364086866 -2.758006096 4.994803905 0 0 0.000244115
158 -0.364086866 -2.758006096 4.994803905 0 0 0.000244115
159 -0.364086866 -2.758006096 4.994803905 0 0 0.000244115
160 -0.364086866 -2.758006096 4.994803905 0 0 0.000244115
161 -0.364086866 -2.758006096 4.994803905 0 0 0.000244115
162 -0.498048782 -4.95163393 0.510848999 0 0 0.000244115
163 -0.364086866 -2.758006096 4.994803905 0 0 0.000244115
time 25
0 -0.364086866 -2.758006096 4.994803905 0 0 0.000244115
1 -0.355918914 -24.813129425 6.645919897 3.141592654 -1.497890235 1.570796489
2 130.809036255 0 0.000001907 0 0 0
3 6.662033081 -0.142129987 2.521337509 2.93088364 -0.190273848 -0.011382371
4 24.360946655 -0.000000954 0.000019073 0.10792569 -0.021553803 0.027710215
5 24.806411743 -0.000006676 0.765964508 -0.834961108 -0.344067487 0.13280885
6 8.120300293 -0.000001907 0 0.878961621 0.160260258 -0.144032846
7 8.120300293 -0.000000954 0 3.141592654 -1.17489882 3.141592654
8 8.120300293 -0.000000954 0 -0.216192487 -1.369859591 0.175150136
9 5.115219116 7.517076492 -23.079305649 1.501763517 -0.35837646 0.015053389
10 -13.525115967 0 0 0.016196606 0.074187575 -0.156251144
11 -11.953033447 -0.000022888 0 0.021381814 -0.047987092 -0.077207657
12 -8.290390015 -0.000015259 -0.000000954 0.079662466 -0.073183292 -0.244246873
13 -7.875 0.000030518 0 0.025497684 0.031342505 -0.053738627
14 -8.785766602 0.000032425 0.000001907 0.16591615 -0.000872801 0.009455065
15 -8.903717041 0.000011444 -0.000007629 0.327982297 0.037887549 0.442256455
16 5.903442383 12.714838982 -17.693174362 1.370188491 -0.37922568 -0.02939746
17 -13.525131226 0.000007629 0 -0.004132239 0.083237227 -0.142666193
18 -11.953063965 0 0 0.049751729 -0.045753878 -0.078282601
19 -8.290390015 0.000007629 0 0.067920486 0.016573842 -0.083239861
20 -7.875 0.000030518 -0.000011444 0.005360695 0.060027766 -0.126781169
21 -8.78578186 0.000038147 -0.000001907 0.117654483 0.083856969 -0.008126302
22 -8.903717041 0 -0.000001431 0.242266841 -0.191441687 0.36051377
23 5.115203857 -7.603523731 -23.079328537 -1.554662073 0.381674365 -2.887288286
24 13.525100708 -0.000015259 0 0.026879643 -0.044973618 -0.158869903
25 11.953048706 0.000007629 0.000007629 0.11635978 0.062144941 -0.07009782
26 8.290359497 -0.000015259 -0.000007629 0.139479783 0.072050846 -0.238082084
27 7.875 -0.000022888 0.000003815 0.068503856 0.143017285 -0.048089432
28 8.785797119 -0.000038147 0 0.132390867 0.057966568 0.038029707
29 8.903717041 0.000011444 0.000003815 -0.237106732 0.44042397 0.261609227
30 5.903427124 -12.801288605 -17.69320488 -1.598720893 0.442583503 -2.77991415
31 13.525115967 0 0 -0.004974351 0.001492317 -0.165749439
32 11.953048706 0.000015259 -0.000007629 0.113033172 0.095367349 -0.07927431
33 8.290390015 0 -0.000007629 0.109971938 0.172407015 -0.083797068
34 7.875 -0.000015259 0.000007629 0.028331284 0.180170873 -0.119731158
35 8.785797119 -0.000030518 0 0.122297426 0.118827918 0.036739264
36 8.9037323 -0.000003815 0 -0.292676417 0.416568362 0.22968523
37 4.435455322 0.000126362 -25.179960251 -3.117617043 0.363008552 -3.024970545
38 14.171035767 0.000020981 1.280685425 -0.039180638 0.040399979 -0.053990098
39 10.9765625 0.000011444 0.352539063 0.01849731 0.189836351 0.05578842
40 8.120315552 -0.000007629 -0.000015259 0.005816414 0.155765486 0.074496356
41 8.120285034 -0.000003815 -0.000030518 -0.02026464 0.000967534 0.061374196
42 8.120330811 0.000001431 -0.000015259 -0.016292064 0.130204446 0.003522484
43 8.120346069 -0.000003815 0.000068665 -0.477040233 -0.23129885 0.171052717
44 7.146972656 16.179798126 -9.195619583 1.376844409 -0.303705466 -0.072871366
45 -13.525115967 -0.000007629 0.000003815 -0.058318294 -0.252190243 0.290184579
46 -11.953041077 -0.000022888 0 0.068207842 -0.09177747 -0.03780472
47 -8.290393829 0 0.000015259 0.111906615 0.118034173 -0.055658176
48 -7.875 0 0 0.01235639 0.194549205 -0.220317535
49 -8.785785675 0.000030518 -0.000007629 0.031785424 0.242175136 -0.290700134
50 -8.903717041 0.000015259 0.000001907 0.162558631 -0.211931629 0.115054981
51 7.146957397 -16.26625061 -9.195617676 -1.594435862 0.362965226 -2.75698367
52 13.525115967 0.000007629 0.000007629 -0.08774093 -0.076959513 -0.09367033
53 11.953033447 0.000007629 0 0.104540642 0.156254794 -0.066212945
54 8.290390015 0.000007629 0 0.128137503 0.271609498 -0.031531501
55 7.875 -0.000015259 0.000015259 0.03137254 0.259205579 -0.077418986
56 8.785797119 -0.000030518 0.000001907 0.077589994 0.222354836 -0.0617515
57 8.90372467 -0.000003815 -0.000007629 -0.39020363 0.321075214 0.164042265
58 -5.36730957 8.366909027 8.703121185 1.803924373 -0.748659938 3.115819696
59 13.525123596 0 0 -0.296468905 -0.078299246 -0.169078084
60 -3.441879272 -10.792387962 9.377009392 1.737837324 -0.863216737 -3.043518891
61 13.525131226 0 0.000003815 -0.415059766 0.116110972 -0.538033853
62 11.953048706 0.000015259 0 0.213593281 -0.08235876 -0.513495729
63 8.290374756 0.000003815 0 0.124251494 -0.093672858 0.099409776
64 7.875 -0.000034332 0 0.07610959 -0.028587693 0.224777839
65 19.39491272 -14.052387238 -0.467090607 -1.399858769 -0.761089934 -0.108023499
66 26.240768433 0.000015259 -0.000001907 -0.00766975 -0.306526177 0.536581985
67 31.971008301 0.000007629 0 -1.678648368 0.467889424 -0.13378373
68 4.627258301 -2.311302185 4.185630798 -0.021512477 -0.254658869 -0.451859094
69 2.980117798 0 -0.000000954 -0.040823197 0.14004721 0.242069561
70 1.982421875 0.000019073 0.000019073 0.001822187 0.301463179 0.041313792
71 10.844894409 -1.281569481 -1.331680298 0.003154845 -0.01855101 -1.502721343
72 3.98828125 0 0.000041962 0.024656551 0.116612118 -1.30426207
73 2.26953125 -0.000007629 -0.000011444 0.010246566 0.020303916 -1.235445909
74 10.908889771 -1.23739624 0.829597473 -0.003109352 -0.01605034 -0.895852925
75 3.989456177 0 0.000049591 -0.026019839 0.050783303 -0.636960393
76 3.478284836 -0.000030518 -0.000007629 0.025346404 -0.11085993 -0.737210855
77 10.291915894 -1.202157974 -3.34413147 0.018038834 -0.023865117 -1.537453755
78 2.757152557 0 0.000022888 -0.269907553 -0.095587855 -1.29157427
79 1.775390625 0 -0.000022888 0.198076059 0.357239486 -1.30316968
80 10.971908569 -1.193932533 2.957344055 -0.014265529 -0.004860461 -1.002109965
81 3.82421875 -0.000030518 0.000038147 -0.000596317 0.002170439 -0.689801398
82 2.94140625 0 0 0.003950255 0.00698882 -0.847183373
83 0 0.000009537 0.000007629 -0.281161032 -0.158281714 -1.026998567
84 19.394897461 13.160596848 -0.467079163 1.401209606 1.024975721 -3.104238507
85 -26.240768433 0.000030518 0.000001907 0.323969435 -0.404134518 0.394902968
86 -31.97102356 0 -0.000015259 -1.81792558 0.01103903 0.008162281
87 -11.614593506 3.933109283 0.069389343 1.720533477 1.395162973 1.933670481
88 -10.48449707 1.069202423 3.539878845 -3.131584703 0.028220486 2.411526648
89 2.757156372 0.000015259 0.000019073 -0.011712134 0.035128624 1.019560794
90 1.775390625 0 -0.000030518 -0.204499622 -0.298392802 0.873982333
91 -11.046478271 1.142410278 1.529701233 -3.130487012 0.018259081 2.114134707
92 3.98828125 0.000030518 0.000041962 0.004872241 -0.009924216 1.610032301
93 2.26953125 0.000007629 0.000007629 -0.076539319 -0.095407065 1.438172442
94 -11.192642212 1.041530609 -2.758430481 -3.117466097 -0.002180357 2.477429666
95 3.82421875 0.000030518 0.000041962 0.00053161 0.002187187 1.610324685
96 8.785766602 -0.000030518 -0.000003815 0.028889808 0.206538207 -0.655495889
97 2.94140625 0.000015259 -0.000015259 -0.004550553 0.006091757 1.767588569
98 -11.120147705 1.091533661 -0.631126404 -3.128907678 0.018357161 2.400346066
99 3.989395142 0.000015259 0.000038147 0.021444626 0.041947477 1.751021405
100 3.478317261 0.000030518 -0.000015259 -0.001306817 0.004312204 1.848998194
101 -4.853607178 2.155090332 -4.018516541 3.123057975 0.125574955 2.46129872
102 2.980133057 0 0.000019073 0.038574713 -0.163808097 -0.240289671
103 1.982421875 -0.000015259 0.00003624 0 0 -0.040571652
104 0 -0.000015259 -0.000015259 -0.01786834 -0.032037725 -0.918099438
105 7.08984375 0 0 3.141592654 -0.174494806 3.141592654
106 7.528244019 8.168074608 -1.232803345 2.885017799 0.303466685 3.108838628
107 -54.911254883 -0.649675369 -0.176704407 1.856728718 0.785609017 0.048036467
108 -61.183185577 0.000005722 -0.000001907 0.174037262 0.013709953 -0.309466751
109 8.588668823 0 1.514417648 0 0 0
110 4.260528564 -21.349500656 -3.218471527 -0.229646484 -0.146054022 -0.303432411
111 15.606674194 0 -0.00001049 -0.000021894 0.000776543 -0.056372312
112 15.853752136 0 -0.000006676 0.000457524 -0.011125514 -0.082200499
113 15.151866913 0 0.000000954 -0.00097196 -0.023979428 0.05224298
114 11.149963379 0.000015259 -0.000007153 -0.040082832 0.120800773 -0.029237533
115 1.725112915 -0.142127961 11.160657883 -2.019105011 -0.695607809 0.137591666
116 15.606689453 0 -0.000001907 0.000003502 0.00043157 0.016227724
117 15.853736877 0 -0.000003815 -0.000014566 -0.007336925 0.003970651
118 15.151851654 -0.000007629 0 -0.000683917 -0.01586983 0.053529883
119 11.149967194 0 0 -0.004405233 0.001667874 0.242797748
120 6.67868042 -0.142132968 -16.932609558 1.571106218 -0.034669705 3.141587281
121 -15.606674194 0.000007629 -0.00000003 0 0 0.020284784
122 -15.853752136 0.000003815 0.00000599 0 0 -0.059567358
123 -15.151847839 0.000001907 0 0 0 -0.083578934
124 -11.14994812 0 0.00000602 0 0 0.081764736
125 2.507659912 15.939216614 6.722545624 -1.789671757 0.255676781 -2.869102546
126 -15.606681824 0.000003815 0 0.009455482 0.043420947 -0.017839581
127 -15.853759766 0 0.000007629 0.018768275 -0.030591384 0.066113354
128 -15.15184021 0 0.000015259 -0.004966396 0.032492691 -0.061124354
129 -11.14995575 -0.000005722 0.000007629 0.01299221 0.10724761 -0.197494444
130 2.507629395 -17.075351715 6.722560883 -1.394725005 -0.44812799 -0.316868681
131 15.606674194 0 0 0.009304644 0.046449526 -0.019469919
132 15.853744507 0 0.000011444 0.016326662 -0.076966613 0.090191713
133 15.151855469 0 0.000003815 -0.006060247 -0.066844503 -0.007311181
134 11.149967194 0 -0.000019073 0.05088976 -0.113244038 0.07765244
135 5.8931427 15.939212799 -12.47754097 3.060441594 0.13907538 0.286958964
136 15.606674194 0 0.000024796 0.009337806 0.043168449 -0.019397412
137 15.853744507 -0.000007629 -0.000009537 0.018560506 -0.02677596 0.091723435
138 15.151855469 0 0 -0.004422636 0.041510296 -0.005099272
139 11.14994812 0 -0.000003815 0.035401214 0.06395871 0.093067358
140 5.893157959 -17.075357437 -12.477553368 1.665114988 0.046168712 2.945850245
141 -15.606643677 0 0.000007629 0.009395148 0.043673103 -0.016544629
142 -15.853729248 0 -0.000011444 0.01871482 -0.038896445 0.050148402
143 -15.15184021 -0.000003815 0 -0.004685523 0.013172276 -0.09467164
144 -11.14994812 -0.000005722 -0.000007629 -0.271235576 -0.11581174 -0.002329874
145 4.260498047 20.773923874 -3.218486786 0.023101859 -0.035501231 -2.90636479
146 -15.606689453 0.000007629 0.000000954 0.000062462 -0.001382353 0.034528379
147 -15.853744507 0.000007629 0 -0.000901166 0.019919126 -0.090417884
148 -15.151832581 -0.000003815 0.000001907 -0.000386064 0.043250563 0.010093114
149 -11.149971008 0 -0.000001907 -0.01022957 0.299857428 -0.226108714
150 7.528259277 -8.043748856 -1.232804298 -0.653604446 -0.226792034 0.150327416
151 54.911224365 0.649678707 0.176696777 1.571141194 0.649263053 0.091400882
152 61.183162689 -0.000007629 0.000000238 0.542701548 0.211647802 0.109075119
153 -0.364088595 36.477970123 12.189170837 0.340633688 -0.000040147 0.000233438
154 -0.364086866 -2.758006096 4.994803905 0 0 0.000244115
155 -0.364086866 -2.758006096 4.994803905 0 0 0.000244115
156 -0.364086866 -2.758006096 4.994803905 0 0 0.000244115
157 -0.364086866 -2.758006096 4.994803905 0 0 0.000244115
158 -0.364086866 -2.758006096 4.994803905 0 0 0.000244115
159 -0.364086866 -2.758006096 4.994803905 0 0 0.000244115
160 -0.364086866 -2.758006096 4.994803905 0 0 0.000244115
161 -0.364086866 -2.758006096 4.994803905 0 0 0.000244115
162 -0.498048782 -4.95163393 0.510848999 0 0 0.000244115
163 -0.364086866 -2.758006096 4.994803905 0 0 0.000244115
time 26
0 -0.364086866 -2.758006096 4.994803905 0 0 0.000244115
1 -0.355918914 -24.813129425 6.80972 3.141592654 -1.497890235 1.570796489
2 130.809036255 0 0.000001907 0 0 0
3 6.662033081 -0.142129987 2.521337509 2.93088364 -0.190273848 -0.011382371
4 24.360946655 -0.000000954 0.000019073 0.10792569 -0.021553803 0.027710215
5 24.806411743 -0.000006676 0.765964508 -0.834961108 -0.344067487 0.13280885
6 8.120300293 -0.000001907 0 0.878961621 0.160260258 -0.144032846
7 8.120300293 -0.000000954 0 3.141592654 -1.17489882 3.141592654
8 8.120300293 -0.000000954 0 -0.216192487 -1.369859591 0.175150136
9 5.115219116 7.517076492 -23.079305649 1.501763517 -0.35837646 0.015053389
10 -13.525115967 0 0 0.016491017 0.074512792 -0.15225327
11 -11.953033447 -0.000022888 0 0.021136763 -0.048201063 -0.073920653
12 -8.290390015 -0.000015259 -0.000000954 0.079701194 -0.074761722 -0.248760175
13 -7.875 0.000030518 0 0.025225023 0.029568423 -0.063956231
14 -8.785766602 0.000032425 0.000001907 0.166007938 -0.002222483 -0.002436887
15 -8.903717041 0.000011444 -0.000007629 0.327982297 0.037887549 0.442256455
16 5.903442383 12.714838982 -17.693174362 1.370188491 -0.37922568 -0.02939746
17 -13.525131226 0.000007629 0 -0.003821958 0.082475797 -0.138579121
18 -11.953063965 0 0 0.049464866 -0.047231622 -0.074770087
19 -8.290390015 0.000007629 0 0.067739487 0.016387071 -0.085581442
20 -7.875 0.000030518 -0.000011444 0.004945305 0.061519619 -0.137264924
21 -8.78578186 0.000038147 -0.000001907 0.116666304 0.087311762 -0.022853076
22 -8.903717041 0 -0.000001431 0.242266841 -0.191441687 0.36051377
23 5.115203857 -7.603523731 -23.079328537 -1.554662073 0.381674365 -2.887288286
24 13.525100708 -0.000015259 0 0.026650304 -0.047724309 -0.154748809
25 11.953048706 0.000007629 0.000007629 0.11662288 0.060025891 -0.066316506
26 8.290359497 -0.000015259 -0.000007629 0.138984116 0.073713899 -0.242523759
27 7.875 -0.000022888 0.000003815 0.067610381 0.147669043 -0.060133068
28 8.785797119 -0.000038147 0 0.131654773 0.062690584 0.022914932
29 8.903717041 0.000011444 0.000003815 -0.237106732 0.44042397 0.261609227
30 5.903427124 -12.801288605 -17.69320488 -1.598720893 0.442583503 -2.77991415
31 13.525115967 0 0 -0.00503003 -0.002051987 -0.161323687
32 11.953048706 0.000015259 -0.000007629 0.113404249 0.092463074 -0.075259055
33 8.290390015 0 -0.000007629 0.110430793 0.17577746 -0.086103961
34 7.875 -0.000015259 0.000007629 0.027751053 0.188195284 -0.132054244
35 8.785797119 -0.000030518 0 0.120821866 0.127533543 0.018988798
36 8.9037323 -0.000003815 0 -0.292676417 0.416568362 0.22968523
37 4.435455322 0.000126362 -25.179960251 -3.117617043 0.363008552 -3.024970545
38 14.171035767 0.000020981 1.280685425 -0.039391579 0.034491121 -0.055516269
39 10.9765625 0.000011444 0.352539063 0.018394937 0.186810389 0.054702097
40 8.120315552 -0.000007629 -0.000015259 0.006396259 0.160596057 0.076217874
41 8.120285034 -0.000003815 -0.000030518 -0.019600063 0.013256041 0.065919021
42 8.120330811 0.000001431 -0.000015259 -0.015443627 0.146858472 0.008904056
43 8.120346069 -0.000003815 0.000068665 -0.477040233 -0.23129885 0.171052717
44 7.146972656 16.179798126 -9.195619583 1.376844409 -0.303705466 -0.072871366
45 -13.525115967 -0.000007629 0.000003815 -0.058318294 -0.252190243 0.290184579
46 -11.953041077 -0.000022888 0 0.067269893 -0.098415947 -0.028391136
47 -8.290393829 0 0.000015259 0.113169002 0.114711488 -0.04849112
48 -7.875 0 0 0.013107865 0.198298911 -0.225323936
49 -8.785785675 0.000030518 -0.000007629 0.029890033 0.251609869 -0.312702951
50 -8.903717041 0.000015259 0.000001907 0.162558631 -0.211931629 0.115054981
51 7.146957397 -16.26625061 -9.195617676 -1.594435862 0.362965226 -2.75698367
52 13.525115967 0.000007629 0.000007629 -0.088053337 -0.081448687 -0.089314147
53 11.953033447 0.000007629 0 0.105178251 0.152779348 -0.06252138
54 8.290390015 0.000007629 0 0.129312577 0.276793112 -0.032882075
55 7.875 -0.000015259 0.000015259 0.031253684 0.270856233 -0.08864945
56 8.785797119 -0.000030518 0.000001907 0.075140727 0.234683698 -0.079968662
57 8.90372467 -0.000003815 -0.000007629 -0.39020363 0.321075214 0.164042265
58 -5.36730957 8.366909027 8.703121185 1.804231317 -0.753438643 3.115312262
59 13.525123596 0 0 -0.296468905 -0.078299246 -0.169078084
60 -3.441879272 -10.792387962 9.377009392 1.736856269 -0.868860645 -3.04226075
61 13.525131226 0 0.000003815 -0.414341705 0.118683965 -0.538074595
62 11.953048706 0.000015259 0 0.214879275 -0.079872495 -0.523616191
63 8.290374756 0.000003815 0 0.125350544 -0.096806635 0.085388293
64 7.875 -0.000034332 0 0.076416956 -0.035076233 0.218800793
65 19.39491272 -14.052387238 -0.467090607 -1.389780763 -0.764320496 -0.115168291
66 26.240768433 0.000015259 -0.000001907 -0.007719898 -0.30968265 0.536555484
67 31.971008301 0.000007629 0 -1.678648368 0.467889424 -0.13378373
68 4.627258301 -2.311302185 4.185630798 -0.021512477 -0.254658869 -0.451859094
69 2.980117798 0 -0.000000954 -0.040823197 0.14004721 0.242069561
70 1.982421875 0.000019073 0.000019073 0.001822187 0.301463179 0.041313792
71 10.844894409 -1.281569481 -1.331680298 0.003154845 -0.01855101 -1.502721343
72 3.98828125 0 0.000041962 0.024656551 0.116612118 -1.30426207
73 2.26953125 -0.000007629 -0.000011444 0.010246566 0.020303916 -1.235445909
74 10.908889771 -1.23739624 0.829597473 -0.003109352 -0.01605034 -0.895852925
75 3.989456177 0 0.000049591 -0.026019839 0.050783303 -0.636960393
76 3.478284836 -0.000030518 -0.000007629 0.025346404 -0.11085993 -0.737210855
77 10.291915894 -1.202157974 -3.34413147 0.018038834 -0.023865117 -1.537453755
78 2.757152557 0 0.000022888 -0.269907553 -0.095587855 -1.29157427
79 1.775390625 0 -0.000022888 0.198076059 0.357239486 -1.30316968
80 10.971908569 -1.193932533 2.957344055 -0.014265529 -0.004860461 -1.002109965
81 3.82421875 -0.000030518 0.000038147 -0.000596317 0.002170439 -0.689801398
82 2.94140625 0 0 0.003950255 0.00698882 -0.847183373
83 0 0.000009537 0.000007629 -0.281161032 -0.158281714 -1.026998567
84 19.394897461 13.160596848 -0.467079163 1.401209606 1.024975721 -3.104238507
85 -26.240768433 0.000030518 0.000001907 0.323969435 -0.404134518 0.394902968
86 -31.97102356 0 -0.000015259 -1.81792558 0.01103903 0.008162281
87 -11.614593506 3.933109283 0.069389343 1.720533477 1.395162973 1.933670481
88 -10.48449707 1.069202423 3.539878845 -3.131584703 0.028220486 2.411526648
89 2.757156372 0.000015259 0.000019073 -0.011712134 0.035128624 1.019560794
90 1.775390625 0 -0.000030518 -0.204499622 -0.298392802 0.873982333
91 -11.046478271 1.142410278 1.529701233 -3.130487012 0.018259081 2.114134707
92 3.98828125 0.000030518 0.000041962 0.004872241 -0.009924216 1.610032301
93 2.26953125 0.000007629 0.000007629 -0.076539319 -0.095407065 1.438172442
94 -11.192642212 1.041530609 -2.758430481 -3.117466097 -0.002180357 2.477429666
95 3.82421875 0.000030518 0.000041962 0.00053161 0.002187187 1.610324685
96 8.785766602 -0.000030518 -0.000003815 0.028889808 0.206538207 -0.655495889
97 2.94140625 0.000015259 -0.000015259 -0.004550553 0.006091757 1.767588569
98 -11.120147705 1.091533661 -0.631126404 -3.128907678 0.018357161 2.400346066
99 3.989395142 0.000015259 0.000038147 0.021444626 0.041947477 1.751021405
100 3.478317261 0.000030518 -0.000015259 -0.001306817 0.004312204 1.848998194
101 -4.853607178 2.155090332 -4.018516541 3.123057975 0.125574955 2.46129872
102 2.980133057 0 0.000019073 0.038574713 -0.163808097 -0.240289671
103 1.982421875 -0.000015259 0.00003624 0 0 -0.040571652
104 0 -0.000015259 -0.000015259 -0.01786834 -0.032037725 -0.918099438
105 7.08984375 0 0 3.141592654 -0.174494806 3.141592654
106 7.528244019 8.168074608 -1.232803345 2.885017799 0.303466685 3.108838628
107 -54.911254883 -0.649675369 -0.176704407 1.856728718 0.785609017 0.048036467
108 -61.183185577 0.000005722 -0.000001907 0.174037262 0.013709953 -0.309466751
109 8.588668823 0 1.514417648 0 0 0
110 4.260528564 -21.349500656 -3.218471527 -0.229646484 -0.146054022 -0.303432411
111 15.606674194 0 -0.00001049 -0.000050813 0.001725587 -0.058876588
112 15.853752136 0 -0.000006676 0.000529815 -0.010431285 -0.084965154
113 15.151866913 0 0.000000954 -0.00089799 -0.024413113 0.052328779
114 11.149963379 0.000015259 -0.000007153 -0.040082832 0.120800773 -0.029237533
115 1.725112915 -0.142127961 11.160657883 -2.019105011 -0.695607809 0.137591666
116 15.606689453 0 -0.000001907 0.000006482 0.001035781 0.012516015
117 15.853736877 0 -0.000003815 -0.000003874 -0.006905353 0.001122138
118 15.151851654 -0.000007629 0 -0.000610824 -0.016130771 0.054306601
119 11.149967194 0 0 -0.004405233 0.001667874 0.242797748
120 6.67868042 -0.142132968 -16.932609558 1.571106218 -0.034669705 3.141587281
121 -15.606674194 0.000007629 -0.00000003 0 0 0.02227018
122 -15.853752136 0.000003815 0.00000599 0 0 -0.058531108
123 -15.151847839 0.000001907 0 0 0 -0.085134015
124 -11.14994812 0 0.00000602 0 0 0.081764736
125 2.507659912 15.939216614 6.722545624 -1.789671757 0.255676781 -2.869102546
126 -15.606681824 0.000003815 0 0.009467713 0.041608794 -0.01802023
127 -15.853759766 0 0.000007629 0.018798105 -0.032150466 0.066444579
128 -15.15184021 0 0.000015259 -0.00505676 0.032576123 -0.061212447
129 -11.14995575 -0.000005722 0.000007629 0.01299221 0.10724761 -0.197494444
130 2.507629395 -17.075351715 6.722560883 -1.394725005 -0.44812799 -0.316868681
131 15.606674194 0 0 0.009141252 0.048790056 -0.021708599
132 15.853744507 0 0.000011444 0.01635097 -0.075571497 0.088902758
133 15.151855469 0 0.000003815 -0.005911518 -0.068395893 -0.006448078
134 11.149967194 0 -0.000019073 0.05088976 -0.113244038 0.07765244
135 5.8931427 15.939212799 -12.47754097 3.060441594 0.13907538 0.286958964
136 15.606674194 0 0.000024796 0.009219665 0.041107241 -0.021912913
137 15.853744507 -0.000007629 -0.000009537 0.018750017 -0.028673576 0.090494516
138 15.151855469 0 0 -0.004405279 0.041771207 -0.004236141
139 11.14994812 0 -0.000003815 0.035401214 0.06395871 0.093067358
140 5.893157959 -17.075357437 -12.477553368 1.665114988 0.046168712 2.945850245
141 -15.606643677 0 0.000007629 0.009429299 0.042631416 -0.01533985
142 -15.853729248 0 -0.000011444 0.018661604 -0.039944984 0.051522012
143 -15.15184021 -0.000003815 0 -0.004868359 0.013248016 -0.095623652
144 -11.14994812 -0.000005722 -0.000007629 -0.271235576 -0.11581174 -0.002329874
145 4.260498047 20.773923874 -3.218486786 0.023101859 -0.035501231 -2.90636479
146 -15.606689453 0.000007629 0.000000954 0.000027722 -0.003194766 0.036686677
147 -15.853744507 0.000007629 0 -0.000923878 0.018708411 -0.089466538
148 -15.151832581 -0.000003815 0.000001907 -0.000399262 0.044027434 0.009315711
149 -11.149971008 0 -0.000001907 -0.01022957 0.299857428 -0.226108714
150 7.528259277 -8.043748856 -1.232804298 -0.653604446 -0.226792034 0.150327416
151 54.911224365 0.649678707 0.176696777 1.571141194 0.649263053 0.091400882
152 61.183162689 -0.000007629 0.000000238 0.542701548 0.211647802 0.109075119
153 -0.364088595 36.477970123 12.189170837 0.340633688 -0.000040147 0.000233438
154 -0.364086866 -2.758006096 4.994803905 0 0 0.000244115
155 -0.364086866 -2.758006096 4.994803905 0 0 0.000244115
156 -0.364086866 -2.758006096 4.994803905 0 0 0.000244115
157 -0.364086866 -2.758006096 4.994803905 0 0 0.000244115
158 -0.364086866 -2.758006096 4.994803905 0 0 0.000244115
159 -0.364086866 -2.758006096 4.994803905 0 0 0.000244115
160 -0.364086866 -2.758006096 4.994803905 0 0 0.000244115
161 -0.364086866 -2.758006096 4.994803905 0 0 0.000244115
162 -0.498048782 -4.95163393 0.510848999 0 0 0.000244115
163 -0.364086866 -2.758006096 4.994803905 0 0 0.000244115
time 27
0 -0.364086866 -2.758006096 4.994803905 0 0 0.000244115
1 -0.355918914 -24.813129425 7.270646605 3.141592654 -1.497890235 1.570796489
2 130.809036255 0 0.000001907 0 0 0
3 6.662033081 -0.142129987 2.521337509 2.93088364 -0.190273848 -0.011382371
4 24.360946655 -0.000000954 0.000019073 0.10792569 -0.021553803 0.027710215
5 24.806411743 -0.000006676 0.765964508 -0.834961108 -0.344067487 0.13280885
6 8.120300293 -0.000001907 0 0.878961621 0.160260258 -0.144032846
7 8.120300293 -0.000000954 0 3.141592654 -1.17489882 3.141592654
8 8.120300293 -0.000000954 0 -0.216192487 -1.369859591 0.175150136
9 5.115219116 7.517076492 -23.079305649 1.501763517 -0.35837646 0.015053389
10 -13.525115967 0 0 0.017520246 0.075816506 -0.13826325
11 -11.953033447 -0.000022888 0 0.020329608 -0.048779877 -0.061379904
12 -8.290390015 -0.000015259 -0.000000954 0.079562131 -0.080204309 -0.263202816
13 -7.875 0.000030518 0 0.02417935 0.023312592 -0.098086431
14 -8.785766602 0.000032425 0.000001907 0.166050422 -0.007641446 -0.045593261
15 -8.903717041 0.000011444 -0.000007629 0.327982297 0.037887549 0.442256455
16 5.903442383 12.714838982 -17.693174362 1.370188491 -0.37922568 -0.02939746
17 -13.525131226 0.000007629 0 -0.002625559 0.079855188 -0.124061272
18 -11.953063965 0 0 0.048447968 -0.05249967 -0.061741769
19 -8.290390015 0.000007629 0 0.067227404 0.015358641 -0.091584449
20 -7.875 0.000030518 -0.000011444 0.003530364 0.066594078 -0.172047191
21 -8.78578186 0.000038147 -0.000001907 0.113191924 0.099016158 -0.074908923
22 -8.903717041 0 -0.000001431 0.242266841 -0.191441687 0.36051377
23 5.115203857 -7.603523731 -23.079328537 -1.554662073 0.381674365 -2.887288286
24 13.525100708 -0.000015259 0 0.025929966 -0.057379329 -0.140154952
25 11.953048706 0.000007629 0.000007629 0.11747919 0.052027487 -0.052130547
26 8.290359497 -0.000015259 -0.000007629 0.137316431 0.078414156 -0.255887334
27 7.875 -0.000022888 0.000003815 0.064588939 0.163451947 -0.099776769
28 8.785797119 -0.000038147 0 0.129030788 0.079574951 -0.031648539
29 8.903717041 0.000011444 0.000003815 -0.237106732 0.44042397 0.261609227
30 5.903427124 -12.801288605 -17.69320488 -1.598720893 0.442583503 -2.77991415
31 13.525115967 0 0 -0.005061808 -0.014823386 -0.145885372
32 11.953048706 0.000015259 -0.000007629 0.114877049 0.081611726 -0.06056062
33 8.290390015 0 -0.000007629 0.112226775 0.186102302 -0.091669275
34 7.875 -0.000015259 0.000007629 0.026101127 0.21520472 -0.172620547
35 8.785797119 -0.000030518 0 0.116233185 0.158780881 -0.043309881
36 8.9037323 -0.000003815 0 -0.292676417 0.416568362 0.22968523
37 4.435455322 0.000126362 -25.179960251 -3.117617043 0.363008552 -3.024970545
38 14.171035767 0.000020981 1.280685425 -0.039893974 0.013988423 -0.060809868
39 10.9765625 0.000011444 0.352539063 0.017797596 0.175320763 0.050614628
40 8.120315552 -0.000007629 -0.000015259 0.008144301 0.175350068 0.081756078
41 8.120285034 -0.000003815 -0.000030518 -0.016982848 0.054002489 0.081511682
42 8.120330811 0.000001431 -0.000015259 -0.01184379 0.206774173 0.028885479
43 8.120346069 -0.000003815 0.000068665 -0.477040233 -0.23129885 0.171052717
44 7.146972656 16.179798126 -9.195619583 1.376844409 -0.303705466 -0.072871366
45 -13.525115967 -0.000007629 0.000003815 -0.058318294 -0.252190243 0.290184579
46 -11.953041077 -0.000022888 0 0.063615539 -0.12139604 0.004957654
47 -8.290393829 0 0.000015259 0.117341002 0.102010548 -0.022401366
48 -7.875 0 0 0.016462792 0.209694074 -0.238664062
49 -8.785785675 0.000030518 -0.000007629 0.02384665 0.282428326 -0.383529658
50 -8.903717041 0.000015259 0.000001907 0.162558631 -0.211931629 0.115054981
51 7.146957397 -16.26625061 -9.195617676 -1.594435862 0.362965226 -2.75698367
52 13.525115967 0.000007629 0.000007629 -0.089398474 -0.097072948 -0.074047951
53 11.953033447 0.000007629 0 0.107687772 0.139534152 -0.048885544
54 8.290390015 0.000007629 0 0.134119708 0.293150958 -0.035092366
55 7.875 -0.000015259 0.000015259 0.03167997 0.310084252 -0.124804204
56 8.785797119 -0.000030518 0.000001907 0.067258281 0.279155327 -0.143843003
57 8.90372467 -0.000003815 -0.000007629 -0.39020363 0.321075214 0.164042265
58 -5.36730957 8.366909027 8.703121185 1.805276294 -0.770331235 3.113809539
59 13.525123596 0 0 -0.296468905 -0.078299246 -0.169078084
60 -3.441879272 -10.792387962 9.377009392 1.733594125 -0.888636288 -3.037960235
61 13.525131226 0 0.000003815 -0.411860595 0.128106573 -0.537440469
62 11.953048706 0.000015259 0 0.219015784 -0.071264097 -0.556460872
63 8.290374756 0.000003815 0 0.129589145 -0.106729958 0.037508466
64 7.875 -0.000034332 0 0.077859185 -0.057835172 0.193971586
65 19.39491272 -14.052387238 -0.467090607 -1.379476175 -0.76838267 -0.122223565
66 26.240768433 0.000015259 -0.000001907 -0.007732949 -0.313031536 0.53653377
67 31.971008301 0.000007629 0 -1.678648368 0.467889424 -0.13378373
68 4.627258301 -2.311302185 4.185630798 -0.021512477 -0.254658869 -0.451859094
69 2.980117798 0 -0.000000954 -0.040823197 0.14004721 0.242069561
70 1.982421875 0.000019073 0.000019073 0.001822187 0.301463179 0.041313792
71 10.844894409 -1.281569481 -1.331680298 0.003154845 -0.01855101 -1.502721343
72 3.98828125 0 0.000041962 0.024656551 0.116612118 -1.30426207
73 2.26953125 -0.000007629 -0.000011444 0.010246566 0.020303916 -1.235445909
74 10.908889771 -1.23739624 0.829597473 -0.003109352 -0.01605034 -0.895852925
75 3.989456177 0 0.000049591 -0.026019839 0.050783303 -0.636960393
76 3.478284836 -0.000030518 -0.000007629 0.025346404 -0.11085993 -0.737210855
77 10.291915894 -1.202157974 -3.34413147 0.018038834 -0.023865117 -1.537453755
78 2.757152557 0 0.000022888 -0.269907553 -0.095587855 -1.29157427
79 1.775390625 0 -0.000022888 0.198076059 0.357239486 -1.30316968
80 10.971908569 -1.193932533 2.957344055 -0.014265529 -0.004860461 -1.002109965
81 3.82421875 -0.000030518 0.000038147 -0.000596317 0.002170439 -0.689801398
82 2.94140625 0 0 0.003950255 0.00698882 -0.847183373
83 0 0.000009537 0.000007629 -0.281161032 -0.158281714 -1.026998567
84 19.394897461 13.160596848 -0.467079163 1.401209606 1.024975721 -3.104238507
85 -26.240768433 0.000030518 0.000001907 0.323969435 -0.404134518 0.394902968
86 -31.97102356 0 -0.000015259 -1.81792558 0.01103903 0.008162281
87 -11.614593506 3.933109283 0.069389343 1.720533477 1.395162973 1.933670481
88 -10.48449707 1.069202423 3.539878845 -3.131584703 0.028220486 2.411526648
89 2.757156372 0.000015259 0.000019073 -0.011712134 0.035128624 1.019560794
90 1.775390625 0 -0.000030518 -0.204499622 -0.298392802 0.873982333
91 -11.046478271 1.142410278 1.529701233 -3.130487012 0.018259081 2.114134707
92 3.98828125 0.000030518 0.000041962 0.004872241 -0.009924216 1.610032301
93 2.26953125 0.000007629 0.000007629 -0.076539319 -0.095407065 1.438172442
94 -11.192642212 1.041530609 -2.758430481 -3.117466097 -0.002180357 2.477429666
95 3.82421875 0.000030518 0.000041962 0.00053161 0.002187187 1.610324685
96 8.785766602 -0.000030518 -0.000003815 0.028889808 0.206538207 -0.655495889
97 2.94140625 0.000015259 -0.000015259 -0.004550553 0.006091757 1.767588569
98 -11.120147705 1.091533661 -0.631126404 -3.128907678 0.018357161 2.400346066
99 3.989395142 0.000015259 0.000038147 0.021444626 0.041947477 1.751021405
100 3.478317261 0.000030518 -0.000015259 -0.001306817 0.004312204 1.848998194
101 -4.853607178 2.155090332 -4.018516541 3.123057975 0.125574955 2.46129872
102 2.980133057 0 0.000019073 0.038574713 -0.163808097 -0.240289671
103 1.982421875 -0.000015259 0.00003624 0 0 -0.040571652
104 0 -0.000015259 -0.000015259 -0.01786834 -0.032037725 -0.918099438
105 7.08984375 0 0 3.141592654 -0.174494806 3.141592654
106 7.528244019 8.168074608 -1.232803345 2.885017799 0.303466685 3.108838628
107 -54.911254883 -0.649675369 -0.176704407 1.856728718 0.785609017 0.048036467
108 -61.183185577 0.000005722 -0.000001907 0.174037262 0.013709953 -0.309466751
109 8.588668823 0 1.514417648 0 0 0
110 4.260528564 -21.349500656 -3.218471527 -0.229646484 -0.146054022 -0.303432411
111 15.606674194 0 -0.00001049 -0.000088972 0.005178967 -0.067685707
112 15.853752136 0 -0.000006676 0.000802668 -0.007825635 -0.094642345
113 15.151866913 0 0.000000954 -0.000644197 -0.025283276 0.050944601
114 11.149963379 0.000015259 -0.000007153 -0.040082832 0.120800773 -0.029237533
115 1.725112915 -0.142127961 11.160657883 -2.019105011 -0.695607809 0.137591666
116 15.606689453 0 -0.000001907 -0.000000291 0.003366355 -0.000172639
117 15.853736877 0 -0.000003815 0.000024364 -0.005178953 -0.009408659
118 15.151851654 -0.000007629 0 -0.000458054 -0.016653026 0.054996413
119 11.149967194 0 0 -0.004405233 0.001667874 0.242797748
120 6.67868042 -0.142132968 -16.932609558 1.571106218 -0.034669705 3.141587281
121 -15.606674194 0.000007629 -0.00000003 0 0 0.029176097
122 -15.853752136 0.000003815 0.00000599 0 0 -0.054472599
123 -15.151847839 0.000001907 0 0 0 -0.089540373
124 -11.14994812 0 0.00000602 0 0 0.081764736
125 2.507659912 15.939216614 6.722545624 -1.789671757 0.255676781 -2.869102546
126 -15.606681824 0.000003815 0 0.009422557 0.035396035 -0.018826376
127 -15.853759766 0 0.000007629 0.018925611 -0.038041183 0.067686039
128 -15.15184021 0 0.000015259 -0.005311928 0.032308646 -0.061474887
129 -11.14995575 -0.000005722 0.000007629 0.01299221 0.10724761 -0.197494444
130 2.507629395 -17.075351715 6.722560883 -1.394725005 -0.44812799 -0.316868681
131 15.606674194 0 0 0.008737277 0.057113422 -0.029715958
132 15.853744507 0 0.000011444 0.01655001 -0.070694694 0.084432018
133 15.151855469 0 0.000003815 -0.005356721 -0.072362341 -0.004729401
134 11.149967194 0 -0.000019073 0.05088976 -0.113244038 0.07765244
135 5.8931427 15.939212799 -12.47754097 3.060441594 0.13907538 0.286958964
136 15.606674194 0 0.000024796 0.008891037 0.033806173 -0.030757047
137 15.853744507 -0.000007629 -0.000009537 0.019308011 -0.035389357 0.085673756
138 15.151855469 0 0 -0.004370877 0.041688468 -0.002594857
139 11.14994812 0 -0.000003815 0.035401214 0.06395871 0.093067358
140 5.893157959 -17.075357437 -12.477553368 1.665114988 0.046168712 2.945850245
141 -15.606643677 0 0.000007629 0.009623185 0.039072638 -0.01120815
142 -15.853729248 0 -0.000011444 0.018454485 -0.043959719 0.056328123
143 -15.15184021 -0.000003815 0 -0.005197447 0.012622594 -0.097698123
144 -11.14994812 -0.000005722 -0.000007629 -0.271235576 -0.11581174 -0.002329874
145 4.260498047 20.773923874 -3.218486786 0.023101859 -0.035501231 -2.90636479
146 -15.606689453 0.000007629 0.000000954 -0.000033688 -0.009410085 0.043853065
147 -15.853744507 0.000007629 0 -0.001039171 0.014124466 -0.085921069
148 -15.151832581 -0.000003815 0.000001907 -0.000256345 0.045666848 0.007678358
149 -11.149971008 0 -0.000001907 -0.01022957 0.299857428 -0.226108714
150 7.528259277 -8.043748856 -1.232804298 -0.653604446 -0.226792034 0.150327416
151 54.911224365 0.649678707 0.176696777 1.571141194 0.649263053 0.091400882
152 61.183162689 -0.000007629 0.000000238 0.542701548 0.211647802 0.109075119
153 -0.364088595 36.477970123 12.189170837 0.340633688 -0.000040147 0.000233438
154 -0.364086866 -2.758006096 4.994803905 0 0 0.000244115
155 -0.364086866 -2.758006096 4.994803905 0 0 0.000244115
156 -0.364086866 -2.758006096 4.994803905 0 0 0.000244115
157 -0.364086866 -2.758006096 4.994803905 0 0 0.000244115
158 -0.364086866 -2.758006096 4.994803905 0 0 0.000244115
159 -0.364086866 -2.758006096 4.994803905 0 0 0.000244115
160 -0.364086866 -2.758006096 4.994803905 0 0 0.000244115
161 -0.364086866 -2.758006096 4.994803905 0 0 0.000244115
162 -0.498048782 -4.95163393 0.510848999 0 0 0.000244115
163 -0.364086866 -2.758006096 4.994803905 0 0 0.000244115
time 28
0 -0.364086866 -2.758006096 4.994803905 0 0 0.000244115
1 -0.355918914 -24.813129425 7.982984935 3.141592654 -1.497890235 1.570796489
2 130.809036255 0 0.000001907 0 0 0
3 6.662033081 -0.142129987 2.521337509 2.93088364 -0.190273848 -0.011382371
4 24.360946655 -0.000000954 0.000019073 0.10792569 -0.021553803 0.027710215
5 24.806411743 -0.000006676 0.765964508 -0.834961108 -0.344067487 0.13280885
6 8.120300293 -0.000001907 0 0.878961621 0.160260258 -0.144032846
7 8.120300293 -0.000000954 0 3.141592654 -1.17489882 3.141592654
8 8.120300293 -0.000000954 0 -0.216192487 -1.369859591 0.175150136
9 5.115219116 7.517076492 -23.079305649 1.501763517 -0.35837646 0.015053389
10 -13.525115967 0 0 0.018096725 0.076464439 -0.130964743
11 -11.953033447 -0.000022888 0 0.019818048 -0.049032699 -0.054372983
12 -8.290390015 -0.000015259 -0.000000954 0.079458898 -0.083051972 -0.269606026
13 -7.875 0.000030518 0 0.023655983 0.020207101 -0.114639291
14 -8.785766602 0.000032425 0.000001907 0.166129997 -0.010849972 -0.068477179
15 -8.903717041 0.000011444 -0.000007629 0.327982297 0.037887549 0.442256455
16 5.903442383 12.714838982 -17.693174362 1.370188491 -0.37922568 -0.02939746
17 -13.525131226 0.000007629 0 -0.002070689 0.078494758 -0.116505373
18 -11.953063965 0 0 0.047901793 -0.055450184 -0.054455356
19 -8.290390015 0.000007629 0 0.066998511 0.014459574 -0.093431356
20 -7.875 0.000030518 -0.000011444 0.002758044 0.068942558 -0.188640161
21 -8.78578186 0.000038147 -0.000001907 0.111290177 0.104840703 -0.101985516
22 -8.903717041 0 -0.000001431 0.242266841 -0.191441687 0.36051377
23 5.115203857 -7.603523731 -23.079328537 -1.554662073 0.381674365 -2.887288286
24 13.525100708 -0.000015259 0 0.02552131 -0.062424007 -0.132513601
25 11.953048706 0.000007629 0.000007629 0.117939562 0.047504011 -0.04425056
26 8.290359497 -0.000015259 -0.000007629 0.136652351 0.080221552 -0.261470674
27 7.875 -0.000022888 0.000003815 0.062885619 0.171164052 -0.118803513
28 8.785797119 -0.000038147 0 0.127861227 0.088597134 -0.060222303
29 8.903717041 0.000011444 0.000003815 -0.237106732 0.44042397 0.261609227
30 5.903427124 -12.801288605 -17.69320488 -1.598720893 0.442583503 -2.77991415
31 13.525115967 0 0 -0.005266824 -0.021475377 -0.13782257
32 11.953048706 0.000015259 -0.000007629 0.11568915 0.075529864 -0.052390657
33 8.290390015 0 -0.000007629 0.113409593 0.190583097 -0.092892227
34 7.875 -0.000015259 0.000007629 0.025258479 0.228470281 -0.191607135
35 8.785797119 -0.000030518 0 0.114066836 0.17529728 -0.075305578
36 8.9037323 -0.000003815 0 -0.292676417 0.416568362 0.22968523
37 4.435455322 0.000126362 -25.179960251 -3.117617043 0.363008552 -3.024970545
38 14.171035767 0.000020981 1.280685425 -0.04008717 0.003129589 -0.063615397
39 10.9765625 0.000011444 0.352539063 0.017518958 0.168669129 0.048350995
40 8.120315552 -0.000007629 -0.000015259 0.008968683 0.181473172 0.084220746
41 8.120285034 -0.000003815 -0.000030518 -0.01539181 0.073542748 0.089210322
42 8.120330811 0.000001431 -0.000015259 -0.009248813 0.238338838 0.039667541
43 8.120346069 -0.000003815 0.000068665 -0.477040233 -0.23129885 0.171052717
44 7.146972656 16.179798126 -9.195619583 1.376844409 -0.303705466 -0.072871366
45 -13.525115967 -0.000007629 0.000003815 -0.058318294 -0.252190243 0.290184579
46 -11.953041077 -0.000022888 0 0.06140522 -0.133440895 0.02246722
47 -8.290393829 0 0.000015259 0.119375825 0.094853727 -0.008005216
48 -7.875 0 0 0.018557017 0.214317723 -0.242572543
49 -8.785785675 0.000030518 -0.000007629 0.021394512 0.2967495 -0.415304833
50 -8.903717041 0.000015259 0.000001907 0.162558631 -0.211931629 0.115054981
51 7.146957397 -16.26625061 -9.195617676 -1.594435862 0.362965226 -2.75698367
52 13.525115967 0.000007629 0.000007629 -0.090212691 -0.105216257 -0.066124544
53 11.953033447 0.000007629 0 0.108854842 0.132037014 -0.041315217
54 8.290390015 0.000007629 0 0.136844327 0.300281055 -0.034660591
55 7.875 -0.000015259 0.000015259 0.032168625 0.32922629 -0.141455337
56 8.785797119 -0.000030518 0.000001907 0.063616863 0.302414756 -0.175851929
57 8.90372467 -0.000003815 -0.000007629 -0.39020363 0.321075214 0.164042265
58 -5.36730957 8.366909027 8.703121185 1.805912804 -0.779147325 3.112857155
59 13.525123596 0 0 -0.296468905 -0.078299246 -0.169078084
60 -3.441879272 -10.792387962 9.377009392 1.731702655 -0.898893935 -3.035591159
61 13.525131226 0 0.000003815 -0.410673467 0.133142607 -0.536788534
62 11.953048706 0.000015259 0 0.221046539 -0.066688541 -0.571859859
63 8.290374756 0.000003815 0 0.131938392 -0.11101555 0.013971538
64 7.875 -0.000034332 0 0.078887831 -0.069261659 0.178596621
65 19.39491272 -14.052387238 -0.467090607 -1.368790742 -0.773210726 -0.129196332
66 26.240768433 0.000015259 -0.000001907 -0.0076844 -0.316488737 0.536508882
67 31.971008301 0.000007629 0 -1.678648368 0.467889424 -0.13378373
68 4.627258301 -2.311302185 4.185630798 -0.021512477 -0.254658869 -0.451859094
69 2.980117798 0 -0.000000954 -0.040823197 0.14004721 0.242069561
70 1.982421875 0.000019073 0.000019073 0.001822187 0.301463179 0.041313792
71 10.844894409 -1.281569481 -1.331680298 0.003154845 -0.01855101 -1.502721343
72 3.98828125 0 0.000041962 0.024656551 0.116612118 -1.30426207
73 2.26953125 -0.000007629 -0.000011444 0.010246566 0.020303916 -1.235445909
74 10.908889771 -1.23739624 0.829597473 -0.003109352 -0.01605034 -0.895852925
75 3.989456177 0 0.000049591 -0.026019839 0.050783303 -0.636960393
76 3.478284836 -0.000030518 -0.000007629 0.025346404 -0.11085993 -0.737210855
77 10.291915894 -1.202157974 -3.34413147 0.018038834 -0.023865117 -1.537453755
78 2.757152557 0 0.000022888 -0.269907553 -0.095587855 -1.29157427
79 1.775390625 0 -0.000022888 0.198076059 0.357239486 -1.30316968
80 10.971908569 -1.193932533 2.957344055 -0.014265529 -0.004860461 -1.002109965
81 3.82421875 -0.000030518 0.000038147 -0.000596317 0.002170439 -0.689801398
82 2.94140625 0 0 0.003950255 0.00698882 -0.847183373
83 0 0.000009537 0.000007629 -0.281161032 -0.158281714 -1.026998567
84 19.394897461 13.160596848 -0.467079163 1.401209606 1.024975721 -3.104238507
85 -26.240768433 0.000030518 0.000001907 0.323969435 -0.404134518 0.394902968
86 -31.97102356 0 -0.000015259 -1.81792558 0.01103903 0.008162281
87 -11.614593506 3.933109283 0.069389343 1.720533477 1.395162973 1.933670481
88 -10.48449707 1.069202423 3.539878845 -3.131584703 0.028220486 2.411526648
89 2.757156372 0.000015259 0.000019073 -0.011712134 0.035128624 1.019560794
90 1.775390625 0 -0.000030518 -0.204499622 -0.298392802 0.873982333
91 -11.046478271 1.142410278 1.529701233 -3.130487012 0.018259081 2.114134707
92 3.98828125 0.000030518 0.000041962 0.004872241 -0.009924216 1.610032301
93 2.26953125 0.000007629 0.000007629 -0.076539319 -0.095407065 1.438172442
94 -11.192642212 1.041530609 -2.758430481 -3.117466097 -0.002180357 2.477429666
95 3.82421875 0.000030518 0.000041962 0.00053161 0.002187187 1.610324685
96 8.785766602 -0.000030518 -0.000003815 0.028889808 0.206538207 -0.655495889
97 2.94140625 0.000015259 -0.000015259 -0.004550553 0.006091757 1.767588569
98 -11.120147705 1.091533661 -0.631126404 -3.128907678 0.018357161 2.400346066
99 3.989395142 0.000015259 0.000038147 0.021444626 0.041947477 1.751021405
100 3.478317261 0.000030518 -0.000015259 -0.001306817 0.004312204 1.848998194
101 -4.853607178 2.155090332 -4.018516541 3.123057975 0.125574955 2.46129872
102 2.980133057 0 0.000019073 0.038574713 -0.163808097 -0.240289671
103 1.982421875 -0.000015259 0.00003624 0 0 -0.040571652
104 0 -0.000015259 -0.000015259 -0.01786834 -0.032037725 -0.918099438
105 7.08984375 0 0 3.141592654 -0.174494806 3.141592654
106 7.528244019 8.168074608 -1.232803345 2.885017799 0.303466685 3.108838628
107 -54.911254883 -0.649675369 -0.176704407 1.856728718 0.785609017 0.048036467
108 -61.183185577 0.000005722 -0.000001907 0.174037262 0.013709953 -0.309466751
109 8.588668823 0 1.514417648 0 0 0
110 4.260528564 -21.349500656 -3.218471527 -0.229646484 -0.146054022 -0.303432411
111 15.606674194 0 -0.00001049 -0.000163488 0.006903957 -0.072350205
112 15.853752136 0 -0.000006676 0.000922157 -0.00634935 -0.099827038
113 15.151866913 0 0.000000954 -0.000448645 -0.025288091 0.049128769
114 11.149963379 0.000015259 -0.000007153 -0.040082832 0.120800773 -0.029237533
115 1.725112915 -0.142127961 11.160657883 -2.019105011 -0.695607809 0.137591666
116 15.606689453 0 -0.000001907 -0.000015304 0.004488448 -0.006819087
117 15.853736877 0 -0.000003815 0.000118259 -0.004228751 -0.015105857
118 15.151851654 -0.000007629 0 -0.000450309 -0.016739589 0.05378747
119 11.149967194 0 0 -0.004405233 0.001667874 0.242797748
120 6.67868042 -0.142132968 -16.932609558 1.571106218 -0.034669705 3.141587281
121 -15.606674194 0.000007629 -0.00000003 0 0 0.032801831
122 -15.853752136 0.000003815 0.00000599 0 0 -0.052227565
123 -15.151847839 0.000001907 0 0 0 -0.091095657
124 -11.14994812 0 0.00000602 0 0 0.081764736
125 2.507659912 15.939216614 6.722545624 -1.789671757 0.255676781 -2.869102546
126 -15.606681824 0.000003815 0 0.009359662 0.032116921 -0.019273975
127 -15.853759766 0 0.000007629 0.019063374 -0.041248925 0.068346157
128 -15.15184021 0 0.000015259 -0.005463313 0.03152629 -0.06164756
129 -11.14995575 -0.000005722 0.000007629 0.01299221 0.10724761 -0.197494444
130 2.507629395 -17.075351715 6.722560883 -1.394725005 -0.44812799 -0.316868681
131 15.606674194 0 0 0.008461648 0.061360688 -0.033853435
132 15.853744507 0 0.000011444 0.016660716 -0.06799524 0.081939757
133 15.151855469 0 0.000003815 -0.005091625 -0.073484802 -0.00482261
134 11.149967194 0 -0.000019073 0.05088976 -0.113244038 0.07765244
135 5.8931427 15.939212799 -12.47754097 3.060441594 0.13907538 0.286958964
136 15.606674194 0 0.000024796 0.008707371 0.030111521 -0.035264955
137 15.853744507 -0.000007629 -0.000009537 0.019635994 -0.039004882 0.083043032
138 15.151855469 0 0 -0.004283308 0.040825234 -0.002591159
139 11.14994812 0 -0.000003815 0.035401214 0.06395871 0.093067358
140 5.893157959 -17.075357437 -12.477553368 1.665114988 0.046168712 2.945850245
141 -15.606643677 0 0.000007629 0.009675224 0.03716254 -0.008971494
142 -15.853729248 0 -0.000011444 0.018332747 -0.046141834 0.058989922
143 -15.15184021 -0.000003815 0 -0.005416462 0.01174663 -0.09812902
144 -11.14994812 -0.000005722 -0.000007629 -0.271235576 -0.11581174 -0.002329874
145 4.260498047 20.773923874 -3.218486786 0.023101859 -0.035501231 -2.90636479
146 -15.606689453 0.000007629 0.000000954 -0.00004136 -0.01260492 0.047652558
147 -15.853744507 0.000007629 0 -0.001092582 0.011617219 -0.083932283
148 -15.151832581 -0.000003815 0.000001907 -0.000171278 0.045839184 0.007593961
149 -11.149971008 0 -0.000001907 -0.01022957 0.299857428 -0.226108714
150 7.528259277 -8.043748856 -1.232804298 -0.653604446 -0.226792034 0.150327416
151 54.911224365 0.649678707 0.176696777 1.571141194 0.649263053 0.091400882
152 61.183162689 -0.000007629 0.000000238 0.542701548 0.211647802 0.109075119
153 -0.364088595 36.477970123 12.189170837 0.340633688 -0.000040147 0.000233438
154 -0.364086866 -2.758006096 4.994803905 0 0 0.000244115
155 -0.364086866 -2.758006096 4.994803905 0 0 0.000244115
156 -0.364086866 -2.758006096 4.994803905 0 0 0.000244115
157 -0.364086866 -2.758006096 4.994803905 0 0 0.000244115
158 -0.364086866 -2.758006096 4.994803905 0 0 0.000244115
159 -0.364086866 -2.758006096 4.994803905 0 0 0.000244115
160 -0.364086866 -2.758006096 4.994803905 0 0 0.000244115
161 -0.364086866 -2.758006096 4.994803905 0 0 0.000244115
162 -0.498048782 -4.95163393 0.510848999 0 0 0.000244115
163 -0.364086866 -2.758006096 4.994803905 0 0 0.000244115
time 29
0 -0.364086866 -2.758006096 4.994803905 0 0 0.000244115
1 -0.355918914 -24.813129425 8.901028579 3.141592654 -1.497890235 1.570796489
2 130.809036255 0 0.000001907 0 0 0
3 6.662033081 -0.142129987 2.521337509 2.93088364 -0.190273848 -0.011382371
4 24.360946655 -0.000000954 0.000019073 0.10792569 -0.021553803 0.027710215
5 24.806411743 -0.000006676 0.765964508 -0.834961108 -0.344067487 0.13280885
6 8.120300293 -0.000001907 0 0.878961621 0.160260258 -0.144032846
7 8.120300293 -0.000000954 0 3.141592654 -1.17489882 3.141592654
8 8.120300293 -0.000000954 0 -0.216192487 -1.369859591 0.175150136
9 5.115219116 7.517076492 -23.079305649 1.501763517 -0.35837646 0.015053389
10 -13.525115967 0 0 0.01836351 0.07679279 -0.127922661
11 -11.953033447 -0.000022888 0 0.019661878 -0.049150277 -0.051433535
12 -8.290390015 -0.000015259 -0.000000954 0.079490984 -0.084265781 -0.272279926
13 -7.875 0.000030518 0 0.023411843 0.018893558 -0.12148798
14 -8.785766602 0.000032425 0.000001907 0.16617907 -0.012213735 -0.078125577
15 -8.903717041 0.000011444 -0.000007629 0.327982297 0.037887549 0.442256455
16 5.903442383 12.714838982 -17.693174362 1.370188491 -0.37922568 -0.02939746
17 -13.525131226 0.000007629 0 -0.001824017 0.077899154 -0.113292348
18 -11.953063965 0 0 0.047586641 -0.056653091 -0.051365387
19 -8.290390015 0.000007629 0 0.066837052 0.014129897 -0.094134893
20 -7.875 0.000030518 -0.000011444 0.002428498 0.069897131 -0.195508281
21 -8.78578186 0.000038147 -0.000001907 0.110510287 0.107279488 -0.113342019
22 -8.903717041 0 -0.000001431 0.242266841 -0.191441687 0.36051377
23 5.115203857 -7.603523731 -23.079328537 -1.554662073 0.381674365 -2.887288286
24 13.525100708 -0.000015259 0 0.025298296 -0.064549628 -0.129335398
25 11.953048706 0.000007629 0.000007629 0.118138224 0.045578634 -0.040898482
26 8.290359497 -0.000015259 -0.000007629 0.136309663 0.080957631 -0.263794038
27 7.875 -0.000022888 0.000003815 0.062211894 0.174358268 -0.126595039
28 8.785797119 -0.000038147 0 0.1272335 0.092218362 -0.072239354
29 8.903717041 0.000011444 0.000003815 -0.237106732 0.44042397 0.261609227
30 5.903427124 -12.801288605 -17.69320488 -1.598720893 0.442583503 -2.77991415
31 13.525115967 0 0 -0.005289901 -0.024234134 -0.134442772
32 11.953048706 0.000015259 -0.000007629 0.115959352 0.072994363 -0.048890372
33 8.290390015 0 -0.000007629 0.113917654 0.192366064 -0.093186136
34 7.875 -0.000015259 0.000007629 0.024967725 0.233953906 -0.199406798
35 8.785797119 -0.000030518 0 0.113165473 0.182236156 -0.088744421
36 8.9037323 -0.000003815 0 -0.292676417 0.416568362 0.22968523
37 4.435455322 0.000126362 -25.179960251 -3.117617043 0.363008552 -3.024970545
38 14.171035767 0.000020981 1.280685425 -0.040205248 -0.001301995 -0.064735794
39 10.9765625 0.000011444 0.352539063 0.017367159 0.165906557 0.047355492
40 8.120315552 -0.000007629 -0.000015259 0.009254551 0.183976496 0.085222428
41 8.120285034 -0.000003815 -0.000030518 -0.014733634 0.081584119 0.092388802
42 8.120330811 0.000001431 -0.000015259 -0.008156224 0.251656009 0.044214889
43 8.120346069 -0.000003815 0.000068665 -0.477040233 -0.23129885 0.171052717
44 7.146972656 16.179798126 -9.195619583 1.376844409 -0.303705466 -0.072871366
45 -13.525115967 -0.000007629 0.000003815 -0.058318294 -0.252190243 0.290184579
46 -11.953041077 -0.000022888 0 0.060419267 -0.138417774 0.029831477
47 -8.290393829 0 0.000015259 0.12026044 0.09181396 -0.001999739
48 -7.875 0 0 0.019393521 0.216203874 -0.244064801
49 -8.785785675 0.000030518 -0.000007629 0.020362333 0.302614491 -0.428268528
50 -8.903717041 0.000015259 0.000001907 0.162558631 -0.211931629 0.115054981
51 7.146957397 -16.26625061 -9.195617676 -1.594435862 0.362965226 -2.75698367
52 13.525115967 0.000007629 0.000007629 -0.090546359 -0.108618925 -0.062755691
53 11.953033447 0.000007629 0 0.109368548 0.128926604 -0.038155224
54 8.290390015 0.000007629 0 0.138018415 0.303175145 -0.034291837
55 7.875 -0.000015259 0.000015259 0.032414327 0.337159099 -0.14823042
56 8.785797119 -0.000030518 0.000001907 0.062047832 0.312172928 -0.189266765
57 8.90372467 -0.000003815 -0.000007629 -0.39020363 0.321075214 0.164042265
58 -5.36730957 8.366909027 8.703121185 1.806254367 -0.782773455 3.112465524
59 13.525123596 0 0 -0.296468905 -0.078299246 -0.169078084
60 -3.441879272 -10.792387962 9.377009392 1.731025152 -0.903142637 -3.03467944
61 13.525131226 0 0.000003815 -0.410119913 0.135208287 -0.536364602
62 11.953048706 0.000015259 0 0.221813409 -0.064813293 -0.578291615
63 8.290374756 0.000003815 0 0.133002482 -0.112798122 0.004176914
64 7.875 -0.000034332 0 0.079295423 -0.074047964 0.171987091
65 19.39491272 -14.052387238 -0.467090607 -1.357916032 -0.778830043 -0.135896446
66 26.240768433 0.000015259 -0.000001907 -0.007685074 -0.320115503 0.536501652
67 31.971008301 0.000007629 0 -1.678648368 0.467889424 -0.13378373
68 4.627258301 -2.311302185 4.185630798 -0.021512477 -0.254658869 -0.451859094
69 2.980117798 0 -0.000000954 -0.040823197 0.14004721 0.242069561
70 1.982421875 0.000019073 0.000019073 0.001822187 0.301463179 0.041313792
71 10.844894409 -1.281569481 -1.331680298 0.003154845 -0.01855101 -1.502721343
72 3.98828125 0 0.000041962 0.024656551 0.116612118 -1.30426207
73 2.26953125 -0.000007629 -0.000011444 0.010246566 0.020303916 -1.235445909
74 10.908889771 -1.23739624 0.829597473 -0.003109352 -0.01605034 -0.895852925
75 3.989456177 0 0.000049591 -0.026019839 0.050783303 -0.636960393
76 3.478284836 -0.000030518 -0.000007629 0.025346404 -0.11085993 -0.737210855
77 10.291915894 -1.202157974 -3.34413147 0.018038834 -0.023865117 -1.537453755
78 2.757152557 0 0.000022888 -0.269907553 -0.095587855 -1.29157427
79 1.775390625 0 -0.000022888 0.198076059 0.357239486 -1.30316968
80 10.971908569 -1.193932533 2.957344055 -0.014265529 -0.004860461 -1.002109965
81 3.82421875 -0.000030518 0.000038147 -0.000596317 0.002170439 -0.689801398
82 2.94140625 0 0 0.003950255 0.00698882 -0.847183373
83 0 0.000009537 0.000007629 -0.281161032 -0.158281714 -1.026998567
84 19.394897461 13.160596848 -0.467079163 1.401209606 1.024975721 -3.104238507
85 -26.240768433 0.000030518 0.000001907 0.323969435 -0.404134518 0.394902968
86 -31.97102356 0 -0.000015259 -1.81792558 0.01103903 0.008162281
87 -11.614593506 3.933109283 0.069389343 1.720533477 1.395162973 1.933670481
88 -10.48449707 1.069202423 3.539878845 -3.131584703 0.028220486 2.411526648
89 2.757156372 0.000015259 0.000019073 -0.011712134 0.035128624 1.019560794
90 1.775390625 0 -0.000030518 -0.204499622 -0.298392802 0.873982333
91 -11.046478271 1.142410278 1.529701233 -3.130487012 0.018259081 2.114134707
92 3.98828125 0.000030518 0.000041962 0.004872241 -0.009924216 1.610032301
93 2.26953125 0.000007629 0.000007629 -0.076539319 -0.095407065 1.438172442
94 -11.192642212 1.041530609 -2.758430481 -3.117466097 -0.002180357 2.477429666
95 3.82421875 0.000030518 0.000041962 0.00053161 0.002187187 1.610324685
96 8.785766602 -0.000030518 -0.000003815 0.028889808 0.206538207 -0.655495889
97 2.94140625 0.000015259 -0.000015259 -0.004550553 0.006091757 1.767588569
98 -11.120147705 1.091533661 -0.631126404 -3.128907678 0.018357161 2.400346066
99 3.989395142 0.000015259 0.000038147 0.021444626 0.041947477 1.751021405
100 3.478317261 0.000030518 -0.000015259 -0.001306817 0.004312204 1.848998194
101 -4.853607178 2.155090332 -4.018516541 3.123057975 0.125574955 2.46129872
102 2.980133057 0 0.000019073 0.038574713 -0.163808097 -0.240289671
103 1.982421875 -0.000015259 0.00003624 0 0 -0.040571652
104 0 -0.000015259 -0.000015259 -0.01786834 -0.032037725 -0.918099438
105 7.08984375 0 0 3.141592654 -0.174494806 3.141592654
106 7.528244019 8.168074608 -1.232803345 2.885017799 0.303466685 3.108838628
107 -54.911254883 -0.649675369 -0.176704407 1.856728718 0.785609017 0.048036467
108 -61.183185577 0.000005722 -0.000001907 0.174037262 0.013709953 -0.309466751
109 8.588668823 0 1.514417648 0 0 0
110 4.260528564 -21.349500656 -3.218471527 -0.229646484 -0.146054022 -0.303432411
111 15.606674194 0 -0.00001049 -0.000112624 0.007683324 -0.074250437
112 15.853752136 0 -0.000006676 0.000988821 -0.005826719 -0.101987589
113 15.151866913 0 0.000000954 -0.000351412 -0.025290364 0.048264043
114 11.149963379 0.000015259 -0.000007153 -0.040082832 0.120800773 -0.029237533
115 1.725112915 -0.142127961 11.160657883 -2.019105011 -0.695607809 0.137591666
116 15.606689453 0 -0.000001907 -0.000023984 0.005006319 -0.009581289
117 15.853736877 0 -0.000003815 0.000119589 -0.003797037 -0.017522785
118 15.151851654 -0.000007629 0 -0.000443673 -0.016653416 0.053269271
119 11.149967194 0 0 -0.004405233 0.001667874 0.242797748
120 6.67868042 -0.142132968 -16.932609558 1.571106218 -0.034669705 3.141587281
121 -15.606674194 0.000007629 -0.00000003 0 0 0.034269425
122 -15.853752136 0.000003815 0.00000599 0 0 -0.051364105
123 -15.151847839 0.000001907 0 0 0 -0.09170051
124 -11.14994812 0 0.00000602 0 0 0.081764736
125 2.507659912 15.939216614 6.722545624 -1.789671757 0.255676781 -2.869102546
126 -15.606681824 0.000003815 0 0.009370627 0.030822485 -0.019365999
127 -15.853759766 0 0.000007629 0.019014091 -0.042545621 0.068594935
128 -15.15184021 0 0.000015259 -0.005537617 0.031091962 -0.061733697
129 -11.14995575 -0.000005722 0.000007629 0.01299221 0.10724761 -0.197494444
130 2.507629395 -17.075351715 6.722560883 -1.394725005 -0.44812799 -0.316868681
131 15.606674194 0 0 0.008376732 0.063181205 -0.035576849
132 15.853744507 0 0.000011444 0.016740906 -0.066864777 0.080907665
133 15.151855469 0 0.000003815 -0.004914475 -0.073916473 -0.004914476
134 11.149967194 0 -0.000019073 0.05088976 -0.113244038 0.07765244
135 5.8931427 15.939212799 -12.47754097 3.060441594 0.13907538 0.286958964
136 15.606674194 0 0.000024796 0.008622716 0.028478272 -0.037172335
137 15.853744507 -0.000007629 -0.000009537 0.019767434 -0.04055356 0.081903125
138 15.151855469 0 0 -0.0042862 0.040393192 -0.002762951
139 11.14994812 0 -0.000003815 0.035401214 0.06395871 0.093067358
140 5.893157959 -17.075357437 -12.477553368 1.665114988 0.046168712 2.945850245
141 -15.606643677 0 0.000007629 0.009694286 0.036381394 -0.008111532
142 -15.853729248 0 -0.000011444 0.018281216 -0.047015099 0.060106695
143 -15.15184021 -0.000003815 0 -0.005486226 0.011397303 -0.098214801
144 -11.14994812 -0.000005722 -0.000007629 -0.271235576 -0.11581174 -0.002329874
145 4.260498047 20.773923874 -3.218486786 0.023101859 -0.035501231 -2.90636479
146 -15.606689453 0.000007629 0.000000954 -0.000085136 -0.013985566 0.049207309
147 -15.853744507 0.000007629 0 -0.001130791 0.010579181 -0.083067737
148 -15.151832581 -0.000003815 0.000001907 -0.000171606 0.045752848 0.007593954
149 -11.149971008 0 -0.000001907 -0.01022957 0.299857428 -0.226108714
150 7.528259277 -8.043748856 -1.232804298 -0.653604446 -0.226792034 0.150327416
151 54.911224365 0.649678707 0.176696777 1.571141194 0.649263053 0.091400882
152 61.183162689 -0.000007629 0.000000238 0.542701548 0.211647802 0.109075119
153 -0.364088595 36.477970123 12.189170837 0.340633688 -0.000040147 0.000233438
154 -0.364086866 -2.758006096 4.994803905 0 0 0.000244115
155 -0.364086866 -2.758006096 4.994803905 0 0 0.000244115
156 -0.364086866 -2.758006096 4.994803905 0 0 0.000244115
157 -0.364086866 -2.758006096 4.994803905 0 0 0.000244115
158 -0.364086866 -2.758006096 4.994803905 0 0 0.000244115
159 -0.364086866 -2.758006096 4.994803905 0 0 0.000244115
160 -0.364086866 -2.758006096 4.994803905 0 0 0.000244115
161 -0.364086866 -2.758006096 4.994803905 0 0 0.000244115
162 -0.498048782 -4.95163393 0.510848999 0 0 0.000244115
163 -0.364086866 -2.758006096 4.994803905 0 0 0.000244115
time 30
0 -0.364086866 -2.758006096 4.994803905 0 0 0.000244115
1 -0.355918914 -24.813129425 9.979060173 3.141592654 -1.497890235 1.570796489
2 130.809036255 0 0.000001907 0 0 0
3 6.662033081 -0.142129987 2.521337509 2.93088364 -0.190273848 -0.011382371
4 24.360946655 -0.000000954 0.000019073 0.10792569 -0.021553803 0.027710215
5 24.806411743 -0.000006676 0.765964508 -0.834961108 -0.344067487 0.13280885
6 8.120300293 -0.000001907 0 0.878961621 0.160260258 -0.144032846
7 8.120300293 -0.000000954 0 3.141592654 -1.17489882 3.141592654
8 8.120300293 -0.000000954 0 -0.216192487 -1.369859591 0.175150136
9 5.115219116 7.517076492 -23.079305649 1.501763517 -0.35837646 0.015053389
10 -13.525115967 0 0 0.018686236 0.077192195 -0.123320162
11 -11.953033447 -0.000022888 0 0.019378575 -0.049285507 -0.046850154
12 -8.290390015 -0.000015259 -0.000000954 0.079376057 -0.085997 -0.275756504
13 -7.875 0.000030518 0 0.023106691 0.017001127 -0.131026324
14 -8.785766602 0.000032425 0.000001907 0.166240535 -0.014339375 -0.092174937
15 -8.903717041 0.000011444 -0.000007629 0.327982297 0.037887549 0.442256455
16 5.903442383 12.714838982 -17.693174362 1.370188491 -0.37922568 -0.02939746
17 -13.525131226 0.000007629 0 -0.001508215 0.077045353 -0.108605763
18 -11.953063965 0 0 0.047232808 -0.058500103 -0.046561616
19 -8.290390015 0.000007629 0 0.066689172 0.013535824 -0.094674107
20 -7.875 0.000030518 -0.000011444 0.001958717 0.071282425 -0.204903205
21 -8.78578186 0.000038147 -0.000001907 0.109220466 0.110661545 -0.129629329
22 -8.903717041 0 -0.000001431 0.242266841 -0.191441687 0.36051377
23 5.115203857 -7.603523731 -23.079328537 -1.554662073 0.381674365 -2.887288286
24 13.525100708 -0.000015259 0 0.024995838 -0.067733891 -0.124612024
25 11.953048706 0.000007629 0.000007629 0.118384799 0.042597625 -0.035791622
26 8.290359497 -0.000015259 -0.000007629 0.135936632 0.08180812 -0.266548866
27 7.875 -0.000022888 0.000003815 0.061252415 0.178943389 -0.137338985
28 8.785797119 -0.000038147 0 0.126351308 0.097546164 -0.089371516
29 8.903717041 0.000011444 0.000003815 -0.237106732 0.44042397 0.261609227
30 5.903427124 -12.801288605 -17.69320488 -1.598720893 0.442583503 -2.77991415
31 13.525115967 0 0 -0.005427587 -0.028377997 -0.129415731
32 11.953048706 0.000015259 -0.000007629 0.116312416 0.068968579 -0.043570221
33 8.290390015 0 -0.000007629 0.114686425 0.194670646 -0.093253037
34 7.875 -0.000015259 0.000007629 0.024611091 0.241689047 -0.209849474
35 8.785797119 -0.000030518 0 0.111883936 0.192178486 -0.107565432
36 8.9037323 -0.000003815 0 -0.292676417 0.416568362 0.22968523
37 4.435455322 0.000126362 -25.179960251 -3.117617043 0.363008552 -3.024970545
38 14.171035767 0.000020981 1.280685425 -0.040328541 -0.007993063 -0.066501751
39 10.9765625 0.000011444 0.352539063 0.017125791 0.161417924 0.045728999
40 8.120315552 -0.000007629 -0.000015259 0.009769708 0.187077427 0.086512364
41 8.120285034 -0.000003815 -0.000030518 -0.013582617 0.092642668 0.0969676
42 8.120330811 0.000001431 -0.000015259 -0.006125505 0.270636129 0.051004338
43 8.120346069 -0.000003815 0.000068665 -0.477040233 -0.23129885 0.171052717
44 7.146972656 16.179798126 -9.195619583 1.376844409 -0.303705466 -0.072871366
45 -13.525115967 -0.000007629 0.000003815 -0.058318294 -0.252190243 0.290184579
46 -11.953041077 -0.000022888 0 0.058835292 -0.145827704 0.040815311
47 -8.290393829 0 0.000015259 0.121429486 0.087109694 0.007116405
48 -7.875 0 0 0.020865201 0.218333897 -0.245050677
49 -8.785785675 0.000030518 -0.000007629 0.019269903 0.310345923 -0.444822366
50 -8.903717041 0.000015259 0.000001907 0.162558631 -0.211931629 0.115054981
51 7.146957397 -16.26625061 -9.195617676 -1.594435862 0.362965226 -2.75698367
52 13.525115967 0.000007629 0.000007629 -0.091106704 -0.113685951 -0.057827883
53 11.953033447 0.000007629 0 0.110091 0.12398995 -0.033264039
54 8.290390015 0.000007629 0 0.139909078 0.306914575 -0.033227377
55 7.875 -0.000015259 0.000015259 0.032985074 0.348183017 -0.157062354
56 8.785797119 -0.000030518 0.000001907 0.060136238 0.325832559 -0.20766216
57 8.90372467 -0.000003815 -0.000007629 -0.39020363 0.321075214 0.164042265
58 -5.36730957 8.366909027 8.703121185 1.806570066 -0.788183465 3.111927434
59 13.525123596 0 0 -0.296468905 -0.078299246 -0.169078084
60 -3.441879272 -10.792387962 9.377009392 1.729829798 -0.909388544 -3.033139167
61 13.525131226 0 0.000003815 -0.409402828 0.138355116 -0.535798541
62 11.953048706 0.000015259 0 0.222878427 -0.061973538 -0.586988968
63 8.290374756 0.000003815 0 0.134564283 -0.115018426 -0.009318693
64 7.875 -0.000034332 0 0.080239117 -0.080711954 0.16173155
65 19.39491272 -14.052387238 -0.467090607 -1.346824299 -0.785307008 -0.142428274
66 26.240768433 0.000015259 -0.000001907 -0.007648707 -0.323935103 0.536499451
67 31.971008301 0.000007629 0 -1.678648368 0.467889424 -0.13378373
68 4.627258301 -2.311302185 4.185630798 -0.021512477 -0.254658869 -0.451859094
69 2.980117798 0 -0.000000954 -0.040823197 0.14004721 0.242069561
70 1.982421875 0.000019073 0.000019073 0.001822187 0.301463179 0.041313792
71 10.844894409 -1.281569481 -1.331680298 0.003154845 -0.01855101 -1.502721343
72 3.98828125 0 0.000041962 0.024656551 0.116612118 -1.30426207
73 2.26953125 -0.000007629 -0.000011444 0.010246566 0.020303916 -1.235445909
74 10.908889771 -1.23739624 0.829597473 -0.003109352 -0.01605034 -0.895852925
75 3.989456177 0 0.000049591 -0.026019839 0.050783303 -0.636960393
76 3.478284836 -0.000030518 -0.000007629 0.025346404 -0.11085993 -0.737210855
77 10.291915894 -1.202157974 -3.34413147 0.018038834 -0.023865117 -1.537453755
78 2.757152557 0 0.000022888 -0.269907553 -0.095587855 -1.29157427
79 1.775390625 0 -0.000022888 0.198076059 0.357239486 -1.30316968
80 10.971908569 -1.193932533 2.957344055 -0.014265529 -0.004860461 -1.002109965
81 3.82421875 -0.000030518 0.000038147 -0.000596317 0.002170439 -0.689801398
82 2.94140625 0 0 0.003950255 0.00698882 -0.847183373
83 0 0.000009537 0.000007629 -0.281161032 -0.158281714 -1.026998567
84 19.394897461 13.160596848 -0.467079163 1.401209606 1.024975721 -3.104238507
85 -26.240768433 0.000030518 0.000001907 0.323969435 -0.404134518 0.394902968
86 -31.97102356 0 -0.000015259 -1.81792558 0.01103903 0.008162281
87 -11.614593506 3.933109283 0.069389343 1.720533477 1.395162973 1.933670481
88 -10.48449707 1.069202423 3.539878845 -3.131584703 0.028220486 2.411526648
89 2.757156372 0.000015259 0.000019073 -0.011712134 0.035128624 1.019560794
90 1.775390625 0 -0.000030518 -0.204499622 -0.298392802 0.873982333
91 -11.046478271 1.142410278 1.529701233 -3.130487012 0.018259081 2.114134707
92 3.98828125 0.000030518 0.000041962 0.004872241 -0.009924216 1.610032301
93 2.26953125 0.000007629 0.000007629 -0.076539319 -0.095407065 1.438172442
94 -11.192642212 1.041530609 -2.758430481 -3.117466097 -0.002180357 2.477429666
95 3.82421875 0.000030518 0.000041962 0.00053161 0.002187187 1.610324685
96 8.785766602 -0.000030518 -0.000003815 0.028889808 0.206538207 -0.655495889
97 2.94140625 0.000015259 -0.000015259 -0.004550553 0.006091757 1.767588569
98 -11.120147705 1.091533661 -0.631126404 -3.128907678 0.018357161 2.400346066
99 3.989395142 0.000015259 0.000038147 0.021444626 0.041947477 1.751021405
100 3.478317261 0.000030518 -0.000015259 -0.001306817 0.004312204 1.848998194
101 -4.853607178 2.155090332 -4.018516541 3.123057975 0.125574955 2.46129872
102 2.980133057 0 0.000019073 0.038574713 -0.163808097 -0.240289671
103 1.982421875 -0.000015259 0.00003624 0 0 -0.040571652
104 0 -0.000015259 -0.000015259 -0.01786834 -0.032037725 -0.918099438
105 7.08984375 0 0 3.141592654 -0.174494806 3.141592654
106 7.528244019 8.168074608 -1.232803345 2.885017799 0.303466685 3.108838628
107 -54.911254883 -0.649675369 -0.176704407 1.856728718 0.785609017 0.048036467
108 -61.183185577 0.000005722 -0.000001907 0.174037262 0.013709953 -0.309466751
109 8.588668823 0 1.514417648 0 0 0
110 4.260528564 -21.349500656 -3.218471527 -0.229646484 -0.146054022 -0.303432411
111 15.606674194 0 -0.00001049 -0.000166825 0.008804448 -0.077101428
112 15.853752136 0 -0.000006676 0.001034419 -0.004872419 -0.105185125
113 15.151866913 0 0.000000954 -0.000242335 -0.025206355 0.046622017
114 11.149963379 0.000015259 -0.000007153 -0.040082832 0.120800773 -0.029237533
115 1.725112915 -0.142127961 11.160657883 -2.019105011 -0.695607809 0.137591666
116 15.606689453 0 -0.000001907 -0.000038848 0.005696781 -0.013638317
117 15.853736877 0 -0.000003815 0.000207166 -0.003278038 -0.021062044
118 15.151851654 -0.000007629 0 -0.000429928 -0.016567427 0.051887525
119 11.149967194 0 0 -0.004405233 0.001667874 0.242797748
120 6.67868042 -0.142132968 -16.932609558 1.571106218 -0.034669705 3.141587281
121 -15.606674194 0.000007629 -0.00000003 0 0 0.03642768
122 -15.853752136 0.000003815 0.00000599 0 0 -0.049896253
123 -15.151847839 0.000001907 0 0 0 -0.092391777
124 -11.14994812 0 0.00000602 0 0 0.081764736
125 2.507659912 15.939216614 6.722545624 -1.789671757 0.255676781 -2.869102546
126 -15.606681824 0.000003815 0 0.009385853 0.02883831 -0.019633782
127 -15.853759766 0 0.000007629 0.019109805 -0.044540182 0.069007331
128 -15.15184021 0 0.000015259 -0.005599807 0.030225961 -0.061904571
129 -11.14995575 -0.000005722 0.000007629 0.01299221 0.10724761 -0.197494444
130 2.507629395 -17.075351715 6.722560883 -1.394725005 -0.44812799 -0.316868681
131 15.606674194 0 0 0.008159466 0.065780716 -0.038165954
132 15.853744507 0 0.000011444 0.016857311 -0.065212155 0.079359691
133 15.151855469 0 0.000003815 -0.004811342 -0.074176429 -0.00534957
134 11.149967194 0 -0.000019073 0.05088976 -0.113244038 0.07765244
135 5.8931427 15.939212799 -12.47754097 3.060441594 0.13907538 0.286958964
136 15.606674194 0 0.000024796 0.008540472 0.026244826 -0.040031727
137 15.853744507 -0.000007629 -0.000009537 0.019970458 -0.042790533 0.080236828
138 15.151855469 0 0 -0.004291762 0.039529114 -0.00310652
139 11.14994812 0 -0.000003815 0.035401214 0.06395871 0.093067358
140 5.893157959 -17.075357437 -12.477553368 1.665114988 0.046168712 2.945850245
141 -15.606643677 0 0.000007629 0.009723005 0.035252412 -0.006735109
142 -15.853729248 0 -0.000011444 0.018200513 -0.048410839 0.061738206
143 -15.15184021 -0.000003815 0 -0.005534283 0.010617144 -0.098212712
144 -11.14994812 -0.000005722 -0.000007629 -0.271235576 -0.11581174 -0.002329874
145 4.260498047 20.773923874 -3.218486786 0.023101859 -0.035501231 -2.90636479
146 -15.606689453 0.000007629 0.000000954 -0.000066307 -0.015972363 0.051538972
147 -15.853744507 0.000007629 0 -0.001229383 0.008934189 -0.081771056
148 -15.151832581 -0.000003815 0.000001907 -0.000079632 0.045666191 0.007855074
149 -11.149971008 0 -0.000001907 -0.01022957 0.299857428 -0.226108714
150 7.528259277 -8.043748856 -1.232804298 -0.653604446 -0.226792034 0.150327416
151 54.911224365 0.649678707 0.176696777 1.571141194 0.649263053 0.091400882
152 61.183162689 -0.000007629 0.000000238 0.542701548 0.211647802 0.109075119
153 -0.364088595 36.477970123 12.189170837 0.340633688 -0.000040147 0.000233438
154 -0.364086866 -2.758006096 4.994803905 0 0 0.000244115
155 -0.364086866 -2.758006096 4.994803905 0 0 0.000244115
156 -0.364086866 -2.758006096 4.994803905 0 0 0.000244115
157 -0.364086866 -2.758006096 4.994803905 0 0 0.000244115
158 -0.364086866 -2.758006096 4.994803905 0 0 0.000244115
159 -0.364086866 -2.758006096 4.994803905 0 0 0.000244115
160 -0.364086866 -2.758006096 4.994803905 0 0 0.000244115
161 -0.364086866 -2.758006096 4.994803905 0 0 0.000244115
162 -0.498048782 -4.95163393 0.510848999 0 0 0.000244115
163 -0.364086866 -2.758006096 4.994803905 0 0 0.000244115
time 31
0 -0.364086866 -2.758006096 4.994803905 0 0 0.000244115
1 -0.355918914 -24.813129425 11.171373616 3.141592654 -1.497890235 1.570796489
2 130.809036255 0 0.000001907 0 0 0
3 6.662033081 -0.142129987 2.521337509 2.93088364 -0.190273848 -0.011382371
4 24.360946655 -0.000000954 0.000019073 0.10792569 -0.021553803 0.027710215
5 24.806411743 -0.000006676 0.765964508 -0.834961108 -0.344067487 0.13280885
6 8.120300293 -0.000001907 0 0.878961621 0.160260258 -0.144032846
7 8.120300293 -0.000000954 0 3.141592654 -1.17489882 3.141592654
8 8.120300293 -0.000000954 0 -0.216192487 -1.369859591 0.175150136
9 5.115219116 7.517076492 -23.079305649 1.501763517 -0.35837646 0.015053389
10 -13.525115967 0 0 0.020005387 0.078718099 -0.106990107
11 -11.953033447 -0.000022888 0 0.018272549 -0.049804176 -0.029814196
12 -8.290390015 -0.000015259 -0.000000954 0.079205347 -0.092269224 -0.287474362
13 -7.875 0.000030518 0 0.021999578 0.010552016 -0.163649283
14 -8.785766602 0.000032425 0.000001907 0.166495487 -0.021809568 -0.141133797
15 -8.903717041 0.000011444 -0.000007629 0.327982297 0.037887549 0.442256455
16 5.903442383 12.714838982 -17.693174362 1.370188491 -0.37922568 -0.02939746
17 -13.525131226 0.000007629 0 -0.00019572 0.073972728 -0.09168408
18 -11.953063965 0 0 0.045771555 -0.065322927 -0.028794384
19 -8.290390015 0.000007629 0 0.066203572 0.010941983 -0.095367015
20 -7.875 0.000030518 -0.000011444 0.000105827 0.075829999 -0.236881946
21 -8.78578186 0.000038147 -0.000001907 0.10474397 0.122359689 -0.186294187
22 -8.903717041 0 -0.000001431 0.242266841 -0.191441687 0.36051377
23 5.115203857 -7.603523731 -23.079328537 -1.554662073 0.381674365 -2.887288286
24 13.525100708 -0.000015259 0 0.023722762 -0.078966811 -0.107679665
25 11.953048706 0.000007629 0.000007629 0.119200159 0.031701027 -0.016788398
26 8.290359497 -0.000015259 -0.000007629 0.134645243 0.084109908 -0.275364776
27 7.875 -0.000022888 0.000003815 0.05744659 0.194426314 -0.173886723
28 8.785797119 -0.000038147 0 0.123272363 0.116287515 -0.149162647
29 8.903717041 0.000011444 0.000003815 -0.237106732 0.44042397 0.261609227
30 5.903427124 -12.801288605 -17.69320488 -1.598720893 0.442583503 -2.77991415
31 13.525115967 0 0 -0.006072968 -0.042963348 -0.111647854
32 11.953048706 0.000015259 -0.000007629 0.117724812 0.054253183 -0.023963312
33 8.290390015 0 -0.000007629 0.117770534 0.201945425 -0.091607511
34 7.875 -0.000015259 0.000007629 0.023259511 0.268035716 -0.244785252
35 8.785797119 -0.000030518 0 0.107576787 0.226539096 -0.172186103
36 8.9037323 -0.000003815 0 -0.292676417 0.416568362 0.22968523
37 4.435455322 0.000126362 -25.179960251 -3.117617043 0.363008552 -3.024970545
38 14.171035767 0.000020981 1.280685425 -0.040649406 -0.031977155 -0.072760184
39 10.9765625 0.000011444 0.352539063 0.016403444 0.144845563 0.039965352
40 8.120315552 -0.000007629 -0.000015259 0.011334984 0.196986886 0.090924588
41 8.120285034 -0.000003815 -0.000030518 -0.009452614 0.130133918 0.112760775
42 8.120330811 0.000001431 -0.000015259 0.001985776 0.336396758 0.075124318
43 8.120346069 -0.000003815 0.000068665 -0.477040233 -0.23129885 0.171052717
44 7.146972656 16.179798126 -9.195619583 1.376844409 -0.303705466 -0.072871366
45 -13.525115967 -0.000007629 0.000003815 -0.058318294 -0.252190243 0.290184579
46 -11.953041077 -0.000022888 0 0.052700962 -0.171939632 0.079721925
47 -8.290393829 0 0.000015259 0.125275728 0.069810641 0.040209308
48 -7.875 0 0 0.026600823 0.224661576 -0.245570635
49 -8.785785675 0.000030518 -0.000007629 0.016278005 0.335730878 -0.49790041
50 -8.903717041 0.000015259 0.000001907 0.162558631 -0.211931629 0.115054981
51 7.146957397 -16.26625061 -9.195617676 -1.594435862 0.362965226 -2.75698367
52 13.525115967 0.000007629 0.000007629 -0.093249467 -0.13152597 -0.040274728
53 11.953033447 0.000007629 0 0.112572076 0.105783357 -0.015331713
54 8.290390015 0.000007629 0 0.146651684 0.318877587 -0.02792348
55 7.875 -0.000015259 0.000015259 0.035167886 0.385902139 -0.186152253
56 8.785797119 -0.000030518 0.000001907 0.054001234 0.372894644 -0.269533403
57 8.90372467 -0.000003815 -0.000007629 -0.39020363 0.321075214 0.164042265
58 -5.36730957 8.366909027 8.703121185 1.807966101 -0.807375953 3.110001555
59 13.525123596 0 0 -0.296468905 -0.078299246 -0.169078084
60 -3.441879272 -10.792387962 9.377009392 1.725441483 -0.931613631 -3.027655531
61 13.525131226 0 0.000003815 -0.406973362 0.149525702 -0.533081473
62 11.953048706 0.000015259 0 0.226642697 -0.051691333 -0.616883938
63 8.290374756 0.000003815 0 0.140363903 -0.122037727 -0.05558003
64 7.875 -0.000034332 0 0.083799156 -0.103356525 0.124909167
65 19.39491272 -14.052387238 -0.467090607 -1.33585703 -0.79268178 -0.148538848
66 26.240768433 0.000015259 -0.000001907 -0.007661882 -0.327924558 0.536515774
67 31.971008301 0.000007629 0 -1.678648368 0.467889424 -0.13378373
68 4.627258301 -2.311302185 4.185630798 -0.021512477 -0.254658869 -0.451859094
69 2.980117798 0 -0.000000954 -0.040823197 0.14004721 0.242069561
70 1.982421875 0.000019073 0.000019073 0.001822187 0.301463179 0.041313792
71 10.844894409 -1.281569481 -1.331680298 0.003154845 -0.01855101 -1.502721343
72 3.98828125 0 0.000041962 0.024656551 0.116612118 -1.30426207
73 2.26953125 -0.000007629 -0.000011444 0.010246566 0.020303916 -1.235445909
74 10.908889771 -1.23739624 0.829597473 -0.003109352 -0.01605034 -0.895852925
75 3.989456177 0 0.000049591 -0.026019839 0.050783303 -0.636960393
76 3.478284836 -0.000030518 -0.000007629 0.025346404 -0.11085993 -0.737210855
77 10.291915894 -1.202157974 -3.34413147 0.018038834 -0.023865117 -1.537453755
78 2.757152557 0 0.000022888 -0.269907553 -0.095587855 -1.29157427
79 1.775390625 0 -0.000022888 0.198076059 0.357239486 -1.30316968
80 10.971908569 -1.193932533 2.957344055 -0.014265529 -0.004860461 -1.002109965
81 3.82421875 -0.000030518 0.000038147 -0.000596317 0.002170439 -0.689801398
82 2.94140625 0 0 0.003950255 0.00698882 -0.847183373
83 0 0.000009537 0.000007629 -0.281161032 -0.158281714 -1.026998567
84 19.394897461 13.160596848 -0.467079163 1.401209606 1.024975721 -3.104238507
85 -26.240768433 0.000030518 0.000001907 0.323969435 -0.404134518 0.394902968
86 -31.97102356 0 -0.000015259 -1.81792558 0.01103903 0.008162281
87 -11.614593506 3.933109283 0.069389343 1.720533477 1.395162973 1.933670481
88 -10.48449707 1.069202423 3.539878845 -3.131584703 0.028220486 2.411526648
89 2.757156372 0.000015259 0.000019073 -0.011712134 0.035128624 1.019560794
90 1.775390625 0 -0.000030518 -0.204499622 -0.298392802 0.873982333
91 -11.046478271 1.142410278 1.529701233 -3.130487012 0.018259081 2.114134707
92 3.98828125 0.000030518 0.000041962 0.004872241 -0.009924216 1.610032301
93 2.26953125 0.000007629 0.000007629 -0.076539319 -0.095407065 1.438172442
94 -11.192642212 1.041530609 -2.758430481 -3.117466097 -0.002180357 2.477429666
95 3.82421875 0.000030518 0.000041962 0.00053161 0.002187187 1.610324685
96 8.785766602 -0.000030518 -0.000003815 0.028889808 0.206538207 -0.655495889
97 2.94140625 0.000015259 -0.000015259 -0.004550553 0.006091757 1.767588569
98 -11.120147705 1.091533661 -0.631126404 -3.128907678 0.018357161 2.400346066
99 3.989395142 0.000015259 0.000038147 0.021444626 0.041947477 1.751021405
100 3.478317261 0.000030518 -0.000015259 -0.001306817 0.004312204 1.848998194
101 -4.853607178 2.155090332 -4.018516541 3.123057975 0.125574955 2.46129872
102 2.980133057 0 0.000019073 0.038574713 -0.163808097 -0.240289671
103 1.982421875 -0.000015259 0.00003624 0 0 -0.040571652
104 0 -0.000015259 -0.000015259 -0.01786834 -0.032037725 -0.918099438
105 7.08984375 0 0 3.141592654 -0.174494806 3.141592654
106 7.528244019 8.168074608 -1.232803345 2.885017799 0.303466685 3.108838628
107 -54.911254883 -0.649675369 -0.176704407 1.856728718 0.785609017 0.048036467
108 -61.183185577 0.000005722 -0.000001907 0.174037262 0.013709953 -0.309466751
109 8.588668823 0 1.514417648 0 0 0
110 4.260528564 -21.349500656 -3.218471527 -0.229646484 -0.146054022 -0.303432411
111 15.606674194 0 -0.00001049 -0.000290111 0.012601651 -0.087124703
112 15.853752136 0 -0.000006676 0.00122575 -0.001744245 -0.116508311
113 15.151866913 0 0.000000954 0.000204009 -0.024350862 0.03996779
114 11.149963379 0.000015259 -0.000007153 -0.040082832 0.120800773 -0.029237533
115 1.725112915 -0.142127961 11.160657883 -2.019105011 -0.695607809 0.137591666
116 15.606689453 0 -0.000001907 -0.000202186 0.008284415 -0.027968622
117 15.853736877 0 -0.000003815 0.000279358 -0.00120388 -0.033837958
118 15.151851654 -0.000007629 0 -0.000192706 -0.015968539 0.045754861
119 11.149967194 0 0 -0.004405233 0.001667874 0.242797748
120 6.67868042 -0.142132968 -16.932609558 1.571106218 -0.034669705 3.141587281
121 -15.606674194 0.000007629 -0.00000003 0 0 0.044284112
122 -15.853752136 0.000003815 0.00000599 0 0 -0.044888475
123 -15.151847839 0.000001907 0 0 0 -0.094206399
124 -11.14994812 0 0.00000602 0 0 0.081764736
125 2.507659912 15.939216614 6.722545624 -1.789671757 0.255676781 -2.869102546
126 -15.606681824 0.000003815 0 0.009358854 0.021763373 -0.020529672
127 -15.853759766 0 0.000007629 0.019175319 -0.051727193 0.070325398
128 -15.15184021 0 0.000015259 -0.005755771 0.026678823 -0.06241337
129 -11.14995575 -0.000005722 0.000007629 0.01299221 0.10724761 -0.197494444
130 2.507629395 -17.075351715 6.722560883 -1.394725005 -0.44812799 -0.316868681
131 15.606674194 0 0 0.007555873 0.075140377 -0.047228535
132 15.853744507 0 0.000011444 0.017174374 -0.05912054 0.073776816
133 15.151855469 0 0.000003815 -0.004120846 -0.07461136 -0.007620151
134 11.149967194 0 -0.000019073 0.05088976 -0.113244038 0.07765244
135 5.8931427 15.939212799 -12.47754097 3.060441594 0.13907538 0.286958964
136 15.606674194 0 0.000024796 0.008356098 0.018082088 -0.049909532
137 15.853744507 -0.000007629 -0.000009537 0.020576391 -0.050955111 0.074098764
138 15.151855469 0 0 -0.004326734 0.03555284 -0.005429426
139 11.14994812 0 -0.000003815 0.035401214 0.06395871 0.093067358
140 5.893157959 -17.075357437 -12.477553368 1.665114988 0.046168712 2.945850245
141 -15.606643677 0 0.000007629 0.009897856 0.031085164 -0.001918024
142 -15.853729248 0 -0.000011444 0.01798369 -0.053213873 0.067665344
143 -15.15184021 -0.000003815 0 -0.005815676 0.007579501 -0.097859042
144 -11.14994812 -0.000005722 -0.000007629 -0.271235576 -0.11581174 -0.002329874
145 4.260498047 20.773923874 -3.218486786 0.023101859 -0.035501231 -2.90636479
146 -15.606689453 0.000007629 0.000000954 -0.000254426 -0.022963407 0.059746932
147 -15.853744507 0.000007629 0 -0.001337427 0.003317218 -0.077188669
148 -15.151832581 -0.000003815 0.000001907 0.000122539 0.04437036 0.009413596
149 -11.149971008 0 -0.000001907 -0.01022957 0.299857428 -0.226108714
150 7.528259277 -8.043748856 -1.232804298 -0.653604446 -0.226792034 0.150327416
151 54.911224365 0.649678707 0.176696777 1.571141194 0.649263053 0.091400882
152 61.183162689 -0.000007629 0.000000238 0.542701548 0.211647802 0.109075119
153 -0.364088595 36.477970123 12.189170837 0.340633688 -0.000040147 0.000233438
154 -0.364086866 -2.758006096 4.994803905 0 0 0.000244115
155 -0.364086866 -2.758006096 4.994803905 0 0 0.000244115
156 -0.364086866 -2.758006096 4.994803905 0 0 0.000244115
157 -0.364086866 -2.758006096 4.994803905 0 0 0.000244115
158 -0.364086866 -2.758006096 4.994803905 0 0 0.000244115
159 -0.364086866 -2.758006096 4.994803905 0 0 0.000244115
160 -0.364086866 -2.758006096 4.994803905 0 0 0.000244115
161 -0.364086866 -2.758006096 4.994803905 0 0 0.000244115
162 -0.498048782 -4.95163393 0.510848999 0 0 0.000244115
163 -0.364086866 -2.758006096 4.994803905 0 0 0.000244115
time 32
0 -0.364086866 -2.758006096 4.994803905 0 0 0.000244115
1 -0.355918914 -24.813129425 12.432249826 3.141592654 -1.497890235 1.570796489
2 130.809036255 0 0.000001907 0 0 0
3 6.662033081 -0.142129987 2.521337509 2.93088364 -0.190273848 -0.011382371
4 24.360946655 -0.000000954 0.000019073 0.10792569 -0.021553803 0.027710215
5 24.806411743 -0.000006676 0.765964508 -0.834961108 -0.344067487 0.13280885
6 8.120300293 -0.000001907 0 0.878961621 0.160260258 -0.144032846
7 8.120300293 -0.000000954 0 3.141592654 -1.17489882 3.141592654
8 8.120300293 -0.000000954 0 -0.216192487 -1.369859591 0.175150136
9 5.115219116 7.517076492 -23.079305649 1.501763517 -0.35837646 0.015053389
10 -13.525115967 0 0 0.020656995 0.079508803 -0.098134808
11 -11.953033447 -0.000022888 0 0.017689728 -0.050067336 -0.020216783
12 -8.290390015 -0.000015259 -0.000000954 0.079040393 -0.095602197 -0.293212456
13 -7.875 0.000030518 0 0.021361864 0.007218421 -0.180321883
14 -8.785766602 0.000032425 0.000001907 0.166575042 -0.025799536 -0.166404555
15 -8.903717041 0.000011444 -0.000007629 0.327982297 0.037887549 0.442256455
16 5.903442383 12.714838982 -17.693174362 1.370188491 -0.37922568 -0.02939746
17 -13.525131226 0.000007629 0 0.000467819 0.072343842 -0.082579388
18 -11.953063965 0 0 0.044873948 -0.069098896 -0.018743087
19 -8.290390015 0.000007629 0 0.065929636 0.00944918 -0.095071096
20 -7.875 0.000030518 -0.000011444 -0.000983578 0.078205919 -0.253036808
21 -8.78578186 0.000038147 -0.000001907 0.102153273 0.128215144 -0.215345366
22 -8.903717041 0 -0.000001431 0.242266841 -0.191441687 0.36051377
23 5.115203857 -7.603523731 -23.079328537 -1.554662073 0.381674365 -2.887288286
24 13.525100708 -0.000015259 0 0.022959874 -0.084889288 -0.09855975
25 11.953048706 0.000007629 0.000007629 0.119551441 0.025619241 -0.006163283
26 8.290359497 -0.000015259 -0.000007629 0.134040323 0.085014634 -0.279352461
27 7.875 -0.000022888 0.000003815 0.055400308 0.202323388 -0.192239023
28 8.785797119 -0.000038147 0 0.121521309 0.125887277 -0.179589737
29 8.903717041 0.000011444 0.000003815 -0.237106732 0.44042397 0.261609227
30 5.903427124 -12.801288605 -17.69320488 -1.598720893 0.442583503 -2.77991415
31 13.525115967 0 0 -0.006567264 -0.050815952 -0.102110264
32 11.953048706 0.000015259 -0.000007629 0.118401409 0.046004217 -0.013100895
33 8.290390015 0 -0.000007629 0.11947723 0.205221554 -0.089778781
34 7.875 -0.000015259 0.000007629 0.022692661 0.281366257 -0.261726401
35 8.785797119 -0.000030518 0 0.105380718 0.244023458 -0.20424063
36 8.9037323 -0.000003815 0 -0.292676417 0.416568362 0.22968523
37 4.435455322 0.000126362 -25.179960251 -3.117617043 0.363008552 -3.024970545
38 14.171035767 0.000020981 1.280685425 -0.040806304 -0.044840895 -0.07604737
39 10.9765625 0.000011444 0.352539063 0.01607381 0.135266712 0.03673584
40 8.120315552 -0.000007629 -0.000015259 0.012107844 0.201551734 0.093047069
41 8.120285034 -0.000003815 -0.000030518 -0.007095777 0.148871396 0.120984995
42 8.120330811 0.000001431 -0.000015259 0.007059095 0.369603342 0.088017632
43 8.120346069 -0.000003815 0.000068665 -0.477040233 -0.23129885 0.171052717
44 7.146972656 16.179798126 -9.195619583 1.376844409 -0.303705466 -0.072871366
45 -13.525115967 -0.000007629 0.000003815 -0.058318294 -0.252190243 0.290184579
46 -11.953041077 -0.000022888 0 0.048969109 -0.185737852 0.100499717
47 -8.290393829 0 0.000015259 0.127015507 0.060167631 0.058174967
48 -7.875 0 0 0.029858439 0.226855582 -0.243805756
49 -8.785785675 0.000030518 -0.000007629 0.015351172 0.347699176 -0.521774237
50 -8.903717041 0.000015259 0.000001907 0.162558631 -0.211931629 0.115054981
51 7.146957397 -16.26625061 -9.195617676 -1.594435862 0.362965226 -2.75698367
52 13.525115967 0.000007629 0.000007629 -0.094521704 -0.140976783 -0.030920038
53 11.953033447 0.000007629 0 0.113787087 0.09553118 -0.005374342
54 8.290390015 0.000007629 0 0.150523489 0.324374157 -0.024007103
55 7.875 -0.000015259 0.000015259 0.036621547 0.4048611 -0.199783496
56 8.785797119 -0.000030518 0.000001907 0.051412376 0.396148218 -0.299321809
57 8.90372467 -0.000003815 -0.000007629 -0.39020363 0.321075214 0.164042265
58 -5.36730957 8.366909027 8.703121185 1.808860398 -0.817593823 3.108861003
59 13.525123596 0 0 -0.296468905 -0.078299246 -0.169078084
60 -3.441879272 -10.792387962 9.377009392 1.723042429 -0.94335667 -3.024666868
61 13.525131226 0 0.000003815 -0.405665779 0.155610643 -0.531364189
62 11.953048706 0.000015259 0 0.228405711 -0.046144567 -0.631916442
63 8.290374756 0.000003815 0 0.143722976 -0.125272169 -0.078931373
64 7.875 -0.000034332 0 0.086205095 -0.114472101 0.105190085
65 19.39491272 -14.052387238 -0.467090607 -1.324872011 -0.800897144 -0.154228209
66 26.240768433 0.000015259 -0.000001907 -0.007700227 -0.331999715 0.536542885
67 31.971008301 0.000007629 0 -1.678648368 0.467889424 -0.13378373
68 4.627258301 -2.311302185 4.185630798 -0.021512477 -0.254658869 -0.451859094
69 2.980117798 0 -0.000000954 -0.040823197 0.14004721 0.242069561
70 1.982421875 0.000019073 0.000019073 0.001822187 0.301463179 0.041313792
71 10.844894409 -1.281569481 -1.331680298 0.003154845 -0.01855101 -1.502721343
72 3.98828125 0 0.000041962 0.024656551 0.116612118 -1.30426207
73 2.26953125 -0.000007629 -0.000011444 0.010246566 0.020303916 -1.235445909
74 10.908889771 -1.23739624 0.829597473 -0.003109352 -0.01605034 -0.895852925
75 3.989456177 0 0.000049591 -0.026019839 0.050783303 -0.636960393
76 3.478284836 -0.000030518 -0.000007629 0.025346404 -0.11085993 -0.737210855
77 10.291915894 -1.202157974 -3.34413147 0.018038834 -0.023865117 -1.537453755
78 2.757152557 0 0.000022888 -0.269907553 -0.095587855 -1.29157427
79 1.775390625 0 -0.000022888 0.198076059 0.357239486 -1.30316968
80 10.971908569 -1.193932533 2.957344055 -0.014265529 -0.004860461 -1.002109965
81 3.82421875 -0.000030518 0.000038147 -0.000596317 0.002170439 -0.689801398
82 2.94140625 0 0 0.003950255 0.00698882 -0.847183373
83 0 0.000009537 0.000007629 -0.281161032 -0.158281714 -1.026998567
84 19.394897461 13.160596848 -0.467079163 1.401209606 1.024975721 -3.104238507
85 -26.240768433 0.000030518 0.000001907 0.323969435 -0.404134518 0.394902968
86 -31.97102356 0 -0.000015259 -1.81792558 0.01103903 0.008162281
87 -11.614593506 3.933109283 0.069389343 1.720533477 1.395162973 1.933670481
88 -10.48449707 1.069202423 3.539878845 -3.131584703 0.028220486 2.411526648
89 2.757156372 0.000015259 0.000019073 -0.011712134 0.035128624 1.019560794
90 1.775390625 0 -0.000030518 -0.204499622 -0.298392802 0.873982333
91 -11.046478271 1.142410278 1.529701233 -3.130487012 0.018259081 2.114134707
92 3.98828125 0.000030518 0.000041962 0.004872241 -0.009924216 1.610032301
93 2.26953125 0.000007629 0.000007629 -0.076539319 -0.095407065 1.438172442
94 -11.192642212 1.041530609 -2.758430481 -3.117466097 -0.002180357 2.477429666
95 3.82421875 0.000030518 0.000041962 0.00053161 0.002187187 1.610324685
96 8.785766602 -0.000030518 -0.000003815 0.028889808 0.206538207 -0.655495889
97 2.94140625 0.000015259 -0.000015259 -0.004550553 0.006091757 1.767588569
98 -11.120147705 1.091533661 -0.631126404 -3.128907678 0.018357161 2.400346066
99 3.989395142 0.000015259 0.000038147 0.021444626 0.041947477 1.751021405
100 3.478317261 0.000030518 -0.000015259 -0.001306817 0.004312204 1.848998194
101 -4.853607178 2.155090332 -4.018516541 3.123057975 0.125574955 2.46129872
102 2.980133057 0 0.000019073 0.038574713 -0.163808097 -0.240289671
103 1.982421875 -0.000015259 0.00003624 0 0 -0.040571652
104 0 -0.000015259 -0.000015259 -0.01786834 -0.032037725 -0.918099438
105 7.08984375 0 0 3.141592654 -0.174494806 3.141592654
106 7.528244019 8.168074608 -1.232803345 2.885017799 0.303466685 3.108838628
107 -54.911254883 -0.649675369 -0.176704407 1.856728718 0.785609017 0.048036467
108 -61.183185577 0.000005722 -0.000001907 0.174037262 0.013709953 -0.309466751
109 8.588668823 0 1.514417648 0 0 0
110 4.260528564 -21.349500656 -3.218471527 -0.229646484 -0.146054022 -0.303432411
111 15.606674194 0 -0.00001049 -0.000332777 0.014674264 -0.092396698
112 15.853752136 0 -0.000006676 0.001302893 -0.000093019 -0.122560231
113 15.151866913 0 0.000000954 0.000353168 -0.023661461 0.035821701
114 11.149963379 0.000015259 -0.000007153 -0.040082832 0.120800773 -0.029237533
115 1.725112915 -0.142127961 11.160657883 -2.019105011 -0.695607809 0.137591666
116 15.606689453 0 -0.000001907 -0.000170373 0.009579678 -0.035565586
117 15.853736877 0 -0.000003815 0.000260651 -0.000081037 -0.040657989
118 15.151851654 -0.000007629 0 -0.00006567 -0.01553919 0.041782122
119 11.149967194 0 0 -0.004405233 0.001667874 0.242797748
120 6.67868042 -0.142132968 -16.932609558 1.571106218 -0.034669705 3.141587281
121 -15.606674194 0.000007629 -0.00000003 0 0 0.048428417
122 -15.853752136 0.000003815 0.00000599 0 0 -0.042125691
123 -15.151847839 0.000001907 0 0 0 -0.09489771
124 -11.14994812 0 0.00000602 0 0 0.081764736
125 2.507659912 15.939216614 6.722545624 -1.789671757 0.255676781 -2.869102546
126 -15.606681824 0.000003815 0 0.009305632 0.018053336 -0.021065085
127 -15.853759766 0 0.000007629 0.019277995 -0.055626899 0.071066546
128 -15.15184021 0 0.000015259 -0.005861313 0.02442937 -0.062666392
129 -11.14995575 -0.000005722 0.000007629 0.01299221 0.10724761 -0.197494444
130 2.507629395 -17.075351715 6.722560883 -1.394725005 -0.44812799 -0.316868681
131 15.606674194 0 0 0.007163531 0.08007795 -0.051982818
132 15.853744507 0 0.000011444 0.017292117 -0.055812212 0.070774099
133 15.151855469 0 0.000003815 -0.003800796 -0.07444077 -0.009273563
134 11.149967194 0 -0.000019073 0.05088976 -0.113244038 0.07765244
135 5.8931427 15.939212799 -12.47754097 3.060441594 0.13907538 0.286958964
136 15.606674194 0 0.000024796 0.008255258 0.013784626 -0.055108263
137 15.853744507 -0.000007629 -0.000009537 0.020938863 -0.055251899 0.070851673
138 15.151855469 0 0 -0.004347976 0.032959237 -0.007150622
139 11.14994812 0 -0.000003815 0.035401214 0.06395871 0.093067358
140 5.893157959 -17.075357437 -12.477553368 1.665114988 0.046168712 2.945850245
141 -15.606643677 0 0.000007629 0.010020918 0.028915028 0.000490192
142 -15.853729248 0 -0.000011444 0.017813339 -0.055744241 0.070760242
143 -15.15184021 -0.000003815 0 -0.005979935 0.005671694 -0.097335151
144 -11.14994812 -0.000005722 -0.000007629 -0.271235576 -0.11581174 -0.002329874
145 4.260498047 20.773923874 -3.218486786 0.023101859 -0.035501231 -2.90636479
146 -15.606689453 0.000007629 0.000000954 -0.000336658 -0.026675562 0.06406816
147 -15.853744507 0.000007629 0 -0.001389772 0.000207217 -0.074681501
148 -15.151832581 -0.000003815 0.000001907 0.00023211 0.043333775 0.010710867
149 -11.149971008 0 -0.000001907 -0.01022957 0.299857428 -0.226108714
150 7.528259277 -8.043748856 -1.232804298 -0.653604446 -0.226792034 0.150327416
151 54.911224365 0.649678707 0.176696777 1.571141194 0.649263053 0.091400882
152 61.183162689 -0.000007629 0.000000238 0.542701548 0.211647802 0.109075119
153 -0.364088595 36.477970123 12.189170837 0.340633688 -0.000040147 0.000233438
154 -0.364086866 -2.758006096 4.994803905 0 0 0.000244115
155 -0.364086866 -2.758006096 4.994803905 0 0 0.000244115
156 -0.364086866 -2.758006096 4.994803905 0 0 0.000244115
157 -0.364086866 -2.758006096 4.994803905 0 0 0.000244115
158 -0.364086866 -2.758006096 4.994803905 0 0 0.000244115
159 -0.364086866 -2.758006096 4.994803905 0 0 0.000244115
160 -0.364086866 -2.758006096 4.994803905 0 0 0.000244115
161 -0.364086866 -2.758006096 4.994803905 0 0 0.000244115
162 -0.498048782 -4.95163393 0.510848999 0 0 0.000244115
163 -0.364086866 -2.758006096 4.994803905 0 0 0.000244115
time 33
0 -0.364086866 -2.758006096 4.994803905 0 0 0.000244115
1 -0.355918914 -24.813129425 13.715987241 3.141592654 -1.497890235 1.570796489
2 130.809036255 0 0.000001907 0 0 0
3 6.662033081 -0.142129987 2.521337509 2.93088364 -0.190273848 -0.011382371
4 24.360946655 -0.000000954 0.000019073 0.10792569 -0.021553803 0.027710215
5 24.806411743 -0.000006676 0.765964508 -0.834961108 -0.344067487 0.13280885
6 8.120300293 -0.000001907 0 0.878961621 0.160260258 -0.144032846
7 8.120300293 -0.000000954 0 3.141592654 -1.17489882 3.141592654
8 8.120300293 -0.000000954 0 -0.216192487 -1.369859591 0.175150136
9 5.115219116 7.517076492 -23.079305649 1.501763517 -0.35837646 0.015053389
10 -13.525115967 0 0 0.020958428 0.079824461 -0.094487596
11 -11.953033447 -0.000022888 0 0.017415963 -0.050190862 -0.01615252
12 -8.290390015 -0.000015259 -0.000000954 0.07896083 -0.097109489 -0.295638419
13 -7.875 0.000030518 0 0.021130283 0.005798355 -0.18718544
14 -8.785766602 0.000032425 0.000001907 0.166674087 -0.027441869 -0.176978048
15 -8.903717041 0.000011444 -0.000007629 0.327982297 0.037887549 0.442256455
16 5.903442383 12.714838982 -17.693174362 1.370188491 -0.37922568 -0.02939746
17 -13.525131226 0.000007629 0 0.000716216 0.071655803 -0.078852581
18 -11.953063965 0 0 0.0445675 -0.070662818 -0.014534453
19 -8.290390015 0.000007629 0 0.065786792 0.008829227 -0.094832421
20 -7.875 0.000030518 -0.000011444 -0.001452184 0.079133262 -0.259679985
21 -8.78578186 0.000038147 -0.000001907 0.101086051 0.130628238 -0.227507712
22 -8.903717041 0 -0.000001431 0.242266841 -0.191441687 0.36051377
23 5.115203857 -7.603523731 -23.079328537 -1.554662073 0.381674365 -2.887288286
24 13.525100708 -0.000015259 0 0.022660127 -0.087447586 -0.094775091
25 11.953048706 0.000007629 0.000007629 0.119695484 0.023014201 -0.001647653
26 8.290359497 -0.000015259 -0.000007629 0.133841185 0.085449221 -0.280907175
27 7.875 -0.000022888 0.000003815 0.054513937 0.205568428 -0.199773709
28 8.785797119 -0.000038147 0 0.120770424 0.12987971 -0.192300135
29 8.903717041 0.000011444 0.000003815 -0.237106732 0.44042397 0.261609227
30 5.903427124 -12.801288605 -17.69320488 -1.598720893 0.442583503 -2.77991415
31 13.525115967 0 0 -0.006766726 -0.054092717 -0.098121471
32 11.953048706 0.000015259 -0.000007629 0.118689874 0.042529849 -0.008456814
33 8.290390015 0 -0.000007629 0.1202936 0.206599781 -0.088923878
34 7.875 -0.000015259 0.000007629 0.022462511 0.286913822 -0.268753665
35 8.785797119 -0.000030518 0 0.104466532 0.251278141 -0.217649682
36 8.9037323 -0.000003815 0 -0.292676417 0.416568362 0.22968523
37 4.435455322 0.000126362 -25.179960251 -3.117617043 0.363008552 -3.024970545
38 14.171035767 0.000020981 1.280685425 -0.040827854 -0.050230784 -0.077497428
39 10.9765625 0.000011444 0.352539063 0.015910151 0.131298474 0.035390508
40 8.120315552 -0.000007629 -0.000015259 0.012452389 0.203358742 0.09388354
41 8.120285034 -0.000003815 -0.000030518 -0.006095196 0.156643304 0.124454928
42 8.120330811 0.000001431 -0.000015259 0.009243598 0.383428649 0.093359799
43 8.120346069 -0.000003815 0.000068665 -0.477040233 -0.23129885 0.171052717
44 7.146972656 16.179798126 -9.195619583 1.376844409 -0.303705466 -0.072871366
45 -13.525115967 -0.000007629 0.000003815 -0.058318294 -0.252190243 0.290184579
46 -11.953041077 -0.000022888 0 0.04743355 -0.191464747 0.109219124
47 -8.290393829 0 0.000015259 0.127806532 0.056033675 0.065723005
48 -7.875 0 0 0.031242915 0.22778987 -0.242948606
49 -8.785785675 0.000030518 -0.000007629 0.015134992 0.352627978 -0.531545949
50 -8.903717041 0.000015259 0.000001907 0.162558631 -0.211931629 0.115054981
51 7.146957397 -16.26625061 -9.195617676 -1.594435862 0.362965226 -2.75698367
52 13.525115967 0.000007629 0.000007629 -0.095104511 -0.144954365 -0.026968218
53 11.953033447 0.000007629 0 0.11432049 0.09123076 -0.001267019
54 8.290390015 0.000007629 0 0.152202327 0.32665298 -0.022335977
55 7.875 -0.000015259 0.000015259 0.037285506 0.412680637 -0.205341254
56 8.785797119 -0.000030518 0.000001907 0.050275851 0.405841131 -0.311649945
57 8.90372467 -0.000003815 -0.000007629 -0.39020363 0.321075214 0.164042265
58 -5.36730957 8.366909027 8.703121185 1.809125371 -0.821779666 3.108416
59 13.525123596 0 0 -0.296468905 -0.078299246 -0.169078084
60 -3.441879272 -10.792387962 9.377009392 1.722167486 -0.948268608 -3.023550996
61 13.525131226 0 0.000003815 -0.405091985 0.158112058 -0.53057561
62 11.953048706 0.000015259 0 0.229208766 -0.043826256 -0.638262528
63 8.290374756 0.000003815 0 0.145026441 -0.126548271 -0.088571448
64 7.875 -0.000034332 0 0.08722207 -0.119170648 0.096969441
65 19.39491272 -14.052387238 -0.467090607 -1.314043247 -0.810109624 -0.159460299
66 26.240768433 0.000015259 -0.000001907 -0.007701861 -0.336268262 0.536575842
67 31.971008301 0.000007629 0 -1.678648368 0.467889424 -0.13378373
68 4.627258301 -2.311302185 4.185630798 -0.021512477 -0.254658869 -0.451859094
69 2.980117798 0 -0.000000954 -0.040823197 0.14004721 0.242069561
70 1.982421875 0.000019073 0.000019073 0.001822187 0.301463179 0.041313792
71 10.844894409 -1.281569481 -1.331680298 0.003154845 -0.01855101 -1.502721343
72 3.98828125 0 0.000041962 0.024656551 0.116612118 -1.30426207
73 2.26953125 -0.000007629 -0.000011444 0.010246566 0.020303916 -1.235445909
74 10.908889771 -1.23739624 0.829597473 -0.003109352 -0.01605034 -0.895852925
75 3.989456177 0 0.000049591 -0.026019839 0.050783303 -0.636960393
76 3.478284836 -0.000030518 -0.000007629 0.025346404 -0.11085993 -0.737210855
77 10.291915894 -1.202157974 -3.34413147 0.018038834 -0.023865117 -1.537453755
78 2.757152557 0 0.000022888 -0.269907553 -0.095587855 -1.29157427
79 1.775390625 0 -0.000022888 0.198076059 0.357239486 -1.30316968
80 10.971908569 -1.193932533 2.957344055 -0.014265529 -0.004860461 -1.002109965
81 3.82421875 -0.000030518 0.000038147 -0.000596317 0.002170439 -0.689801398
82 2.94140625 0 0 0.003950255 0.00698882 -0.847183373
83 0 0.000009537 0.000007629 -0.281161032 -0.158281714 -1.026998567
84 19.394897461 13.160596848 -0.467079163 1.401209606 1.024975721 -3.104238507
85 -26.240768433 0.000030518 0.000001907 0.323969435 -0.404134518 0.394902968
86 -31.97102356 0 -0.000015259 -1.81792558 0.01103903 0.008162281
87 -11.614593506 3.933109283 0.069389343 1.720533477 1.395162973 1.933670481
88 -10.48449707 1.069202423 3.539878845 -3.131584703 0.028220486 2.411526648
89 2.757156372 0.000015259 0.000019073 -0.011712134 0.035128624 1.019560794
90 1.775390625 0 -0.000030518 -0.204499622 -0.298392802 0.873982333
91 -11.046478271 1.142410278 1.529701233 -3.130487012 0.018259081 2.114134707
92 3.98828125 0.000030518 0.000041962 0.004872241 -0.009924216 1.610032301
93 2.26953125 0.000007629 0.000007629 -0.076539319 -0.095407065 1.438172442
94 -11.192642212 1.041530609 -2.758430481 -3.117466097 -0.002180357 2.477429666
95 3.82421875 0.000030518 0.000041962 0.00053161 0.002187187 1.610324685
96 8.785766602 -0.000030518 -0.000003815 0.028889808 0.206538207 -0.655495889
97 2.94140625 0.000015259 -0.000015259 -0.004550553 0.006091757 1.767588569
98 -11.120147705 1.091533661 -0.631126404 -3.128907678 0.018357161 2.400346066
99 3.989395142 0.000015259 0.000038147 0.021444626 0.041947477 1.751021405
100 3.478317261 0.000030518 -0.000015259 -0.001306817 0.004312204 1.848998194
101 -4.853607178 2.155090332 -4.018516541 3.123057975 0.125574955 2.46129872
102 2.980133057 0 0.000019073 0.038574713 -0.163808097 -0.240289671
103 1.982421875 -0.000015259 0.00003624 0 0 -0.040571652
104 0 -0.000015259 -0.000015259 -0.01786834 -0.032037725 -0.918099438
105 7.08984375 0 0 3.141592654 -0.174494806 3.141592654
106 7.528244019 8.168074608 -1.232803345 2.885017799 0.303466685 3.108838628
107 -54.911254883 -0.649675369 -0.176704407 1.856728718 0.785609017 0.048036467
108 -61.183185577 0.000005722 -0.000001907 0.174037262 0.013709953 -0.309466751
109 8.588668823 0 1.514417648 0 0 0
110 4.260528564 -21.349500656 -3.218471527 -0.229646484 -0.146054022 -0.303432411
111 15.606674194 0 -0.00001049 -0.000390102 0.015536109 -0.09464435
112 15.853752136 0 -0.000006676 0.001351375 0.000517106 -0.125154306
113 15.151866913 0 0.000000954 0.000464336 -0.023403687 0.034093666
114 11.149963379 0.000015259 -0.000007153 -0.040082832 0.120800773 -0.029237533
115 1.725112915 -0.142127961 11.160657883 -2.019105011 -0.695607809 0.137591666
116 15.606689453 0 -0.000001907 -0.000196944 0.010183515 -0.038673815
117 15.853736877 0 -0.000003815 0.000251379 0.000350818 -0.043507022
118 15.151851654 -0.000007629 0 -0.000048794 -0.015366636 0.040055203
119 11.149967194 0 0 -0.004405233 0.001667874 0.242797748
120 6.67868042 -0.142132968 -16.932609558 1.571106218 -0.034669705 3.141587281
121 -15.606674194 0.000007629 -0.00000003 0 0 0.050241626
122 -15.853752136 0.000003815 0.00000599 0 0 -0.041003326
123 -15.151847839 0.000001907 0 0 0 -0.095156954
124 -11.14994812 0 0.00000602 0 0 0.081764736
125 2.507659912 15.939216614 6.722545624 -1.789671757 0.255676781 -2.869102546
126 -15.606681824 0.000003815 0 0.009320452 0.016500479 -0.021244698
127 -15.853759766 0 0.000007629 0.019299452 -0.057272048 0.071310961
128 -15.15184021 0 0.000015259 -0.005918797 0.023477324 -0.062750287
129 -11.14995575 -0.000005722 0.000007629 0.01299221 0.10724761 -0.197494444
130 2.507629395 -17.075351715 6.722560883 -1.394725005 -0.44812799 -0.316868681
131 15.606674194 0 0 0.007028243 0.082157577 -0.053970796
132 15.853744507 0 0.000011444 0.017370397 -0.054507319 0.069572306
133 15.151855469 0 0.000003815 -0.003686158 -0.07426905 -0.010055516
134 11.149967194 0 -0.000019073 0.05088976 -0.113244038 0.07765244
135 5.8931427 15.939212799 -12.47754097 3.060441594 0.13907538 0.286958964
136 15.606674194 0 0.000024796 0.008205895 0.01197912 -0.057274525
137 15.853744507 -0.000007629 -0.000009537 0.021087831 -0.057055606 0.069447809
138 15.151855469 0 0 -0.004356255 0.03183529 -0.007925205
139 11.14994812 0 -0.000003815 0.035401214 0.06395871 0.093067358
140 5.893157959 -17.075357437 -12.477553368 1.665114988 0.046168712 2.945850245
141 -15.606643677 0 0.000007629 0.010036326 0.028046153 0.001608297
142 -15.853729248 0 -0.000011444 0.017734779 -0.056878342 0.072136062
143 -15.15184021 -0.000003815 0 -0.006027711 0.004892344 -0.097073589
144 -11.14994812 -0.000005722 -0.000007629 -0.271235576 -0.11581174 -0.002329874
145 4.260498047 20.773923874 -3.218486786 0.023101859 -0.035501231 -2.90636479
146 -15.606689453 0.000007629 0.000000954 -0.000413279 -0.028228238 0.065970352
147 -15.853744507 0.000007629 0 -0.001434614 -0.000916602 -0.073644192
148 -15.151832581 -0.000003815 0.000001907 0.000240913 0.042902037 0.011228986
149 -11.149971008 0 -0.000001907 -0.01022957 0.299857428 -0.226108714
150 7.528259277 -8.043748856 -1.232804298 -0.653604446 -0.226792034 0.150327416
151 54.911224365 0.649678707 0.176696777 1.571141194 0.649263053 0.091400882
152 61.183162689 -0.000007629 0.000000238 0.542701548 0.211647802 0.109075119
153 -0.364088595 36.477970123 12.189170837 0.340633688 -0.000040147 0.000233438
154 -0.364086866 -2.758006096 4.994803905 0 0 0.000244115
155 -0.364086866 -2.758006096 4.994803905 0 0 0.000244115
156 -0.364086866 -2.758006096 4.994803905 0 0 0.000244115
157 -0.364086866 -2.758006096 4.994803905 0 0 0.000244115
158 -0.364086866 -2.758006096 4.994803905 0 0 0.000244115
159 -0.364086866 -2.758006096 4.994803905 0 0 0.000244115
160 -0.364086866 -2.758006096 4.994803905 0 0 0.000244115
161 -0.364086866 -2.758006096 4.994803905 0 0 0.000244115
162 -0.498048782 -4.95163393 0.510848999 0 0 0.000244115
163 -0.364086866 -2.758006096 4.994803905 0 0 0.000244115
time 34
0 -0.364086866 -2.758006096 4.994803905 0 0 0.000244115
1 -0.355918914 -24.813129425 14.976867006 3.141592654 -1.497890235 1.570796489
2 130.809036255 0 0.000001907 0 0 0
3 6.662033081 -0.142129987 2.521337509 2.93088364 -0.190273848 -0.011382371
4 24.360946655 -0.000000954 0.000019073 0.10792569 -0.021553803 0.027710215
5 24.806411743 -0.000006676 0.765964508 -0.834961108 -0.344067487 0.13280885
6 8.120300293 -0.000001907 0 0.878961621 0.160260258 -0.144032846
7 8.120300293 -0.000000954 0 3.141592654 -1.17489882 3.141592654
8 8.120300293 -0.000000954 0 -0.216192487 -1.369859591 0.175150136
9 5.115219116 7.517076492 -23.079305649 1.501763517 -0.35837646 0.015053389
10 -13.525115967 0 0 0.021416341 0.080295464 -0.088930405
11 -11.953033447 -0.000022888 0 0.016996205 -0.050247509 -0.009752624
12 -8.290390015 -0.000015259 -0.000000954 0.078863073 -0.099291341 -0.298969992
13 -7.875 0.000030518 0 0.020720115 0.003613635 -0.197441653
14 -8.785766602 0.000032425 0.000001907 0.16672429 -0.029909593 -0.19241142
15 -8.903717041 0.000011444 -0.000007629 0.327982297 0.037887549 0.442256455
16 5.903442383 12.714838982 -17.693174362 1.370188491 -0.37922568 -0.02939746
17 -13.525131226 0.000007629 0 0.001134805 0.070623965 -0.0730457
18 -11.953063965 0 0 0.043909316 -0.073145689 -0.007827328
19 -8.290390015 0.000007629 0 0.065579183 0.007763021 -0.094262559
20 -7.875 0.000030518 -0.000011444 -0.002208644 0.080557261 -0.269479621
21 -8.78578186 0.000038147 -0.000001907 0.099373658 0.134049902 -0.245005005
22 -8.903717041 0 -0.000001431 0.242266841 -0.191441687 0.36051377
23 5.115203857 -7.603523731 -23.079328537 -1.554662073 0.381674365 -2.887288286
24 13.525100708 -0.000015259 0 0.022143232 -0.091243434 -0.089006691
25 11.953048706 0.000007629 0.000007629 0.119848904 0.0189663 0.005288791
26 8.290359497 -0.000015259 -0.000007629 0.133462681 0.085802905 -0.282910609
27 7.875 -0.000022888 0.000003815 0.053091308 0.210284431 -0.210842036
28 8.785797119 -0.000038147 0 0.119547503 0.135666406 -0.210451349
29 8.903717041 0.000011444 0.000003815 -0.237106732 0.44042397 0.261609227
30 5.903427124 -12.801288605 -17.69320488 -1.598720893 0.442583503 -2.77991415
31 13.525115967 0 0 -0.007137717 -0.058922719 -0.092135703
32 11.953048706 0.000015259 -0.000007629 0.118925526 0.037085585 -0.001251304
33 8.290390015 0 -0.000007629 0.121457903 0.208195956 -0.087149573
34 7.875 -0.000015259 0.000007629 0.022152458 0.294925887 -0.278560401
35 8.785797119 -0.000030518 0 0.10319434 0.261476176 -0.236210761
36 8.9037323 -0.000003815 0 -0.292676417 0.416568362 0.22968523
37 4.435455322 0.000126362 -25.179960251 -3.117617043 0.363008552 -3.024970545
38 14.171035767 0.000020981 1.280685425 -0.040891787 -0.058316373 -0.079586472
39 10.9765625 0.000011444 0.352539063 0.015650725 0.124743223 0.033152206
40 8.120315552 -0.000007629 -0.000015259 0.012878477 0.205856236 0.09517149
41 8.120285034 -0.000003815 -0.000030518 -0.004443575 0.167945474 0.129564023
42 8.120330811 0.000001431 -0.000015259 0.012883166 0.402940477 0.101432078
43 8.120346069 -0.000003815 0.000068665 -0.477040233 -0.23129885 0.171052717
44 7.146972656 16.179798126 -9.195619583 1.376844409 -0.303705466 -0.072871366
45 -13.525115967 -0.000007629 0.000003815 -0.058318294 -0.252190243 0.290184579
46 -11.953041077 -0.000022888 0 0.044828395 -0.199937794 0.122273998
47 -8.290393829 0 0.000015259 0.128675497 0.049747523 0.077026062
48 -7.875 0 0 0.03352217 0.228440125 -0.240676768
49 -8.785785675 0.000030518 -0.000007629 0.015060169 0.35913465 -0.543936607
50 -8.903717041 0.000015259 0.000001907 0.162558631 -0.211931629 0.115054981
51 7.146957397 -16.26625061 -9.195617676 -1.594435862 0.362965226 -2.75698367
52 13.525115967 0.000007629 0.000007629 -0.096007561 -0.150834124 -0.021079525
53 11.953033447 0.000007629 0 0.114924188 0.084461299 0.005121168
54 8.290390015 0.000007629 0 0.154720881 0.329459076 -0.019340478
55 7.875 -0.000015259 0.000015259 0.038382848 0.423932005 -0.212871863
56 8.785797119 -0.000030518 0.000001907 0.049152437 0.419216619 -0.328276138
57 8.90372467 -0.000003815 -0.000007629 -0.39020363 0.321075214 0.164042265
58 -5.36730957 8.366909027 8.703121185 1.809734358 -0.828232077 3.107663569
59 13.525123596 0 0 -0.296468905 -0.078299246 -0.169078084
60 -3.441879272 -10.792387962 9.377009392 1.720515786 -0.95554173 -3.021578854
61 13.525131226 0 0.000003815 -0.404172178 0.161910839 -0.529211995
62 11.953048706 0.000015259 0 0.23018628 -0.040239988 -0.64721761
63 8.290374756 0.000003815 0 0.147261589 -0.128168462 -0.10247341
64 7.875 -0.000034332 0 0.089048207 -0.125624002 0.08489505
65 19.39491272 -14.052387238 -0.467090607 -1.303599621 -0.820302248 -0.16394346
66 26.240768433 0.000015259 -0.000001907 -0.007650749 -0.340730778 0.536521404
67 31.971008301 0.000007629 0 -1.678648368 0.467889424 -0.13378373
68 4.627258301 -2.311302185 4.185630798 -0.021512477 -0.254658869 -0.451859094
69 2.980117798 0 -0.000000954 -0.040823197 0.14004721 0.242069561
70 1.982421875 0.000019073 0.000019073 0.001822187 0.301463179 0.041313792
71 10.844894409 -1.281569481 -1.331680298 0.003154845 -0.01855101 -1.502721343
72 3.98828125 0 0.000041962 0.024656551 0.116612118 -1.30426207
73 2.26953125 -0.000007629 -0.000011444 0.010246566 0.020303916 -1.235445909
74 10.908889771 -1.23739624 0.829597473 -0.003109352 -0.01605034 -0.895852925
75 3.989456177 0 0.000049591 -0.026019839 0.050783303 -0.636960393
76 3.478284836 -0.000030518 -0.000007629 0.025346404 -0.11085993 -0.737210855
77 10.291915894 -1.202157974 -3.34413147 0.018038834 -0.023865117 -1.537453755
78 2.757152557 0 0.000022888 -0.269907553 -0.095587855 -1.29157427
79 1.775390625 0 -0.000022888 0.198076059 0.357239486 -1.30316968
80 10.971908569 -1.193932533 2.957344055 -0.014265529 -0.004860461 -1.002109965
81 3.82421875 -0.000030518 0.000038147 -0.000596317 0.002170439 -0.689801398
82 2.94140625 0 0 0.003950255 0.00698882 -0.847183373
83 0 0.000009537 0.000007629 -0.281161032 -0.158281714 -1.026998567
84 19.394897461 13.160596848 -0.467079163 1.401209606 1.024975721 -3.104238507
85 -26.240768433 0.000030518 0.000001907 0.323969435 -0.404134518 0.394902968
86 -31.97102356 0 -0.000015259 -1.81792558 0.01103903 0.008162281
87 -11.614593506 3.933109283 0.069389343 1.720533477 1.395162973 1.933670481
88 -10.48449707 1.069202423 3.539878845 -3.131584703 0.028220486 2.411526648
89 2.757156372 0.000015259 0.000019073 -0.011712134 0.035128624 1.019560794
90 1.775390625 0 -0.000030518 -0.204499622 -0.298392802 0.873982333
91 -11.046478271 1.142410278 1.529701233 -3.130487012 0.018259081 2.114134707
92 3.98828125 0.000030518 0.000041962 0.004872241 -0.009924216 1.610032301
93 2.26953125 0.000007629 0.000007629 -0.076539319 -0.095407065 1.438172442
94 -11.192642212 1.041530609 -2.758430481 -3.117466097 -0.002180357 2.477429666
95 3.82421875 0.000030518 0.000041962 0.00053161 0.002187187 1.610324685
96 8.785766602 -0.000030518 -0.000003815 0.028889808 0.206538207 -0.655495889
97 2.94140625 0.000015259 -0.000015259 -0.004550553 0.006091757 1.767588569
98 -11.120147705 1.091533661 -0.631126404 -3.128907678 0.018357161 2.400346066
99 3.989395142 0.000015259 0.000038147 0.021444626 0.041947477 1.751021405
100 3.478317261 0.000030518 -0.000015259 -0.001306817 0.004312204 1.848998194
101 -4.853607178 2.155090332 -4.018516541 3.123057975 0.125574955 2.46129872
102 2.980133057 0 0.000019073 0.038574713 -0.163808097 -0.240289671
103 1.982421875 -0.000015259 0.00003624 0 0 -0.040571652
104 0 -0.000015259 -0.000015259 -0.01786834 -0.032037725 -0.918099438
105 7.08984375 0 0 3.141592654 -0.174494806 3.141592654
106 7.528244019 8.168074608 -1.232803345 2.885017799 0.303466685 3.108838628
107 -54.911254883 -0.649675369 -0.176704407 1.856728718 0.785609017 0.048036467
108 -61.183185577 0.000005722 -0.000001907 0.174037262 0.013709953 -0.309466751
109 8.588668823 0 1.514417648 0 0 0
110 4.260528564 -21.349500656 -3.218471527 -0.229646484 -0.146054022 -0.303432411
111 15.606674194 0 -0.00001049 -0.000392778 0.016832915 -0.097929085
112 15.853752136 0 -0.000006676 0.001364223 0.001645025 -0.128959206
113 15.151866913 0 0.000000954 0.000592094 -0.022886479 0.031243203
114 11.149963379 0.000015259 -0.000007153 -0.040082832 0.120800773 -0.029237533
115 1.725112915 -0.142127961 11.160657883 -2.019105011 -0.695607809 0.137591666
116 15.606689453 0 -0.000001907 -0.000326164 0.011044122 -0.043423203
117 15.853736877 0 -0.000003815 0.000320403 0.001043761 -0.047823875
118 15.151851654 -0.000007629 0 0.000068081 -0.01493677 0.037118854
119 11.149967194 0 0 -0.004405233 0.001667874 0.242797748
120 6.67868042 -0.142132968 -16.932609558 1.571106218 -0.034669705 3.141587281
121 -15.606674194 0.000007629 -0.00000003 0 0 0.052831991
122 -15.853752136 0.000003815 0.00000599 0 0 -0.039190307
123 -15.151847839 0.000001907 0 0 0 -0.09532978
124 -11.14994812 0 0.00000602 0 0 0.081764736
125 2.507659912 15.939216614 6.722545624 -1.789671757 0.255676781 -2.869102546
126 -15.606681824 0.000003815 0 0.009343216 0.014171221 -0.021514178
127 -15.853759766 0 0.000007629 0.019285373 -0.059696409 0.071809009
128 -15.15184021 0 0.000015259 -0.005956346 0.021834537 -0.063004355
129 -11.14995575 -0.000005722 0.000007629 0.01299221 0.10724761 -0.197494444
130 2.507629395 -17.075351715 6.722560883 -1.394725005 -0.44812799 -0.316868681
131 15.606674194 0 0 0.006731586 0.085188164 -0.057001217
132 15.853744507 0 0.000011444 0.017493752 -0.052418934 0.067598077
133 15.151855469 0 0.000003815 -0.003469611 -0.074011169 -0.011273243
134 11.149967194 0 -0.000019073 0.05088976 -0.113244038 0.07765244
135 5.8931427 15.939212799 -12.47754097 3.060441594 0.13907538 0.286958964
136 15.606674194 0 0.000024796 0.008183461 0.009229063 -0.06056702
137 15.853744507 -0.000007629 -0.000009537 0.021314688 -0.059804058 0.067341034
138 15.151855469 0 0 -0.004282045 0.030020012 -0.009214938
139 11.14994812 0 -0.000003815 0.035401214 0.06395871 0.093067358
140 5.893157959 -17.075357437 -12.477553368 1.665114988 0.046168712 2.945850245
141 -15.606643677 0 0.000007629 0.010055746 0.026657167 0.003155433
142 -15.853729248 0 -0.000011444 0.017618138 -0.058535466 0.074114029
143 -15.15184021 -0.000003815 0 -0.006136533 0.00359207 -0.09663766
144 -11.14994812 -0.000005722 -0.000007629 -0.271235576 -0.11581174 -0.002329874
145 4.260498047 20.773923874 -3.218486786 0.023101859 -0.035501231 -2.90636479
146 -15.606689453 0.000007629 0.000000954 -0.000444825 -0.030560057 0.068650106
147 -15.853744507 0.000007629 0 -0.001536307 -0.002905706 -0.072087952
148 -15.151832581 -0.000003815 0.000001907 0.000256031 0.04203857 0.012178809
149 -11.149971008 0 -0.000001907 -0.01022957 0.299857428 -0.226108714
150 7.528259277 -8.043748856 -1.232804298 -0.653604446 -0.226792034 0.150327416
151 54.911224365 0.649678707 0.176696777 1.571141194 0.649263053 0.091400882
152 61.183162689 -0.000007629 0.000000238 0.542701548 0.211647802 0.109075119
153 -0.364088595 36.477970123 12.189170837 0.340633688 -0.000040147 0.000233438
154 -0.364086866 -2.758006096 4.994803905 0 0 0.000244115
155 -0.364086866 -2.758006096 4.994803905 0 0 0.000244115
156 -0.364086866 -2.758006096 4.994803905 0 0 0.000244115
157 -0.364086866 -2.758006096 4.994803905 0 0 0.000244115
158 -0.364086866 -2.758006096 4.994803905 0 0 0.000244115
159 -0.364086866 -2.758006096 4.994803905 0 0 0.000244115
160 -0.364086866 -2.758006096 4.994803905 0 0 0.000244115
161 -0.364086866 -2.758006096 4.994803905 0 0 0.000244115
162 -0.498048782 -4.95163393 0.510848999 0 0 0.000244115
163 -0.364086866 -2.758006096 4.994803905 0 0 0.000244115
time 35
0 -0.364086866 -2.758006096 4.994803905 0 0 0.000244115
1 -0.355918914 -24.813129425 16.169181201 3.141592654 -1.497890235 1.570796489
2 130.809036255 0 0.000001907 0 0 0
3 6.662033081 -0.142129987 2.521337509 2.93088364 -0.190273848 -0.011382371
4 24.360946655 -0.000000954 0.000019073 0.10792569 -0.021553803 0.027710215
5 24.806411743 -0.000006676 0.765964508 -0.834961108 -0.344067487 0.13280885
6 8.120300293 -0.000001907 0 0.878961621 0.160260258 -0.144032846
7 8.120300293 -0.000000954 0 3.141592654 -1.17489882 3.141592654
8 8.120300293 -0.000000954 0 -0.216192487 -1.369859591 0.175150136
9 5.115219116 7.517076492 -23.079305649 1.501763517 -0.35837646 0.015053389
10 -13.525115967 0 0 0.023020206 0.082092014 -0.068789605
11 -11.953033447 -0.000022888 0 0.01553069 -0.050613044 0.014113319
12 -8.290390015 -0.000015259 -0.000000954 0.07857296 -0.107200659 -0.310525558
13 -7.875 0.000030518 0 0.019328457 -0.003986171 -0.23398352
14 -8.785766602 0.000032425 0.000001907 0.16701836 -0.038532642 -0.246488553
15 -8.903717041 0.000011444 -0.000007629 0.327982297 0.037887549 0.442256455
16 5.903442383 12.714838982 -17.693174362 1.370188491 -0.37922568 -0.02939746
17 -13.525131226 0.000007629 0 0.002571993 0.066739082 -0.052343624
18 -11.953063965 0 0 0.041635363 -0.082140224 0.017039712
19 -8.290390015 0.000007629 0 0.064909132 0.003651688 -0.091111737
20 -7.875 0.000030518 -0.000011444 -0.004877415 0.085467542 -0.303845603
21 -8.78578186 0.000038147 -0.000001907 0.092977183 0.146045539 -0.30637779
22 -8.903717041 0 -0.000001431 0.242266841 -0.191441687 0.36051377
23 5.115203857 -7.603523731 -23.079328537 -1.554662073 0.381674365 -2.887288286
24 13.525100708 -0.000015259 0 0.020105692 -0.104734253 -0.068403031
25 11.953048706 0.000007629 0.000007629 0.120298833 0.003732935 0.03135646
26 8.290359497 -0.000015259 -0.000007629 0.13235213 0.086615636 -0.289112561
27 7.875 -0.000022888 0.000003815 0.04790181 0.227060105 -0.249848876
28 8.785797119 -0.000038147 0 0.115040908 0.155773763 -0.273536123
29 8.903717041 0.000011444 0.000003815 -0.237106732 0.44042397 0.261609227
30 5.903427124 -12.801288605 -17.69320488 -1.598720893 0.442583503 -2.77991415
31 13.525115967 0 0 -0.00853 -0.076499719 -0.07069342
32 11.953048706 0.000015259 -0.000007629 0.119845181 0.016825605 0.025136594
33 8.290390015 0 -0.000007629 0.126246247 0.213399555 -0.07947736
34 7.875 -0.000015259 0.000007629 0.021020544 0.323099846 -0.312303324
35 8.785797119 -0.000030518 0 0.098832203 0.29676534 -0.29967894
36 8.9037323 -0.000003815 0 -0.292676417 0.416568362 0.22968523
37 4.435455322 0.000126362 -25.179960251 -3.117617043 0.363008552 -3.024970545
38 14.171035767 0.000020981 1.280685425 -0.040894748 -0.087450842 -0.087249759
39 10.9765625 0.000011444 0.352539063 0.014904846 0.100340249 0.024862378
40 8.120315552 -0.000007629 -0.000015259 0.014570502 0.213762973 0.099268368
41 8.120285034 -0.000003815 -0.000030518 0.001720385 0.207889692 0.148022488
42 8.120330811 0.000001431 -0.000015259 0.026912614 0.469653677 0.130160782
43 8.120346069 -0.000003815 0.000068665 -0.477040233 -0.23129885 0.171052717
44 7.146972656 16.179798126 -9.195619583 1.376844409 -0.303705466 -0.072871366
45 -13.525115967 -0.000007629 0.000003815 -0.058318294 -0.252190243 0.290184579
46 -11.953041077 -0.000022888 0 0.034891024 -0.229823306 0.168776466
47 -8.290393829 0 0.000015259 0.131560463 0.0269021 0.117676246
48 -7.875 0 0 0.042060346 0.22910289 -0.229470493
49 -8.785785675 0.000030518 -0.000007629 0.016043229 0.380399431 -0.583155456
50 -8.903717041 0.000015259 0.000001907 0.162558631 -0.211931629 0.115054981
51 7.146957397 -16.26625061 -9.195617676 -1.594435862 0.362965226 -2.75698367
52 13.525115967 0.000007629 0.000007629 -0.099412079 -0.171935832 -0.000013198
53 11.953033447 0.000007629 0 0.117084239 0.059274115 0.028994029
54 8.290390015 0.000007629 0 0.164542585 0.338334429 -0.007241959
55 7.875 -0.000015259 0.000015259 0.042900491 0.463192455 -0.238179721
56 8.785797119 -0.000030518 0.000001907 0.045896767 0.464297131 -0.38365783
57 8.90372467 -0.000003815 -0.000007629 -0.39020363 0.321075214 0.164042265
58 -5.36730957 8.366909027 8.703121185 1.811579255 -0.85092891 3.105137184
59 13.525123596 0 0 -0.296468905 -0.078299246 -0.169078084
60 -3.441879272 -10.792387962 9.377009392 1.714584003 -0.981494412 -3.014334541
61 13.525131226 0 0.000003815 -0.401142634 0.175611822 -0.523864785
62 11.953048706 0.000015259 0 0.233566758 -0.027033294 -0.678772863
63 8.290374756 0.000003815 0 0.155207716 -0.133346872 -0.151153032
64 7.875 -0.000034332 0 0.096214148 -0.147463072 0.042284053
65 19.39491272 -14.052387238 -0.467090607 -1.293352399 -0.831406425 -0.167823933
66 26.240768433 0.000015259 -0.000001907 -0.007703094 -0.345171437 0.536577295
67 31.971008301 0.000007629 0 -1.678648368 0.467889424 -0.13378373
68 4.627258301 -2.311302185 4.185630798 -0.021512477 -0.254658869 -0.451859094
69 2.980117798 0 -0.000000954 -0.040823197 0.14004721 0.242069561
70 1.982421875 0.000019073 0.000019073 0.001822187 0.301463179 0.041313792
71 10.844894409 -1.281569481 -1.331680298 0.003154845 -0.01855101 -1.502721343
72 3.98828125 0 0.000041962 0.024656551 0.116612118 -1.30426207
73 2.26953125 -0.000007629 -0.000011444 0.010246566 0.020303916 -1.235445909
74 10.908889771 -1.23739624 0.829597473 -0.003109352 -0.01605034 -0.895852925
75 3.989456177 0 0.000049591 -0.026019839 0.050783303 -0.636960393
76 3.478284836 -0.000030518 -0.000007629 0.025346404 -0.11085993 -0.737210855
77 10.291915894 -1.202157974 -3.34413147 0.018038834 -0.023865117 -1.537453755
78 2.757152557 0 0.000022888 -0.269907553 -0.095587855 -1.29157427
79 1.775390625 0 -0.000022888 0.198076059 0.357239486 -1.30316968
80 10.971908569 -1.193932533 2.957344055 -0.014265529 -0.004860461 -1.002109965
81 3.82421875 -0.000030518 0.000038147 -0.000596317 0.002170439 -0.689801398
82 2.94140625 0 0 0.003950255 0.00698882 -0.847183373
83 0 0.000009537 0.000007629 -0.281161032 -0.158281714 -1.026998567
84 19.394897461 13.160596848 -0.467079163 1.401209606 1.024975721 -3.104238507
85 -26.240768433 0.000030518 0.000001907 0.323969435 -0.404134518 0.394902968
86 -31.97102356 0 -0.000015259 -1.81792558 0.01103903 0.008162281
87 -11.614593506 3.933109283 0.069389343 1.720533477 1.395162973 1.933670481
88 -10.48449707 1.069202423 3.539878845 -3.131584703 0.028220486 2.411526648
89 2.757156372 0.000015259 0.000019073 -0.011712134 0.035128624 1.019560794
90 1.775390625 0 -0.000030518 -0.204499622 -0.298392802 0.873982333
91 -11.046478271 1.142410278 1.529701233 -3.130487012 0.018259081 2.114134707
92 3.98828125 0.000030518 0.000041962 0.004872241 -0.009924216 1.610032301
93 2.26953125 0.000007629 0.000007629 -0.076539319 -0.095407065 1.438172442
94 -11.192642212 1.041530609 -2.758430481 -3.117466097 -0.002180357 2.477429666
95 3.82421875 0.000030518 0.000041962 0.00053161 0.002187187 1.610324685
96 8.785766602 -0.000030518 -0.000003815 0.028889808 0.206538207 -0.655495889
97 2.94140625 0.000015259 -0.000015259 -0.004550553 0.006091757 1.767588569
98 -11.120147705 1.091533661 -0.631126404 -3.128907678 0.018357161 2.400346066
99 3.989395142 0.000015259 0.000038147 0.021444626 0.041947477 1.751021405
100 3.478317261 0.000030518 -0.000015259 -0.001306817 0.004312204 1.848998194
101 -4.853607178 2.155090332 -4.018516541 3.123057975 0.125574955 2.46129872
102 2.980133057 0 0.000019073 0.038574713 -0.163808097 -0.240289671
103 1.982421875 -0.000015259 0.00003624 0 0 -0.040571652
104 0 -0.000015259 -0.000015259 -0.01786834 -0.032037725 -0.918099438
105 7.08984375 0 0 3.141592654 -0.174494806 3.141592654
106 7.528244019 8.168074608 -1.232803345 2.885017799 0.303466685 3.108838628
107 -54.911254883 -0.649675369 -0.176704407 1.856728718 0.785609017 0.048036467
108 -61.183185577 0.000005722 -0.000001907 0.174037262 0.013709953 -0.309466751
109 8.588668823 0 1.514417648 0 0 0
110 4.260528564 -21.349500656 -3.218471527 -0.229646484 -0.146054022 -0.303432411
111 15.606674194 0 -0.00001049 -0.000658226 0.02140311 -0.109863477
112 15.853752136 0 -0.000006676 0.001513066 0.005473288 -0.142539723
113 15.151866913 0 0.000000954 0.001080307 -0.020987497 0.020447211
114 11.149963379 0.000015259 -0.000007153 -0.040082832 0.120800773 -0.029237533
115 1.725112915 -0.142127961 11.160657883 -2.019105011 -0.695607809 0.137591666
116 15.606689453 0 -0.000001907 -0.000506963 0.013974503 -0.060176874
117 15.853736877 0 -0.000003815 0.000233445 0.003548121 -0.063107704
118 15.151851654 -0.000007629 0 0.000341245 -0.013557431 0.026066674
119 11.149967194 0 0 -0.004405233 0.001667874 0.242797748
120 6.67868042 -0.142132968 -16.932609558 1.571106218 -0.034669705 3.141587281
121 -15.606674194 0.000007629 -0.00000003 0 0 0.062071707
122 -15.853752136 0.000003815 0.00000599 0 0 -0.032888158
123 -15.151847839 0.000001907 0 0 0 -0.096021104
124 -11.14994812 0 0.00000602 0 0 0.081764736
125 2.507659912 15.939216614 6.722545624 -1.789671757 0.255676781 -2.869102546
126 -15.606681824 0.000003815 0 0.009343657 0.005802869 -0.022588701
127 -15.853759766 0 0.000007629 0.019349799 -0.068530665 0.073373957
128 -15.15184021 0 0.000015259 -0.006110095 0.015609851 -0.063589739
129 -11.14995575 -0.000005722 0.000007629 0.01299221 0.10724761 -0.197494444
130 2.507629395 -17.075351715 6.722560883 -1.394725005 -0.44812799 -0.316868681
131 15.606674194 0 0 0.005821364 0.096187067 -0.067656674
132 15.853744507 0 0.000011444 0.017724666 -0.044931147 0.060741324
133 15.151855469 0 0.000003815 -0.002611462 -0.072372709 -0.016143832
134 11.149967194 0 -0.000019073 0.05088976 -0.113244038 0.07765244
135 5.8931427 15.939212799 -12.47754097 3.060441594 0.13907538 0.286958964
136 15.606674194 0 0.000024796 0.008127199 -0.000224817 -0.072177976
137 15.853744507 -0.000007629 -0.000009537 0.022199852 -0.06967863 0.059697565
138 15.151855469 0 0 -0.004307093 0.023017115 -0.014206608
139 11.14994812 0 -0.000003815 0.035401214 0.06395871 0.093067358
140 5.893157959 -17.075357437 -12.477553368 1.665114988 0.046168712 2.945850245
141 -15.606643677 0 0.000007629 0.010196569 0.021707289 0.008915649
142 -15.853729248 0 -0.000011444 0.017172653 -0.064380046 0.081343599
143 -15.15184021 -0.000003815 0 -0.006425644 -0.001168697 -0.094721629
144 -11.14994812 -0.000005722 -0.000007629 -0.271235576 -0.11581174 -0.002329874
145 4.260498047 20.773923874 -3.218486786 0.023101859 -0.035501231 -2.90636479
146 -15.606689453 0.000007629 0.000000954 -0.000836297 -0.038928463 0.078426827
147 -15.853744507 0.000007629 0 -0.001744367 -0.009903408 -0.0662956
148 -15.151832581 -0.000003815 0.000001907 0.000482399 0.038756025 0.015981119
149 -11.149971008 0 -0.000001907 -0.01022957 0.299857428 -0.226108714
150 7.528259277 -8.043748856 -1.232804298 -0.653604446 -0.226792034 0.150327416
151 54.911224365 0.649678707 0.176696777 1.571141194 0.649263053 0.091400882
152 61.183162689 -0.000007629 0.000000238 0.542701548 0.211647802 0.109075119
153 -0.364088595 36.477970123 12.189170837 0.340633688 -0.000040147 0.000233438
154 -0.364086866 -2.758006096 4.994803905 0 0 0.000244115
155 -0.364086866 -2.758006096 4.994803905 0 0 0.000244115
156 -0.364086866 -2.758006096 4.994803905 0 0 0.000244115
157 -0.364086866 -2.758006096 4.994803905 0 0 0.000244115
158 -0.364086866 -2.758006096 4.994803905 0 0 0.000244115
159 -0.364086866 -2.758006096 4.994803905 0 0 0.000244115
160 -0.364086866 -2.758006096 4.994803905 0 0 0.000244115
161 -0.364086866 -2.758006096 4.994803905 0 0 0.000244115
162 -0.498048782 -4.95163393 0.510848999 0 0 0.000244115
163 -0.364086866 -2.758006096 4.994803905 0 0 0.000244115
time 36
0 -0.364086866 -2.758006096 4.994803905 0 0 0.000244115
1 -0.355918914 -24.813129425 17.247209914 3.141592654 -1.497890235 1.570796489
2 130.809036255 0 0.000001907 0 0 0
3 6.662033081 -0.142129987 2.521337509 2.93088364 -0.190273848 -0.011382371
4 24.360946655 -0.000000954 0.000019073 0.10792569 -0.021553803 0.027710215
5 24.806411743 -0.000006676 0.765964508 -0.834961108 -0.344067487 0.13280885
6 8.120300293 -0.000001907 0 0.878961621 0.160260258 -0.144032846
7 8.120300293 -0.000000954 0 3.141592654 -1.17489882 3.141592654
8 8.120300293 -0.000000954 0 -0.216192487 -1.369859591 0.175150136
9 5.115219116 7.517076492 -23.079305649 1.501763517 -0.35837646 0.015053389
10 -13.525115967 0 0 0.023871256 0.083014131 -0.057853622
11 -11.953033447 -0.000022888 0 0.014750642 -0.05071245 0.02786223
12 -8.290390015 -0.000015259 -0.000000954 0.07831548 -0.111621994 -0.316237551
13 -7.875 0.000030518 0 0.018640107 -0.008324792 -0.253851865
14 -8.785766602 0.000032425 0.000001907 0.167192001 -0.043035445 -0.274750468
15 -8.903717041 0.000011444 -0.000007629 0.327982297 0.037887549 0.442256455
16 5.903442383 12.714838982 -17.693174362 1.370188491 -0.37922568 -0.02939746
17 -13.525131226 0.000007629 0 0.003332684 0.064658559 -0.041176201
18 -11.953063965 0 0 0.040196109 -0.087089997 0.031433587
19 -8.290390015 0.000007629 0 0.064585347 0.001226996 -0.088769465
20 -7.875 0.000030518 -0.000011444 -0.006519367 0.087993682 -0.322222469
21 -8.78578186 0.000038147 -0.000001907 0.089249769 0.152095241 -0.338309949
22 -8.903717041 0 -0.000001431 0.242266841 -0.191441687 0.36051377
23 5.115203857 -7.603523731 -23.079328537 -1.554662073 0.381674365 -2.887288286
24 13.525100708 -0.000015259 0 0.01886165 -0.112041758 -0.05717524
25 11.953048706 0.000007629 0.000007629 0.120320812 -0.004764639 0.046066895
26 8.290359497 -0.000015259 -0.000007629 0.131817228 0.086714393 -0.291575882
27 7.875 -0.000022888 0.000003815 0.044943659 0.235876363 -0.270633722
28 8.785797119 -0.000038147 0 0.112385515 0.166011011 -0.305983429
29 8.903717041 0.000011444 0.000003815 -0.237106732 0.44042397 0.261609227
30 5.903427124 -12.801288605 -17.69320488 -1.598720893 0.442583503 -2.77991415
31 13.525115967 0 0 -0.009469232 -0.085884931 -0.059216138
32 11.953048706 0.000015259 -0.000007629 0.120184438 0.0053762 0.040017212
33 8.290390015 0 -0.000007629 0.128993051 0.215433237 -0.074277496
34 7.875 -0.000015259 0.000007629 0.020539242 0.337839903 -0.329387416
35 8.785797119 -0.000030518 0 0.096822546 0.314578797 -0.331272502
36 8.9037323 -0.000003815 0 -0.292676417 0.416568362 0.22968523
37 4.435455322 0.000126362 -25.179960251 -3.117617043 0.363008552 -3.024970545
38 14.171035767 0.000020981 1.280685425 -0.040791845 -0.103198576 -0.091379185
39 10.9765625 0.000011444 0.352539063 0.014516058 0.086118158 0.020065556
40 8.120315552 -0.000007629 -0.000015259 0.015411634 0.217368501 0.101318724
41 8.120285034 -0.000003815 -0.000030518 0.005419838 0.2290982 0.158137737
42 8.120330811 0.000001431 -0.000015259 0.035326353 0.50283943 0.145641189
43 8.120346069 -0.000003815 0.000068665 -0.477040233 -0.23129885 0.171052717
44 7.146972656 16.179798126 -9.195619583 1.376844409 -0.303705466 -0.072871366
45 -13.525115967 -0.000007629 0.000003815 -0.058318294 -0.252190243 0.290184579
46 -11.953041077 -0.000022888 0 0.029018076 -0.245305876 0.193575506
47 -8.290393829 0 0.000015259 0.132617846 0.014321859 0.139302847
48 -7.875 0 0 0.04696827 0.227893962 -0.221232104
49 -8.785785675 0.000030518 -0.000007629 0.017662147 0.390209551 -0.599901694
50 -8.903717041 0.000015259 0.000001907 0.162558631 -0.211931629 0.115054981
51 7.146957397 -16.26625061 -9.195617676 -1.594435862 0.362965226 -2.75698367
52 13.525115967 0.000007629 0.000007629 -0.10136364 -0.183177796 0.01122712
53 11.953033447 0.000007629 0 0.118032955 0.044987507 0.042273107
54 8.290390015 0.000007629 0 0.170107693 0.341916748 0.000340325
55 7.875 -0.000015259 0.000015259 0.045766374 0.483415229 -0.250360965
56 8.785797119 -0.000030518 0.000001907 0.045102746 0.486379912 -0.410002534
57 8.90372467 -0.000003815 -0.000007629 -0.39020363 0.321075214 0.164042265
58 -5.36730957 8.366909027 8.703121185 1.812661599 -0.863186647 3.103659818
59 13.525123596 0 0 -0.296468905 -0.078299246 -0.169078084
60 -3.441879272 -10.792387962 9.377009392 1.711208358 -0.995260916 -3.010304628
61 13.525131226 0 0.000003815 -0.399385047 0.18301078 -0.520455507
62 11.953048706 0.000015259 0 0.235112993 -0.019638394 -0.695116405
63 8.290374756 0.000003815 0 0.159711858 -0.13548528 -0.176644865
64 7.875 -0.000034332 0 0.100729939 -0.158210676 0.019925641
65 19.39491272 -14.052387238 -0.467090607 -1.283596271 -0.843518692 -0.171059227
66 26.240768433 0.000015259 -0.000001907 -0.007702447 -0.349806381 0.53654599
67 31.971008301 0.000007629 0 -1.678648368 0.467889424 -0.13378373
68 4.627258301 -2.311302185 4.185630798 -0.021512477 -0.254658869 -0.451859094
69 2.980117798 0 -0.000000954 -0.040823197 0.14004721 0.242069561
70 1.982421875 0.000019073 0.000019073 0.001822187 0.301463179 0.041313792
71 10.844894409 -1.281569481 -1.331680298 0.003154845 -0.01855101 -1.502721343
72 3.98828125 0 0.000041962 0.024656551 0.116612118 -1.30426207
73 2.26953125 -0.000007629 -0.000011444 0.010246566 0.020303916 -1.235445909
74 10.908889771 -1.23739624 0.829597473 -0.003109352 -0.01605034 -0.895852925
75 3.989456177 0 0.000049591 -0.026019839 0.050783303 -0.636960393
76 3.478284836 -0.000030518 -0.000007629 0.025346404 -0.11085993 -0.737210855
77 10.291915894 -1.202157974 -3.34413147 0.018038834 -0.023865117 -1.537453755
78 2.757152557 0 0.000022888 -0.269907553 -0.095587855 -1.29157427
79 1.775390625 0 -0.000022888 0.198076059 0.357239486 -1.30316968
80 10.971908569 -1.193932533 2.957344055 -0.014265529 -0.004860461 -1.002109965
81 3.82421875 -0.000030518 0.000038147 -0.000596317 0.002170439 -0.689801398
82 2.94140625 0 0 0.003950255 0.00698882 -0.847183373
83 0 0.000009537 0.000007629 -0.281161032 -0.158281714 -1.026998567
84 19.394897461 13.160596848 -0.467079163 1.401209606 1.024975721 -3.104238507
85 -26.240768433 0.000030518 0.000001907 0.323969435 -0.404134518 0.394902968
86 -31.97102356 0 -0.000015259 -1.81792558 0.01103903 0.008162281
87 -11.614593506 3.933109283 0.069389343 1.720533477 1.395162973 1.933670481
88 -10.48449707 1.069202423 3.539878845 -3.131584703 0.028220486 2.411526648
89 2.757156372 0.000015259 0.000019073 -0.011712134 0.035128624 1.019560794
90 1.775390625 0 -0.000030518 -0.204499622 -0.298392802 0.873982333
91 -11.046478271 1.142410278 1.529701233 -3.130487012 0.018259081 2.114134707
92 3.98828125 0.000030518 0.000041962 0.004872241 -0.009924216 1.610032301
93 2.26953125 0.000007629 0.000007629 -0.076539319 -0.095407065 1.438172442
94 -11.192642212 1.041530609 -2.758430481 -3.117466097 -0.002180357 2.477429666
95 3.82421875 0.000030518 0.000041962 0.00053161 0.002187187 1.610324685
96 8.785766602 -0.000030518 -0.000003815 0.028889808 0.206538207 -0.655495889
97 2.94140625 0.000015259 -0.000015259 -0.004550553 0.006091757 1.767588569
98 -11.120147705 1.091533661 -0.631126404 -3.128907678 0.018357161 2.400346066
99 3.989395142 0.000015259 0.000038147 0.021444626 0.041947477 1.751021405
100 3.478317261 0.000030518 -0.000015259 -0.001306817 0.004312204 1.848998194
101 -4.853607178 2.155090332 -4.018516541 3.123057975 0.125574955 2.46129872
102 2.980133057 0 0.000019073 0.038574713 -0.163808097 -0.240289671
103 1.982421875 -0.000015259 0.00003624 0 0 -0.040571652
104 0 -0.000015259 -0.000015259 -0.01786834 -0.032037725 -0.918099438
105 7.08984375 0 0 3.141592654 -0.174494806 3.141592654
106 7.528244019 8.168074608 -1.232803345 2.885017799 0.303466685 3.108838628
107 -54.911254883 -0.649675369 -0.176704407 1.856728718 0.785609017 0.048036467
108 -61.183185577 0.000005722 -0.000001907 0.174037262 0.013709953 -0.309466751
109 8.588668823 0 1.514417648 0 0 0
110 4.260528564 -21.349500656 -3.218471527 -0.229646484 -0.146054022 -0.303432411
111 15.606674194 0 -0.00001049 -0.000784982 0.023905056 -0.116179011
112 15.853752136 0 -0.000006676 0.001509637 0.0075576 -0.149981814
113 15.151866913 0 0.000000954 0.001412248 -0.019777477 0.014315449
114 11.149963379 0.000015259 -0.000007153 -0.040082832 0.120800773 -0.029237533
115 1.725112915 -0.142127961 11.160657883 -2.019105011 -0.695607809 0.137591666
116 15.606689453 0 -0.000001907 -0.00062345 0.015524895 -0.069160402
117 15.853736877 0 -0.000003815 0.000255704 0.004932326 -0.071398686
118 15.151851654 -0.000007629 0 0.000478508 -0.012780293 0.019677888
119 11.149967194 0 0 -0.004405233 0.001667874 0.242797748
120 6.67868042 -0.142132968 -16.932609558 1.571106218 -0.034669705 3.141587281
121 -15.606674194 0.000007629 -0.00000003 0 0 0.067080677
122 -15.853752136 0.000003815 0.00000599 0 0 -0.029435078
123 -15.151847839 0.000001907 0 0 0 -0.096107519
124 -11.14994812 0 0.00000602 0 0 0.081764736
125 2.507659912 15.939216614 6.722545624 -1.789671757 0.255676781 -2.869102546
126 -15.606681824 0.000003815 0 0.009307647 0.001316172 -0.023127531
127 -15.853759766 0 0.000007629 0.019405989 -0.073295597 0.074196406
128 -15.15184021 0 0.000015259 -0.006172081 0.012066042 -0.063923962
129 -11.14995575 -0.000005722 0.000007629 0.01299221 0.10724761 -0.197494444
130 2.507629395 -17.075351715 6.722560883 -1.394725005 -0.44812799 -0.316868681
131 15.606674194 0 0 0.005247544 0.101986536 -0.073386651
132 15.853744507 0 0.000011444 0.017839584 -0.040838133 0.056885708
133 15.151855469 0 0.000003815 -0.002169733 -0.071250383 -0.019097455
134 11.149967194 0 -0.000019073 0.05088976 -0.113244038 0.07765244
135 5.8931427 15.939212799 -12.47754097 3.060441594 0.13907538 0.286958964
136 15.606674194 0 0.000024796 0.008158171 -0.005381636 -0.078332171
137 15.853744507 -0.000007629 -0.000009537 0.02271537 -0.075000585 0.05556334
138 15.151855469 0 0 -0.004305989 0.018867327 -0.017218667
139 11.14994812 0 -0.000003815 0.035401214 0.06395871 0.093067358
140 5.893157959 -17.075357437 -12.477553368 1.665114988 0.046168712 2.945850245
141 -15.606643677 0 0.000007629 0.010300785 0.019101352 0.012010861
142 -15.853729248 0 -0.000011444 0.016999004 -0.067609477 0.085216045
143 -15.15184021 -0.000003815 0 -0.00655174 -0.004022516 -0.093589029
144 -11.14994812 -0.000005722 -0.000007629 -0.271235576 -0.11581174 -0.002329874
145 4.260498047 20.773923874 -3.218486786 0.023101859 -0.035501231 -2.90636479
146 -15.606689453 0.000007629 0.000000954 -0.001035234 -0.043328996 0.083620999
147 -15.853744507 0.000007629 0 -0.001899252 -0.01370488 -0.063096508
148 -15.151832581 -0.000003815 0.000001907 0.000594149 0.03676912 0.018227084
149 -11.149971008 0 -0.000001907 -0.01022957 0.299857428 -0.226108714
150 7.528259277 -8.043748856 -1.232804298 -0.653604446 -0.226792034 0.150327416
151 54.911224365 0.649678707 0.176696777 1.571141194 0.649263053 0.091400882
152 61.183162689 -0.000007629 0.000000238 0.542701548 0.211647802 0.109075119
153 -0.364088595 36.477970123 12.189170837 0.340633688 -0.000040147 0.000233438
154 -0.364086866 -2.758006096 4.994803905 0 0 0.000244115
155 -0.364086866 -2.758006096 4.994803905 0 0 0.000244115
156 -0.364086866 -2.758006096 4.994803905 0 0 0.000244115
157 -0.364086866 -2.758006096 4.994803905 0 0 0.000244115
158 -0.364086866 -2.758006096 4.994803905 0 0 0.000244115
159 -0.364086866 -2.758006096 4.994803905 0 0 0.000244115
160 -0.364086866 -2.758006096 4.994803905 0 0 0.000244115
161 -0.364086866 -2.758006096 4.994803905 0 0 0.000244115
162 -0.498048782 -4.95163393 0.510848999 0 0 0.000244115
163 -0.364086866 -2.758006096 4.994803905 0 0 0.000244115
time 37
0 -0.364086866 -2.758006096 4.994803905 0 0 0.000244115
1 -0.355918914 -24.813129425 18.165254155 3.141592654 -1.497890235 1.570796489
2 130.809036255 0 0.000001907 0 0 0
3 6.662033081 -0.142129987 2.521337509 2.93088364 -0.190273848 -0.011382371
4 24.360946655 -0.000000954 0.000019073 0.10792569 -0.021553803 0.027710215
5 24.806411743 -0.000006676 0.765964508 -0.834961108 -0.344067487 0.13280885
6 8.120300293 -0.000001907 0 0.878961621 0.160260258 -0.144032846
7 8.120300293 -0.000000954 0 3.141592654 -1.17489882 3.141592654
8 8.120300293 -0.000000954 0 -0.216192487 -1.369859591 0.175150136
9 5.115219116 7.517076492 -23.079305649 1.501763517 -0.35837646 0.015053389
10 -13.525115967 0 0 0.024306551 0.08339897 -0.053336962
11 -11.953033447 -0.000022888 0 0.014344587 -0.050750549 0.03365818
12 -8.290390015 -0.000015259 -0.000000954 0.078160254 -0.113501174 -0.318683257
13 -7.875 0.000030518 0 0.018312356 -0.010123665 -0.26213687
14 -8.785766602 0.000032425 0.000001907 0.167256592 -0.04495487 -0.286641533
15 -8.903717041 0.000011444 -0.000007629 0.327982297 0.037887549 0.442256455
16 5.903442383 12.714838982 -17.693174362 1.370188491 -0.37922568 -0.02939746
17 -13.525131226 0.000007629 0 0.003588575 0.063788555 -0.036418161
18 -11.953063965 0 0 0.039555683 -0.089189484 0.03738516
19 -8.290390015 0.000007629 0 0.064368781 0.000234078 -0.087763889
20 -7.875 0.000030518 -0.000011444 -0.007126218 0.08906197 -0.329878941
21 -8.78578186 0.000038147 -0.000001907 0.087715493 0.154617286 -0.351716241
22 -8.903717041 0 -0.000001431 0.242266841 -0.191441687 0.36051377
23 5.115203857 -7.603523731 -23.079328537 -1.554662073 0.381674365 -2.887288286
24 13.525100708 -0.000015259 0 0.018335196 -0.115119331 -0.052508053
25 11.953048706 0.000007629 0.000007629 0.12030648 -0.008429248 0.052334041
26 8.290359497 -0.000015259 -0.000007629 0.131616182 0.086667107 -0.292548594
27 7.875 -0.000022888 0.000003815 0.043703169 0.239545606 -0.279275154
28 8.785797119 -0.000038147 0 0.111325648 0.170285625 -0.319504656
29 8.903717041 0.000011444 0.000003815 -0.237106732 0.44042397 0.261609227
30 5.903427124 -12.801288605 -17.69320488 -1.598720893 0.442583503 -2.77991415
31 13.525115967 0 0 -0.009917002 -0.089844078 -0.05434181
32 11.953048706 0.000015259 -0.000007629 0.120269113 0.000498936 0.046297245
33 8.290390015 0 -0.000007629 0.130156542 0.216291504 -0.072098901
34 7.875 -0.000015259 0.000007629 0.020345311 0.343947712 -0.336553512
35 8.785797119 -0.000030518 0 0.095925173 0.321972663 -0.344412839
36 8.9037323 -0.000003815 0 -0.292676417 0.416568362 0.22968523
37 4.435455322 0.000126362 -25.179960251 -3.117617043 0.363008552 -3.024970545
38 14.171035767 0.000020981 1.280685425 -0.040746147 -0.109814712 -0.093167158
39 10.9765625 0.000011444 0.352539063 0.014376182 0.080171307 0.018113662
40 8.120315552 -0.000007629 -0.000015259 0.015757996 0.218914446 0.102159953
41 8.120285034 -0.000003815 -0.000030518 0.006980861 0.237980821 0.162355837
42 8.120330811 0.000001431 -0.000015259 0.03886076 0.516738759 0.152192
43 8.120346069 -0.000003815 0.000068665 -0.477040233 -0.23129885 0.171052717
44 7.146972656 16.179798126 -9.195619583 1.376844409 -0.303705466 -0.072871366
45 -13.525115967 -0.000007629 0.000003815 -0.058318294 -0.252190243 0.290184579
46 -11.953041077 -0.000022888 0 0.026558473 -0.251887413 0.204013452
47 -8.290393829 0 0.000015259 0.133023448 0.009007472 0.148405179
48 -7.875 0 0 0.049011843 0.227208393 -0.217688417
49 -8.785785675 0.000030518 -0.000007629 0.018383203 0.394239532 -0.606797669
50 -8.903717041 0.000015259 0.000001907 0.162558631 -0.211931629 0.115054981
51 7.146957397 -16.26625061 -9.195617676 -1.594435862 0.362965226 -2.75698367
52 13.525115967 0.000007629 0.000007629 -0.102216774 -0.187880757 0.016062998
53 11.953033447 0.000007629 0 0.118361093 0.039032417 0.047807741
54 8.290390015 0.000007629 0 0.172527035 0.343348406 0.003519881
55 7.875 -0.000015259 0.000015259 0.046904806 0.491821308 -0.255447498
56 8.785797119 -0.000030518 0.000001907 0.045011483 0.495536343 -0.420866765
57 8.90372467 -0.000003815 -0.000007629 -0.39020363 0.321075214 0.164042265
58 -5.36730957 8.366909027 8.703121185 1.813120104 -0.86828926 3.103052752
59 13.525123596 0 0 -0.296468905 -0.078299246 -0.169078084
60 -3.441879272 -10.792387962 9.377009392 1.709723691 -1.001001547 -3.008574994
61 13.525131226 0 0.000003815 -0.398596042 0.186142054 -0.518952935
62 11.953048706 0.000015259 0 0.235823521 -0.016564015 -0.701900093
63 8.290374756 0.000003815 0 0.161649377 -0.136449786 -0.187241099
64 7.875 -0.000034332 0 0.102585857 -0.162695687 0.010620298
65 19.39491272 -14.052387238 -0.467090607 -1.274394138 -0.856763951 -0.173306386
66 26.240768433 0.000015259 -0.000001907 -0.007664949 -0.354635506 0.536521307
67 31.971008301 0.000007629 0 -1.678648368 0.467889424 -0.13378373
68 4.627258301 -2.311302185 4.185630798 -0.021512477 -0.254658869 -0.451859094
69 2.980117798 0 -0.000000954 -0.040823197 0.14004721 0.242069561
70 1.982421875 0.000019073 0.000019073 0.001822187 0.301463179 0.041313792
71 10.844894409 -1.281569481 -1.331680298 0.003154845 -0.01855101 -1.502721343
72 3.98828125 0 0.000041962 0.024656551 0.116612118 -1.30426207
73 2.26953125 -0.000007629 -0.000011444 0.010246566 0.020303916 -1.235445909
74 10.908889771 -1.23739624 0.829597473 -0.003109352 -0.01605034 -0.895852925
75 3.989456177 0 0.000049591 -0.026019839 0.050783303 -0.636960393
76 3.478284836 -0.000030518 -0.000007629 0.025346404 -0.11085993 -0.737210855
77 10.291915894 -1.202157974 -3.34413147 0.018038834 -0.023865117 -1.537453755
78 2.757152557 0 0.000022888 -0.269907553 -0.095587855 -1.29157427
79 1.775390625 0 -0.000022888 0.198076059 0.357239486 -1.30316968
80 10.971908569 -1.193932533 2.957344055 -0.014265529 -0.004860461 -1.002109965
81 3.82421875 -0.000030518 0.000038147 -0.000596317 0.002170439 -0.689801398
82 2.94140625 0 0 0.003950255 0.00698882 -0.847183373
83 0 0.000009537 0.000007629 -0.281161032 -0.158281714 -1.026998567
84 19.394897461 13.160596848 -0.467079163 1.401209606 1.024975721 -3.104238507
85 -26.240768433 0.000030518 0.000001907 0.323969435 -0.404134518 0.394902968
86 -31.97102356 0 -0.000015259 -1.81792558 0.01103903 0.008162281
87 -11.614593506 3.933109283 0.069389343 1.720533477 1.395162973 1.933670481
88 -10.48449707 1.069202423 3.539878845 -3.131584703 0.028220486 2.411526648
89 2.757156372 0.000015259 0.000019073 -0.011712134 0.035128624 1.019560794
90 1.775390625 0 -0.000030518 -0.204499622 -0.298392802 0.873982333
91 -11.046478271 1.142410278 1.529701233 -3.130487012 0.018259081 2.114134707
92 3.98828125 0.000030518 0.000041962 0.004872241 -0.009924216 1.610032301
93 2.26953125 0.000007629 0.000007629 -0.076539319 -0.095407065 1.438172442
94 -11.192642212 1.041530609 -2.758430481 -3.117466097 -0.002180357 2.477429666
95 3.82421875 0.000030518 0.000041962 0.00053161 0.002187187 1.610324685
96 8.785766602 -0.000030518 -0.000003815 0.028889808 0.206538207 -0.655495889
97 2.94140625 0.000015259 -0.000015259 -0.004550553 0.006091757 1.767588569
98 -11.120147705 1.091533661 -0.631126404 -3.128907678 0.018357161 2.400346066
99 3.989395142 0.000015259 0.000038147 0.021444626 0.041947477 1.751021405
100 3.478317261 0.000030518 -0.000015259 -0.001306817 0.004312204 1.848998194
101 -4.853607178 2.155090332 -4.018516541 3.123057975 0.125574955 2.46129872
102 2.980133057 0 0.000019073 0.038574713 -0.163808097 -0.240289671
103 1.982421875 -0.000015259 0.00003624 0 0 -0.040571652
104 0 -0.000015259 -0.000015259 -0.01786834 -0.032037725 -0.918099438
105 7.08984375 0 0 3.141592654 -0.174494806 3.141592654
106 7.528244019 8.168074608 -1.232803345 2.885017799 0.303466685 3.108838628
107 -54.911254883 -0.649675369 -0.176704407 1.856728718 0.785609017 0.048036467
108 -61.183185577 0.000005722 -0.000001907 0.174037262 0.013709953 -0.309466751
109 8.588668823 0 1.514417648 0 0 0
110 4.260528564 -21.349500656 -3.218471527 -0.229646484 -0.146054022 -0.303432411
111 15.606674194 0 -0.00001049 -0.000878583 0.024938033 -0.11886198
112 15.853752136 0 -0.000006676 0.001518282 0.008427127 -0.153011203
113 15.151866913 0 0.000000954 0.001527217 -0.019258222 0.011724987
114 11.149963379 0.000015259 -0.000007153 -0.040082832 0.120800773 -0.029237533
115 1.725112915 -0.142127961 11.160657883 -2.019105011 -0.695607809 0.137591666
116 15.606689453 0 -0.000001907 -0.000677445 0.016213809 -0.072875337
117 15.853736877 0 -0.000003815 0.000227804 0.005450302 -0.074853751
118 15.151851654 -0.000007629 0 0.000585399 -0.012435087 0.016914973
119 11.149967194 0 0 -0.004405233 0.001667874 0.242797748
120 6.67868042 -0.142132968 -16.932609558 1.571106218 -0.034669705 3.141587281
121 -15.606674194 0.000007629 -0.00000003 0 0 0.069239855
122 -15.853752136 0.000003815 0.00000599 0 0 -0.027967538
123 -15.151847839 0.000001907 0 0 0 -0.09610752
124 -11.14994812 0 0.00000602 0 0 0.081764736
125 2.507659912 15.939216614 6.722545624 -1.789671757 0.255676781 -2.869102546
126 -15.606681824 0.000003815 0 0.009328673 -0.000495137 -0.023394936
127 -15.853759766 0 0.000007629 0.01949339 -0.075290607 0.074522313
128 -15.15184021 0 0.000015259 -0.006209104 0.010510086 -0.064005437
129 -11.14995575 -0.000005722 0.000007629 0.01299221 0.10724761 -0.197494444
130 2.507629395 -17.075351715 6.722560883 -1.394725005 -0.44812799 -0.316868681
131 15.606674194 0 0 0.005033311 0.104497335 -0.075731405
132 15.853744507 0 0.000011444 0.017918528 -0.039098289 0.055344027
133 15.151855469 0 0.000003815 -0.002045341 -0.070732595 -0.020311494
134 11.149967194 0 -0.000019073 0.05088976 -0.113244038 0.07765244
135 5.8931427 15.939212799 -12.47754097 3.060441594 0.13907538 0.286958964
136 15.606674194 0 0.000024796 0.008166244 -0.007530703 -0.080932844
137 15.853744507 -0.000007629 -0.000009537 0.022894589 -0.077230512 0.053805095
138 15.151855469 0 0 -0.004301416 0.017138389 -0.018423303
139 11.14994812 0 -0.000003815 0.035401214 0.06395871 0.093067358
140 5.893157959 -17.075357437 -12.477553368 1.665114988 0.046168712 2.945850245
141 -15.606643677 0 0.000007629 0.010305578 0.017972549 0.013299878
142 -15.853729248 0 -0.000011444 0.016887767 -0.068917668 0.086853216
143 -15.15184021 -0.000003815 0 -0.006586826 -0.005145737 -0.093066919
144 -11.14994812 -0.000005722 -0.000007629 -0.271235576 -0.11581174 -0.002329874
145 4.260498047 20.773923874 -3.218486786 0.023101859 -0.035501231 -2.90636479
146 -15.606689453 0.000007629 0.000000954 -0.00116364 -0.045225548 0.085787063
147 -15.853744507 0.000007629 0 -0.001947084 -0.015259234 -0.06171324
148 -15.151832581 -0.000003815 0.000001907 0.000691229 0.035904702 0.019264445
149 -11.149971008 0 -0.000001907 -0.01022957 0.299857428 -0.226108714
150 7.528259277 -8.043748856 -1.232804298 -0.653604446 -0.226792034 0.150327416
151 54.911224365 0.649678707 0.176696777 1.571141194 0.649263053 0.091400882
152 61.183162689 -0.000007629 0.000000238 0.542701548 0.211647802 0.109075119
153 -0.364088595 36.477970123 12.189170837 0.340633688 -0.000040147 0.000233438
154 -0.364086866 -2.758006096 4.994803905 0 0 0.000244115
155 -0.364086866 -2.758006096 4.994803905 0 0 0.000244115
156 -0.364086866 -2.758006096 4.994803905 0 0 0.000244115
157 -0.364086866 -2.758006096 4.994803905 0 0 0.000244115
158 -0.364086866 -2.758006096 4.994803905 0 0 0.000244115
159 -0.364086866 -2.758006096 4.994803905 0 0 0.000244115
160 -0.364086866 -2.758006096 4.994803905 0 0 0.000244115
161 -0.364086866 -2.758006096 4.994803905 0 0 0.000244115
162 -0.498048782 -4.95163393 0.510848999 0 0 0.000244115
163 -0.364086866 -2.758006096 4.994803905 0 0 0.000244115
time 38
0 -0.364086866 -2.758006096 4.994803905 0 0 0.000244115
1 -0.355918914 -24.813129425 18.877594214 3.141592654 -1.497890235 1.570796489
2 130.809036255 0 0.000001907 0 0 0
3 6.662033081 -0.142129987 2.521337509 2.93088364 -0.190273848 -0.011382371
4 24.360946655 -0.000000954 0.000019073 0.10792569 -0.021553803 0.027710215
5 24.806411743 -0.000006676 0.765964508 -0.834961108 -0.344067487 0.13280885
6 8.120300293 -0.000001907 0 0.878961621 0.160260258 -0.144032846
7 8.120300293 -0.000000954 0 3.141592654 -1.17489882 3.141592654
8 8.120300293 -0.000000954 0 -0.216192487 -1.369859591 0.175150136
9 5.115219116 7.517076492 -23.079305649 1.501763517 -0.35837646 0.015053389
10 -13.525115967 0 0 0.024843151 0.084010299 -0.046307186
11 -11.953033447 -0.000022888 0 0.01376204 -0.050809467 0.042999726
12 -8.290390015 -0.000015259 -0.000000954 0.077956334 -0.116329507 -0.32196109
13 -7.875 0.000030518 0 0.017838731 -0.013043342 -0.274966751
14 -8.785766602 0.000032425 0.000001907 0.167251236 -0.04775495 -0.304137211
15 -8.903717041 0.000011444 -0.000007629 0.327982297 0.037887549 0.442256455
16 5.903442383 12.714838982 -17.693174362 1.370188491 -0.37922568 -0.02939746
17 -13.525131226 0.000007629 0 0.00409293 0.062483986 -0.029321581
18 -11.953063965 0 0 0.038531182 -0.092478577 0.047138364
19 -8.290390015 0.000007629 0 0.064094197 -0.001485115 -0.085744045
20 -7.875 0.000030518 -0.000011444 -0.008264473 0.090578266 -0.341515831
21 -8.78578186 0.000038147 -0.000001907 0.085277742 0.158101534 -0.371180542
22 -8.903717041 0 -0.000001431 0.242266841 -0.191441687 0.36051377
23 5.115203857 -7.603523731 -23.079328537 -1.554662073 0.381674365 -2.887288286
24 13.525100708 -0.000015259 0 0.01751212 -0.119690235 -0.045414515
25 11.953048706 0.000007629 0.000007629 0.120276977 -0.014214376 0.062195037
26 8.290359497 -0.000015259 -0.000007629 0.131349105 0.086510207 -0.293354916
27 7.875 -0.000022888 0.000003815 0.041631882 0.245023187 -0.292421861
28 8.785797119 -0.000038147 0 0.109525021 0.17635399 -0.339116436
29 8.903717041 0.000011444 0.000003815 -0.237106732 0.44042397 0.261609227
30 5.903427124 -12.801288605 -17.69320488 -1.598720893 0.442583503 -2.77991415
31 13.525115967 0 0 -0.010625448 -0.095780266 -0.047024585
32 11.953048706 0.000015259 -0.000007629 0.120249575 -0.007013612 0.05613904
33 8.290390015 0 -0.000007629 0.132142037 0.21687527 -0.06801958
34 7.875 -0.000015259 0.000007629 0.020147102 0.352950091 -0.346735017
35 8.785797119 -0.000030518 0 0.094842891 0.332336034 -0.362747185
36 8.9037323 -0.000003815 0 -0.292676417 0.416568362 0.22968523
37 4.435455322 0.000126362 -25.179960251 -3.117617043 0.363008552 -3.024970545
38 14.171035767 0.000020981 1.280685425 -0.040652004 -0.119827568 -0.095853005
39 10.9765625 0.000011444 0.352539063 0.014256212 0.070433334 0.014840223
40 8.120315552 -0.000007629 -0.000015259 0.016310414 0.220623328 0.103201007
41 8.120285034 -0.000003815 -0.000030518 0.009599558 0.251331353 0.168891429
42 8.120330811 0.000001431 -0.000015259 0.044561693 0.535886661 0.161982702
43 8.120346069 -0.000003815 0.000068665 -0.477040233 -0.23129885 0.171052717
44 7.146972656 16.179798126 -9.195619583 1.376844409 -0.303705466 -0.072871366
45 -13.525115967 -0.000007629 0.000003815 -0.058318294 -0.252190243 0.290184579
46 -11.953041077 -0.000022888 0 0.022563445 -0.261221 0.219419346
47 -8.290393829 0 0.000015259 0.133375425 0.001063587 0.161759527
48 -7.875 0 0 0.052299224 0.225484028 -0.210963922
49 -8.785785675 0.000030518 -0.000007629 0.020238152 0.399161808 -0.614361607
50 -8.903717041 0.000015259 0.000001907 0.162558631 -0.211931629 0.115054981
51 7.146957397 -16.26625061 -9.195617676 -1.594435862 0.362965226 -2.75698367
52 13.525115967 0.000007629 0.000007629 -0.103623707 -0.19497814 0.023256843
53 11.953033447 0.000007629 0 0.118784618 0.029512159 0.056502784
54 8.290390015 0.000007629 0 0.17641444 0.344585291 0.009053771
55 7.875 -0.000015259 0.000015259 0.049103114 0.503906165 -0.262197741
56 8.785797119 -0.000030518 0.000001907 0.044969252 0.508144934 -0.435452617
57 8.90372467 -0.000003815 -0.000007629 -0.39020363 0.321075214 0.164042265
58 -5.36730957 8.366909027 8.703121185 1.813948269 -0.875952338 3.102068664
59 13.525123596 0 0 -0.296468905 -0.078299246 -0.169078084
60 -3.441879272 -10.792387962 9.377009392 1.707500225 -1.009637678 -3.005883297
61 13.525131226 0 0.000003815 -0.397475843 0.190917138 -0.516405839
62 11.953048706 0.000015259 0 0.236651433 -0.011689389 -0.711724859
63 8.290374756 0.000003815 0 0.164603055 -0.137352059 -0.202976902
64 7.875 -0.000034332 0 0.10582543 -0.168847252 -0.003151805
65 19.39491272 -14.052387238 -0.467090607 -1.266014109 -0.870972634 -0.174468627
66 26.240768433 0.000015259 -0.000001907 -0.007715169 -0.359443497 0.536514458
67 31.971008301 0.000007629 0 -1.678648368 0.467889424 -0.13378373
68 4.627258301 -2.311302185 4.185630798 -0.021512477 -0.254658869 -0.451859094
69 2.980117798 0 -0.000000954 -0.040823197 0.14004721 0.242069561
70 1.982421875 0.000019073 0.000019073 0.001822187 0.301463179 0.041313792
71 10.844894409 -1.281569481 -1.331680298 0.003154845 -0.01855101 -1.502721343
72 3.98828125 0 0.000041962 0.024656551 0.116612118 -1.30426207
73 2.26953125 -0.000007629 -0.000011444 0.010246566 0.020303916 -1.235445909
74 10.908889771 -1.23739624 0.829597473 -0.003109352 -0.01605034 -0.895852925
75 3.989456177 0 0.000049591 -0.026019839 0.050783303 -0.636960393
76 3.478284836 -0.000030518 -0.000007629 0.025346404 -0.11085993 -0.737210855
77 10.291915894 -1.202157974 -3.34413147 0.018038834 -0.023865117 -1.537453755
78 2.757152557 0 0.000022888 -0.269907553 -0.095587855 -1.29157427
79 1.775390625 0 -0.000022888 0.198076059 0.357239486 -1.30316968
80 10.971908569 -1.193932533 2.957344055 -0.014265529 -0.004860461 -1.002109965
81 3.82421875 -0.000030518 0.000038147 -0.000596317 0.002170439 -0.689801398
82 2.94140625 0 0 0.003950255 0.00698882 -0.847183373
83 0 0.000009537 0.000007629 -0.281161032 -0.158281714 -1.026998567
84 19.394897461 13.160596848 -0.467079163 1.401209606 1.024975721 -3.104238507
85 -26.240768433 0.000030518 0.000001907 0.323969435 -0.404134518 0.394902968
86 -31.97102356 0 -0.000015259 -1.81792558 0.01103903 0.008162281
87 -11.614593506 3.933109283 0.069389343 1.720533477 1.395162973 1.933670481
88 -10.48449707 1.069202423 3.539878845 -3.131584703 0.028220486 2.411526648
89 2.757156372 0.000015259 0.000019073 -0.011712134 0.035128624 1.019560794
90 1.775390625 0 -0.000030518 -0.204499622 -0.298392802 0.873982333
91 -11.046478271 1.142410278 1.529701233 -3.130487012 0.018259081 2.114134707
92 3.98828125 0.000030518 0.000041962 0.004872241 -0.009924216 1.610032301
93 2.26953125 0.000007629 0.000007629 -0.076539319 -0.095407065 1.438172442
94 -11.192642212 1.041530609 -2.758430481 -3.117466097 -0.002180357 2.477429666
95 3.82421875 0.000030518 0.000041962 0.00053161 0.002187187 1.610324685
96 8.785766602 -0.000030518 -0.000003815 0.028889808 0.206538207 -0.655495889
97 2.94140625 0.000015259 -0.000015259 -0.004550553 0.006091757 1.767588569
98 -11.120147705 1.091533661 -0.631126404 -3.128907678 0.018357161 2.400346066
99 3.989395142 0.000015259 0.000038147 0.021444626 0.041947477 1.751021405
100 3.478317261 0.000030518 -0.000015259 -0.001306817 0.004312204 1.848998194
101 -4.853607178 2.155090332 -4.018516541 3.123057975 0.125574955 2.46129872
102 2.980133057 0 0.000019073 0.038574713 -0.163808097 -0.240289671
103 1.982421875 -0.000015259 0.00003624 0 0 -0.040571652
104 0 -0.000015259 -0.000015259 -0.01786834 -0.032037725 -0.918099438
105 7.08984375 0 0 3.141592654 -0.174494806 3.141592654
106 7.528244019 8.168074608 -1.232803345 2.885017799 0.303466685 3.108838628
107 -54.911254883 -0.649675369 -0.176704407 1.856728718 0.785609017 0.048036467
108 -61.183185577 0.000005722 -0.000001907 0.174037262 0.013709953 -0.309466751
109 8.588668823 0 1.514417648 0 0 0
110 4.260528564 -21.349500656 -3.218471527 -0.229646484 -0.146054022 -0.303432411
111 15.606674194 0 -0.00001049 -0.000937448 0.026492437 -0.122842814
112 15.853752136 0 -0.000006676 0.001568708 0.009734996 -0.157685689
113 15.151866913 0 0.000000954 0.001656377 -0.018478462 0.007580907
114 11.149963379 0.000015259 -0.000007153 -0.040082832 0.120800773 -0.029237533
115 1.725112915 -0.142127961 11.160657883 -2.019105011 -0.695607809 0.137591666
116 15.606689453 0 -0.000001907 -0.000763619 0.017246886 -0.078491583
117 15.853736877 0 -0.000003815 0.000261664 0.006403069 -0.080122948
118 15.151851654 -0.000007629 0 0.000616038 -0.011829578 0.012598898
119 11.149967194 0 0 -0.004405233 0.001667874 0.242797748
120 6.67868042 -0.142132968 -16.932609558 1.571106218 -0.034669705 3.141587281
121 -15.606674194 0.000007629 -0.00000003 0 0 0.072349216
122 -15.853752136 0.000003815 0.00000599 0 0 -0.025723096
123 -15.151847839 0.000001907 0 0 0 -0.096107519
124 -11.14994812 0 0.00000602 0 0 0.081764736
125 2.507659912 15.939216614 6.722545624 -1.789671757 0.255676781 -2.869102546
126 -15.606681824 0.000003815 0 0.009362604 -0.003341754 -0.0237536
127 -15.853759766 0 0.000007629 0.019442236 -0.078407147 0.075103527
128 -15.15184021 0 0.000015259 -0.0063053 0.008088096 -0.064257046
129 -11.14995575 -0.000005722 0.000007629 0.01299221 0.10724761 -0.197494444
130 2.507629395 -17.075351715 6.722560883 -1.394725005 -0.44812799 -0.316868681
131 15.606674194 0 0 0.004616914 0.108130264 -0.07929894
132 15.853744507 0 0.000011444 0.017951018 -0.036398266 0.052861588
133 15.151855469 0 0.000003815 -0.001725146 -0.069868057 -0.022309872
134 11.149967194 0 -0.000019073 0.05088976 -0.113244038 0.07765244
135 5.8931427 15.939212799 -12.47754097 3.060441594 0.13907538 0.286958964
136 15.606674194 0 0.000024796 0.008230169 -0.010709333 -0.084834449
137 15.853744507 -0.000007629 -0.000009537 0.023260923 -0.080576305 0.051076561
138 15.151855469 0 0 -0.00429077 0.014371848 -0.020488839
139 11.14994812 0 -0.000003815 0.035401214 0.06395871 0.093067358
140 5.893157959 -17.075357437 -12.477553368 1.665114988 0.046168712 2.945850245
141 -15.606643677 0 0.000007629 0.010310033 0.016322743 0.015190427
142 -15.853729248 0 -0.000011444 0.016709636 -0.071009544 0.089352315
143 -15.15184021 -0.000003815 0 -0.006760254 -0.007051777 -0.092196216
144 -11.14994812 -0.000005722 -0.000007629 -0.271235576 -0.11581174 -0.002329874
145 4.260498047 20.773923874 -3.218486786 0.023101859 -0.035501231 -2.90636479
146 -15.606689453 0.000007629 0.000000954 -0.001274875 -0.047987569 0.089078229
147 -15.853744507 0.000007629 0 -0.002060868 -0.017764519 -0.05963779
148 -15.151832581 -0.000003815 0.000001907 0.000791086 0.034522049 0.020819471
149 -11.149971008 0 -0.000001907 -0.01022957 0.299857428 -0.226108714
150 7.528259277 -8.043748856 -1.232804298 -0.653604446 -0.226792034 0.150327416
151 54.911224365 0.649678707 0.176696777 1.571141194 0.649263053 0.091400882
152 61.183162689 -0.000007629 0.000000238 0.542701548 0.211647802 0.109075119
153 -0.364088595 36.477970123 12.189170837 0.340633688 -0.000040147 0.000233438
154 -0.364086866 -2.758006096 4.994803905 0 0 0.000244115
155 -0.364086866 -2.758006096 4.994803905 0 0 0.000244115
156 -0.364086866 -2.758006096 4.994803905 0 0 0.000244115
157 -0.364086866 -2.758006096 4.994803905 0 0 0.000244115
158 -0.364086866 -2.758006096 4.994803905 0 0 0.000244115
159 -0.364086866 -2.758006096 4.994803905 0 0 0.000244115
160 -0.364086866 -2.758006096 4.994803905 0 0 0.000244115
161 -0.364086866 -2.758006096 4.994803905 0 0 0.000244115
162 -0.498048782 -4.95163393 0.510848999 0 0 0.000244115
163 -0.364086866 -2.758006096 4.994803905 0 0 0.000244115
time 39
0 -0.364086866 -2.758006096 4.994803905 0 0 0.000244115
1 -0.355918914 -24.813129425 19.338518377 3.141592654 -1.497890235 1.570796489
2 130.809036255 0 0.000001907 0 0 0
3 6.662033081 -0.142129987 2.521337509 2.93088364 -0.190273848 -0.011382371
4 24.360946655 -0.000000954 0.000019073 0.10792569 -0.021553803 0.027710215
5 24.806411743 -0.000006676 0.765964508 -0.834961108 -0.344067487 0.13280885
6 8.120300293 -0.000001907 0 0.878961621 0.160260258 -0.144032846
7 8.120300293 -0.000000954 0 3.141592654 -1.17489882 3.141592654
8 8.120300293 -0.000000954 0 -0.216192487 -1.369859591 0.175150136
9 5.115219116 7.517076492 -23.079305649 1.501763517 -0.35837646 0.015053389
10 -13.525115967 0 0 0.027088461 0.086122798 -0.021039239
11 -11.953033447 -0.000022888 0 0.011672926 -0.050650647 0.07812656
12 -8.290390015 -0.000015259 -0.000000954 0.077099795 -0.12677615 -0.332759581
13 -7.875 0.000030518 0 0.016206436 -0.023866631 -0.321934172
14 -8.785766602 0.000032425 0.000001907 0.16737017 -0.057836084 -0.366265029
15 -8.903717041 0.000011444 -0.000007629 0.327982297 0.037887549 0.442256455
16 5.903442383 12.714838982 -17.693174362 1.370188491 -0.37922568 -0.02939746
17 -13.525131226 0.000007629 0 0.005601952 0.057591002 -0.003379138
18 -11.953063965 0 0 0.034483413 -0.104478367 0.083373381
19 -8.290390015 0.000007629 0 0.063032998 -0.008024397 -0.077132527
20 -7.875 0.000030518 -0.000011444 -0.012381455 0.095941018 -0.383337531
21 -8.78578186 0.000038147 -0.000001907 0.075993817 0.17001368 -0.440131625
22 -8.903717041 0 -0.000001431 0.242266841 -0.191441687 0.36051377
23 5.115203857 -7.603523731 -23.079328537 -1.554662073 0.381674365 -2.887288286
24 13.525100708 -0.000015259 0 0.014239393 -0.136269366 -0.019746787
25 11.953048706 0.000007629 0.000007629 0.119489134 -0.035781137 0.09874365
26 8.290359497 -0.000015259 -0.000007629 0.130412493 0.084872576 -0.294446046
27 7.875 -0.000022888 0.000003815 0.03424265 0.264098007 -0.339574291
28 8.785797119 -0.000038147 0 0.103011616 0.197343246 -0.407724038
29 8.903717041 0.000011444 0.000003815 -0.237106732 0.44042397 0.261609227
30 5.903427124 -12.801288605 -17.69320488 -1.598720893 0.442583503 -2.77991415
31 13.525115967 0 0 -0.013399199 -0.116914455 -0.020746383
32 11.953048706 0.000015259 -0.000007629 0.119697953 -0.035225721 0.092279219
33 8.290390015 0 -0.000007629 0.13963355 0.217550024 -0.051585289
34 7.875 -0.000015259 0.000007629 0.019904072 0.384448786 -0.381756042
35 8.785797119 -0.000030518 0 0.091540978 0.367972498 -0.425555267
36 8.9037323 -0.000003815 0 -0.292676417 0.416568362 0.22968523
37 4.435455322 0.000126362 -25.179960251 -3.117617043 0.363008552 -3.024970545
38 14.171035767 0.000020981 1.280685425 -0.040062654 -0.155721187 -0.105432431
39 10.9765625 0.000011444 0.352539063 0.013857349 0.033647475 0.002650393
40 8.120315552 -0.000007629 -0.000015259 0.017990329 0.225398604 0.106589924
41 8.120285034 -0.000003815 -0.000030518 0.01999065 0.299531722 0.192913447
42 8.120330811 0.000001431 -0.000015259 0.066536456 0.60101853 0.197430359
43 8.120346069 -0.000003815 0.000068665 -0.477040233 -0.23129885 0.171052717
44 7.146972656 16.179798126 -9.195619583 1.376844409 -0.303705466 -0.072871366
45 -13.525115967 -0.000007629 0.000003815 -0.058318294 -0.252190243 0.290184579
46 -11.953041077 -0.000022888 0 0.007519909 -0.293983453 0.274094399
47 -8.290393829 0 0.000015259 0.133890309 -0.027074507 0.20846572
48 -7.875 0 0 0.0641516 0.216351715 -0.183735073
49 -8.785785675 0.000030518 -0.000007629 0.028854636 0.414227797 -0.634942234
50 -8.903717041 0.000015259 0.000001907 0.162558631 -0.211931629 0.115054981
51 7.146957397 -16.26625061 -9.195617676 -1.594435862 0.362965226 -2.75698367
52 13.525115967 0.000007629 0.000007629 -0.108922635 -0.22010439 0.049011683
53 11.953033447 0.000007629 0 0.119590201 -0.005287286 0.0882594
54 8.290390015 0.000007629 0 0.190748059 0.346450734 0.030306871
55 7.875 -0.000015259 0.000015259 0.058097975 0.546032519 -0.284543196
56 8.785797119 -0.000030518 0.000001907 0.046913926 0.550805676 -0.484236639
57 8.90372467 -0.000003815 -0.000007629 -0.39020363 0.321075214 0.164042265
58 -5.36730957 8.366909027 8.703121185 1.816636915 -0.90328975 3.098587762
59 13.525123596 0 0 -0.296468905 -0.078299246 -0.169078084
60 -3.441879272 -10.792387962 9.377009392 1.698751004 -1.040162588 -2.995665328
61 13.525131226 0 0.000003815 -0.392938232 0.207874235 -0.506164442
62 11.953048706 0.000015259 0 0.239323426 0.006248835 -0.745981436
63 8.290374756 0.000003815 0 0.175561075 -0.139856648 -0.259118291
64 7.875 -0.000034332 0 0.118289924 -0.189582741 -0.052085087
65 19.39491272 -14.052387238 -0.467090607 -1.258369686 -0.886351775 -0.174679839
66 26.240768433 0.000015259 -0.000001907 -0.007641455 -0.364469317 0.536500007
67 31.971008301 0.000007629 0 -1.678648368 0.467889424 -0.13378373
68 4.627258301 -2.311302185 4.185630798 -0.021512477 -0.254658869 -0.451859094
69 2.980117798 0 -0.000000954 -0.040823197 0.14004721 0.242069561
70 1.982421875 0.000019073 0.000019073 0.001822187 0.301463179 0.041313792
71 10.844894409 -1.281569481 -1.331680298 0.003154845 -0.01855101 -1.502721343
72 3.98828125 0 0.000041962 0.024656551 0.116612118 -1.30426207
73 2.26953125 -0.000007629 -0.000011444 0.010246566 0.020303916 -1.235445909
74 10.908889771 -1.23739624 0.829597473 -0.003109352 -0.01605034 -0.895852925
75 3.989456177 0 0.000049591 -0.026019839 0.050783303 -0.636960393
76 3.478284836 -0.000030518 -0.000007629 0.025346404 -0.11085993 -0.737210855
77 10.291915894 -1.202157974 -3.34413147 0.018038834 -0.023865117 -1.537453755
78 2.757152557 0 0.000022888 -0.269907553 -0.095587855 -1.29157427
79 1.775390625 0 -0.000022888 0.198076059 0.357239486 -1.30316968
80 10.971908569 -1.193932533 2.957344055 -0.014265529 -0.004860461 -1.002109965
81 3.82421875 -0.000030518 0.000038147 -0.000596317 0.002170439 -0.689801398
82 2.94140625 0 0 0.003950255 0.00698882 -0.847183373
83 0 0.000009537 0.000007629 -0.281161032 -0.158281714 -1.026998567
84 19.394897461 13.160596848 -0.467079163 1.401209606 1.024975721 -3.104238507
85 -26.240768433 0.000030518 0.000001907 0.323969435 -0.404134518 0.394902968
86 -31.97102356 0 -0.000015259 -1.81792558 0.01103903 0.008162281
87 -11.614593506 3.933109283 0.069389343 1.720533477 1.395162973 1.933670481
88 -10.48449707 1.069202423 3.539878845 -3.131584703 0.028220486 2.411526648
89 2.757156372 0.000015259 0.000019073 -0.011712134 0.035128624 1.019560794
90 1.775390625 0 -0.000030518 -0.204499622 -0.298392802 0.873982333
91 -11.046478271 1.142410278 1.529701233 -3.130487012 0.018259081 2.114134707
92 3.98828125 0.000030518 0.000041962 0.004872241 -0.009924216 1.610032301
93 2.26953125 0.000007629 0.000007629 -0.076539319 -0.095407065 1.438172442
94 -11.192642212 1.041530609 -2.758430481 -3.117466097 -0.002180357 2.477429666
95 3.82421875 0.000030518 0.000041962 0.00053161 0.002187187 1.610324685
96 8.785766602 -0.000030518 -0.000003815 0.028889808 0.206538207 -0.655495889
97 2.94140625 0.000015259 -0.000015259 -0.004550553 0.006091757 1.767588569
98 -11.120147705 1.091533661 -0.631126404 -3.128907678 0.018357161 2.400346066
99 3.989395142 0.000015259 0.000038147 0.021444626 0.041947477 1.751021405
100 3.478317261 0.000030518 -0.000015259 -0.001306817 0.004312204 1.848998194
101 -4.853607178 2.155090332 -4.018516541 3.123057975 0.125574955 2.46129872
102 2.980133057 0 0.000019073 0.038574713 -0.163808097 -0.240289671
103 1.982421875 -0.000015259 0.00003624 0 0 -0.040571652
104 0 -0.000015259 -0.000015259 -0.01786834 -0.032037725 -0.918099438
105 7.08984375 0 0 3.141592654 -0.174494806 3.141592654
106 7.528244019 8.168074608 -1.232803345 2.885017799 0.303466685 3.108838628
107 -54.911254883 -0.649675369 -0.176704407 1.856728718 0.785609017 0.048036467
108 -61.183185577 0.000005722 -0.000001907 0.174037262 0.013709953 -0.309466751
109 8.588668823 0 1.514417648 0 0 0
110 4.260528564 -21.349500656 -3.218471527 -0.229646484 -0.146054022 -0.303432411
111 15.606674194 0 -0.00001049 -0.00142055 0.032002796 -0.137218863
112 15.853752136 0 -0.000006676 0.001581008 0.014608484 -0.174574658
113 15.151866913 0 0.000000954 0.002216784 -0.015269787 -0.007699415
114 11.149963379 0.000015259 -0.000007153 -0.040082832 0.120800773 -0.029237533
115 1.725112915 -0.142127961 11.160657883 -2.019105011 -0.695607809 0.137591666
116 15.606689453 0 -0.000001907 -0.001196159 0.020769011 -0.098458564
117 15.853736877 0 -0.000003815 0.000133044 0.009513163 -0.099132749
118 15.151851654 -0.000007629 0 0.000966624 -0.009665807 -0.003543759
119 11.149967194 0 0 -0.004405233 0.001667874 0.242797748
120 6.67868042 -0.142132968 -16.932609558 1.571106218 -0.034669705 3.141587281
121 -15.606674194 0.000007629 -0.00000003 0 0 0.083751704
122 -15.853752136 0.000003815 0.00000599 0 0 -0.017436171
123 -15.151847839 0.000001907 0 0 0 -0.095761826
124 -11.14994812 0 0.00000602 0 0 0.081764736
125 2.507659912 15.939216614 6.722545624 -1.789671757 0.255676781 -2.869102546
126 -15.606681824 0.000003815 0 0.009319646 -0.013522806 -0.025010041
127 -15.853759766 0 0.000007629 0.019551789 -0.089584993 0.076909998
128 -15.15184021 0 0.000015259 -0.006442391 -0.00107257 -0.064832108
129 -11.14995575 -0.000005722 0.000007629 0.01299221 0.10724761 -0.197494444
130 2.507629395 -17.075351715 6.722560883 -1.394725005 -0.44812799 -0.316868681
131 15.606674194 0 0 0.003141725 0.121277477 -0.092198237
132 15.853744507 0 0.000011444 0.018236934 -0.026734894 0.043873369
133 15.151855469 0 0.000003815 -0.000739766 -0.06632174 -0.029772246
134 11.149967194 0 -0.000019073 0.05088976 -0.113244038 0.07765244
135 5.8931427 15.939212799 -12.47754097 3.060441594 0.13907538 0.286958964
136 15.606674194 0 0.000024796 0.008445256 -0.022225742 -0.098800918
137 15.853744507 -0.000007629 -0.000009537 0.024619917 -0.092839308 0.041203411
138 15.151855469 0 0 -0.004113764 0.003999185 -0.02823488
139 11.14994812 0 -0.000003815 0.035401214 0.06395871 0.093067358
140 5.893157959 -17.075357437 -12.477553368 1.665114988 0.046168712 2.945850245
141 -15.606643677 0 0.000007629 0.010386408 0.010243352 0.022237639
142 -15.853729248 0 -0.000011444 0.016028854 -0.078417705 0.098409924
143 -15.15184021 -0.000003815 0 -0.007148653 -0.014141803 -0.08871496
144 -11.14994812 -0.000005722 -0.000007629 -0.271235576 -0.11581174 -0.002329874
145 4.260498047 20.773923874 -3.218486786 0.023101859 -0.035501231 -2.90636479
146 -15.606689453 0.000007629 0.000000954 -0.001894956 -0.058077695 0.100871895
147 -15.853744507 0.000007629 0 -0.002413904 -0.026658328 -0.052113679
148 -15.151832581 -0.000003815 0.000001907 0.001081195 0.02916421 0.026777626
149 -11.149971008 0 -0.000001907 -0.01022957 0.299857428 -0.226108714
150 7.528259277 -8.043748856 -1.232804298 -0.653604446 -0.226792034 0.150327416
151 54.911224365 0.649678707 0.176696777 1.571141194 0.649263053 0.091400882
152 61.183162689 -0.000007629 0.000000238 0.542701548 0.211647802 0.109075119
153 -0.364088595 36.477970123 12.189170837 0.340633688 -0.000040147 0.000233438
154 -0.364086866 -2.758006096 4.994803905 0 0 0.000244115
155 -0.364086866 -2.758006096 4.994803905 0 0 0.000244115
156 -0.364086866 -2.758006096 4.994803905 0 0 0.000244115
157 -0.364086866 -2.758006096 4.994803905 0 0 0.000244115
158 -0.364086866 -2.758006096 4.994803905 0 0 0.000244115
159 -0.364086866 -2.758006096 4.994803905 0 0 0.000244115
160 -0.364086866 -2.758006096 4.994803905 0 0 0.000244115
161 -0.364086866 -2.758006096 4.994803905 0 0 0.000244115
162 -0.498048782 -4.95163393 0.510848999 0 0 0.000244115
163 -0.364086866 -2.758006096 4.994803905 0 0 0.000244115
time 40
0 -0.364086866 -2.758006096 4.994803905 0 0 0.000244115
1 -0.355918914 -24.813129425 19.502319141 3.141592654 -1.497890235 1.570796489
2 130.809036255 0 0.000001907 0 0 0
3 6.662033081 -0.142129987 2.521337509 2.93088364 -0.190273848 -0.011382371
4 24.360946655 -0.000000954 0.000019073 0.10792569 -0.021553803 0.027710215
5 24.806411743 -0.000006676 0.765964508 -0.834961108 -0.344067487 0.13280885
6 8.120300293 -0.000001907 0 0.878961621 0.160260258 -0.144032846
7 8.120300293 -0.000000954 0 3.141592654 -1.17489882 3.141592654
8 8.120300293 -0.000000954 0 -0.216192487 -1.369859591 0.175150136
9 5.115219116 7.517076492 -23.079305649 1.501763517 -0.35837646 0.015053389
10 -13.525115967 0 0 0.025621849 0.084688762 -0.03771093
11 -11.953033447 -0.000022888 0 0.01131228 -0.042103476 0.132386625
12 -8.290390015 -0.000015259 -0.000000954 0.070990116 -0.124074633 -0.26999596
13 -7.875 0.000030518 0 0.019875026 -0.046394108 -0.360910465
14 -8.785766602 0.000032425 0.000001907 0.168704863 -0.074448713 -0.442031518
15 -8.903717041 0.000011444 -0.000007629 0.327982297 0.037887549 0.442256455
16 5.903442383 12.714838982 -17.693174362 1.370188491 -0.37922568 -0.02939746
17 -13.525131226 0.000007629 0 0.004641767 0.060827496 -0.020584792
18 -11.953063965 0 0 0.031794845 -0.110615908 0.139285879
19 -8.290390015 0.000007629 0 0.062191485 -0.025920148 -0.021880008
20 -7.875 0.000030518 -0.000011444 -0.009905259 0.086219304 -0.385986431
21 -8.78578186 0.000038147 -0.000001907 0.070831701 0.17350391 -0.508852175
22 -8.903717041 0 -0.000001431 0.242266841 -0.191441687 0.36051377
23 5.115203857 -7.603523731 -23.079328537 -1.554662073 0.381674365 -2.887288286
24 13.525100708 -0.000015259 0 0.016522079 -0.124872101 -0.037359958
25 11.953048706 0.000007629 0.000007629 0.115615233 -0.071096688 0.153678852
26 8.290359497 -0.000015259 -0.000007629 0.135410588 0.05787233 -0.224633852
27 7.875 -0.000022888 0.000003815 0.038717275 0.265067886 -0.370601214
28 8.785797119 -0.000038147 0 0.095306364 0.218131271 -0.48865754
29 8.903717041 0.000011444 0.000003815 -0.237106732 0.44042397 0.261609227
30 5.903427124 -12.801288605 -17.69320488 -1.598720893 0.442583503 -2.77991415
31 13.525115967 0 0 -0.011301411 -0.101882892 -0.039443635
32 11.953048706 0.000015259 -0.000007629 0.114840618 -0.083023486 0.148192042
33 8.290390015 0 -0.000007629 0.150366114 0.173558873 0.009804298
34 7.875 -0.000015259 0.000007629 0.031452152 0.398578633 -0.380929249
35 8.785797119 -0.000030518 0 0.088938884 0.407814563 -0.494411097
36 8.9037323 -0.000003815 0 -0.292676417 0.416568362 0.22968523
37 4.435455322 0.000126362 -25.179960251 -3.117617043 0.363008552 -3.024970545
38 14.171035767 0.000020981 1.280685425 -0.040455869 -0.130973397 -0.098877841
39 10.9765625 0.000011444 0.352539063 0.013578726 -0.048886853 -0.022091202
40 8.120315552 -0.000007629 -0.000015259 0.014764554 0.172894195 0.087255542
41 8.120285034 -0.000003815 -0.000030518 0.031317286 0.334933973 0.206917671
42 8.120330811 0.000001431 -0.000015259 0.088340632 0.657530066 0.239109021
43 8.120346069 -0.000003815 0.000068665 -0.477040233 -0.23129885 0.171052717
44 7.146972656 16.179798126 -9.195619583 1.376844409 -0.303705466 -0.072871366
45 -13.525115967 -0.000007629 0.000003815 -0.058318294 -0.252190243 0.290184579
46 -11.953041077 -0.000022888 0 0.019730341 -0.267741561 0.23007673
47 -8.290393829 0 0.000015259 0.120492879 -0.088864927 0.30848626
48 -7.875 0 0 0.080172544 0.174952019 -0.09194996
49 -8.785785675 0.000030518 -0.000007629 0.050052743 0.418592981 -0.621238302
50 -8.903717041 0.000015259 0.000001907 0.162558631 -0.211931629 0.115054981
51 7.146957397 -16.26625061 -9.195617676 -1.594435862 0.362965226 -2.75698367
52 13.525115967 0.000007629 0.000007629 -0.104964078 -0.201738754 0.030180842
53 11.953033447 0.000007629 0 0.114375089 -0.06895579 0.136917783
54 8.290390015 0.000007629 0 0.205590208 0.287202361 0.083752545
55 7.875 -0.000015259 0.000015259 0.080116733 0.570803852 -0.278024417
56 8.785797119 -0.000030518 0.000001907 0.047352647 0.600676986 -0.538177945
57 8.90372467 -0.000003815 -0.000007629 -0.39020363 0.321075214 0.164042265
58 -5.36730957 8.366909027 8.703121185 1.81470307 -0.883361713 3.101144124
59 13.525123596 0 0 -0.296468905 -0.078299246 -0.169078084
60 -3.441879272 -10.792387962 9.377009392 1.705415493 -1.016953377 -3.00340531
61 13.525131226 0 0.000003815 -0.392605363 0.223524105 -0.433451539
62 11.953048706 0.000015259 0 0.228587083 0.030216135 -0.714378135
63 8.290374756 0.000003815 0 0.184337256 -0.13379105 -0.348705801
64 7.875 -0.000034332 0 0.135733593 -0.215468669 -0.137300448
65 19.39491272 -14.052387238 -0.467090607 -1.251817396 -0.902840603 -0.173461811
66 26.240768433 0.000015259 -0.000001907 -0.007655732 -0.369474139 0.536503912
67 31.971008301 0.000007629 0 -1.678648368 0.467889424 -0.13378373
68 4.627258301 -2.311302185 4.185630798 -0.021512477 -0.254658869 -0.451859094
69 2.980117798 0 -0.000000954 -0.040823197 0.14004721 0.242069561
70 1.982421875 0.000019073 0.000019073 0.001822187 0.301463179 0.041313792
71 10.844894409 -1.281569481 -1.331680298 0.003154845 -0.01855101 -1.502721343
72 3.98828125 0 0.000041962 0.024656551 0.116612118 -1.30426207
73 2.26953125 -0.000007629 -0.000011444 0.010246566 0.020303916 -1.235445909
74 10.908889771 -1.23739624 0.829597473 -0.003109352 -0.01605034 -0.895852925
75 3.989456177 0 0.000049591 -0.026019839 0.050783303 -0.636960393
76 3.478284836 -0.000030518 -0.000007629 0.025346404 -0.11085993 -0.737210855
77 10.291915894 -1.202157974 -3.34413147 0.018038834 -0.023865117 -1.537453755
78 2.757152557 0 0.000022888 -0.269907553 -0.095587855 -1.29157427
79 1.775390625 0 -0.000022888 0.198076059 0.357239486 -1.30316968
80 10.971908569 -1.193932533 2.957344055 -0.014265529 -0.004860461 -1.002109965
81 3.82421875 -0.000030518 0.000038147 -0.000596317 0.002170439 -0.689801398
82 2.94140625 0 0 0.003950255 0.00698882 -0.847183373
83 0 0.000009537 0.000007629 -0.281161032 -0.158281714 -1.026998567
84 19.394897461 13.160596848 -0.467079163 1.401209606 1.024975721 -3.104238507
85 -26.240768433 0.000030518 0.000001907 0.323969435 -0.404134518 0.394902968
86 -31.97102356 0 -0.000015259 -1.81792558 0.01103903 0.008162281
87 -11.614593506 3.933109283 0.069389343 1.720533477 1.395162973 1.933670481
88 -10.48449707 1.069202423 3.539878845 -3.131584703 0.028220486 2.411526648
89 2.757156372 0.000015259 0.000019073 -0.011712134 0.035128624 1.019560794
90 1.775390625 0 -0.000030518 -0.204499622 -0.298392802 0.873982333
91 -11.046478271 1.142410278 1.529701233 -3.130487012 0.018259081 2.114134707
92 3.98828125 0.000030518 0.000041962 0.004872241 -0.009924216 1.610032301
93 2.26953125 0.000007629 0.000007629 -0.076539319 -0.095407065 1.438172442
94 -11.192642212 1.041530609 -2.758430481 -3.117466097 -0.002180357 2.477429666
95 3.82421875 0.000030518 0.000041962 0.00053161 0.002187187 1.610324685
96 8.785766602 -0.000030518 -0.000003815 0.028889808 0.206538207 -0.655495889
97 2.94140625 0.000015259 -0.000015259 -0.004550553 0.006091757 1.767588569
98 -11.120147705 1.091533661 -0.631126404 -3.128907678 0.018357161 2.400346066
99 3.989395142 0.000015259 0.000038147 0.021444626 0.041947477 1.751021405
100 3.478317261 0.000030518 -0.000015259 -0.001306817 0.004312204 1.848998194
101 -4.853607178 2.155090332 -4.018516541 3.123057975 0.125574955 2.46129872
102 2.980133057 0 0.000019073 0.038574713 -0.163808097 -0.240289671
103 1.982421875 -0.000015259 0.00003624 0 0 -0.040571652
104 0 -0.000015259 -0.000015259 -0.01786834 -0.032037725 -0.918099438
105 7.08984375 0 0 3.141592654 -0.174494806 3.141592654
106 7.528244019 8.168074608 -1.232803345 2.885017799 0.303466685 3.108838628
107 -54.911254883 -0.649675369 -0.176704407 1.856728718 0.785609017 0.048036467
108 -61.183185577 0.000005722 -0.000001907 0.174037262 0.013709953 -0.309466751
109 8.588668823 0 1.514417648 0 0 0
110 4.260528564 -21.349500656 -3.218471527 -0.229646484 -0.146054022 -0.303432411
111 15.606674194 0 -0.00001049 -0.001088686 0.028041244 -0.126825681
112 15.853752136 0 -0.000006676 0.00001987 0.025071453 -0.198437645
113 15.151866913 0 0.000000954 0.002518302 -0.004607117 -0.043771991
114 11.149963379 0.000015259 -0.000007153 -0.040082832 0.120800773 -0.029237533
115 1.725112915 -0.142127961 11.160657883 -2.019105011 -0.695607809 0.137591666
116 15.606689453 0 -0.000001907 -0.000843654 0.018107332 -0.083590026
117 15.853736877 0 -0.000003815 -0.000511134 0.01631722 -0.136668097
118 15.151851654 -0.000007629 0 0.001180288 -0.002650684 -0.043681305
119 11.149967194 0 0 -0.004405233 0.001667874 0.242797748
120 6.67868042 -0.142132968 -16.932609558 1.571106218 -0.034669705 3.141587281
121 -15.606674194 0.000007629 -0.00000003 0 0 0.075631501
122 -15.853752136 0.000003815 0.00000599 0 0 0.005437934
123 -15.151847839 0.000001907 0 0 0 -0.075977031
124 -11.14994812 0 0.00000602 0 0 0.081764736
125 2.507659912 15.939216614 6.722545624 -1.789671757 0.255676781 -2.869102546
126 -15.606681824 0.000003815 0 0.00931335 -0.006362024 -0.024112965
127 -15.853759766 0 0.000007629 0.018755428 -0.107408573 0.072659687
128 -15.15184021 0 0.000015259 -0.006027347 -0.024526317 -0.057770985
129 -11.14995575 -0.000005722 0.000007629 0.01299221 0.10724761 -0.197494444
130 2.507629395 -17.075351715 6.722560883 -1.394725005 -0.44812799 -0.316868681
131 15.606674194 0 0 0.004199323 0.111589453 -0.082782711
132 15.853744507 0 0.000011444 0.018904433 0.000011052 0.017091824
133 15.151855469 0 0.000003815 0.000283362 -0.044808004 -0.047324194
134 11.149967194 0 -0.000019073 0.05088976 -0.113244038 0.07765244
135 5.8931427 15.939212799 -12.47754097 3.060441594 0.13907538 0.286958964
136 15.606674194 0 0.000024796 0.008301528 -0.013802237 -0.08856372
137 15.853744507 -0.000007629 -0.000009537 0.025058472 -0.113820539 0.0124066
138 15.151855469 0 0 -0.003529435 -0.022617825 -0.04675107
139 11.14994812 0 -0.000003815 0.035401214 0.06395871 0.093067358
140 5.893157959 -17.075357437 -12.477553368 1.665114988 0.046168712 2.945850245
141 -15.606643677 0 0.000007629 0.010398222 0.014585011 0.01725377
142 -15.853729248 0 -0.000011444 0.0149677 -0.088078725 0.109906039
143 -15.15184021 -0.000003815 0 -0.007154003 -0.029255365 -0.06594718
144 -11.14994812 -0.000005722 -0.000007629 -0.271235576 -0.11581174 -0.002329874
145 4.260498047 20.773923874 -3.218486786 0.023101859 -0.035501231 -2.90636479
146 -15.606689453 0.000007629 0.000000954 -0.001479356 -0.050745504 0.092286245
147 -15.853744507 0.000007629 0 -0.002134795 -0.046130572 -0.027234992
148 -15.151832581 -0.000003815 0.000001907 0.001232456 0.009557915 0.04109601
149 -11.149971008 0 -0.000001907 -0.01022957 0.299857428 -0.226108714
150 7.528259277 -8.043748856 -1.232804298 -0.653604446 -0.226792034 0.150327416
151 54.911224365 0.649678707 0.176696777 1.571141194 0.649263053 0.091400882
152 61.183162689 -0.000007629 0.000000238 0.542701548 0.211647802 0.109075119
153 -0.364088595 36.477970123 12.189170837 0.340633688 -0.000040147 0.000233438
154 -0.364086866 -2.758006096 4.994803905 0 0 0.000244115
155 -0.364086866 -2.758006096 4.994803905 0 0 0.000244115
156 -0.364086866 -2.758006096 4.994803905 0 0 0.000244115
157 -0.364086866 -2.758006096 4.994803905 0 0 0.000244115
158 -0.364086866 -2.758006096 4.994803905 0 0 0.000244115
159 -0.364086866 -2.758006096 4.994803905 0 0 0.000244115
160 -0.364086866 -2.758006096 4.994803905 0 0 0.000244115
161 -0.364086866 -2.758006096 4.994803905 0 0 0.000244115
162 -0.498048782 -4.95163393 0.510848999 0 0 0.000244115
163 -0.364086866 -2.758006096 4.994803905 0 0 0.000244115
end
