version 1
nodes
0 "Object009" -1
1 "Bone000" -1
2 "Bone001" 1
3 "Bone002" 2
4 "Bone003" 3
5 "Bone004" 4
6 "Bone005" 5
7 "Bone006" 6
8 "Bone007" 6
9 "Bone008" 6
10 "Bone009" 9
11 "Bone010" 10
12 "Bone011" 11
13 "Bone012" 12
14 "Bone013" 13
15 "Bone014" 14
16 "Bone015" 6
17 "Bone016" 16
18 "Bone017" 17
19 "Bone018" 18
20 "Bone019" 19
21 "Bone020" 20
22 "Bone021" 21
23 "Bone022" 6
24 "Bone023" 23
25 "Bone024" 24
26 "Bone025" 25
27 "Bone026" 26
28 "Bone027" 27
29 "Bone028" 28
30 "Bone029" 6
31 "Bone030" 30
32 "Bone031" 31
33 "Bone032" 32
34 "Bone033" 33
35 "Bone034" 34
36 "Bone035" 35
37 "Bone036" 6
38 "Bone037" 37
39 "Bone038" 38
40 "Bone039" 39
41 "Bone040" 40
42 "Bone041" 41
43 "Bone042" 42
44 "Bone043" 6
45 "Bone044" 44
46 "Bone045" 45
47 "Bone046" 46
48 "Bone047" 47
49 "Bone048" 48
50 "Bone049" 49
51 "Bone050" 6
52 "Bone051" 51
53 "Bone052" 52
54 "Bone053" 53
55 "Bone054" 54
56 "Bone055" 55
57 "Bone056" 56
58 "Bone057" 6
59 "Bone058" 58
60 "Bone059" 6
61 "Bone060" 60
62 "Bone061" 61
63 "Bone062" 62
64 "Bone063" 63
65 "Bone065" 4
66 "Bone066" 65
67 "Bone067" 66
68 "Bone068" 67
69 "Bone069" 68
70 "Bone070" 69
71 "Bone071" 67
72 "Bone072" 71
73 "Bone073" 72
74 "Bone074" 67
75 "Bone075" 74
76 "Bone076" 75
77 "Bone077" 67
78 "Bone078" 77
79 "Bone079" 78
80 "Bone080" 67
81 "Bone081" 80
82 "Bone082" 81
83 "Bone083" 66
84 "Bone084" 4
85 "Bone085" 84
86 "Bone086" 85
87 "Bone087" 86
88 "Bone088" 86
89 "Bone089" 88
90 "Bone090" 89
91 "Bone091" 86
92 "Bone092" 91
93 "Bone093" 92
94 "Bone094" 86
95 "Bone095" 94
96 "Bone064" 64
97 "Bone096" 95
98 "Bone097" 86
99 "Bone098" 98
100 "Bone099" 99
101 "Bone0100" 86
102 "Bone0101" 101
103 "Bone0102" 102
104 "Bone0103" 85
105 "Bone0104" 2
106 "Bone0105" 105
107 "Bone0106" 106
108 "Bone0107" 107
109 "Bone0108" 105
110 "Bone0109" 109
111 "Bone0110" 110
112 "Bone0111" 111
113 "Bone0112" 112
114 "Bone0113" 113
115 "Bone0114" 109
116 "Bone0115" 115
117 "Bone0116" 116
118 "Bone0117" 117
119 "Bone0118" 118
120 "Bone0119" 109
121 "Bone0120" 120
122 "Bone0121" 121
123 "Bone0122" 122
124 "Bone0123" 123
125 "Bone0124" 109
126 "Bone0125" 125
127 "Bone0126" 126
128 "Bone0127" 127
129 "Bone0128" 128
130 "Bone0129" 109
131 "Bone0130" 130
132 "Bone0131" 131
133 "Bone0132" 132
134 "Bone0133" 133
135 "Bone0134" 109
136 "Bone0135" 135
137 "Bone0136" 136
138 "Bone0137" 137
139 "Bone0138" 138
140 "Bone0139" 109
141 "Bone0140" 140
142 "Bone0141" 141
143 "Bone0142" 142
144 "Bone0143" 143
145 "Bone0144" 109
146 "Bone0145" 145
147 "Bone0146" 146
148 "Bone0147" 147
149 "Bone0148" 148
150 "Bone0149" 105
151 "Bone0150" 150
152 "Bone0151" 151
153 "Object007" -1
154 "Object010" -1
155 "Object011" -1
156 "Object013" -1
157 "Object014" -1
158 "Object015" -1
159 "Object016" -1
160 "Object017" -1
161 "Object018" -1
162 "_M3_Anim_Data" -1
163 "Object019" -1
end
skeleton
time 0
0 -0.364086866 -2.758006096 4.994803905 0 0 0.000244115
1 -0.355919838 -3.529829025 3.436691046 0 -1.545443228 -1.570795911
2 130.809051514 0.00000003 -0.000000477 0 0 0
3 6.661987305 -0.142130047 2.521339893 3.093022081 0.013805465 0.017365465
4 24.360931396 0.000000238 0.000011444 -0.009776577 0.166873838 0.000135178
5 24.806396484 -0.00000596 0.765966415 -0.834961108 -0.344067487 0.13280885
6 8.120269775 -0.000000954 0 0.81216822 0.097883428 -0.092194163
7 8.120315552 -0.000000477 -0.000003815 0 -0.880742373 0
8 8.120315552 -0.000000477 -0.000003815 -0.216192487 -1.369859591 0.175150136
9 5.115219116 7.517072678 -23.079307556 1.501763517 -0.35837646 0.015053389
10 -13.525115967 -0.000007629 0 -0.132146979 0.024788598 -1.536422094
11 -11.953025818 0 0 -0.260584979 0.055926808 -0.178493015
12 -8.290390015 0.000015259 0 -0.280683536 0.013002298 0.316829015
13 -7.875 0.000030518 0.000015259 -0.80103968 -0.232988238 0.907444097
14 -8.785797119 0.000034332 -0.000002861 -0.834295065 -0.794215448 0.359059901
15 -8.90372467 -0.000000954 -0.000015259 0.272940009 -0.145023886 0.173136211
16 5.903427124 12.714836121 -17.693180084 1.370188491 -0.37922568 -0.02939746
17 -13.525115967 0 0 -0.285335984 0.153891146 -1.570247747
18 -11.953041077 0.000015259 0.000001907 -0.127871352 0.064898223 -0.194048187
19 -8.290382385 -0.000015259 0 -0.47331703 0.029324969 0.351287243
20 -7.875 0.000030518 -0.000022888 -0.840622342 -0.473905207 1.146728628
21 -8.78578186 0.000041962 0 -0.65228914 -0.708647437 0.293297219
22 -8.9037323 0.000001907 0.000015259 0.173298548 -0.191495741 0.146342273
23 5.115203857 -7.60351944 -23.079330444 -1.554662073 0.381674365 -2.887288286
24 13.525115967 0 0.000003815 0.091016764 0.01378712 -1.516544779
25 11.953033447 0.000015259 -0.000003815 0.353251797 -0.050451636 -0.148663461
26 8.290397644 0.000015259 0.000015259 0.426992404 0.035683791 0.282082985
27 7.875 -0.000038147 0.000015259 0.648586414 0.446904433 0.569009531
28 8.785797119 -0.000038147 -0.000003815 1.062289058 0.849850499 0.206240822
29 8.9037323 0.000001907 -0.000007629 -0.256067433 0.408679046 -0.062851172
30 5.903396606 -12.801282883 -17.693202972 -1.598720893 0.442583503 -2.77991415
31 13.525115967 -0.000007629 -0.000007629 -0.023468723 0.062214821 -1.54978804
32 11.953041077 0 -0.000007629 0.237529256 -0.011910715 -0.151953313
33 8.290397644 -0.000007629 0.000015259 0.257482153 0.044705552 0.328519799
34 7.875 -0.000034332 0 0.403722781 0.362004374 0.653602777
35 8.78578186 -0.000041962 0 1.132747078 0.768876651 0.733739196
36 8.90372467 0.000003815 0 -0.231451692 0.444410716 -0.057414121
37 4.435424805 0.000125885 -25.179958344 -3.117617043 0.363008552 -3.024970545
38 14.171035767 0.000020027 1.280700684 0.809607769 1.541182376 0.75490743
39 10.9765625 0.000019073 0.352539063 0.362024806 0.196423545 -0.061572294
40 8.120292664 -0.000007629 0 0.471827427 -0.348980624 -0.022548701
41 8.120285034 0.000015259 -0.000030518 0.52873063 -0.665011065 0.446828777
42 8.120330811 -0.000003815 -0.000015259 0.838594246 -0.031846607 0.887022976
43 8.120330811 0.000015259 0.000059128 -0.32326356 -0.076145916 0.243194391
44 7.146942139 16.179790497 -9.195617676 1.376844409 -0.303705466 -0.072871366
45 -13.525146484 0 0.000007629 -0.038559178 -0.070354074 0.310641596
46 -11.953025818 -0.000015259 -0.000007629 0.069497263 0.010863277 -1.842601759
47 -8.290382385 0.000015259 0 -0.449354662 0.074797988 -0.341561739
48 -7.875 0 -0.000004053 -1.26529509 0.203224465 0.18055241
49 -8.78578186 0.000041962 0 -0.92285951 -0.856579188 1.15215091
50 -8.9037323 -0.000007629 0.000000477 0.200130767 -0.06330034 -0.046372082
51 7.146942139 -16.26625061 -9.19562149 -1.594435862 0.362965226 -2.75698367
52 13.525115967 0 0 0.006045205 -0.005366358 -1.454167208
53 11.953041077 0.000015259 0.000007629 -0.019644486 0.066828224 -0.139390333
54 8.290397644 0 -0.000007629 -0.094888705 0.108915685 0.344589073
55 7.875 -0.000015259 0 0.054958214 0.224671103 0.834610333
56 8.78578186 -0.000030518 0.000003815 0.767960663 0.413921719 1.012912068
57 8.90372467 0.000007629 0 -0.307063022 0.372957517 -0.111069318
58 -5.367340088 8.36690712 8.703117371 2.027694344 -1.387325614 2.950201218
59 13.525127411 -0.000015259 -0.000003815 -0.296468905 -0.078299246 -0.169078084
60 -3.441894531 -10.792384148 9.377002716 1.851594547 -1.412343217 -3.118457813
61 13.525127411 0 0 -0.266778851 -0.079985501 -0.158201746
62 11.953041077 0.000030518 0.000000954 -0.394369182 -0.22155492 -0.231095534
63 8.290390015 -0.000015259 0.000007629 -0.449271591 -0.07688427 -0.372533042
64 7.875 -0.000030518 0 -0.314844987 0.585885098 -0.857958256
65 19.394897461 -14.052384377 -0.467084885 1.400084984 -0.365558416 -2.779455885
66 26.240768433 -0.000007629 0.000007629 0.110056399 -0.811600297 0.531885809
67 31.970993042 0 -0.000009537 -1.120779472 0.197073003 0.214466878
68 4.627256393 -2.311302185 4.18561554 -0.021512477 -0.254658869 -0.451859094
69 2.980098724 -0.000007629 0 -0.040823197 0.14004721 0.242069561
70 1.982421875 0.000019073 0.000015259 0.001822187 0.301463179 0.041313792
71 10.844877243 -1.281570435 -1.331703186 0.003154845 -0.01855101 -1.502721343
72 3.98828125 0 0.000022888 0.024656551 0.116612118 -1.30426207
73 2.26953125 0 -0.000022888 0.010246566 0.020303916 -1.235445909
74 10.908864975 -1.237388611 0.829566956 0.00160583 -0.017571557 -1.148942514
75 3.989433289 -0.000007629 0.000038147 -0.013778044 0.068696604 -0.888675446
76 3.478279114 -0.000011444 -0.000007629 0.019202667 -0.081162842 -0.988017928
77 10.291898727 -1.202156067 -3.344161987 0.018038834 -0.023865117 -1.537453755
78 2.757148743 -0.000003815 0.000015259 -0.159196383 -0.095617133 -1.291584508
79 1.775390625 0.000007629 -0.000022888 0.198076059 0.357239486 -1.30316968
80 10.971857071 -1.19392395 2.957328796 -0.01335116 -0.009526474 -1.260544842
81 3.82421875 -0.000007629 0.000030518 -0.000601274 0.00211692 -0.948278844
82 2.94140625 -0.000007629 0 0.003910536 0.006977032 -1.105680057
83 -0.000015259 0 -0.000003815 -0.340706191 0.159206997 -0.629605292
84 19.39491272 13.16059494 -0.467075348 -2.240893062 0.311625215 -0.313902278
85 -26.240753174 0.000007629 0 0.742401797 -0.908393891 0.218383135
86 -31.971000671 0.000015259 -0.000003815 -1.328631512 0.320293047 -0.128711858
87 -11.614597321 3.933120728 0.069396973 -2.211412942 1.166447106 3.058745837
88 -10.484516144 1.069213867 3.539878845 -3.131584703 0.028220486 2.411526648
89 2.757141113 0 0.000030518 -0.011712134 0.035128624 1.019560794
90 1.775390625 -0.000011444 -0.000015259 -0.228046667 -0.283564714 0.951564638
91 -11.046470642 1.142410278 1.529701233 -3.130487012 0.018259081 2.114134707
92 3.98828125 0.000011444 0.000038147 0.004872241 -0.009924216 1.610032301
93 2.26953125 0.000015259 0.000007629 -0.076539319 -0.095407065 1.438172442
94 -11.192642212 1.041542053 -2.758422852 -3.117085671 0.000413287 2.373016094
95 3.82421875 0.000034332 0.000053406 0.00053161 0.002187187 1.610324685
96 8.785766602 -0.000045776 0 0.028889808 0.206538207 -0.655495889
97 2.94140625 0 -0.000022888 -0.004550553 0.006091757 1.767588569
98 -11.120113373 1.091545105 -0.631118774 -3.130225809 0.019393319 2.325784578
99 3.9894104 0.000001907 0.000045776 0.021444626 0.041947477 1.751021405
100 3.478288651 0.000038147 -0.000007629 -0.001306817 0.004312204 1.848998194
101 -4.853595734 2.155090332 -4.01852417 3.123057975 0.125574955 2.46129872
102 2.980098724 0.000003815 0 0.038574713 -0.163808097 -0.240289671
103 1.982421875 -0.000007629 0.000045776 0 0 -0.040571652
104 0.000007629 -0.000015259 -0.000011444 -0.01786834 -0.032037725 -0.918099438
105 7.08984375 0 -0.000000238 3.141592654 -0.174494806 3.141592654
106 7.528259277 8.168074608 -1.232801437 2.902197339 0.353401685 -3.057663889
107 -54.911254883 -0.649677277 -0.176696777 1.570994857 0.34481486 0.027852654
108 -61.183189392 0.000000954 0.000001907 0.174037262 0.013709953 -0.309466751
109 8.588699341 -0.00000003 1.514417648 0 0 0
110 4.260505676 -21.349502563 -3.218471527 0.143959767 -0.13785499 -0.305356856
111 15.606666565 0 -0.000013113 0.057422531 -1.001170539 -0.023841623
112 15.853748322 0 -0.000007629 -0.392148949 0.120173234 -0.253784453
113 15.151855469 -0.000007629 0 -0.489988778 0.990280365 -0.354906417
114 11.149969101 0.000007629 -0.000007629 0.325008786 0.230627156 0.049948524
115 1.725067139 -0.142128021 11.160657883 -1.57041052 -0.705715816 -0.000142102
116 15.606674194 0 0 0.341996052 0.078054522 -0.723929555
117 15.853733063 -0.000007629 0 -0.311897292 0.153884041 -0.081997291
118 15.151861191 0 0 -0.467155515 0.204164372 0.194569371
119 11.149963379 0.000007629 0 0 0 0.09204614
120 6.67868042 -0.142132998 -16.932609558 1.571051326 -0.287488014 3.141555734
121 -15.606697083 0 0 -0.111221086 0.021425485 -1.138781708
122 -15.853752136 0.000007629 0.000006676 -0.116994709 0.057343664 0.186707921
123 -15.151855469 0.000003815 -0.000001907 -0.17691754 -0.04875901 1.425833389
124 -11.14995575 -0.000007629 0.000006437 0 0 -0.073903949
125 2.507644653 15.939216614 6.722554207 -1.512780838 0.305321008 -2.953823558
126 -15.606689453 0 0 -0.332269204 -0.016881491 1.149601082
127 -15.853742599 -0.000015259 0.000015259 0.21544399 0.012633823 0.125949118
128 -15.151853561 0.000007629 0.000003815 0.402211382 0.128464643 -0.191518641
129 -11.149963379 0 -0.000008583 0.197645019 0.012312684 0.084169484
130 2.507614136 -17.075353622 6.722565651 -1.346668146 -0.488496785 -0.41814702
131 15.606681824 0.000003815 0.000007629 0.108547302 -0.034899744 -0.734464912
132 15.853740692 0.000007629 0.000003815 -0.018781871 0.101168719 0.175250661
133 15.151851654 0 0 -0.181466532 0.243160383 0.550383035
134 11.149974823 0 -0.000015259 0.062404708 -0.033755957 0.027190571
135 5.893112183 15.939213753 -12.477539063 3.101862501 0.378999498 0.212855762
136 15.606666565 0.000007629 0.000022888 0.124281507 1.224337066 0.005056955
137 15.853759766 -0.000007629 -0.000015259 0.085348068 -0.150033607 -0.047748014
138 15.151847839 0.000003815 0.000005722 0.437401049 -1.132292685 -0.274010437
139 11.149959564 0 -0.000011444 0.035107646 0.074685758 0.035523975
140 5.893119812 -17.075357437 -12.477554321 1.71474744 -0.201708036 2.941853418
141 -15.606674194 -0.000003815 0.000007629 -0.071715956 -0.084567498 -1.074799133
142 -15.853744507 -0.000003815 -0.000011444 0.064087253 -0.012535976 0.227397202
143 -15.151855469 -0.000007629 -0.000007629 0.060417358 0.108612901 1.545131767
144 -11.14995575 -0.000015259 -0.000003815 -0.353620101 -0.080454257 -0.012909121
145 4.260475159 20.773921967 -3.218482971 0.023217596 0.09576251 -2.903389255
146 -15.606689453 0.000003815 0 -0.096246848 1.040781557 0.070845571
147 -15.853736877 0.000007629 -0.000015259 0.097186076 -0.077510987 -0.069078021
148 -15.151828766 0 0 -0.003334237 -0.577876272 -0.039984348
149 -11.14994812 0.000003815 0 0.030378643 0.248260535 -0.117468912
150 7.528289795 -8.043749809 -1.232797623 -0.721750028 -0.334621038 0.034830641
151 54.911224365 0.649679184 0.176700592 1.570440022 0.42687142 0.030275767
152 61.183166504 -0.000003815 -0.000001907 0.542701548 0.211647802 0.109075119
153 -0.364088595 36.477970123 12.189170837 0.340633688 -0.000040147 0.000233438
154 -0.364086866 -2.758006096 4.994803905 0 0 0.000244115
155 -0.364086866 -2.758006096 4.994803905 0 0 0.000244115
156 -0.364086866 -2.758006096 4.994803905 0 0 0.000244115
157 -0.364086866 -2.758006096 4.994803905 0 0 0.000244115
158 -0.364086866 -2.758006096 4.994803905 0 0 0.000244115
159 -0.364086866 -2.758006096 4.994803905 0 0 0.000244115
160 -0.364086866 -2.758006096 4.994803905 0 0 0.000244115
161 -0.364086866 -2.758006096 4.994803905 0 0 0.000244115
162 -0.498048782 -4.95163393 0.510848999 0 0 0.000244115
163 -0.364086866 -2.758006096 4.994803905 0 0 0.000244115
time 1
0 -0.364086866 -2.758006096 4.994803905 0 0 0.000244115
1 -0.355919838 -3.700994959 3.436691046 0.007985852 -1.544962483 -1.581712112
2 130.809051514 0.00000003 -0.000000477 0 0 0
3 6.661987305 -0.142130047 2.521339893 3.093713432 0.013801533 0.017456533
4 24.360931396 0.000000238 0.000011444 -0.042334603 0.170758943 -0.014801963
5 24.806396484 -0.00000596 0.765966415 -0.829940472 -0.344127228 0.133444361
6 8.120269775 -0.000000954 0 0.810753058 0.097897699 -0.09222937
7 8.120315552 -0.000000477 -0.000003815 0 -0.880742373 0
8 8.120315552 -0.000000477 -0.000003815 -0.216192487 -1.369859591 0.175150136
9 5.115219116 7.517072678 -23.079307556 1.501763517 -0.35837646 0.015053389
10 -13.525115967 -0.000007629 0 -0.04726815 -0.019497602 -1.266568303
11 -11.953025818 0 0 -0.309805428 0.065193787 -0.617795936
12 -8.290390015 0.000015259 0 -0.28648297 0.077210616 0.192733455
13 -7.875 0.000030518 0.000015259 -0.790245324 -0.170849648 0.915532193
14 -8.785797119 0.000034332 -0.000002861 -0.900806922 -0.811109876 0.542429842
15 -8.90372467 -0.000000954 -0.000015259 0.273512229 -0.142792329 0.176729871
16 5.903427124 12.714836121 -17.693180084 1.370188491 -0.37922568 -0.02939746
17 -13.525115967 0 0 -0.170435365 0.116051481 -1.29121731
18 -11.953041077 0.000015259 0.000001907 -0.203790586 0.135313669 -0.621835211
19 -8.290382385 -0.000015259 0 -0.461014816 0.096443993 0.22383681
20 -7.875 0.000030518 -0.000022888 -0.798509399 -0.365817442 1.035297944
21 -8.78578186 0.000041962 0 -0.787551872 -0.837321564 0.558669825
22 -8.9037323 0.000001907 0.000015259 0.172967784 -0.189508004 0.150547424
23 5.115203857 -7.60351944 -23.079330444 -1.554662072 0.381674365 -2.887288285
24 13.525115967 0 0.000003815 0.020072785 0.066816732 -1.248824807
25 11.953033447 0.000015259 -0.000003815 0.406079386 -0.067006964 -0.613607851
26 8.290397644 0.000015259 0.000015259 0.435575946 -0.030726794 0.227148445
27 7.875 -0.000038147 0.000015259 0.696054542 0.47718812 0.692124578
28 8.785797119 -0.000038147 -0.000003815 1.055800492 0.831706738 0.301140598
29 8.9037323 0.000001907 -0.000007629 -0.25755683 0.408723165 -0.058106843
30 5.903396606 -12.801282883 -17.693202972 -1.598720893 0.442583503 -2.77991415
31 13.525115967 -0.000007629 -0.000007629 -0.073222338 0.113114455 -1.270382337
32 11.953041077 0 -0.000007629 0.274741285 0.003759637 -0.634618593
33 8.290397644 -0.000007629 0.000015259 0.26195667 -0.002424734 0.296872767
34 7.875 -0.000034332 0 0.412393189 0.368080907 0.751250586
35 8.78578186 -0.000041962 0 1.054656107 0.722611707 0.763525195
36 8.90372467 0.000003815 0 -0.231901001 0.444159709 -0.053211462
37 4.435424805 0.000125885 -25.179958344 -3.117617043 0.363008552 -3.024970545
38 14.171035767 0.000020027 1.280700684 0.221768853 1.243700789 0.261238494
39 10.9765625 0.000019073 0.352539063 0.388475531 0.67964756 -0.055978477
40 8.120292664 -0.000007629 0 0.499923151 -0.268816192 -0.091119641
41 8.120285034 0.000015259 -0.000030518 0.539997987 -0.728269971 0.431580883
42 8.120330811 -0.000003815 -0.000015259 0.756316541 -0.106723818 0.893033678
43 8.120330811 0.000015259 0.000059128 -0.324688521 -0.080352907 0.24178279
44 7.146942139 16.179790497 -9.195617676 1.376844409 -0.303705466 -0.072871366
45 -13.525146484 0 0.000007629 -0.038559178 -0.070354074 0.310641596
46 -11.953025818 -0.000015259 -0.000007629 0.176864733 -0.085532106 -1.488950588
47 -8.290382385 0.000015259 0 -0.50002956 0.044835882 -0.749025104
48 -7.875 0 -0.000004053 -1.240443416 0.249495843 -0.009579904
49 -8.78578186 0.000041962 0 -0.774854172 -0.564015967 0.818546189
50 -8.9037323 -0.000007629 0.000000477 0.198996542 -0.061647036 -0.042261208
51 7.146942139 -16.26625061 -9.19562149 -1.594435862 0.362965226 -2.75698367
52 13.525115967 0 0 -0.046287332 0.004579299 -1.168525871
53 11.953041077 0.000015259 0.000007629 0.000163419 0.094646289 -0.62158579
54 8.290397644 0 -0.000007629 -0.102032264 0.087409571 0.314029939
55 7.875 -0.000015259 0 -0.012323931 0.221198858 0.883843449
56 8.78578186 -0.000030518 0.000003815 0.616869972 0.399086138 0.977603277
57 8.90372467 0.000007629 0 -0.308132016 0.372509545 -0.107206167
58 -5.367340088 8.36690712 8.703117371 1.860012039 -1.255297168 3.110528772
59 13.525127411 -0.000015259 -0.000003815 -0.296468905 -0.078299246 -0.169078084
60 -3.441894531 -10.792384148 9.377002716 1.72365189 -1.290162051 -2.995857385
61 13.525127411 0 0 -0.265709331 0.008027062 -0.03704074
62 11.953041077 0.000030518 0.000000954 -0.342712716 -0.32465313 -0.19394463
63 8.290390015 -0.000015259 0.000007629 -0.452680233 -0.111323166 -0.312858289
64 7.875 -0.000030518 0 -0.359356515 0.495309443 -0.83908243
65 19.394897461 -14.052384377 -0.467084885 1.422301617 -0.325339785 -2.77616586
66 26.240768433 -0.000007629 0.000007629 0.052444353 -0.797715557 0.580534173
67 31.970993042 0 -0.000009537 -1.120779472 0.197073003 0.214466878
68 4.627256393 -2.311302185 4.18561554 -0.021512477 -0.254658869 -0.451859094
69 2.980098724 -0.000007629 0 -0.040823197 0.14004721 0.242069561
70 1.982421875 0.000019073 0.000015259 0.001822187 0.301463179 0.041313792
71 10.844877243 -1.281570435 -1.331703186 0.003154845 -0.01855101 -1.502721343
72 3.98828125 0 0.000022888 0.024656551 0.116612118 -1.30426207
73 2.26953125 0 -0.000022888 0.010246566 0.020303916 -1.235445909
74 10.908864975 -1.237388611 0.829566956 0.001471759 -0.017506638 -1.138982726
75 3.989433289 -0.000007629 0.000038147 -0.014227376 0.068010773 -0.878740796
76 3.478279114 -0.000011444 -0.000007629 0.019443456 -0.082284588 -0.978071174
77 10.291898727 -1.202156067 -3.344161987 0.018038834 -0.023865117 -1.537453755
78 2.757148743 -0.000003815 0.000015259 -0.163580445 -0.095579654 -1.291643836
79 1.775390625 0.000007629 -0.000022888 0.198076059 0.357239486 -1.30316968
80 10.971857071 -1.19392395 2.957328796 -0.013379769 -0.009338206 -1.250413324
81 3.82421875 -0.000007629 0.000030518 -0.000590497 0.002119951 -0.938105075
82 2.94140625 -0.000007629 0 0.003946166 0.006956943 -1.095451954
83 -0.000015259 0 -0.000003815 -0.340706191 0.159206997 -0.629605292
84 19.39491272 13.16059494 -0.467075348 -2.229743218 0.345365984 -0.262996046
85 -26.240753174 0.000007629 0 0.731869028 -0.908044578 0.224032149
86 -31.971000671 0.000015259 -0.000003815 -1.328631512 0.320293047 -0.128711858
87 -11.614597321 3.933120728 0.069396973 -2.199441216 1.170660893 3.070695518
88 -10.484516144 1.069213867 3.539878845 -3.131584703 0.028220486 2.411526648
89 2.757141113 0 0.000030518 -0.011712134 0.035128624 1.019560794
90 1.775390625 -0.000011444 -0.000015259 -0.227144056 -0.284145778 0.948458483
91 -11.046470642 1.142410278 1.529701233 -3.130487012 0.018259081 2.114134707
92 3.98828125 0.000011444 0.000038147 0.004872241 -0.009924216 1.610032301
93 2.26953125 0.000015259 0.000007629 -0.076539319 -0.095407065 1.438172442
94 -11.192642212 1.041542053 -2.758422852 -3.117052678 0.00028303 2.377109642
95 3.82421875 0.000034332 0.000053406 0.00053161 0.002187187 1.610324685
96 8.785766602 -0.000045776 0 0.028889808 0.206538207 -0.655495889
97 2.94140625 0 -0.000022888 -0.004550553 0.006091757 1.767588569
98 -11.120113373 1.091545105 -0.631118774 -3.130163435 0.019297446 2.328699152
99 3.9894104 0.000001907 0.000045776 0.021444626 0.041947477 1.751021405
100 3.478288651 0.000038147 -0.000007629 -0.001306817 0.004312204 1.848998194
101 -4.853595734 2.155090332 -4.01852417 3.123057975 0.125574955 2.46129872
102 2.980098724 0.000003815 0 0.038574713 -0.163808097 -0.240289671
103 1.982421875 -0.000007629 0.000045776 0 0 -0.040571652
104 0.000007629 -0.000015259 -0.000011444 -0.01786834 -0.032037725 -0.918099438
105 7.08984375 0 -0.000000238 3.141592654 -0.174494795 3.141592654
106 7.528259277 8.168074608 -1.232801437 2.902572216 0.370370782 -3.057471268
107 -54.911254883 -0.649677277 -0.176696777 1.571015786 0.346922875 0.028481382
108 -61.183189392 0.000000954 0.000001907 0.174037262 0.013709953 -0.309466751
109 8.588699341 -0.00000003 1.514417648 0 0 0
110 4.260505676 -21.349502563 -3.218471527 0.143420716 -0.137481071 -0.307036967
111 15.606666565 0 -0.000013113 0.055019516 -0.799237997 -0.028865708
112 15.853748322 0 -0.000007629 -0.297225661 -0.226359358 -0.199860024
113 15.151855469 -0.000007629 0 -0.522199089 0.856989904 -0.400833818
114 11.149969101 0.000007629 -0.000007629 0.322588076 0.231764433 0.048438221
115 1.725067139 -0.142128021 11.160657883 -1.569261164 -0.708643131 -0.000893284
116 15.606674194 0 0 0.341907152 0.07890355 -0.718157463
117 15.853733063 -0.000007629 0 -0.243248748 0.072895277 -0.307177852
118 15.151861191 0 0 -0.460131917 0.231308333 0.142903624
119 11.149963379 0.000007629 0 0 0 0.092996646
120 6.67868042 -0.142132998 -16.932609558 1.571051395 -0.287488033 3.141555734
121 -15.606697083 0 0 -0.093774252 0.018840194 -0.903011623
122 -15.853752136 0.000007629 0.000006676 -0.121425442 0.089720852 -0.238666554
123 -15.151855469 0.000003815 -0.000001907 -0.147519435 0.009223286 1.27828994
124 -11.14995575 -0.000007629 0.000006437 0 0 -0.072953828
125 2.507644653 15.939216614 6.722554207 -1.511841009 0.307394137 -2.952778674
126 -15.606689453 0 0 -0.330031433 -0.016103407 1.147228177
127 -15.853742599 -0.000015259 0.000015259 0.12867446 -0.119372198 0.463336151
128 -15.151853561 0.000007629 0.000003815 0.387597967 0.12829352 -0.130949984
129 -11.149963379 0 -0.000008583 0.195803415 0.012155789 0.083006552
130 2.507614136 -17.075353622 6.722565651 -1.347518325 -0.482391048 -0.416274672
131 15.606681824 0.000003815 0.000007629 0.093318383 -0.022717271 -0.598939818
132 15.853740692 0.000007629 0.000003815 -0.007121528 0.022608844 -0.079691147
133 15.151851654 0 0 -0.169596464 0.265003208 0.493217595
134 11.149974823 0 -0.000015259 0.062225749 -0.033680754 0.027627736
135 5.893112183 15.939213753 -12.477539063 3.101646135 0.378619311 0.213787396
136 15.606666565 0.000007629 0.000022888 0.100012844 0.985783944 -0.005785607
137 15.853759766 -0.000007629 -0.000015259 0.064433668 0.257779967 -0.062633668
138 15.151847839 0.000003815 0.000005722 0.464549151 -0.979268474 -0.349955394
139 11.149959564 0 -0.000011444 0.034717998 0.073754055 0.034801299
140 5.893119812 -17.075357437 -12.477554321 1.713470318 -0.201754264 2.9416791
141 -15.606674194 -0.000003815 0.000007629 -0.074808497 -0.060425565 -0.861358045
142 -15.853744507 -0.000003815 -0.000011444 0.056832704 -0.031136883 -0.156753614
143 -15.151855469 -0.000007629 -0.000007629 0.059626139 0.114311254 1.375433615
144 -11.14995575 -0.000015259 -0.000003815 -0.353422381 -0.079708448 -0.011206944
145 4.260475159 20.773921967 -3.218482971 0.023255206 0.095753412 -2.902604231
146 -15.606689453 0.000003815 0 -0.091438715 0.823905043 0.059148512
147 -15.853736877 0.000007629 -0.000015259 0.070826117 0.277757927 -0.025330416
148 -15.151828766 0 0 -0.005892512 -0.50619453 -0.019963311
149 -11.14994812 0.000003815 0 0.032153053 0.248172627 -0.116552642
150 7.528289795 -8.043749809 -1.232797623 -0.721125246 -0.315167156 0.034716804
151 54.911224365 0.649679184 0.176700592 1.575862961 0.39152309 0.005484837
152 61.183166504 -0.000003815 -0.000001907 0.542701548 0.211647802 0.109075119
153 -0.364088595 36.477970123 12.189170837 0.340633688 -0.000040147 0.000233438
154 -0.364086866 -2.758006096 4.994803905 0 0 0.000244115
155 -0.364086866 -2.758006096 4.994803905 0 0 0.000244115
156 -0.364086866 -2.758006096 4.994803905 0 0 0.000244115
157 -0.364086866 -2.758006096 4.994803905 0 0 0.000244115
158 -0.364086866 -2.758006096 4.994803905 0 0 0.000244115
159 -0.364086866 -2.758006096 4.994803905 0 0 0.000244115
160 -0.364086866 -2.758006096 4.994803905 0 0 0.000244115
161 -0.364086866 -2.758006096 4.994803905 0 0 0.000244115
162 -0.498048782 -4.95163393 0.510848999 0 0 0.000244115
163 -0.364086866 -2.758006096 4.994803905 0 0 0.000244115
time 2
0 -0.364086866 -2.758006096 4.994803905 0 0 0.000244115
1 -0.355919808 -4.198934026 3.436691046 0.02773289 -1.543412359 -1.609943923
2 130.809051514 0.00000003 -0.000000477 0 0 0
3 6.661987305 -0.142130047 2.521339893 3.095958359 0.013781929 0.017472012
4 24.360931396 0.000000238 0.000011444 -0.076133219 0.181614257 -0.033391129
5 24.806396484 -0.00000596 0.765966415 -0.815742448 -0.344302936 0.135227841
6 8.120269775 -0.000000954 0 0.806701914 0.097915342 -0.092246236
7 8.120315552 -0.000000477 -0.000003815 0 -0.880742373 0
8 8.120315552 -0.000000477 -0.000003815 -0.216192487 -1.369859591 0.175150136
9 5.115219116 7.517072678 -23.079307556 1.501763517 -0.35837646 0.015053389
10 -13.525115967 -0.000007629 0 0.014221255 -0.066230274 -1.044619023
11 -11.953025818 0 0 -0.326360429 0.014546516 -0.836626011
12 -8.290390015 0.000015259 0 -0.311323955 0.159261422 -0.051251089
13 -7.875 0.000030518 0.000015259 -0.752922321 -0.073604081 0.832502369
14 -8.785797119 0.000034332 -0.000002861 -0.980232645 -0.803436476 0.718440543
15 -8.90372467 -0.000000954 -0.000015259 0.274246928 -0.136421915 0.186743037
16 5.903427124 12.714836121 -17.693180084 1.370188491 -0.37922568 -0.02939746
17 -13.525115967 0 0 -0.083706468 0.067582205 -1.066187058
18 -11.953041077 0.000015259 0.000001907 -0.247255368 0.11527683 -0.83362844
19 -8.290382385 -0.000015259 0 -0.463645829 0.184090175 -0.011427168
20 -7.875 0.000030518 -0.000022888 -0.729159938 -0.224919637 0.862960602
21 -8.78578186 0.000041962 0 -0.93894889 -0.8620945 0.788998066
22 -8.9037323 0.000001907 0.000015259 0.17200955 -0.183798444 0.162174872
23 5.115203857 -7.60351944 -23.079330444 -1.554662072 0.381674365 -2.887288285
24 13.525115967 0 0.000003815 -0.026105936 0.1184399 -1.015656055
25 11.953033447 0.000015259 -0.000003815 0.425076676 -0.019178195 -0.869744272
26 8.290397644 0.000015259 0.000015259 0.457921034 -0.147853022 0.00902828
27 7.875 -0.000038147 0.000015259 0.695433445 0.434187449 0.735410947
28 8.785797119 -0.000038147 -0.000003815 1.099891212 0.8632269 0.443578863
29 8.9037323 0.000001907 -0.000007629 -0.258633507 0.408709915 -0.044647456
30 5.903396606 -12.801282883 -17.693202972 -1.598720893 0.442583503 -2.77991415
31 13.525115967 -0.000007629 -0.000007629 -0.10030672 0.159474328 -1.020651112
32 11.953041077 0 -0.000007629 0.282508426 0.06065582 -0.901314505
33 8.290397644 -0.000007629 0.000015259 0.27428441 -0.083291987 0.068926919
34 7.875 -0.000034332 0 0.384921177 0.329029501 0.779103636
35 8.78578186 -0.000041962 0 1.031348218 0.702018214 0.875022912
36 8.90372467 0.000003815 0 -0.233329663 0.443397911 -0.041688914
37 4.435424805 0.000125885 -25.179958344 -3.117617043 0.363008552 -3.024970545
38 14.171035767 0.000020027 1.280700684 0.14525903 0.987512119 0.266923494
39 10.9765625 0.000019073 0.352539063 0.471125293 0.927552934 0.045503247
40 8.120292664 -0.000007629 0 0.505432793 -0.037581174 -0.186478879
41 8.120285034 0.000015259 -0.000030518 0.60975166 -0.728022285 0.30400302
42 8.120330811 -0.000003815 -0.000015259 0.682091313 -0.190031578 0.934634207
43 8.120330811 0.000015259 0.000059128 -0.325693961 -0.092247119 0.237865864
44 7.146942139 16.179790497 -9.195617676 1.376844409 -0.303705466 -0.072871366
45 -13.525146484 0 0.000007629 -0.038559178 -0.070354074 0.310641596
46 -11.953025818 -0.000015259 -0.000007629 0.23973681 -0.176883607 -1.204685757
47 -8.290382385 0.000015259 0 -0.495870262 -0.021775931 -0.924597735
48 -7.875 0 -0.000004053 -1.234585983 0.310064397 -0.254726839
49 -8.78578186 0.000041962 0 -0.704759541 -0.252926259 0.579773995
50 -8.9037323 -0.000007629 0.000000477 0.195934024 -0.056822147 -0.030922792
51 7.146942139 -16.26625061 -9.19562149 -1.594435862 0.362965226 -2.75698367
52 13.525115967 0 0 -0.086018105 0.020783003 -0.910357151
53 11.953041077 0.000015259 0.000007629 0.008544353 0.139259162 -0.891354859
54 8.290397644 0 -0.000007629 -0.099323626 0.066086802 0.076547503
55 7.875 -0.000015259 0 -0.094494215 0.213290977 0.874554861
56 8.78578186 -0.000030518 0.000003815 0.458338691 0.37404459 1.014018613
57 8.90372467 0.000007629 0 -0.310995168 0.370952094 -0.096132959
58 -5.367340088 8.36690712 8.703117371 1.805819967 -1.131866098 -3.128772621
59 13.525127411 -0.000015259 -0.000003815 -0.296468905 -0.078299246 -0.169078084
60 -3.441894531 -10.792384148 9.377002716 1.692663231 -1.173035843 -2.972339794
61 13.525127411 0 0 -0.265568022 0.08390859 0.025568888
62 11.953041077 0.000030518 0.000000954 -0.305264388 -0.395864079 -0.097311201
63 8.290390015 -0.000015259 0.000007629 -0.448274271 -0.17591034 -0.256873165
64 7.875 -0.000030518 0 -0.413437588 0.413963026 -0.828099724
65 19.394897461 -14.052384377 -0.467084885 1.424781171 -0.278619828 -2.759414379
66 26.240768433 -0.000007629 0.000007629 -0.002904143 -0.783755445 0.631160321
67 31.970993042 0 -0.000009537 -1.120779472 0.197073003 0.214466878
68 4.627256393 -2.311302185 4.18561554 -0.021512477 -0.254658869 -0.451859094
69 2.980098724 -0.000007629 0 -0.040823197 0.14004721 0.242069561
70 1.982421875 0.000019073 0.000015259 0.001822187 0.301463179 0.041313792
71 10.844877243 -1.281570435 -1.331703186 0.003154845 -0.01855101 -1.502721343
72 3.98828125 0 0.000022888 0.024656551 0.116612118 -1.30426207
73 2.26953125 0 -0.000022888 0.010246566 0.020303916 -1.235445909
74 10.908864975 -1.237388611 0.829566956 0.001265724 -0.017486983 -1.129054399
75 3.989433289 -0.000007629 0.000038147 -0.014766246 0.067293908 -0.868927138
76 3.478279114 -0.000011444 -0.000007629 0.019719154 -0.083485953 -0.968252612
77 10.291898727 -1.202156067 -3.344161987 0.018038834 -0.023865117 -1.537453755
78 2.757148743 -0.000003815 0.000015259 -0.167918371 -0.095603106 -1.2915981
79 1.775390625 0.000007629 -0.000022888 0.198076059 0.357239486 -1.30316968
80 10.971857071 -1.19392395 2.957328796 -0.013407131 -0.009149431 -1.240212469
81 3.82421875 -0.000007629 0.000030518 -0.000579734 0.00212292 -0.927957437
82 2.94140625 -0.000007629 0 0.003981232 0.006936935 -1.085356429
83 -0.000015259 0 -0.000003815 -0.340706191 0.159206997 -0.629605292
84 19.39491272 13.16059494 -0.467075348 -2.215392535 0.439663925 -0.200842393
85 -26.240753174 0.000007629 0 0.702360028 -0.906988336 0.240084191
86 -31.971000671 0.000015259 -0.000003815 -1.328631512 0.320293047 -0.128711858
87 -11.614597321 3.933120728 0.069396973 -2.166095368 1.182531962 3.104004252
88 -10.484516144 1.069213867 3.539878845 -3.131584703 0.028220486 2.411526648
89 2.757141113 0 0.000030518 -0.011712134 0.035128624 1.019560794
90 1.775390625 -0.000011444 -0.000015259 -0.226254241 -0.284713583 0.945452335
91 -11.046470642 1.142410278 1.529701233 -3.130487012 0.018259081 2.114134707
92 3.98828125 0.000011444 0.000038147 0.004872241 -0.009924216 1.610032301
93 2.26953125 0.000015259 0.000007629 -0.076539319 -0.095407065 1.438172442
94 -11.192642212 1.041542053 -2.758422852 -3.117132309 0.000200791 2.381201009
95 3.82421875 0.000034332 0.000053406 0.00053161 0.002187187 1.610324685
96 8.785766602 -0.000045776 0 0.028889808 0.206538207 -0.655495889
97 2.94140625 0 -0.000022888 -0.004550553 0.006091757 1.767588569
98 -11.120113373 1.091545105 -0.631118774 -3.130135343 0.019280783 2.331611813
99 3.9894104 0.000001907 0.000045776 0.021444626 0.041947477 1.751021405
100 3.478288651 0.000038147 -0.000007629 -0.001306817 0.004312204 1.848998194
101 -4.853595734 2.155090332 -4.01852417 3.123057975 0.125574955 2.46129872
102 2.980098724 0.000003815 0 0.038574713 -0.163808097 -0.240289671
103 1.982421875 -0.000007629 0.000045776 0 0 -0.040571652
104 0.000007629 -0.000015259 -0.000011444 -0.01786834 -0.032037725 -0.918099438
105 7.08984375 0 -0.000000238 3.141592654 -0.174494795 3.141592654
106 7.528259277 8.168074608 -1.232801437 2.903733146 0.389968881 -3.056605594
107 -54.911254883 -0.649677277 -0.176696777 1.57120517 0.352999931 0.030515285
108 -61.183189392 0.000000954 0.000001907 0.174037262 0.013709953 -0.309466751
109 8.588699341 -0.00000003 1.514417648 0 0 0
110 4.260505676 -21.349502563 -3.218471527 0.141948978 -0.136363221 -0.311740355
111 15.606666565 0 -0.000013113 0.045782189 -0.631174956 -0.023124219
112 15.853748322 0 -0.000007629 -0.23398982 -0.43954288 -0.171685596
113 15.151855469 -0.000007629 0 -0.458486243 0.591796118 -0.387862966
114 11.149969101 0.000007629 -0.000007629 0.315508099 0.234855341 0.044127542
115 1.725067139 -0.142128021 11.160657883 -1.566006055 -0.716975906 -0.002902844
116 15.606674194 0 0 0.341783688 0.081450152 -0.713060321
117 15.853733063 -0.000007629 0 -0.182982435 0.032250327 -0.453119555
118 15.151861191 0 0 -0.453240502 0.241003622 0.001978806
119 11.149963379 0.000007629 0 0 0 0.095675439
120 6.67868042 -0.142132998 -16.932609558 1.570522997 -0.287364678 -3.141553108
121 -15.606697083 0 0 -0.072988575 0.015012175 -0.702333046
122 -15.853752136 0.000007629 0.000006676 -0.127497845 0.097237994 -0.50066482
123 -15.151855469 0.000003815 -0.000001907 -0.107599633 0.082166827 0.952241076
124 -11.14995575 -0.000007629 0.000006437 0 0 -0.070103552
125 2.507644653 15.939216614 6.722554207 -1.509122638 0.313432514 -2.949466942
126 -15.606689453 0 0 -0.323867739 -0.013866845 1.140430994
127 -15.853742599 -0.000015259 0.000015259 0.05405667 -0.176421406 0.67473789
128 -15.151853561 0.000007629 0.000003815 0.371245208 0.089905701 0.057159855
129 -11.149963379 0 -0.000008583 0.190458966 0.011734828 0.079701375
130 2.507614136 -17.075353622 6.722565651 -1.348236338 -0.476651949 -0.41450832
131 15.606681824 0.000003815 0.000007629 0.079054319 -0.019651445 -0.485748948
132 15.853740692 0.000007629 0.000003815 0.010150608 -0.027275313 -0.245574189
133 15.151851654 0 0 -0.175060784 0.255749372 0.334519082
134 11.149974823 0 -0.000015259 0.061778388 -0.033450621 0.028765068
135 5.893112183 15.939213753 -12.477539063 3.10109986 0.377348524 0.215806093
136 15.606666565 0.000007629 0.000022888 0.078763977 0.77430253 -0.007610049
137 15.853759766 -0.000007629 -0.000015259 0.053281403 0.507586992 -0.062552585
138 15.151847839 0.000003815 0.000005722 0.382259393 -0.648771823 -0.340071521
139 11.149959564 0 -0.000011444 0.034337786 0.071115967 0.032753102
140 5.893119812 -17.075357437 -12.477554321 1.711733329 -0.202012569 2.941228663
141 -15.606674194 -0.000003815 0.000007629 -0.067601959 -0.036902341 -0.686148612
142 -15.853744507 -0.000003815 -0.000011444 0.052827047 -0.048316488 -0.392263878
143 -15.151855469 -0.000007629 -0.000007629 0.040725501 0.114547692 1.054244176
144 -11.14995575 -0.000015259 -0.000003815 -0.352907639 -0.077759188 -0.006221468
145 4.260475159 20.773921967 -3.218482971 0.023439279 0.095630859 -2.900334214
146 -15.606689453 0.000003815 0 -0.07659557 0.627106472 0.054170036
147 -15.853736877 0.000007629 -0.000015259 0.054371524 0.501200063 -0.00586604
148 -15.151828766 0 0 -0.01279862 -0.28003094 0.006075238
149 -11.14994812 0.000003815 0 0.033843903 0.247957885 -0.114253767
150 7.528289795 -8.043749809 -1.232797623 -0.720621056 -0.29510792 0.034583068
151 54.911224365 0.649679184 0.176700592 1.588135485 0.300416481 -0.058685659
152 61.183166504 -0.000003815 -0.000001907 0.542701548 0.211647802 0.109075119
153 -0.364088595 36.477970123 12.189170837 0.340633688 -0.000040147 0.000233438
154 -0.364086866 -2.758006096 4.994803905 0 0 0.000244115
155 -0.364086866 -2.758006096 4.994803905 0 0 0.000244115
156 -0.364086866 -2.758006096 4.994803905 0 0 0.000244115
157 -0.364086866 -2.758006096 4.994803905 0 0 0.000244115
158 -0.364086866 -2.758006096 4.994803905 0 0 0.000244115
159 -0.364086866 -2.758006096 4.994803905 0 0 0.000244115
160 -0.364086866 -2.758006096 4.994803905 0 0 0.000244115
161 -0.364086866 -2.758006096 4.994803905 0 0 0.000244115
162 -0.498048782 -4.95163393 0.510848999 0 0 0.000244115
163 -0.364086866 -2.758006096 4.994803905 0 0 0.000244115
time 3
0 -0.364086866 -2.758006096 4.994803905 0 0 0.000244115
1 -0.355919778 -5.000302756 3.436691046 0.059549481 -1.541062939 -1.655068408
2 130.809051514 0.00000003 -0.000000477 0 0 0
3 6.661987305 -0.142130047 2.521339893 3.099498912 0.0137528 0.017582683
4 24.360931396 0.000000238 0.000011444 -0.110497431 0.198290721 -0.054790408
5 24.806396484 -0.00000596 0.765966415 -0.794032519 -0.344535472 0.138065046
6 8.120269775 -0.000000954 0 0.800210495 0.097866585 -0.092269548
7 8.120315552 -0.000000477 -0.000003815 0 -0.880742373 0
8 8.120315552 -0.000000477 -0.000003815 -0.216192487 -1.369859591 0.175150136
9 5.115219116 7.517072678 -23.079307556 1.501763517 -0.35837646 0.015053389
10 -13.525115967 -0.000007629 0 0.058647958 -0.112599133 -0.850796555
11 -11.953025818 0 0 -0.318785545 -0.051214214 -0.943527677
12 -8.290390015 0.000015259 0 -0.363512811 0.207119081 -0.288421207
13 -7.875 0.000030518 0.000015259 -0.706181452 0.043147105 0.673972201
14 -8.785797119 0.000034332 -0.000002861 -1.013198103 -0.740749069 0.826843068
15 -8.90372467 -0.000000954 -0.000015259 0.275293318 -0.126399776 0.202149572
16 5.903427124 12.714836121 -17.693180084 1.370188491 -0.37922568 -0.02939746
17 -13.525115967 0 0 -0.018064112 0.014995739 -0.874649058
18 -11.953041077 0.000015259 0.000001907 -0.259631243 0.067773752 -0.934280668
19 -8.290382385 -0.000015259 0 -0.490243612 0.243473436 -0.231900968
20 -7.875 0.000030518 -0.000022888 -0.660814865 -0.063080689 0.650266344
21 -8.78578186 0.000041962 0 -1.003446957 -0.792336684 0.89916778
22 -8.9037323 0.000001907 0.000015259 0.170606862 -0.174961774 0.180104711
23 5.115203857 -7.60351944 -23.079330444 -1.554662072 0.381674365 -2.887288285
24 13.525115967 0 0.000003815 -0.053249109 0.165437703 -0.800937428
25 11.953033447 0.000015259 -0.000003815 0.415216559 0.048189509 -1.008701277
26 8.290397644 0.000015259 0.000015259 0.517427982 -0.237401467 -0.237774706
27 7.875 -0.000038147 0.000015259 0.638728329 0.321616807 0.669502808
28 8.785797119 -0.000038147 -0.000003815 1.169566896 0.876256516 0.606192452
29 8.9037323 0.000001907 -0.000007629 -0.2594485 0.408675522 -0.023929572
30 5.903396606 -12.801282883 -17.693202972 -1.598720893 0.442583503 -2.77991415
31 13.525115967 -0.000007629 -0.000007629 -0.109826676 0.198172986 -0.78718716
32 11.953041077 0 -0.000007629 0.268879426 0.127866009 -1.04415214
33 8.290397644 -0.000007629 0.000015259 0.31599317 -0.142483517 -0.191523695
34 7.875 -0.000034332 0 0.317424487 0.23756986 0.684171224
35 8.78578186 -0.000041962 0 1.016002424 0.674206509 1.000763578
36 8.90372467 0.000003815 0 -0.235524951 0.441990029 -0.023758702
37 4.435424805 0.000125885 -25.179958344 -3.117617043 0.363008552 -3.024970545
38 14.171035767 0.000020027 1.280700684 0.086979647 0.75715009 0.283951304
39 10.9765625 0.000019073 0.352539063 0.610114496 1.044815971 0.217925724
40 8.120292664 -0.000007629 0 0.499568608 0.199387962 -0.25626188
41 8.120285034 0.000015259 -0.000030518 0.698298437 -0.636973687 0.107076124
42 8.120330811 -0.000003815 -0.000015259 0.616411978 -0.278874295 0.942515413
43 8.120330811 0.000015259 0.000059128 -0.326407108 -0.110467943 0.231591028
44 7.146942139 16.179790497 -9.195617676 1.376844409 -0.303705466 -0.072871366
45 -13.525146484 0 0.000007629 -0.038559178 -0.070354074 0.310641596
46 -11.953025818 -0.000015259 -0.000007629 0.273364484 -0.26197859 -0.954578192
47 -8.290382385 0.000015259 0 -0.467851387 -0.090349813 -0.992291358
48 -7.875 0 -0.000004053 -1.244009555 0.336377535 -0.47528252
49 -8.78578186 0.000041962 0 -0.683628795 0.034700249 0.391264167
50 -8.9037323 -0.000007629 0.000000477 0.191269683 -0.049274573 -0.013401668
51 7.146942139 -16.26625061 -9.19562149 -1.594435862 0.362965226 -2.75698367
52 13.525115967 0 0 -0.113726722 0.038432955 -0.670629304
53 11.953041077 0.000015259 0.000007629 0.009263176 0.18843923 -1.032560586
54 8.290397644 0 -0.000007629 -0.075644792 0.053900127 -0.191995177
55 7.875 -0.000015259 0 -0.173656922 0.197862926 0.74192573
56 8.78578186 -0.000030518 0.000003815 0.29144093 0.357982902 1.069693302
57 8.90372467 0.000007629 0 -0.315541724 0.368425936 -0.079264317
58 -5.367340088 8.36690712 8.703117371 1.781553117 -1.016395036 -3.116161111
59 13.525127411 -0.000015259 -0.000003815 -0.296468905 -0.078299246 -0.169078084
60 -3.441894531 -10.792384148 9.377002716 1.684602294 -1.060748462 -2.973030748
61 13.525127411 0 0 -0.271482033 0.1478986 0.044590486
62 11.953041077 0.000030518 0.000000954 -0.278530341 -0.440309793 0.02575473
63 8.290390015 -0.000015259 0.000007629 -0.443141573 -0.259473122 -0.17383476
64 7.875 -0.000030518 0 -0.462489735 0.329123662 -0.821367253
65 19.394897461 -14.052384377 -0.467084885 1.41137112 -0.227052194 -2.732165058
66 26.240768433 -0.000007629 0.000007629 -0.05607157 -0.769509083 0.68369301
67 31.970993042 0 -0.000009537 -1.120779472 0.197073003 0.214466878
68 4.627256393 -2.311302185 4.18561554 -0.021512477 -0.254658869 -0.451859094
69 2.980098724 -0.000007629 0 -0.040823197 0.14004721 0.242069561
70 1.982421875 0.000019073 0.000015259 0.001822187 0.301463179 0.041313792
71 10.844877243 -1.281570435 -1.331703186 0.003154845 -0.01855101 -1.502721343
72 3.98828125 0 0.000022888 0.024656551 0.116612118 -1.30426207
73 2.26953125 0 -0.000022888 0.010246566 0.020303916 -1.235445909
74 10.908864975 -1.237388611 0.829566956 0.001087522 -0.017346723 -1.119156583
75 3.989433289 -0.000007629 0.000038147 -0.015234648 0.066619801 -0.859134298
76 3.478279114 -0.000011444 -0.000007629 0.019948682 -0.084614154 -0.958552506
77 10.291898727 -1.202156067 -3.344161987 0.018038834 -0.023865117 -1.537453755
78 2.757148743 -0.000003815 0.000015259 -0.172256751 -0.09562741 -1.291559325
79 1.775390625 0.000007629 -0.000022888 0.198076059 0.357239486 -1.30316968
80 10.971857071 -1.19392395 2.957328796 -0.013431805 -0.008962295 -1.230260282
81 3.82421875 -0.000007629 0.000030518 -0.000569084 0.002125799 -0.917931741
82 2.94140625 -0.000007629 0 0.003971886 0.006990952 -1.075291795
83 -0.000015259 0 -0.000003815 -0.340706191 0.159206997 -0.629605292
84 19.39491272 13.16059494 -0.467075348 -2.19857399 0.584504851 -0.12981277
85 -26.240753174 0.000007629 0 0.656924131 -0.904812747 0.264720269
86 -31.971000671 0.000015259 -0.000003815 -1.328631512 0.320293047 -0.128711858
87 -11.614597321 3.933120728 0.069396973 -2.11488288 1.200785244 -3.127944478
88 -10.484516144 1.069213867 3.539878845 -3.131584703 0.028220486 2.411526648
89 2.757141113 0 0.000030518 -0.011712134 0.035128624 1.019560794
90 1.775390625 -0.000011444 -0.000015259 -0.225284587 -0.285318713 0.942439081
91 -11.046470642 1.142410278 1.529701233 -3.130487012 0.018259081 2.114134707
92 3.98828125 0.000011444 0.000038147 0.004872241 -0.009924216 1.610032301
93 2.26953125 0.000015259 0.000007629 -0.076539319 -0.095407065 1.438172442
94 -11.192642212 1.041542053 -2.758422852 -3.117100081 0.00007058 2.385287951
95 3.82421875 0.000034332 0.000053406 0.00053161 0.002187187 1.610324685
96 8.785766602 -0.000045776 0 0.028889808 0.206538207 -0.655495889
97 2.94140625 0 -0.000022888 -0.004550553 0.006091757 1.767588569
98 -11.120113373 1.091545105 -0.631118774 -3.130107294 0.01926409 2.334522642
99 3.9894104 0.000001907 0.000045776 0.021444626 0.041947477 1.751021405
100 3.478288651 0.000038147 -0.000007629 -0.001306817 0.004312204 1.848998194
101 -4.853595734 2.155090332 -4.01852417 3.123057975 0.125574955 2.46129872
102 2.980098724 0.000003815 0 0.038574713 -0.163808097 -0.240289671
103 1.982421875 -0.000007629 0.000045776 0 0 -0.040571652
104 0.000007629 -0.000015259 -0.000011444 -0.01786834 -0.032037725 -0.918099438
105 7.08984375 0 -0.000000238 3.141592654 -0.174494795 3.141592654
106 7.528259277 8.168074608 -1.232801437 2.905541261 0.411735894 -3.05536284
107 -54.911254883 -0.649677277 -0.176696777 1.571377282 0.362682788 0.033678599
108 -61.183189392 0.000000954 0.000001907 0.174037262 0.013709953 -0.309466751
109 8.588699341 -0.00000003 1.514417648 0 0 0
110 4.260505676 -21.349502563 -3.218471527 0.139720494 -0.134677117 -0.319237349
111 15.606666565 0 -0.000013113 0.034239758 -0.48852219 -0.012449284
112 15.853748322 0 -0.000007629 -0.1881736 -0.562012843 -0.153567067
113 15.151855469 -0.000007629 0 -0.375205142 0.287688716 -0.363244352
114 11.149969101 0.000007629 -0.000007629 0.304392977 0.239711775 0.037292268
115 1.725067139 -0.142128021 11.160657883 -1.560730375 -0.730144781 -0.006134236
116 15.606674194 0 0 0.341504181 0.08553819 -0.708566212
117 15.853733063 -0.000007629 0 -0.136642887 0.011694715 -0.545131209
118 15.151861191 0 0 -0.44459807 0.235876358 -0.173170553
119 11.149963379 0.000007629 0 0 0 0.09999645
120 6.67868042 -0.142132998 -16.932609558 1.57108783 -0.287241355 3.141550497
121 -15.606697083 0 0 -0.050179288 0.008965963 -0.528293544
122 -15.853752136 0.000007629 0.000006676 -0.126893711 0.092192611 -0.649301414
123 -15.151855469 0.000003815 -0.000001907 -0.093355851 0.150764026 0.545807266
124 -11.14995575 -0.000007629 0.000006437 0 0 -0.065526132
125 2.507644653 15.939216614 6.722554207 -1.504736404 0.323010452 -2.94407027
126 -15.606689453 0 0 -0.31393748 -0.010382994 1.129558388
127 -15.853742599 -0.000015259 0.000015259 0.005274345 -0.198607477 0.802345447
128 -15.151853561 0.000007629 0.000003815 0.344840129 0.038030796 0.272048572
129 -11.149963379 0 -0.000008583 0.182055395 0.011069483 0.074442273
130 2.507614136 -17.075353622 6.722565651 -1.348934547 -0.471292585 -0.412946101
131 15.606681824 0.000003815 0.000007629 0.063941337 -0.022732663 -0.387815399
132 15.853740692 0.000007629 0.000003815 0.023695918 -0.059894222 -0.351141649
133 15.151851654 0 0 -0.183543771 0.225498314 0.135636626
134 11.149974823 0 -0.000015259 0.061145454 -0.033157521 0.030770991
135 5.893112183 15.939213753 -12.477539063 3.10010327 0.375283362 0.218713497
136 15.606666565 0.000007629 0.000022888 0.057261147 0.581935719 -0.004391242
137 15.853759766 -0.000007629 -0.000015259 0.052885466 0.648684364 -0.049181319
138 15.151847839 0.000003815 0.000005722 0.287470608 -0.263844864 -0.324294786
139 11.149959564 0 -0.000011444 0.03390122 0.067028522 0.029555908
140 5.893119812 -17.075357437 -12.477554321 1.709651371 -0.202537875 2.940547613
141 -15.606674194 -0.000003815 0.000007629 -0.052905733 -0.015982285 -0.539762167
142 -15.853744507 -0.000003815 -0.000011444 0.050245897 -0.062768188 -0.525523746
143 -15.151855469 -0.000007629 -0.000007629 0.013948958 0.09951103 0.655238066
144 -11.14995575 -0.000015259 -0.000003815 -0.3521369 -0.074587929 0.001695362
145 4.260475159 20.773921967 -3.218482971 0.02377814 0.095568811 -2.896836308
146 -15.606689453 0.000003815 0 -0.057651192 0.443487292 0.049768718
147 -15.853736877 0.000007629 -0.000015259 0.039335116 0.63283495 -0.001926764
148 -15.151828766 0 0 -0.014208476 -0.003230399 0.03135804
149 -11.14994812 0.000003815 0 0.035620277 0.247538002 -0.110640008
150 7.528289795 -8.043749809 -1.232797623 -0.720170381 -0.274720634 0.034428651
151 54.911224365 0.649679184 0.176700592 1.605036241 0.175824056 -0.146400533
152 61.183166504 -0.000003815 -0.000001907 0.542701548 0.211647802 0.109075119
153 -0.364088595 36.477970123 12.189170837 0.340633688 -0.000040147 0.000233438
154 -0.364086866 -2.758006096 4.994803905 0 0 0.000244115
155 -0.364086866 -2.758006096 4.994803905 0 0 0.000244115
156 -0.364086866 -2.758006096 4.994803905 0 0 0.000244115
157 -0.364086866 -2.758006096 4.994803905 0 0 0.000244115
158 -0.364086866 -2.758006096 4.994803905 0 0 0.000244115
159 -0.364086866 -2.758006096 4.994803905 0 0 0.000244115
160 -0.364086866 -2.758006096 4.994803905 0 0 0.000244115
161 -0.364086866 -2.758006096 4.994803905 0 0 0.000244115
162 -0.498048782 -4.95163393 0.510848999 0 0 0.000244115
163 -0.364086866 -2.758006096 4.994803905 0 0 0.000244115
time 4
0 -0.364086866 -2.758006096 4.994803905 0 0 0.000244115
1 -0.355919719 -6.081761611 3.436691046 0.102237877 -1.538057015 -1.71527933
2 130.809051514 0.00000003 -0.000000477 0 0 0
3 6.661987305 -0.142130047 2.521339893 3.104247866 0.013627939 0.017789507
4 24.360931396 0.000000238 0.000011444 -0.144994167 0.219547537 -0.078183189
5 24.806396484 -0.00000596 0.765966415 -0.766226726 -0.34484606 0.141465658
6 8.120269775 -0.000000954 0 0.791475732 0.097841267 -0.092256798
7 8.120315552 -0.000000477 -0.000003815 0 -0.880742373 0
8 8.120315552 -0.000000477 -0.000003815 -0.216192487 -1.369859591 0.175150136
9 5.115219116 7.517072678 -23.079307556 1.501763517 -0.35837646 0.015053389
10 -13.525115967 -0.000007629 0 0.08892761 -0.155398648 -0.672956699
11 -11.953025818 0 0 -0.296159591 -0.121235216 -0.990948737
12 -8.290390015 0.000015259 0 -0.426672321 0.215708922 -0.489588952
13 -7.875 0.000030518 0.000015259 -0.676269588 0.158213266 0.483182752
14 -8.785797119 0.000034332 -0.000002861 -0.979032005 -0.62906519 0.844625193
15 -8.90372467 -0.000000954 -0.000015259 0.276648687 -0.113359075 0.221831424
16 5.903427124 12.714836121 -17.693180084 1.370188491 -0.37922568 -0.02939746
17 -13.525115967 0 0 0.03036941 -0.037413477 -0.703160908
18 -11.953041077 0.000015259 0.000001907 -0.251623543 0.011218251 -0.97676061
19 -8.290382385 -0.000015259 0 -0.528423496 0.269447087 -0.415755637
20 -7.875 0.000030518 -0.000022888 -0.622524623 0.093528449 0.434777265
21 -8.78578186 0.000041962 0 -0.97127669 -0.660677631 0.886177465
22 -8.9037323 0.000001907 0.000015259 0.168811145 -0.163560399 0.203057681
23 5.115203857 -7.60351944 -23.079330444 -1.554662072 0.381674365 -2.887288285
24 13.525115967 0 0.000003815 -0.064757055 0.203707669 -0.59596854
25 11.953033447 0.000015259 -0.000003815 0.386534894 0.122748936 -1.078024843
26 8.290397644 0.000015259 0.000015259 0.599030938 -0.278419096 -0.468287655
27 7.875 -0.000038147 0.000015259 0.571306893 0.167449853 0.537501791
28 8.785797119 -0.000038147 -0.000003815 1.201752461 0.831059259 0.723659797
29 8.9037323 0.000001907 -0.000007629 -0.259989371 0.408647459 0.002539224
30 5.903396606 -12.801282883 -17.693202972 -1.598720893 0.442583503 -2.77991415
31 13.525115967 -0.000007629 -0.000007629 -0.105502877 0.224731892 -0.564754002
32 11.953041077 0 -0.000007629 0.242859891 0.197752682 -1.109388674
33 8.290397644 -0.000007629 0.000015259 0.375113991 -0.162983605 -0.428924144
34 7.875 -0.000034332 0 0.251836752 0.109725074 0.505485061
35 8.78578186 -0.000041962 0 0.958705552 0.619686331 1.067986797
36 8.90372467 0.000003815 0 -0.238599111 0.44002467 -0.000876532
37 4.435424805 0.000125885 -25.179958344 -3.117617043 0.363008552 -3.024970545
38 14.171035767 0.000020027 1.280700684 0.033634334 0.542163681 0.300048002
39 10.9765625 0.000019073 0.352539063 0.764215154 1.07889237 0.416738049
40 8.120292664 -0.000007629 0 0.500281664 0.407324244 -0.295873839
41 8.120285034 0.000015259 -0.000030518 0.752529202 -0.482006658 -0.077295523
42 8.120330811 -0.000003815 -0.000015259 0.571733117 -0.362500182 0.87231172
43 8.120330811 0.000015259 0.000059128 -0.326880044 -0.133808012 0.223297442
44 7.146942139 16.179790497 -9.195617676 1.376844409 -0.303705466 -0.072871366
45 -13.525146484 0 0.000007629 -0.038559178 -0.070354074 0.310641596
46 -11.953025818 -0.000015259 -0.000007629 0.282075716 -0.336742671 -0.719980243
47 -8.290382385 0.000015259 0 -0.427577627 -0.156284161 -1.000991734
48 -7.875 0 -0.000004053 -1.253843521 0.32696056 -0.656552696
49 -8.78578186 0.000041962 0 -0.704860529 0.27526263 0.222877775
50 -8.9037323 -0.000007629 0.000000477 0.185192246 -0.03931266 0.00883445
51 7.146942139 -16.26625061 -9.19562149 -1.594435862 0.362965226 -2.75698367
52 13.525115967 0 0 -0.130896144 0.052360772 -0.447074417
53 11.953041077 0.000015259 0.000007629 0.006847356 0.238508803 -1.087897638
54 8.290397644 0 -0.000007629 -0.037433275 0.058620731 -0.431683432
55 7.875 -0.000015259 0 -0.232283382 0.167420131 0.515949057
56 8.78578186 -0.000030518 0.000003815 0.119653507 0.357553941 1.085538616
57 8.90372467 0.000007629 0 -0.321607762 0.364959129 -0.057712897
58 -5.367340088 8.36690712 8.703117371 1.767403204 -0.907933032 -3.113830225
59 13.525127411 -0.000015259 -0.000003815 -0.296468905 -0.078299246 -0.169078084
60 -3.441894531 -10.792384148 9.377002716 1.682676502 -0.9532335 -2.979793352
61 13.525127411 0 0 -0.285916134 0.19978453 0.028557233
62 11.953041077 0.000030518 0.000000954 -0.256494778 -0.463516933 0.152763685
63 8.290390015 -0.000015259 0.000007629 -0.44549621 -0.344861677 -0.051576155
64 7.875 -0.000030518 0 -0.49383976 0.229012099 -0.804128758
65 19.394897461 -14.052384377 -0.467084885 1.385689927 -0.171974321 -2.697325937
66 26.240768433 -0.000007629 0.000007629 -0.10716768 -0.755149179 0.737835073
67 31.970993042 0 -0.000009537 -1.120779472 0.197073003 0.214466878
68 4.627256393 -2.311302185 4.18561554 -0.021512477 -0.254658869 -0.451859094
69 2.980098724 -0.000007629 0 -0.040823197 0.14004721 0.242069561
70 1.982421875 0.000019073 0.000015259 0.001822187 0.301463179 0.041313792
71 10.844877243 -1.281570435 -1.331703186 0.003154845 -0.01855101 -1.502721343
72 3.98828125 0 0.000022888 0.024656551 0.116612118 -1.30426207
73 2.26953125 0 -0.000022888 0.010246566 0.020303916 -1.235445909
74 10.908864975 -1.237388611 0.829566956 0.000884849 -0.017323866 -1.109493003
75 3.989433289 -0.000007629 0.000038147 -0.015713845 0.065950999 -0.849458625
76 3.478279114 -0.000011444 -0.000007629 0.020168766 -0.085746291 -0.948876553
77 10.291898727 -1.202156067 -3.344161987 0.018038834 -0.023865117 -1.537453755
78 2.757148743 -0.000003815 0.000015259 -0.176520919 -0.095609839 -1.291637382
79 1.775390625 0.000007629 -0.000022888 0.198076059 0.357239486 -1.30316968
80 10.971857071 -1.19392395 2.957328796 -0.013455256 -0.008774668 -1.220237629
81 3.82421875 -0.000007629 0.000030518 -0.000596406 0.002206164 -0.908027006
82 2.94140625 -0.000007629 0 0.003932204 0.006927301 -1.065357394
83 -0.000015259 0 -0.000003815 -0.340706191 0.159206997 -0.629605292
84 19.39491272 13.16059494 -0.467075348 -2.179823383 0.769715097 -0.052276444
85 -26.240753174 0.000007629 0 0.59884883 -0.901563252 0.296243317
86 -31.971000671 0.000015259 -0.000003815 -1.328631512 0.320293047 -0.128711858
87 -11.614597321 3.933120728 0.069396973 -2.04917157 1.224213717 -3.062290985
88 -10.484516144 1.069213867 3.539878845 -3.131584703 0.028220486 2.411526648
89 2.757141113 0 0.000030518 -0.011712134 0.035128624 1.019560794
90 1.775390625 -0.000011444 -0.000015259 -0.224392567 -0.28588202 0.939435589
91 -11.046470642 1.142410278 1.529701233 -3.130487012 0.018259081 2.114134707
92 3.98828125 0.000011444 0.000038147 0.004872241 -0.009924216 1.610032301
93 2.26953125 0.000015259 0.000007629 -0.076539319 -0.095407065 1.438172442
94 -11.192642212 1.041542053 -2.758422852 -3.117180275 -0.000010019 2.38927983
95 3.82421875 0.000034332 0.000053406 0.00053161 0.002187187 1.610324685
96 8.785766602 -0.000045776 0 0.028889808 0.206538207 -0.655495889
97 2.94140625 0 -0.000022888 -0.004550553 0.006091757 1.767588569
98 -11.120113373 1.091545105 -0.631118774 -3.130045509 0.019167928 2.337431836
99 3.9894104 0.000001907 0.000045776 0.021444626 0.041947477 1.751021405
100 3.478288651 0.000038147 -0.000007629 -0.001306817 0.004312204 1.848998194
101 -4.853595734 2.155090332 -4.01852417 3.123057975 0.125574955 2.46129872
102 2.980098724 0.000003815 0 0.038574713 -0.163808097 -0.240289671
103 1.982421875 -0.000007629 0.000045776 0 0 -0.040571652
104 0.000007629 -0.000015259 -0.000011444 -0.01786834 -0.032037725 -0.918099438
105 7.08984375 0 -0.000000238 3.141592654 -0.174494795 3.141592654
106 7.528259277 8.168074608 -1.232801437 2.907945265 0.435701765 -3.053632282
107 -54.911254883 -0.649677277 -0.176696777 1.571603091 0.375918998 0.037930377
108 -61.183189392 0.000000954 0.000001907 0.174037262 0.013709953 -0.309466751
109 8.588699341 -0.00000003 1.514417648 0 0 0
110 4.260505676 -21.349502563 -3.218471527 0.136746121 -0.132294172 -0.328999118
111 15.606666565 0 -0.000013113 0.022013163 -0.365627717 0.000582679
112 15.853748322 0 -0.000007629 -0.154625294 -0.624180053 -0.138825162
113 15.151855469 -0.000007629 0 -0.298908709 0.001690007 -0.340136205
114 11.149969101 0.000007629 -0.000007629 0.289713907 0.246181224 0.028445498
115 1.725067139 -0.142128021 11.160657883 -1.553821204 -0.747523052 -0.010394855
116 15.606674194 0 0 0.341196292 0.090834129 -0.704638889
117 15.853733063 -0.000007629 0 -0.103183293 -0.00054859 -0.596423176
118 15.151861191 0 0 -0.433006402 0.220916532 -0.353715545
119 11.149963379 0.000007629 0 0 0 0.105614454
120 6.67868042 -0.142132998 -16.932609558 1.570468393 -0.286994676 -3.14154527
121 -15.606697083 0 0 -0.026573213 0.000644291 -0.376882761
122 -15.853752136 0.000007629 0.000006676 -0.119429466 0.081540921 -0.719972876
123 -15.151855469 0.000003815 -0.000001907 -0.105144379 0.19289043 0.148639557
124 -11.14995575 -0.000007629 0.000006437 0 0 -0.059394654
125 2.507644653 15.939216614 6.722554207 -1.498931732 0.336148694 -2.936690543
126 -15.606689453 0 0 -0.300830385 -0.005707962 1.114707007
127 -15.853742599 -0.000015259 0.000015259 -0.019854108 -0.205643439 0.867626626
128 -15.151853561 0.000007629 0.000003815 0.31045517 -0.011038873 0.473292814
129 -11.149963379 0 -0.000008583 0.170950905 0.010185459 0.067246679
130 2.507614136 -17.075353622 6.722565651 -1.349491144 -0.466287805 -0.411613998
131 15.606681824 0.000003815 0.000007629 0.0474893 -0.029925664 -0.30043227
132 15.853740692 0.000007629 0.000003815 0.031356762 -0.082967378 -0.415440377
133 15.151851654 0 0 -0.186843853 0.183597201 -0.067313743
134 11.149974823 0 -0.000015259 0.060248246 -0.032701993 0.033304055
135 5.893112183 15.939213753 -12.477539063 3.098733691 0.372504125 0.222437858
136 15.606666565 0.000007629 0.000022888 0.03521119 0.40704075 0.002771925
137 15.853759766 -0.000007629 -0.000015259 0.060931436 0.710899748 -0.024907922
138 15.151847839 0.000003815 0.000005722 0.202411346 0.087899492 -0.316164006
139 11.149959564 0 -0.000011444 0.033427956 0.061488275 0.025384965
140 5.893119812 -17.075357437 -12.477554321 1.707336911 -0.203073878 2.939644839
141 -15.606674194 -0.000003815 0.000007629 -0.033161473 0.001204368 -0.416097303
142 -15.853744507 -0.000003815 -0.000011444 0.048444782 -0.074633546 -0.590642509
143 -15.151855469 -0.000007629 -0.000007629 -0.006911834 0.069499584 0.258204754
144 -11.14995575 -0.000015259 -0.000003815 -0.351075008 -0.07046319 0.012063986
145 4.260475159 20.773921967 -3.218482971 0.024246136 0.095395715 -2.892201177
146 -15.606689453 0.000003815 0 -0.036584342 0.272092094 0.04405388
147 -15.853736877 0.000007629 -0.000015259 0.024073377 0.69492082 -0.008817051
148 -15.151828766 0 0 -0.008738517 0.262281792 0.054576305
149 -11.14994812 0.000003815 0 0.037361243 0.247082293 -0.105899603
150 7.528289795 -8.043749809 -1.232797623 -0.719682372 -0.253894176 0.034291375
151 54.911224365 0.649679184 0.176700592 1.623282822 0.040149505 -0.241923992
152 61.183166504 -0.000003815 -0.000001907 0.542701548 0.211647802 0.109075119
153 -0.364088595 36.477970123 12.189170837 0.340633688 -0.000040147 0.000233438
154 -0.364086866 -2.758006096 4.994803905 0 0 0.000244115
155 -0.364086866 -2.758006096 4.994803905 0 0 0.000244115
156 -0.364086866 -2.758006096 4.994803905 0 0 0.000244115
157 -0.364086866 -2.758006096 4.994803905 0 0 0.000244115
158 -0.364086866 -2.758006096 4.994803905 0 0 0.000244115
159 -0.364086866 -2.758006096 4.994803905 0 0 0.000244115
160 -0.364086866 -2.758006096 4.994803905 0 0 0.000244115
161 -0.364086866 -2.758006096 4.994803905 0 0 0.000244115
162 -0.498048782 -4.95163393 0.510848999 0 0 0.000244115
163 -0.364086866 -2.758006096 4.994803905 0 0 0.000244115
time 5
0 -0.364086866 -2.758006096 4.994803905 0 0 0.000244115
1 -0.355919659 -7.41997079 3.436691046 0.150611121 -1.53440988 -1.784538726
2 130.809051514 0.00000003 -0.000000477 0 0 0
3 6.661987305 -0.142130047 2.521339893 3.110205958 0.013577604 0.018002648
4 24.360931396 0.000000238 0.000011444 -0.17899778 0.244385403 -0.102997583
5 24.806396484 -0.00000596 0.765966415 -0.733867726 -0.345255725 0.145630414
6 8.120269775 -0.000000954 0 0.780603271 0.097846206 -0.092204409
7 8.120315552 -0.000000477 -0.000003815 0 -0.880742373 0
8 8.120315552 -0.000000477 -0.000003815 -0.216192487 -1.369859591 0.175150136
9 5.115219116 7.517072678 -23.079307556 1.501763517 -0.35837646 0.015053389
10 -13.525115967 -0.000007629 0 0.107242986 -0.19109036 -0.504625974
11 -11.953025818 0 0 -0.2632974 -0.193742745 -1.000709771
12 -8.290390015 0.000015259 0 -0.488582847 0.192517343 -0.654846957
13 -7.875 0.000030518 0.000015259 -0.672326624 0.25632195 0.287724078
14 -8.785797119 0.000034332 -0.000002861 -0.903075304 -0.483327308 0.792328738
15 -8.90372467 -0.000000954 -0.000015259 0.278503143 -0.097695046 0.244700938
16 5.903427124 12.714836121 -17.693180084 1.370188491 -0.37922568 -0.02939746
17 -13.525115967 0 0 0.064441832 -0.085614306 -0.544157525
18 -11.953041077 0.000015259 0.000001907 -0.229296233 -0.049745336 -0.983864189
19 -8.290382385 -0.000015259 0 -0.567861189 0.267892908 -0.566556334
20 -7.875 0.000030518 -0.000022888 -0.618910959 0.225902362 0.231808873
21 -8.78578186 0.000041962 0 -0.89316436 -0.491429211 0.800853656
22 -8.9037323 0.000001907 0.000015259 0.166680391 -0.149978758 0.229771569
23 5.115203857 -7.60351944 -23.079330444 -1.554662072 0.381674365 -2.887288285
24 13.525115967 0 0.000003815 -0.064277356 0.228741628 -0.398444449
25 11.953033447 0.000015259 -0.000003815 0.345702932 0.201789084 -1.096767569
26 8.290397644 0.000015259 0.000015259 0.683702192 -0.274290381 -0.670226171
27 7.875 -0.000038147 0.000015259 0.527730863 0.001386129 0.379146004
28 8.785797119 -0.000038147 -0.000003815 1.160874002 0.724080802 0.753990277
29 8.9037323 0.000001907 -0.000007629 -0.260220463 0.408653034 0.033348652
30 5.903396606 -12.801282883 -17.693202972 -1.598720893 0.442583503 -2.77991415
31 13.525115967 -0.000007629 -0.000007629 -0.092510184 0.23530922 -0.354665975
32 11.953041077 0 -0.000007629 0.211324443 0.268948778 -1.114550795
33 8.290397644 -0.000007629 0.000015259 0.436415025 -0.146686527 -0.632406554
34 7.875 -0.000034332 0 0.221408624 -0.028445918 0.291742716
35 8.78578186 -0.000041962 0 0.844910312 0.532967884 1.040623136
36 8.90372467 0.000003815 0 -0.242500895 0.437450644 0.025827619
37 4.435424805 0.000125885 -25.179958344 -3.117617043 0.363008552 -3.024970545
38 14.171035767 0.000020027 1.280700684 -0.017442676 0.338805015 0.311650642
39 10.9765625 0.000019073 0.352539063 0.878349192 1.05345391 0.587532921
40 8.120292664 -0.000007629 0 0.518986203 0.587098764 -0.30416157
41 8.120285034 0.000015259 -0.000030518 0.767278084 -0.303878576 -0.223310065
42 8.120330811 -0.000003815 -0.000015259 0.566131445 -0.423053121 0.713318726
43 8.120330811 0.000015259 0.000059128 -0.327126014 -0.160921619 0.213112014
44 7.146942139 16.179790497 -9.195617676 1.376844409 -0.303705466 -0.072871366
45 -13.525146484 0 0.000007629 -0.038559178 -0.070354074 0.310641596
46 -11.953025818 -0.000015259 -0.000007629 0.269362484 -0.395303934 -0.494264527
47 -8.290382385 0.000015259 0 -0.380582536 -0.218840346 -0.966439786
48 -7.875 0 -0.000004053 -1.254504013 0.289463109 -0.80184887
49 -8.78578186 0.000041962 0 -0.764259821 0.462767786 0.055281213
50 -8.9037323 -0.000007629 0.000000477 0.178218857 -0.027474529 0.034901482
51 7.146942139 -16.26625061 -9.19562149 -1.594435862 0.362965226 -2.75698367
52 13.525115967 0 0 -0.140275068 0.058131844 -0.24235824
53 11.953041077 0.000015259 0.000007629 0.006417568 0.287530419 -1.073704421
54 8.290397644 0 -0.000007629 0.005207178 0.08248723 -0.633832805
55 7.875 -0.000015259 0 -0.258920208 0.125200805 0.251261825
56 8.78578186 -0.000030518 0.000003815 -0.048359003 0.363911817 1.02173632
57 8.90372467 0.000007629 0 -0.328837616 0.360410703 -0.03252119
58 -5.367340088 8.36690712 8.703117371 1.75635233 -0.806376951 -3.113600863
59 13.525127411 -0.000015259 -0.000003815 -0.296468905 -0.078299246 -0.169078084
60 -3.441894531 -10.792384148 9.377002716 1.680919244 -0.851027086 -2.985811028
61 13.525127411 0 0 -0.309240928 0.238650578 -0.016785208
62 11.953041077 0.000030518 0.000000954 -0.233840579 -0.47100831 0.268491258
63 8.290390015 -0.000015259 0.000007629 -0.459193612 -0.41483176 0.107155764
64 7.875 -0.000030518 0 -0.502364816 0.107727232 -0.758308897
65 19.394897461 -14.052384377 -0.467084885 1.350921795 -0.114400284 -2.657527249
66 26.240768433 -0.000007629 0.000007629 -0.15599598 -0.740711949 0.793355697
67 31.970993042 0 -0.000009537 -1.120779472 0.197073003 0.214466878
68 4.627256393 -2.311302185 4.18561554 -0.021512477 -0.254658869 -0.451859094
69 2.980098724 -0.000007629 0 -0.040823197 0.14004721 0.242069561
70 1.982421875 0.000019073 0.000015259 0.001822187 0.301463179 0.041313792
71 10.844877243 -1.281570435 -1.331703186 0.003154845 -0.01855101 -1.502721343
72 3.98828125 0 0.000022888 0.024656551 0.116612118 -1.30426207
73 2.26953125 0 -0.000022888 0.010246566 0.020303916 -1.235445909
74 10.908864975 -1.237388611 0.829566956 0.000681799 -0.017299482 -1.099757023
75 3.989433289 -0.000007629 0.000038147 -0.016165221 0.065209403 -0.839801464
76 3.478279114 -0.000011444 -0.000007629 0.020383624 -0.086881306 -0.939321526
77 10.291898727 -1.202156067 -3.344161987 0.018038834 -0.023865117 -1.537453755
78 2.757148743 -0.000003815 0.000015259 -0.180669403 -0.095600092 -1.291610658
79 1.775390625 0.000007629 -0.000022888 0.198076059 0.357239486 -1.30316968
80 10.971857071 -1.19392395 2.957328796 -0.013547555 -0.008637084 -1.210354661
81 3.82421875 -0.000007629 0.000030518 -0.0005855 0.002209083 -0.898146044
82 2.94140625 -0.000007629 0 0.003922999 0.006982315 -1.055451954
83 -0.000015259 0 -0.000003815 -0.340706191 0.159206997 -0.629605292
84 19.39491272 13.16059494 -0.467075348 -2.159841547 0.985342595 0.029282246
85 -26.240753174 0.000007629 0 0.531309728 -0.896861387 0.332903968
86 -31.971000671 0.000015259 -0.000003815 -1.328631512 0.320293047 -0.128711858
87 -11.614597321 3.933120728 0.069396973 -1.972959689 1.251417284 -2.986161416
88 -10.484516144 1.069213867 3.539878845 -3.131584703 0.028220486 2.411526648
89 2.757141113 0 0.000030518 -0.011712134 0.035128624 1.019560794
90 1.775390625 -0.000011444 -0.000015259 -0.223513429 -0.286432285 0.936531665
91 -11.046470642 1.142410278 1.529701233 -3.130487012 0.018259081 2.114134707
92 3.98828125 0.000011444 0.000038147 0.004872241 -0.009924216 1.610032301
93 2.26953125 0.000015259 0.000007629 -0.076539319 -0.095407065 1.438172442
94 -11.192642212 1.041542053 -2.758422852 -3.117148793 -0.000139045 2.393267428
95 3.82421875 0.000034332 0.000053406 0.00053161 0.002187187 1.610324685
96 8.785766602 -0.000045776 0 0.028889808 0.206538207 -0.655495889
97 2.94140625 0 -0.000022888 -0.004550553 0.006091757 1.767588569
98 -11.120113373 1.091545105 -0.631118774 -3.129939063 0.019185336 2.340245926
99 3.9894104 0.000001907 0.000045776 0.021444626 0.041947477 1.751021405
100 3.478288651 0.000038147 -0.000007629 -0.001306817 0.004312204 1.848998194
101 -4.853595734 2.155090332 -4.01852417 3.123057975 0.125574955 2.46129872
102 2.980098724 0.000003815 0 0.038574713 -0.163808097 -0.240289671
103 1.982421875 -0.000007629 0.000045776 0 0 -0.040571652
104 0.000007629 -0.000015259 -0.000011444 -0.01786834 -0.032037725 -0.918099438
105 7.08984375 0 -0.000000238 3.141592654 -0.174494795 3.141592654
106 7.528259277 8.168074608 -1.232801437 2.910914532 0.461413847 -3.051600754
107 -54.911254883 -0.649677277 -0.176696777 1.572001543 0.392161097 0.043241966
108 -61.183189392 0.000000954 0.000001907 0.174037262 0.013709953 -0.309466751
109 8.588699341 -0.00000003 1.514417648 0 0 0
110 4.260505676 -21.349502563 -3.218471527 0.133148179 -0.129574385 -0.340897393
111 15.606666565 0 -0.000013113 0.009753348 -0.259325588 0.014658247
112 15.853748322 0 -0.000007629 -0.13108023 -0.64511399 -0.123835146
113 15.151855469 -0.000007629 0 -0.236169892 -0.239285601 -0.319002885
114 11.149969101 0.000007629 -0.000007629 0.271952513 0.25401004 0.017550745
115 1.725067139 -0.142128021 11.160657883 -1.54510957 -0.768421873 -0.015521206
116 15.606674194 0 0 0.340789324 0.097277098 -0.701102157
117 15.853733063 -0.000007629 0 -0.079994002 -0.011351142 -0.612421062
118 15.151861191 0 0 -0.419062805 0.20051829 -0.523471956
119 11.149963379 0.000007629 0 0 0 0.112443625
120 6.67868042 -0.142132998 -16.932609558 1.57103474 -0.286747981 3.141558235
121 -15.606697083 0 0 -0.00352288 -0.009481662 -0.246352841
122 -15.853752136 0.000007629 0.000006676 -0.106206207 0.067839476 -0.735247327
123 -15.151855469 0.000003815 -0.000001907 -0.124088049 0.204041684 -0.18139664
124 -11.14995575 -0.000007629 0.000006437 0 0 -0.051623145
125 2.507644653 15.939216614 6.722554207 -1.491544763 0.352266399 -2.927310965
126 -15.606689453 0 0 -0.284971444 -0.00001048 1.096507109
127 -15.853742599 -0.000015259 0.000015259 -0.025677723 -0.205840624 0.878990198
128 -15.151853561 0.000007629 0.000003815 0.275352576 -0.050509373 0.648223955
129 -11.149963379 0 -0.000008583 0.157591898 0.009081361 0.058304904
130 2.507614136 -17.075353622 6.722565651 -1.350037769 -0.461670253 -0.410352586
131 15.606681824 0.000003815 0.000007629 0.029407682 -0.039559681 -0.221029787
132 15.853740692 0.000007629 0.000003815 0.033275163 -0.101190143 -0.449809634
133 15.151851654 0 0 -0.183305473 0.138197098 -0.254856344
134 11.149974823 0 -0.000015259 0.059172707 -0.032170212 0.036359987
135 5.893112183 15.939213753 -12.477539063 3.097158016 0.369081573 0.226924168
136 15.606666565 0.000007629 0.000022888 0.012826471 0.25160181 0.012671993
137 15.853759766 -0.000007629 -0.000015259 0.072159931 0.711137208 0.005340543
138 15.151847839 0.000003815 0.000005722 0.130067293 0.367518499 -0.312565035
139 11.149959564 0 -0.000011444 0.032939403 0.054840175 0.020248656
140 5.893119812 -17.075357437 -12.477554321 1.70479021 -0.203744913 2.938510863
141 -15.606674194 -0.000003815 0.000007629 -0.01051833 0.014688576 -0.31130795
142 -15.853744507 -0.000003815 -0.000011444 0.047572766 -0.084089397 -0.609662573
143 -15.151855469 -0.000007629 -0.000007629 -0.01498351 0.03405581 -0.078232376
144 -11.14995575 -0.000015259 -0.000003815 -0.349689378 -0.065454931 0.024546001
145 4.260475159 20.773921967 -3.218482971 0.024766232 0.095295882 -2.886689669
146 -15.606689453 0.000003815 0 -0.014231871 0.115492422 0.036531443
147 -15.853736877 0.000007629 -0.000015259 0.009731801 0.699051629 -0.022453524
148 -15.151828766 0 0 0.002766317 0.48641023 0.075319353
149 -11.14994812 0.000003815 0 0.039043929 0.246592492 -0.100210141
150 7.528289795 -8.043749809 -1.232797623 -0.719265819 -0.232819531 0.034165777
151 54.911224365 0.649679184 0.176700592 1.640068391 -0.084408881 -0.329629749
152 61.183166504 -0.000003815 -0.000001907 0.542701548 0.211647802 0.109075119
153 -0.364088595 36.477970123 12.189170837 0.340633688 -0.000040147 0.000233438
154 -0.364086866 -2.758006096 4.994803905 0 0 0.000244115
155 -0.364086866 -2.758006096 4.994803905 0 0 0.000244115
156 -0.364086866 -2.758006096 4.994803905 0 0 0.000244115
157 -0.364086866 -2.758006096 4.994803905 0 0 0.000244115
158 -0.364086866 -2.758006096 4.994803905 0 0 0.000244115
159 -0.364086866 -2.758006096 4.994803905 0 0 0.000244115
160 -0.364086866 -2.758006096 4.994803905 0 0 0.000244115
161 -0.364086866 -2.758006096 4.994803905 0 0 0.000244115
162 -0.498048782 -4.95163393 0.510848999 0 0 0.000244115
163 -0.364086866 -2.758006096 4.994803905 0 0 0.000244115
time 6
0 -0.364086866 -2.758006096 4.994803905 0 0 0.000244115
1 -0.3559196 -8.991588452 3.436691046 0.208715934 -1.530180355 -1.866349428
2 130.809051514 0.00000003 -0.000000477 0 0 0
3 6.661987305 -0.142130047 2.521339893 3.117113924 0.013518529 0.018308382
4 24.360931396 0.000000238 0.000011444 -0.211912097 0.271462307 -0.128339437
5 24.806396484 -0.00000596 0.765966415 -0.698401342 -0.34566366 0.150041584
6 8.120269775 -0.000000954 0 0.767791881 0.097845502 -0.092217305
7 8.120315552 -0.000000477 -0.000003815 0 -0.880742373 0
8 8.120315552 -0.000000477 -0.000003815 -0.216192487 -1.369859591 0.175150136
9 5.115219116 7.517072678 -23.079307556 1.501763517 -0.35837646 0.015053389
10 -13.525115967 -0.000007629 0 0.115996566 -0.216623299 -0.343666139
11 -11.953025818 0 0 -0.224383878 -0.268850293 -0.979392548
12 -8.290390015 0.000015259 0 -0.542367941 0.144463425 -0.791496059
13 -7.875 0.000030518 0.000015259 -0.692155159 0.331370026 0.099988559
14 -8.785797119 0.000034332 -0.000002861 -0.818079682 -0.318466947 0.698239797
15 -8.90372467 -0.000000954 -0.000015259 0.280814441 -0.080034908 0.269655761
16 5.903427124 12.714836121 -17.693180084 1.370188491 -0.37922568 -0.02939746
17 -13.525115967 0 0 0.086546474 -0.126353741 -0.393931822
18 -11.953041077 0.000015259 0.000001907 -0.197132097 -0.114194081 -0.963757248
19 -8.290382385 -0.000015259 0 -0.602516057 0.244468174 -0.692622083
20 -7.875 0.000030518 -0.000022888 -0.64351289 0.327591254 0.044405733
21 -8.78578186 0.000041962 0 -0.811129589 -0.303776624 0.683892669
22 -8.9037323 0.000001907 0.000015259 0.16439484 -0.134788302 0.258967935
23 5.115203857 -7.60351944 -23.079330444 -1.554662072 0.381674365 -2.887288285
24 13.525115967 0 0.000003815 -0.056759764 0.237370912 -0.211315218
25 11.953033447 0.000015259 -0.000003815 0.300443559 0.284690559 -1.068205924
26 8.290397644 0.000015259 0.000015259 0.759069191 -0.233630547 -0.844187748
27 7.875 -0.000038147 0.000015259 0.52034837 -0.153650705 0.213003381
28 8.785797119 -0.000038147 -0.000003815 1.067655541 0.565752279 0.708729855
29 8.9037323 0.000001907 -0.000007629 -0.260466656 0.40862591 0.067029844
30 5.903396606 -12.801282883 -17.693202972 -1.598720893 0.442583503 -2.77991415
31 13.525115967 -0.000007629 -0.000007629 -0.076927395 0.228619031 -0.162449198
32 11.953041077 0 -0.000007629 0.182889396 0.339855378 -1.061828644
33 8.290397644 -0.000007629 0.000015259 0.489085338 -0.099148596 -0.805510312
34 7.875 -0.000034332 0 0.235110966 -0.152513226 0.070805484
35 8.78578186 -0.000041962 0 0.698611501 0.409760259 0.924493669
36 8.90372467 0.000003815 0 -0.247243213 0.434262405 0.054940609
37 4.435424805 0.000125885 -25.179958344 -3.117617043 0.363008552 -3.024970545
38 14.171035767 0.000020027 1.280700684 -0.066188774 0.148149444 0.316371434
39 10.9765625 0.000019073 0.352539063 0.920763797 0.981935634 0.698223792
40 8.120292664 -0.000007629 0 0.565028818 0.746314616 -0.27503386
41 8.120285034 0.000015259 -0.000030518 0.759817534 -0.128785713 -0.336985241
42 8.120330811 -0.000003815 -0.000015259 0.60118157 -0.439013864 0.488196417
43 8.120330811 0.000015259 0.000059128 -0.327295646 -0.190583622 0.201450708
44 7.146942139 16.179790497 -9.195617676 1.376844409 -0.303705466 -0.072871366
45 -13.525146484 0 0.000007629 -0.038559178 -0.070354074 0.310641596
46 -11.953025818 -0.000015259 -0.000007629 0.241291357 -0.432881655 -0.279474027
47 -8.290382385 0.000015259 0 -0.333151269 -0.276793574 -0.890970988
48 -7.875 0 -0.000004053 -1.239143734 0.230968781 -0.916166125
49 -8.78578186 0.000041962 0 -0.858473594 0.599586464 -0.122435007
50 -8.9037323 -0.000007629 0.000000477 0.170589148 -0.013999734 0.063356354
51 7.146942139 -16.26625061 -9.19562149 -1.594435862 0.362965226 -2.75698367
52 13.525115967 0 0 -0.145685273 0.053557892 -0.061144453
53 11.953041077 0.000015259 0.000007629 0.01478544 0.332287971 -0.993706695
54 8.290397644 0 -0.000007629 0.044288104 0.125363183 -0.804072763
55 7.875 -0.000015259 0 -0.251536597 0.081684693 -0.012684523
56 8.78578186 -0.000030518 0.000003815 -0.202560085 0.3600124 0.863957374
57 8.90372467 0.000007629 0 -0.337027978 0.354931872 -0.004984389
58 -5.367340088 8.36690712 8.703117371 1.74538187 -0.712292424 -3.111517481
59 13.525127411 -0.000015259 -0.000003815 -0.296468905 -0.078299246 -0.169078084
60 -3.441894531 -10.792384148 9.377002716 1.67679579 -0.755424945 -2.987722331
61 13.525127411 0 0 -0.3398516 0.263477532 -0.086535158
62 11.953041077 0.000030518 0.000000954 -0.206572503 -0.467213565 0.361539601
63 8.290390015 -0.000015259 0.000007629 -0.479940174 -0.458056704 0.287808836
64 7.875 -0.000030518 0 -0.494125099 -0.032148954 -0.669387405
65 19.394897461 -14.052384377 -0.467084885 1.310076891 -0.055617072 -2.614704869
66 26.240768433 -0.000007629 0.000007629 -0.202729537 -0.726120264 0.849852871
67 31.970993042 0 -0.000009537 -1.120779472 0.197073003 0.214466878
68 4.627256393 -2.311302185 4.18561554 -0.021512477 -0.254658869 -0.451859094
69 2.980098724 -0.000007629 0 -0.040823197 0.14004721 0.242069561
70 1.982421875 0.000019073 0.000015259 0.001822187 0.301463179 0.041313792
71 10.844877243 -1.281570435 -1.331703186 0.003154845 -0.01855101 -1.502721343
72 3.98828125 0 0.000022888 0.024656551 0.116612118 -1.30426207
73 2.26953125 0 -0.000022888 0.010246566 0.020303916 -1.235445909
74 10.908864975 -1.237388611 0.829566956 0.000554817 -0.017228717 -1.090252331
75 3.989433289 -0.000007629 0.000038147 -0.016665835 0.064551002 -0.830357574
76 3.478279114 -0.000011444 -0.000007629 0.020589118 -0.088020104 -0.929789458
77 10.291898727 -1.202156067 -3.344161987 0.018038834 -0.023865117 -1.537453755
78 2.757148743 -0.000003815 0.000015259 -0.184939655 -0.095575036 -1.291594024
79 1.775390625 0.000007629 -0.000022888 0.198076059 0.357239486 -1.30316968
80 10.971857071 -1.19392395 2.957328796 -0.013567005 -0.008450987 -1.20061037
81 3.82421875 -0.000007629 0.000030518 -0.00057471 0.002211915 -0.888384132
82 2.94140625 -0.000007629 0 0.003957086 0.006963054 -1.045674614
83 -0.000015259 0 -0.000003815 -0.340706191 0.159206997 -0.629605292
84 19.39491272 13.16059494 -0.467075348 -2.139500476 1.221025603 0.112304394
85 -26.240753174 0.000007629 0 0.457344442 -0.890561955 0.373157791
86 -31.971000671 0.000015259 -0.000003815 -1.328631512 0.320293047 -0.128711858
87 -11.614597321 3.933120728 0.069396973 -1.889589726 1.281196397 -2.902798382
88 -10.484516144 1.069213867 3.539878845 -3.131584703 0.028220486 2.411526648
89 2.757141113 0 0.000030518 -0.011712134 0.035128624 1.019560794
90 1.775390625 -0.000011444 -0.000015259 -0.22261924 -0.286991233 0.933530661
91 -11.046470642 1.142410278 1.529701233 -3.130487012 0.018259081 2.114134707
92 3.98828125 0.000011444 0.000038147 0.004872241 -0.009924216 1.610032301
93 2.26953125 0.000015259 0.000007629 -0.076539319 -0.095407065 1.438172442
94 -11.192642212 1.041542053 -2.758422852 -3.117149119 -0.00018776 2.397253101
95 3.82421875 0.000034332 0.000053406 0.00053161 0.002187187 1.610324685
96 8.785766602 -0.000045776 0 0.028889808 0.206538207 -0.655495889
97 2.94140625 0 -0.000022888 -0.004550553 0.006091757 1.767588569
98 -11.120113373 1.091545105 -0.631118774 -3.129912102 0.019168935 2.343057718
99 3.9894104 0.000001907 0.000045776 0.021444626 0.041947477 1.751021405
100 3.478288651 0.000038147 -0.000007629 -0.001306817 0.004312204 1.848998194
101 -4.853595734 2.155090332 -4.01852417 3.123057975 0.125574955 2.46129872
102 2.980098724 0.000003815 0 0.038574713 -0.163808097 -0.240289671
103 1.982421875 -0.000007629 0.000045776 0 0 -0.040571652
104 0.000007629 -0.000015259 -0.000011444 -0.01786834 -0.032037725 -0.918099438
105 7.08984375 0 -0.000000238 3.141592654 -0.174494795 3.141592654
106 7.528259277 8.168074608 -1.232801437 2.914523197 0.488910412 -3.049034897
107 -54.911254883 -0.649677277 -0.176696777 1.572397591 0.411304586 0.049469981
108 -61.183189392 0.000000954 0.000001907 0.174037262 0.013709953 -0.309466751
109 8.588699341 -0.00000003 1.514417648 0 0 0
110 4.260505676 -21.349502563 -3.218471527 0.128941397 -0.126385778 -0.354493268
111 15.606666565 0 -0.000013113 -0.002166668 -0.167290588 0.028940365
112 15.853748322 0 -0.000007629 -0.115578104 -0.636831483 -0.107443568
113 15.151855469 -0.000007629 0 -0.188303225 -0.429141634 -0.297589285
114 11.149969101 0.000007629 -0.000007629 0.251655771 0.262957984 0.005108938
115 1.725067139 -0.142128021 11.160657883 -1.53502992 -0.792484196 -0.021449614
116 15.606674194 0 0 0.340315492 0.104788538 -0.697973228
117 15.853733063 -0.000007629 0 -0.064639801 -0.024516139 -0.594846341
118 15.151861191 0 0 -0.404304799 0.177237047 -0.673398715
119 11.149963379 0.000007629 0 0 0 0.120225295
120 6.67868042 -0.142132998 -16.932609558 1.571089252 -0.286377971 3.141550421
121 -15.606697083 0 0 0.017944225 -0.020841727 -0.135907588
122 -15.853752136 0.000007629 0.000006676 -0.089108169 0.052294365 -0.709926958
123 -15.151855469 0.000003815 -0.000001907 -0.136274229 0.193733712 -0.42762726
124 -11.14995575 -0.000007629 0.000006437 0 0 -0.042557367
125 2.507644653 15.939216614 6.722554207 -1.483054402 0.371285406 -2.916052815
126 -15.606689453 0 0 -0.266780156 0.006485014 1.075183277
127 -15.853742599 -0.000015259 0.000015259 -0.016444654 -0.20192205 0.838951335
128 -15.151853561 0.000007629 0.000003815 0.24602765 -0.080127032 0.793987965
129 -11.149963379 0 -0.000008583 0.142255873 0.007925704 0.047904434
130 2.507614136 -17.075353622 6.722565651 -1.350567614 -0.457497863 -0.409235703
131 15.606681824 0.000003815 0.000007629 0.009952039 -0.050162008 -0.147947428
132 15.853740692 0.000007629 0.000003815 0.030366755 -0.117092562 -0.461274549
133 15.151851654 0 0 -0.175014136 0.094547908 -0.417194267
134 11.149974823 0 -0.000015259 0.057922698 -0.031471782 0.039854664
135 5.893112183 15.939213753 -12.477539063 3.095324528 0.364929256 0.231988583
136 15.606666565 0.000007629 0.000022888 -0.009279815 0.117927657 0.024442071
137 15.853759766 -0.000007629 -0.000015259 0.081121948 0.661841679 0.036012089
138 15.151847839 0.000003815 0.000005722 0.071513231 0.570149013 -0.306929635
139 11.149959564 0 -0.000011444 0.032461553 0.047252234 0.014410906
140 5.893119812 -17.075357437 -12.477554321 1.702007257 -0.204501463 2.937335809
141 -15.606674194 -0.000003815 0.000007629 0.013260647 0.024327659 -0.222846438
142 -15.853744507 -0.000003815 -0.000011444 0.047559251 -0.091376468 -0.596814869
143 -15.151855469 -0.000007629 -0.000007629 -0.012760601 0.001432059 -0.334934492
144 -11.14995575 -0.000015259 -0.000003815 -0.348124336 -0.059716129 0.038824845
145 4.260475159 20.773921967 -3.218482971 0.025316223 0.0950972 -2.880305147
146 -15.606689453 0.000003815 0 0.0085877 -0.022389158 0.027182759
147 -15.853736877 0.000007629 -0.000015259 -0.001231485 0.653333701 -0.038605665
148 -15.151828766 0 0 0.018396171 0.658609297 0.092244166
149 -11.14994812 0.000003815 0 0.040664019 0.24589568 -0.093662225
150 7.528289795 -8.043749809 -1.232797623 -0.718930809 -0.211576451 0.03408159
151 54.911224365 0.649679184 0.176700592 1.652457144 -0.17546621 -0.393831287
152 61.183166504 -0.000003815 -0.000001907 0.542701548 0.211647802 0.109075119
153 -0.364088595 36.477970123 12.189170837 0.340633688 -0.000040147 0.000233438
154 -0.364086866 -2.758006096 4.994803905 0 0 0.000244115
155 -0.364086866 -2.758006096 4.994803905 0 0 0.000244115
156 -0.364086866 -2.758006096 4.994803905 0 0 0.000244115
157 -0.364086866 -2.758006096 4.994803905 0 0 0.000244115
158 -0.364086866 -2.758006096 4.994803905 0 0 0.000244115
159 -0.364086866 -2.758006096 4.994803905 0 0 0.000244115
160 -0.364086866 -2.758006096 4.994803905 0 0 0.000244115
161 -0.364086866 -2.758006096 4.994803905 0 0 0.000244115
162 -0.498048782 -4.95163393 0.510848999 0 0 0.000244115
163 -0.364086866 -2.758006096 4.994803905 0 0 0.000244115
time 7
0 -0.364086866 -2.758006096 4.994803905 0 0 0.000244115
1 -0.35591951 -10.773273415 3.436691046 0.270262457 -1.525697929 -1.953634619
2 130.809051514 0.00000003 -0.000000477 0 0 0
3 6.661987305 -0.142130047 2.521339893 3.124970539 0.013447951 0.018533982
4 24.360931396 0.000000238 0.000011444 -0.243052616 0.29975348 -0.153452697
5 24.806396484 -0.00000596 0.765966415 -0.661459611 -0.346092228 0.154750878
6 8.120269775 -0.000000954 0 0.753335506 0.097853246 -0.092282711
7 8.120315552 -0.000000477 -0.000003815 0 -0.880742373 0
8 8.120315552 -0.000000477 -0.000003815 -0.216192487 -1.369859591 0.175150136
9 5.115219116 7.517072678 -23.079307556 1.501763517 -0.35837646 0.015053389
10 -13.525115967 -0.000007629 0 0.118527967 -0.230056931 -0.191684394
11 -11.953025818 0 0 -0.185727213 -0.345747549 -0.925085047
12 -8.290390015 0.000015259 0 -0.584165495 0.076036634 -0.906262719
13 -7.875 0.000030518 0.000015259 -0.730749296 0.383005794 -0.076044391
14 -8.785797119 0.000034332 -0.000002861 -0.745087077 -0.148835876 0.581709515
15 -8.90372467 -0.000000954 -0.000015259 0.283609572 -0.06069105 0.295810873
16 5.903427124 12.714836121 -17.693180084 1.370188491 -0.37922568 -0.02939746
17 -13.525115967 0 0 0.099233957 -0.157037822 -0.252454832
18 -11.953041077 0.000015259 0.000001907 -0.160054503 -0.182007519 -0.91678994
19 -8.290382385 -0.000015259 0 -0.627719804 0.202531757 -0.800177896
20 -7.875 0.000030518 -0.000022888 -0.688779389 0.399623701 -0.128691648
21 -8.78578186 0.000041962 0 -0.745538537 -0.11573304 0.555729007
22 -8.9037323 0.000001907 0.000015259 0.1619965 -0.118463627 0.289390852
23 5.115203857 -7.60351944 -23.079330444 -1.554662072 0.381674365 -2.887288285
24 13.525115967 0 0.000003815 -0.047983571 0.229331929 -0.040815484
25 11.953033447 0.000015259 -0.000003815 0.261546277 0.369247907 -0.986599014
26 8.290397644 0.000015259 0.000015259 0.817048476 -0.162993385 -0.993258554
27 7.875 -0.000038147 0.000015259 0.549735518 -0.28564926 0.043861574
28 8.785797119 -0.000038147 -0.000003815 0.960525875 0.370797131 0.618384963
29 8.9037323 0.000001907 -0.000007629 -0.260601672 0.408555726 0.102111118
30 5.903396606 -12.801282883 -17.693202972 -1.598720893 0.442583503 -2.77991415
31 13.525115967 -0.000007629 -0.000007629 -0.064302161 0.206417075 0.00514551
32 11.953041077 0 -0.000007629 0.169684087 0.405880117 -0.94610033
33 8.290397644 -0.000007629 0.000015259 0.525443351 -0.024790079 -0.9521054
34 7.875 -0.000034332 0 0.288740208 -0.24839314 -0.146560452
35 8.78578186 -0.000041962 0 0.557831525 0.2502078 0.745273394
36 8.90372467 0.000003815 0 -0.252859887 0.430294566 0.085333944
37 4.435424805 0.000125885 -25.179958344 -3.117617043 0.363008552 -3.024970545
38 14.171035767 0.000020027 1.280700684 -0.110646645 -0.025756141 0.313063559
39 10.9765625 0.000019073 0.352539063 0.891254033 0.871207196 0.745984455
40 8.120292664 -0.000007629 0 0.65330539 0.888035818 -0.192554401
41 8.120285034 0.000015259 -0.000030518 0.745453068 0.034133621 -0.42829449
42 8.120330811 -0.000003815 -0.000015259 0.653464082 -0.400956968 0.24210835
43 8.120330811 0.000015259 0.000059128 -0.327342295 -0.221560709 0.188348225
44 7.146942139 16.179790497 -9.195617676 1.376844409 -0.303705466 -0.072871366
45 -13.525146484 0 0.000007629 -0.038559178 -0.070354074 0.310641596
46 -11.953025818 -0.000015259 -0.000007629 0.206913198 -0.448325906 -0.083553257
47 -8.290382385 0.000015259 0 -0.292925087 -0.326159918 -0.774500207
48 -7.875 0 -0.000004053 -1.202855366 0.156752967 -1.000773711
49 -8.78578186 0.000041962 0 -0.982185259 0.689090416 -0.31476225
50 -8.9037323 -0.000007629 0.000000477 0.162565955 0.00047449 0.093083487
51 7.146942139 -16.26625061 -9.19562149 -1.594435862 0.362965226 -2.75698367
52 13.525115967 0 0 -0.150360688 0.039042274 0.092590351
53 11.953041077 0.000015259 0.000007629 0.039171122 0.36624609 -0.848416217
54 8.290397644 0 -0.000007629 0.07411268 0.185329435 -0.944757879
55 7.875 -0.000015259 0 -0.214419097 0.047295456 -0.257945018
56 8.78578186 -0.000030518 0.000003815 -0.330631353 0.33053306 0.620997507
57 8.90372467 0.000007629 0 -0.346000019 0.348408879 0.023821651
58 -5.367340088 8.36690712 8.703117371 1.73326354 -0.626743046 -3.105705382
59 13.525127411 -0.000015259 -0.000003815 -0.296468905 -0.078299246 -0.169078084
60 -3.441894531 -10.792384148 9.377002716 1.669329332 -0.667825972 -2.983879618
61 13.525127411 0 0 -0.374367373 0.273794167 -0.175385344
62 11.953041077 0.000030518 0.000000954 -0.172065317 -0.454826532 0.423320392
63 8.290390015 -0.000015259 0.000007629 -0.498067097 -0.472973578 0.470378007
64 7.875 -0.000030518 0 -0.484524933 -0.178257995 -0.531445691
65 19.394897461 -14.052384377 -0.467084885 1.265569327 0.002982302 -2.570434553
66 26.240768433 -0.000007629 0.000007629 -0.247345724 -0.711416974 0.907062421
67 31.970993042 0 -0.000009537 -1.120779472 0.197073003 0.214466878
68 4.627256393 -2.311302185 4.18561554 -0.021512477 -0.254658869 -0.451859094
69 2.980098724 -0.000007629 0 -0.040823197 0.14004721 0.242069561
70 1.982421875 0.000019073 0.000015259 0.001822187 0.301463179 0.041313792
71 10.844877243 -1.281570435 -1.331703186 0.003154845 -0.01855101 -1.502721343
72 3.98828125 0 0.000022888 0.024656551 0.116612118 -1.30426207
73 2.26953125 0 -0.000022888 0.010246566 0.020303916 -1.235445909
74 10.908864975 -1.237388611 0.829566956 0.000310321 -0.017127522 -1.080773842
75 3.989433289 -0.000007629 0.000038147 -0.017094395 0.063933095 -0.820931553
76 3.478279114 -0.000011444 -0.000007629 0.020871359 -0.089122219 -0.920475708
77 10.291898727 -1.202156067 -3.344161987 0.018038834 -0.023865117 -1.537453755
78 2.757148743 -0.000003815 0.000015259 -0.189037437 -0.095635765 -1.291575263
79 1.775390625 0.000007629 -0.000022888 0.198076059 0.357239486 -1.30316968
80 10.971857071 -1.19392395 2.957328796 -0.013584398 -0.008265836 -1.191002703
81 3.82421875 -0.000007629 0.000030518 -0.000564038 0.00221466 -0.878740163
82 2.94140625 -0.000007629 0 0.003990639 0.006943878 -1.036024023
83 -0.000015259 0 -0.000003815 -0.340706191 0.159206997 -0.629605292
84 19.39491272 13.16059494 -0.467075348 -2.119801834 1.466973288 0.193856536
85 -26.240753174 0.000007629 0 0.380224312 -0.882581604 0.414962957
86 -31.971000671 0.000015259 -0.000003815 -1.328631512 0.320293047 -0.128711858
87 -11.614597321 3.933120728 0.069396973 -1.802668581 1.312146946 -2.815904167
88 -10.484516144 1.069213867 3.539878845 -3.131584703 0.028220486 2.411526648
89 2.757141113 0 0.000030518 -0.011712134 0.035128624 1.019560794
90 1.775390625 -0.000011444 -0.000015259 -0.221738067 -0.287537271 0.93062932
91 -11.046470642 1.142410278 1.529701233 -3.130487012 0.018259081 2.114134707
92 3.98828125 0.000011444 0.000038147 0.004872241 -0.009924216 1.610032301
93 2.26953125 0.000015259 0.000007629 -0.076539319 -0.095407065 1.438172442
94 -11.192642212 1.041542053 -2.758422852 -3.117198771 -0.000346999 2.401141927
95 3.82421875 0.000034332 0.000053406 0.00053161 0.002187187 1.610324685
96 8.785766602 -0.000045776 0 0.028889808 0.206538207 -0.655495889
97 2.94140625 0 -0.000022888 -0.004550553 0.006091757 1.767588569
98 -11.120113373 1.091545105 -0.631118774 -3.129851738 0.019072927 2.345867915
99 3.9894104 0.000001907 0.000045776 0.021444626 0.041947477 1.751021405
100 3.478288651 0.000038147 -0.000007629 -0.001306817 0.004312204 1.848998194
101 -4.853595734 2.155090332 -4.01852417 3.123057975 0.125574955 2.46129872
102 2.980098724 0.000003815 0 0.038574713 -0.163808097 -0.240289671
103 1.982421875 -0.000007629 0.000045776 0 0 -0.040571652
104 0.000007629 -0.000015259 -0.000011444 -0.01786834 -0.032037725 -0.918099438
105 7.08984375 0 -0.000000238 3.141592654 -0.174494795 3.141592654
106 7.528259277 8.168074608 -1.232801437 2.918431032 0.51774056 -3.046288395
107 -54.911254883 -0.649677277 -0.176696777 1.572951775 0.432991277 0.056538557
108 -61.183189392 0.000000954 0.000001907 0.174037262 0.013709953 -0.309466751
109 8.588699341 -0.00000003 1.514417648 0 0 0
110 4.260505676 -21.349502563 -3.218471527 0.124374353 -0.122902398 -0.369388938
111 15.606666565 0 -0.000013113 -0.013545531 -0.088324063 0.042507098
112 15.853748322 0 -0.000007629 -0.10605246 -0.607115545 -0.089456983
113 15.151855469 -0.000007629 0 -0.155711125 -0.571657447 -0.273250199
114 11.149969101 0.000007629 -0.000007629 0.229260106 0.272738093 -0.008569696
115 1.725067139 -0.142128021 11.160657883 -1.523581338 -0.818825205 -0.028011302
116 15.606674194 0 0 0.339817222 0.112988214 -0.695127751
117 15.853733063 -0.000007629 0 -0.05497937 -0.042323662 -0.544073555
118 15.151861191 0 0 -0.390098934 0.151744273 -0.797247628
119 11.149963379 0.000007629 0 0 0 0.128787247
120 6.67868042 -0.142132998 -16.932609558 1.571143582 -0.286008006 3.141542653
121 -15.606697083 0 0 0.037342777 -0.032496924 -0.0448182
122 -15.853752136 0.000007629 0.000006676 -0.069892172 0.035261551 -0.655256777
123 -15.151855469 0.000003815 -0.000001907 -0.138158101 0.172178779 -0.596521856
124 -11.14995575 -0.000007629 0.000006437 0 0 -0.032197537
125 2.507644653 15.939216614 6.722554207 -1.473301781 0.39294069 -2.902924087
126 -15.606689453 0 0 -0.246579192 0.013702313 1.050923932
127 -15.853742599 -0.000015259 0.000015259 0.00291046 -0.193659173 0.75028163
128 -15.151853561 0.000007629 0.000003815 0.225948164 -0.102365727 0.907628292
129 -11.149963379 0 -0.000008583 0.125380405 0.00656013 0.036046369
130 2.507614136 -17.075353622 6.722565651 -1.350962035 -0.453618123 -0.40826792
131 15.606681824 0.000003815 0.000007629 -0.010173587 -0.060460192 -0.080804113
132 15.853740692 0.000007629 0.000003815 0.023430932 -0.132018166 -0.453957059
133 15.151851654 0 0 -0.165121816 0.055143793 -0.550777522
134 11.149974823 0 -0.000015259 0.056494187 -0.030863832 0.043780471
135 5.893112183 15.939213753 -12.477539063 3.093222432 0.360309582 0.237454947
136 15.606666565 0.000007629 0.000022888 -0.030598405 0.007388662 0.037096223
137 15.853759766 -0.000007629 -0.000015259 0.084584754 0.575297841 0.063328389
138 15.151847839 0.000003815 0.000005722 0.030008031 0.702518127 -0.291065813
139 11.149959564 0 -0.000011444 0.031928671 0.038894464 0.008046663
140 5.893119812 -17.075357437 -12.477554321 1.698989847 -0.205330862 2.935873883
141 -15.606674194 -0.000003815 0.000007629 0.036848095 0.030623041 -0.148772554
142 -15.853744507 -0.000003815 -0.000011444 0.048455622 -0.096782162 -0.561904287
143 -15.151855469 -0.000007629 -0.000007629 -0.005221927 -0.02548932 -0.517238573
144 -11.14995575 -0.000015259 -0.000003815 -0.346353416 -0.053385123 0.054663671
145 4.260475159 20.773921967 -3.218482971 0.025984319 0.094875369 -2.873215124
146 -15.606689453 0.000003815 0 0.031387487 -0.138930336 0.016508025
147 -15.853736877 0.000007629 -0.000015259 -0.007407182 0.566909848 -0.054128621
148 -15.151828766 0 0 0.035006324 0.775753548 0.102738774
149 -11.14994812 0.000003815 0 0.042267343 0.245174508 -0.086509743
150 7.528289795 -8.043749809 -1.232797623 -0.718584178 -0.190164716 0.034027355
151 54.911224365 0.649679184 0.176700592 1.657147986 -0.210847593 -0.418682351
152 61.183166504 -0.000003815 -0.000001907 0.542701548 0.211647802 0.109075119
153 -0.364088595 36.477970123 12.189170837 0.340633688 -0.000040147 0.000233438
154 -0.364086866 -2.758006096 4.994803905 0 0 0.000244115
155 -0.364086866 -2.758006096 4.994803905 0 0 0.000244115
156 -0.364086866 -2.758006096 4.994803905 0 0 0.000244115
157 -0.364086866 -2.758006096 4.994803905 0 0 0.000244115
158 -0.364086866 -2.758006096 4.994803905 0 0 0.000244115
159 -0.364086866 -2.758006096 4.994803905 0 0 0.000244115
160 -0.364086866 -2.758006096 4.994803905 0 0 0.000244115
161 -0.364086866 -2.758006096 4.994803905 0 0 0.000244115
162 -0.498048782 -4.95163393 0.510848999 0 0 0.000244115
163 -0.364086866 -2.758006096 4.994803905 0 0 0.000244115
time 8
0 -0.364086866 -2.758006096 4.994803905 0 0 0.000244115
1 -0.355919421 -12.741685046 3.436691046 0.334762999 -1.520865963 -2.0452427
2 130.809051514 0.00000003 -0.000000477 0 0 0
3 6.661987305 -0.142130047 2.521339893 3.133690644 0.013368055 0.0188514
4 24.360931396 0.000000238 0.000011444 -0.271964471 0.328066786 -0.177721552
5 24.806396484 -0.00000596 0.765966415 -0.624554747 -0.346562205 0.159421366
6 8.120269775 -0.000000954 0 0.737345928 0.097892976 -0.092204469
7 8.120315552 -0.000000477 -0.000003815 0 -0.880742373 0
8 8.120315552 -0.000000477 -0.000003815 -0.216192487 -1.369859591 0.175150136
9 5.115219116 7.517072678 -23.079307556 1.501763517 -0.35837646 0.015053389
10 -13.525115967 -0.000007629 0 0.118331989 -0.231209371 -0.052843498
11 -11.953025818 0 0 -0.156127573 -0.421080929 -0.831894854
12 -8.290390015 0.000015259 0 -0.610529757 -0.010331533 -1.001820156
13 -7.875 0.000030518 0.000015259 -0.783450928 0.413254469 -0.240634544
14 -8.785797119 0.000034332 -0.000002861 -0.693713947 0.012921115 0.454134953
15 -8.90372467 -0.000000954 -0.000015259 0.28705148 -0.040463977 0.321859613
16 5.903427124 12.714836121 -17.693180084 1.370188491 -0.37922568 -0.02939746
17 -13.525115967 0 0 0.105758926 -0.176587656 -0.12223785
18 -11.953041077 0.000015259 0.000001907 -0.12441983 -0.251420085 -0.839786527
19 -8.290382385 -0.000015259 0 -0.639593713 0.143908111 -0.891792307
20 -7.875 0.000030518 -0.000022888 -0.748360922 0.445384808 -0.290328155
21 -8.78578186 0.000041962 0 -0.703257182 0.058577906 0.425072505
22 -8.9037323 0.000001907 0.000015259 0.159615087 -0.101587677 0.31977397
23 5.115203857 -7.60351944 -23.079330444 -1.554662072 0.381674365 -2.887288285
24 13.525115967 0 0.000003815 -0.042343858 0.207526481 0.106580602
25 11.953033447 0.000015259 -0.000003815 0.244353594 0.44762131 -0.842576402
26 8.290397644 0.000015259 0.000015259 0.850854862 -0.067250425 -1.116673016
27 7.875 -0.000038147 0.000015259 0.613731462 -0.39012313 -0.129931342
28 8.785797119 -0.000038147 -0.000003815 0.867529715 0.158717096 0.507203133
29 8.9037323 0.000001907 -0.000007629 -0.260708186 0.408541702 0.137329183
30 5.903396606 -12.801282883 -17.693202972 -1.598720893 0.442583503 -2.77991415
31 13.525115967 -0.000007629 -0.000007629 -0.057837082 0.173711582 0.143754649
32 11.953041077 0 -0.000007629 0.183447866 0.455858403 -0.763550419
33 8.290397644 -0.000007629 0.000015259 0.540455748 0.072376675 -1.068782068
34 7.875 -0.000034332 0 0.373765942 -0.310484501 -0.357296998
35 8.78578186 -0.000041962 0 0.454836448 0.069008866 0.531662853
36 8.90372467 0.000003815 0 -0.259306303 0.425693822 0.115770647
37 4.435424805 0.000125885 -25.179958344 -3.117617043 0.363008552 -3.024970545
38 14.171035767 0.000020027 1.280700684 -0.148725275 -0.177921178 0.301395308
39 10.9765625 0.000019073 0.352539063 0.808447234 0.724619545 0.743037764
40 8.120292664 -0.000007629 0 0.807697113 1.003057261 -0.028909501
41 8.120285034 0.000015259 -0.000030518 0.73359605 0.185913002 -0.503833287
42 8.120330811 -0.000003815 -0.000015259 0.697045923 -0.320830205 0.015454695
43 8.120330811 0.000015259 0.000059128 -0.32745497 -0.252544089 0.174201354
44 7.146942139 16.179790497 -9.195617676 1.376844409 -0.303705466 -0.072871366
45 -13.525146484 0 0.000007629 -0.038559178 -0.070354074 0.310641596
46 -11.953025818 -0.000015259 -0.000007629 0.174616718 -0.444709737 0.084936985
47 -8.290382385 0.000015259 0 -0.265642963 -0.360704007 -0.621626598
48 -7.875 0 -0.000004053 -1.143014867 0.072198615 -1.051868186
49 -8.78578186 0.000041962 0 -1.12416418 0.732579061 -0.518322069
50 -8.9037323 -0.000007629 0.000000477 0.15454767 0.015896703 0.122774341
51 7.146942139 -16.26625061 -9.19562149 -1.594435862 0.362965226 -2.75698367
52 13.525115967 0 0 -0.156345822 0.0169874 0.217122542
53 11.953041077 0.000015259 0.000007629 0.082257229 0.378871499 -0.645995384
54 8.290397644 0 -0.000007629 0.095014007 0.258924919 -1.047263316
55 7.875 -0.000015259 0 -0.154346443 0.028897187 -0.479051164
56 8.78578186 -0.000030518 0.000003815 -0.414713232 0.274199381 0.327150244
57 8.90372467 0.000007629 0 -0.355618772 0.340988695 0.052500239
58 -5.367340088 8.36690712 8.703117371 1.719515186 -0.551080096 -3.095420873
59 13.525127411 -0.000015259 -0.000003815 -0.296468905 -0.078299246 -0.169078084
60 -3.441894531 -10.792384148 9.377002716 1.65831804 -0.589703172 -2.973991408
61 13.525127411 0 0 -0.408081361 0.270781319 -0.27626738
62 11.953041077 0.000030518 0.000000954 -0.128431518 -0.434791623 0.446759729
63 8.290390015 -0.000015259 0.000007629 -0.505351044 -0.465572981 0.638540363
64 7.875 -0.000030518 0 -0.489167468 -0.311918298 -0.349189827
65 19.394897461 -14.052384377 -0.467084885 1.219464999 0.059918741 -2.526044638
66 26.240768433 -0.000007629 0.000007629 -0.289899127 -0.696763623 0.964991949
67 31.970993042 0 -0.000009537 -1.120779472 0.197073003 0.214466878
68 4.627256393 -2.311302185 4.18561554 -0.021512477 -0.254658869 -0.451859094
69 2.980098724 -0.000007629 0 -0.040823197 0.14004721 0.242069561
70 1.982421875 0.000019073 0.000015259 0.001822187 0.301463179 0.041313792
71 10.844877243 -1.281570435 -1.331703186 0.003154845 -0.01855101 -1.502721343
72 3.98828125 0 0.000022888 0.024656551 0.116612118 -1.30426207
73 2.26953125 0 -0.000022888 0.010246566 0.020303916 -1.235445909
74 10.908864975 -1.237388611 0.829566956 0.000186182 -0.017054558 -1.071423789
75 3.989433289 -0.000007629 0.000038147 -0.017577931 0.063206277 -0.811618475
76 3.478279114 -0.000011444 -0.000007629 0.021067057 -0.090266658 -0.91118067
77 10.291898727 -1.202156067 -3.344161987 0.018038834 -0.023865117 -1.537453755
78 2.757148743 -0.000003815 0.000015259 -0.193117758 -0.095576434 -1.291569543
79 1.775390625 0.000007629 -0.000022888 0.198076059 0.357239486 -1.30316968
80 10.971857071 -1.19392395 2.957328796 -0.0136002 -0.008080927 -1.18142615
81 3.82421875 -0.000007629 0.000030518 -0.000631774 0.002180978 -0.869213332
82 2.94140625 -0.000007629 0 0.003906084 0.006957607 -1.026499348
83 -0.000015259 0 -0.000003815 -0.340706191 0.159206997 -0.629605292
84 19.39491272 13.16059494 -0.467075348 1.041569027 1.428228423 -2.868500906
85 -26.240753174 0.000007629 0 0.303114906 -0.872513931 0.45688418
86 -31.971000671 0.000015259 -0.000003815 -1.328631512 0.320293047 -0.128711858
87 -11.614597321 3.933120728 0.069396973 -1.715711674 1.343175446 -2.728953267
88 -10.484516144 1.069213867 3.539878845 -3.131584703 0.028220486 2.411526648
89 2.757141113 0 0.000030518 -0.011712134 0.035128624 1.019560794
90 1.775390625 -0.000011444 -0.000015259 -0.220869895 -0.288070536 0.927827251
91 -11.046470642 1.142410278 1.529701233 -3.130487012 0.018259081 2.114134707
92 3.98828125 0.000011444 0.000038147 0.004872241 -0.009924216 1.610032301
93 2.26953125 0.000015259 0.000007629 -0.076539319 -0.095407065 1.438172442
94 -11.192642212 1.041542053 -2.758422852 -3.117199473 -0.000393282 2.404936485
95 3.82421875 0.000034332 0.000053406 0.00053161 0.002187187 1.610324685
96 8.785766602 -0.000045776 0 0.028889808 0.206538207 -0.655495889
97 2.94140625 0 -0.000022888 -0.004550553 0.006091757 1.767588569
98 -11.120113373 1.091545105 -0.631118774 -3.129825858 0.019056973 2.348582843
99 3.9894104 0.000001907 0.000045776 0.021444626 0.041947477 1.751021405
100 3.478288651 0.000038147 -0.000007629 -0.001306817 0.004312204 1.848998194
101 -4.853595734 2.155090332 -4.01852417 3.123057975 0.125574955 2.46129872
102 2.980098724 0.000003815 0 0.038574713 -0.163808097 -0.240289671
103 1.982421875 -0.000007629 0.000045776 0 0 -0.040571652
104 0.000007629 -0.000015259 -0.000011444 -0.01786834 -0.032037725 -0.918099438
105 7.08984375 0 -0.000000238 3.141592654 -0.174494795 3.141592654
106 7.528259277 8.168074608 -1.232801437 2.922885221 0.547836165 -3.043165458
107 -54.911254883 -0.649677277 -0.176696777 1.573592858 0.456932005 0.064389867
108 -61.183189392 0.000000954 0.000001907 0.174037262 0.013709953 -0.309466751
109 8.588699341 -0.00000003 1.514417648 0 0 0
110 4.260505676 -21.349502563 -3.218471527 0.11951083 -0.11913634 -0.385422985
111 15.606666565 0 -0.000013113 -0.024240562 -0.021185785 0.054650094
112 15.853748322 0 -0.000007629 -0.10056837 -0.561722252 -0.070390696
113 15.151855469 -0.000007629 0 -0.137759921 -0.673760755 -0.243797243
114 11.149969101 0.000007629 -0.000007629 0.205379673 0.283264969 -0.023205531
115 1.725067139 -0.142128021 11.160657883 -1.511099601 -0.847022785 -0.034953965
116 15.606674194 0 0 0.339300368 0.121861505 -0.692477895
117 15.853733063 -0.000007629 0 -0.049997921 -0.065005025 -0.462553214
118 15.151861191 0 0 -0.376478183 0.1230925 -0.889082465
119 11.149963379 0.000007629 0 0 0 0.137957207
120 6.67868042 -0.142132998 -16.932609558 1.571090153 -0.285514681 3.14155042
121 -15.606697083 0 0 0.054214006 -0.043780312 0.028438436
122 -15.853752136 0.000007629 0.000006676 -0.05040044 0.017278167 -0.581219721
123 -15.151855469 0.000003815 -0.000001907 -0.130846895 0.145488412 -0.700947666
124 -11.14995575 -0.000007629 0.000006437 0 0 -0.020630073
125 2.507644653 15.939216614 6.722554207 -1.46261099 0.416898115 -2.888026618
126 -15.606689453 0 0 -0.22488347 0.021427848 1.024332138
127 -15.853742599 -0.000015259 0.000015259 0.027165646 -0.18005269 0.620088789
128 -15.151853561 0.000007629 0.000003815 0.216275993 -0.119698797 0.982028746
129 -11.149963379 0 -0.000008583 0.107322426 0.005079427 0.022920981
130 2.507614136 -17.075353622 6.722565651 -1.351343208 -0.450054401 -0.407420685
131 15.606681824 0.000003815 0.000007629 -0.030681092 -0.069376258 -0.019407392
132 15.853740692 0.000007629 0.000003815 0.013307125 -0.146466472 -0.430621701
133 15.151851654 0 0 -0.156120919 0.020059485 -0.655532259
134 11.149974823 0 -0.000015259 0.05506973 -0.030082635 0.04788283
135 5.893112183 15.939213753 -12.477539063 3.090898382 0.355040287 0.243247021
136 15.606666565 0.000007629 0.000022888 -0.050132351 -0.080486493 0.049551054
137 15.853759766 -0.000007629 -0.000015259 0.082154912 0.465441475 0.085812184
138 15.151847839 0.000003815 0.000005722 0.008842472 0.771691969 -0.258491143
139 11.149959564 0 -0.000011444 0.031442888 0.030023438 0.001249123
140 5.893119812 -17.075357437 -12.477554321 1.69596858 -0.206289008 2.934404974
141 -15.606674194 -0.000003815 0.000007629 0.059106313 0.033789814 -0.08738301
142 -15.853744507 -0.000003815 -0.000011444 0.050127954 -0.100642954 -0.512041094
143 -15.151855469 -0.000007629 -0.000007629 0.004366 -0.047291197 -0.638775212
144 -11.14995575 -0.000015259 -0.000003815 -0.344433172 -0.046656444 0.071488175
145 4.260475159 20.773921967 -3.218482971 0.026753632 0.094633429 -2.865768333
146 -15.606689453 0.000003815 0 0.053188036 -0.233287463 0.005242039
147 -15.853736877 0.000007629 -0.000015259 -0.008724152 0.452763779 -0.06747997
148 -15.151828766 0 0 0.04805041 0.836030562 0.10299266
149 -11.14994812 0.000003815 0 0.04384225 0.244430336 -0.078841477
150 7.528289795 -8.043749809 -1.232797623 -0.718228596 -0.168805353 0.033902749
151 54.911224365 0.649679184 0.176700592 1.656772305 -0.208324041 -0.416843487
152 61.183166504 -0.000003815 -0.000001907 0.542701548 0.211647802 0.109075119
153 -0.364088595 36.477970123 12.189170837 0.340633688 -0.000040147 0.000233438
154 -0.364086866 -2.758006096 4.994803905 0 0 0.000244115
155 -0.364086866 -2.758006096 4.994803905 0 0 0.000244115
156 -0.364086866 -2.758006096 4.994803905 0 0 0.000244115
157 -0.364086866 -2.758006096 4.994803905 0 0 0.000244115
158 -0.364086866 -2.758006096 4.994803905 0 0 0.000244115
159 -0.364086866 -2.758006096 4.994803905 0 0 0.000244115
160 -0.364086866 -2.758006096 4.994803905 0 0 0.000244115
161 -0.364086866 -2.758006096 4.994803905 0 0 0.000244115
162 -0.498048782 -4.95163393 0.510848999 0 0 0.000244115
163 -0.364086866 -2.758006096 4.994803905 0 0 0.000244115
time 9
0 -0.364086866 -2.758006096 4.994803905 0 0 0.000244115
1 -0.355919331 -14.873482895 3.436691046 0.401375468 -1.515950732 -2.139728004
2 130.809051514 0.00000003 -0.000000477 0 0 0
3 6.661987305 -0.142130047 2.521339893 -3.140170508 0.013279857 0.019172481
4 24.360931396 0.000000238 0.000011444 -0.29800572 0.355173952 -0.200268937
5 24.806396484 -0.00000596 0.765966415 -0.589193369 -0.346962959 0.163958217
6 8.120269775 -0.000000954 0 0.720017208 0.09787857 -0.092198304
7 8.120315552 -0.000000477 -0.000003815 0 -0.880742373 0
8 8.120315552 -0.000000477 -0.000003815 -0.216192487 -1.369859591 0.175150136
9 5.115219116 7.517072678 -23.079307556 1.501763517 -0.35837646 0.015053389
10 -13.525115967 -0.000007629 0 0.118488205 -0.222155694 0.068138853
11 -11.953025818 0 0 -0.145965126 -0.487046701 -0.693615912
12 -8.290390015 0.000015259 0 -0.619313885 -0.111845684 -1.075943562
13 -7.875 0.000030518 0.000015259 -0.846977278 0.424028822 -0.396421393
14 -8.785797119 0.000034332 -0.000002861 -0.66645849 0.158800029 0.322808088
15 -8.90372467 -0.000000954 -0.000015259 0.291196989 -0.019676316 0.346911341
16 5.903427124 12.714836121 -17.693180084 1.370188491 -0.37922568 -0.02939746
17 -13.525115967 0 0 0.109150968 -0.185660366 -0.006959493
18 -11.953041077 0.000015259 0.000001907 -0.097829301 -0.318603655 -0.729147484
19 -8.290382385 -0.000015259 0 -0.634799443 0.070012071 -0.964742597
20 -7.875 0.000030518 -0.000022888 -0.817855578 0.46745376 -0.44387167
21 -8.78578186 0.000041962 0 -0.684457779 0.211765904 0.296341482
22 -8.9037323 0.000001907 0.000015259 0.157320368 -0.084584173 0.34895206
23 5.115203857 -7.60351944 -23.079330444 -1.554662072 0.381674365 -2.887288285
24 13.525115967 0 0.000003815 -0.042013495 0.177484361 0.226811498
25 11.953033447 0.000015259 -0.000003815 0.261226318 0.503335383 -0.633849401
26 8.290397644 0.000015259 0.000015259 0.856008087 0.047949608 -1.20571167
27 7.875 -0.000038147 0.000015259 0.710743533 -0.465072287 -0.312292631
28 8.785797119 -0.000038147 -0.000003815 0.802211712 -0.050511581 0.391137811
29 8.9037323 0.000001907 -0.000007629 -0.2609472 0.408523903 0.170971872
30 5.903396606 -12.801282883 -17.693202972 -1.598720893 0.442583503 -2.77991415
31 13.525115967 -0.000007629 -0.000007629 -0.05780737 0.136323446 0.251997181
32 11.953041077 0 -0.000007629 0.225840963 0.472690515 -0.525777883
33 8.290397644 -0.000007629 0.000015259 0.535356348 0.186299877 -1.140989125
34 7.875 -0.000034332 0 0.481691229 -0.337195438 -0.56027495
35 8.78578186 -0.000041962 0 0.404518704 -0.108407639 0.310613462
36 8.90372467 0.000003815 0 -0.266554358 0.420197726 0.144877001
37 4.435424805 0.000125885 -25.179958344 -3.117617043 0.363008552 -3.024970545
38 14.171035767 0.000020027 1.280700684 -0.178359716 -0.304037519 0.282222654
39 10.9765625 0.000019073 0.352539063 0.696316211 0.547341238 0.704156491
40 8.120292664 -0.000007629 0 1.039261218 1.064345958 0.230870356
41 8.120285034 0.000015259 -0.000030518 0.729476158 0.331970676 -0.566235147
42 8.120330811 -0.000003815 -0.000015259 0.724175617 -0.22257686 -0.176506223
43 8.120330811 0.000015259 0.000059128 -0.32757903 -0.282173342 0.159278999
44 7.146942139 16.179790497 -9.195617676 1.376844409 -0.303705466 -0.072871366
45 -13.525146484 0 0.000007629 -0.038559178 -0.070354074 0.310641596
46 -11.953025818 -0.000015259 -0.000007629 0.149429943 -0.428284854 0.220900722
47 -8.290382385 0.000015259 0 -0.250934785 -0.374182512 -0.445428731
48 -7.875 0 -0.000004053 -1.062384517 -0.016784756 -1.062210401
49 -8.78578186 0.000041962 0 -1.263545736 0.730106475 -0.71913265
50 -8.9037323 -0.000007629 0.000000477 0.146930647 0.031640264 0.151264762
51 7.146942139 -16.26625061 -9.19562149 -1.594435862 0.362965226 -2.75698367
52 13.525115967 0 0 -0.164002299 -0.008676683 0.313254825
53 11.953041077 0.000015259 0.000007629 0.13556445 0.360774661 -0.411150931
54 8.290397644 0 -0.000007629 0.115829107 0.339866659 -1.091230747
55 7.875 -0.000015259 0 -0.078681562 0.029813975 -0.676664907
56 8.78578186 -0.000030518 0.000003815 -0.444450851 0.205400684 0.029047739
57 8.90372467 0.000007629 0 -0.365457696 0.332479676 0.080112096
58 -5.367340088 8.36690712 8.703117371 1.703991366 -0.486373568 -3.080817667
59 13.525127411 -0.000015259 -0.000003815 -0.296468905 -0.078299246 -0.169078084
60 -3.441894531 -10.792384148 9.377002716 1.644076997 -0.521832674 -2.958539763
61 13.525127411 0 0 -0.436670546 0.257775477 -0.381339953
62 11.953041077 0.000030518 0.000000954 -0.075519388 -0.406492862 0.4274171
63 8.290390015 -0.000015259 0.000007629 -0.498900973 -0.444145491 0.78283698
64 7.875 -0.000030518 0 -0.514040286 -0.415997113 -0.13643007
65 19.394897461 -14.052384377 -0.467084885 1.173878509 0.113208861 -2.482117172
66 26.240768433 -0.000007629 0.000007629 -0.33036595 -0.682036998 1.023116806
67 31.970993042 0 -0.000009537 -1.120779472 0.197073003 0.214466878
68 4.627256393 -2.311302185 4.18561554 -0.021512477 -0.254658869 -0.451859094
69 2.980098724 -0.000007629 0 -0.040823197 0.14004721 0.242069561
70 1.982421875 0.000019073 0.000015259 0.001822187 0.301463179 0.041313792
71 10.844877243 -1.281570435 -1.331703186 0.003154845 -0.01855101 -1.502721343
72 3.98828125 0 0.000022888 0.024656551 0.116612118 -1.30426207
73 2.26953125 0 -0.000022888 0.010246566 0.020303916 -1.235445909
74 10.908864975 -1.237388611 0.829566956 -0.000010631 -0.017024526 -1.062199214
75 3.989433289 -0.000007629 0.000038147 -0.018029334 0.06259672 -0.802513033
76 3.478279114 -0.000011444 -0.000007629 0.021302292 -0.091297184 -0.902097105
77 10.291898727 -1.202156067 -3.344161987 0.018038834 -0.023865117 -1.537453755
78 2.757148743 -0.000003815 0.000015259 -0.197146898 -0.09558665 -1.291564723
79 1.775390625 0.000007629 -0.000022888 0.198076059 0.357239486 -1.30316968
80 10.971857071 -1.19392395 2.957328796 -0.013685521 -0.00794542 -1.172087373
81 3.82421875 -0.000007629 0.000030518 -0.000621505 0.002183927 -0.859802353
82 2.94140625 -0.000007629 0 0.003938744 0.006939171 -1.017098632
83 -0.000015259 0 -0.000003815 -0.340706191 0.159206997 -0.629605292
84 19.39491272 13.16059494 -0.467075348 1.06142358 1.192515233 -2.793635245
85 -26.240753174 0.000007629 0 0.229340786 -0.860340847 0.496878497
86 -31.971000671 0.000015259 -0.000003815 -1.328631512 0.320293047 -0.128711858
87 -11.614597321 3.933120728 0.069396973 -1.632111612 1.372955078 -2.645484138
88 -10.484516144 1.069213867 3.539878845 -3.131584703 0.028220486 2.411526648
89 2.757141113 0 0.000030518 -0.011712134 0.035128624 1.019560794
90 1.775390625 -0.000011444 -0.000015259 -0.219986675 -0.28861243 0.924928127
91 -11.046470642 1.142410278 1.529701233 -3.130487012 0.018259081 2.114134707
92 3.98828125 0.000011444 0.000038147 0.004872241 -0.009924216 1.610032301
93 2.26953125 0.000015259 0.000007629 -0.076539319 -0.095407065 1.438172442
94 -11.192642212 1.041542053 -2.758422852 -3.117169333 -0.000520108 2.408727038
95 3.82421875 0.000034332 0.000053406 0.00053161 0.002187187 1.610324685
96 8.785766602 -0.000045776 0 0.028889808 0.206538207 -0.655495889
97 2.94140625 0 -0.000022888 -0.004550553 0.006091757 1.767588569
98 -11.120113373 1.091545105 -0.631118774 -3.129800016 0.019040993 2.351296151
99 3.9894104 0.000001907 0.000045776 0.021444626 0.041947477 1.751021405
100 3.478288651 0.000038147 -0.000007629 -0.001306817 0.004312204 1.848998194
101 -4.853595734 2.155090332 -4.01852417 3.123057975 0.125574955 2.46129872
102 2.980098724 0.000003815 0 0.038574713 -0.163808097 -0.240289671
103 1.982421875 -0.000007629 0.000045776 0 0 -0.040571652
104 0.000007629 -0.000015259 -0.000011444 -0.01786834 -0.032037725 -0.918099438
105 7.08984375 0 -0.000000238 3.141592654 -0.174494795 3.141592654
106 7.528259277 8.168074608 -1.232801437 2.927676722 0.578848853 -3.039830561
107 -54.911254883 -0.649677277 -0.176696777 1.574335285 0.482898077 0.072797239
108 -61.183189392 0.000000954 0.000001907 0.174037262 0.013709953 -0.309466751
109 8.588699341 -0.00000003 1.514417648 0 0 0
110 4.260505676 -21.349502563 -3.218471527 0.114497164 -0.115184114 -0.402091919
111 15.606666565 0 -0.000013113 -0.034113234 0.035046072 0.064429513
112 15.853748322 0 -0.000007629 -0.097593247 -0.505089774 -0.050850818
113 15.151855469 -0.000007629 0 -0.133242145 -0.741772323 -0.207821335
114 11.149969101 0.000007629 -0.000007629 0.180553288 0.294207436 -0.03845498
115 1.725067139 -0.142128021 11.160657883 -1.497796977 -0.876450356 -0.042110827
116 15.606674194 0 0 0.338723286 0.130997779 -0.689900978
117 15.853733063 -0.000007629 0 -0.0493282 -0.091803524 -0.356014263
118 15.151861191 0 0 -0.362243961 0.089991921 -0.942246539
119 11.149963379 0.000007629 0 0 0 0.147476289
120 6.67868042 -0.142132998 -16.932609558 1.571036474 -0.285021413 3.141558196
121 -15.606697083 0 0 0.06855153 -0.054384396 0.085771734
122 -15.853752136 0.000007629 0.000006676 -0.032342709 -0.000987201 -0.496624271
123 -15.151855469 0.000003815 -0.000001907 -0.117089843 0.116597554 -0.753136191
124 -11.14995575 -0.000007629 0.000006437 0 0 -0.0081138
125 2.507644653 15.939216614 6.722554207 -1.450942039 0.4429161 -2.871509095
126 -15.606689453 0 0 -0.202220622 0.029485514 0.995565603
127 -15.853742599 -0.000015259 0.000015259 0.050360494 -0.161100816 0.462291917
128 -15.151853561 0.000007629 0.000003815 0.21641221 -0.13346494 1.006835477
129 -11.149963379 0 -0.000008583 0.088520164 0.003588624 0.008712716
130 2.507614136 -17.075353622 6.722565651 -1.35171262 -0.446874434 -0.406639465
131 15.606681824 0.000003815 0.000007629 -0.050604331 -0.075712607 0.035789867
132 15.853740692 0.000007629 0.000003815 0.000761284 -0.1607366 -0.393489315
133 15.151851654 0 0 -0.149261409 -0.011850748 -0.732680931
134 11.149974823 0 -0.000015259 0.05355991 -0.029298139 0.052158154
135 5.893112183 15.939213753 -12.477539063 3.088530024 0.349275766 0.249310426
136 15.606666565 0.000007629 0.000022888 -0.067332714 -0.148079847 0.061208852
137 15.853759766 -0.000007629 -0.000015259 0.075203692 0.346277267 0.103769964
138 15.151847839 0.000003815 0.000005722 0.0064473 0.784257209 -0.209390931
139 11.149959564 0 -0.000011444 0.030930556 0.020722473 -0.005809042
140 5.893119812 -17.075357437 -12.477554321 1.6928241 -0.207200365 2.932893622
141 -15.606674194 -0.000003815 0.000007629 0.079253416 0.034303891 -0.037088963
142 -15.853744507 -0.000003815 -0.000011444 0.052353564 -0.10318787 -0.452895961
143 -15.151855469 -0.000007629 -0.000007629 0.014034144 -0.064883558 -0.712998347
144 -11.14995575 -0.000015259 -0.000003815 -0.342431197 -0.039576215 0.089049194
145 4.260475159 20.773921967 -3.218482971 0.027468957 0.094478788 -2.857882332
146 -15.606689453 0.000003815 0 0.073378582 -0.306657789 -0.006188494
147 -15.853736877 0.000007629 -0.000015259 -0.00633264 0.325648802 -0.078474289
148 -15.151828766 0 0 0.054491768 0.839719764 0.091287547
149 -11.14994812 0.000003815 0 0.045366426 0.243666955 -0.07083439
150 7.528289795 -8.043749809 -1.232797623 -0.7179689 -0.147433371 0.03387793
151 54.911224365 0.649679184 0.176700592 1.655334525 -0.201321682 -0.411468666
152 61.183166504 -0.000003815 -0.000001907 0.542701548 0.211647802 0.109075119
153 -0.364088595 36.477970123 12.189170837 0.340633688 -0.000040147 0.000233438
154 -0.364086866 -2.758006096 4.994803905 0 0 0.000244115
155 -0.364086866 -2.758006096 4.994803905 0 0 0.000244115
156 -0.364086866 -2.758006096 4.994803905 0 0 0.000244115
157 -0.364086866 -2.758006096 4.994803905 0 0 0.000244115
158 -0.364086866 -2.758006096 4.994803905 0 0 0.000244115
159 -0.364086866 -2.758006096 4.994803905 0 0 0.000244115
160 -0.364086866 -2.758006096 4.994803905 0 0 0.000244115
161 -0.364086866 -2.758006096 4.994803905 0 0 0.000244115
162 -0.498048782 -4.95163393 0.510848999 0 0 0.000244115
163 -0.364086866 -2.758006096 4.994803905 0 0 0.000244115
time 10
0 -0.364086866 -2.758006096 4.994803905 0 0 0.000244115
1 -0.355919242 -17.145325937 3.436691046 0.468874105 -1.511082309 -2.23495272
2 130.809051514 0.00000003 -0.000000477 0 0 0
3 6.661987305 -0.142130047 2.521339893 -3.130155233 0.013181731 0.019584022
4 24.360931396 0.000000238 0.000011444 -0.320719707 0.379982844 -0.220417058
5 24.806396484 -0.00000596 0.765966415 -0.556822445 -0.347303917 0.16802811
6 8.120269775 -0.000000954 0 0.701544479 0.097900093 -0.092225243
7 8.120315552 -0.000000477 -0.000003815 0 -0.880742373 0
8 8.120315552 -0.000000477 -0.000003815 -0.216192487 -1.369859591 0.175150136
9 5.115219116 7.517072678 -23.079307556 1.501763517 -0.35837646 0.015053389
10 -13.525115967 -0.000007629 0 0.120745331 -0.206736205 0.16722515
11 -11.953025818 0 0 -0.160644041 -0.530919737 -0.511706693
12 -8.290390015 0.000015259 0 -0.610770227 -0.224316234 -1.120085164
13 -7.875 0.000030518 0.000015259 -0.918062124 0.414922772 -0.545588199
14 -8.785797119 0.000034332 -0.000002861 -0.66240185 0.287044147 0.192711564
15 -8.90372467 -0.000000954 -0.000015259 0.296008866 0.001230036 0.369781071
16 5.903427124 12.714836121 -17.693180084 1.370188491 -0.37922568 -0.02939746
17 -13.525115967 0 0 0.111787946 -0.186563568 0.089598704
18 -11.953041077 0.000015259 0.000001907 -0.08676563 -0.37604917 -0.584533974
19 -8.290382385 -0.000015259 0 -0.612173744 -0.016658979 -1.012017364
20 -7.875 0.000030518 -0.000022888 -0.892492937 0.466747224 -0.591147458
21 -8.78578186 0.000041962 0 -0.686870162 0.342922535 0.171362669
22 -8.9037323 0.000001907 0.000015259 0.155183217 -0.067974487 0.37565881
23 5.115203857 -7.60351944 -23.079330444 -1.554662072 0.381674365 -2.887288285
24 13.525115967 0 0.000003815 -0.046479514 0.145471284 0.318302644
25 11.953033447 0.000015259 -0.000003815 0.307300297 0.51606669 -0.380569942
26 8.290397644 0.000015259 0.000015259 0.834136674 0.174646408 -1.24273846
27 7.875 -0.000038147 0.000015259 0.838111557 -0.505279418 -0.505690241
28 8.785797119 -0.000038147 -0.000003815 0.768827451 -0.243998224 0.281321939
29 8.9037323 0.000001907 -0.000007629 -0.261191794 0.408467303 0.201815303
30 5.903396606 -12.801282883 -17.693202972 -1.598720893 0.442583503 -2.77991415
31 13.525115967 -0.000007629 -0.000007629 -0.062467135 0.10066759 0.331487041
32 11.953041077 0 -0.000007629 0.278499477 0.444129824 -0.269241522
33 8.290397644 -0.000007629 0.000015259 0.522649893 0.307388733 -1.144284708
34 7.875 -0.000034332 0 0.602412488 -0.327137362 -0.752811597
35 8.78578186 -0.000041962 0 0.405243279 -0.265659335 0.101326243
36 8.90372467 0.000003815 0 -0.274653843 0.414089854 0.171551562
37 4.435424805 0.000125885 -25.179958344 -3.117617043 0.363008552 -3.024970545
38 14.171035767 0.000020027 1.280700684 -0.199003968 -0.401358771 0.258227615
39 10.9765625 0.000019073 0.352539063 0.577506474 0.351623862 0.641538854
40 8.120292664 -0.000007629 0 1.272972661 1.040839745 0.513525108
41 8.120285034 0.000015259 -0.000030518 0.736652518 0.478456654 -0.613192003
42 8.120330811 -0.000003815 -0.000015259 0.74278393 -0.125438546 -0.33811111
43 8.120330811 0.000015259 0.000059128 -0.32778836 -0.309370019 0.143653635
44 7.146942139 16.179790497 -9.195617676 1.376844409 -0.303705466 -0.072871366
45 -13.525146484 0 0.000007629 -0.038559178 -0.070354074 0.310641596
46 -11.953025818 -0.000015259 -0.000007629 0.132803227 -0.405653199 0.322458616
47 -8.290382385 0.000015259 0 -0.242184044 -0.364828648 -0.265754809
48 -7.875 0 -0.000004053 -0.970976299 -0.104002528 -1.025325823
49 -8.78578186 0.000041962 0 -1.372940777 0.684967585 -0.895058037
50 -8.9037323 -0.000007629 0.000000477 0.139878797 0.047324588 0.177245685
51 7.146942139 -16.26625061 -9.19562149 -1.594435862 0.362965226 -2.75698367
52 13.525115967 0 0 -0.172857019 -0.03369509 0.383625458
53 11.953041077 0.000015259 0.000007629 0.182493246 0.312593179 -0.180626234
54 8.290397644 0 -0.000007629 0.153064844 0.418195468 -1.051100126
55 7.875 -0.000015259 0 0.005826185 0.051354669 -0.850942411
56 8.78578186 -0.000030518 0.000003815 -0.425229015 0.138220115 -0.243146086
57 8.90372467 0.000007629 0 -0.375586391 0.323024442 0.105211289
58 -5.367340088 8.36690712 8.703117371 1.687021098 -0.433152168 -3.062923674
59 13.525127411 -0.000015259 -0.000003815 -0.296468905 -0.078299246 -0.169078084
60 -3.441894531 -10.792384148 9.377002716 1.627186264 -0.464344105 -2.938866073
61 13.525127411 0 0 -0.457727949 0.239911669 -0.483333099
62 11.953041077 0.000030518 0.000000954 -0.015211884 -0.368610243 0.36535011
63 8.290390015 -0.000015259 0.000007629 -0.479217521 -0.415267509 0.897498565
64 7.875 -0.000030518 0 -0.552378667 -0.482523414 0.08698863
65 19.394897461 -14.052384377 -0.467084885 1.130490168 0.160809284 -2.439262668
66 26.240768433 -0.000007629 0.000007629 -0.368684859 -0.667282597 1.081128757
67 31.970993042 0 -0.000009537 -1.120779472 0.197073003 0.214466878
68 4.627256393 -2.311302185 4.18561554 -0.021512477 -0.254658869 -0.451859094
69 2.980098724 -0.000007629 0 -0.040823197 0.14004721 0.242069561
70 1.982421875 0.000019073 0.000015259 0.001822187 0.301463179 0.041313792
71 10.844877243 -1.281570435 -1.331703186 0.003154845 -0.01855101 -1.502721343
72 3.98828125 0 0.000022888 0.024656551 0.116612118 -1.30426207
73 2.26953125 0 -0.000022888 0.010246566 0.020303916 -1.235445909
74 10.908864975 -1.237388611 0.829566956 -0.00020525 -0.016993064 -1.053199493
75 3.989433289 -0.000007629 0.000038147 -0.018456606 0.061911944 -0.79351625
76 3.478279114 -0.000011444 -0.000007629 0.021571522 -0.09240838 -0.893133764
77 10.291898727 -1.202156067 -3.344161987 0.018038834 -0.023865117 -1.537453755
78 2.757148743 -0.000003815 0.000015259 -0.201106887 -0.095545402 -1.291567388
79 1.775390625 0.000007629 -0.000022888 0.198076059 0.357239486 -1.30316968
80 10.971857071 -1.19392395 2.957328796 -0.013697621 -0.007762086 -1.162777576
81 3.82421875 -0.000007629 0.000030518 -0.000611347 0.002186792 -0.850506344
82 2.94140625 -0.000007629 0 0.003928867 0.006996607 -1.007919787
83 -0.000015259 0 -0.000003815 -0.340706191 0.159206997 -0.629605292
84 19.39491272 13.16059494 -0.467075348 1.078365015 0.976976781 -2.727571324
85 -26.240753174 0.000007629 0 0.161663108 -0.845805421 0.533690128
86 -31.971000671 0.000015259 -0.000003815 -1.328631512 0.320293047 -0.128711858
87 -11.614597321 3.933120728 0.069396973 -1.556214853 1.400161516 -2.569524427
88 -10.484516144 1.069213867 3.539878845 -3.131584703 0.028220486 2.411526648
89 2.757141113 0 0.000030518 -0.011712134 0.035128624 1.019560794
90 1.775390625 -0.000011444 -0.000015259 -0.219130647 -0.289131089 0.922226382
91 -11.046470642 1.142410278 1.529701233 -3.130487012 0.018259081 2.114134707
92 3.98828125 0.000011444 0.000038147 0.004872241 -0.009924216 1.610032301
93 2.26953125 0.000015259 0.000007629 -0.076539319 -0.095407065 1.438172442
94 -11.192642212 1.041542053 -2.758422852 -3.117251012 -0.000597155 2.412516008
95 3.82421875 0.000034332 0.000053406 0.00053161 0.002187187 1.610324685
96 8.785766602 -0.000045776 0 0.028889808 0.206538207 -0.655495889
97 2.94140625 0 -0.000022888 -0.004550553 0.006091757 1.767588569
98 -11.120113373 1.091545105 -0.631118774 -3.129741091 0.018945273 2.354008069
99 3.9894104 0.000001907 0.000045776 0.021444626 0.041947477 1.751021405
100 3.478288651 0.000038147 -0.000007629 -0.001306817 0.004312204 1.848998194
101 -4.853595734 2.155090332 -4.01852417 3.123057975 0.125574955 2.46129872
102 2.980098724 0.000003815 0 0.038574713 -0.163808097 -0.240289671
103 1.982421875 -0.000007629 0.000045776 0 0 -0.040571652
104 0.000007629 -0.000015259 -0.000011444 -0.01786834 -0.032037725 -0.918099438
105 7.08984375 0 -0.000000238 3.141592654 -0.174494795 3.141592654
106 7.528259277 8.168074608 -1.232801437 2.932736706 0.610712234 -3.036266762
107 -54.911254883 -0.649677277 -0.176696777 1.575077254 0.510541168 0.081754463
108 -61.183189392 0.000000954 0.000001907 0.174037262 0.013709953 -0.309466751
109 8.588699341 -0.00000003 1.514417648 0 0 0
110 4.260505676 -21.349502563 -3.218471527 0.109258206 -0.111260354 -0.419057901
111 15.606666565 0 -0.000013113 -0.043079741 0.081642485 0.071271784
112 15.853748322 0 -0.000007629 -0.095584447 -0.441238601 -0.031599578
113 15.151855469 -0.000007629 0 -0.140064791 -0.780831474 -0.164968563
114 11.149969101 0.000007629 -0.000007629 0.155158541 0.305431631 -0.053959531
115 1.725067139 -0.142128021 11.160657883 -1.483629566 -0.906463561 -0.049540478
116 15.606674194 0 0 0.338135634 0.140523461 -0.687473946
117 15.853733063 -0.000007629 0 -0.053154354 -0.120538115 -0.233587626
118 15.151861191 0 0 -0.345610195 0.051432863 -0.950356994
119 11.149963379 0.000007629 0 0 0 0.157258463
120 6.67868042 -0.142132998 -16.932609558 1.571144666 -0.2842815 3.141542804
121 -15.606697083 0 0 0.08023369 -0.06425618 0.129582356
122 -15.853752136 0.000007629 0.000006676 -0.016526132 -0.01850358 -0.409107836
123 -15.151855469 0.000003815 -0.000001907 -0.099776023 0.087102214 -0.763365143
124 -11.14995575 -0.000007629 0.000006437 0 0 0.005265324
125 2.507644653 15.939216614 6.722554207 -1.438586711 0.470728007 -2.853283757
126 -15.606689453 0 0 -0.178822016 0.037836195 0.964921775
127 -15.853742599 -0.000015259 0.000015259 0.068004666 -0.139325831 0.294800691
128 -15.151853561 0.000007629 0.000003815 0.224537218 -0.143237296 0.972266908
129 -11.149963379 0 -0.000008583 0.069320195 0.002032919 -0.006320798
130 2.507614136 -17.075353622 6.722565651 -1.351946586 -0.443985332 -0.406003501
131 15.606681824 0.000003815 0.000007629 -0.069049863 -0.078438633 0.084759985
132 15.853740692 0.000007629 0.000003815 -0.013409746 -0.174542872 -0.34489189
133 15.151851654 0 0 -0.144708325 -0.041777411 -0.784352805
134 11.149974823 0 -0.000015259 0.052051301 -0.02851185 0.056605155
135 5.893112183 15.939213753 -12.477539063 3.085899931 0.343035849 0.255433408
136 15.606666565 0.000007629 0.000022888 -0.081627833 -0.198393646 0.07168745
137 15.853759766 -0.000007629 -0.000015259 0.065684847 0.229805484 0.117961194
138 15.151847839 0.000003815 0.000005722 0.015317652 0.748271914 -0.151610987
139 11.149959564 0 -0.000011444 0.030485189 0.011163863 -0.013124444
140 5.893119812 -17.075357437 -12.477554321 1.689675188 -0.208176332 2.931318791
141 -15.606674194 -0.000003815 0.000007629 0.096697896 0.032404737 0.003642379
142 -15.853744507 -0.000003815 -0.000011444 0.054805214 -0.104551774 -0.389180371
143 -15.151855469 -0.000007629 -0.000007629 0.022690078 -0.079229348 -0.750666751
144 -11.14995575 -0.000015259 -0.000003815 -0.340251484 -0.032380699 0.107038384
145 4.260475159 20.773921967 -3.218482971 0.028175059 0.094233205 -2.849907004
146 -15.606689453 0.000003815 0 0.091199398 -0.361430388 -0.017288913
147 -15.853736877 0.000007629 -0.000015259 -0.001599502 0.199409925 -0.087108488
148 -15.151828766 0 0 0.054816848 0.791033879 0.070521975
149 -11.14994812 0.000003815 0 0.046718808 0.242888022 -0.062764294
150 7.528289795 -8.043749809 -1.232797623 -0.717710872 -0.126270592 0.033842661
151 54.911224365 0.649679184 0.176700592 1.653190777 -0.189957576 -0.402958343
152 61.183166504 -0.000003815 -0.000001907 0.542701548 0.211647802 0.109075119
153 -0.364088595 36.477970123 12.189170837 0.340633688 -0.000040147 0.000233438
154 -0.364086866 -2.758006096 4.994803905 0 0 0.000244115
155 -0.364086866 -2.758006096 4.994803905 0 0 0.000244115
156 -0.364086866 -2.758006096 4.994803905 0 0 0.000244115
157 -0.364086866 -2.758006096 4.994803905 0 0 0.000244115
158 -0.364086866 -2.758006096 4.994803905 0 0 0.000244115
159 -0.364086866 -2.758006096 4.994803905 0 0 0.000244115
160 -0.364086866 -2.758006096 4.994803905 0 0 0.000244115
161 -0.364086866 -2.758006096 4.994803905 0 0 0.000244115
162 -0.498048782 -4.95163393 0.510848999 0 0 0.000244115
163 -0.364086866 -2.758006096 4.994803905 0 0 0.000244115
time 11
0 -0.364086866 -2.758006096 4.994803905 0 0 0.000244115
1 -0.355919123 -19.533872035 3.436691046 0.534560632 -1.506385059 -2.327793134
2 130.809051514 0.00000003 -0.000000477 0 0 0
3 6.661987305 -0.142130047 2.521339893 -3.119621786 0.013074635 0.019998437
4 24.360931396 0.000000238 0.000011444 -0.339310348 0.40125287 -0.237301522
5 24.806396484 -0.00000596 0.765966415 -0.529030482 -0.347642389 0.17161485
6 8.120269775 -0.000000954 0 0.682218307 0.09786098 -0.092220672
7 8.120315552 -0.000000477 -0.000003815 0 -0.880742373 0
8 8.120315552 -0.000000477 -0.000003815 -0.216192487 -1.369859591 0.175150136
9 5.115219116 7.517072678 -23.079307556 1.501763517 -0.35837646 0.015053389
10 -13.525115967 -0.000007629 0 0.125424429 -0.18962579 0.241717547
11 -11.953025818 0 0 -0.193247996 -0.539883343 -0.303380235
12 -8.290390015 0.000015259 0 -0.590670634 -0.340618978 -1.119660173
13 -7.875 0.000030518 0.000015259 -0.991604419 0.383106528 -0.687688895
14 -8.785797119 0.000034332 -0.000002861 -0.681393749 0.399921409 0.065512203
15 -8.90372467 -0.000000954 -0.000015259 0.301679391 0.021570234 0.389413995
16 5.903427124 12.714836121 -17.693180084 1.370188491 -0.37922568 -0.02939746
17 -13.525115967 0 0 0.115195171 -0.18261601 0.164433843
18 -11.953041077 0.000015259 0.000001907 -0.092412425 -0.414286475 -0.413390328
19 -8.290382385 -0.000015259 0 -0.57457683 -0.111849842 -1.02218656
20 -7.875 0.000030518 -0.000022888 -0.965568891 0.442552046 -0.730874002
21 -8.78578186 0.000041962 0 -0.709292569 0.455238884 0.049690686
22 -8.9037323 0.000001907 0.000015259 0.153370324 -0.052320366 0.398614873
23 5.115203857 -7.60351944 -23.079330444 -1.554662072 0.381674365 -2.887288285
24 13.525115967 0 0.000003815 -0.053718011 0.117912778 0.382046353
25 11.953033447 0.000015259 -0.000003815 0.354985562 0.478445245 -0.128775206
26 8.290397644 0.000015259 0.000015259 0.799851576 0.301572844 -1.203681276
27 7.875 -0.000038147 0.000015259 0.983948988 -0.500353744 -0.703956446
28 8.785797119 -0.000038147 -0.000003815 0.76895694 -0.419239839 0.181219402
29 8.9037323 0.000001907 -0.000007629 -0.261729419 0.408406138 0.228265551
30 5.903396606 -12.801282883 -17.693202972 -1.598720893 0.442583503 -2.77991415
31 13.525115967 -0.000007629 -0.000007629 -0.069373758 0.072142908 0.385113111
32 11.953041077 0 -0.000007629 0.315415289 0.377539954 -0.039267181
33 8.290397644 -0.000007629 0.000015259 0.527263725 0.419337409 -1.051855588
34 7.875 -0.000034332 0 0.720667382 -0.277753385 -0.924576986
35 8.78578186 -0.000041962 0 0.450627295 -0.400299702 -0.090040683
36 8.90372467 0.000003815 0 -0.283524974 0.407030762 0.194430026
37 4.435424805 0.000125885 -25.179958344 -3.117617043 0.363008552 -3.024970545
38 14.171035767 0.000020027 1.280700684 -0.211805598 -0.468829149 0.233726861
39 10.9765625 0.000019073 0.352539063 0.468995174 0.157421596 0.564615074
40 8.120292664 -0.000007629 0 1.384626385 0.933130391 0.691108926
41 8.120285034 0.000015259 -0.000030518 0.760085111 0.628574881 -0.634267685
42 8.120330811 -0.000003815 -0.000015259 0.764846726 -0.037064215 -0.478822835
43 8.120330811 0.000015259 0.000059128 -0.328323711 -0.332713609 0.127818723
44 7.146942139 16.179790497 -9.195617676 1.376844409 -0.303705466 -0.072871366
45 -13.525146484 0 0.000007629 -0.038559178 -0.070354074 0.310641596
46 -11.953025818 -0.000015259 -0.000007629 0.123787632 -0.38282532 0.390565446
47 -8.290382385 0.000015259 0 -0.230911395 -0.336992569 -0.101050422
48 -7.875 0 -0.000004053 -0.882248672 -0.18219866 -0.939108922
49 -8.78578186 0.000041962 0 -1.43045231 0.606374199 -1.026843765
50 -8.9037323 -0.000007629 0.000000477 0.133859123 0.062668133 0.199602556
51 7.146942139 -16.26625061 -9.19562149 -1.594435862 0.362965226 -2.75698367
52 13.525115967 0 0 -0.181599554 -0.05361211 0.431755287
53 11.953041077 0.000015259 0.000007629 0.210938558 0.246843257 0.01524367
54 8.290397644 0 -0.000007629 0.222978303 0.476727602 -0.910810354
55 7.875 -0.000015259 0 0.093616144 0.094307383 -0.993505307
56 8.78578186 -0.000030518 0.000003815 -0.365288539 0.077500066 -0.481025315
57 8.90372467 0.000007629 0 -0.385495098 0.312609945 0.126905819
58 -5.367340088 8.36690712 8.703117371 1.668564298 -0.391386344 -3.043121335
59 13.525127411 -0.000015259 -0.000003815 -0.296468905 -0.078299246 -0.169078084
60 -3.441894531 -10.792384148 9.377002716 1.607787335 -0.416611656 -2.916657163
61 13.525127411 0 0 -0.47131187 0.222355229 -0.576524179
62 11.953041077 0.000030518 0.000000954 0.047379082 -0.32014766 0.267309137
63 8.290390015 -0.000015259 0.000007629 -0.447524893 -0.383185167 0.97637182
64 7.875 -0.000030518 0 -0.59148325 -0.514158078 0.301709948
65 19.394897461 -14.052384377 -0.467084885 1.09098016 0.200535482 -2.397753139
66 26.240768433 -0.000007629 0.000007629 -0.405031928 -0.652557255 1.139023358
67 31.970993042 0 -0.000009537 -1.120779472 0.197073003 0.214466878
68 4.627256393 -2.311302185 4.18561554 -0.021512477 -0.254658869 -0.451859094
69 2.980098724 -0.000007629 0 -0.040823197 0.14004721 0.242069561
70 1.982421875 0.000019073 0.000015259 0.001822187 0.301463179 0.041313792
71 10.844877243 -1.281570435 -1.331703186 0.003154845 -0.01855101 -1.502721343
72 3.98828125 0 0.000022888 0.024656551 0.116612118 -1.30426207
73 2.26953125 0 -0.000022888 0.010246566 0.020303916 -1.235445909
74 10.908864975 -1.237388611 0.829566956 -0.000324563 -0.016917153 -1.044223521
75 3.989433289 -0.000007629 0.000038147 -0.018926912 0.061311043 -0.784633232
76 3.478279114 -0.000011444 -0.000007629 0.02172116 -0.093481464 -0.88427803
77 10.291898727 -1.202156067 -3.344161987 0.018038834 -0.023865117 -1.537453755
78 2.757148743 -0.000003815 0.000015259 -0.205015713 -0.095573608 -1.291569791
79 1.775390625 0.000007629 -0.000022888 0.198076059 0.357239486 -1.30316968
80 10.971857071 -1.19392395 2.957328796 -0.013707423 -0.007580421 -1.1537022
81 3.82421875 -0.000007629 0.000030518 -0.000601405 0.002189547 -0.841419128
82 2.94140625 -0.000007629 0 0.003960856 0.006978549 -0.998763976
83 -0.000015259 0 -0.000003815 -0.340706191 0.159206997 -0.629605292
84 19.39491272 13.16059494 -0.467075348 1.092514269 0.791735476 -2.672174336
85 -26.240753174 0.000007629 0 0.103545016 -0.828775158 0.565198479
86 -31.971000671 0.000015259 -0.000003815 -1.328631512 0.320293047 -0.128711858
87 -11.614597321 3.933120728 0.069396973 -1.49048637 1.423516328 -2.503884033
88 -10.484516144 1.069213867 3.539878845 -3.131584703 0.028220486 2.411526648
89 2.757141113 0 0.000030518 -0.011712134 0.035128624 1.019560794
90 1.775390625 -0.000011444 -0.000015259 -0.218259566 -0.28965836 0.919427575
91 -11.046470642 1.142410278 1.529701233 -3.130487012 0.018259081 2.114134707
92 3.98828125 0.000011444 0.000038147 0.004872241 -0.009924216 1.610032301
93 2.26953125 0.000015259 0.000007629 -0.076539319 -0.095407065 1.438172442
94 -11.192642212 1.041542053 -2.758422852 -3.117252157 -0.000642115 2.41621001
95 3.82421875 0.000034332 0.000053406 0.00053161 0.002187187 1.610324685
96 8.785766602 -0.000045776 0 0.028889808 0.206538207 -0.655495889
97 2.94140625 0 -0.000022888 -0.004550553 0.006091757 1.767588569
98 -11.120113373 1.091545105 -0.631118774 -3.129636547 0.018962768 2.356625545
99 3.9894104 0.000001907 0.000045776 0.021444626 0.041947477 1.751021405
100 3.478288651 0.000038147 -0.000007629 -0.001306817 0.004312204 1.848998194
101 -4.853595734 2.155090332 -4.01852417 3.123057975 0.125574955 2.46129872
102 2.980098724 0.000003815 0 0.038574713 -0.163808097 -0.240289671
103 1.982421875 -0.000007629 0.000045776 0 0 -0.040571652
104 0.000007629 -0.000015259 -0.000011444 -0.01786834 -0.032037725 -0.918099438
105 7.08984375 0 -0.000000238 3.141592654 -0.174494795 3.141592654
106 7.528259277 8.168074608 -1.232801437 2.938170133 0.643069666 -3.032471237
107 -54.911254883 -0.649677277 -0.176696777 1.575965984 0.539565516 0.091255869
108 -61.183189392 0.000000954 0.000001907 0.174037262 0.013709953 -0.309466751
109 8.588699341 -0.00000003 1.514417648 0 0 0
110 4.260505676 -21.349502563 -3.218471527 0.104097771 -0.107227392 -0.436070556
111 15.606666565 0 -0.000013113 -0.051012671 0.119906538 0.074287697
112 15.853748322 0 -0.000007629 -0.093927555 -0.373487894 -0.013107516
113 15.151855469 -0.000007629 0 -0.154509147 -0.794568083 -0.116606205
114 11.149969101 0.000007629 -0.000007629 0.129741263 0.316585653 -0.069508642
115 1.725067139 -0.142128021 11.160657883 -1.468874542 -0.936483934 -0.056920952
116 15.606674194 0 0 0.337556704 0.150121877 -0.68496357
117 15.853733063 -0.000007629 0 -0.061245208 -0.149017272 -0.10624145
118 15.151861191 0 0 -0.32639037 0.007108093 -0.909788204
119 11.149963379 0.000007629 0 0 0 0.167044409
120 6.67868042 -0.142132998 -16.932609558 1.571108808 -0.283664936 3.141548034
121 -15.606697083 0 0 0.08912823 -0.0734085 0.1623133
122 -15.853752136 0.000007629 0.000006676 -0.003520825 -0.034602058 -0.324494132
123 -15.151855469 0.000003815 -0.000001907 -0.081410251 0.057916831 -0.740658088
124 -11.14995575 -0.000007629 0.000006437 0 0 0.01959421
125 2.507644653 15.939216614 6.722554207 -1.425480682 0.499972112 -2.833512541
126 -15.606689453 0 0 -0.155287882 0.046243436 0.932887325
127 -15.853742599 -0.000015259 0.000015259 0.078545442 -0.118662964 0.133986137
128 -15.151853561 0.000007629 0.000003815 0.237545525 -0.146966202 0.875589591
129 -11.149963379 0 -0.000008583 0.050152186 0.000558414 -0.022263176
130 2.507614136 -17.075353622 6.722565651 -1.352166514 -0.441410497 -0.405485498
131 15.606681824 0.000003815 0.000007629 -0.085323876 -0.076645343 0.127421388
132 15.853740692 0.000007629 0.000003815 -0.028584625 -0.187397022 -0.287669806
133 15.151851654 0 0 -0.141864638 -0.071067051 -0.812215378
134 11.149974823 0 -0.000015259 0.050458824 -0.027800477 0.060963912
135 5.893112183 15.939213753 -12.477539063 3.08327952 0.336460793 0.261576315
136 15.606666565 0.000007629 0.000022888 -0.092907604 -0.234618027 0.081011616
137 15.853759766 -0.000007629 -0.000015259 0.054985248 0.123994902 0.128857305
138 15.151847839 0.000003815 0.000005722 0.025960337 0.674875108 -0.095869437
139 11.149959564 0 -0.000011444 0.030023686 0.00168809 -0.020434393
140 5.893119812 -17.075357437 -12.477554321 1.686520251 -0.209158706 2.929746663
141 -15.606674194 -0.000003815 0.000007629 0.111004223 0.028312179 0.036677051
142 -15.853744507 -0.000003815 -0.000011444 0.057373387 -0.104859737 -0.324334934
143 -15.151855469 -0.000007629 -0.000007629 0.029722855 -0.090889224 -0.760087897
144 -11.14995575 -0.000015259 -0.000003815 -0.33797513 -0.025241144 0.124964925
145 4.260475159 20.773921967 -3.218482971 0.02896546 0.09397056 -2.841923424
146 -15.606689453 0.000003815 0 0.106334109 -0.400685364 -0.028050916
147 -15.853736877 0.000007629 -0.000015259 0.004365519 0.083875949 -0.093760447
148 -15.151828766 0 0 0.052688292 0.699663457 0.047167984
149 -11.14994812 0.000003815 0 0.04807579 0.242100262 -0.054609493
150 7.528289795 -8.043749809 -1.232797623 -0.717355997 -0.105346097 0.033710593
151 54.911224365 0.649679184 0.176700592 1.650262139 -0.174634496 -0.391511483
152 61.183166504 -0.000003815 -0.000001907 0.542701548 0.211647802 0.109075119
153 -0.364088595 36.477970123 12.189170837 0.340633688 -0.000040147 0.000233438
154 -0.364086866 -2.758006096 4.994803905 0 0 0.000244115
155 -0.364086866 -2.758006096 4.994803905 0 0 0.000244115
156 -0.364086866 -2.758006096 4.994803905 0 0 0.000244115
157 -0.364086866 -2.758006096 4.994803905 0 0 0.000244115
158 -0.364086866 -2.758006096 4.994803905 0 0 0.000244115
159 -0.364086866 -2.758006096 4.994803905 0 0 0.000244115
160 -0.364086866 -2.758006096 4.994803905 0 0 0.000244115
161 -0.364086866 -2.758006096 4.994803905 0 0 0.000244115
162 -0.498048782 -4.95163393 0.510848999 0 0 0.000244115
163 -0.364086866 -2.758006096 4.994803905 0 0 0.000244115
time 12
0 -0.364086866 -2.758006096 4.994803905 0 0 0.000244115
1 -0.355919033 -22.015784773 3.436691046 0.597023099 -1.501819119 -2.416039914
2 130.809051514 0.00000003 -0.000000477 0 0 0
3 6.661987305 -0.142130047 2.521339893 -3.108657593 0.012874248 0.020327314
4 24.360931396 0.000000238 0.000011444 -0.353274113 0.41791803 -0.25036399
5 24.806396484 -0.00000596 0.765966415 -0.50722308 -0.347924955 0.174358402
6 8.120269775 -0.000000954 0 0.662040898 0.097873601 -0.092237721
7 8.120315552 -0.000000477 -0.000003815 0 -0.880742373 0
8 8.120315552 -0.000000477 -0.000003815 -0.216192487 -1.369859591 0.175150136
9 5.115219116 7.517072678 -23.079307556 1.501763517 -0.35837646 0.015053389
10 -13.525115967 -0.000007629 0 0.131706892 -0.175332149 0.290617514
11 -11.953025818 0 0 -0.224429466 -0.510971088 -0.099974449
12 -8.290390015 0.000015259 0 -0.572963676 -0.449019345 -1.056355611
13 -7.875 0.000030518 0.000015259 -1.057443699 0.324527032 -0.816570357
14 -8.785797119 0.000034332 -0.000002861 -0.725658751 0.500141551 -0.06196466
15 -8.90372467 -0.000000954 -0.000015259 0.308190922 0.040871311 0.404763386
16 5.903427124 12.714836121 -17.693180084 1.370188491 -0.37922568 -0.02939746
17 -13.525115967 0 0 0.119653479 -0.177644054 0.215962567
18 -11.953041077 0.000015259 0.000001907 -0.107914711 -0.426487561 -0.233348837
19 -8.290382385 -0.000015259 0 -0.531236195 -0.20812211 -0.981579691
20 -7.875 0.000030518 -0.000022888 -1.027641027 0.393860355 -0.858008134
21 -8.78578186 0.000041962 0 -0.75261167 0.552745333 -0.073226141
22 -8.9037323 0.000001907 0.000015259 0.152004108 -0.038110222 0.416539707
23 5.115203857 -7.60351944 -23.079330444 -1.554662072 0.381674365 -2.887288285
24 13.525115967 0 0.000003815 -0.061539192 0.100127659 0.42020622
25 11.953033447 0.000015259 -0.000003815 0.378060906 0.406004018 0.078987621
26 8.290397644 0.000015259 0.000015259 0.779911141 0.410783182 -1.068699015
27 7.875 -0.000038147 0.000015259 1.119071658 -0.439902603 -0.882067798
28 8.785797119 -0.000038147 -0.000003815 0.806222759 -0.577673403 0.085031405
29 8.9037323 0.000001907 -0.000007629 -0.262523533 0.408362177 0.248961113
30 5.903396606 -12.801282883 -17.693202972 -1.598720893 0.442583503 -2.77991415
31 13.525115967 -0.000007629 -0.000007629 -0.076133366 0.055388088 0.41658531
32 11.953041077 0 -0.000007629 0.325014184 0.294937579 0.138370248
33 8.290397644 -0.000007629 0.000015259 0.572408195 0.49587948 -0.853981141
34 7.875 -0.000034332 0 0.817693854 -0.190934329 -1.052150181
35 8.78578186 -0.000041962 0 0.53812192 -0.513974512 -0.268673767
36 8.90372467 0.000003815 0 -0.293073245 0.399206133 0.212350015
37 4.435424805 0.000125885 -25.179958344 -3.117617043 0.363008552 -3.024970545
38 14.171035767 0.000020027 1.280700684 -0.219460326 -0.506926942 0.214502886
39 10.9765625 0.000019073 0.352539063 0.379235743 -0.014208664 0.480908378
40 8.120292664 -0.000007629 0 1.357980085 0.768624456 0.736646235
41 8.120285034 0.000015259 -0.000030518 0.812223977 0.775755158 -0.605004557
42 8.120330811 -0.000003815 -0.000015259 0.799317096 0.046096564 -0.605556958
43 8.120330811 0.000015259 0.000059128 -0.328969732 -0.35096107 0.111787773
44 7.146942139 16.179790497 -9.195617676 1.376844409 -0.303705466 -0.072871366
45 -13.525146484 0 0.000007629 -0.038559178 -0.070354074 0.310641596
46 -11.953025818 -0.000015259 -0.000007629 0.120533331 -0.364039761 0.426782133
47 -8.290382385 0.000015259 0 -0.212009179 -0.298891059 0.037217671
48 -7.875 0 -0.000004053 -0.807785019 -0.243035502 -0.808775605
49 -8.78578186 0.000041962 0 -1.42858506 0.507155472 -1.104675486
50 -8.9037323 -0.000007629 0.000000477 0.129184656 0.077203051 0.217122663
51 7.146942139 -16.26625061 -9.19562149 -1.594435862 0.362965226 -2.75698367
52 13.525115967 0 0 -0.18939137 -0.064327525 0.461570463
53 11.953041077 0.000015259 0.000007629 0.219440668 0.179337165 0.163613381
54 8.290397644 0 -0.000007629 0.323579356 0.492498511 -0.686133554
55 7.875 -0.000015259 0 0.181811267 0.154901731 -1.081566611
56 8.78578186 -0.000030518 0.000003815 -0.268908079 0.025505238 -0.686527572
57 8.90372467 0.000007629 0 -0.395144502 0.301227609 0.143860591
58 -5.367340088 8.36690712 8.703117371 1.649125878 -0.359928518 -3.023392468
59 13.525127411 -0.000015259 -0.000003815 -0.296468905 -0.078299246 -0.169078084
60 -3.441894531 -10.792384148 9.377002716 1.58695192 -0.376807485 -2.894229824
61 13.525127411 0 0 -0.47984557 0.208927814 -0.656980324
62 11.953041077 0.000030518 0.000000954 0.105843818 -0.262851428 0.146680999
63 8.290390015 -0.000015259 0.000007629 -0.40533317 -0.349741747 1.012103205
64 7.875 -0.000030518 0 -0.621307895 -0.519377505 0.494137355
65 19.394897461 -14.052384377 -0.467084885 1.056981566 0.229927762 -2.357625097
66 26.240768433 -0.000007629 0.000007629 -0.439314135 -0.637844875 1.196317146
67 31.970993042 0 -0.000009537 -1.120779472 0.197073003 0.214466878
68 4.627256393 -2.311302185 4.18561554 -0.021512477 -0.254658869 -0.451859094
69 2.980098724 -0.000007629 0 -0.040823197 0.14004721 0.242069561
70 1.982421875 0.000019073 0.000015259 0.001822187 0.301463179 0.041313792
71 10.844877243 -1.281570435 -1.331703186 0.003154845 -0.01855101 -1.502721343
72 3.98828125 0 0.000022888 0.024656551 0.116612118 -1.30426207
73 2.26953125 0 -0.000022888 0.010246566 0.020303916 -1.235445909
74 10.908864975 -1.237388611 0.829566956 -0.00051634 -0.016883284 -1.035469023
75 3.989433289 -0.000007629 0.000038147 -0.019296293 0.060666325 -0.775948569
76 3.478279114 -0.000011444 -0.000007629 0.021950016 -0.094518774 -0.875634597
77 10.291898727 -1.202156067 -3.344161987 0.018038834 -0.023865117 -1.537453755
78 2.757148743 -0.000003815 0.000015259 -0.208855345 -0.095550333 -1.29157948
79 1.775390625 0.000007629 -0.000022888 0.198076059 0.357239486 -1.30316968
80 10.971857071 -1.19392395 2.957328796 -0.013787943 -0.007446472 -1.144756223
81 3.82421875 -0.000007629 0.000030518 -0.000591574 0.002192224 -0.832444624
82 2.94140625 -0.000007629 0 0.003991999 0.00696078 -0.989827123
83 -0.000015259 0 -0.000003815 -0.340706191 0.159206997 -0.629605292
84 19.39491272 13.16059494 -0.467075348 1.103329909 0.646959929 -2.629721515
85 -26.240753174 0.000007629 0 0.05818247 -0.808862581 0.5898777
86 -31.971000671 0.000015259 -0.000003815 -1.328631512 0.320293047 -0.128711858
87 -11.614597321 3.933120728 0.069396973 -1.439840722 1.441778117 -2.453236834
88 -10.484516144 1.069213867 3.539878845 -3.131584703 0.028220486 2.411526648
89 2.757141113 0 0.000030518 -0.011712134 0.035128624 1.019560794
90 1.775390625 -0.000011444 -0.000015259 -0.217524361 -0.290211597 0.916759002
91 -11.046470642 1.142410278 1.529701233 -3.130487012 0.018259081 2.114134707
92 3.98828125 0.000011444 0.000038147 0.004872241 -0.009924216 1.610032301
93 2.26953125 0.000015259 0.000007629 -0.076539319 -0.095407065 1.438172442
94 -11.192642212 1.041542053 -2.758422852 -3.117222869 -0.000766666 2.419807939
95 3.82421875 0.000034332 0.000053406 0.00053161 0.002187187 1.610324685
96 8.785766602 -0.000045776 0 0.028889808 0.206538207 -0.655495889
97 2.94140625 0 -0.000022888 -0.004550553 0.006091757 1.767588569
98 -11.120113373 1.091545105 -0.631118774 -3.129611759 0.018947119 2.359240984
99 3.9894104 0.000001907 0.000045776 0.021444626 0.041947477 1.751021405
100 3.478288651 0.000038147 -0.000007629 -0.001306817 0.004312204 1.848998194
101 -4.853595734 2.155090332 -4.01852417 3.123057975 0.125574955 2.46129872
102 2.980098724 0.000003815 0 0.038574713 -0.163808097 -0.240289671
103 1.982421875 -0.000007629 0.000045776 0 0 -0.040571652
104 0.000007629 -0.000015259 -0.000011444 -0.01786834 -0.032037725 -0.918099438
105 7.08984375 0 -0.000000238 3.141592654 -0.174494795 3.141592654
106 7.528259277 8.168074608 -1.232801437 2.943768666 0.675846609 -3.028570907
107 -54.911254883 -0.649677277 -0.176696777 1.576809042 0.569748441 0.101015338
108 -61.183189392 0.000000954 0.000001907 0.174037262 0.013709953 -0.309466751
109 8.588699341 -0.00000003 1.514417648 0 0 0
110 4.260505676 -21.349502563 -3.218471527 0.099048651 -0.103356874 -0.452707201
111 15.606666565 0 -0.000013113 -0.057803143 0.151133377 0.072975314
112 15.853748322 0 -0.000007629 -0.092022548 -0.30497473 0.004185836
113 15.151855469 -0.000007629 0 -0.172707485 -0.78592905 -0.064928821
114 11.149969101 0.000007629 -0.000007629 0.104790725 0.327506216 -0.084772777
115 1.725067139 -0.142128021 11.160657883 -1.453842072 -0.965846609 -0.06406467
116 15.606674194 0 0 0.337015602 0.159712967 -0.682380703
117 15.853733063 -0.000007629 0 -0.073289075 -0.175057264 0.016405417
118 15.151861191 0 0 -0.305693411 -0.042536799 -0.821618714
119 11.149963379 0.000007629 0 0 0 0.176574411
120 6.67868042 -0.142132998 -16.932609558 1.571108488 -0.282801793 3.141548217
121 -15.606697083 0 0 0.095444917 -0.082107946 0.186377224
122 -15.853752136 0.000007629 0.000006676 0.006880152 -0.048468581 -0.246694336
123 -15.151855469 0.000003815 -0.000001907 -0.064247874 0.029949605 -0.693417408
124 -11.14995575 -0.000007629 0.000006437 0 0 0.03452841
125 2.507644653 15.939216614 6.722554207 -1.411913304 0.530459741 -2.812185258
126 -15.606689453 0 0 -0.131886334 0.054632556 0.899687197
127 -15.853742599 -0.000015259 0.000015259 0.08328839 -0.102040747 -0.009099754
128 -15.151853561 0.000007629 0.000003815 0.251119519 -0.142618099 0.725051398
129 -11.149963379 0 -0.000008583 0.031356864 -0.000858401 -0.038863214
130 2.507614136 -17.075353622 6.722565651 -1.352372159 -0.4391494 -0.405084873
131 15.606681824 0.000003815 0.000007629 -0.098411739 -0.069791754 0.164019823
132 15.853740692 0.000007629 0.000003815 -0.044354416 -0.19889255 -0.224791647
133 15.151851654 0 0 -0.139613495 -0.100776482 -0.818256352
134 11.149974823 0 -0.000015259 0.048958846 -0.026998897 0.06532264
135 5.893112183 15.939213753 -12.477539063 3.080534725 0.329470597 0.267542673
136 15.606666565 0.000007629 0.000022888 -0.101116259 -0.259938849 0.08933701
137 15.853759766 -0.000007629 -0.000015259 0.044136249 0.032799326 0.137088939
138 15.151847839 0.000003815 0.000005722 0.032961028 0.577401961 -0.04884362
139 11.149959564 0 -0.000011444 0.02954194 -0.007535577 -0.027564091
140 5.893119812 -17.075357437 -12.477554321 1.683477247 -0.210134986 2.928164985
141 -15.606674194 -0.000003815 0.000007629 0.122041826 0.022230406 0.063809145
142 -15.853744507 -0.000003815 -0.000011444 0.060008042 -0.104357318 -0.261107431
143 -15.151855469 -0.000007629 -0.000007629 0.034653612 -0.099877217 -0.747566781
144 -11.14995575 -0.000015259 -0.000003815 -0.335600982 -0.018201439 0.142575786
145 4.260475159 20.773921967 -3.218482971 0.029674019 0.093804253 -2.834112075
146 -15.606689453 0.000003815 0 0.11861728 -0.427458876 -0.038691415
147 -15.853736877 0.000007629 -0.000015259 0.011141407 -0.015611456 -0.098618755
148 -15.151828766 0 0 0.050847011 0.580327113 0.026359008
149 -11.14994812 0.000003815 0 0.04922864 0.241305914 -0.046656069
150 7.528289795 -8.043749809 -1.232797623 -0.717092425 -0.084623756 0.03357351
151 54.911224365 0.649679184 0.176700592 1.646706963 -0.155706574 -0.377358289
152 61.183166504 -0.000003815 -0.000001907 0.542701548 0.211647802 0.109075119
153 -0.364088595 36.477970123 12.189170837 0.340633688 -0.000040147 0.000233438
154 -0.364086866 -2.758006096 4.994803905 0 0 0.000244115
155 -0.364086866 -2.758006096 4.994803905 0 0 0.000244115
156 -0.364086866 -2.758006096 4.994803905 0 0 0.000244115
157 -0.364086866 -2.758006096 4.994803905 0 0 0.000244115
158 -0.364086866 -2.758006096 4.994803905 0 0 0.000244115
159 -0.364086866 -2.758006096 4.994803905 0 0 0.000244115
160 -0.364086866 -2.758006096 4.994803905 0 0 0.000244115
161 -0.364086866 -2.758006096 4.994803905 0 0 0.000244115
162 -0.498048782 -4.95163393 0.510848999 0 0 0.000244115
163 -0.364086866 -2.758006096 4.994803905 0 0 0.000244115
time 13
0 -0.364086866 -2.758006096 4.994803905 0 0 0.000244115
1 -0.355918914 -24.567718202 3.436691046 0.653011525 -1.497670558 -2.49569974
2 130.809051514 0.00000003 -0.000000477 0 0 0
3 6.661987305 -0.142130047 2.521339893 -3.09743202 0.012752353 0.020744454
4 24.360931396 0.000000238 0.000011444 -0.362209781 0.428818653 -0.258790146
5 24.806396484 -0.00000596 0.765966415 -0.493019296 -0.348025746 0.176103718
6 8.120269775 -0.000000954 0 0.64129791 0.097842267 -0.092210014
7 8.120315552 -0.000000477 -0.000003815 0 -0.880742373 0
8 8.120315552 -0.000000477 -0.000003815 -0.216192487 -1.369859591 0.175150136
9 5.115219116 7.517072678 -23.079307556 1.501763517 -0.35837646 0.015053389
10 -13.525115967 -0.000007629 0 0.138732243 -0.167767055 0.314675894
11 -11.953025818 0 0 -0.236718267 -0.454661871 0.069451592
12 -8.290390015 0.000015259 0 -0.575286181 -0.532040596 -0.916709432
13 -7.875 0.000030518 0.000015259 -1.101067204 0.237352702 -0.918684557
14 -8.785797119 0.000034332 -0.000002861 -0.800601193 0.587066401 -0.198473514
15 -8.90372467 -0.000000954 -0.000015259 0.315647987 0.058644687 0.414766432
16 5.903427124 12.714836121 -17.693180084 1.370188491 -0.37922568 -0.02939746
17 -13.525115967 0 0 0.125279675 -0.175072479 0.243794545
18 -11.953041077 0.000015259 0.000001907 -0.121108277 -0.413064477 -0.067215238
19 -8.290382385 -0.000015259 0 -0.495829315 -0.293573924 -0.879598029
20 -7.875 0.000030518 -0.000022888 -1.065777455 0.321612241 -0.961371553
21 -8.78578186 0.000041962 0 -0.820246142 0.636340802 -0.205181262
22 -8.9037323 0.000001907 0.000015259 0.151065752 -0.025911147 0.428229038
23 5.115203857 -7.60351944 -23.079330444 -1.554662072 0.381674365 -2.887288285
24 13.525115967 0 0.000003815 -0.068104187 0.095781748 0.435869471
25 11.953033447 0.000015259 -0.000003815 0.371447786 0.324220797 0.227523745
26 8.290397644 0.000015259 0.000015259 0.794422544 0.47493257 -0.841410995
27 7.875 -0.000038147 0.000015259 1.208360072 -0.327548448 -1.000087045
28 8.785797119 -0.000038147 -0.000003815 0.888515377 -0.71911697 -0.022544488
29 8.9037323 0.000001907 -0.000007629 -0.263646144 0.408345929 0.262423339
30 5.903396606 -12.801282883 -17.693202972 -1.598720893 0.442583503 -2.77991415
31 13.525115967 -0.000007629 -0.000007629 -0.081587085 0.05353682 0.42971789
32 11.953041077 0 -0.000007629 0.311784421 0.216865902 0.260725529
33 8.290397644 -0.000007629 0.000015259 0.64914149 0.507972654 -0.586018275
34 7.875 -0.000034332 0 0.881022932 -0.079348382 -1.10332159
35 8.78578186 -0.000041962 0 0.666972437 -0.602862676 -0.443926487
36 8.90372467 0.000003815 0 -0.303494716 0.39042044 0.223960518
37 4.435424805 0.000125885 -25.179958344 -3.117617043 0.363008552 -3.024970545
38 14.171035767 0.000020027 1.280700684 -0.225042025 -0.517221498 0.205483395
39 10.9765625 0.000019073 0.352539063 0.308483969 -0.148726987 0.397828689
40 8.120292664 -0.000007629 0 1.250439972 0.573708961 0.693575328
41 8.120285034 0.000015259 -0.000030518 0.919768191 0.895600587 -0.485723332
42 8.120330811 -0.000003815 -0.000015259 0.849301857 0.133724838 -0.719311429
43 8.120330811 0.000015259 0.000059128 -0.329965542 -0.362795881 0.095916179
44 7.146942139 16.179790497 -9.195617676 1.376844409 -0.303705466 -0.072871366
45 -13.525146484 0 0.000007629 -0.038559178 -0.070354074 0.310641596
46 -11.953025818 -0.000015259 -0.000007629 0.12161666 -0.352074938 0.432984378
47 -8.290382385 0.000015259 0 -0.184504478 -0.258527032 0.1454478
48 -7.875 0 -0.000004053 -0.751056304 -0.279056902 -0.647272147
49 -8.78578186 0.000041962 0 -1.3732873 0.398961548 -1.127711075
50 -8.9037323 -0.000007629 0.000000477 0.126133452 0.090541909 0.228511963
51 7.146942139 -16.26625061 -9.19562149 -1.594435862 0.362965226 -2.75698367
52 13.525115967 0 0 -0.195857412 -0.062845233 0.477103328
53 11.953041077 0.000015259 0.000007629 0.213105876 0.121191127 0.265942855
54 8.290397644 0 -0.000007629 0.423799232 0.45366593 -0.432091323
55 7.875 -0.000015259 0 0.271843352 0.221791419 -1.084910873
56 8.78578186 -0.000030518 0.000003815 -0.13963782 -0.012290211 -0.861675213
57 8.90372467 0.000007629 0 -0.404250718 0.288847142 0.154861747
58 -5.367340088 8.36690712 8.703117371 1.628704865 -0.336820958 -3.00576201
59 13.525127411 -0.000015259 -0.000003815 -0.296468905 -0.078299246 -0.169078084
60 -3.441894531 -10.792384148 9.377002716 1.564910495 -0.342443987 -2.874059256
61 13.525127411 0 0 -0.486940176 0.201281536 -0.722619974
62 11.953041077 0.000030518 0.000000954 0.154721572 -0.201031747 0.020215524
63 8.290390015 -0.000015259 0.000007629 -0.35501049 -0.315577217 0.99990488
64 7.875 -0.000030518 0 -0.636435364 -0.506873721 0.655769995
65 19.394897461 -14.052384377 -0.467084885 1.030108944 0.246589154 -2.319098665
66 26.240768433 -0.000007629 0.000007629 -0.471503422 -0.623236529 1.252781689
67 31.970993042 0 -0.000009537 -1.120779472 0.197073003 0.214466878
68 4.627256393 -2.311302185 4.18561554 -0.021512477 -0.254658869 -0.451859094
69 2.980098724 -0.000007629 0 -0.040823197 0.14004721 0.242069561
70 1.982421875 0.000019073 0.000015259 0.001822187 0.301463179 0.041313792
71 10.844877243 -1.281570435 -1.331703186 0.003154845 -0.01855101 -1.502721343
72 3.98828125 0 0.000022888 0.024656551 0.116612118 -1.30426207
73 2.26953125 0 -0.000022888 0.010246566 0.020303916 -1.235445909
74 10.908864975 -1.237388611 0.829566956 -0.000630779 -0.016805739 -1.026934887
75 3.989433289 -0.000007629 0.000038147 -0.019707326 0.060104994 -0.767375705
76 3.478279114 -0.000011444 -0.000007629 0.022139145 -0.095480173 -0.867099316
77 10.291898727 -1.202156067 -3.344161987 0.018038834 -0.023865117 -1.537453755
78 2.757148743 -0.000003815 0.000015259 -0.212643829 -0.095596485 -1.291588308
79 1.775390625 0.000007629 -0.000022888 0.198076059 0.357239486 -1.30316968
80 10.971857071 -1.19392395 2.957328796 -0.013794302 -0.007266409 -1.135938318
81 3.82421875 -0.000007629 0.000030518 -0.000581957 0.002194796 -0.823676299
82 2.94140625 -0.000007629 0 0.003905504 0.006978783 -0.981107798
83 -0.000015259 0 -0.000003815 -0.340706191 0.159206997 -0.629605292
84 19.39491272 13.16059494 -0.467075348 1.110371215 0.552649366 -2.602479397
85 -26.240753174 0.000007629 0 0.028663835 -0.786101995 0.605877668
86 -31.971000671 0.000015259 -0.000003815 -1.328631512 0.320293047 -0.128711858
87 -11.614597321 3.933120728 0.069396973 -1.40662576 1.453766377 -2.420031686
88 -10.484516144 1.069213867 3.539878845 -3.131584703 0.028220486 2.411526648
89 2.757141113 0 0.000030518 -0.011712134 0.035128624 1.019560794
90 1.775390625 -0.000011444 -0.000015259 -0.216679664 -0.290714247 0.914158183
91 -11.046470642 1.142410278 1.529701233 -3.130487012 0.018259081 2.114134707
92 3.98828125 0.000011444 0.000038147 0.004872241 -0.009924216 1.610032301
93 2.26953125 0.000015259 0.000007629 -0.076539319 -0.095407065 1.438172442
94 -11.192642212 1.041542053 -2.758422852 -3.117305066 -0.000839709 2.423312439
95 3.82421875 0.000034332 0.000053406 0.00053161 0.002187187 1.610324685
96 8.785766602 -0.000045776 0 0.028889808 0.206538207 -0.655495889
97 2.94140625 0 -0.000022888 -0.004550553 0.006091757 1.767588569
98 -11.120113373 1.091545105 -0.631118774 -3.129555081 0.018852164 2.361761716
99 3.9894104 0.000001907 0.000045776 0.021444626 0.041947477 1.751021405
100 3.478288651 0.000038147 -0.000007629 -0.001306817 0.004312204 1.848998194
101 -4.853595734 2.155090332 -4.01852417 3.123057975 0.125574955 2.46129872
102 2.980098724 0.000003815 0 0.038574713 -0.163808097 -0.240289671
103 1.982421875 -0.000007629 0.000045776 0 0 -0.040571652
104 0.000007629 -0.000015259 -0.000011444 -0.01786834 -0.032037725 -0.918099438
105 7.08984375 0 -0.000000238 3.141592654 -0.174494795 3.141592654
106 7.528259277 8.168074608 -1.232801437 2.94944896 0.708789796 -3.024558483
107 -54.911254883 -0.649677277 -0.176696777 1.577884784 0.600847171 0.111131015
108 -61.183189392 0.000000954 0.000001907 0.174037262 0.013709953 -0.309466751
109 8.588699341 -0.00000003 1.514417648 0 0 0
110 4.260505676 -21.349502563 -3.218471527 0.094160944 -0.099554528 -0.46860751
111 15.606666565 0 -0.000013113 -0.063332261 0.177238974 0.067041447
112 15.853748322 0 -0.000007629 -0.089845701 -0.238168669 0.019720193
113 15.151855469 -0.000007629 0 -0.190401879 -0.757436905 -0.012568549
114 11.149969101 0.000007629 -0.000007629 0.08099477 0.338063815 -0.099366576
115 1.725067139 -0.142128021 11.160657883 -1.438560351 -0.994066815 -0.070971603
116 15.606674194 0 0 0.336442602 0.168965205 -0.679585563
117 15.853733063 -0.000007629 0 -0.088842563 -0.197332536 0.127992304
118 15.151861191 0 0 -0.286732337 -0.095522601 -0.693472234
119 11.149963379 0.000007629 0 0 0 0.185761647
120 6.67868042 -0.142132998 -16.932609558 1.57110782 -0.281938717 3.141548449
121 -15.606697083 0 0 0.099014976 -0.090355219 0.204129313
122 -15.853752136 0.000007629 0.000006676 0.015292025 -0.059743583 -0.177635733
123 -15.151855469 0.000003815 -0.000001907 -0.04957251 0.004207726 -0.629071519
124 -11.14995575 -0.000007629 0.000006437 0 0 0.050068938
125 2.507644653 15.939216614 6.722554207 -1.397950557 0.561987318 -2.789503917
126 -15.606689453 0 0 -0.109203478 0.06259142 0.865722727
127 -15.853742599 -0.000015259 0.000015259 0.084905609 -0.090686222 -0.130204486
128 -15.151853561 0.000007629 0.000003815 0.260143616 -0.130455839 0.540830193
129 -11.149963379 0 -0.000008583 0.013362443 -0.002303535 -0.055870867
130 2.507614136 -17.075353622 6.722565651 -1.35257055 -0.437211222 -0.404673104
131 15.606681824 0.000003815 0.000007629 -0.107692913 -0.057287722 0.195277569
132 15.853740692 0.000007629 0.000003815 -0.06055659 -0.208333531 -0.15926088
133 15.151851654 0 0 -0.137418428 -0.131468633 -0.804291532
134 11.149974823 0 -0.000015259 0.047549428 -0.026274043 0.069418211
135 5.893112183 15.939213753 -12.477539063 3.077839385 0.322125773 0.273274468
136 15.606666565 0.000007629 0.000022888 -0.106376447 -0.277032264 0.096815374
137 15.853759766 -0.000007629 -0.000015259 0.033550603 -0.042741445 0.143177356
138 15.151847839 0.000003815 0.000005722 0.035027579 0.469056531 -0.012755289
139 11.149959564 0 -0.000011444 0.029204351 -0.016421038 -0.034341355
140 5.893119812 -17.075357437 -12.477554321 1.680544536 -0.211051437 2.926762698
141 -15.606674194 -0.000003815 0.000007629 0.129629899 0.014537409 0.08677856
142 -15.853744507 -0.000003815 -0.000011444 0.062463952 -0.103017641 -0.201483603
143 -15.151855469 -0.000007629 -0.000007629 0.037229561 -0.106247251 -0.718061076
144 -11.14995575 -0.000015259 -0.000003815 -0.333224373 -0.011425259 0.159375797
145 4.260475159 20.773921967 -3.218482971 0.030441389 0.093538906 -2.826557892
146 -15.606689453 0.000003815 0 0.127790888 -0.44450421 -0.049309532
147 -15.853736877 0.000007629 -0.000015259 0.018247708 -0.097900403 -0.102139532
148 -15.151828766 0 0 0.050277113 0.449040664 0.010775586
149 -11.14994812 0.000003815 0 0.050342252 0.240599856 -0.038968627
150 7.528289795 -8.043749809 -1.232797623 -0.716835773 -0.064345179 0.033516685
151 54.911224365 0.649679184 0.176700592 1.642656089 -0.133404852 -0.360844044
152 61.183166504 -0.000003815 -0.000001907 0.542701548 0.211647802 0.109075119
153 -0.364088595 36.477970123 12.189170837 0.340633688 -0.000040147 0.000233438
154 -0.364086866 -2.758006096 4.994803905 0 0 0.000244115
155 -0.364086866 -2.758006096 4.994803905 0 0 0.000244115
156 -0.364086866 -2.758006096 4.994803905 0 0 0.000244115
157 -0.364086866 -2.758006096 4.994803905 0 0 0.000244115
158 -0.364086866 -2.758006096 4.994803905 0 0 0.000244115
159 -0.364086866 -2.758006096 4.994803905 0 0 0.000244115
160 -0.364086866 -2.758006096 4.994803905 0 0 0.000244115
161 -0.364086866 -2.758006096 4.994803905 0 0 0.000244115
162 -0.498048782 -4.95163393 0.510848999 0 0 0.000244115
163 -0.364086866 -2.758006096 4.994803905 0 0 0.000244115
time 14
0 -0.364086866 -2.758006096 4.994803905 0 0 0.000244115
1 -0.355918795 -27.166330183 3.436691046 0.704448788 -1.49397898 -2.56800859
2 130.809051514 0.00000003 -0.000000477 0 0 0
3 6.661987305 -0.142130047 2.521339893 -3.08594607 0.012623426 0.0211625
4 24.360931396 0.000000238 0.000011444 -0.365180317 0.432652769 -0.26167014
5 24.806396484 -0.00000596 0.765966415 -0.488008119 -0.348094639 0.176760084
6 8.120269775 -0.000000954 0 0.620169769 0.097886567 -0.092184319
7 8.120315552 -0.000000477 -0.000003815 0 -0.880742373 0
8 8.120315552 -0.000000477 -0.000003815 -0.216192487 -1.369859591 0.175150136
9 5.115219116 7.517072678 -23.079307556 1.501763517 -0.35837646 0.015053389
10 -13.525115967 -0.000007629 0 0.145956701 -0.169105159 0.315390051
11 -11.953025818 0 0 -0.225726715 -0.388073312 0.191685227
12 -8.290390015 0.000015259 0 -0.603265086 -0.567278606 -0.709149631
13 -7.875 0.000030518 0.000015259 -1.109180842 0.126547663 -0.974141082
14 -8.785797119 0.000034332 -0.000002861 -0.910396818 0.653021975 -0.354347099
15 -8.90372467 -0.000000954 -0.000015259 0.324042252 0.074443129 0.418345051
16 5.903427124 12.714836121 -17.693180084 1.370188491 -0.37922568 -0.02939746
17 -13.525115967 0 0 0.131771702 -0.17727444 0.249108763
18 -11.953041077 0.000015259 0.000001907 -0.122631179 -0.381961746 0.066633366
19 -8.290382385 -0.000015259 0 -0.479283698 -0.352469979 -0.717187306
20 -7.875 0.000030518 -0.000022888 -1.068803408 0.230786054 -1.024726015
21 -8.78578186 0.000041962 0 -0.915463045 0.701976041 -0.355499606
22 -8.9037323 0.000001907 0.000015259 0.150734637 -0.016151968 0.432398921
23 5.115203857 -7.60351944 -23.079330444 -1.554662072 0.381674365 -2.887288285
24 13.525115967 0 0.000003815 -0.073330041 0.107040133 0.432183172
25 11.953033447 0.000015259 -0.000003815 0.343698401 0.251995298 0.320916642
26 8.290397644 0.000015259 0.000015259 0.828206282 0.472046105 -0.569507072
27 7.875 -0.000038147 0.000015259 1.237691997 -0.183929099 -1.023955672
28 8.785797119 -0.000038147 -0.000003815 1.02678085 -0.834037551 -0.164664305
29 8.9037323 0.000001907 -0.000007629 -0.265161278 0.408291834 0.267273337
30 5.903396606 -12.801282883 -17.693202972 -1.598720893 0.442583503 -2.77991415
31 13.525115967 -0.000007629 -0.000007629 -0.085624593 0.068140695 0.428144294
32 11.953041077 0 -0.000007629 0.284820329 0.155174173 0.335354505
33 8.290397644 -0.000007629 0.000015259 0.712135185 0.45348262 -0.321366917
34 7.875 -0.000034332 0 0.914045379 0.036418745 -1.053707662
35 8.78578186 -0.000041962 0 0.827368348 -0.652193723 -0.61616302
36 8.90372467 0.000003815 0 -0.314687055 0.380815088 0.228198342
37 4.435424805 0.000125885 -25.179958344 -3.117617043 0.363008552 -3.024970545
38 14.171035767 0.000020027 1.280700684 -0.2308432 -0.502486631 0.209568757
39 10.9765625 0.000019073 0.352539063 0.251939466 -0.240814647 0.322677815
40 8.120292664 -0.000007629 0 1.115955494 0.372188396 0.605124555
41 8.120285034 0.000015259 -0.000030518 1.096221966 0.941596111 -0.256768684
42 8.120330811 -0.000003815 -0.000015259 0.911110848 0.236552081 -0.813906064
43 8.120330811 0.000015259 0.000059128 -0.331430533 -0.36700031 0.080564316
44 7.146942139 16.179790497 -9.195617676 1.376844409 -0.303705466 -0.072871366
45 -13.525146484 0 0.000007629 -0.038559178 -0.070354074 0.310641596
46 -11.953025818 -0.000015259 -0.000007629 0.126509524 -0.347598836 0.410326022
47 -8.290382385 0.000015259 0 -0.150052032 -0.221729825 0.223686101
48 -7.875 0 -0.000004053 -0.706547778 -0.286833906 -0.472692985
49 -8.78578186 0.000041962 0 -1.278101688 0.289345904 -1.098102338
50 -8.9037323 -0.000007629 0.000000477 0.124977177 0.102385874 0.232569347
51 7.146942139 -16.26625061 -9.19562149 -1.594435862 0.362965226 -2.75698367
52 13.525115967 0 0 -0.201371569 -0.047299469 0.481896696
53 11.953041077 0.000015259 0.000007629 0.197804354 0.078081773 0.328836072
54 8.290397644 0 -0.000007629 0.489562867 0.375582603 -0.207789913
55 7.875 -0.000015259 0 0.366214669 0.277862562 -0.98596066
56 8.78578186 -0.000030518 0.000003815 0.014658611 -0.026714502 -0.998009849
57 8.90372467 0.000007629 0 -0.412561551 0.275532295 0.158756296
58 -5.367340088 8.36690712 8.703117371 1.608148565 -0.319566888 -2.992193451
59 13.525127411 -0.000015259 -0.000003815 -0.296468905 -0.078299246 -0.169078084
60 -3.441894531 -10.792384148 9.377002716 1.542695482 -0.310388278 -2.858266508
61 13.525127411 0 0 -0.49607055 0.199026657 -0.772764831
62 11.953041077 0.000030518 0.000000954 0.191604168 -0.140686325 -0.096668051
63 8.290390015 -0.000015259 0.000007629 -0.300279507 -0.280462142 0.941095685
64 7.875 -0.000030518 0 -0.635459285 -0.483015526 0.780381087
65 19.394897461 -14.052384377 -0.467084885 1.011812168 0.247862068 -2.282305005
66 26.240768433 -0.000007629 0.000007629 -0.501803317 -0.608799762 1.308267796
67 31.970993042 0 -0.000009537 -1.120779472 0.197073003 0.214466878
68 4.627256393 -2.311302185 4.18561554 -0.021512477 -0.254658869 -0.451859094
69 2.980098724 -0.000007629 0 -0.040823197 0.14004721 0.242069561
70 1.982421875 0.000019073 0.000015259 0.001822187 0.301463179 0.041313792
71 10.844877243 -1.281570435 -1.331703186 0.003154845 -0.01855101 -1.502721343
72 3.98828125 0 0.000022888 0.024656551 0.116612118 -1.30426207
73 2.26953125 0 -0.000022888 0.010246566 0.020303916 -1.235445909
74 10.908864975 -1.237388611 0.829566956 -0.000818936 -0.016769655 -1.018519751
75 3.989433289 -0.000007629 0.000038147 -0.020177668 0.059434119 -0.759003174
76 3.478279114 -0.000011444 -0.000007629 0.022330457 -0.096442591 -0.858771034
77 10.291898727 -1.202156067 -3.344161987 0.018038834 -0.023865117 -1.537453755
78 2.757148743 -0.000003815 0.000015259 -0.216241699 -0.09560699 -1.291598505
79 1.775390625 0.000007629 -0.000022888 0.198076059 0.357239486 -1.30316968
80 10.971857071 -1.19392395 2.957328796 -0.013798168 -0.00708872 -1.127451494
81 3.82421875 -0.000007629 0.000030518 -0.000572554 0.002197268 -0.815112678
82 2.94140625 -0.000007629 0 0.003935483 0.006961921 -0.972506105
83 -0.000015259 0 -0.000003815 -0.340706191 0.159206997 -0.629605292
84 19.39491272 13.16059494 -0.467075348 1.112772775 0.518971442 -2.592866981
85 -26.240753174 0.000007629 0 0.018048481 -0.760114174 0.6116425
86 -31.971000671 0.000015259 -0.000003815 -1.328631512 0.320293047 -0.128711858
87 -11.614597321 3.933120728 0.069396973 -1.395457413 1.45797363 -2.408868859
88 -10.484516144 1.069213867 3.539878845 -3.131584703 0.028220486 2.411526648
89 2.757141113 0 0.000030518 -0.011712134 0.035128624 1.019560794
90 1.775390625 -0.000011444 -0.000015259 -0.215913583 -0.291176764 0.911567149
91 -11.046470642 1.142410278 1.529701233 -3.130487012 0.018259081 2.114134707
92 3.98828125 0.000011444 0.000038147 0.004872241 -0.009924216 1.610032301
93 2.26953125 0.000015259 0.000007629 -0.076539319 -0.095407065 1.438172442
94 -11.192642212 1.041542053 -2.758422852 -3.117276375 -0.000963093 2.426813419
95 3.82421875 0.000034332 0.000053406 0.00053161 0.002187187 1.610324685
96 8.785766602 -0.000045776 0 0.028889808 0.206538207 -0.655495889
97 2.94140625 0 -0.000022888 -0.004550553 0.006091757 1.767588569
98 -11.120113373 1.091545105 -0.631118774 -3.129532222 0.018837548 2.364187821
99 3.9894104 0.000001907 0.000045776 0.021444626 0.041947477 1.751021405
100 3.478288651 0.000038147 -0.000007629 -0.001306817 0.004312204 1.848998194
101 -4.853595734 2.155090332 -4.01852417 3.123057975 0.125574955 2.46129872
102 2.980098724 0.000003815 0 0.038574713 -0.163808097 -0.240289671
103 1.982421875 -0.000007629 0.000045776 0 0 -0.040571652
104 0.000007629 -0.000015259 -0.000011444 -0.01786834 -0.032037725 -0.918099438
105 7.08984375 0 -0.000000238 3.141592654 -0.174494795 3.141592654
106 7.528259277 8.168074608 -1.232801437 2.955297636 0.741528703 -3.020456993
107 -54.911254883 -0.649677277 -0.176696777 1.579073918 0.632503084 0.121457864
108 -61.183189392 0.000000954 0.000001907 0.174037262 0.013709953 -0.309466751
109 8.588699341 -0.00000003 1.514417648 0 0 0
110 4.260505676 -21.349502563 -3.218471527 0.089577141 -0.096048066 -0.48361091
111 15.606666565 0 -0.000013113 -0.067273054 0.199726677 0.056282399
112 15.853748322 0 -0.000007629 -0.087480994 -0.174810484 0.032822996
113 15.151855469 -0.000007629 0 -0.204531523 -0.711548605 0.037840473
114 11.149969101 0.000007629 -0.000007629 0.058606319 0.347872647 -0.113049383
115 1.725067139 -0.142128021 11.160657883 -1.422989753 -1.020435445 -0.07756713
116 15.606674194 0 0 0.33587367 0.177782486 -0.676495327
117 15.853733063 -0.000007629 0 -0.10732908 -0.214950738 0.225176856
118 15.151861191 0 0 -0.273089683 -0.148827565 -0.538744306
119 11.149963379 0.000007629 0 0 0 0.194345758
120 6.67868042 -0.142132998 -16.932609558 1.571124519 -0.280952405 3.141546245
121 -15.606697083 0 0 0.099903327 -0.098151022 0.217666899
122 -15.853752136 0.000007629 0.000006676 0.021964075 -0.068498159 -0.118200424
123 -15.151855469 0.000003815 -0.000001907 -0.038121126 -0.018382615 -0.554184562
124 -11.14995575 -0.000007629 0.000006437 0 0 0.065957942
125 2.507644653 15.939216614 6.722554207 -1.383600171 0.594139236 -2.765372502
126 -15.606689453 0 0 -0.087553514 0.070391721 0.831321384
127 -15.853742599 -0.000015259 0.000015259 0.086006262 -0.083708378 -0.229082058
128 -15.151853561 0.000007629 0.000003815 0.261406618 -0.114530274 0.348013944
129 -11.149963379 0 -0.000008583 -0.003493213 -0.003669443 -0.073293145
130 2.507614136 -17.075353622 6.722565651 -1.352753871 -0.435585974 -0.404377942
131 15.606681824 0.000003815 0.000007629 -0.112650173 -0.038991217 0.222538019
132 15.853740692 0.000007629 0.000003815 -0.076878197 -0.214925615 -0.094005992
133 15.151851654 0 0 -0.134987788 -0.16330716 -0.772415863
134 11.149974823 0 -0.000015259 0.04614233 -0.025625814 0.073338346
135 5.893112183 15.939213753 -12.477539063 3.075101763 0.314520872 0.27866955
136 15.606666565 0.000007629 0.000022888 -0.108695156 -0.288073858 0.103591634
137 15.853759766 -0.000007629 -0.000015259 0.023631117 -0.103666227 0.147326021
138 15.151847839 0.000003815 0.000005722 0.033379842 0.36069832 0.013194595
139 11.149959564 0 -0.000011444 0.028826422 -0.024798053 -0.040763748
140 5.893119812 -17.075357437 -12.477554321 1.67772509 -0.211960533 2.925350342
141 -15.606674194 -0.000003815 0.000007629 0.133699104 0.005708245 0.107446564
142 -15.853744507 -0.000003815 -0.000011444 0.064718535 -0.101205245 -0.146426622
143 -15.151855469 -0.000007629 -0.000007629 0.037655427 -0.109735228 -0.675463169
144 -11.14995575 -0.000015259 -0.000003815 -0.330870547 -0.005106357 0.175221934
145 4.260475159 20.773921967 -3.218482971 0.031111363 0.093376361 -2.819527095
146 -15.606689453 0.000003815 0 0.133894525 -0.454084648 -0.060186071
147 -15.853736877 0.000007629 -0.000015259 0.025777779 -0.163855294 -0.10471319
148 -15.151828766 0 0 0.050476574 0.31934372 0.000696792
149 -11.14994812 0.000003815 0 0.051386988 0.239902392 -0.031813061
150 7.528289795 -8.043749809 -1.232797623 -0.716487569 -0.044620523 0.033486655
151 54.911224365 0.649679184 0.176700592 1.63815761 -0.108163035 -0.342125754
152 61.183166504 -0.000003815 -0.000001907 0.542701548 0.211647802 0.109075119
153 -0.364088595 36.477970123 12.189170837 0.340633688 -0.000040147 0.000233438
154 -0.364086866 -2.758006096 4.994803905 0 0 0.000244115
155 -0.364086866 -2.758006096 4.994803905 0 0 0.000244115
156 -0.364086866 -2.758006096 4.994803905 0 0 0.000244115
157 -0.364086866 -2.758006096 4.994803905 0 0 0.000244115
158 -0.364086866 -2.758006096 4.994803905 0 0 0.000244115
159 -0.364086866 -2.758006096 4.994803905 0 0 0.000244115
160 -0.364086866 -2.758006096 4.994803905 0 0 0.000244115
161 -0.364086866 -2.758006096 4.994803905 0 0 0.000244115
162 -0.498048782 -4.95163393 0.510848999 0 0 0.000244115
163 -0.364086866 -2.758006096 4.994803905 0 0 0.000244115
time 15
0 -0.364086866 -2.758006096 4.994803905 0 0 0.000244115
1 -0.355918676 -29.788288116 3.436691046 0.745842466 -1.490895129 -2.62696703
2 130.809051514 0.00000003 -0.000000477 0 0 0
3 6.661987305 -0.142130047 2.521339893 -3.074372954 0.012402903 0.021577377
4 24.360931396 0.000000238 0.000011444 -0.357082868 0.430736113 -0.258227534
5 24.806396484 -0.00000596 0.765966415 -0.491874526 -0.348043239 0.176244053
6 8.120269775 -0.000000954 0 0.598842488 0.097850482 -0.092205078
7 8.120315552 -0.000000477 -0.000003815 0 -0.880742373 0
8 8.120315552 -0.000000477 -0.000003815 -0.216192487 -1.369859591 0.175150136
9 5.115219116 7.517072678 -23.079307556 1.501763517 -0.35837646 0.015053389
10 -13.525115967 -0.000007629 0 0.151573418 -0.164306482 0.302346608
11 -11.953025818 0 0 -0.20276948 -0.331240847 0.268764783
12 -8.290390015 0.000015259 0 -0.632777784 -0.55023887 -0.482805042
13 -7.875 0.000030518 0.000015259 -1.081766728 0.004358858 -0.962924604
14 -8.785797119 0.000034332 -0.000002861 -1.046293633 0.679964337 -0.52818982
15 -8.90372467 -0.000000954 -0.000015259 0.334324806 0.089672347 0.416959054
16 5.903427124 12.714836121 -17.693180084 1.370188491 -0.37922568 -0.02939746
17 -13.525115967 0 0 0.136224252 -0.172960189 0.243568055
18 -11.953041077 0.000015259 0.000001907 -0.114204876 -0.348009732 0.159602254
19 -8.290382385 -0.000015259 0 -0.476976928 -0.37608509 -0.521905934
20 -7.875 0.000030518 -0.000022888 -1.03391387 0.12956958 -1.030339805
21 -8.78578186 0.000041962 0 -1.032264771 0.736934881 -0.524507596
22 -8.9037323 0.000001907 0.000015259 0.15510122 -0.007876955 0.431030502
23 5.115203857 -7.60351944 -23.079330444 -1.554662072 0.381674365 -2.887288285
24 13.525115967 0 0.000003815 -0.077765476 0.116839911 0.410828511
25 11.953033447 0.000015259 -0.000003815 0.311147961 0.202855847 0.374393066
26 8.290397644 0.000015259 0.000015259 0.841243576 0.420104907 -0.327244041
27 7.875 -0.000038147 0.000015259 1.223363081 -0.035619389 -0.945962417
28 8.785797119 -0.000038147 -0.000003815 1.214463831 -0.891014153 -0.347374742
29 8.9037323 0.000001907 -0.000007629 -0.269638411 0.405498611 0.267087138
30 5.903396606 -12.801282883 -17.693202972 -1.598720893 0.442583503 -2.77991415
31 13.525115967 -0.000007629 -0.000007629 -0.088819631 0.083968318 0.409980933
32 11.953041077 0 -0.000007629 0.256428986 0.116925393 0.377639914
33 8.290397644 -0.000007629 0.000015259 0.730605245 0.371732289 -0.115532324
34 7.875 -0.000034332 0 0.930945513 0.136378406 -0.910701741
35 8.78578186 -0.000041962 0 0.980443316 -0.638585566 -0.75016275
36 8.90372467 0.000003815 0 -0.327769061 0.369232354 0.226772472
37 4.435424805 0.000125885 -25.179958344 -3.117617043 0.363008552 -3.024970545
38 14.171035767 0.000020027 1.280700684 -0.229835965 -0.471559893 0.205928779
39 10.9765625 0.000019073 0.352539063 0.208550527 -0.295369478 0.267917202
40 8.120292664 -0.000007629 0 0.989516273 0.190678767 0.510003042
41 8.120285034 0.000015259 -0.000030518 1.264916095 0.876943622 -0.002005037
42 8.120330811 -0.000003815 -0.000015259 0.9788795 0.356754746 -0.866792025
43 8.120330811 0.000015259 0.000059128 -0.333767641 -0.364326017 0.063907184
44 7.146942139 16.179790497 -9.195617676 1.376844409 -0.303705466 -0.072871366
45 -13.525146484 0 0.000007629 -0.038559178 -0.070354074 0.310641596
46 -11.953025818 -0.000015259 -0.000007629 0.132413739 -0.333870999 0.375453741
47 -8.290382385 0.000015259 0 -0.117549041 -0.195093738 0.270877207
48 -7.875 0 -0.000004053 -0.664657411 -0.274378207 -0.306806885
49 -8.78578186 0.000041962 0 -1.159273429 0.181633708 -1.019743838
50 -8.9037323 -0.000007629 0.000000477 0.129283567 0.113689781 0.232317083
51 7.146942139 -16.26625061 -9.19562149 -1.594435862 0.362965226 -2.75698367
52 13.525115967 0 0 -0.204726758 -0.02919936 0.472261176
53 11.953041077 0.000015259 0.000007629 0.180717619 0.052944568 0.366045932
54 8.290397644 0 -0.000007629 0.512727766 0.292992277 -0.040281361
55 7.875 -0.000015259 0 0.458224 0.307871105 -0.807078201
56 8.78578186 -0.000030518 0.000003815 0.177127526 -0.011429247 -1.066105648
57 8.90372467 0.000007629 0 -0.421005197 0.259811569 0.157700294
58 -5.367340088 8.36690712 8.703117371 1.595559618 -0.30418705 -2.988437624
59 13.525127411 -0.000015259 -0.000003815 -0.296468905 -0.078299246 -0.169078084
60 -3.441894531 -10.792384148 9.377002716 1.527498518 -0.285549979 -2.852687958
61 13.525127411 0 0 -0.510894317 0.200946107 -0.812695875
62 11.953041077 0.000030518 0.000000954 0.21682999 -0.083988728 -0.196433976
63 8.290390015 -0.000015259 0.000007629 -0.245609268 -0.243881891 0.845819944
64 7.875 -0.000030518 0 -0.618912486 -0.452310496 0.86289253
65 19.394897461 -14.052384377 -0.467084885 0.998977643 0.236609283 -2.244121869
66 26.240768433 -0.000007629 0.000007629 -0.53006272 -0.594357463 1.362314178
67 31.970993042 0 -0.000009537 -1.120779472 0.197073003 0.214466878
68 4.627256393 -2.311302185 4.18561554 -0.021512477 -0.254658869 -0.451859094
69 2.980098724 -0.000007629 0 -0.040823197 0.14004721 0.242069561
70 1.982421875 0.000019073 0.000015259 0.001822187 0.301463179 0.041313792
71 10.844877243 -1.281570435 -1.331703186 0.003154845 -0.01855101 -1.502721343
72 3.98828125 0 0.000022888 0.024656551 0.116612118 -1.30426207
73 2.26953125 0 -0.000022888 0.010246566 0.020303916 -1.235445909
74 10.908864975 -1.237388611 0.829566956 -0.000929442 -0.016690618 -1.01032198
75 3.989433289 -0.000007629 0.000038147 -0.020530817 0.058909841 -0.750829421
76 3.478279114 -0.000011444 -0.000007629 0.02252418 -0.097405958 -0.850648585
77 10.291898727 -1.202156067 -3.344161987 0.018038834 -0.023865117 -1.537453755
78 2.757148743 -0.000003815 0.000015259 -0.219840035 -0.095618378 -1.291613568
79 1.775390625 0.000007629 -0.000022888 0.198076059 0.357239486 -1.30316968
80 10.971857071 -1.19392395 2.957328796 -0.013873856 -0.006957107 -1.118987457
81 3.82421875 -0.000007629 0.000030518 -0.000563365 0.002199642 -0.806752675
82 2.94140625 -0.000007629 0 0.003964644 0.006945356 -0.964118698
83 -0.000015259 0 -0.000003815 -0.340706191 0.159206997 -0.629605292
84 19.39491272 13.16059494 -0.467075348 1.1124936 0.540756668 -2.599984241
85 -26.240753174 0.000007629 0 0.0215435 -0.728254263 0.607368325
86 -31.971000671 0.000015259 -0.000003815 -1.328631512 0.320293047 -0.128711858
87 -11.614597321 3.933120728 0.069396973 -1.404280628 1.454642807 -2.417658198
88 -10.484516144 1.069213867 3.539878845 -3.131584703 0.028220486 2.411526648
89 2.757141113 0 0.000030518 -0.011712134 0.035128624 1.019560794
90 1.775390625 -0.000011444 -0.000015259 -0.215160939 -0.291627323 0.909074892
91 -11.046470642 1.142410278 1.529701233 -3.130487012 0.018259081 2.114134707
92 3.98828125 0.000011444 0.000038147 0.004872241 -0.009924216 1.610032301
93 2.26953125 0.000015259 0.000007629 -0.076539319 -0.095407065 1.438172442
94 -11.192642212 1.041542053 -2.758422852 -3.117278051 -0.001004527 2.430221217
95 3.82421875 0.000034332 0.000053406 0.00053161 0.002187187 1.610324685
96 8.785766602 -0.000045776 0 0.028889808 0.206538207 -0.655495889
97 2.94140625 0 -0.000022888 -0.004550553 0.006091757 1.767588569
98 -11.120113373 1.091545105 -0.631118774 -3.129509391 0.018822913 2.366612705
99 3.9894104 0.000001907 0.000045776 0.021444626 0.041947477 1.751021405
100 3.478288651 0.000038147 -0.000007629 -0.001306817 0.004312204 1.848998194
101 -4.853595734 2.155090332 -4.01852417 3.123057975 0.125574955 2.46129872
102 2.980098724 0.000003815 0 0.038574713 -0.163808097 -0.240289671
103 1.982421875 -0.000007629 0.000045776 0 0 -0.040571652
104 0.000007629 -0.000015259 -0.000011444 -0.01786834 -0.032037725 -0.918099438
105 7.08984375 0 -0.000000238 3.141592654 -0.174494795 3.141592654
106 7.528259277 8.168074608 -1.232801437 2.961219047 0.774074711 -3.01629656
107 -54.911254883 -0.649677277 -0.176696777 1.58034432 0.664410613 0.131803931
108 -61.183189392 0.000000954 0.000001907 0.174037262 0.013709953 -0.309466751
109 8.588699341 -0.00000003 1.514417648 0 0 0
110 4.260505676 -21.349502563 -3.218471527 0.085470639 -0.092886715 -0.497187513
111 15.606666565 0 -0.000013113 -0.069565375 0.22051236 0.041049159
112 15.853748322 0 -0.000007629 -0.08510757 -0.116199389 0.042860377
113 15.151855469 -0.000007629 0 -0.213042021 -0.650910997 0.083945104
114 11.149969101 0.000007629 -0.000007629 0.038339437 0.35684611 -0.125470574
115 1.725067139 -0.142128021 11.160657883 -1.407763493 -1.044449402 -0.083451577
116 15.606674194 0 0 0.335372056 0.185987486 -0.673035973
117 15.853733063 -0.000007629 0 -0.128469146 -0.22706459 0.307604062
118 15.151861191 0 0 -0.266927111 -0.199376517 -0.373582945
119 11.149963379 0.000007629 0 0 0 0.202065827
120 6.67868042 -0.142132998 -16.932609558 1.57114069 -0.279966163 3.141544131
121 -15.606697083 0 0 0.098098229 -0.10533721 0.228582603
122 -15.853752136 0.000007629 0.000006676 0.027354565 -0.074837399 -0.068071645
123 -15.151855469 0.000003815 -0.000001907 -0.029829114 -0.037148987 -0.474725375
124 -11.14995575 -0.000007629 0.000006437 0 0 0.082283068
125 2.507644653 15.939216614 6.722554207 -1.369177514 0.626754689 -2.739969341
126 -15.606689453 0 0 -0.067373361 0.077557536 0.79671728
127 -15.853742599 -0.000015259 0.000015259 0.088338938 -0.0794117 -0.308457602
128 -15.151853561 0.000007629 0.000003815 0.255413079 -0.099847163 0.167690137
129 -11.149963379 0 -0.000008583 -0.018786131 -0.004915524 -0.09088096
130 2.507614136 -17.075353622 6.722565651 -1.352807065 -0.434191135 -0.404150293
131 15.606681824 0.000003815 0.000007629 -0.112635847 -0.014936729 0.246824545
132 15.853740692 0.000007629 0.000003815 -0.093108126 -0.217754081 -0.031193896
133 15.151851654 0 0 -0.132818999 -0.195831404 -0.724653818
134 11.149974823 0 -0.000015259 0.044915983 -0.024969166 0.076823766
135 5.893112183 15.939213753 -12.477539063 3.072382764 0.30671951 0.283473205
136 15.606666565 0.000007629 0.000022888 -0.108331809 -0.294906962 0.109471483
137 15.853759766 -0.000007629 -0.000015259 0.014362546 -0.151667098 0.150026641
138 15.151847839 0.000003815 0.000005722 0.029437851 0.259721134 0.030746758
139 11.149959564 0 -0.000011444 0.028474573 -0.032409949 -0.04656945
140 5.893119812 -17.075357437 -12.477554321 1.675133983 -0.212671991 2.924112336
141 -15.606674194 -0.000003815 0.000007629 0.134289778 -0.003450669 0.127199558
142 -15.853744507 -0.000003815 -0.000011444 0.066657699 -0.098938368 -0.096550257
143 -15.151855469 -0.000007629 -0.000007629 0.036020147 -0.110369294 -0.622947672
144 -11.14995575 -0.000015259 -0.000003815 -0.328554453 0.000661105 0.189512916
145 4.260475159 20.773921967 -3.218482971 0.031662569 0.093235466 -2.813198459
146 -15.606689453 0.000003815 0 0.136892666 -0.458070072 -0.071402575
147 -15.853736877 0.000007629 -0.000015259 0.033732255 -0.215533301 -0.106765684
148 -15.151828766 0 0 0.05130362 0.200327418 -0.004041559
149 -11.14994812 0.000003815 0 0.052264614 0.239215469 -0.025287736
150 7.528289795 -8.043749809 -1.232797623 -0.71622282 -0.025363635 0.033457489
151 54.911224365 0.649679184 0.176700592 1.633230089 -0.080345023 -0.321532864
152 61.183166504 -0.000003815 -0.000001907 0.542701548 0.211647802 0.109075119
153 -0.364088595 36.477970123 12.189170837 0.340633688 -0.000040147 0.000233438
154 -0.364086866 -2.758006096 4.994803905 0 0 0.000244115
155 -0.364086866 -2.758006096 4.994803905 0 0 0.000244115
156 -0.364086866 -2.758006096 4.994803905 0 0 0.000244115
157 -0.364086866 -2.758006096 4.994803905 0 0 0.000244115
158 -0.364086866 -2.758006096 4.994803905 0 0 0.000244115
159 -0.364086866 -2.758006096 4.994803905 0 0 0.000244115
160 -0.364086866 -2.758006096 4.994803905 0 0 0.000244115
161 -0.364086866 -2.758006096 4.994803905 0 0 0.000244115
162 -0.498048782 -4.95163393 0.510848999 0 0 0.000244115
163 -0.364086866 -2.758006096 4.994803905 0 0 0.000244115
time 16
0 -0.364086866 -2.758006096 4.994803905 0 0 0.000244115
1 -0.355918556 -32.4102418 3.436691046 0.778143859 -1.488538298 -2.672521882
2 130.809051514 0.00000003 -0.000000477 0 0 0
3 6.661987305 -0.142130047 2.521339893 -3.062796196 0.012260826 0.022080079
4 24.360931396 0.000000238 0.000011444 -0.333992269 0.425006042 -0.248333041
5 24.806396484 -0.00000596 0.765966415 -0.502898675 -0.34798174 0.174877015
6 8.120269775 -0.000000954 0 0.577583385 0.097911016 -0.092207907
7 8.120315552 -0.000000477 -0.000003815 0 -0.880742373 0
8 8.120315552 -0.000000477 -0.000003815 -0.216192487 -1.369859591 0.175150136
9 5.115219116 7.517072678 -23.079307556 1.501763517 -0.35837646 0.015053389
10 -13.525115967 -0.000007629 0 0.152676069 -0.142375888 0.286303089
11 -11.953025818 0 0 -0.180020454 -0.288324435 0.310354337
12 -8.290390015 0.000015259 0 -0.639235238 -0.502030359 -0.288834254
13 -7.875 0.000030518 0.000015259 -1.035844595 -0.112956217 -0.883123099
14 -8.785797119 0.000034332 -0.000002861 -1.172122555 0.649960843 -0.689663297
15 -8.90372467 -0.000000954 -0.000015259 0.347043946 0.106070892 0.412884806
16 5.903427124 12.714836121 -17.693180084 1.370188491 -0.37922568 -0.02939746
17 -13.525115967 0 0 0.134949933 -0.154125123 0.239416731
18 -11.953041077 0.000015259 0.000001907 -0.102811394 -0.316513843 0.215336429
19 -8.290382385 -0.000015259 0 -0.475494127 -0.369809753 -0.33430634
20 -7.875 0.000030518 -0.000022888 -0.972767573 0.027713148 -0.97276757
21 -8.78578186 0.000041962 0 -1.14282638 0.725793785 -0.689591399
22 -8.9037323 0.000001907 0.000015259 0.167587507 0.000083683 0.427168806
23 5.115203857 -7.60351944 -23.079330444 -1.554662072 0.381674365 -2.887288285
24 13.525115967 0 0.000003815 -0.080195913 0.111267962 0.376617022
25 11.953033447 0.000015259 -0.000003815 0.284211705 0.174352658 0.40093201
26 8.290397644 0.000015259 0.000015259 0.822608943 0.358202399 -0.147823496
27 7.875 -0.000038147 0.000015259 1.1935812 0.094338995 -0.797752914
28 8.785797119 -0.000038147 -0.000003815 1.387337138 -0.860094352 -0.515546669
29 8.9037323 0.000001907 -0.000007629 -0.278939232 0.397874126 0.266476633
30 5.903396606 -12.801282883 -17.693202972 -1.598720893 0.442583503 -2.77991415
31 13.525115967 -0.000007629 -0.000007629 -0.090160721 0.088285387 0.376785059
32 11.953041077 0 -0.000007629 0.233568735 0.097773293 0.399277841
33 8.290397644 -0.000007629 0.000015259 0.713947347 0.299997131 0.02774951
34 7.875 -0.000034332 0 0.940795725 0.20799606 -0.720973073
35 8.78578186 -0.000041962 0 1.079255888 -0.560856982 -0.802061867
36 8.90372467 0.000003815 0 -0.343587055 0.354982835 0.222971908
37 4.435424805 0.000125885 -25.179958344 -3.117617043 0.363008552 -3.024970545
38 14.171035767 0.000020027 1.280700684 -0.217344554 -0.435344443 0.180277991
39 10.9765625 0.000019073 0.352539063 0.178463183 -0.320746592 0.232503729
40 8.120292664 -0.000007629 0 0.883908837 0.046500532 0.431161301
41 8.120285034 0.000015259 -0.000030518 1.337612187 0.729704953 0.173687472
42 8.120330811 -0.000003815 -0.000015259 1.053392102 0.481016348 -0.849914228
43 8.120330811 0.000015259 0.000059128 -0.337592355 -0.356605099 0.044863744
44 7.146942139 16.179790497 -9.195617676 1.376844409 -0.303705466 -0.072871366
45 -13.525146484 0 0.000007629 -0.038559178 -0.070354074 0.310641596
46 -11.953025818 -0.000015259 -0.000007629 0.134501876 -0.301039338 0.345865202
47 -8.290382385 0.000015259 0 -0.092049056 -0.175056228 0.288563359
48 -7.875 0 -0.000004053 -0.621449858 -0.253711824 -0.168167057
49 -8.78578186 0.000041962 0 -1.033778898 0.079483402 -0.902166021
50 -8.9037323 -0.000007629 0.000000477 0.141239731 0.125843711 0.231419053
51 7.146942139 -16.26625061 -9.19562149 -1.594435862 0.362965226 -2.75698367
52 13.525115967 0 0 -0.204198639 -0.018554361 0.447954902
53 11.953041077 0.000015259 0.000007629 0.166130675 0.04181084 0.387812698
54 8.290397644 0 -0.000007629 0.507416993 0.228133625 0.076530216
55 7.875 -0.000015259 0 0.531901051 0.310206198 -0.604511211
56 8.78578186 -0.000030518 0.000003815 0.324524576 0.027121923 -1.049021962
57 8.90372467 0.000007629 0 -0.430370195 0.240685 0.154637898
58 -5.367340088 8.36690712 8.703117371 1.599594442 -0.287571101 -2.999826605
59 13.525127411 -0.000015259 -0.000003815 -0.296468905 -0.078299246 -0.169078084
60 -3.441894531 -10.792384148 9.377002716 1.528385368 -0.273038943 -2.862112098
61 13.525127411 0 0 -0.53336686 0.204446383 -0.848034586
62 11.953041077 0.000030518 0.000000954 0.230542993 -0.030243517 -0.277319515
63 8.290390015 -0.000015259 0.000007629 -0.194722816 -0.20538107 0.730049039
64 7.875 -0.000030518 0 -0.589330887 -0.417190568 0.901079244
65 19.394897461 -14.052384377 -0.467084885 0.987138899 0.217712911 -2.201502036
66 26.240768433 -0.000007629 0.000007629 -0.556523484 -0.580057473 1.4149977
67 31.970993042 0 -0.000009537 -1.120779472 0.197073003 0.214466878
68 4.627256393 -2.311302185 4.18561554 -0.021512477 -0.254658869 -0.451859094
69 2.980098724 -0.000007629 0 -0.040823197 0.14004721 0.242069561
70 1.982421875 0.000019073 0.000015259 0.001822187 0.301463179 0.041313792
71 10.844877243 -1.281570435 -1.331703186 0.003154845 -0.01855101 -1.502721343
72 3.98828125 0 0.000022888 0.024656551 0.116612118 -1.30426207
73 2.26953125 0 -0.000022888 0.010246566 0.020303916 -1.235445909
74 10.908864975 -1.237388611 0.829566956 -0.00111323 -0.016652544 -1.00233927
75 3.989433289 -0.000007629 0.000038147 -0.020974901 0.05835604 -0.742856564
76 3.478279114 -0.000011444 -0.000007629 0.022720518 -0.09837018 -0.842730671
77 10.291898727 -1.202156067 -3.344161987 0.018038834 -0.023865117 -1.537453755
78 2.757148743 -0.000003815 0.000015259 -0.223369062 -0.095578124 -1.291634847
79 1.775390625 0.000007629 -0.000022888 0.198076059 0.357239486 -1.30316968
80 10.971857071 -1.19392395 2.957328796 -0.013874214 -0.006781744 -1.110850637
81 3.82421875 -0.000007629 0.000030518 -0.000633915 0.002168364 -0.798594935
82 2.94140625 -0.000007629 0 0.003953295 0.007005737 -0.955944195
83 -0.000015259 0 -0.000003815 -0.340706191 0.159206997 -0.629605292
84 19.39491272 13.16059494 -0.467075348 1.111450397 0.602405838 -2.620225976
85 -26.240753174 0.000007629 0 0.031563024 -0.68874731 0.595054449
86 -31.971000671 0.000015259 -0.000003815 -1.328631512 0.320293047 -0.128711858
87 -11.614597321 3.933120728 0.069396973 -1.429939119 1.445417861 -2.443346493
88 -10.484516144 1.069213867 3.539878845 -3.131584703 0.028220486 2.411526648
89 2.757141113 0 0.000030518 -0.011712134 0.035128624 1.019560794
90 1.775390625 -0.000011444 -0.000015259 -0.214370903 -0.292191658 0.90659683
91 -11.046470642 1.142410278 1.529701233 -3.130487012 0.018259081 2.114134707
92 3.98828125 0.000011444 0.000038147 0.004872241 -0.009924216 1.610032301
93 2.26953125 0.000015259 0.000007629 -0.076539319 -0.095407065 1.438172442
94 -11.192642212 1.041542053 -2.758422852 -3.11724982 -0.001125768 2.433533704
95 3.82421875 0.000034332 0.000053406 0.00053161 0.002187187 1.610324685
96 8.785766602 -0.000045776 0 0.028889808 0.206538207 -0.655495889
97 2.94140625 0 -0.000022888 -0.004550553 0.006091757 1.767588569
98 -11.120113373 1.091545105 -0.631118774 -3.129454945 0.018728862 2.368943252
99 3.9894104 0.000001907 0.000045776 0.021444626 0.041947477 1.751021405
100 3.478288651 0.000038147 -0.000007629 -0.001306817 0.004312204 1.848998194
101 -4.853595734 2.155090332 -4.01852417 3.123057975 0.125574955 2.46129872
102 2.980098724 0.000003815 0 0.038574713 -0.163808097 -0.240289671
103 1.982421875 -0.000007629 0.000045776 0 0 -0.040571652
104 0.000007629 -0.000015259 -0.000011444 -0.01786834 -0.032037725 -0.918099438
105 7.08984375 0 -0.000000238 3.141592654 -0.174494795 3.141592654
106 7.528259277 8.168074608 -1.232801437 2.967058596 0.805964232 -3.012205453
107 -54.911254883 -0.649677277 -0.176696777 1.581590494 0.696266554 0.142200863
108 -61.183189392 0.000000954 0.000001907 0.174037262 0.013709953 -0.309466751
109 8.588699341 -0.00000003 1.514417648 0 0 0
110 4.260505676 -21.349502563 -3.218471527 0.081862247 -0.090144611 -0.509063801
111 15.606666565 0 -0.000013113 -0.069783371 0.241034666 0.021996606
112 15.853748322 0 -0.000007629 -0.083025773 -0.062963491 0.048948884
113 15.151855469 -0.000007629 0 -0.215438456 -0.578662666 0.124214398
114 11.149969101 0.000007629 -0.000007629 0.020577315 0.364628408 -0.136323346
115 1.725067139 -0.142128021 11.160657883 -1.392902042 -1.06543515 -0.088510798
116 15.606674194 0 0 0.334880923 0.19346949 -0.669220996
117 15.853733063 -0.000007629 0 -0.151845777 -0.23321404 0.376286087
118 15.151861191 0 0 -0.269172833 -0.244965091 -0.212634667
119 11.149963379 0.000007629 0 0 0 0.208921001
120 6.67868042 -0.142132998 -16.932609558 1.571048133 -0.278856735 3.141557315
121 -15.606697083 0 0 0.093614666 -0.111425906 0.238309484
122 -15.853752136 0.000007629 0.000006676 0.031709213 -0.07894559 -0.026307611
123 -15.151855469 0.000003815 -0.000001907 -0.024021149 -0.051559414 -0.395116989
124 -11.14995575 -0.000007629 0.000006437 0 0 0.098786499
125 2.507644653 15.939216614 6.722554207 -1.354731531 0.659564558 -2.713362972
126 -15.606689453 0 0 -0.049138558 0.084071372 0.762287506
127 -15.853742599 -0.000015259 0.000015259 0.092799968 -0.075937253 -0.371902089
128 -15.151853561 0.000007629 0.000003815 0.245390411 -0.090030788 0.011874288
129 -11.149963379 0 -0.000008583 -0.032179615 -0.005983451 -0.108471697
130 2.507614136 -17.075353622 6.722565651 -1.352964828 -0.433064286 -0.404066663
131 15.606681824 0.000003815 0.000007629 -0.107260927 0.014312424 0.269845951
132 15.853740692 0.000007629 0.000003815 -0.108950911 -0.215931835 0.027384577
133 15.151851654 0 0 -0.132060776 -0.227957606 -0.662976344
134 11.149974823 0 -0.000015259 0.043863128 -0.024478273 0.079870939
135 5.893112183 15.939213753 -12.477539063 3.069865149 0.298693445 0.287713828
136 15.606666565 0.000007629 0.000022888 -0.105300571 -0.298683481 0.114405282
137 15.853759766 -0.000007629 -0.000015259 0.005889814 -0.189004018 0.151319649
138 15.151847839 0.000003815 0.000005722 0.024425942 0.169964512 0.041589362
139 11.149959564 0 -0.000011444 0.028212684 -0.038996426 -0.051670077
140 5.893119812 -17.075357437 -12.477554321 1.672894591 -0.213353829 2.922961625
141 -15.606674194 -0.000003815 0.000007629 0.131446534 -0.012236296 0.147427037
142 -15.853744507 -0.000003815 -0.000011444 0.068284024 -0.09624828 -0.051629758
143 -15.151855469 -0.000007629 -0.000007629 0.033069459 -0.10795656 -0.563397987
144 -11.14995575 -0.000015259 -0.000003815 -0.326225399 0.005677499 0.202101192
145 4.260475159 20.773921967 -3.218482971 0.03216606 0.093018067 -2.807571841
146 -15.606689453 0.000003815 0 0.136846196 -0.457647153 -0.082998011
147 -15.853736877 0.000007629 -0.000015259 0.042014408 -0.255309884 -0.108586061
148 -15.151828766 0 0 0.052331865 0.096603608 -0.004471961
149 -11.14994812 0.000003815 0 0.052943844 0.238634605 -0.019654505
150 7.528289795 -8.043749809 -1.232797623 -0.715853585 -0.006686744 0.03337513
151 54.911224365 0.649679184 0.176700592 1.627988837 -0.050166565 -0.299381604
152 61.183166504 -0.000003815 -0.000001907 0.542701548 0.211647802 0.109075119
153 -0.364088595 36.477970123 12.189170837 0.340633688 -0.000040147 0.000233438
154 -0.364086866 -2.758006096 4.994803905 0 0 0.000244115
155 -0.364086866 -2.758006096 4.994803905 0 0 0.000244115
156 -0.364086866 -2.758006096 4.994803905 0 0 0.000244115
157 -0.364086866 -2.758006096 4.994803905 0 0 0.000244115
158 -0.364086866 -2.758006096 4.994803905 0 0 0.000244115
159 -0.364086866 -2.758006096 4.994803905 0 0 0.000244115
160 -0.364086866 -2.758006096 4.994803905 0 0 0.000244115
161 -0.364086866 -2.758006096 4.994803905 0 0 0.000244115
162 -0.498048782 -4.95163393 0.510848999 0 0 0.000244115
163 -0.364086866 -2.758006096 4.994803905 0 0 0.000244115
time 17
0 -0.364086866 -2.758006096 4.994803905 0 0 0.000244115
1 -0.355918467 -35.008858031 3.436691046 0.798722047 -1.48708089 -2.701592806
2 130.809051514 0.00000003 -0.000000477 0 0 0
3 6.661987305 -0.142130047 2.521339893 -3.051391202 0.012032935 0.022490676
4 24.360931396 0.000000238 0.000011444 -0.298224643 0.415979528 -0.233089941
5 24.806396484 -0.00000596 0.765966415 -0.519997586 -0.347730709 0.17266351
6 8.120269775 -0.000000954 0 0.556482806 0.097906636 -0.092238415
7 8.120315552 -0.000000477 -0.000003815 0 -0.880742373 0
8 8.120315552 -0.000000477 -0.000003815 -0.216192487 -1.369859591 0.175150136
9 5.115219116 7.517072678 -23.079307556 1.501763517 -0.35837646 0.015053389
10 -13.525115967 -0.000007629 0 0.148072114 -0.110636566 0.270689769
11 -11.953025818 0 0 -0.158240282 -0.250587016 0.324400291
12 -8.290390015 0.000015259 0 -0.621574524 -0.442633371 -0.14337616
13 -7.875 0.000030518 0.000015259 -0.990396225 -0.211256462 -0.751753926
14 -8.785797119 0.000034332 -0.000002861 -1.247108966 0.564848698 -0.800348179
15 -8.90372467 -0.000000954 -0.000015259 0.36176368 0.123351659 0.406647057
16 5.903427124 12.714836121 -17.693180084 1.370188491 -0.37922568 -0.02939746
17 -13.525115967 0 0 0.127373379 -0.127563259 0.237654863
18 -11.953041077 0.000015259 0.000001907 -0.089641354 -0.283014932 0.242728554
19 -8.290382385 -0.000015259 0 -0.467105491 -0.343049117 -0.179288042
20 -7.875 0.000030518 -0.000022888 -0.903638191 -0.064943321 -0.862574893
21 -8.78578186 0.000041962 0 -1.206959145 0.665753281 -0.812825995
22 -8.9037323 0.000001907 0.000015259 0.186988288 0.007610798 0.421158171
23 5.115203857 -7.60351944 -23.079330444 -1.554662072 0.381674365 -2.887288285
24 13.525115967 0 0.000003815 -0.078590541 0.096201046 0.336962008
25 11.953033447 0.000015259 -0.000003815 0.261116474 0.155178968 0.404873454
26 8.290397644 0.000015259 0.000015259 0.78478966 0.304316144 -0.024394049
27 7.875 -0.000038147 0.000015259 1.164012294 0.193926891 -0.621314335
28 8.785797119 -0.000038147 -0.000003815 1.478134219 -0.752580996 -0.605729143
29 8.9037323 0.000001907 -0.000007629 -0.292417345 0.386130781 0.265522922
30 5.903396606 -12.801282883 -17.693202972 -1.598720893 0.442583503 -2.77991415
31 13.525115967 -0.000007629 -0.000007629 -0.088108427 0.085169417 0.336182801
32 11.953041077 0 -0.000007629 0.214251368 0.08743526 0.402268958
33 8.290397644 -0.000007629 0.000015259 0.679857808 0.24639132 0.123933418
34 7.875 -0.000034332 0 0.942552927 0.250570198 -0.528321252
35 8.78578186 -0.000041962 0 1.117955796 -0.441757572 -0.774776229
36 8.90372467 0.000003815 0 -0.361711533 0.338623885 0.217089977
37 4.435424805 0.000125885 -25.179958344 -3.117617043 0.363008552 -3.024970545
38 14.171035767 0.000020027 1.280700684 -0.197417327 -0.39822959 0.142896756
39 10.9765625 0.000019073 0.352539063 0.157537693 -0.322204839 0.203694626
40 8.120292664 -0.000007629 0 0.797728001 -0.058567887 0.368866291
41 8.120285034 0.000015259 -0.000030518 1.32805645 0.554351478 0.26964649
42 8.120330811 -0.000003815 -0.000015259 1.140945806 0.587178891 -0.752169939
43 8.120330811 0.000015259 0.000059128 -0.34253922 -0.34458588 0.023650178
44 7.146942139 16.179790497 -9.195617676 1.376844409 -0.303705466 -0.072871366
45 -13.525146484 0 0.000007629 -0.038559178 -0.070354074 0.310641596
46 -11.953025818 -0.000015259 -0.000007629 0.131047986 -0.258784677 0.322564282
47 -8.290382385 0.000015259 0 -0.069927571 -0.151909706 0.284886437
48 -7.875 0 -0.000004053 -0.578488635 -0.228810885 -0.063641818
49 -8.78578186 0.000041962 0 -0.916841214 -0.011242405 -0.761301598
50 -8.9037323 -0.000007629 0.000000477 0.159871345 0.13854495 0.230116024
51 7.146942139 -16.26625061 -9.19562149 -1.594435862 0.362965226 -2.75698367
52 13.525115967 0 0 -0.199427349 -0.012147082 0.415714517
53 11.953041077 0.000015259 0.000007629 0.15272854 0.038012305 0.394605713
54 8.290397644 0 -0.000007629 0.487574274 0.181953808 0.156513615
55 7.875 -0.000015259 0 0.578726023 0.294223807 -0.417825839
56 8.78578186 -0.000030518 0.000003815 0.443738697 0.075307027 -0.961582335
57 8.90372467 0.000007629 0 -0.440444077 0.218881282 0.149877861
58 -5.367340088 8.36690712 8.703117371 1.619589155 -0.267901103 -3.026362675
59 13.525127411 -0.000015259 -0.000003815 -0.296468905 -0.078299246 -0.169078084
60 -3.441894531 -10.792384148 9.377002716 1.545653513 -0.269501152 -2.886817542
61 13.525127411 0 0 -0.56303067 0.205779794 -0.878482062
62 11.953041077 0.000030518 0.000000954 0.23285278 0.019720392 -0.340223649
63 8.290390015 -0.000015259 0.000007629 -0.150030185 -0.165184209 0.61026634
64 7.875 -0.000030518 0 -0.550216703 -0.379135444 0.897665188
65 19.394897461 -14.052384377 -0.467084885 0.975472025 0.191549087 -2.155281987
66 26.240768433 -0.000007629 0.000007629 -0.580911044 -0.56596332 1.465734055
67 31.970993042 0 -0.000009537 -1.120779472 0.197073003 0.214466878
68 4.627256393 -2.311302185 4.18561554 -0.021512477 -0.254658869 -0.451859094
69 2.980098724 -0.000007629 0 -0.040823197 0.14004721 0.242069561
70 1.982421875 0.000019073 0.000015259 0.001822187 0.301463179 0.041313792
71 10.844877243 -1.281570435 -1.331703186 0.003154845 -0.01855101 -1.502721343
72 3.98828125 0 0.000022888 0.024656551 0.116612118 -1.30426207
73 2.26953125 0 -0.000022888 0.010246566 0.020303916 -1.235445909
74 10.908864975 -1.237388611 0.829566956 -0.001295767 -0.016613346 -0.994472189
75 3.989433289 -0.000007629 0.000038147 -0.021317658 0.057755073 -0.735076697
76 3.478279114 -0.000011444 -0.000007629 0.022914984 -0.099336251 -0.834921335
77 10.291898727 -1.202156067 -3.344161987 0.018038834 -0.023865117 -1.537453755
78 2.757148743 -0.000003815 0.000015259 -0.226777128 -0.09555458 -1.291655202
79 1.775390625 0.000007629 -0.000022888 0.198076059 0.357239486 -1.30316968
80 10.971857071 -1.19392395 2.957328796 -0.0139465 -0.006652563 -1.10283549
81 3.82421875 -0.000007629 0.000030518 -0.000625182 0.002170898 -0.790544717
82 2.94140625 -0.000007629 0 0.003981158 0.006989941 -0.947980922
83 -0.000015259 0 -0.000003815 -0.340706191 0.159206997 -0.629605292
84 19.39491272 13.16059494 -0.467075348 1.10998356 0.698188666 -2.651699733
85 -26.240753174 0.000007629 0 0.047017638 -0.642781091 0.576048438
86 -31.971000671 0.000015259 -0.000003815 -1.328631512 0.320293047 -0.128711858
87 -11.614597321 3.933120728 0.069396973 -1.469608475 1.431062362 -2.483054942
88 -10.484516144 1.069213867 3.539878845 -3.131584703 0.028220486 2.411526648
89 2.757141113 0 0.000030518 -0.011712134 0.035128624 1.019560794
90 1.775390625 -0.000011444 -0.000015259 -0.213710548 -0.292590827 0.904212946
91 -11.046470642 1.142410278 1.529701233 -3.130487012 0.018259081 2.114134707
92 3.98828125 0.000011444 0.000038147 0.004872241 -0.009924216 1.610032301
93 2.26953125 0.000015259 0.000007629 -0.076539319 -0.095407065 1.438172442
94 -11.192642212 1.041542053 -2.758422852 -3.117332682 -0.001194752 2.436753356
95 3.82421875 0.000034332 0.000053406 0.00053161 0.002187187 1.610324685
96 8.785766602 -0.000045776 0 0.028889808 0.206538207 -0.655495889
97 2.94140625 0 -0.000022888 -0.004550553 0.006091757 1.767588569
98 -11.120113373 1.091545105 -0.631118774 -3.12943314 0.018714714 2.371272631
99 3.9894104 0.000001907 0.000045776 0.021444626 0.041947477 1.751021405
100 3.478288651 0.000038147 -0.000007629 -0.001306817 0.004312204 1.848998194
101 -4.853595734 2.155090332 -4.01852417 3.123057975 0.125574955 2.46129872
102 2.980098724 0.000003815 0 0.038574713 -0.163808097 -0.240289671
103 1.982421875 -0.000007629 0.000045776 0 0 -0.040571652
104 0.000007629 -0.000015259 -0.000011444 -0.01786834 -0.032037725 -0.918099438
105 7.08984375 0 -0.000000238 3.141592654 -0.174494795 3.141592654
106 7.528259277 8.168074608 -1.232801437 2.972972772 0.837196059 -3.00803365
107 -54.911254883 -0.649677277 -0.176696777 1.583049552 0.727929078 0.152478832
108 -61.183189392 0.000000954 0.000001907 0.174037262 0.013709953 -0.309466751
109 8.588699341 -0.00000003 1.514417648 0 0 0
110 4.260505676 -21.349502563 -3.218471527 0.078831525 -0.087793928 -0.518873406
111 15.606666565 0 -0.000013113 -0.067858002 0.262437421 -0.000160488
112 15.853748322 0 -0.000007629 -0.081395307 -0.015055115 0.050465665
113 15.151855469 -0.000007629 0 -0.21223537 -0.498444944 0.157133595
114 11.149969101 0.000007629 -0.000007629 0.005863344 0.371143551 -0.145346512
115 1.725067139 -0.142128021 11.160657883 -1.378292278 -1.082759084 -0.092909932
116 15.606674194 0 0 0.334496413 0.199954099 -0.664893263
117 15.853733063 -0.000007629 0 -0.176829754 -0.232666421 0.433140138
118 15.151861191 0 0 -0.27967935 -0.284659001 -0.065626406
119 11.149963379 0.000007629 0 0 0 0.214563191
120 6.67868042 -0.142132998 -16.932609558 1.570494239 -0.2776241 -3.141550449
121 -15.606697083 0 0 0.086645351 -0.115942114 0.248001948
122 -15.853752136 0.000007629 0.000006676 0.035263215 -0.080971629 0.008161957
123 -15.151855469 0.000003815 -0.000001907 -0.020078064 -0.061644425 -0.319158761
124 -11.14995575 -0.000007629 0.000006437 0 0 0.115383165
125 2.507644653 15.939216614 6.722554207 -1.340307651 0.692226091 -2.68558773
126 -15.606689453 0 0 -0.033302043 0.08967279 0.728391978
127 -15.853742599 -0.000015259 0.000015259 0.099861657 -0.071654185 -0.422874257
128 -15.151853561 0.000007629 0.000003815 0.235453238 -0.085875637 -0.116262619
129 -11.149963379 0 -0.000008583 -0.043337891 -0.006799995 -0.125988997
130 2.507614136 -17.075353622 6.722565651 -1.353000298 -0.432245228 -0.403868475
131 15.606681824 0.000003815 0.000007629 -0.09638884 0.048017523 0.292566977
132 15.853740692 0.000007629 0.000003815 -0.123879785 -0.208478951 0.080899711
133 15.151851654 0 0 -0.134011861 -0.257933767 -0.589584155
134 11.149974823 0 -0.000015259 0.042903354 -0.023978551 0.082484776
135 5.893112183 15.939213753 -12.477539063 3.06738865 0.290633497 0.29127659
136 15.606666565 0.000007629 0.000022888 -0.099640409 -0.300221181 0.117915546
137 15.853759766 -0.000007629 -0.000015259 -0.00183057 -0.217393635 0.1513396
138 15.151847839 0.000003815 0.000005722 0.018877218 0.093100442 0.047115111
139 11.149959564 0 -0.000011444 0.027933062 -0.044475068 -0.055890104
140 5.893119812 -17.075357437 -12.477554321 1.67088671 -0.213963501 2.922099411
141 -15.606674194 -0.000003815 0.000007629 0.1252406 -0.019730386 0.168921775
142 -15.853744507 -0.000003815 -0.000011444 0.069239713 -0.093093026 -0.011353932
143 -15.151855469 -0.000007629 -0.000007629 0.029287149 -0.102878043 -0.499342767
144 -11.14995575 -0.000015259 -0.000003815 -0.324002345 0.009789315 0.212480637
145 4.260475159 20.773921967 -3.218482971 0.032634513 0.092900862 -2.802993956
146 -15.606689453 0.000003815 0 0.133476627 -0.453785812 -0.094609661
147 -15.853736877 0.000007629 -0.000015259 0.050570955 -0.285473461 -0.11050925
148 -15.151828766 0 0 0.053862381 0.009104159 -0.001395383
149 -11.14994812 0.000003815 0 0.053592117 0.238251945 -0.01497736
150 7.528289795 -8.043749809 -1.232797623 -0.715470892 0.011170909 0.033332054
151 54.911224365 0.649679184 0.176700592 1.622470078 -0.018038882 -0.275790737
152 61.183166504 -0.000003815 -0.000001907 0.542701548 0.211647802 0.109075119
153 -0.364088595 36.477970123 12.189170837 0.340633688 -0.000040147 0.000233438
154 -0.364086866 -2.758006096 4.994803905 0 0 0.000244115
155 -0.364086866 -2.758006096 4.994803905 0 0 0.000244115
156 -0.364086866 -2.758006096 4.994803905 0 0 0.000244115
157 -0.364086866 -2.758006096 4.994803905 0 0 0.000244115
158 -0.364086866 -2.758006096 4.994803905 0 0 0.000244115
159 -0.364086866 -2.758006096 4.994803905 0 0 0.000244115
160 -0.364086866 -2.758006096 4.994803905 0 0 0.000244115
161 -0.364086866 -2.758006096 4.994803905 0 0 0.000244115
162 -0.498048782 -4.95163393 0.510848999 0 0 0.000244115
163 -0.364086866 -2.758006096 4.994803905 0 0 0.000244115
time 18
0 -0.364086866 -2.758006096 4.994803905 0 0 0.000244115
1 -0.355918348 -37.56078919 3.436691046 0.805670184 -1.486530319 -2.711518381
2 130.809051514 0.00000003 -0.000000477 0 0 0
3 6.661987305 -0.142130047 2.521339893 -3.0400688 0.011887921 0.022903278
4 24.360931396 0.000000238 0.000011444 -0.25169413 0.404001459 -0.213297774
5 24.806396484 -0.00000596 0.765966415 -0.542208837 -0.347498046 0.169916321
6 8.120269775 -0.000000954 0 0.535718603 0.097904837 -0.092179308
7 8.120315552 -0.000000477 -0.000003815 0 -0.880742373 0
8 8.120315552 -0.000000477 -0.000003815 -0.216192487 -1.369859591 0.175150136
9 5.115219116 7.517072678 -23.079307556 1.501763517 -0.35837646 0.015053389
10 -13.525115967 -0.000007629 0 0.137252664 -0.074351719 0.257720504
11 -11.953025818 0 0 -0.137694746 -0.213726049 0.319129775
12 -8.290390015 0.000015259 0 -0.587860653 -0.382479571 -0.044680707
13 -7.875 0.000030518 0.000015259 -0.955502699 -0.280133074 -0.593382923
14 -8.785797119 0.000034332 -0.000002861 -1.258612106 0.44202012 -0.844184294
15 -8.90372467 -0.000000954 -0.000015259 0.37811597 0.141156975 0.39856345
16 5.903427124 12.714836121 -17.693180084 1.370188491 -0.37922568 -0.02939746
17 -13.525115967 0 0 0.113653814 -0.097890848 0.23904779
18 -11.953041077 0.000015259 0.000001907 -0.075476501 -0.246444215 0.250682307
19 -8.290382385 -0.000015259 0 -0.450298016 -0.304065984 -0.065229521
20 -7.875 0.000030518 -0.000022888 -0.84186537 -0.139053059 -0.719956897
21 -8.78578186 0.000041962 0 -1.203913538 0.567812531 -0.869783907
22 -8.9037323 0.000001907 0.000015259 0.212083723 0.014870002 0.413433839
23 5.115203857 -7.60351944 -23.079330444 -1.554662072 0.381674365 -2.887288285
24 13.525115967 0 0.000003815 -0.071640066 0.075346387 0.296697346
25 11.953033447 0.000015259 -0.000003815 0.24077459 0.138984043 0.39178714
26 8.290397644 0.000015259 0.000015259 0.739192241 0.261245389 0.055165771
27 7.875 -0.000038147 0.000015259 1.1365181 0.260958517 -0.448648193
28 8.785797119 -0.000038147 -0.000003815 1.490005728 -0.600923261 -0.619829757
29 8.9037323 0.000001907 -0.000007629 -0.309352983 0.370870548 0.264271024
30 5.903396606 -12.801282883 -17.693202972 -1.598720893 0.442583503 -2.77991415
31 13.525115967 -0.000007629 -0.000007629 -0.081575988 0.077475288 0.293332562
32 11.953041077 0 -0.000007629 0.197130403 0.080480407 0.390507004
33 8.290397644 -0.000007629 0.000015259 0.639051495 0.208008432 0.185683127
34 7.875 -0.000034332 0 0.933746651 0.270689765 -0.359011371
35 8.78578186 -0.000041962 0 1.118905883 -0.305032659 -0.698972915
36 8.90372467 0.000003815 0 -0.381648978 0.320593603 0.209338282
37 4.435424805 0.000125885 -25.179958344 -3.117617043 0.363008552 -3.024970545
38 14.171035767 0.000020027 1.280700684 -0.172537363 -0.363531633 0.100238401
39 10.9765625 0.000019073 0.352539063 0.142754896 -0.306139955 0.175699554
40 8.120292664 -0.000007629 0 0.727429387 -0.127647504 0.318307769
41 8.120285034 0.000015259 -0.000030518 1.27780357 0.387320004 0.316874203
42 8.120330811 -0.000003815 -0.000015259 1.241238075 0.65443142 -0.585415286
43 8.120330811 0.000015259 0.000059128 -0.348666849 -0.329030345 0.000906329
44 7.146942139 16.179790497 -9.195617676 1.376844409 -0.303705466 -0.072871366
45 -13.525146484 0 0.000007629 -0.038559178 -0.070354074 0.310641596
46 -11.953025818 -0.000015259 -0.000007629 0.121536797 -0.214375459 0.306149405
47 -8.290382385 0.000015259 0 -0.048887866 -0.122533543 0.267610328
48 -7.875 0 -0.000004053 -0.536736544 -0.199322653 0.006593462
49 -8.78578186 0.000041962 0 -0.817729932 -0.082939778 -0.613952173
50 -8.9037323 -0.000007629 0.000000477 0.184036108 0.151718461 0.228287791
51 7.146942139 -16.26625061 -9.19562149 -1.594435862 0.362965226 -2.75698367
52 13.525115967 0 0 -0.190031343 -0.008096599 0.380137972
53 11.953041077 0.000015259 0.000007629 0.140186543 0.037933944 0.389414532
54 8.290397644 0 -0.000007629 0.460745707 0.149761452 0.209105408
55 7.875 -0.000015259 0 0.600055016 0.270470505 -0.263812413
56 8.78578186 -0.000030518 0.000003815 0.533310555 0.123160667 -0.832201682
57 8.90372467 0.000007629 0 -0.450939355 0.194867505 0.143772109
58 -5.367340088 8.36690712 8.703117371 1.65504803 -0.243637647 -3.067633612
59 13.525127411 -0.000015259 -0.000003815 -0.296468905 -0.078299246 -0.169078084
60 -3.441894531 -10.792384148 9.377002716 1.578586305 -0.27165545 -2.926874808
61 13.525127411 0 0 -0.5986584 0.202171574 -0.904451632
62 11.953041077 0.000030518 0.000000954 0.223524608 0.065620597 -0.388190179
63 8.290390015 -0.000015259 0.000007629 -0.112696793 -0.123370332 0.497808413
64 7.875 -0.000030518 0 -0.505595534 -0.338550584 0.859611037
65 19.394897461 -14.052384377 -0.467084885 0.963070933 0.158551027 -2.106231231
66 26.240768433 -0.000007629 0.000007629 -0.603376179 -0.552047915 1.514296111
67 31.970993042 0 -0.000009537 -1.120779472 0.197073003 0.214466878
68 4.627256393 -2.311302185 4.18561554 -0.021512477 -0.254658869 -0.451859094
69 2.980098724 -0.000007629 0 -0.040823197 0.14004721 0.242069561
70 1.982421875 0.000019073 0.000015259 0.001822187 0.301463179 0.041313792
71 10.844877243 -1.281570435 -1.331703186 0.003154845 -0.01855101 -1.502721343
72 3.98828125 0 0.000022888 0.024656551 0.116612118 -1.30426207
73 2.26953125 0 -0.000022888 0.010246566 0.020303916 -1.235445909
74 10.908864975 -1.237388611 0.829566956 -0.001399409 -0.016532311 -0.986916355
75 3.989433289 -0.000007629 0.000038147 -0.021704496 0.05723523 -0.727588821
76 3.478279114 -0.000011444 -0.000007629 0.023161423 -0.100188068 -0.827407648
77 10.291898727 -1.202156067 -3.344161987 0.018038834 -0.023865117 -1.537453755
78 2.757148743 -0.000003815 0.000015259 -0.230139113 -0.095587719 -1.291564263
79 1.775390625 0.000007629 -0.000022888 0.198076059 0.357239486 -1.30316968
80 10.971857071 -1.19392395 2.957328796 -0.01394322 -0.006480237 -1.095143522
81 3.82421875 -0.000007629 0.000030518 -0.000616757 0.002173306 -0.782788051
82 2.94140625 -0.000007629 0 0.003931271 0.006935354 -0.940227701
83 -0.000015259 0 -0.000003815 -0.340706191 0.159206997 -0.629605292
84 19.39491272 13.16059494 -0.467075348 1.108062628 0.822294403 -2.692402614
85 -26.240753174 0.000007629 0 0.066997954 -0.591930496 0.551433161
86 -31.971000671 0.000015259 -0.000003815 -1.328631512 0.320293047 -0.128711858
87 -11.614597321 3.933120728 0.069396973 -1.521566848 1.412392451 -2.534947157
88 -10.484516144 1.069213867 3.539878845 -3.131584703 0.028220486 2.411526648
89 2.757141113 0 0.000030518 -0.011712134 0.035128624 1.019560794
90 1.775390625 -0.000011444 -0.000015259 -0.212984203 -0.293016482 0.901918697
91 -11.046470642 1.142410278 1.529701233 -3.130487012 0.018259081 2.114134707
92 3.98828125 0.000011444 0.000038147 0.004872241 -0.009924216 1.610032301
93 2.26953125 0.000015259 0.000007629 -0.076539319 -0.095407065 1.438172442
94 -11.192642212 1.041542053 -2.758422852 -3.117334578 -0.001232668 2.439879155
95 3.82421875 0.000034332 0.000053406 0.00053161 0.002187187 1.610324685
96 8.785766602 -0.000045776 0 0.028889808 0.206538207 -0.655495889
97 2.94140625 0 -0.000022888 -0.004550553 0.006091757 1.767588569
98 -11.120113373 1.091545105 -0.631118774 -3.129332191 0.018733458 2.373508346
99 3.9894104 0.000001907 0.000045776 0.021444626 0.041947477 1.751021405
100 3.478288651 0.000038147 -0.000007629 -0.001306817 0.004312204 1.848998194
101 -4.853595734 2.155090332 -4.01852417 3.123057975 0.125574955 2.46129872
102 2.980098724 0.000003815 0 0.038574713 -0.163808097 -0.240289671
103 1.982421875 -0.000007629 0.000045776 0 0 -0.040571652
104 0.000007629 -0.000015259 -0.000011444 -0.01786834 -0.032037725 -0.918099438
105 7.08984375 0 -0.000000238 3.141592654 -0.174494795 3.141592654
106 7.528259277 8.168074608 -1.232801437 2.978663936 0.867485992 -3.004003506
107 -54.911254883 -0.649677277 -0.176696777 1.584625077 0.759012392 0.162597094
108 -61.183189392 0.000000954 0.000001907 0.174037262 0.013709953 -0.309466751
109 8.588699341 -0.00000003 1.514417648 0 0 0
110 4.260505676 -21.349502563 -3.218471527 0.076529653 -0.086053042 -0.526355236
111 15.606666565 0 -0.000013113 -0.063564916 0.28539039 -0.024141961
112 15.853748322 0 -0.000007629 -0.08001366 0.027899044 0.047182263
113 15.151855469 -0.000007629 0 -0.204772374 -0.413940866 0.181446004
114 11.149969101 0.000007629 -0.000007629 -0.005309789 0.376045694 -0.152195203
115 1.725067139 -0.142128021 11.160657883 -1.364430064 -1.095893427 -0.096089865
116 15.606674194 0 0 0.334193289 0.205233645 -0.65998407
117 15.853733063 -0.000007629 0 -0.202634872 -0.224727329 0.479763423
118 15.151861191 0 0 -0.298340033 -0.318822653 0.063340199
119 11.149963379 0.000007629 0 0 0 0.218817648
120 6.67868042 -0.142132998 -16.932609558 1.571039662 -0.27626837 3.141558825
121 -15.606697083 0 0 0.077090947 -0.118246186 0.258121149
122 -15.853752136 0.000007629 0.000006676 0.03791398 -0.080934426 0.036743535
123 -15.151855469 0.000003815 -0.000001907 -0.017129701 -0.067491554 -0.249332761
124 -11.14995575 -0.000007629 0.000006437 0 0 0.131987755
125 2.507644653 15.939216614 6.722554207 -1.326082374 0.724547843 -2.656588264
126 -15.606689453 0 0 -0.020179145 0.094383604 0.695473487
127 -15.853742599 -0.000015259 0.000015259 0.109309654 -0.065016619 -0.464563716
128 -15.151853561 0.000007629 0.000003815 0.229118684 -0.086675368 -0.219430146
129 -11.149963379 0 -0.000008583 -0.051736249 -0.007519833 -0.143176584
130 2.507614136 -17.075353622 6.722565651 -1.353019001 -0.43167017 -0.403839545
131 15.606681824 0.000003815 0.000007629 -0.07962744 0.085139786 0.316061939
132 15.853740692 0.000007629 0.000003815 -0.137141807 -0.194979165 0.128767527
133 15.151851654 0 0 -0.139840693 -0.283036218 -0.507010737
134 11.149974823 0 -0.000015259 0.042291006 -0.023648907 0.084399589
135 5.893112183 15.939213753 -12.477539063 3.065074665 0.282327943 0.293917241
136 15.606666565 0.000007629 0.000022888 -0.091408994 -0.299969138 0.119696916
137 15.853759766 -0.000007629 -0.000015259 -0.008733048 -0.238911817 0.150196609
138 15.151847839 0.000003815 0.000005722 0.013307165 0.028775455 0.048625987
139 11.149959564 0 -0.000011444 0.02778452 -0.04867015 -0.059057636
140 5.893119812 -17.075357437 -12.477554321 1.669229876 -0.214358544 2.921396985
141 -15.606674194 -0.000003815 0.000007629 0.115776717 -0.02498887 0.192284134
142 -15.853744507 -0.000003815 -0.000011444 0.069582405 -0.08917464 0.024992917
143 -15.151855469 -0.000007629 -0.000007629 0.025419673 -0.095299925 -0.433392826
144 -11.14995575 -0.000015259 -0.000003815 -0.321821394 0.012939956 0.220301176
145 4.260475159 20.773921967 -3.218482971 0.032968403 0.092814083 -2.799472576
146 -15.606689453 0.000003815 0 0.126649889 -0.446827121 -0.106165002
147 -15.853736877 0.000007629 -0.000015259 0.059326871 -0.308247234 -0.112559998
148 -15.151828766 0 0 0.056087215 -0.063257641 0.004445334
149 -11.14994812 0.000003815 0 0.054024207 0.237895365 -0.011369422
150 7.528289795 -8.043749809 -1.232797623 -0.715065956 0.028129648 0.033358093
151 54.911224365 0.649679184 0.176700592 1.616897898 0.015728531 -0.251167783
152 61.183166504 -0.000003815 -0.000001907 0.542701548 0.211647802 0.109075119
153 -0.364088595 36.477970123 12.189170837 0.340633688 -0.000040147 0.000233438
154 -0.364086866 -2.758006096 4.994803905 0 0 0.000244115
155 -0.364086866 -2.758006096 4.994803905 0 0 0.000244115
156 -0.364086866 -2.758006096 4.994803905 0 0 0.000244115
157 -0.364086866 -2.758006096 4.994803905 0 0 0.000244115
158 -0.364086866 -2.758006096 4.994803905 0 0 0.000244115
159 -0.364086866 -2.758006096 4.994803905 0 0 0.000244115
160 -0.364086866 -2.758006096 4.994803905 0 0 0.000244115
161 -0.364086866 -2.758006096 4.994803905 0 0 0.000244115
162 -0.498048782 -4.95163393 0.510848999 0 0 0.000244115
163 -0.364086866 -2.758006096 4.994803905 0 0 0.000244115
time 19
0 -0.364086866 -2.758006096 4.994803905 0 0 0.000244115
1 -0.355918229 -40.042702291 3.436691046 0.789830933 -1.487126786 -2.689171298
2 130.809051514 0.00000003 -0.000000477 0 0 0
3 6.661987305 -0.142130047 2.521339893 -3.029176533 0.011657446 0.023307567
4 24.360931396 0.000000238 0.000011444 -0.196666336 0.389344816 -0.189831865
5 24.806396484 -0.00000596 0.765966415 -0.568447994 -0.347139557 0.166551835
6 8.120269775 -0.000000954 0 0.515548605 0.097880707 -0.092206764
7 8.120315552 -0.000000477 -0.000003815 0 -0.880742373 0
8 8.120315552 -0.000000477 -0.000003815 -0.216192487 -1.369859591 0.175150136
9 5.115219116 7.517072678 -23.079307556 1.501763517 -0.35837646 0.015053389
10 -13.525115967 -0.000007629 0 0.117229815 -0.039160385 0.250206855
11 -11.953025818 0 0 -0.117124009 -0.174057644 0.300352174
12 -8.290390015 0.000015259 0 -0.545459738 -0.321965216 0.014743784
13 -7.875 0.000030518 0.000015259 -0.930989171 -0.314372421 -0.431679028
14 -8.785797119 0.000034332 -0.000002861 -1.221824467 0.302047967 -0.828736772
15 -8.90372467 -0.000000954 -0.000015259 0.395608485 0.159325426 0.38895274
16 5.903427124 12.714836121 -17.693180084 1.370188491 -0.37922568 -0.02939746
17 -13.525115967 0 0 0.090948401 -0.071557839 0.245265929
18 -11.953041077 0.000015259 0.000001907 -0.059379532 -0.204415639 0.245295514
19 -8.290382385 -0.000015259 0 -0.426188862 -0.254638919 0.010078877
20 -7.875 0.000030518 -0.000022888 -0.793812403 -0.186395105 -0.564752733
21 -8.78578186 0.000041962 0 -1.142657226 0.447124126 -0.860009402
22 -8.9037323 0.000001907 0.000015259 0.241847761 0.02165738 0.404194949
23 5.115203857 -7.60351944 -23.079330444 -1.554662072 0.381674365 -2.887288285
24 13.525115967 0 0.000003815 -0.055871149 0.053240369 0.258385659
25 11.953033447 0.000015259 -0.000003815 0.220767395 0.121221418 0.367486302
26 8.290397644 0.000015259 0.000015259 0.691057262 0.224678966 0.101653637
27 7.875 -0.000038147 0.000015259 1.10830289 0.299139976 -0.298106409
28 8.785797119 -0.000038147 -0.000003815 1.45843078 -0.435239918 -0.58956014
29 8.9037323 0.000001907 -0.000007629 -0.329000311 0.352877261 0.262832899
30 5.903396606 -12.801282883 -17.693202972 -1.598720893 0.442583503 -2.77991415
31 13.525115967 -0.000007629 -0.000007629 -0.06690157 0.069546216 0.250597368
32 11.953041077 0 -0.000007629 0.17973703 0.072185146 0.369170575
33 8.290397644 -0.000007629 0.000015259 0.595401429 0.177989292 0.221844898
34 7.875 -0.000034332 0 0.914286513 0.275257895 -0.223103616
35 8.78578186 -0.000041962 0 1.104397528 -0.170332447 -0.603269958
36 8.90372467 0.000003815 0 -0.40287154 0.301310113 0.200265446
37 4.435424805 0.000125885 -25.179958344 -3.117617043 0.363008552 -3.024970545
38 14.171035767 0.000020027 1.280700684 -0.141252071 -0.333665013 0.057696059
39 10.9765625 0.000019073 0.352539063 0.131041022 -0.277873701 0.144720112
40 8.120292664 -0.000007629 0 0.669001857 -0.16620788 0.272304903
41 8.120285034 0.000015259 -0.000030518 1.213249087 0.244554883 0.334644916
42 8.120330811 -0.000003815 -0.000015259 1.338216854 0.671946643 -0.385318251
43 8.120330811 0.000015259 0.000059128 -0.355703314 -0.310618041 -0.022898582
44 7.146942139 16.179790497 -9.195617676 1.376844409 -0.303705466 -0.072871366
45 -13.525146484 0 0.000007629 -0.038559178 -0.070354074 0.310641596
46 -11.953025818 -0.000015259 -0.000007629 0.104038086 -0.176039823 0.297172674
47 -8.290382385 0.000015259 0 -0.026066892 -0.084078898 0.241957845
48 -7.875 0 -0.000004053 -0.495674013 -0.160549611 0.04669075
49 -8.78578186 0.000041962 0 -0.737776699 -0.128378472 -0.470673946
50 -8.9037323 -0.000007629 0.000000477 0.212576831 0.16502068 0.226016234
51 7.146942139 -16.26625061 -9.19562149 -1.594435862 0.362965226 -2.75698367
52 13.525115967 0 0 -0.172534841 -0.000523774 0.34334596
53 11.953041077 0.000015259 0.000007629 0.125678845 0.037058087 0.376293916
54 8.290397644 0 -0.000007629 0.429189978 0.124203728 0.241075475
55 7.875 -0.000015259 0 0.60170121 0.244571844 -0.146338742
56 8.78578186 -0.000030518 0.000003815 0.596992456 0.164542593 -0.691137091
57 8.90372467 0.000007629 0 -0.461859858 0.169260163 0.136415409
58 -5.367340088 8.36690712 8.703117371 1.713767956 -0.209967503 -3.134717089
59 13.525127411 -0.000015259 -0.000003815 -0.296468905 -0.078299246 -0.169078084
60 -3.441894531 -10.792384148 9.377002716 1.639073121 -0.278376858 -2.996038313
61 13.525127411 0 0 -0.648727269 0.192472008 -0.93024497
62 11.953041077 0.000030518 0.000000954 0.199286432 0.11099872 -0.42402036
63 8.290390015 -0.000015259 0.000007629 -0.084184905 -0.079817065 0.400582255
64 7.875 -0.000030518 0 -0.460416366 -0.295923063 0.797403376
65 19.394897461 -14.052384377 -0.467084885 0.949098714 0.119373459 -2.055225347
66 26.240768433 -0.000007629 0.000007629 -0.623919117 -0.538259483 1.560455705
67 31.970993042 0 -0.000009537 -1.120779472 0.197073003 0.214466878
68 4.627256393 -2.311302185 4.18561554 -0.021512477 -0.254658869 -0.451859094
69 2.980098724 -0.000007629 0 -0.040823197 0.14004721 0.242069561
70 1.982421875 0.000019073 0.000015259 0.001822187 0.301463179 0.041313792
71 10.844877243 -1.281570435 -1.331703186 0.003154845 -0.01855101 -1.502721343
72 3.98828125 0 0.000022888 0.024656551 0.116612118 -1.30426207
73 2.26953125 0 -0.000022888 0.010246566 0.020303916 -1.235445909
74 10.908864975 -1.237388611 0.829566956 -0.001536285 -0.016567669 -0.979571696
75 3.989433289 -0.000007629 0.000038147 -0.022017579 0.056748394 -0.720202148
76 3.478279114 -0.000011444 -0.000007629 0.023337329 -0.101074146 -0.820186335
77 10.291898727 -1.202156067 -3.344161987 0.018038834 -0.023865117 -1.537453755
78 2.757148743 -0.000003815 0.000015259 -0.233305158 -0.095597116 -1.291580881
79 1.775390625 0.000007629 -0.000022888 0.198076059 0.357239486 -1.30316968
80 10.971857071 -1.19392395 2.957328796 -0.013967658 -0.006427389 -1.087569805
81 3.82421875 -0.000007629 0.000030518 -0.000608642 0.002175593 -0.775323569
82 2.94140625 -0.000007629 0 0.003957406 0.006920475 -0.932682772
83 -0.000015259 0 -0.000003815 -0.340706191 0.159206997 -0.629605292
84 19.39491272 13.16059494 -0.467075348 1.105608629 0.969251977 -2.7407708
85 -26.240753174 0.000007629 0 0.090712627 -0.537390822 0.522274482
86 -31.971000671 0.000015259 -0.000003815 -1.328631512 0.320293047 -0.128711858
87 -11.614597321 3.933120728 0.069396973 -1.583795273 1.390324087 -2.59716484
88 -10.484516144 1.069213867 3.539878845 -3.131584703 0.028220486 2.411526648
89 2.757141113 0 0.000030518 -0.011712134 0.035128624 1.019560794
90 1.775390625 -0.000011444 -0.000015259 -0.21225718 -0.293440757 0.899625095
91 -11.046470642 1.142410278 1.529701233 -3.130487012 0.018259081 2.114134707
92 3.98828125 0.000011444 0.000038147 0.004872241 -0.009924216 1.610032301
93 2.26953125 0.000015259 0.000007629 -0.076539319 -0.095407065 1.438172442
94 -11.192642212 1.041542053 -2.758422852 -3.117306927 -0.001350542 2.442910227
95 3.82421875 0.000034332 0.000053406 0.00053161 0.002187187 1.610324685
96 8.785766602 -0.000045776 0 0.028889808 0.206538207 -0.655495889
97 2.94140625 0 -0.000022888 -0.004550553 0.006091757 1.767588569
98 -11.120113373 1.091545105 -0.631118774 -3.129312143 0.018720323 2.375649476
99 3.9894104 0.000001907 0.000045776 0.021444626 0.041947477 1.751021405
100 3.478288651 0.000038147 -0.000007629 -0.001306817 0.004312204 1.848998194
101 -4.853595734 2.155090332 -4.01852417 3.123057975 0.125574955 2.46129872
102 2.980098724 0.000003815 0 0.038574713 -0.163808097 -0.240289671
103 1.982421875 -0.000007629 0.000045776 0 0 -0.040571652
104 0.000007629 -0.000015259 -0.000011444 -0.01786834 -0.032037725 -0.918099438
105 7.08984375 0 -0.000000238 3.141592654 -0.174494795 3.141592654
106 7.528259277 8.168074608 -1.232801437 2.984344984 0.896619768 -3.000031095
107 -54.911254883 -0.649677277 -0.176696777 1.58632191 0.78917821 0.172478692
108 -61.183189392 0.000000954 0.000001907 0.174037262 0.013709953 -0.309466751
109 8.588699341 -0.00000003 1.514417648 0 0 0
110 4.260505676 -21.349502563 -3.218471527 0.07513856 -0.084959271 -0.531061982
111 15.606666565 0 -0.000013113 -0.0547469 0.314856477 -0.050749409
112 15.853748322 0 -0.000007629 -0.079189956 0.065312976 0.040976056
113 15.151855469 -0.000007629 0 -0.194587721 -0.327484527 0.196614938
114 11.149969101 0.000007629 -0.000007629 -0.012275232 0.379083451 -0.156495011
115 1.725067139 -0.142128021 11.160657883 -1.351240466 -1.104267122 -0.098246811
116 15.606674194 0 0 0.333976119 0.209291822 -0.654399349
117 15.853733063 -0.000007629 0 -0.234383481 -0.212023542 0.51832553
118 15.151861191 0 0 -0.327607816 -0.352200949 0.173985107
119 11.149963379 0.000007629 0 0 0 0.221509764
120 6.67868042 -0.142132998 -16.932609558 1.571123043 -0.274789491 3.14154748
121 -15.606697083 0 0 0.06323792 -0.117145981 0.269903268
122 -15.853752136 0.000007629 0.000006676 0.03993371 -0.077145437 0.06032966
123 -15.151855469 0.000003815 -0.000001907 -0.014809869 -0.068679138 -0.187016073
124 -11.14995575 -0.000007629 0.000006437 0 0 0.148428385
125 2.507644653 15.939216614 6.722554207 -1.312315733 0.756089915 -2.626694192
126 -15.606689453 0 0 -0.010302938 0.097894793 0.663594786
127 -15.853742599 -0.000015259 0.000015259 0.126213302 -0.05757956 -0.501077415
128 -15.151853561 0.000007629 0.000003815 0.230662748 -0.094581696 -0.302543178
129 -11.149963379 0 -0.000008583 -0.057042089 -0.007954097 -0.160042181
130 2.507614136 -17.075353622 6.722565651 -1.353033786 -0.431290012 -0.403777675
131 15.606681824 0.000003815 0.000007629 -0.052501515 0.129914374 0.345065817
132 15.853740692 0.000007629 0.000003815 -0.149667657 -0.177722962 0.169242045
133 15.151851654 0 0 -0.149782188 -0.301643348 -0.416711141
134 11.149974823 0 -0.000015259 0.041856281 -0.023397327 0.085619378
135 5.893112183 15.939213753 -12.477539063 3.06297083 0.274113799 0.295547757
136 15.606666565 0.000007629 0.000022888 -0.078392292 -0.29699811 0.119391797
137 15.853759766 -0.000007629 -0.000015259 -0.015098347 -0.255177888 0.14600341
138 15.151847839 0.000003815 0.000005722 0.007659593 -0.02383225 0.045577822
139 11.149959564 0 -0.000011444 0.027657459 -0.051325559 -0.061080181
140 5.893119812 -17.075357437 -12.477554321 1.667926079 -0.214665817 2.920969439
141 -15.606674194 -0.000003815 0.000007629 0.101229967 -0.026682475 0.220289053
142 -15.853744507 -0.000003815 -0.000011444 0.069150084 -0.082255508 0.056806671
143 -15.151855469 -0.000007629 -0.000007629 0.021561531 -0.084526581 -0.366511155
144 -11.14995575 -0.000015259 -0.000003815 -0.319808229 0.014936788 0.225325097
145 4.260475159 20.773921967 -3.218482971 0.033155677 0.092763089 -2.797272136
146 -15.606689453 0.000003815 0 0.114191174 -0.434882379 -0.120200567
147 -15.853736877 0.000007629 -0.000015259 0.06932214 -0.326053547 -0.112369423
148 -15.151828766 0 0 0.059720721 -0.122802056 0.014842533
149 -11.14994812 0.000003815 0 0.054297581 0.237660368 -0.009081937
150 7.528289795 -8.043749809 -1.232797623 -0.714629539 0.044321905 0.033311859
151 54.911224365 0.649679184 0.176700592 1.611389384 0.050808488 -0.225770071
152 61.183166504 -0.000003815 -0.000001907 0.542701548 0.211647802 0.109075119
153 -0.364088595 36.477970123 12.189170837 0.340633688 -0.000040147 0.000233438
154 -0.364086866 -2.758006096 4.994803905 0 0 0.000244115
155 -0.364086866 -2.758006096 4.994803905 0 0 0.000244115
156 -0.364086866 -2.758006096 4.994803905 0 0 0.000244115
157 -0.364086866 -2.758006096 4.994803905 0 0 0.000244115
158 -0.364086866 -2.758006096 4.994803905 0 0 0.000244115
159 -0.364086866 -2.758006096 4.994803905 0 0 0.000244115
160 -0.364086866 -2.758006096 4.994803905 0 0 0.000244115
161 -0.364086866 -2.758006096 4.994803905 0 0 0.000244115
162 -0.498048782 -4.95163393 0.510848999 0 0 0.000244115
163 -0.364086866 -2.758006096 4.994803905 0 0 0.000244115
time 20
0 -0.364086866 -2.758006096 4.994803905 0 0 0.000244115
1 -0.355918139 -42.431250102 3.436691046 0.746408825 -1.488982226 -2.62748368
2 130.809051514 0.00000003 -0.000000477 0 0 0
3 6.661987305 -0.142130047 2.521339893 -3.01862745 0.011432291 0.023621896
4 24.360931396 0.000000238 0.000011444 -0.135296992 0.37256402 -0.163678311
5 24.806396484 -0.00000596 0.765966415 -0.597831727 -0.346868124 0.162812506
6 8.120269775 -0.000000954 0 0.496146562 0.097901267 -0.092205701
7 8.120315552 -0.000000477 -0.000003815 0 -0.880742373 0
8 8.120315552 -0.000000477 -0.000003815 -0.216192487 -1.369859591 0.175150136
9 5.115219116 7.517072678 -23.079307556 1.501763517 -0.35837646 0.015053389
10 -13.525115967 -0.000007629 0 0.087815625 -0.006812028 0.246916844
11 -11.953025818 0 0 -0.097536361 -0.133451052 0.277231112
12 -8.290390015 0.000015259 0 -0.499113501 -0.261374452 0.043986013
13 -7.875 0.000030518 0.000015259 -0.910837201 -0.314410476 -0.286973395
14 -8.785797119 0.000034332 -0.000002861 -1.161517833 0.16284576 -0.769146248
15 -8.90372467 -0.000000954 -0.000015259 0.413717581 0.177380243 0.378302331
16 5.903427124 12.714836121 -17.693180084 1.370188491 -0.37922568 -0.02939746
17 -13.525115967 0 0 0.058924135 -0.049772262 0.254660854
18 -11.953041077 0.000015259 0.000001907 -0.042717079 -0.16171247 0.235515713
19 -8.290382385 -0.000015259 0 -0.395684417 -0.198448472 0.053529272
20 -7.875 0.000030518 -0.000022888 -0.758536243 -0.201760582 -0.417686317
21 -8.78578186 0.000041962 0 -1.050018597 0.318440043 -0.796088749
22 -8.9037323 0.000001907 0.000015259 0.275049164 0.027936319 0.393968967
23 5.115203857 -7.60351944 -23.079330444 -1.554662072 0.381674365 -2.887288285
24 13.525115967 0 0.000003815 -0.030567082 0.031286841 0.221779709
25 11.953033447 0.000015259 -0.000003815 0.201929402 0.101530462 0.338569206
26 8.290397644 0.000015259 0.000015259 0.643021541 0.191082104 0.125211876
27 7.875 -0.000038147 0.000015259 1.076384272 0.314606274 -0.176280096
28 8.785797119 -0.000038147 -0.000003815 1.411517667 -0.277533406 -0.538820974
29 8.9037323 0.000001907 -0.000007629 -0.35074924 0.332752082 0.261202929
30 5.903396606 -12.801282883 -17.693202972 -1.598720893 0.442583503 -2.77991415
31 13.525115967 -0.000007629 -0.000007629 -0.043468407 0.062787696 0.207795462
32 11.953041077 0 -0.000007629 0.162749031 0.062151857 0.343823018
33 8.290397644 -0.000007629 0.000015259 0.550550133 0.151708495 0.241189219
34 7.875 -0.000034332 0 0.886040117 0.269235434 -0.119654688
35 8.78578186 -0.000041962 0 1.087203016 -0.05159656 -0.504774331
36 8.90372467 0.000003815 0 -0.424824198 0.281226922 0.190107923
37 4.435424805 0.000125885 -25.179958344 -3.117617043 0.363008552 -3.024970545
38 14.171035767 0.000020027 1.280700684 -0.103304723 -0.308148194 0.016932348
39 10.9765625 0.000019073 0.352539063 0.120612814 -0.245241995 0.111883699
40 8.120292664 -0.000007629 0 0.618586743 -0.181058073 0.227555569
41 8.120285034 0.000015259 -0.000030518 1.147261538 0.131357959 0.331173848
42 8.120330811 -0.000003815 -0.000015259 1.408224915 0.644739665 -0.195479721
43 8.120330811 0.000015259 0.000059128 -0.363428898 -0.290089616 -0.047273658
44 7.146942139 16.179790497 -9.195617676 1.376844409 -0.303705466 -0.072871366
45 -13.525146484 0 0.000007629 -0.038559178 -0.070354074 0.310641596
46 -11.953025818 -0.000015259 -0.000007629 0.07922191 -0.145778581 0.293716165
47 -8.290382385 0.000015259 0 -0.002401959 -0.042026197 0.216745575
48 -7.875 0 -0.000004053 -0.454611083 -0.11231916 0.062741104
49 -8.78578186 0.000041962 0 -0.675882178 -0.141950074 -0.344213553
50 -8.9037323 -0.000007629 0.000000477 0.244444223 0.178269121 0.223362791
51 7.146942139 -16.26625061 -9.19562149 -1.594435862 0.362965226 -2.75698367
52 13.525115967 0 0 -0.146027818 0.011598879 0.304643704
53 11.953041077 0.000015259 0.000007629 0.110023846 0.035297988 0.360425352
54 8.290397644 0 -0.000007629 0.393737705 0.100616205 0.2600928
55 7.875 -0.000015259 0 0.589538423 0.217852875 -0.060131988
56 8.78578186 -0.000030518 0.000003815 0.640745725 0.196512496 -0.558550897
57 8.90372467 0.000007629 0 -0.472831578 0.142665271 0.128355904
58 -5.367340088 8.36690712 8.703117371 1.793939546 -0.167924309 3.05770261
59 13.525127411 -0.000015259 -0.000003815 -0.296468905 -0.078299246 -0.169078084
60 -3.441894531 -10.792384148 9.377002716 1.730216019 -0.288636959 -3.097049918
61 13.525127411 0 0 -0.709404075 0.170546822 -0.954553417
62 11.953041077 0.000030518 0.000000954 0.154819113 0.159137981 -0.453165624
63 8.290390015 -0.000015259 0.000007629 -0.064760467 -0.031426962 0.317861102
64 7.875 -0.000030518 0 -0.417323584 -0.250400357 0.718978106
65 19.394897461 -14.052384377 -0.467084885 0.932798577 0.074503133 -2.002912507
66 26.240768433 -0.000007629 0.000007629 -0.642614242 -0.524750533 1.603989589
67 31.970993042 0 -0.000009537 -1.120779472 0.197073003 0.214466878
68 4.627256393 -2.311302185 4.18561554 -0.021512477 -0.254658869 -0.451859094
69 2.980098724 -0.000007629 0 -0.040823197 0.14004721 0.242069561
70 1.982421875 0.000019073 0.000015259 0.001822187 0.301463179 0.041313792
71 10.844877243 -1.281570435 -1.331703186 0.003154845 -0.01855101 -1.502721343
72 3.98828125 0 0.000022888 0.024656551 0.116612118 -1.30426207
73 2.26953125 0 -0.000022888 0.010246566 0.020303916 -1.235445909
74 10.908864975 -1.237388611 0.829566956 -0.001635718 -0.016485767 -0.972436537
75 3.989433289 -0.000007629 0.000038147 -0.022345214 0.056260431 -0.713194722
76 3.478279114 -0.000011444 -0.000007629 0.023478071 -0.101882226 -0.813065913
77 10.291898727 -1.202156067 -3.344161987 0.018038834 -0.023865117 -1.537453755
78 2.757148743 -0.000003815 0.000015259 -0.236471611 -0.095607248 -1.291601229
79 1.775390625 0.000007629 -0.000022888 0.198076059 0.357239486 -1.30316968
80 10.971857071 -1.19392395 2.957328796 -0.013961236 -0.006258265 -1.080315866
81 3.82421875 -0.000007629 0.000030518 -0.000600733 0.00217779 -0.768056581
82 2.94140625 -0.000007629 0 0.003943906 0.006983341 -0.925441639
83 -0.000015259 0 -0.000003815 -0.340706191 0.159206997 -0.629605292
84 19.39491272 13.16059494 -0.467075348 1.102861877 1.133246774 -2.794853433
85 -26.240753174 0.000007629 0 0.117196059 -0.480489817 0.489760648
86 -31.971000671 0.000015259 -0.000003815 -1.328631512 0.320293047 -0.128711858
87 -11.614597321 3.933120728 0.069396973 -1.652718395 1.365625195 -2.666011059
88 -10.484516144 1.069213867 3.539878845 -3.131584703 0.028220486 2.411526648
89 2.757141113 0 0.000030518 -0.011712134 0.035128624 1.019560794
90 1.775390625 -0.000011444 -0.000015259 -0.211586358 -0.293930926 0.89745188
91 -11.046470642 1.142410278 1.529701233 -3.130487012 0.018259081 2.114134707
92 3.98828125 0.000011444 0.000038147 0.004872241 -0.009924216 1.610032301
93 2.26953125 0.000015259 0.000007629 -0.076539319 -0.095407065 1.438172442
94 -11.192642212 1.041542053 -2.758422852 -3.117308937 -0.001386225 2.445848857
95 3.82421875 0.000034332 0.000053406 0.00053161 0.002187187 1.610324685
96 8.785766602 -0.000045776 0 0.028889808 0.206538207 -0.655495889
97 2.94140625 0 -0.000022888 -0.004550553 0.006091757 1.767588569
98 -11.120113373 1.091545105 -0.631118774 -3.129259951 0.018627072 2.377789594
99 3.9894104 0.000001907 0.000045776 0.021444626 0.041947477 1.751021405
100 3.478288651 0.000038147 -0.000007629 -0.001306817 0.004312204 1.848998194
101 -4.853595734 2.155090332 -4.01852417 3.123057975 0.125574955 2.46129872
102 2.980098724 0.000003815 0 0.038574713 -0.163808097 -0.240289671
103 1.982421875 -0.000007629 0.000045776 0 0 -0.040571652
104 0.000007629 -0.000015259 -0.000011444 -0.01786834 -0.032037725 -0.918099438
105 7.08984375 0 -0.000000238 3.141592654 -0.174494795 3.141592654
106 7.528259277 8.168074608 -1.232801437 2.989603069 0.924313585 -2.996328382
107 -54.911254883 -0.649677277 -0.176696777 1.587939902 0.818222034 0.181822113
108 -61.183189392 0.000000954 0.000001907 0.174037262 0.013709953 -0.309466751
109 8.588699341 -0.00000003 1.514417648 0 0 0
110 4.260505676 -21.349502563 -3.218471527 0.074594168 -0.084615633 -0.532718272
111 15.606666565 0 -0.000013113 -0.040815035 0.349699421 -0.078063988
112 15.853748322 0 -0.000007629 -0.078481141 0.100112913 0.031529556
113 15.151855469 -0.000007629 0 -0.183724857 -0.243225474 0.202554877
114 11.149969101 0.000007629 -0.000007629 -0.014766644 0.380225396 -0.157969758
115 1.725067139 -0.142128021 11.160657883 -1.339327011 -1.10715201 -0.098778174
116 15.606674194 0 0 0.333764563 0.211796835 -0.647999855
117 15.853733063 -0.000007629 0 -0.268937795 -0.189252702 0.549392624
118 15.151861191 0 0 -0.371273816 -0.385599202 0.270792976
119 11.149963379 0.000007629 0 0 0 0.22246512
120 6.67868042 -0.142132998 -16.932609558 1.571079577 -0.273310801 3.141553703
121 -15.606697083 0 0 0.044623386 -0.111574641 0.282796291
122 -15.853752136 0.000007629 0.000006676 0.041286286 -0.069167383 0.080921246
123 -15.151855469 0.000003815 -0.000001907 -0.012463453 -0.065030102 -0.132866632
124 -11.14995575 -0.000007629 0.000006437 0 0 0.164532596
125 2.507644653 15.939216614 6.722554207 -1.298958604 0.786877721 -2.595765324
126 -15.606689453 0 0 -0.004087414 0.100116155 0.633378769
127 -15.853742599 -0.000015259 0.000015259 0.150363493 -0.045733151 -0.535792119
128 -15.151853561 0.000007629 0.000003815 0.244888413 -0.109599179 -0.373229956
129 -11.149963379 0 -0.000008583 -0.058913811 -0.008067286 -0.176241584
130 2.507614136 -17.075353622 6.722565651 -1.353038807 -0.431163341 -0.403757058
131 15.606681824 0.000003815 0.000007629 -0.014156143 0.179696659 0.378972519
132 15.853740692 0.000007629 0.000003815 -0.160494898 -0.154279189 0.205019513
133 15.151851654 0 0 -0.163924567 -0.311086452 -0.321798474
134 11.149974823 0 -0.000015259 0.041682354 -0.023312716 0.086055088
135 5.893112183 15.939213753 -12.477539063 3.061064705 0.265814289 0.296168247
136 15.606666565 0.000007629 0.000022888 -0.059828479 -0.290117076 0.116312451
137 15.853759766 -0.000007629 -0.000015259 -0.021047841 -0.268463215 0.138831037
138 15.151847839 0.000003815 0.000005722 0.001651623 -0.067556143 0.03803392
139 11.149959564 0 -0.000011444 0.027618889 -0.052267912 -0.061784088
140 5.893119812 -17.075357437 -12.477554321 1.667212631 -0.214734945 2.920798746
141 -15.606674194 -0.000003815 0.000007629 0.08115149 -0.023788558 0.252152462
142 -15.853744507 -0.000003815 -0.000011444 0.068150674 -0.071770602 0.0863374
143 -15.151855469 -0.000007629 -0.000007629 0.018177218 -0.070158861 -0.301574477
144 -11.14995575 -0.000015259 -0.000003815 -0.317989476 0.015621778 0.227044243
145 4.260475159 20.773921967 -3.218482971 0.033277676 0.092735158 -2.796477429
146 -15.606689453 0.000003815 0 0.094649022 -0.415959812 -0.136538052
147 -15.853736877 0.000007629 -0.000015259 0.080511437 -0.341787265 -0.110542385
148 -15.151828766 0 0 0.065335808 -0.173974065 0.030972262
149 -11.14994812 0.000003815 0 0.054303815 0.237551845 -0.008301413
150 7.528289795 -8.043749809 -1.232797623 -0.714155907 0.059586473 0.033253735
151 54.911224365 0.649679184 0.176700592 1.605704161 0.086838085 -0.199848932
152 61.183166504 -0.000003815 -0.000001907 0.542701548 0.211647802 0.109075119
153 -0.364088595 36.477970123 12.189170837 0.340633688 -0.000040147 0.000233438
154 -0.364086866 -2.758006096 4.994803905 0 0 0.000244115
155 -0.364086866 -2.758006096 4.994803905 0 0 0.000244115
156 -0.364086866 -2.758006096 4.994803905 0 0 0.000244115
157 -0.364086866 -2.758006096 4.994803905 0 0 0.000244115
158 -0.364086866 -2.758006096 4.994803905 0 0 0.000244115
159 -0.364086866 -2.758006096 4.994803905 0 0 0.000244115
160 -0.364086866 -2.758006096 4.994803905 0 0 0.000244115
161 -0.364086866 -2.758006096 4.994803905 0 0 0.000244115
162 -0.498048782 -4.95163393 0.510848999 0 0 0.000244115
163 -0.364086866 -2.758006096 4.994803905 0 0 0.000244115
time 21
0 -0.364086866 -2.758006096 4.994803905 0 0 0.000244115
1 -0.35591802 -44.703087615 3.436691046 0.680235972 -1.491757576 -2.533809763
2 130.809051514 0.00000003 -0.000000477 0 0 0
3 6.661987305 -0.142130047 2.521339893 -3.008593581 0.01120458 0.024017734
4 24.360931396 0.000000238 0.000011444 -0.069733641 0.353927386 -0.135649615
5 24.806396484 -0.00000596 0.765966415 -0.629112909 -0.346456857 0.158825425
6 8.120269775 -0.000000954 0 0.477684936 0.097890267 -0.092188104
7 8.120315552 -0.000000477 -0.000003815 0 -0.880742373 0
8 8.120315552 -0.000000477 -0.000003815 -0.216192487 -1.369859591 0.175150136
9 5.115219116 7.517072678 -23.079307556 1.501763517 -0.35837646 0.015053389
10 -13.525115967 -0.000007629 0 0.052939991 0.025469745 0.242623496
11 -11.953025818 0 0 -0.081388796 -0.097281863 0.259459166
12 -8.290390015 0.000015259 0 -0.452396169 -0.205774982 0.054458703
13 -7.875 0.000030518 0.000015259 -0.887959299 -0.288162535 -0.172841375
14 -8.785797119 0.000034332 -0.000002861 -1.099931053 0.040871827 -0.682249755
15 -8.90372467 -0.000000954 -0.000015259 0.43224405 0.195177335 0.366823872
16 5.903427124 12.714836121 -17.693180084 1.370188491 -0.37922568 -0.02939746
17 -13.525115967 0 0 0.0220115 -0.027889688 0.262025593
18 -11.953041077 0.000015259 0.000001907 -0.028792246 -0.126156802 0.230149278
19 -8.290382385 -0.000015259 0 -0.361107179 -0.144008059 0.076827802
20 -7.875 0.000030518 -0.000022888 -0.729846013 -0.188687399 -0.296188532
21 -8.78578186 0.000041962 0 -0.957160054 0.199138074 -0.698861117
22 -8.9037323 0.000001907 0.000015259 0.310491986 0.033849192 0.382920855
23 5.115203857 -7.60351944 -23.079330444 -1.554662072 0.381674365 -2.887288285
24 13.525115967 0 0.000003815 0.000822593 0.007032136 0.184118641
25 11.953033447 0.000015259 -0.000003815 0.187154245 0.082605366 0.311926931
26 8.290397644 0.000015259 0.000015259 0.59702232 0.161619879 0.135089543
27 7.875 -0.000038147 0.000015259 1.03926094 0.314709905 -0.082743364
28 8.785797119 -0.000038147 -0.000003815 1.363824599 -0.14085576 -0.480092879
29 8.9037323 0.000001907 -0.000007629 -0.373793002 0.31124795 0.259424926
30 5.903396606 -12.801282883 -17.693202972 -1.598720893 0.442583503 -2.77991415
31 13.525115967 -0.000007629 -0.000007629 -0.01427589 0.053475864 0.162307859
32 11.953041077 0 -0.000007629 0.149558085 0.052907534 0.319941115
33 8.290397644 -0.000007629 0.000015259 0.506531413 0.129550924 0.252167714
34 7.875 -0.000034332 0 0.85099537 0.257117587 -0.04282222
35 8.78578186 -0.000041962 0 1.071564101 0.044841876 -0.411192222
36 8.90372467 0.000003815 0 -0.447033615 0.260870874 0.179300293
37 4.435424805 0.000125885 -25.179958344 -3.117617043 0.363008552 -3.024970545
38 14.171035767 0.000020027 1.280700684 -0.061076033 -0.283398363 -0.024259149
39 10.9765625 0.000019073 0.352539063 0.112044518 -0.216152761 0.081170636
40 8.120292664 -0.000007629 0 0.572885067 -0.181634273 0.186479158
41 8.120285034 0.000015259 -0.000030518 1.085197635 0.047003709 0.313192278
42 8.120330811 -0.000003815 -0.000015259 1.43990724 0.58947535 -0.043813124
43 8.120330811 0.000015259 0.000059128 -0.371747686 -0.268077013 -0.071724003
44 7.146942139 16.179790497 -9.195617676 1.376844409 -0.303705466 -0.072871366
45 -13.525146484 0 0.000007629 -0.038559178 -0.070354074 0.310641596
46 -11.953025818 -0.000015259 -0.000007629 0.050869281 -0.118198839 0.291969799
47 -8.290382385 0.000015259 0 0.018886036 -0.005449634 0.199768441
48 -7.875 0 -0.000004053 -0.414228274 -0.06295385 0.064154525
49 -8.78578186 0.000041962 0 -0.627255051 -0.127269822 -0.24620307
50 -8.9037323 -0.000007629 0.000000477 0.278583861 0.191278044 0.220341352
51 7.146942139 -16.26625061 -9.19562149 -1.594435862 0.362965226 -2.75698367
52 13.525115967 0 0 -0.113940649 0.022572305 0.261274576
53 11.953041077 0.000015259 0.000007629 0.097701067 0.036225346 0.346708063
54 8.290397644 0 -0.000007629 0.356619949 0.07935096 0.274590607
55 7.875 -0.000015259 0 0.567680657 0.19092911 0.003026432
56 8.78578186 -0.000030518 0.000003815 0.669413988 0.217875507 -0.442741731
57 8.90372467 0.000007629 0 -0.483708135 0.115773782 0.119626941
58 -5.367340088 8.36690712 8.703117371 1.881838051 -0.127841556 2.964371631
59 13.525127411 -0.000015259 -0.000003815 -0.296468905 -0.078299246 -0.169078084
60 -3.441894531 -10.792384148 9.377002716 1.839116173 -0.302991537 3.071796113
61 13.525127411 0 0 -0.758694171 0.129033915 -0.969270465
62 11.953041077 0.000030518 0.000000954 0.088246378 0.206033917 -0.484545659
63 8.290390015 -0.000015259 0.000007629 -0.054599551 0.02562062 0.245605275
64 7.875 -0.000030518 0 -0.375375917 -0.198346561 0.628350155
65 19.394897461 -14.052384377 -0.467084885 0.913403484 0.024582893 -1.949547713
66 26.240768433 -0.000007629 0.000007629 -0.659553941 -0.511489831 1.644811538
67 31.970993042 0 -0.000009537 -1.120779472 0.197073003 0.214466878
68 4.627256393 -2.311302185 4.18561554 -0.021512477 -0.254658869 -0.451859094
69 2.980098724 -0.000007629 0 -0.040823197 0.14004721 0.242069561
70 1.982421875 0.000019073 0.000015259 0.001822187 0.301463179 0.041313792
71 10.844877243 -1.281570435 -1.331703186 0.003154845 -0.01855101 -1.502721343
72 3.98828125 0 0.000022888 0.024656551 0.116612118 -1.30426207
73 2.26953125 0 -0.000022888 0.010246566 0.020303916 -1.235445909
74 10.908864975 -1.237388611 0.829566956 -0.001808536 -0.016443709 -0.965606705
75 3.989433289 -0.000007629 0.000038147 -0.022679362 0.055774323 -0.706288718
76 3.478279114 -0.000011444 -0.000007629 0.023633255 -0.102688011 -0.806332779
77 10.291898727 -1.202156067 -3.344161987 0.018038834 -0.023865117 -1.537453755
78 2.757148743 -0.000003815 0.000015259 -0.239447128 -0.09558119 -1.291620313
79 1.775390625 0.000007629 -0.000022888 0.198076059 0.357239486 -1.30316968
80 10.971857071 -1.19392395 2.957328796 -0.01402699 -0.00613562 -1.073378934
81 3.82421875 -0.000007629 0.000030518 -0.000593131 0.002179873 -0.761079089
82 2.94140625 -0.000007629 0 0.003968448 0.006969424 -0.918406009
83 -0.000015259 0 -0.000003815 -0.340706191 0.159206997 -0.629605292
84 19.39491272 13.16059494 -0.467075348 1.100018745 1.308654937 -2.852548
85 -26.240753174 0.000007629 0 0.145549237 -0.422738106 0.454867905
86 -31.971000671 0.000015259 -0.000003815 -1.328631512 0.320293047 -0.128711858
87 -11.614597321 3.933120728 0.069396973 -1.726286423 1.339353082 -2.739561781
88 -10.484516144 1.069213867 3.539878845 -3.131584703 0.028220486 2.411526648
89 2.757141113 0 0.000030518 -0.011712134 0.035128624 1.019560794
90 1.775390625 -0.000011444 -0.000015259 -0.210966501 -0.294294676 0.895364093
91 -11.046470642 1.142410278 1.529701233 -3.130487012 0.018259081 2.114134707
92 3.98828125 0.000011444 0.000038147 0.004872241 -0.009924216 1.610032301
93 2.26953125 0.000015259 0.000007629 -0.076539319 -0.095407065 1.438172442
94 -11.192642212 1.041542053 -2.758422852 -3.117362814 -0.001531266 2.448693126
95 3.82421875 0.000034332 0.000053406 0.00053161 0.002187187 1.610324685
96 8.785766602 -0.000045776 0 0.028889808 0.206538207 -0.655495889
97 2.94140625 0 -0.000022888 -0.004550553 0.006091757 1.767588569
98 -11.120113373 1.091545105 -0.631118774 -3.1292409 0.018614444 2.379835911
99 3.9894104 0.000001907 0.000045776 0.021444626 0.041947477 1.751021405
100 3.478288651 0.000038147 -0.000007629 -0.001306817 0.004312204 1.848998194
101 -4.853595734 2.155090332 -4.01852417 3.123057975 0.125574955 2.46129872
102 2.980098724 0.000003815 0 0.038574713 -0.163808097 -0.240289671
103 1.982421875 -0.000007629 0.000045776 0 0 -0.040571652
104 0.000007629 -0.000015259 -0.000011444 -0.01786834 -0.032037725 -0.918099438
105 7.08984375 0 -0.000000238 3.141592654 -0.174494795 3.141592654
106 7.528259277 8.168074608 -1.232801437 2.994766907 0.950428077 -2.992767291
107 -54.911254883 -0.649677277 -0.176696777 1.589718351 0.845842398 0.190831404
108 -61.183189392 0.000000954 0.000001907 0.174037262 0.013709953 -0.309466751
109 8.588699341 -0.00000003 1.514417648 0 0 0
110 4.260505676 -21.349502563 -3.218471527 0.076567523 -0.08586393 -0.526347852
111 15.606666565 0 -0.000013113 -0.026577941 0.382236094 -0.111317908
112 15.853748322 0 -0.000007629 -0.077808443 0.136934203 0.017607094
113 15.151855469 -0.000007629 0 -0.173796556 -0.164840912 0.202278223
114 11.149969101 0.000007629 -0.000007629 -0.005313489 0.377191348 -0.152215604
115 1.725067139 -0.142128021 11.160657883 -1.326798629 -1.106010184 -0.097165534
116 15.606674194 0 0 0.33373242 0.212738921 -0.640873302
117 15.853733063 -0.000007629 0 -0.293051774 -0.145260113 0.568621736
118 15.151861191 0 0 -0.427523016 -0.409850603 0.359555509
119 11.149963379 0.000007629 0 0 0 0.218817648
120 6.67868042 -0.142132998 -16.932609558 1.571054689 -0.265303744 3.141558179
121 -15.606697083 0 0 0.023236014 -0.101719584 0.302065724
122 -15.853752136 0.000007629 0.000006676 0.041793403 -0.059180121 0.101246474
123 -15.151855469 0.000003815 -0.000001907 -0.009839527 -0.057635002 -0.087393385
124 -11.14995575 -0.000007629 0.000006437 0 0 0.184287979
125 2.507644653 15.939216614 6.722554207 -1.283324735 0.823106311 -2.553930722
126 -15.606689453 0 0 -0.00188947 0.100910312 0.605006503
127 -15.853742599 -0.000015259 0.000015259 0.174189103 -0.02023871 -0.565943213
128 -15.151853561 0.000007629 0.000003815 0.273082431 -0.125844329 -0.435985868
129 -11.149963379 0 -0.000008583 -0.054655683 -0.006998311 -0.195096082
130 2.507614136 -17.075353622 6.722565651 -1.35284663 -0.43277761 -0.404178836
131 15.606681824 0.000003815 0.000007629 0.029752715 0.224917633 0.412345247
132 15.853740692 0.000007629 0.000003815 -0.166283313 -0.120723003 0.240180826
133 15.151851654 0 0 -0.181368866 -0.306895197 -0.226524988
134 11.149974823 0 -0.000015259 0.042215529 -0.023386582 0.084405823
135 5.893112183 15.939213753 -12.477539063 3.059225875 0.255370593 0.293428055
136 15.606666565 0.000007629 0.000022888 -0.037429488 -0.282803406 0.105827608
137 15.853759766 -0.000007629 -0.000015259 -0.025763694 -0.281097865 0.131281304
138 15.151847839 0.000003815 0.000005722 -0.00433832 -0.105131772 0.028234543
139 11.149959564 0 -0.000011444 0.028038402 -0.048975849 -0.055008308
140 5.893119812 -17.075357437 -12.477554321 1.666624546 -0.207401473 2.92154973
141 -15.606674194 -0.000003815 0.000007629 0.058045928 -0.016531093 0.290791352
142 -15.853744507 -0.000003815 -0.000011444 0.066751931 -0.059643334 0.117315211
143 -15.151855469 -0.000007629 -0.000007629 0.015781022 -0.053128583 -0.242443884
144 -11.14995575 -0.000015259 -0.000003815 -0.316269695 0.013630839 0.226286347
145 4.260475159 20.773921967 -3.218482971 0.032972482 0.09281264 -2.799384719
146 -15.606689453 0.000003815 0 0.068615779 -0.389263466 -0.147786078
147 -15.853736877 0.000007629 -0.000015259 0.09133638 -0.35758779 -0.111469095
148 -15.151828766 0 0 0.072732388 -0.222323186 0.04985475
149 -11.14994812 0.000003815 0 0.052473572 0.242861996 -0.015429197
150 7.528289795 -8.043749809 -1.232797623 -0.71363571 0.073761751 0.033244138
151 54.911224365 0.649679184 0.176700592 1.600314982 0.123533474 -0.17361802
152 61.183166504 -0.000003815 -0.000001907 0.542701548 0.211647802 0.109075119
153 -0.364088595 36.477970123 12.189170837 0.340633688 -0.000040147 0.000233438
154 -0.364086866 -2.758006096 4.994803905 0 0 0.000244115
155 -0.364086866 -2.758006096 4.994803905 0 0 0.000244115
156 -0.364086866 -2.758006096 4.994803905 0 0 0.000244115
157 -0.364086866 -2.758006096 4.994803905 0 0 0.000244115
158 -0.364086866 -2.758006096 4.994803905 0 0 0.000244115
159 -0.364086866 -2.758006096 4.994803905 0 0 0.000244115
160 -0.364086866 -2.758006096 4.994803905 0 0 0.000244115
161 -0.364086866 -2.758006096 4.994803905 0 0 0.000244115
162 -0.498048782 -4.95163393 0.510848999 0 0 0.000244115
163 -0.364086866 -2.758006096 4.994803905 0 0 0.000244115
time 22
0 -0.364086866 -2.758006096 4.994803905 0 0 0.000244115
1 -0.355917931 -46.834887442 3.436691046 0.596540464 -1.495488648 -2.415585807
2 130.809051514 0.00000003 -0.000000477 0 0 0
3 6.661987305 -0.142130047 2.521339893 -2.999162677 0.010986684 0.024322463
4 24.360931396 0.000000238 0.000011444 -0.002046931 0.333801084 -0.106747769
5 24.806396484 -0.00000596 0.765966415 -0.661459595 -0.346092228 0.15475088
6 8.120269775 -0.000000954 0 0.460418894 0.09787863 -0.092223646
7 8.120315552 -0.000000477 -0.000003815 0 -0.880742373 0
8 8.120315552 -0.000000477 -0.000003815 -0.216192487 -1.369859591 0.175150136
9 5.115219116 7.517072678 -23.079307556 1.501763517 -0.35837646 0.015053389
10 -13.525115967 -0.000007629 0 0.015508908 0.060244416 0.233731997
11 -11.953025818 0 0 -0.070271734 -0.067260241 0.250156482
12 -8.290390015 0.000015259 0 -0.408236233 -0.159281207 0.05752977
13 -7.875 0.000030518 0.000015259 -0.858535181 -0.248315188 -0.090815487
14 -8.785797119 0.000034332 -0.000002861 -1.048693367 -0.0534794 -0.584430421
15 -8.90372467 -0.000000954 -0.000015259 0.450536382 0.212293192 0.355030104
16 5.903427124 12.714836121 -17.693180084 1.370188491 -0.37922568 -0.02939746
17 -13.525115967 0 0 -0.01644364 -0.002516971 0.264236382
18 -11.953041077 0.000015259 0.000001907 -0.019279443 -0.099825322 0.231632957
19 -8.290382385 -0.000015259 0 -0.325166804 -0.098118916 0.091262283
20 -7.875 0.000030518 -0.000022888 -0.701443158 -0.158690025 -0.205914386
21 -8.78578186 0.000041962 0 -0.882076203 0.103782442 -0.590506999
22 -8.9037323 0.000001907 0.000015259 0.347121211 0.039234837 0.371592068
23 5.115203857 -7.60351944 -23.079330444 -1.554662072 0.381674365 -2.887288285
24 13.525115967 0 0.000003815 0.035984422 -0.022124727 0.142263564
25 11.953033447 0.000015259 -0.000003815 0.178127938 0.065328717 0.290586066
26 8.290397644 0.000015259 0.000015259 0.555042027 0.138434944 0.139558956
27 7.875 -0.000038147 0.000015259 0.997628718 0.307277727 -0.013103081
28 8.785797119 -0.000038147 -0.000003815 1.3205057 -0.030346027 -0.41947728
29 8.9037323 0.000001907 -0.000007629 -0.397421154 0.288981215 0.257663937
30 5.903396606 -12.801282883 -17.693202972 -1.598720893 0.442583503 -2.77991415
31 13.525115967 -0.000007629 -0.000007629 0.017797377 0.038608741 0.11108329
32 11.953041077 0 -0.000007629 0.14202264 0.04518051 0.300242713
33 8.290397644 -0.000007629 0.000015259 0.466120417 0.113286483 0.262291067
34 7.875 -0.000034332 0 0.811566329 0.243515316 0.014183025
35 8.78578186 -0.000041962 0 1.05727639 0.118175823 -0.325784467
36 8.90372467 0.000003815 0 -0.469081687 0.240661621 0.168068164
37 4.435424805 0.000125885 -25.179958344 -3.117617043 0.363008552 -3.024970545
38 14.171035767 0.000020027 1.280700684 -0.017076724 -0.255721792 -0.068313633
39 10.9765625 0.000019073 0.352539063 0.106454695 -0.193667196 0.054099629
40 8.120292664 -0.000007629 0 0.530475422 -0.177149249 0.152286722
41 8.120285034 0.000015259 -0.000030518 1.027910782 -0.013120934 0.28806482
42 8.120330811 -0.000003815 -0.000015259 1.438446421 0.523551708 0.064320296
43 8.120330811 0.000015259 0.000059128 -0.380504963 -0.245444448 -0.095711474
44 7.146942139 16.179790497 -9.195617676 1.376844409 -0.303705466 -0.072871366
45 -13.525146484 0 0.000007629 -0.038559178 -0.070354074 0.310641596
46 -11.953025818 -0.000015259 -0.000007629 0.021956209 -0.089420908 0.289854959
47 -8.290382385 0.000015259 0 0.035974645 0.023249918 0.191946321
48 -7.875 0 -0.000004053 -0.375593774 -0.019411725 0.060194086
49 -8.78578186 0.000041962 0 -0.586311439 -0.095821515 -0.178206121
50 -8.9037323 -0.000007629 0.000000477 0.313770825 0.203848064 0.21706983
51 7.146942139 -16.26625061 -9.19562149 -1.594435862 0.362965226 -2.75698367
52 13.525115967 0 0 -0.078935727 0.027943466 0.209738801
53 11.953041077 0.000015259 0.000007629 0.09085954 0.041230585 0.337389337
54 8.290397644 0 -0.000007629 0.320658869 0.063044677 0.291941992
55 7.875 -0.000015259 0 0.539444173 0.165406205 0.050945303
56 8.78578186 -0.000030518 0.000003815 0.686321241 0.229381338 -0.345890423
57 8.90372467 0.000007629 0 -0.494248989 0.089209337 0.110700355
58 -5.367340088 8.36690712 8.703117371 1.967834977 -0.099327987 2.883863792
59 13.525127411 -0.000015259 -0.000003815 -0.296468905 -0.078299246 -0.169078084
60 -3.441894531 -10.792384148 9.377002716 1.953245221 -0.32387083 2.961691865
61 13.525127411 0 0 -0.780626161 0.068086799 -0.968157814
62 11.953041077 0.000030518 0.000000954 0.003775788 0.241613393 -0.526089761
63 8.290390015 -0.000015259 0.000007629 -0.054760456 0.090967339 0.182489544
64 7.875 -0.000030518 0 -0.334372163 -0.136047604 0.532250187
65 19.394897461 -14.052384377 -0.467084885 0.890281736 -0.029457166 -1.895464998
66 26.240768433 -0.000007629 0.000007629 -0.674484679 -0.498539839 1.682290383
67 31.970993042 0 -0.000009537 -1.120779472 0.197073003 0.214466878
68 4.627256393 -2.311302185 4.18561554 -0.021512477 -0.254658869 -0.451859094
69 2.980098724 -0.000007629 0 -0.040823197 0.14004721 0.242069561
70 1.982421875 0.000019073 0.000015259 0.001822187 0.301463179 0.041313792
71 10.844877243 -1.281570435 -1.331703186 0.003154845 -0.01855101 -1.502721343
72 3.98828125 0 0.000022888 0.024656551 0.116612118 -1.30426207
73 2.26953125 0 -0.000022888 0.010246566 0.020303916 -1.235445909
74 10.908864975 -1.237388611 0.829566956 -0.001902798 -0.016361045 -0.9589841
75 3.989433289 -0.000007629 0.000038147 -0.023027542 0.055286873 -0.699759494
76 3.478279114 -0.000011444 -0.000007629 0.023793523 -0.103493662 -0.799797285
77 10.291898727 -1.202156067 -3.344161987 0.018038834 -0.023865117 -1.537453755
78 2.757148743 -0.000003815 0.000015259 -0.242301487 -0.095571397 -1.29163601
79 1.775390625 0.000007629 -0.000022888 0.198076059 0.357239486 -1.30316968
80 10.971857071 -1.19392395 2.957328796 -0.014091717 -0.006013403 -1.06655655
81 3.82421875 -0.000007629 0.000030518 -0.000585736 0.002181871 -0.754297088
82 2.94140625 -0.000007629 0 0.003991895 0.006956021 -0.911671083
83 -0.000015259 0 -0.000003815 -0.340706191 0.159206997 -0.629605292
84 19.39491272 13.16059494 -0.467075348 1.094749383 1.489648085 -2.914324757
85 -26.240753174 0.000007629 0 0.174790365 -0.365267354 0.418924482
86 -31.971000671 0.000015259 -0.000003815 -1.328631512 0.320293047 -0.128711858
87 -11.614597321 3.933120728 0.069396973 -1.802668546 1.31214696 -2.815904132
88 -10.484516144 1.069213867 3.539878845 -3.131584703 0.028220486 2.411526648
89 2.757141113 0 0.000030518 -0.011712134 0.035128624 1.019560794
90 1.775390625 -0.000011444 -0.000015259 -0.210360467 -0.294647293 0.893374454
91 -11.046470642 1.142410278 1.529701233 -3.130487012 0.018259081 2.114134707
92 3.98828125 0.000011444 0.000038147 0.004872241 -0.009924216 1.610032301
93 2.26953125 0.000015259 0.000007629 -0.076539319 -0.095407065 1.438172442
94 -11.192642212 1.041542053 -2.758422852 -3.117364944 -0.001564609 2.451445337
95 3.82421875 0.000034332 0.000053406 0.00053161 0.002187187 1.610324685
96 8.785766602 -0.000045776 0 0.028889808 0.206538207 -0.655495889
97 2.94140625 0 -0.000022888 -0.004550553 0.006091757 1.767588569
98 -11.120113373 1.091545105 -0.631118774 -3.129222734 0.018602378 2.381788343
99 3.9894104 0.000001907 0.000045776 0.021444626 0.041947477 1.751021405
100 3.478288651 0.000038147 -0.000007629 -0.001306817 0.004312204 1.848998194
101 -4.853595734 2.155090332 -4.01852417 3.123057975 0.125574955 2.46129872
102 2.980098724 0.000003815 0 0.038574713 -0.163808097 -0.240289671
103 1.982421875 -0.000007629 0.000045776 0 0 -0.040571652
104 0.000007629 -0.000015259 -0.000011444 -0.01786834 -0.032037725 -0.918099438
105 7.08984375 0 -0.000000238 3.141592654 -0.174494795 3.141592654
106 7.528259277 8.168074608 -1.232801437 2.999449837 0.974674738 -2.989473603
107 -54.911254883 -0.649677277 -0.176696777 1.591709443 0.871798339 0.199301114
108 -61.183189392 0.000000954 0.000001907 0.174037262 0.013709953 -0.309466751
109 8.588699341 -0.00000003 1.514417648 0 0 0
110 4.260505676 -21.349502563 -3.218471527 0.081838222 -0.089342279 -0.509198902
111 15.606666565 0 -0.000013113 -0.014722492 0.407554096 -0.152230027
112 15.853748322 0 -0.000007629 -0.077570522 0.17572677 -0.002934385
113 15.151855469 -0.000007629 0 -0.165255995 -0.092257728 0.197552396
114 11.149969101 0.000007629 -0.000007629 0.020564637 0.368763147 -0.136335513
115 1.725067139 -0.142128021 11.160657883 -1.312768054 -1.102484929 -0.092270151
116 15.606674194 0 0 0.334618322 0.209741595 -0.632747208
117 15.853733063 -0.000007629 0 -0.298738887 -0.076981395 0.570735469
118 15.151861191 0 0 -0.487427607 -0.41242268 0.440748578
119 11.149963379 0.000007629 0 0 0 0.208921011
120 6.67868042 -0.142132998 -16.932609558 1.571139043 -0.246473017 3.141550203
121 -15.606697083 0 0 0.000529421 -0.087525516 0.328911703
122 -15.853752136 0.000007629 0.000006676 0.041065523 -0.04877305 0.125254901
123 -15.151855469 0.000003815 -0.000001907 -0.006689796 -0.048259552 -0.048454098
124 -11.14995575 -0.000007629 0.000006437 0 0 0.210136082
125 2.507644653 15.939216614 6.722554207 -1.264486169 0.869677964 -2.495286496
126 -15.606689453 0 0 -0.00379464 0.097056943 0.577215585
127 -15.853742599 -0.000015259 0.000015259 0.190025792 0.025278298 -0.588980727
128 -15.151853561 0.000007629 0.000003815 0.311640999 -0.133053381 -0.492262871
129 -11.149963379 0 -0.000008583 -0.043245906 -0.003970635 -0.218870443
130 2.507614136 -17.075353622 6.722565651 -1.352418844 -0.437081016 -0.405264901
131 15.606681824 0.000003815 0.000007629 0.073819755 0.260146371 0.440613031
132 15.853740692 0.000007629 0.000003815 -0.165127183 -0.07894005 0.275792744
133 15.151851654 0 0 -0.199341857 -0.287036291 -0.134289067
134 11.149974823 0 -0.000015259 0.043817678 -0.023440011 0.079893707
135 5.893112183 15.939213753 -12.477539063 3.057427263 0.241310455 0.286059915
136 15.606666565 0.000007629 0.000022888 -0.012437968 -0.275606504 0.085233647
137 15.853759766 -0.000007629 -0.000015259 -0.028465832 -0.296261216 0.123807131
138 15.151847839 0.000003815 0.000005722 -0.010400245 -0.14011754 0.018728353
139 11.149959564 0 -0.000011444 0.029144143 -0.040135799 -0.03659209
140 5.893119812 -17.075357437 -12.477554321 1.666228622 -0.187672585 2.923428686
141 -15.606674194 -0.000003815 0.000007629 0.033801947 -0.005642881 0.33583577
142 -15.853744507 -0.000003815 -0.000011444 0.064859642 -0.047515827 0.153331196
143 -15.151855469 -0.000007629 -0.000007629 0.014751387 -0.034846378 -0.189087
144 -11.14995575 -0.000015259 -0.000003815 -0.314655082 0.008192416 0.224224861
145 4.260475159 20.773921967 -3.218482971 0.032178317 0.093013841 -2.80730843
146 -15.606689453 0.000003815 0 0.03715096 -0.353444232 -0.149175957
147 -15.853736877 0.000007629 -0.000015259 0.100310864 -0.37448227 -0.116781593
148 -15.151828766 0 0 0.080999789 -0.272543636 0.067469759
149 -11.14994812 0.000003815 0 0.047332701 0.257212895 -0.034537377
150 7.528289795 -8.043749809 -1.232797623 -0.713061215 0.086736326 0.033232291
151 54.911224365 0.649679184 0.176700592 1.595102069 0.160362755 -0.147480144
152 61.183166504 -0.000003815 -0.000001907 0.542701548 0.211647802 0.109075119
153 -0.364088595 36.477970123 12.189170837 0.340633688 -0.000040147 0.000233438
154 -0.364086866 -2.758006096 4.994803905 0 0 0.000244115
155 -0.364086866 -2.758006096 4.994803905 0 0 0.000244115
156 -0.364086866 -2.758006096 4.994803905 0 0 0.000244115
157 -0.364086866 -2.758006096 4.994803905 0 0 0.000244115
158 -0.364086866 -2.758006096 4.994803905 0 0 0.000244115
159 -0.364086866 -2.758006096 4.994803905 0 0 0.000244115
160 -0.364086866 -2.758006096 4.994803905 0 0 0.000244115
161 -0.364086866 -2.758006096 4.994803905 0 0 0.000244115
162 -0.498048782 -4.95163393 0.510848999 0 0 0.000244115
163 -0.364086866 -2.758006096 4.994803905 0 0 0.000244115
time 23
0 -0.364086866 -2.758006096 4.994803905 0 0 0.000244115
1 -0.355917841 -48.8032998 3.436691046 0.50202115 -1.500007246 -2.28188584
2 130.809051514 0.00000003 -0.000000477 0 0 0
3 6.661987305 -0.142130047 2.521339893 -2.990508419 0.010683137 0.024701038
4 24.360931396 0.000000238 0.000011444 0.065743032 0.312612882 -0.077879329
5 24.806396484 -0.00000596 0.765966415 -0.693873361 -0.345698122 0.150633096
6 8.120269775 -0.000000954 0 0.44443237 0.097848197 -0.092222254
7 8.120315552 -0.000000477 -0.000003815 0 -0.880742373 0
8 8.120315552 -0.000000477 -0.000003815 -0.216192487 -1.369859591 0.175150136
9 5.115219116 7.517072678 -23.079307556 1.501763517 -0.35837646 0.015053389
10 -13.525115967 -0.000007629 0 -0.021764371 0.099596887 0.218366366
11 -11.953025818 0 0 -0.064945667 -0.042716845 0.24855058
12 -8.290390015 0.000015259 0 -0.368099273 -0.12430019 0.05993892
13 -7.875 0.000030518 0.000015259 -0.823363375 -0.206633168 -0.034841294
14 -8.785797119 0.000034332 -0.000002861 -1.008289487 -0.118104804 -0.488645469
15 -8.90372467 -0.000000954 -0.000015259 0.468337777 0.228516479 0.343241878
16 5.903427124 12.714836121 -17.693180084 1.370188491 -0.37922568 -0.02939746
17 -13.525115967 0 0 -0.053870728 0.028822648 0.260243832
18 -11.953041077 0.000015259 0.000001907 -0.015343192 -0.081295004 0.239195597
19 -8.290382385 -0.000015259 0 -0.290471372 -0.064033285 0.103927325
20 -7.875 0.000030518 -0.000022888 -0.670691071 -0.123813605 -0.143125954
21 -8.78578186 0.000041962 0 -0.826718689 0.038059457 -0.487571203
22 -8.9037323 0.000001907 0.000015259 0.383719863 0.044021483 0.36031894
23 5.115203857 -7.60351944 -23.079330444 -1.554662072 0.381674365 -2.887288285
24 13.525115967 0 0.000003815 0.072842237 -0.058163266 0.093832542
25 11.953033447 0.000015259 -0.000003815 0.175498561 0.049379883 0.274294017
26 8.290397644 0.000015259 0.000015259 0.518715187 0.123662982 0.144020459
27 7.875 -0.000038147 0.000015259 0.953366553 0.299440306 0.038760297
28 8.785797119 -0.000038147 -0.000003815 1.281793167 0.055281814 -0.360828473
29 8.9037323 0.000001907 -0.000007629 -0.420933216 0.266799678 0.255880107
30 5.903396606 -12.801282883 -17.693202972 -1.598720893 0.442583503 -2.77991415
31 13.525115967 -0.000007629 -0.000007629 0.051278467 0.015944332 0.051877876
32 11.953041077 0 -0.000007629 0.140862838 0.038994054 0.284267448
33 8.290397644 -0.000007629 0.000015259 0.431576573 0.105262232 0.276478013
34 7.875 -0.000034332 0 0.770343318 0.23320714 0.058279025
35 8.78578186 -0.000041962 0 1.042835328 0.171731211 -0.249823701
36 8.90372467 0.000003815 0 -0.49045094 0.221172005 0.156839948
37 4.435424805 0.000125885 -25.179958344 -3.117617043 0.363008552 -3.024970545
38 14.171035767 0.000020027 1.280700684 0.025841122 -0.222743016 -0.117349839
39 10.9765625 0.000019073 0.352539063 0.105361152 -0.177559765 0.030099082
40 8.120292664 -0.000007629 0 0.491473839 -0.173649864 0.127215107
41 8.120285034 0.000015259 -0.000030518 0.974605701 -0.055418506 0.263052657
42 8.120330811 -0.000003815 -0.000015259 1.414827654 0.459142283 0.136626155
43 8.120330811 0.000015259 0.000059128 -0.389475769 -0.222771574 -0.118740998
44 7.146942139 16.179790497 -9.195617676 1.376844409 -0.303705466 -0.072871366
45 -13.525146484 0 0.000007629 -0.038559178 -0.070354074 0.310641596
46 -11.953025818 -0.000015259 -0.000007629 -0.005352462 -0.056359117 0.286955773
47 -8.290382385 0.000015259 0 0.047752436 0.045548072 0.191722125
48 -7.875 0 -0.000004053 -0.339638806 0.014758033 0.056418461
49 -8.78578186 0.000041962 0 -0.549424656 -0.059322357 -0.135041412
50 -8.9037323 -0.000007629 0.000000477 0.348997357 0.215677562 0.213443585
51 7.146942139 -16.26625061 -9.19562149 -1.594435862 0.362965226 -2.75698367
52 13.525115967 0 0 -0.04296728 0.024134097 0.147868311
53 11.953041077 0.000015259 0.000007629 0.090810139 0.05066532 0.332069038
54 8.290397644 0 -0.000007629 0.288797871 0.054578107 0.317713692
55 7.875 -0.000015259 0 0.507284629 0.143796647 0.090883876
56 8.78578186 -0.000030518 0.000003815 0.693625133 0.232517887 -0.266502564
57 8.90372467 0.000007629 0 -0.504343262 0.063441331 0.101699494
58 -5.367340088 8.36690712 8.703117371 2.04697005 -0.087961509 2.823812833
59 13.525127411 -0.000015259 -0.000003815 -0.296468905 -0.078299246 -0.169078084
60 -3.441894531 -10.792384148 9.377002716 2.061855734 -0.353816714 2.868787278
61 13.525127411 0 0 -0.769491806 -0.005623042 -0.950129321
62 11.953041077 0.000030518 0.000000954 -0.088013015 0.254487425 -0.580565422
63 8.290390015 -0.000015259 0.000007629 -0.066860634 0.158581947 0.126034727
64 7.875 -0.000030518 0 -0.296127739 -0.062648717 0.439353734
65 19.394897461 -14.052384377 -0.467084885 0.862872608 -0.086925043 -1.840942231
66 26.240768433 -0.000007629 0.000007629 -0.687622316 -0.485863579 1.716363051
67 31.970993042 0 -0.000009537 -1.120779472 0.197073003 0.214466878
68 4.627256393 -2.311302185 4.18561554 -0.021512477 -0.254658869 -0.451859094
69 2.980098724 -0.000007629 0 -0.040823197 0.14004721 0.242069561
70 1.982421875 0.000019073 0.000015259 0.001822187 0.301463179 0.041313792
71 10.844877243 -1.281570435 -1.331703186 0.003154845 -0.01855101 -1.502721343
72 3.98828125 0 0.000022888 0.024656551 0.116612118 -1.30426207
73 2.26953125 0 -0.000022888 0.010246566 0.020303916 -1.235445909
74 10.908864975 -1.237388611 0.829566956 -0.002031199 -0.016394532 -0.952664468
75 3.989433289 -0.000007629 0.000038147 -0.02330313 0.054829401 -0.693419924
76 3.478279114 -0.000011444 -0.000007629 0.023925367 -0.104219432 -0.793453928
77 10.291898727 -1.202156067 -3.344161987 0.018038834 -0.023865117 -1.537453755
78 2.757148743 -0.000003815 0.000015259 -0.245104639 -0.095630442 -1.291646508
79 1.775390625 0.000007629 -0.000022888 0.198076059 0.357239486 -1.30316968
80 10.971857071 -1.19392395 2.957328796 -0.014036439 -0.005924571 -1.060147703
81 3.82421875 -0.000007629 0.000030518 -0.000578648 0.002183762 -0.747802295
82 2.94140625 -0.000007629 0 0.003899219 0.00698283 -0.905139426
83 -0.000015259 0 -0.000003815 -0.340706191 0.159206997 -0.629605292
84 19.39491272 13.16059494 -0.467075348 -2.048837855 1.470354869 0.168588927
85 -26.240753174 0.000007629 0 0.204010912 -0.309580551 0.383017261
86 -31.971000671 0.000015259 -0.000003815 -1.328631512 0.320293047 -0.128711858
87 -11.614597321 3.933120728 0.069396973 -1.878593229 1.284974846 -2.891780311
88 -10.484516144 1.069213867 3.539878845 -3.131584703 0.028220486 2.411526648
89 2.757141113 0 0.000030518 -0.011712134 0.035128624 1.019560794
90 1.775390625 -0.000011444 -0.000015259 -0.20975399 -0.29499894 0.891385361
91 -11.046470642 1.142410278 1.529701233 -3.130487012 0.018259081 2.114134707
92 3.98828125 0.000011444 0.000038147 0.004872241 -0.009924216 1.610032301
93 2.26953125 0.000015259 0.000007629 -0.076539319 -0.095407065 1.438172442
94 -11.192642212 1.041542053 -2.758422852 -3.117366971 -0.001595711 2.454012771
95 3.82421875 0.000034332 0.000053406 0.00053161 0.002187187 1.610324685
96 8.785766602 -0.000045776 0 0.028889808 0.206538207 -0.655495889
97 2.94140625 0 -0.000022888 -0.004550553 0.006091757 1.767588569
98 -11.120113373 1.091545105 -0.631118774 -3.129205451 0.018590874 2.383647129
99 3.9894104 0.000001907 0.000045776 0.021444626 0.041947477 1.751021405
100 3.478288651 0.000038147 -0.000007629 -0.001306817 0.004312204 1.848998194
101 -4.853595734 2.155090332 -4.01852417 3.123057975 0.125574955 2.46129872
102 2.980098724 0.000003815 0 0.038574713 -0.163808097 -0.240289671
103 1.982421875 -0.000007629 0.000045776 0 0 -0.040571652
104 0.000007629 -0.000015259 -0.000011444 -0.01786834 -0.032037725 -0.918099438
105 7.08984375 0 -0.000000238 3.141592654 -0.174494795 3.141592654
106 7.528259277 8.168074608 -1.232801437 3.003852049 0.996910513 -2.986383726
107 -54.911254883 -0.649677277 -0.176696777 1.593691105 0.895801864 0.207087548
108 -61.183189392 0.000000954 0.000001907 0.174037262 0.013709953 -0.309466751
109 8.588699341 -0.00000003 1.514417648 0 0 0
110 4.260505676 -21.349502563 -3.218471527 0.089591644 -0.094609126 -0.483886539
111 15.606666565 0 -0.000013113 -0.004333347 0.423088107 -0.193867619
112 15.853748322 0 -0.000007629 -0.077854627 0.21481963 -0.031770689
113 15.151855469 -0.000007629 0 -0.158018337 -0.0245882 0.187609785
114 11.149969101 0.000007629 -0.000007629 0.058623168 0.356041845 -0.113064827
115 1.725067139 -0.142128021 11.160657883 -1.297665001 -1.096724466 -0.084956082
116 15.606674194 0 0 0.33707027 0.201445218 -0.623525912
117 15.853733063 -0.000007629 0 -0.285543333 0.010472276 0.553954081
118 15.151861191 0 0 -0.537251412 -0.384566503 0.509721544
119 11.149963379 0.000007629 0 0 0 0.19434575
120 6.67868042 -0.142132998 -16.932609558 1.571105284 -0.21943411 3.141558619
121 -15.606697083 0 0 -0.021821241 -0.069062679 0.356059678
122 -15.853752136 0.000007629 0.000006676 0.038995173 -0.039513347 0.156288736
123 -15.151855469 0.000003815 -0.000001907 -0.00323528 -0.038777496 -0.011246939
124 -11.14995575 -0.000007629 0.000006437 0 0 0.240192258
125 2.507644653 15.939216614 6.722554207 -1.242118515 0.922877025 -2.424093898
126 -15.606689453 0 0 -0.008799031 0.086700014 0.548550084
127 -15.853742599 -0.000015259 0.000015259 0.192984304 0.090633774 -0.60499699
128 -15.151853561 0.000007629 0.000003815 0.35198151 -0.121992358 -0.543800923
129 -11.149963379 0 -0.000008583 -0.026348046 0.000656085 -0.246048593
130 2.507614136 -17.075353622 6.722565651 -1.351663314 -0.443489509 -0.40689149
131 15.606681824 0.000003815 0.000007629 0.113937971 0.283710305 0.459445248
132 15.853740692 0.000007629 0.000003815 -0.156792635 -0.033192186 0.311329437
133 15.151851654 0 0 -0.214526332 -0.253227089 -0.048125827
134 11.149974823 0 -0.000015259 0.046125653 -0.023723306 0.073295162
135 5.893112183 15.939213753 -12.477539063 3.055714048 0.224680739 0.275225635
136 15.606666565 0.000007629 0.000022888 0.014408055 -0.264286538 0.056087018
137 15.853759766 -0.000007629 -0.000015259 -0.029067691 -0.316569811 0.116156398
138 15.151847839 0.000003815 0.000005722 -0.015858835 -0.176757179 0.010764328
139 11.149959564 0 -0.000011444 0.030689124 -0.027134944 -0.009481607
140 5.893119812 -17.075357437 -12.477554321 1.665855017 -0.158438503 2.92624154
141 -15.606674194 -0.000003815 0.000007629 0.009719186 0.008505618 0.379350551
142 -15.853744507 -0.000003815 -0.000011444 0.062221054 -0.036856284 0.196537373
143 -15.151855469 -0.000007629 -0.000007629 0.015164782 -0.016603252 -0.138005285
144 -11.14995575 -0.000015259 -0.000003815 -0.313061976 -0.000096984 0.220761105
145 4.260475159 20.773921967 -3.218482971 0.031046375 0.093383424 -2.819092429
146 -15.606689453 0.000003815 0 0.002111525 -0.307908141 -0.14090207
147 -15.853736877 0.000007629 -0.000015259 0.106532258 -0.391711748 -0.126065108
148 -15.151828766 0 0 0.089226956 -0.327477907 0.080737961
149 -11.14994812 0.000003815 0 0.039864122 0.278456661 -0.062773118
150 7.528289795 -8.043749809 -1.232797623 -0.712425049 0.098590714 0.03318812
151 54.911224365 0.649679184 0.176700592 1.590152612 0.197358027 -0.121509424
152 61.183166504 -0.000003815 -0.000001907 0.542701548 0.211647802 0.109075119
153 -0.364088595 36.477970123 12.189170837 0.340633688 -0.000040147 0.000233438
154 -0.364086866 -2.758006096 4.994803905 0 0 0.000244115
155 -0.364086866 -2.758006096 4.994803905 0 0 0.000244115
156 -0.364086866 -2.758006096 4.994803905 0 0 0.000244115
157 -0.364086866 -2.758006096 4.994803905 0 0 0.000244115
158 -0.364086866 -2.758006096 4.994803905 0 0 0.000244115
159 -0.364086866 -2.758006096 4.994803905 0 0 0.000244115
160 -0.364086866 -2.758006096 4.994803905 0 0 0.000244115
161 -0.364086866 -2.758006096 4.994803905 0 0 0.000244115
162 -0.498048782 -4.95163393 0.510848999 0 0 0.000244115
163 -0.364086866 -2.758006096 4.994803905 0 0 0.000244115
time 24
0 -0.364086866 -2.758006096 4.994803905 0 0 0.000244115
1 -0.355917782 -50.584990818 3.436691046 0.403397007 -1.505331566 -2.141715123
2 130.809051514 0.00000003 -0.000000477 0 0 0
3 6.661987305 -0.142130047 2.521339893 -2.982630041 0.010479154 0.024994221
4 24.360931396 0.000000238 0.000011444 0.131378417 0.29068658 -0.049906155
5 24.806396484 -0.00000596 0.765966415 -0.725204868 -0.345404506 0.146658355
6 8.120269775 -0.000000954 0 0.429976983 0.097913121 -0.092236082
7 8.120315552 -0.000000477 -0.000003815 0 -0.880742373 0
8 8.120315552 -0.000000477 -0.000003815 -0.216192487 -1.369859591 0.175150136
9 5.115219116 7.517072678 -23.079307556 1.501763517 -0.35837646 0.015053389
10 -13.525115967 -0.000007629 0 -0.057424597 0.14450746 0.196172591
11 -11.953025818 0 0 -0.065735167 -0.02152747 0.252096702
12 -8.290390015 0.000015259 0 -0.333106105 -0.100983907 0.064844555
13 -7.875 0.000030518 0.000015259 -0.784764964 -0.170564634 0.00325335
14 -8.785797119 0.000034332 -0.000002861 -0.974608264 -0.157957785 -0.403360584
15 -8.90372467 -0.000000954 -0.000015259 0.485117849 0.243556258 0.331792442
16 5.903427124 12.714836121 -17.693180084 1.370188491 -0.37922568 -0.02939746
17 -13.525115967 0 0 -0.088211915 0.067105774 0.250318635
18 -11.953041077 0.000015259 0.000001907 -0.017523608 -0.06784253 0.250855792
19 -8.290382385 -0.000015259 0 -0.259262076 -0.041916249 0.117839191
20 -7.875 0.000030518 -0.000022888 -0.637829693 -0.092507235 -0.100642379
21 -8.78578186 0.000041962 0 -0.785126324 -0.001428711 -0.399303707
22 -8.9037323 0.000001907 0.000015259 0.419275763 0.048341281 0.349289265
23 5.115203857 -7.60351944 -23.079330444 -1.55466253 0.381612737 -2.887227742
24 13.525115967 0 0.000003815 0.110053659 -0.101501709 0.038379631
25 11.953033447 0.000015259 -0.000003815 0.179046279 0.033250532 0.260079061
26 8.290397644 0.000015259 0.000015259 0.488904554 0.118431103 0.150656614
27 7.875 -0.000038147 0.000015259 0.909056125 0.296409092 0.078406453
28 8.785797119 -0.000038147 -0.000003815 1.246101836 0.120959543 -0.306632595
29 8.9037323 0.000001907 -0.000007629 -0.443645555 0.24530459 0.254091391
30 5.903396606 -12.801282883 -17.693202972 -1.598720893 0.442583503 -2.77991415
31 13.525115967 -0.000007629 -0.000007629 0.084826046 -0.015505141 -0.015345631
32 11.953041077 0 -0.000007629 0.145969443 0.033096261 0.268420157
33 8.290397644 -0.000007629 0.000015259 0.4049504 0.106794321 0.296339159
34 7.875 -0.000034332 0 0.729784906 0.22994515 0.095418768
35 8.78578186 -0.000041962 0 1.026653445 0.211002504 -0.182775722
36 8.90372467 0.000003815 0 -0.510485046 0.202711672 0.145986583
37 4.435424805 0.000125885 -25.179958344 -3.117617043 0.363008552 -3.024970545
38 14.171035767 0.000020027 1.280700684 0.065116265 -0.183725393 -0.171840816
39 10.9765625 0.000019073 0.352539063 0.109258494 -0.16527752 0.007509149
40 8.120292664 -0.000007629 0 0.4568332 -0.173643295 0.111762682
41 8.120285034 0.000015259 -0.000030518 0.924474996 -0.085783777 0.243481124
42 8.120330811 -0.000003815 -0.000015259 1.378941135 0.40248432 0.183824364
43 8.120330811 0.000015259 0.000059128 -0.398551022 -0.200793199 -0.14025414
44 7.146942139 16.179790497 -9.195617676 1.376844409 -0.303705466 -0.072871366
45 -13.525146484 0 0.000007629 -0.038559178 -0.070354074 0.310641596
46 -11.953025818 -0.000015259 -0.000007629 -0.029587961 -0.017318636 0.283324931
47 -8.290382385 0.000015259 0 0.053918387 0.063588313 0.196577656
48 -7.875 0 -0.000004053 -0.3069157 0.039272303 0.054474291
49 -8.78578186 0.000041962 0 -0.515067229 -0.025957795 -0.109991081
50 -8.9037323 -0.000007629 0.000000477 0.383122134 0.226681433 0.20959747
51 7.146942139 -16.26625061 -9.19562149 -1.594435862 0.362965226 -2.75698367
52 13.525115967 0 0 -0.007433605 0.009005439 0.075599341
53 11.953041077 0.000015259 0.000007629 0.097501446 0.064080782 0.32661336
54 8.290397644 0 -0.000007629 0.263726935 0.057230743 0.353918928
55 7.875 -0.000015259 0 0.473676732 0.128949277 0.129426873
56 8.78578186 -0.000030518 0.000003815 0.693203714 0.22948849 -0.200745754
57 8.90372467 0.000007629 0 -0.513789241 0.03911063 0.093045788
58 -5.367340088 8.36690712 8.703117371 2.1159468 -0.094938434 2.786073256
59 13.525127411 -0.000015259 -0.000003815 -0.296468905 -0.078299246 -0.169078084
60 -3.441894531 -10.792384148 9.377002716 2.157090116 -0.393884334 2.799803609
61 13.525127411 0 0 -0.729338156 -0.083288343 -0.91875162
62 11.953041077 0.000030518 0.000000954 -0.171904138 0.236863342 -0.643042726
63 8.290390015 -0.000015259 0.000007629 -0.091359774 0.219685835 0.07174096
64 7.875 -0.000030518 0 -0.264529296 0.018617901 0.356921689
65 19.394897461 -14.052384377 -0.467084885 0.83063486 -0.147072976 -1.785826228
66 26.240768433 -0.000007629 0.000007629 -0.699092025 -0.473288855 1.747482169
67 31.970993042 0 -0.000009537 -1.120779472 0.197073003 0.214466878
68 4.627256393 -2.311302185 4.18561554 -0.021512477 -0.254658869 -0.451859094
69 2.980098724 -0.000007629 0 -0.040823197 0.14004721 0.242069561
70 1.982421875 0.000019073 0.000015259 0.001822187 0.301463179 0.041313792
71 10.844877243 -1.281570435 -1.331703186 0.003154845 -0.01855101 -1.502721343
72 3.98828125 0 0.000022888 0.024656551 0.116612118 -1.30426207
73 2.26953125 0 -0.000022888 0.010246566 0.020303916 -1.235445909
74 10.908864975 -1.237388611 0.829566956 -0.002120665 -0.016311413 -0.946548928
75 3.989433289 -0.000007629 0.000038147 -0.023592026 0.054369831 -0.687454836
76 3.478279114 -0.000011444 -0.000007629 0.024072983 -0.104942469 -0.787494027
77 10.291898727 -1.202156067 -3.344161987 0.018038834 -0.023865117 -1.537453755
78 2.757148743 -0.000003815 0.000015259 -0.247768235 -0.095584748 -1.291662643
79 1.775390625 0.000007629 -0.000022888 0.198076059 0.357239486 -1.30316968
80 10.971857071 -1.19392395 2.957328796 -0.014098138 -0.005806445 -1.053950888
81 3.82421875 -0.000007629 0.000030518 -0.000571967 0.002185521 -0.741686248
82 2.94140625 -0.000007629 0 0.003920632 0.00697083 -0.899001189
83 -0.000015259 0 -0.000003815 -0.340706191 0.159206997 -0.629605292
84 19.39491272 13.16059494 -0.467075348 -2.050130553 1.294955798 0.112441687
85 -26.240753174 0.000007629 0 0.232352947 -0.256885288 0.348149921
86 -31.971000671 0.000015259 -0.000003815 -1.328631512 0.320293047 -0.128711858
87 -11.614597321 3.933120728 0.069396973 -1.952548268 1.25869091 -2.965743638
88 -10.484516144 1.069213867 3.539878845 -3.131584703 0.028220486 2.411526648
89 2.757141113 0 0.000030518 -0.011712134 0.035128624 1.019560794
90 1.775390625 -0.000011444 -0.000015259 -0.209203632 -0.295417169 0.889516239
91 -11.046470642 1.142410278 1.529701233 -3.130487012 0.018259081 2.114134707
92 3.98828125 0.000011444 0.000038147 0.004872241 -0.009924216 1.610032301
93 2.26953125 0.000015259 0.000007629 -0.076539319 -0.095407065 1.438172442
94 -11.192642212 1.041542053 -2.758422852 -3.117339967 -0.00170698 2.456486288
95 3.82421875 0.000034332 0.000053406 0.00053161 0.002187187 1.610324685
96 8.785766602 -0.000045776 0 0.028889808 0.206538207 -0.655495889
97 2.94140625 0 -0.000022888 -0.004550553 0.006091757 1.767588569
98 -11.120113373 1.091545105 -0.631118774 -3.129189048 0.018579935 2.385412311
99 3.9894104 0.000001907 0.000045776 0.021444626 0.041947477 1.751021405
100 3.478288651 0.000038147 -0.000007629 -0.001306817 0.004312204 1.848998194
101 -4.853595734 2.155090332 -4.01852417 3.123057975 0.125574955 2.46129872
102 2.980098724 0.000003815 0 0.038574713 -0.163808097 -0.240289671
103 1.982421875 -0.000007629 0.000045776 0 0 -0.040571652
104 0.000007629 -0.000015259 -0.000011444 -0.01786834 -0.032037725 -0.918099438
105 7.08984375 0 -0.000000238 3.141592654 -0.174494795 3.141592654
106 7.528259277 8.168074608 -1.232801437 3.007983088 1.016913068 -2.983426893
107 -54.911254883 -0.649677277 -0.176696777 1.595805921 0.917523439 0.214069172
108 -61.183189392 0.000000954 0.000001907 0.174037262 0.013709953 -0.309466751
109 8.588699341 -0.00000003 1.514417648 0 0 0
110 4.260505676 -21.349502563 -3.218471527 0.098983518 -0.101043522 -0.45318257
111 15.606666565 0 -0.000013113 0.005526073 0.428483742 -0.231470751
112 15.853748322 0 -0.000007629 -0.078470073 0.251863271 -0.06819863
113 15.151855469 -0.000007629 0 -0.152156519 0.039166118 0.171441524
114 11.149969101 0.000007629 -0.000007629 0.104802997 0.339962951 -0.084820587
115 1.725067139 -0.142128021 11.160657883 -1.282474119 -1.088756855 -0.075447401
116 15.606674194 0 0 0.340634086 0.189147932 -0.61265522
117 15.853733063 -0.000007629 0 -0.25935374 0.10687276 0.520461994
118 15.151861191 0 0 -0.565270585 -0.325057047 0.560160561
119 11.149963379 0.000007629 0 0 0 0.176574419
120 6.67868042 -0.142132998 -16.932609558 1.571093913 -0.187040113 3.141564742
121 -15.606697083 0 0 -0.043005207 -0.046447492 0.378382257
122 -15.853752136 0.000007629 0.000006676 0.034775133 -0.03218059 0.193927553
123 -15.151855469 0.000003815 -0.000001907 -0.000008816 -0.030733002 0.028661644
124 -11.14995575 -0.000007629 0.000006437 0 0 0.272568066
125 2.507644653 15.939216614 6.722554207 -1.218173101 0.979586244 -2.345641102
126 -15.606689453 0 0 -0.016177276 0.071648736 0.51909287
127 -15.853742599 -0.000015259 0.000015259 0.183141844 0.169139296 -0.611578912
128 -15.151853561 0.000007629 0.000003815 0.384038376 -0.088370972 -0.589685102
129 -11.149963379 0 -0.000008583 -0.005878841 0.006593761 -0.274855582
130 2.507614136 -17.075353622 6.722565651 -1.350856877 -0.451363591 -0.40883602
131 15.606681824 0.000003815 0.000007629 0.147261675 0.296167831 0.467128579
132 15.853740692 0.000007629 0.000003815 -0.141721169 0.012560568 0.345509058
133 15.151851654 0 0 -0.224619923 -0.20940516 0.030166103
134 11.149974823 0 -0.000015259 0.048964916 -0.024147623 0.065304803
135 5.893112183 15.939213753 -12.477539063 3.054124689 0.206700241 0.262066362
136 15.606666565 0.000007629 0.000022888 0.042304586 -0.245817233 0.020175652
137 15.853759766 -0.000007629 -0.000015259 -0.026741089 -0.341451044 0.108197376
138 15.151847839 0.000003815 0.000005722 -0.020221193 -0.21860107 0.005432163
139 11.149959564 0 -0.000011444 0.032671444 -0.011347947 0.023469468
140 5.893119812 -17.075357437 -12.477554321 1.66558782 -0.122918299 2.929633068
141 -15.606674194 -0.000003815 0.000007629 -0.013085094 0.025349589 0.416337411
142 -15.853744507 -0.000003815 -0.000011444 0.058180592 -0.029029127 0.245826518
143 -15.151855469 -0.000007629 -0.000007629 0.016939726 -0.000138035 -0.085656647
144 -11.14995575 -0.000015259 -0.000003815 -0.311554266 -0.010398042 0.216114848
145 4.260475159 20.773921967 -3.218482971 0.029711024 0.093792573 -2.833323476
146 -15.606689453 0.000003815 0 -0.034295704 -0.253613359 -0.123384145
147 -15.853736877 0.000007629 -0.000015259 0.108720458 -0.406461123 -0.138900386
148 -15.151828766 0 0 0.096337996 -0.387701113 0.086268426
149 -11.14994812 0.000003815 0 0.030748603 0.304197884 -0.097075563
150 7.528289795 -8.043749809 -1.232797623 -0.711714951 0.109081174 0.033202094
151 54.911224365 0.649679184 0.176700592 1.585614525 0.233875749 -0.096075544
152 61.183166504 -0.000003815 -0.000001907 0.542701548 0.211647802 0.109075119
153 -0.364088595 36.477970123 12.189170837 0.340633688 -0.000040147 0.000233438
154 -0.364086866 -2.758006096 4.994803905 0 0 0.000244115
155 -0.364086866 -2.758006096 4.994803905 0 0 0.000244115
156 -0.364086866 -2.758006096 4.994803905 0 0 0.000244115
157 -0.364086866 -2.758006096 4.994803905 0 0 0.000244115
158 -0.364086866 -2.758006096 4.994803905 0 0 0.000244115
159 -0.364086866 -2.758006096 4.994803905 0 0 0.000244115
160 -0.364086866 -2.758006096 4.994803905 0 0 0.000244115
161 -0.364086866 -2.758006096 4.994803905 0 0 0.000244115
162 -0.498048782 -4.95163393 0.510848999 0 0 0.000244115
163 -0.364086866 -2.758006096 4.994803905 0 0 0.000244115
time 25
0 -0.364086866 -2.758006096 4.994803905 0 0 0.000244115
1 -0.355917722 -52.156605564 3.436691046 0.302308503 -1.511164025 -1.999159759
2 130.809051514 0.00000003 -0.000000477 0 0 0
3 6.661987305 -0.142130047 2.521339893 -2.975703592 0.010206179 0.025188096
4 24.360931396 0.000000238 0.000011444 0.192755628 0.268453838 -0.023683058
5 24.806396484 -0.00000596 0.765966415 -0.754506184 -0.345047972 0.142949846
6 8.120269775 -0.000000954 0 0.417141627 0.097888301 -0.092211863
7 8.120315552 -0.000000477 -0.000003815 0 -0.880742373 0
8 8.120315552 -0.000000477 -0.000003815 -0.216192487 -1.369859591 0.175150136
9 5.115219116 7.517072678 -23.079307556 1.501763517 -0.35837646 0.015053389
10 -13.525115967 -0.000007629 0 -0.089996472 0.193561908 0.167622095
11 -11.953025818 0 0 -0.071677175 -0.000902023 0.257614822
12 -8.290390015 0.000015259 0 -0.303721196 -0.087536757 0.07284799
13 -7.875 0.000030518 0.000015259 -0.745310354 -0.143564947 0.030290002
14 -8.785797119 0.000034332 -0.000002861 -0.943389207 -0.180515519 -0.332036152
15 -8.90372467 -0.000000954 -0.000015259 0.500534782 0.25704498 0.321097223
16 5.903427124 12.714836121 -17.693180084 1.370188491 -0.37922568 -0.02939746
17 -13.525115967 0 0 -0.118034325 0.111403231 0.234834457
18 -11.953041077 0.000015259 0.000001907 -0.025154318 -0.056140561 0.264515862
19 -8.290382385 -0.000015259 0 -0.232847363 -0.030153913 0.13373026
20 -7.875 0.000030518 -0.000022888 -0.604336494 -0.068768999 -0.07140278
21 -8.78578186 0.000041962 0 -0.750865646 -0.022056002 -0.328594588
22 -8.9037323 0.000001907 0.000015259 0.452387177 0.052086817 0.339055408
23 5.115203857 -7.60351944 -23.079330444 -1.554662073 0.381674365 -2.887288286
24 13.525115967 0 0.000003815 0.146412937 -0.149664804 -0.021845322
25 11.953033447 0.000015259 -0.000003815 0.187494373 0.014219649 0.243298489
26 8.290397644 0.000015259 0.000015259 0.465905051 0.12113328 0.158877056
27 7.875 -0.000038147 0.000015259 0.867169661 0.300928427 0.110399492
28 8.785797119 -0.000038147 -0.000003815 1.211620076 0.172911913 -0.258008644
29 8.9037323 0.000001907 -0.000007629 -0.464843463 0.225236899 0.252493413
30 5.903396606 -12.801282883 -17.693202972 -1.598720893 0.442583503 -2.77991415
31 13.525115967 -0.000007629 -0.000007629 0.117476003 -0.054046784 -0.087712129
32 11.953041077 0 -0.000007629 0.155708952 0.024788127 0.246890433
33 8.290397644 -0.000007629 0.000015259 0.387149607 0.117639895 0.319769337
34 7.875 -0.000034332 0 0.69213585 0.236675877 0.13055884
35 8.78578186 -0.000041962 0 1.00802432 0.242119316 -0.123332155
36 8.90372467 0.000003815 0 -0.52890096 0.18580704 0.135762344
37 4.435424805 0.000125885 -25.179958344 -3.117617043 0.363008552 -3.024970545
38 14.171035767 0.000020027 1.280700684 0.09783373 -0.139522267 -0.22959521
39 10.9765625 0.000019073 0.352539063 0.117750353 -0.153374909 -0.016169241
40 8.120292664 -0.000007629 0 0.427463186 -0.176786581 0.104302749
41 8.120285034 0.000015259 -0.000030518 0.877374609 -0.108695147 0.231879705
42 8.120330811 -0.000003815 -0.000015259 1.337210259 0.355515742 0.215561065
43 8.120330811 0.000015259 0.000059128 -0.407535607 -0.180276093 -0.159937095
44 7.146942139 16.179790497 -9.195617676 1.376844409 -0.303705466 -0.072871366
45 -13.525146484 0 0.000007629 -0.038559178 -0.070354074 0.310641596
46 -11.953025818 -0.000015259 -0.000007629 -0.049770812 0.027391897 0.278971438
47 -8.290382385 0.000015259 0 0.054840195 0.079805033 0.204754107
48 -7.875 0 -0.000004053 -0.277978337 0.055264452 0.054705156
49 -8.78578186 0.000041962 0 -0.482519062 0.000885927 -0.097236361
50 -8.9037323 -0.000007629 0.000000477 0.415034628 0.236587656 0.205507984
51 7.146942139 -16.26625061 -9.19562149 -1.594435862 0.362965226 -2.75698367
52 13.525115967 0 0 0.026616522 -0.017046953 -0.00342105
53 11.953041077 0.000015259 0.000007629 0.109468634 0.079146398 0.313820614
54 8.290397644 0 -0.000007629 0.247810688 0.073016757 0.398448308
55 7.875 -0.000015259 0 0.440919768 0.123945255 0.172207836
56 8.78578186 -0.000030518 0.000003815 0.686560365 0.223217893 -0.14305752
57 8.90372467 0.000007629 0 -0.522310713 0.016965214 0.084844784
58 -5.367340088 8.36690712 8.703117371 2.172546624 -0.118623922 2.768466759
59 13.525127411 -0.000015259 -0.000003815 -0.296468905 -0.078299246 -0.169078084
60 -3.441894531 -10.792384148 9.377002716 2.233946123 -0.443429573 2.756194759
61 13.525127411 0 0 -0.66873408 -0.156769005 -0.879412589
62 11.953041077 0.000030518 0.000000954 -0.233608345 0.188930869 -0.704673684
63 8.290390015 -0.000015259 0.000007629 -0.126764851 0.266111202 0.014599514
64 7.875 -0.000030518 0 -0.243257992 0.101742048 0.286972722
65 19.394897461 -14.052384377 -0.467084885 0.793162276 -0.208946602 -1.730334198
66 26.240768433 -0.000007629 0.000007629 -0.708664871 -0.461248092 1.773928726
67 31.970993042 0 -0.000009537 -1.120779472 0.197073003 0.214466878
68 4.627256393 -2.311302185 4.18561554 -0.021512477 -0.254658869 -0.451859094
69 2.980098724 -0.000007629 0 -0.040823197 0.14004721 0.242069561
70 1.982421875 0.000019073 0.000015259 0.001822187 0.301463179 0.041313792
71 10.844877243 -1.281570435 -1.331703186 0.003154845 -0.01855101 -1.502721343
72 3.98828125 0 0.000022888 0.024656551 0.116612118 -1.30426207
73 2.26953125 0 -0.000022888 0.010246566 0.020303916 -1.235445909
74 10.908864975 -1.237388611 0.829566956 -0.002283368 -0.016267465 -0.940829916
75 3.989433289 -0.000007629 0.000038147 -0.023836518 0.054020444 -0.681680244
76 3.478279114 -0.000011444 -0.000007629 0.024273661 -0.105552159 -0.781727672
77 10.291898727 -1.202156067 -3.344161987 0.018038834 -0.023865117 -1.537453755
78 2.757148743 -0.000003815 0.000015259 -0.250264114 -0.095609738 -1.291557901
79 1.775390625 0.000007629 -0.000022888 0.198076059 0.357239486 -1.30316968
80 10.971857071 -1.19392395 2.957328796 -0.014083619 -0.005646998 -1.048064581
81 3.82421875 -0.000007629 0.000030518 -0.000565491 0.002187206 -0.735762438
82 2.94140625 -0.000007629 0 0.00394131 0.006959159 -0.893063481
83 -0.000015259 0 -0.000003815 -0.340706191 0.159206997 -0.629605292
84 19.39491272 13.16059494 -0.467075348 -2.052231452 1.130929019 0.059046008
85 -26.240753174 0.000007629 0 0.258818487 -0.208686329 0.315633366
86 -31.971000671 0.000015259 -0.000003815 -1.328631512 0.320293047 -0.128711858
87 -11.614597321 3.933120728 0.069396973 -2.021804897 1.233973056 -3.034910909
88 -10.484516144 1.069213867 3.539878845 -3.131584703 0.028220486 2.411526648
89 2.757141113 0 0.000030518 -0.011712134 0.035128624 1.019560794
90 1.775390625 -0.000011444 -0.000015259 -0.20862494 -0.295746991 0.887723219
91 -11.046470642 1.142410278 1.529701233 -3.130487012 0.018259081 2.114134707
92 3.98828125 0.000011444 0.000038147 0.004872241 -0.009924216 1.610032301
93 2.26953125 0.000015259 0.000007629 -0.076539319 -0.095407065 1.438172442
94 -11.192642212 1.041542053 -2.758422852 -3.117342016 -0.001735865 2.458868242
95 3.82421875 0.000034332 0.000053406 0.00053161 0.002187187 1.610324685
96 8.785766602 -0.000045776 0 0.028889808 0.206538207 -0.655495889
97 2.94140625 0 -0.000022888 -0.004550553 0.006091757 1.767588569
98 -11.120113373 1.091545105 -0.631118774 -3.129141728 0.018489312 2.387084043
99 3.9894104 0.000001907 0.000045776 0.021444626 0.041947477 1.751021405
100 3.478288651 0.000038147 -0.000007629 -0.001306817 0.004312204 1.848998194
101 -4.853595734 2.155090332 -4.01852417 3.123057975 0.125574955 2.46129872
102 2.980098724 0.000003815 0 0.038574713 -0.163808097 -0.240289671
103 1.982421875 -0.000007629 0.000045776 0 0 -0.040571652
104 0.000007629 -0.000015259 -0.000011444 -0.01786834 -0.032037725 -0.918099438
105 7.08984375 0 -0.000000238 3.141592654 -0.174494795 3.141592654
106 7.528259277 8.168074608 -1.232801437 3.011455088 1.034345988 -2.981053875
107 -54.911254883 -0.649677277 -0.176696777 1.598228655 0.936635319 0.220415783
108 -61.183189392 0.000000954 0.000001907 0.174037262 0.013709953 -0.309466751
109 8.588699341 -0.00000003 1.514417648 0 0 0
110 4.260505676 -21.349502563 -3.218471527 0.109261827 -0.108222585 -0.419652772
111 15.606666565 0 -0.000013113 0.015573395 0.424733055 -0.261262735
112 15.853748322 0 -0.000007629 -0.078977772 0.285093662 -0.110168096
113 15.151855469 -0.000007629 0 -0.147607626 0.099556208 0.148517158
114 11.149969101 0.000007629 -0.000007629 0.155087881 0.321648899 -0.054006971
115 1.725067139 -0.142128021 11.160657883 -1.267744205 -1.078708988 -0.064268037
116 15.606674194 0 0 0.344810221 0.173939826 -0.59998327
117 15.853733063 -0.000007629 0 -0.227585787 0.202464987 0.474564452
118 15.151861191 0 0 -0.567499359 -0.239930397 0.589069466
119 11.149963379 0.000007629 0 0 0 0.157258454
120 6.67868042 -0.142132998 -16.932609558 1.571129392 -0.15200173 3.141567291
121 -15.606697083 0 0 -0.062150424 -0.020393623 0.392547775
122 -15.853752136 0.000007629 0.000006676 0.027649126 -0.027096471 0.235950137
123 -15.151855469 0.000003815 -0.000001907 0.002583373 -0.025750683 0.074395214
124 -11.14995575 -0.000007629 0.000006437 0 0 0.305190616
125 2.507644653 15.939216614 6.722554207 -1.194325228 1.036495363 -2.265440284
126 -15.606689453 0 0 -0.024824637 0.053884126 0.488914976
127 -15.853742599 -0.000015259 0.000015259 0.164514916 0.250633497 -0.606878797
128 -15.151853561 0.000007629 0.000003815 0.400445863 -0.034419906 -0.6276186
129 -11.149963379 0 -0.000008583 0.016358657 0.013506322 -0.303700125
130 2.507614136 -17.075353622 6.722565651 -1.349915005 -0.459862699 -0.410929969
131 15.606681824 0.000003815 0.000007629 0.172453598 0.298660737 0.463849623
132 15.853740692 0.000007629 0.000003815 -0.120829329 0.055499723 0.377409274
133 15.151851654 0 0 -0.228330047 -0.159280915 0.100337764
134 11.149974823 0 -0.000015259 0.051982338 -0.024795473 0.05661491
135 5.893112183 15.939213753 -12.477539063 3.052608502 0.188325443 0.247701078
136 15.606666565 0.000007629 0.000022888 0.069497858 -0.21931487 -0.019819413
137 15.853759766 -0.000007629 -0.000015259 -0.020371893 -0.367963097 0.099005354
138 15.151847839 0.000003815 0.000005722 -0.022816641 -0.266712821 0.003235233
139 11.149959564 0 -0.000011444 0.034713089 0.005706534 0.059330184
140 5.893119812 -17.075357437 -12.477554321 1.665377054 -0.084262851 2.933348136
141 -15.606674194 -0.000003815 0.000007629 -0.033817037 0.04434772 0.44327521
142 -15.853744507 -0.000003815 -0.000011444 0.05161599 -0.024263157 0.298400388
143 -15.151855469 -0.000007629 -0.000007629 0.019486393 0.01315482 -0.029913219
144 -11.14995575 -0.000015259 -0.000003815 -0.309952422 -0.022124255 0.210190094
145 4.260475159 20.773921967 -3.218482971 0.028220441 0.094219664 -2.848944291
146 -15.606689453 0.000003815 0 -0.069118946 -0.193843099 -0.098323299
147 -15.853736877 0.000007629 -0.000015259 0.105841801 -0.413973599 -0.153226311
148 -15.151828766 0 0 0.101980983 -0.450135507 0.081653413
149 -11.14994812 0.000003815 0 0.020846372 0.332193103 -0.134467808
150 7.528289795 -8.043749809 -1.232797623 -0.710926095 0.118176625 0.03319279
151 54.911224365 0.649679184 0.176700592 1.581587687 0.269745801 -0.071419124
152 61.183166504 -0.000003815 -0.000001907 0.542701548 0.211647802 0.109075119
153 -0.364088595 36.477970123 12.189170837 0.340633688 -0.000040147 0.000233438
154 -0.364086866 -2.758006096 4.994803905 0 0 0.000244115
155 -0.364086866 -2.758006096 4.994803905 0 0 0.000244115
156 -0.364086866 -2.758006096 4.994803905 0 0 0.000244115
157 -0.364086866 -2.758006096 4.994803905 0 0 0.000244115
158 -0.364086866 -2.758006096 4.994803905 0 0 0.000244115
159 -0.364086866 -2.758006096 4.994803905 0 0 0.000244115
160 -0.364086866 -2.758006096 4.994803905 0 0 0.000244115
161 -0.364086866 -2.758006096 4.994803905 0 0 0.000244115
162 -0.498048782 -4.95163393 0.510848999 0 0 0.000244115
163 -0.364086866 -2.758006096 4.994803905 0 0 0.000244115
time 26
0 -0.364086866 -2.758006096 4.994803905 0 0 0.000244115
1 -0.355917662 -53.494811693 3.436691046 0.20891913 -1.517497983 -1.866565582
2 130.809051514 0.00000003 -0.000000477 0 0 0
3 6.661987305 -0.142130047 2.521339893 -2.96981442 0.00993775 0.025461231
4 24.360931396 0.000000238 0.000011444 0.247790252 0.246201808 -0.000210892
5 24.806396484 -0.00000596 0.765966415 -0.780760759 -0.344692383 0.139710258
6 8.120269775 -0.000000954 0 0.406266453 0.097890933 -0.092197372
7 8.120315552 -0.000000477 -0.000003815 0 -0.880742373 0
8 8.120315552 -0.000000477 -0.000003815 -0.216192487 -1.369859591 0.175150136
9 5.115219116 7.517072678 -23.079307556 1.501763517 -0.35837646 0.015053389
10 -13.525115967 -0.000007629 0 -0.118690905 0.242227299 0.133838565
11 -11.953025818 0 0 -0.080947918 0.022178787 0.26214805
12 -8.290390015 0.000015259 0 -0.279884663 -0.080479649 0.083504191
13 -7.875 0.000030518 0.000015259 -0.707139273 -0.126251339 0.051258587
14 -8.785797119 0.000034332 -0.000002861 -0.912236588 -0.192998618 -0.274409601
15 -8.90372467 -0.000000954 -0.000015259 0.514099156 0.268808892 0.311499781
16 5.903427124 12.714836121 -17.693180084 1.370188491 -0.37922568 -0.02939746
17 -13.525115967 0 0 -0.142522989 0.157932951 0.214092844
18 -11.953041077 0.000015259 0.000001907 -0.036698017 -0.042896247 0.278346423
19 -8.290382385 -0.000015259 0 -0.212104727 -0.025698934 0.151668389
20 -7.875 0.000030518 -0.000022888 -0.571430297 -0.053691249 -0.050111758
21 -8.78578186 0.000041962 0 -0.719865338 -0.031529084 -0.274304398
22 -8.9037323 0.000001907 0.000015259 0.48216244 0.055167766 0.329834908
23 5.115203857 -7.60351944 -23.079330444 -1.554662073 0.381674365 -2.887288286
24 13.525115967 0 0.000003815 0.180085799 -0.196999492 -0.082560336
25 11.953033447 0.000015259 -0.000003815 0.198250696 -0.010949229 0.219775828
26 8.290397644 0.000015259 0.000015259 0.448528817 0.127274519 0.16560148
27 7.875 -0.000038147 0.000015259 0.829339812 0.313513132 0.137210033
28 8.785797119 -0.000038147 -0.000003815 1.177406309 0.21710859 -0.216137152
29 8.9037323 0.000001907 -0.000007629 -0.48376146 0.207183778 0.250987624
30 5.903396606 -12.801282883 -17.693202972 -1.598720893 0.442583503 -2.77991415
31 13.525115967 -0.000007629 -0.000007629 0.147741739 -0.094721055 -0.158797232
32 11.953041077 0 -0.000007629 0.167678536 0.010685887 0.214132571
33 8.290397644 -0.000007629 0.000015259 0.377195101 0.133583498 0.340785595
34 7.875 -0.000034332 0 0.659260308 0.254394751 0.166212481
35 8.78578186 -0.000041962 0 0.986947416 0.271325107 -0.070296885
36 8.90372467 0.000003815 0 -0.545046346 0.17096174 0.126702781
37 4.435424805 0.000125885 -25.179958344 -3.117617043 0.363008552 -3.024970545
38 14.171035767 0.000020027 1.280700684 0.121815993 -0.092985054 -0.284904364
39 10.9765625 0.000019073 0.352539063 0.128807441 -0.138643923 -0.044072534
40 8.120292664 -0.000007629 0 0.403287349 -0.18137487 0.10056246
41 8.120285034 0.000015259 -0.000030518 0.833323284 -0.127376226 0.22825998
42 8.120330811 -0.000003815 -0.000015259 1.293191078 0.317676422 0.238925953
43 8.120330811 0.000015259 0.000059128 -0.416311397 -0.16182368 -0.177120744
44 7.146942139 16.179790497 -9.195617676 1.376844409 -0.303705466 -0.072871366
45 -13.525146484 0 0.000007629 -0.038559178 -0.070354074 0.310641596
46 -11.953025818 -0.000015259 -0.000007629 -0.065293604 0.074597881 0.272299727
47 -8.290382385 0.000015259 0 0.051736667 0.0966759 0.215129928
48 -7.875 0 -0.000004053 -0.252830361 0.065410673 0.057075209
49 -8.78578186 0.000041962 0 -0.451399394 0.020243803 -0.092092047
50 -8.9037323 -0.000007629 0.000000477 0.443632464 0.24515158 0.20130238
51 7.146942139 -16.26625061 -9.19562149 -1.594435862 0.362965226 -2.75698367
52 13.525115967 0 0 0.057991719 -0.050519141 -0.081994004
53 11.953041077 0.000015259 0.000007629 0.1237035 0.091383249 0.285336166
54 8.290397644 0 -0.000007629 0.242239337 0.100897066 0.443984719
55 7.875 -0.000015259 0 0.411446379 0.132211835 0.222772571
56 8.78578186 -0.000030518 0.000003815 0.674953962 0.218270181 -0.087375572
57 8.90372467 0.000007629 0 -0.529649701 -0.002504764 0.077522551
58 -5.367340088 8.36690712 8.703117371 2.214712363 -0.15624213 2.767870128
59 13.525127411 -0.000015259 -0.000003815 -0.296468905 -0.078299246 -0.169078084
60 -3.441894531 -10.792384148 9.377002716 2.288895923 -0.499834855 2.736645313
61 13.525127411 0 0 -0.59718728 -0.220145543 -0.836567828
62 11.953041077 0.000030518 0.000000954 -0.265119377 0.117613744 -0.757834998
63 8.290390015 -0.000015259 0.000007629 -0.169547397 0.291703645 -0.047990509
64 7.875 -0.000030518 0 -0.234372574 0.180425954 0.22646358
65 19.394897461 -14.052384377 -0.467084885 0.749826834 -0.27189348 -1.67344704
66 26.240768433 -0.000007629 0.000007629 -0.716405291 -0.449645206 1.796103336
67 31.970993042 0 -0.000009537 -1.120779472 0.197073003 0.214466878
68 4.627256393 -2.311302185 4.18561554 -0.021512477 -0.254658869 -0.451859094
69 2.980098724 -0.000007629 0 -0.040823197 0.14004721 0.242069561
70 1.982421875 0.000019073 0.000015259 0.001822187 0.301463179 0.041313792
71 10.844877243 -1.281570435 -1.331703186 0.003154845 -0.01855101 -1.502721343
72 3.98828125 0 0.000022888 0.024656551 0.116612118 -1.30426207
73 2.26953125 0 -0.000022888 0.010246566 0.020303916 -1.235445909
74 10.908864975 -1.237388611 0.829566956 -0.002328228 -0.016261106 -0.935313635
75 3.989433289 -0.000007629 0.000038147 -0.024145976 0.053558362 -0.676277295
76 3.478279114 -0.000011444 -0.000007629 0.024330917 -0.106224638 -0.776335462
77 10.291898727 -1.202156067 -3.344161987 0.018038834 -0.023865117 -1.537453755
78 2.757148743 -0.000003815 0.000015259 -0.252685232 -0.095595941 -1.291564888
79 1.775390625 0.000007629 -0.000022888 0.198076059 0.357239486 -1.30316968
80 10.971857071 -1.19392395 2.957328796 -0.014099314 -0.005607693 -1.042486132
81 3.82421875 -0.000007629 0.000030518 -0.000559321 0.002188792 -0.730122596
82 2.94140625 -0.000007629 0 0.003960596 0.006948202 -0.887516449
83 -0.000015259 0 -0.000003815 -0.340706191 0.159206997 -0.629605292
84 19.39491272 13.16059494 -0.467075348 -2.054578646 0.983909622 0.010732624
85 -26.240753174 0.000007629 0 0.282565803 -0.166243169 0.2864398
86 -31.971000671 0.000015259 -0.000003815 -1.328631512 0.320293047 -0.128711858
87 -11.614597321 3.933120728 0.069396973 -2.08370139 1.211975663 -3.096825612
88 -10.484516144 1.069213867 3.539878845 -3.131584703 0.028220486 2.411526648
89 2.757141113 0 0.000030518 -0.011712134 0.035128624 1.019560794
90 1.775390625 -0.000011444 -0.000015259 -0.208154702 -0.296018707 0.886134956
91 -11.046470642 1.142410278 1.529701233 -3.130487012 0.018259081 2.114134707
92 3.98828125 0.000011444 0.000038147 0.004872241 -0.009924216 1.610032301
93 2.26953125 0.000015259 0.000007629 -0.076539319 -0.095407065 1.438172442
94 -11.192642212 1.041542053 -2.758422852 -3.117425394 -0.001792431 2.461157738
95 3.82421875 0.000034332 0.000053406 0.00053161 0.002187187 1.610324685
96 8.785766602 -0.000045776 0 0.028889808 0.206538207 -0.655495889
97 2.94140625 0 -0.000022888 -0.004550553 0.006091757 1.767588569
98 -11.120113373 1.091545105 -0.631118774 -3.129045997 0.018510634 2.388755861
99 3.9894104 0.000001907 0.000045776 0.021444626 0.041947477 1.751021405
100 3.478288651 0.000038147 -0.000007629 -0.001306817 0.004312204 1.848998194
101 -4.853595734 2.155090332 -4.01852417 3.123057975 0.125574955 2.46129872
102 2.980098724 0.000003815 0 0.038574713 -0.163808097 -0.240289671
103 1.982421875 -0.000007629 0.000045776 0 0 -0.040571652
104 0.000007629 -0.000015259 -0.000011444 -0.01786834 -0.032037725 -0.918099438
105 7.08984375 0 -0.000000238 3.141592654 -0.174494795 3.141592654
106 7.528259277 8.168074608 -1.232801437 3.014429906 1.049194171 -2.978922471
107 -54.911254883 -0.649677277 -0.176696777 1.600562891 0.952908353 0.225668907
108 -61.183189392 0.000000954 0.000001907 0.174037262 0.013709953 -0.309466751
109 8.588699341 -0.00000003 1.514417648 0 0 0
110 4.260505676 -21.349502563 -3.218471527 0.119573713 -0.115644752 -0.38614874
111 15.606666565 0 -0.000013113 0.026056612 0.412624089 -0.280919888
112 15.853748322 0 -0.000007629 -0.079038805 0.313879721 -0.155716058
113 15.151855469 -0.000007629 0 -0.14436881 0.156933652 0.118149867
114 11.149969101 0.000007629 -0.000007629 0.205442609 0.301949955 -0.023232265
115 1.725067139 -0.142128021 11.160657883 -1.254145425 -1.066448931 -0.051914484
116 15.606674194 0 0 0.349189863 0.156974097 -0.585047652
117 15.853733063 -0.000007629 0 -0.196128938 0.289649098 0.420558278
118 15.151861191 0 0 -0.547797758 -0.138268728 0.598621091
119 11.149963379 0.000007629 0 0 0 0.137957216
120 6.67868042 -0.142132998 -16.932609558 1.571030605 -0.117132388 3.141578917
121 -15.606697083 0 0 -0.078562709 0.006961601 0.396053006
122 -15.853752136 0.000007629 0.000006676 0.017683477 -0.023054945 0.279016832
123 -15.151855469 0.000003815 -0.000001907 0.003471195 -0.024351757 0.126765223
124 -11.14995575 -0.000007629 0.000006437 0 0 0.33631916
125 2.507644653 15.939216614 6.722554207 -1.171702797 1.090461788 -2.188143252
126 -15.606689453 0 0 -0.03400554 0.035141261 0.458004153
127 -15.853742599 -0.000015259 0.000015259 0.142213914 0.325571866 -0.59046067
128 -15.151853561 0.000007629 0.000003815 0.398858578 0.033089688 -0.656063114
129 -11.149963379 0 -0.000008583 0.038594935 0.020977153 -0.331005533
130 2.507614136 -17.075353622 6.722565651 -1.348857299 -0.468282954 -0.413124432
131 15.606681824 0.000003815 0.000007629 0.188677616 0.292440943 0.450037588
132 15.853740692 0.000007629 0.000003815 -0.095336005 0.094146096 0.406549711
133 15.151851654 0 0 -0.225357587 -0.105801557 0.162876203
134 11.149974823 0 -0.000015259 0.055084703 -0.025764768 0.047913746
135 5.893112183 15.939213753 -12.477539063 3.051278013 0.170838145 0.233407518
136 15.606666565 0.000007629 0.000022888 0.093719771 -0.186114263 -0.05970195
137 15.853759766 -0.000007629 -0.000015259 -0.009746359 -0.391040965 0.086958405
138 15.151847839 0.000003815 0.000005722 -0.02276973 -0.319327751 0.003492
139 11.149959564 0 -0.000011444 0.03686933 0.022877013 0.095168975
140 5.893119812 -17.075357437 -12.477554321 1.665215878 -0.045712696 2.937027308
141 -15.606674194 -0.000003815 0.000007629 -0.051743848 0.064182721 0.457463487
142 -15.853744507 -0.000003815 -0.000011444 0.042032052 -0.022024389 0.351638658
143 -15.151855469 -0.000007629 -0.000007629 0.02192072 0.02246287 0.030030251
144 -11.14995575 -0.000015259 -0.000003815 -0.308330414 -0.034535712 0.203135371
145 4.260475159 20.773921967 -3.218482971 0.026733756 0.094715747 -2.864633453
146 -15.606689453 0.000003815 0 -0.099333529 -0.133725994 -0.068456969
147 -15.853736877 0.000007629 -0.000015259 0.096743622 -0.409407834 -0.165232308
148 -15.151828766 0 0 0.105874143 -0.509181411 0.065963464
149 -11.14994812 0.000003815 0 0.010912509 0.36024845 -0.171776037
150 7.528289795 -8.043749809 -1.232797623 -0.710049627 0.125794956 0.033189858
151 54.911224365 0.649679184 0.176700592 1.577949926 0.304595853 -0.047874901
152 61.183166504 -0.000003815 -0.000001907 0.542701548 0.211647802 0.109075119
153 -0.364088595 36.477970123 12.189170837 0.340633688 -0.000040147 0.000233438
154 -0.364086866 -2.758006096 4.994803905 0 0 0.000244115
155 -0.364086866 -2.758006096 4.994803905 0 0 0.000244115
156 -0.364086866 -2.758006096 4.994803905 0 0 0.000244115
157 -0.364086866 -2.758006096 4.994803905 0 0 0.000244115
158 -0.364086866 -2.758006096 4.994803905 0 0 0.000244115
159 -0.364086866 -2.758006096 4.994803905 0 0 0.000244115
160 -0.364086866 -2.758006096 4.994803905 0 0 0.000244115
161 -0.364086866 -2.758006096 4.994803905 0 0 0.000244115
162 -0.498048782 -4.95163393 0.510848999 0 0 0.000244115
163 -0.364086866 -2.758006096 4.994803905 0 0 0.000244115
time 27
0 -0.364086866 -2.758006096 4.994803905 0 0 0.000244115
1 -0.355917603 -54.57627163 3.436691046 0.125206838 -1.52424462 -1.748330415
2 130.809051514 0.00000003 -0.000000477 0 0 0
3 6.661987305 -0.142130047 2.521339893 -2.964965239 0.009602803 0.025634366
4 24.360931396 0.000000238 0.000011444 0.294249853 0.224381391 0.019604902
5 24.806396484 -0.00000596 0.765966415 -0.802971115 -0.344397685 0.136871019
6 8.120269775 -0.000000954 0 0.397523501 0.097842392 -0.0922
7 8.120315552 -0.000000477 -0.000003815 0 -0.880742373 0
8 8.120315552 -0.000000477 -0.000003815 -0.216192487 -1.369859591 0.175150136
9 5.115219116 7.517072678 -23.079307556 1.501763517 -0.35837646 0.015053389
10 -13.525115967 -0.000007629 0 -0.142281882 0.282923412 0.096629728
11 -11.953025818 0 0 -0.090697555 0.050027318 0.263425916
12 -8.290390015 0.000015259 0 -0.26042165 -0.074433266 0.095933008
13 -7.875 0.000030518 0.000015259 -0.671226672 -0.11658011 0.069911334
14 -8.785797119 0.000034332 -0.000002861 -0.880448548 -0.201092383 -0.22877113
15 -8.90372467 -0.000000954 -0.000015259 0.525378576 0.278455802 0.303378827
16 5.903427124 12.714836121 -17.693180084 1.370188491 -0.37922568 -0.02939746
17 -13.525115967 0 0 -0.161424078 0.200081281 0.187942984
18 -11.953041077 0.000015259 0.000001907 -0.049239048 -0.025259023 0.2904757
19 -8.290382385 -0.000015259 0 -0.196560788 -0.024307912 0.171571223
20 -7.875 0.000030518 -0.000022888 -0.540160955 -0.046246482 -0.032439363
21 -8.78578186 0.000041962 0 -0.690175087 -0.035884771 -0.233670628
22 -8.9037323 0.000001907 0.000015259 0.507292228 0.057641713 0.322123584
23 5.115203857 -7.60351944 -23.079330444 -1.554662073 0.381674365 -2.887288286
24 13.525115967 0 0.000003815 0.207891075 -0.235306186 -0.136830912
25 11.953033447 0.000015259 -0.000003815 0.208977062 -0.044062499 0.187700412
26 8.290397644 0.000015259 0.000015259 0.434247639 0.128892515 0.167189913
27 7.875 -0.000038147 0.000015259 0.796289175 0.331309298 0.160297785
28 8.785797119 -0.000038147 -0.000003815 1.143233345 0.258352349 -0.181563705
29 8.9037323 0.000001907 -0.000007629 -0.499752955 0.192026562 0.249804511
30 5.903396606 -12.801282883 -17.693202972 -1.598720893 0.442583503 -2.77991415
31 13.525115967 -0.000007629 -0.000007629 0.172603887 -0.129660441 -0.219718893
32 11.953041077 0 -0.000007629 0.179561788 -0.012282324 0.16792354
33 8.290397644 -0.000007629 0.000015259 0.37122345 0.146840765 0.351309942
34 7.875 -0.000034332 0 0.632055887 0.281095514 0.201908187
35 8.78578186 -0.000041962 0 0.964379882 0.304416814 -0.022669302
36 8.90372467 0.000003815 0 -0.558487526 0.158534376 0.118989974
37 4.435424805 0.000125885 -25.179958344 -3.117617043 0.363008552 -3.024970545
38 14.171035767 0.000020027 1.280700684 0.136156347 -0.048853724 -0.328957946
39 10.9765625 0.000019073 0.352539063 0.139770331 -0.119210252 -0.078233706
40 8.120292664 -0.000007629 0 0.383616307 -0.184988941 0.093946661
41 8.120285034 0.000015259 -0.000030518 0.792669574 -0.143968843 0.229871153
42 8.120330811 -0.000003815 -0.000015259 1.249157583 0.288006569 0.259098233
43 8.120330811 0.000015259 0.000059128 -0.424595782 -0.146324413 -0.191331054
44 7.146942139 16.179790497 -9.195617676 1.376844409 -0.303705466 -0.072871366
45 -13.525146484 0 0.000007629 -0.038559178 -0.070354074 0.310641596
46 -11.953025818 -0.000015259 -0.000007629 -0.07605801 0.117863805 0.260370986
47 -8.290382385 0.000015259 0 0.046424293 0.116266597 0.226998021
48 -7.875 0 -0.000004053 -0.231316645 0.073226777 0.06219798
49 -8.78578186 0.000041962 0 -0.421463761 0.033141506 -0.090804673
50 -8.9037323 -0.000007629 0.000000477 0.467773296 0.252142198 0.196907163
51 7.146942139 -16.26625061 -9.19562149 -1.594435862 0.362965226 -2.75698367
52 13.525115967 0 0 0.084009791 -0.084686384 -0.149913379
53 11.953041077 0.000015259 0.000007629 0.136711035 0.095327564 0.236223602
54 8.290397644 0 -0.000007629 0.244728684 0.135065182 0.479045231
55 7.875 -0.000015259 0 0.387762702 0.155609091 0.280488132
56 8.78578186 -0.000030518 0.000003815 0.659603976 0.220572332 -0.028565065
57 8.90372467 0.000007629 0 -0.535826753 -0.018812317 0.071416572
58 -5.367340088 8.36690712 8.703117371 2.240945554 -0.20472394 2.780602304
59 13.525127411 -0.000015259 -0.000003815 -0.296468905 -0.078299246 -0.169078084
60 -3.441894531 -10.792384148 9.377002716 2.319962646 -0.559003671 2.738654824
61 13.525127411 0 0 -0.523350217 -0.269441499 -0.793004076
62 11.953041077 0.000030518 0.000000954 -0.265634191 0.032662372 -0.798375835
63 8.290390015 -0.000015259 0.000007629 -0.214157978 0.293380886 -0.114528607
64 7.875 -0.000030518 0 -0.238450292 0.249196995 0.17041569
65 19.394897461 -14.052384377 -0.467084885 0.700480947 -0.334502082 -1.616356712
66 26.240768433 -0.000007629 0.000007629 -0.722426899 -0.43833517 1.813901552
67 31.970993042 0 -0.000009537 -1.120779472 0.197073003 0.214466878
68 4.627256393 -2.311302185 4.18561554 -0.021512477 -0.254658869 -0.451859094
69 2.980098724 -0.000007629 0 -0.040823197 0.14004721 0.242069561
70 1.982421875 0.000019073 0.000015259 0.001822187 0.301463179 0.041313792
71 10.844877243 -1.281570435 -1.331703186 0.003154845 -0.01855101 -1.502721343
72 3.98828125 0 0.000022888 0.024656551 0.116612118 -1.30426207
73 2.26953125 0 -0.000022888 0.010246566 0.020303916 -1.235445909
74 10.908864975 -1.237388611 0.829566956 -0.002485742 -0.016216654 -0.930190366
75 3.989433289 -0.000007629 0.000038147 -0.024412484 0.053204882 -0.671154799
76 3.478279114 -0.000011444 -0.000007629 0.024480319 -0.106862219 -0.771233206
77 10.291898727 -1.202156067 -3.344161987 0.018038834 -0.023865117 -1.537453755
78 2.757148743 -0.000003815 0.000015259 -0.254915088 -0.095545373 -1.291568264
79 1.775390625 0.000007629 -0.000022888 0.198076059 0.357239486 -1.30316968
80 10.971857071 -1.19392395 2.957328796 -0.014156827 -0.005495546 -1.037215133
81 3.82421875 -0.000007629 0.000030518 -0.000553558 0.002190257 -0.724858152
82 2.94140625 -0.000007629 0 0.003978833 0.006937774 -0.882263039
83 -0.000015259 0 -0.000003815 -0.340706191 0.159206997 -0.629605292
84 19.39491272 13.16059494 -0.467075348 -2.056449322 0.859783373 -0.029979025
85 -26.240753174 0.000007629 0 0.302639621 -0.130869978 0.261814422
86 -31.971000671 0.000015259 -0.000003815 -1.328631512 0.320293047 -0.128711858
87 -11.614597321 3.933120728 0.069396973 -2.13594104 1.193282356 3.134176994
88 -10.484516144 1.069213867 3.539878845 -3.131584703 0.028220486 2.411526648
89 2.757141113 0 0.000030518 -0.011712134 0.035128624 1.019560794
90 1.775390625 -0.000011444 -0.000015259 -0.207726193 -0.296367528 0.884568702
91 -11.046470642 1.142410278 1.529701233 -3.130487012 0.018259081 2.114134707
92 3.98828125 0.000011444 0.000038147 0.004872241 -0.009924216 1.610032301
93 2.26953125 0.000015259 0.000007629 -0.076539319 -0.095407065 1.438172442
94 -11.192642212 1.041542053 -2.758422852 -3.117427295 -0.001817873 2.463263247
95 3.82421875 0.000034332 0.000053406 0.00053161 0.002187187 1.610324685
96 8.785766602 -0.000045776 0 0.028889808 0.206538207 -0.655495889
97 2.94140625 0 -0.000022888 -0.004550553 0.006091757 1.767588569
98 -11.120113373 1.091545105 -0.631118774 -3.129032256 0.018501314 2.390240852
99 3.9894104 0.000001907 0.000045776 0.021444626 0.041947477 1.751021405
100 3.478288651 0.000038147 -0.000007629 -0.001306817 0.004312204 1.848998194
101 -4.853595734 2.155090332 -4.01852417 3.123057975 0.125574955 2.46129872
102 2.980098724 0.000003815 0 0.038574713 -0.163808097 -0.240289671
103 1.982421875 -0.000007629 0.000045776 0 0 -0.040571652
104 0.000007629 -0.000015259 -0.000011444 -0.01786834 -0.032037725 -0.918099438
105 7.08984375 0 -0.000000238 3.141592654 -0.174494795 3.141592654
106 7.528259277 8.168074608 -1.232801437 3.016881768 1.061012173 -2.977180053
107 -54.911254883 -0.649677277 -0.176696777 1.602982236 0.966079183 0.229924444
108 -61.183189392 0.000000954 0.000001907 0.174037262 0.013709953 -0.309466751
109 8.588699341 -0.00000003 1.514417648 0 0 0
110 4.260505676 -21.349502563 -3.218471527 0.128955965 -0.122821467 -0.355192334
111 15.606666565 0 -0.000013113 0.036491148 0.392437559 -0.288690001
112 15.853748322 0 -0.000007629 -0.0782652 0.337954211 -0.202217199
113 15.151855469 -0.000007629 0 -0.142329049 0.211862458 0.080252217
114 11.149969101 0.000007629 -0.000007629 0.251588776 0.282020896 0.005058525
115 1.725067139 -0.142128021 11.160657883 -1.242445385 -1.052382317 -0.038800852
116 15.606674194 0 0 0.353445116 0.139461525 -0.567530279
117 15.853733063 -0.000007629 0 -0.168761964 0.364145077 0.361616164
118 15.151861191 0 0 -0.512898443 -0.028741495 0.593001404
119 11.149963379 0.000007629 0 0 0 0.120225286
120 6.67868042 -0.142132998 -16.932609558 1.571056407 -0.08523085 3.141581563
121 -15.606697083 0 0 -0.09179961 0.032272389 0.38716531
122 -15.853752136 0.000007629 0.000006676 0.005593494 -0.018474144 0.319309525
123 -15.151855469 0.000003815 -0.000001907 0.002143965 -0.025511818 0.184795962
124 -11.14995575 -0.000007629 0.000006437 0 0 0.36384342
125 2.507644653 15.939216614 6.722554207 -1.151995421 1.138056709 -2.119417114
126 -15.606689453 0 0 -0.042698099 0.017375003 0.426532115
127 -15.853742599 -0.000015259 0.000015259 0.12128991 0.387279556 -0.563425901
128 -15.151853561 0.000007629 0.000003815 0.380916477 0.106517187 -0.675624496
129 -11.149963379 0 -0.000008583 0.059150753 0.028687867 -0.355029799
130 2.507614136 -17.075353622 6.722565651 -1.34808234 -0.476136199 -0.415043515
131 15.606681824 0.000003815 0.000007629 0.195856433 0.278988607 0.425965194
132 15.853740692 0.000007629 0.000003815 -0.066735228 0.127468391 0.432598909
133 15.151851654 0 0 -0.215823481 -0.05058155 0.219276301
134 11.149974823 0 -0.000015259 0.057920056 -0.027153894 0.039892144
135 5.893112183 15.939213753 -12.477539063 3.050127262 0.155334521 0.220175514
136 15.606666565 0.000007629 0.000022888 0.112544839 -0.14934349 -0.094021945
137 15.853759766 -0.000007629 -0.000015259 0.004862972 -0.405688008 0.070218838
138 15.151847839 0.000003815 0.000005722 -0.019435359 -0.372081832 0.003394673
139 11.149959564 0 -0.000011444 0.03881851 0.038691502 0.128115902
140 5.893119812 -17.075357437 -12.477554321 1.665133177 -0.010185488 2.940415485
141 -15.606674194 -0.000003815 0.000007629 -0.066301591 0.082346143 0.4562045
142 -15.853744507 -0.000003815 -0.000011444 0.029763756 -0.020791501 0.402817776
143 -15.151855469 -0.000007629 -0.000007629 0.023439278 0.02784441 0.094375567
144 -11.14995575 -0.000015259 -0.000003815 -0.306672167 -0.046831437 0.194999797
145 4.260475159 20.773921967 -3.218482971 0.025374397 0.095081738 -2.879082311
146 -15.606689453 0.000003815 0 -0.122136994 -0.079300054 -0.037645825
147 -15.853736877 0.000007629 -0.000015259 0.08168022 -0.389833442 -0.171351931
148 -15.151828766 0 0 0.108084152 -0.55749674 0.041156311
149 -11.14994812 0.000003815 0 0.001761449 0.385950875 -0.206087368
150 7.528289795 -8.043749809 -1.232797623 -0.70907915 0.131935182 0.033192474
151 54.911224365 0.649679184 0.176700592 1.575109223 0.337993201 -0.025641656
152 61.183166504 -0.000003815 -0.000001907 0.542701548 0.211647802 0.109075119
153 -0.364088595 36.477970123 12.189170837 0.340633688 -0.000040147 0.000233438
154 -0.364086866 -2.758006096 4.994803905 0 0 0.000244115
155 -0.364086866 -2.758006096 4.994803905 0 0 0.000244115
156 -0.364086866 -2.758006096 4.994803905 0 0 0.000244115
157 -0.364086866 -2.758006096 4.994803905 0 0 0.000244115
158 -0.364086866 -2.758006096 4.994803905 0 0 0.000244115
159 -0.364086866 -2.758006096 4.994803905 0 0 0.000244115
160 -0.364086866 -2.758006096 4.994803905 0 0 0.000244115
161 -0.364086866 -2.758006096 4.994803905 0 0 0.000244115
162 -0.498048782 -4.95163393 0.510848999 0 0 0.000244115
163 -0.364086866 -2.758006096 4.994803905 0 0 0.000244115
time 28
0 -0.364086866 -2.758006096 4.994803905 0 0 0.000244115
1 -0.355917573 -55.377639675 3.436691046 0.058578138 -1.531200449 -1.654160232
2 130.809051514 0.00000003 -0.000000477 0 0 0
3 6.661987305 -0.142130047 2.521339893 -2.961500941 0.009378676 0.025721398
4 24.360931396 0.000000238 0.000011444 0.330064882 0.203321426 0.034768008
5 24.806396484 -0.00000596 0.765966415 -0.820114348 -0.344248982 0.134754557
6 8.120269775 -0.000000954 0 0.390990363 0.097914346 -0.092180912
7 8.120315552 -0.000000477 -0.000003815 0 -0.880742373 0
8 8.120315552 -0.000000477 -0.000003815 -0.216192487 -1.369859591 0.175150136
9 5.115219116 7.517072678 -23.079307556 1.501763517 -0.35837646 0.015053389
10 -13.525115967 -0.000007629 0 -0.159043642 0.306298659 0.058301792
11 -11.953025818 0 0 -0.098048043 0.083290674 0.2604931
12 -8.290390015 0.000015259 0 -0.243523992 -0.063063567 0.109557171
13 -7.875 0.000030518 0.000015259 -0.638008295 -0.111204793 0.0889281
14 -8.785797119 0.000034332 -0.000002861 -0.847981986 -0.208510636 -0.192601908
15 -8.90372467 -0.000000954 -0.000015259 0.533959958 0.28566657 0.297137798
16 5.903427124 12.714836121 -17.693180084 1.370188491 -0.37922568 -0.02939746
17 -13.525115967 0 0 -0.174040041 0.229388702 0.155774541
18 -11.953041077 0.000015259 0.000001907 -0.059709254 -0.002237523 0.300066184
19 -8.290382385 -0.000015259 0 -0.184396222 -0.020672812 0.194050773
20 -7.875 0.000030518 -0.000022888 -0.511002489 -0.044065399 -0.014990933
21 -8.78578186 0.000041962 0 -0.660848775 -0.039306902 -0.203246883
22 -8.9037323 0.000001907 0.000015259 0.526675436 0.059398865 0.31612503
23 5.115203857 -7.60351944 -23.079330444 -1.554662073 0.381674365 -2.887288286
24 13.525115967 0 0.000003815 0.225152501 -0.255569441 -0.177180619
25 11.953033447 0.000015259 -0.000003815 0.217822787 -0.084855849 0.148967638
26 8.290397644 0.000015259 0.000015259 0.419815587 0.1174857 0.161120674
27 7.875 -0.000038147 0.000015259 0.767271313 0.348465997 0.180416702
28 8.785797119 -0.000038147 -0.000003815 1.109440822 0.299072501 -0.154212773
29 8.9037323 0.000001907 -0.000007629 -0.512050537 0.180271008 0.248794538
30 5.903396606 -12.801282883 -17.693202972 -1.598720893 0.442583503 -2.77991415
31 13.525115967 -0.000007629 -0.000007629 0.187480766 -0.150544138 -0.261549974
32 11.953041077 0 -0.000007629 0.189973111 -0.044222409 0.111286092
33 8.290397644 -0.000007629 0.000015259 0.363772373 0.147946633 0.344674238
34 7.875 -0.000034332 0 0.609597979 0.310600822 0.234838768
35 8.78578186 -0.000041962 0 0.941855171 0.344327277 0.020242417
36 8.90372467 0.000003815 0 -0.568670882 0.149147387 0.113099561
37 4.435424805 0.000125885 -25.179958344 -3.117617043 0.363008552 -3.024970545
38 14.171035767 0.000020027 1.280700684 0.140908012 -0.01183983 -0.351618551
39 10.9765625 0.000019073 0.352539063 0.147662947 -0.095122083 -0.118791044
40 8.120292664 -0.000007629 0 0.366727057 -0.18625264 0.07702845
41 8.120285034 0.000015259 -0.000030518 0.754947139 -0.160369875 0.231868917
42 8.120330811 -0.000003815 -0.000015259 1.206188256 0.264822223 0.27910809
43 8.120330811 0.000015259 0.000059128 -0.432382886 -0.134262516 -0.202139799
44 7.146942139 16.179790497 -9.195617676 1.376844409 -0.303705466 -0.072871366
45 -13.525146484 0 0.000007629 -0.038559178 -0.070354074 0.310641596
46 -11.953025818 -0.000015259 -0.000007629 -0.082331722 0.147904746 0.238881791
47 -8.290382385 0.000015259 0 0.041327993 0.140535558 0.240524625
48 -7.875 0 -0.000004053 -0.212751596 0.083615924 0.071889149
49 -8.78578186 0.000041962 0 -0.392587452 0.04210946 -0.089909084
50 -8.9037323 -0.000007629 0.000000477 0.486349897 0.257438423 0.192456811
51 7.146942139 -16.26625061 -9.19562149 -1.594435862 0.362965226 -2.75698367
52 13.525115967 0 0 0.100160331 -0.11132473 -0.196825627
53 11.953041077 0.000015259 0.000007629 0.146861305 0.08757383 0.168713782
54 8.290397644 0 -0.000007629 0.249136255 0.165778879 0.491237131
55 7.875 -0.000015259 0 0.370989352 0.191538234 0.340054473
56 8.78578186 -0.000030518 0.000003815 0.642168026 0.236142918 0.035109676
57 8.90372467 0.000007629 0 -0.540402795 -0.031173026 0.066688532
58 -5.367340088 8.36690712 8.703117371 2.249877354 -0.261447254 2.803207585
59 13.525127411 -0.000015259 -0.000003815 -0.296468905 -0.078299246 -0.169078084
60 -3.441894531 -10.792384148 9.377002716 2.325721294 -0.616251555 2.759345397
61 13.525127411 0 0 -0.453959206 -0.302322003 -0.750453605
62 11.953041077 0.000030518 0.000000954 -0.23968535 -0.055818684 -0.82569737
63 8.290390015 -0.000015259 0.000007629 -0.254056912 0.270964427 -0.179828762
64 7.875 -0.000030518 0 -0.254653854 0.303957402 0.114093355
65 19.394897461 -14.052384377 -0.467084885 0.644729047 -0.396095103 -1.558405507
66 26.240768433 -0.000007629 0.000007629 -0.726704845 -0.427546381 1.826901577
67 31.970993042 0 -0.000009537 -1.120779472 0.197073003 0.214466878
68 4.627256393 -2.311302185 4.18561554 -0.021512477 -0.254658869 -0.451859094
69 2.980098724 -0.000007629 0 -0.040823197 0.14004721 0.242069561
70 1.982421875 0.000019073 0.000015259 0.001822187 0.301463179 0.041313792
71 10.844877243 -1.281570435 -1.331703186 0.003154845 -0.01855101 -1.502721343
72 3.98828125 0 0.000022888 0.024656551 0.116612118 -1.30426207
73 2.26953125 0 -0.000022888 0.010246566 0.020303916 -1.235445909
74 10.908864975 -1.237388611 0.829566956 -0.002524869 -0.016210609 -0.925364093
75 3.989433289 -0.000007629 0.000038147 -0.024606679 0.052877925 -0.6663092
76 3.478279114 -0.000011444 -0.000007629 0.024609365 -0.107417613 -0.766411792
77 10.291898727 -1.202156067 -3.344161987 0.018038834 -0.023865117 -1.537453755
78 2.757148743 -0.000003815 0.000015259 -0.257041967 -0.095631384 -1.291555635
79 1.775390625 0.000007629 -0.000022888 0.198076059 0.357239486 -1.30316968
80 10.971857071 -1.19392395 2.957328796 -0.014213025 -0.005385309 -1.032249964
81 3.82421875 -0.000007629 0.000030518 -0.000628985 0.002161198 -0.719967814
82 2.94140625 -0.000007629 0 0.003959369 0.007006029 -0.877302286
83 -0.000015259 0 -0.000003815 -0.340706191 0.159206997 -0.629605292
84 19.39491272 13.16059494 -0.467075348 -2.057927845 0.763981898 -0.061442836
85 -26.240753174 0.000007629 0 0.31812173 -0.103952481 0.242791899
86 -31.971000671 0.000015259 -0.000003815 -1.328631512 0.320293047 -0.128711858
87 -11.614597321 3.933120728 0.069396973 -2.176279432 1.178952901 3.093854829
88 -10.484516144 1.069213867 3.539878845 -3.131584703 0.028220486 2.411526648
89 2.757141113 0 0.000030518 -0.011712134 0.035128624 1.019560794
90 1.775390625 -0.000011444 -0.000015259 -0.207189588 -0.296665388 0.883069152
91 -11.046470642 1.142410278 1.529701233 -3.130487012 0.018259081 2.114134707
92 3.98828125 0.000011444 0.000038147 0.004872241 -0.009924216 1.610032301
93 2.26953125 0.000015259 0.000007629 -0.076539319 -0.095407065 1.438172442
94 -11.192642212 1.041542053 -2.758422852 -3.117400498 -0.001923617 2.465275236
95 3.82421875 0.000034332 0.000053406 0.00053161 0.002187187 1.610324685
96 8.785766602 -0.000045776 0 0.028889808 0.206538207 -0.655495889
97 2.94140625 0 -0.000022888 -0.004550553 0.006091757 1.767588569
98 -11.120113373 1.091545105 -0.631118774 -3.129019385 0.018492568 2.391632682
99 3.9894104 0.000001907 0.000045776 0.021444626 0.041947477 1.751021405
100 3.478288651 0.000038147 -0.000007629 -0.001306817 0.004312204 1.848998194
101 -4.853595734 2.155090332 -4.01852417 3.123057975 0.125574955 2.46129872
102 2.980098724 0.000003815 0 0.038574713 -0.163808097 -0.240289671
103 1.982421875 -0.000007629 0.000045776 0 0 -0.040571652
104 0.000007629 -0.000015259 -0.000011444 -0.01786834 -0.032037725 -0.918099438
105 7.08984375 0 -0.000000238 3.141592654 -0.174494795 3.141592654
106 7.528259277 8.168074608 -1.232801437 3.018744459 1.069769947 -2.975901043
107 -54.911254883 -0.649677277 -0.176696777 1.605445188 0.975759804 0.233023222
108 -61.183189392 0.000000954 0.000001907 0.174037262 0.013709953 -0.309466751
109 8.588699341 -0.00000003 1.514417648 0 0 0
110 4.260505676 -21.349502563 -3.218471527 0.136718702 -0.129271338 -0.329635637
111 15.606666565 0 -0.000013113 0.046117664 0.363614261 -0.283566948
112 15.853748322 0 -0.000007629 -0.076660495 0.357503864 -0.246993532
113 15.151855469 -0.000007629 0 -0.141546365 0.264502091 0.034830401
114 11.149969101 0.000007629 -0.000007629 0.289732471 0.26280899 0.028441266
115 1.725067139 -0.142128021 11.160657883 -1.233105122 -1.036283891 -0.025583591
116 15.606674194 0 0 0.35691052 0.122602756 -0.547085582
117 15.853733063 -0.000007629 0 -0.147114984 0.423733214 0.29990716
118 15.151861191 0 0 -0.469595213 0.082189338 0.576317292
119 11.149963379 0.000007629 0 0 0 0.105614457
120 6.67868042 -0.142132998 -16.932609558 1.571026074 -0.058968505 3.141585878
121 -15.606697083 0 0 -0.100874844 0.051243294 0.365098353
122 -15.853752136 0.000007629 0.000006676 -0.006647886 -0.011702833 0.353188254
123 -15.151855469 0.000003815 -0.000001907 -0.001403154 -0.027485511 0.246409079
124 -11.14995575 -0.000007629 0.000006437 0 0 0.385895231
125 2.507644653 15.939216614 6.722554207 -1.135922562 1.176168847 -2.063708128
126 -15.606689453 0 0 -0.049960431 0.002414067 0.394494537
127 -15.853742599 -0.000015259 0.000015259 0.104687225 0.432610077 -0.528056806
128 -15.151853561 0.000007629 0.000003815 0.350888576 0.179323233 -0.687866449
129 -11.149963379 0 -0.000008583 0.076024721 0.036202418 -0.374218651
130 2.507614136 -17.075353622 6.722565651 -1.347363714 -0.482534215 -0.416660873
131 15.606681824 0.000003815 0.000007629 0.193816537 0.259508993 0.391027118
132 15.853740692 0.000007629 0.000003815 -0.036694983 0.154758802 0.455228479
133 15.151851654 0 0 -0.19991774 0.005132899 0.271241095
134 11.149974823 0 -0.000015259 0.060224253 -0.028899189 0.033245249
135 5.893112183 15.939213753 -12.477539063 3.049285984 0.142820776 0.209344973
136 15.606666565 0.000007629 0.000022888 0.124051358 -0.113030869 -0.117178006
137 15.853759766 -0.000007629 -0.000015259 0.021264004 -0.408126405 0.048495813
138 15.151847839 0.000003815 0.000005722 -0.012749153 -0.419737821 -0.000638013
139 11.149959564 0 -0.000011444 0.040404435 0.051764621 0.155271019
140 5.893119812 -17.075357437 -12.477554321 1.665109958 0.019030788 2.943261946
141 -15.606674194 -0.000003815 0.000007629 -0.076835425 0.095821331 0.436671824
142 -15.853744507 -0.000003815 -0.000011444 0.016473895 -0.019350351 0.449480776
143 -15.151855469 -0.000007629 -0.000007629 0.023431536 0.030309863 0.162665839
144 -11.14995575 -0.000015259 -0.000003815 -0.304816214 -0.058396577 0.185855485
145 4.260475159 20.773921967 -3.218482971 0.024206021 0.095394873 -2.891245147
146 -15.606689453 0.000003815 0 -0.135720745 -0.036165394 -0.010175223
147 -15.853736877 0.000007629 -0.000015259 0.062159445 -0.355485146 -0.169265226
148 -15.151828766 0 0 0.107853981 -0.588699712 0.012165016
149 -11.14994812 0.000003815 0 -0.005728143 0.407160211 -0.234304121
150 7.528289795 -8.043749809 -1.232797623 -0.708009474 0.13640404 0.033178111
151 54.911224365 0.649679184 0.176700592 1.572913669 0.369785703 -0.005068229
152 61.183166504 -0.000003815 -0.000001907 0.542701548 0.211647802 0.109075119
153 -0.364088595 36.477970123 12.189170837 0.340633688 -0.000040147 0.000233438
154 -0.364086866 -2.758006096 4.994803905 0 0 0.000244115
155 -0.364086866 -2.758006096 4.994803905 0 0 0.000244115
156 -0.364086866 -2.758006096 4.994803905 0 0 0.000244115
157 -0.364086866 -2.758006096 4.994803905 0 0 0.000244115
158 -0.364086866 -2.758006096 4.994803905 0 0 0.000244115
159 -0.364086866 -2.758006096 4.994803905 0 0 0.000244115
160 -0.364086866 -2.758006096 4.994803905 0 0 0.000244115
161 -0.364086866 -2.758006096 4.994803905 0 0 0.000244115
162 -0.498048782 -4.95163393 0.510848999 0 0 0.000244115
163 -0.364086866 -2.758006096 4.994803905 0 0 0.000244115
time 29
0 -0.364086866 -2.758006096 4.994803905 0 0 0.000244115
1 -0.355917543 -55.875579977 3.436691046 0.017426832 -1.538346943 -1.594754786
2 130.809051514 0.00000003 -0.000000477 0 0 0
3 6.661987305 -0.142130047 2.521339893 -2.959250769 0.009083976 0.025794303
4 24.360931396 0.000000238 0.000011444 0.353115906 0.183431299 0.044613323
5 24.806396484 -0.00000596 0.765966415 -0.831050947 -0.34411254 0.133280383
6 8.120269775 -0.000000954 0 0.386930579 0.097880239 -0.092261399
7 8.120315552 -0.000000477 -0.000003815 0 -0.880742373 0
8 8.120315552 -0.000000477 -0.000003815 -0.216192487 -1.369859591 0.175150136
9 5.115219116 7.517072678 -23.079307556 1.501763517 -0.35837646 0.015053389
10 -13.525115967 -0.000007629 0 -0.166233307 0.30354981 0.02095768
11 -11.953025818 0 0 -0.100993436 0.120203862 0.253878029
12 -8.290390015 0.000015259 0 -0.226620532 -0.040720409 0.124703987
13 -7.875 0.000030518 0.000015259 -0.607022494 -0.104760691 0.110559504
14 -8.785797119 0.000034332 -0.000002861 -0.81538915 -0.217464916 -0.162608034
15 -8.90372467 -0.000000954 -0.000015259 0.539347447 0.290241543 0.293117896
16 5.903427124 12.714836121 -17.693180084 1.370188491 -0.37922568 -0.02939746
17 -13.525115967 0 0 -0.179306426 0.237239821 0.11692462
18 -11.953041077 0.000015259 0.000001907 -0.065372578 0.025302453 0.30638746
19 -8.290382385 -0.000015259 0 -0.172916287 -0.009917605 0.220590841
20 -7.875 0.000030518 -0.000022888 -0.483997718 -0.043376173 0.005461711
21 -8.78578186 0.000041962 0 -0.631772663 -0.044195831 -0.17968864
22 -8.9037323 0.000001907 0.000015259 0.539078718 0.060560654 0.312285636
23 5.115203857 -7.60351944 -23.079330444 -1.554662073 0.381674365 -2.887288286
24 13.525115967 0 0.000003815 0.227145677 -0.250232038 -0.197779232
25 11.953033447 0.000015259 -0.000003815 0.224188943 -0.129965085 0.107547642
26 8.290397644 0.000015259 0.000015259 0.402994889 0.086465937 0.14756239
27 7.875 -0.000038147 0.000015259 0.740444677 0.357817814 0.198630714
28 8.785797119 -0.000038147 -0.000003815 1.077159667 0.339551456 -0.132143099
29 8.9037323 0.000001907 -0.000007629 -0.519919233 0.172713054 0.24818946
30 5.903396606 -12.801282883 -17.693202972 -1.598720893 0.442583503 -2.77991415
31 13.525115967 -0.000007629 -0.000007629 0.187553355 -0.150012679 -0.277190997
32 11.953041077 0 -0.000007629 0.199017602 -0.082098783 0.050322641
33 8.290397644 -0.000007629 0.000015259 0.350459254 0.12904637 0.31917782
34 7.875 -0.000034332 0 0.589041439 0.333438039 0.26121356
35 8.78578186 -0.000041962 0 0.921181585 0.389955563 0.059279386
36 8.90372467 0.000003815 0 -0.57515673 0.143167732 0.109219585
37 4.435424805 0.000125885 -25.179958344 -3.117617043 0.363008552 -3.024970545
38 14.171035767 0.000020027 1.280700684 0.137083731 0.014420182 -0.343511787
39 10.9765625 0.000019073 0.352539063 0.150694339 -0.068152158 -0.163640032
40 8.120292664 -0.000007629 0 0.351132237 -0.185305695 0.043817739
41 8.120285034 0.000015259 -0.000030518 0.719552118 -0.178404271 0.227799466
42 8.120330811 -0.000003815 -0.000015259 1.164943537 0.246019892 0.299854994
43 8.120330811 0.000015259 0.000059128 -0.439376649 -0.126582494 -0.208935073
44 7.146942139 16.179790497 -9.195617676 1.376844409 -0.303705466 -0.072871366
45 -13.525146484 0 0.000007629 -0.038559178 -0.070354074 0.310641596
46 -11.953025818 -0.000015259 -0.000007629 -0.083989968 0.154824577 0.202693836
47 -8.290382385 0.000015259 0 0.038262163 0.16999608 0.255983467
48 -7.875 0 -0.000004053 -0.19629126 0.101390857 0.08853006
49 -8.78578186 0.000041962 0 -0.364982337 0.050432454 -0.086153905
50 -8.9037323 -0.000007629 0.000000477 0.498397244 0.260736943 0.187986065
51 7.146942139 -16.26625061 -9.19562149 -1.594435862 0.362965226 -2.75698367
52 13.525115967 0 0 0.101335377 -0.123313691 -0.214370288
53 11.953041077 0.000015259 0.000007629 0.1549422 0.069030572 0.091148384
54 8.290397644 0 -0.000007629 0.248213163 0.182733367 0.472440847
55 7.875 -0.000015259 0 0.359863135 0.232556521 0.393013654
56 8.78578186 -0.000030518 0.000003815 0.624794304 0.26733869 0.102442461
57 8.90372467 0.000007629 0 -0.543303531 -0.039038521 0.063576617
58 -5.367340088 8.36690712 8.703117371 2.240716954 -0.323547298 2.832839867
59 13.525127411 -0.000015259 -0.000003815 -0.296468905 -0.078299246 -0.169078084
60 -3.441894531 -10.792384148 9.377002716 2.305228469 -0.666816198 2.796902698
61 13.525127411 0 0 -0.393927589 -0.318023322 -0.710512065
62 11.953041077 0.000030518 0.000000954 -0.193728923 -0.139775322 -0.840702812
63 8.290390015 -0.000015259 0.000007629 -0.283740726 0.227348452 -0.237419292
64 7.875 -0.000030518 0 -0.280572477 0.341766551 0.055141874
65 19.394897461 -14.052384377 -0.467084885 0.582247966 -0.455941545 -1.499511328
66 26.240768433 -0.000007629 0.000007629 -0.729281473 -0.417225959 1.834857576
67 31.970993042 0 -0.000009537 -1.120779472 0.197073003 0.214466878
68 4.627256393 -2.311302185 4.18561554 -0.021512477 -0.254658869 -0.451859094
69 2.980098724 -0.000007629 0 -0.040823197 0.14004721 0.242069561
70 1.982421875 0.000019073 0.000015259 0.001822187 0.301463179 0.041313792
71 10.844877243 -1.281570435 -1.331703186 0.003154845 -0.01855101 -1.502721343
72 3.98828125 0 0.000022888 0.024656551 0.116612118 -1.30426207
73 2.26953125 0 -0.000022888 0.010246566 0.020303916 -1.235445909
74 10.908864975 -1.237388611 0.829566956 -0.002677284 -0.01616587 -0.920831602
75 3.989433289 -0.000007629 0.000038147 -0.02481231 0.052547641 -0.661833137
76 3.478279114 -0.000011444 -0.000007629 0.0247563 -0.107969589 -0.761968317
77 10.291898727 -1.202156067 -3.344161987 0.018038834 -0.023865117 -1.537453755
78 2.757148743 -0.000003815 0.000015259 -0.259024037 -0.095626375 -1.291655551
79 1.775390625 0.000007629 -0.000022888 0.198076059 0.357239486 -1.30316968
80 10.971857071 -1.19392395 2.957328796 -0.014150099 -0.005310443 -1.027687739
81 3.82421875 -0.000007629 0.000030518 -0.000624002 0.002162642 -0.715358419
82 2.94140625 -0.000007629 0 0.003975382 0.006996956 -0.87272818
83 -0.000015259 0 -0.000003815 -0.340706191 0.159206997 -0.629605292
84 19.39491272 13.16059494 -0.467075348 -2.058933095 0.70237929 -0.081667737
85 -26.240753174 0.000007629 0 0.328058312 -0.086765139 0.230565758
86 -31.971000671 0.000015259 -0.000003815 -1.328631512 0.320293047 -0.128711858
87 -11.614597321 3.933120728 0.069396973 -2.202031491 1.169709733 3.068069316
88 -10.484516144 1.069213867 3.539878845 -3.131584703 0.028220486 2.411526648
89 2.757141113 0 0.000030518 -0.011712134 0.035128624 1.019560794
90 1.775390625 -0.000011444 -0.000015259 -0.206827469 -0.296878381 0.881686086
91 -11.046470642 1.142410278 1.529701233 -3.130487012 0.018259081 2.114134707
92 3.98828125 0.000011444 0.000038147 0.004872241 -0.009924216 1.610032301
93 2.26953125 0.000015259 0.000007629 -0.076539319 -0.095407065 1.438172442
94 -11.192642212 1.041542053 -2.758422852 -3.117402355 -0.001946854 2.467196244
95 3.82421875 0.000034332 0.000053406 0.00053161 0.002187187 1.610324685
96 8.785766602 -0.000045776 0 0.028889808 0.206538207 -0.655495889
97 2.94140625 0 -0.000022888 -0.004550553 0.006091757 1.767588569
98 -11.120113373 1.091545105 -0.631118774 -3.129006522 0.018483817 2.393024132
99 3.9894104 0.000001907 0.000045776 0.021444626 0.041947477 1.751021405
100 3.478288651 0.000038147 -0.000007629 -0.001306817 0.004312204 1.848998194
101 -4.853595734 2.155090332 -4.01852417 3.123057975 0.125574955 2.46129872
102 2.980098724 0.000003815 0 0.038574713 -0.163808097 -0.240289671
103 1.982421875 -0.000007629 0.000045776 0 0 -0.040571652
104 0.000007629 -0.000015259 -0.000011444 -0.01786834 -0.032037725 -0.918099438
105 7.08984375 0 -0.000000238 3.141592654 -0.174494795 3.141592654
106 7.528259277 8.168074608 -1.232801437 3.019888658 1.075258659 -2.975086895
107 -54.911254883 -0.649677277 -0.176696777 1.608142982 0.981902217 0.235028403
108 -61.183189392 0.000000954 0.000001907 0.174037262 0.013709953 -0.309466751
109 8.588699341 -0.00000003 1.514417648 0 0 0
110 4.260505676 -21.349502563 -3.218471527 0.142010974 -0.134398294 -0.312111101
111 15.606666565 0 -0.000013113 0.053614428 0.324884331 -0.265327522
112 15.853748322 0 -0.000007629 -0.074653163 0.372581105 -0.287314124
113 15.151855469 -0.000007629 0 -0.14210709 0.315255803 -0.017367643
114 11.149969101 0.000007629 -0.000007629 0.31550286 0.245335266 0.044148795
115 1.725067139 -0.142128021 11.160657883 -1.227099729 -1.01841726 -0.012526265
116 15.606674194 0 0 0.359350732 0.107533921 -0.523248463
117 15.853733063 -0.000007629 0 -0.13149833 0.467624789 0.237069796
118 15.151861191 0 0 -0.422867786 0.190387668 0.551508068
119 11.149963379 0.000007629 0 0 0 0.095675436
120 6.67868042 -0.142132998 -16.932609558 1.571103183 -0.041262688 3.141586322
121 -15.606697083 0 0 -0.104552469 0.059706262 0.32924941
122 -15.853752136 0.000007629 0.000006676 -0.016996248 -0.002024715 0.377662568
123 -15.151855469 0.000003815 -0.000001907 -0.005792375 -0.027664893 0.308882952
124 -11.14995575 -0.000007629 0.000006437 0 0 0.400593381
125 2.507644653 15.939216614 6.722554207 -1.12542977 1.201384845 -2.026635755
126 -15.606689453 0 0 -0.055070737 -0.007914829 0.36200898
127 -15.853742599 -0.000015259 0.000015259 0.093629213 0.46132508 -0.486899566
128 -15.151853561 0.000007629 0.000003815 0.313044104 0.247688188 -0.695281893
129 -11.149963379 0 -0.000008583 0.087449494 0.043291523 -0.386932059
130 2.507614136 -17.075353622 6.722565651 -1.346842564 -0.48692413 -0.417777037
131 15.606681824 0.000003815 0.000007629 0.182369027 0.234764821 0.343946667
132 15.853740692 0.000007629 0.000003815 -0.007426496 0.175523208 0.473866706
133 15.151851654 0 0 -0.178321312 0.060408083 0.320470199
134 11.149974823 0 -0.000015259 0.061810823 -0.031034827 0.028838662
135 5.893112183 15.939213753 -12.477539063 3.048766644 0.134560243 0.201969485
136 15.606666565 0.000007629 0.000022888 0.126816391 -0.080846977 -0.124574596
137 15.853759766 -0.000007629 -0.000015259 0.036504236 -0.39732811 0.023385249
138 15.151847839 0.000003815 0.000005722 -0.003144076 -0.457339053 -0.012384681
139 11.149959564 0 -0.000011444 0.041506964 0.060526236 0.173701783
140 5.893119812 -17.075357437 -12.477554321 1.665066445 0.038893979 2.945091455
141 -15.606674194 -0.000003815 0.000007629 -0.082543687 0.101371193 0.396300398
142 -15.853744507 -0.000003815 -0.000011444 0.004293173 -0.016643106 0.489791891
143 -15.151855469 -0.000007629 -0.000007629 0.022037634 0.031391751 0.234409665
144 -11.14995575 -0.000015259 -0.000003815 -0.30276759 -0.068441071 0.175665635
145 4.260475159 20.773921967 -3.218482971 0.023468496 0.095623718 -2.899723549
146 -15.606689453 0.000003815 0 -0.138954189 -0.008572565 0.009854915
147 -15.853736877 0.000007629 -0.000015259 0.040928241 -0.309276592 -0.159352393
148 -15.151828766 0 0 0.104361374 -0.598361618 -0.014308085
149 -11.14994812 0.000003815 0 -0.010845332 0.421616787 -0.253496816
150 7.528289795 -8.043749809 -1.232797623 -0.706926781 0.139121104 0.033168412
151 54.911224365 0.649679184 0.176700592 1.570955986 0.399510299 0.013608045
152 61.183166504 -0.000003815 -0.000001907 0.542701548 0.211647802 0.109075119
153 -0.364088595 36.477970123 12.189170837 0.340633688 -0.000040147 0.000233438
154 -0.364086866 -2.758006096 4.994803905 0 0 0.000244115
155 -0.364086866 -2.758006096 4.994803905 0 0 0.000244115
156 -0.364086866 -2.758006096 4.994803905 0 0 0.000244115
157 -0.364086866 -2.758006096 4.994803905 0 0 0.000244115
158 -0.364086866 -2.758006096 4.994803905 0 0 0.000244115
159 -0.364086866 -2.758006096 4.994803905 0 0 0.000244115
160 -0.364086866 -2.758006096 4.994803905 0 0 0.000244115
161 -0.364086866 -2.758006096 4.994803905 0 0 0.000244115
162 -0.498048782 -4.95163393 0.510848999 0 0 0.000244115
163 -0.364086866 -2.758006096 4.994803905 0 0 0.000244115
time 30
0 -0.364086866 -2.758006096 4.994803905 0 0 0.000244115
1 -0.355917543 -56.0467453 3.436691046 0 -1.545443228 -1.570795911
2 130.809051514 0.00000003 -0.000000477 0 0 0
3 6.661987305 -0.142130047 2.521339893 -2.958475072 0.008722228 0.025852196
4 24.360931396 0.000000238 0.000011444 0.36125676 0.165043892 0.048077528
5 24.806396484 -0.00000596 0.765966415 -0.834961108 -0.344067487 0.13280885
6 8.120269775 -0.000000954 0 0.385608902 0.097887448 -0.092224641
7 8.120315552 -0.000000477 -0.000003815 0 -0.880742373 0
8 8.120315552 -0.000000477 -0.000003815 -0.216192487 -1.369859591 0.175150136
9 5.115219116 7.517072678 -23.079307556 1.501763517 -0.35837646 0.015053389
10 -13.525115967 -0.000007629 0 -0.1608035 0.268463258 -0.014334457
11 -11.953025818 0 0 -0.098922564 0.156788534 0.243847936
12 -8.290390015 0.000015259 0 -0.207428901 -0.003385691 0.141927224
13 -7.875 0.000030518 0.000015259 -0.577030887 -0.09144293 0.136803106
14 -8.785797119 0.000034332 -0.000002861 -0.783648909 -0.227838878 -0.134949554
15 -8.90372467 -0.000000954 -0.000015259 0.541296159 0.291871835 0.291690724
16 5.903427124 12.714836121 -17.693180084 1.370188491 -0.37922568 -0.02939746
17 -13.525115967 0 0 -0.174997952 0.217703751 0.070545015
18 -11.953041077 0.000015259 0.000001907 -0.065276501 0.054034631 0.308598075
19 -8.290382385 -0.000015259 0 -0.159244975 0.011520894 0.252434743
20 -7.875 0.000030518 -0.000022888 -0.458706457 -0.039715901 0.031525982
21 -8.78578186 0.000041962 0 -0.6031342 -0.051177556 -0.15927006
22 -8.9037323 0.000001907 0.000015259 0.543563633 0.060906669 0.310902457
23 5.115203857 -7.60351944 -23.079330444 -1.554662073 0.381674365 -2.887288286
24 13.525115967 0 0.000003815 0.21073044 -0.213244015 -0.195595822
25 11.953033447 0.000015259 -0.000003815 0.227802042 -0.173894145 0.067028154
26 8.290397644 0.000015259 0.000015259 0.383181696 0.032297642 0.128132878
27 7.875 -0.000038147 0.000015259 0.713071949 0.351991679 0.216037207
28 8.785797119 -0.000038147 -0.000003815 1.047451074 0.377882709 -0.111585892
29 8.9037323 0.000001907 -0.000007629 -0.522741435 0.170014894 0.24800831
30 5.903396606 -12.801282883 -17.693202972 -1.598720893 0.442583503 -2.77991415
31 13.525115967 -0.000007629 -0.000007629 0.170006418 -0.122228424 -0.262614045
32 11.953041077 0 -0.000007629 0.206863215 -0.119623005 -0.008693603
33 8.290397644 -0.000007629 0.000015259 0.329983276 0.085631426 0.276540863
34 7.875 -0.000034332 0 0.565960156 0.339701432 0.277977468
35 8.78578186 -0.000041962 0 0.903740355 0.436947362 0.096285119
36 8.90372467 0.000003815 0 -0.577471591 0.141050963 0.10790203
37 4.435424805 0.000125885 -25.179958344 -3.117617043 0.363008552 -3.024970545
38 14.171035767 0.000020027 1.280700684 0.124575657 0.028468091 -0.297219397
39 10.9765625 0.000019073 0.352539063 0.14841032 -0.040071029 -0.20834305
40 8.120292664 -0.000007629 0 0.335192152 -0.182750279 -0.009554215
41 8.120285034 0.000015259 -0.000030518 0.685713616 -0.200177504 0.211051319
42 8.120330811 -0.000003815 -0.000015259 1.125073214 0.228395199 0.320705026
43 8.120330811 0.000015259 0.000059128 -0.445512375 -0.123866276 -0.21134264
44 7.146942139 16.179790497 -9.195617676 1.376844409 -0.303705466 -0.072871366
45 -13.525146484 0 0.000007629 -0.038559178 -0.070354074 0.310641596
46 -11.953025818 -0.000015259 -0.000007629 -0.079300264 0.130569171 0.147061164
47 -8.290382385 0.000015259 0 0.038236824 0.203398982 0.272602372
48 -7.875 0 -0.000004053 -0.180575058 0.130906216 0.11502404
49 -8.78578186 0.000041962 0 -0.338479303 0.062111174 -0.076071982
50 -8.9037323 -0.000007629 0.000000477 0.502620426 0.261948153 0.183475097
51 7.146942139 -16.26625061 -9.19562149 -1.594435862 0.362965226 -2.75698367
52 13.525115967 0 0 0.084076596 -0.115101493 -0.197688335
53 11.953041077 0.000015259 0.000007629 0.162642562 0.045376527 0.013920669
54 8.290397644 0 -0.000007629 0.237587708 0.178110575 0.41962543
55 7.875 -0.000015259 0 0.349347161 0.267889069 0.43034493
56 8.78578186 -0.000030518 0.000003815 0.60955061 0.311514618 0.170454069
57 8.90372467 0.000007629 0 -0.544358179 -0.041738248 0.062478733
58 -5.367340088 8.36690712 8.703117371 2.211979754 -0.389048834 2.868821031
59 13.525127411 -0.000015259 -0.000003815 -0.296468905 -0.078299246 -0.169078084
60 -3.441894531 -10.792384148 9.377002716 2.257066436 -0.706771167 2.851039003
61 13.525127411 0 0 -0.345298788 -0.317353623 -0.674915689
62 11.953041077 0.000030518 0.000000954 -0.133669235 -0.214170181 -0.845650753
63 8.290390015 -0.000015259 0.000007629 -0.299670973 0.167940048 -0.281454181
64 7.875 -0.000030518 0 -0.312215027 0.361238988 -0.005252326
65 19.394897461 -14.052384377 -0.467084885 0.513090721 -0.512936678 -1.439694391
66 26.240768433 -0.000007629 0.000007629 -0.730091004 -0.407276451 1.837621284
67 31.970993042 0 -0.000009537 -1.120779472 0.197073003 0.214466878
68 4.627256393 -2.311302185 4.18561554 -0.021512477 -0.254658869 -0.451859094
69 2.980098724 -0.000007629 0 -0.040823197 0.14004721 0.242069561
70 1.982421875 0.000019073 0.000015259 0.001822187 0.301463179 0.041313792
71 10.844877243 -1.281570435 -1.331703186 0.003154845 -0.01855101 -1.502721343
72 3.98828125 0 0.000022888 0.024656551 0.116612118 -1.30426207
73 2.26953125 0 -0.000022888 0.010246566 0.020303916 -1.235445909
74 10.908864975 -1.237388611 0.829566956 -0.002710753 -0.016160292 -0.916690308
75 3.989433289 -0.000007629 0.000038147 -0.025057149 0.052295642 -0.657728298
76 3.478279114 -0.000011444 -0.000007629 0.024803534 -0.108470906 -0.757800283
77 10.291898727 -1.202156067 -3.344161987 0.018038834 -0.023865117 -1.537453755
78 2.757148743 -0.000003815 0.000015259 -0.260819752 -0.095570372 -1.29164265
79 1.775390625 0.000007629 -0.000022888 0.198076059 0.357239486 -1.30316968
80 10.971857071 -1.19392395 2.957328796 -0.014203642 -0.005205038 -1.023428868
81 3.82421875 -0.000007629 0.000030518 -0.000619419 0.002163959 -0.711121255
82 2.94140625 -0.000007629 0 0.003912051 0.006952111 -0.868444587
83 -0.000015259 0 -0.000003815 -0.340706191 0.159206997 -0.629605292
84 19.39491272 13.16059494 -0.467075348 -2.059232698 0.680560551 -0.088829202
85 -26.240753174 0.000007629 0 0.331629988 -0.08073615 0.226254144
86 -31.971000671 0.000015259 -0.000003815 -1.328631512 0.320293047 -0.128711858
87 -11.614597321 3.933120728 0.069396973 -2.211205612 1.166452069 3.058882602
88 -10.484516144 1.069213867 3.539878845 -3.131584703 0.028220486 2.411526648
89 2.757141113 0 0.000030518 -0.011712134 0.035128624 1.019560794
90 1.775390625 -0.000011444 -0.000015259 -0.206399375 -0.297118217 0.88039126
91 -11.046470642 1.142410278 1.529701233 -3.130487012 0.018259081 2.114134707
92 3.98828125 0.000011444 0.000038147 0.004872241 -0.009924216 1.610032301
93 2.26953125 0.000015259 0.000007629 -0.076539319 -0.095407065 1.438172442
94 -11.192642212 1.041542053 -2.758422852 -3.117403968 -0.001966764 2.468842332
95 3.82421875 0.000034332 0.000053406 0.00053161 0.002187187 1.610324685
96 8.785766602 -0.000045776 0 0.028889808 0.206538207 -0.655495889
97 2.94140625 0 -0.000022888 -0.004550553 0.006091757 1.767588569
98 -11.120113373 1.091545105 -0.631118774 -3.128995383 0.018476228 2.394229771
99 3.9894104 0.000001907 0.000045776 0.021444626 0.041947477 1.751021405
100 3.478288651 0.000038147 -0.000007629 -0.001306817 0.004312204 1.848998194
101 -4.853595734 2.155090332 -4.01852417 3.123057975 0.125574955 2.46129872
102 2.980098724 0.000003815 0 0.038574713 -0.163808097 -0.240289671
103 1.982421875 -0.000007629 0.000045776 0 0 -0.040571652
104 0.000007629 -0.000015259 -0.000011444 -0.01786834 -0.032037725 -0.918099438
105 7.08984375 0 -0.000000238 3.141592654 -0.174494806 3.141592654
106 7.528259277 8.168074608 -1.232801437 3.020158118 1.077055392 -2.974946826
107 -54.911254883 -0.649677277 -0.176696777 1.610858077 0.983938294 0.23560954
108 -61.183189392 0.000000954 0.000001907 0.174037262 0.013709953 -0.309466751
109 8.588699341 -0.00000003 1.514417648 0 0 0
110 4.260505676 -21.349502563 -3.218471527 0.143959767 -0.13785499 -0.305356856
111 15.606666565 0 -0.000013113 0.057665816 0.274811833 -0.233031579
112 15.853748322 0 -0.000007629 -0.072784527 0.383468704 -0.320459876
113 15.151855469 -0.000007629 0 -0.144323635 0.365087401 -0.075177433
114 11.149969101 0.000007629 -0.000007629 0.325008786 0.230627156 0.049948524
115 1.725067139 -0.142128021 11.160657883 -1.224938548 -0.998658822 -0.000200679
116 15.606674194 0 0 0.360314005 0.095406846 -0.495903563
117 15.853733063 -0.000007629 0 -0.121411263 0.496191044 0.174364915
118 15.151861191 0 0 -0.375828692 0.29380861 0.520455612
119 11.149963379 0.000007629 0 0 0 0.09204614
120 6.67868042 -0.142132998 -16.932609558 1.571106218 -0.034669705 3.141587281
121 -15.606697083 0 0 -0.100894489 0.054941022 0.279063249
122 -15.853752136 0.000007629 0.000006676 -0.023689018 0.009696046 0.390123153
123 -15.151855469 0.000003815 -0.000001907 -0.009559532 -0.023853702 0.370133625
124 -11.14995575 -0.000007629 0.000006437 0 0 0.405879467
125 2.507644653 15.939216614 6.722554207 -1.119667124 1.21057049 -2.011243442
126 -15.606689453 0 0 -0.056905039 -0.011732016 0.329090962
127 -15.853742599 -0.000015259 0.000015259 0.086484668 0.475460781 -0.44247724
128 -15.151853561 0.000007629 0.000003815 0.27081228 0.310245768 -0.700680052
129 -11.149963379 0 -0.000008583 0.091688043 0.049643578 -0.391549412
130 2.507614136 -17.075353622 6.722565651 -1.346668146 -0.488496785 -0.41814702
131 15.606681824 0.000003815 0.000007629 0.161472349 0.204319138 0.283140403
132 15.853740692 0.000007629 0.000003815 0.019485111 0.189905242 0.487426801
133 15.151851654 0 0 -0.151389328 0.114889397 0.369046843
134 11.149974823 0 -0.000015259 0.062404708 -0.033755957 0.027190571
135 5.893112183 15.939213753 -12.477539063 3.048561531 0.131480775 0.199293239
136 15.606666565 0.000007629 0.000022888 0.11942914 -0.055068276 -0.113294574
137 15.853759766 -0.000007629 -0.000015259 0.047777362 -0.373930095 -0.001307172
138 15.151847839 0.000003815 0.000005722 0.00793753 -0.481656731 -0.034126268
139 11.149959564 0 -0.000011444 0.041853013 0.063842259 0.18046827
140 5.893119812 -17.075357437 -12.477554321 1.665114988 0.046168712 2.945850245
141 -15.606674194 -0.000003815 0.000007629 -0.081819767 0.0965082 0.331904958
142 -15.853744507 -0.000003815 -0.000011444 -0.004623084 -0.012971066 0.521589917
143 -15.151855469 -0.000007629 -0.000007629 0.020072636 0.032862919 0.309770868
144 -11.14995575 -0.000015259 -0.000003815 -0.300572002 -0.07631822 0.164596577
145 4.260475159 20.773921967 -3.218482971 0.023217596 0.09576251 -2.903389255
146 -15.606689453 0.000003815 0 -0.131118819 0.001047922 0.019913629
147 -15.853736877 0.000007629 -0.000015259 0.020736334 -0.255907892 -0.144650651
148 -15.151828766 0 0 0.097109882 -0.584826271 -0.032594012
149 -11.14994812 0.000003815 0 -0.012704936 0.426876919 -0.260574224
150 7.528289795 -8.043749809 -1.232797623 -0.705640858 0.140001582 0.033203614
151 54.911224365 0.649679184 0.176700592 1.570440022 0.42687142 0.030275767
152 61.183166504 -0.000003815 -0.000001907 0.542701548 0.211647802 0.109075119
153 -0.364088595 36.477970123 12.189170837 0.340633688 -0.000040147 0.000233438
154 -0.364086866 -2.758006096 4.994803905 0 0 0.000244115
155 -0.364086866 -2.758006096 4.994803905 0 0 0.000244115
156 -0.364086866 -2.758006096 4.994803905 0 0 0.000244115
157 -0.364086866 -2.758006096 4.994803905 0 0 0.000244115
158 -0.364086866 -2.758006096 4.994803905 0 0 0.000244115
159 -0.364086866 -2.758006096 4.994803905 0 0 0.000244115
160 -0.364086866 -2.758006096 4.994803905 0 0 0.000244115
161 -0.364086866 -2.758006096 4.994803905 0 0 0.000244115
162 -0.498048782 -4.95163393 0.510848999 0 0 0.000244115
163 -0.364086866 -2.758006096 4.994803905 0 0 0.000244115
end
