version 1
nodes
0 "Object009" -1
1 "Bone000" -1
2 "Bone001" 1
3 "Bone002" 2
4 "Bone003" 3
5 "Bone004" 4
6 "Bone005" 5
7 "Bone006" 6
8 "Bone007" 6
9 "Bone008" 6
10 "Bone009" 9
11 "Bone010" 10
12 "Bone011" 11
13 "Bone012" 12
14 "Bone013" 13
15 "Bone014" 14
16 "Bone015" 6
17 "Bone016" 16
18 "Bone017" 17
19 "Bone018" 18
20 "Bone019" 19
21 "Bone020" 20
22 "Bone021" 21
23 "Bone022" 6
24 "Bone023" 23
25 "Bone024" 24
26 "Bone025" 25
27 "Bone026" 26
28 "Bone027" 27
29 "Bone028" 28
30 "Bone029" 6
31 "Bone030" 30
32 "Bone031" 31
33 "Bone032" 32
34 "Bone033" 33
35 "Bone034" 34
36 "Bone035" 35
37 "Bone036" 6
38 "Bone037" 37
39 "Bone038" 38
40 "Bone039" 39
41 "Bone040" 40
42 "Bone041" 41
43 "Bone042" 42
44 "Bone043" 6
45 "Bone044" 44
46 "Bone045" 45
47 "Bone046" 46
48 "Bone047" 47
49 "Bone048" 48
50 "Bone049" 49
51 "Bone050" 6
52 "Bone051" 51
53 "Bone052" 52
54 "Bone053" 53
55 "Bone054" 54
56 "Bone055" 55
57 "Bone056" 56
58 "Bone057" 6
59 "Bone058" 58
60 "Bone059" 6
61 "Bone060" 60
62 "Bone061" 61
63 "Bone062" 62
64 "Bone063" 63
65 "Bone065" 4
66 "Bone066" 65
67 "Bone067" 66
68 "Bone068" 67
69 "Bone069" 68
70 "Bone070" 69
71 "Bone071" 67
72 "Bone072" 71
73 "Bone073" 72
74 "Bone074" 67
75 "Bone075" 74
76 "Bone076" 75
77 "Bone077" 67
78 "Bone078" 77
79 "Bone079" 78
80 "Bone080" 67
81 "Bone081" 80
82 "Bone082" 81
83 "Bone083" 66
84 "Bone084" 4
85 "Bone085" 84
86 "Bone086" 85
87 "Bone087" 86
88 "Bone088" 86
89 "Bone089" 88
90 "Bone090" 89
91 "Bone091" 86
92 "Bone092" 91
93 "Bone093" 92
94 "Bone094" 86
95 "Bone095" 94
96 "Bone064" 64
97 "Bone096" 95
98 "Bone097" 86
99 "Bone098" 98
100 "Bone099" 99
101 "Bone0100" 86
102 "Bone0101" 101
103 "Bone0102" 102
104 "Bone0103" 85
105 "Bone0104" 2
106 "Bone0105" 105
107 "Bone0106" 106
108 "Bone0107" 107
109 "Bone0108" 105
110 "Bone0109" 109
111 "Bone0110" 110
112 "Bone0111" 111
113 "Bone0112" 112
114 "Bone0113" 113
115 "Bone0114" 109
116 "Bone0115" 115
117 "Bone0116" 116
118 "Bone0117" 117
119 "Bone0118" 118
120 "Bone0119" 109
121 "Bone0120" 120
122 "Bone0121" 121
123 "Bone0122" 122
124 "Bone0123" 123
125 "Bone0124" 109
126 "Bone0125" 125
127 "Bone0126" 126
128 "Bone0127" 127
129 "Bone0128" 128
130 "Bone0129" 109
131 "Bone0130" 130
132 "Bone0131" 131
133 "Bone0132" 132
134 "Bone0133" 133
135 "Bone0134" 109
136 "Bone0135" 135
137 "Bone0136" 136
138 "Bone0137" 137
139 "Bone0138" 138
140 "Bone0139" 109
141 "Bone0140" 140
142 "Bone0141" 141
143 "Bone0142" 142
144 "Bone0143" 143
145 "Bone0144" 109
146 "Bone0145" 145
147 "Bone0146" 146
148 "Bone0147" 147
149 "Bone0148" 148
150 "Bone0149" 105
151 "Bone0150" 150
152 "Bone0151" 151
153 "Object007" -1
154 "Object010" -1
155 "Object011" -1
156 "Object013" -1
157 "Object014" -1
158 "Object015" -1
159 "Object016" -1
160 "Object017" -1
161 "Object018" -1
162 "_M3_Anim_Data" -1
163 "Object019" -1
end
skeleton
time 0
0 -0.364086866 -2.758006096 4.994803905 0 0 0.000244115
1 -0.355919659 -7.472979069 1.085067987 0 -1.570482873 -1.57071714
2 130.809036255 0 -0.000000477 0 0 0
3 6.662017822 -0.142129987 2.521339893 3.141592654 0 0
4 24.360931396 0 0.000011921 0 0.223073131 0
5 24.806396484 -0.00000599 0.765956879 0 -0.368320338 0
6 8.120269775 -0.000001997 0.000003815 0 0 0
7 8.120315552 -0.000000983 0.000001907 0 -0.880742373 0
8 8.120315552 -0.000000983 0.000001907 0 -1.357954675 0
9 5.115219116 7.517074585 -23.079299927 1.434900252 -0.225520572 -0.051029003
10 -13.525115967 0 0 -0.02793315 0.17333603 -0.090839273
11 -11.953033447 -0.000007629 0.000001431 -0.015717887 0.030405412 0.126664035
12 -8.290390015 0 0.000000954 -0.006584783 -0.122738237 0.084574508
13 -7.875 0.000038147 -0.000003815 -0.092214056 -0.111377302 0.236294108
14 -8.78578186 0.000045776 -0.000003815 0.028013084 -0.148935479 0.106602594
15 -8.90372467 0.000015259 0.000003815 0.032996689 0.044701337 0.065511555
16 5.903457642 12.714836121 -17.693172455 1.299861878 -0.2612543 -0.108493453
17 -13.525131226 -0.000007629 0.000007629 -0.041600843 0.147495629 -0.043938167
18 -11.953033447 -0.000015259 -0.000003815 0.01639533 -0.0243754 0.153352372
19 -8.290374756 0 0 0.003876516 -0.064392323 0.22680202
20 -7.875 0.000038147 -0.000003815 -0.054919452 -0.074376721 0.148724936
21 -8.78578949 0.000030518 0.000003815 0.093760438 -0.010480789 0.085083143
22 -8.903709412 0 0 -0.024464619 0.042924795 0.043081537
23 5.115219116 -7.603518486 -23.079322815 -1.52359825 0.211597815 -2.968095926
24 13.525115967 0.000007629 0 0.076602231 -0.146136486 -0.188353159
25 11.95300293 0.000007629 0.000003815 0.146218881 -0.05188699 0.052308153
26 8.290374756 0.000015259 -0.000007629 0.208643929 0.1213348 0.096734737
27 7.875 -0.000030518 0.000001907 0.257561218 0.382834183 0.257855812
28 8.785774231 -0.000038147 0.000003815 0.343666218 0.343905975 0.068703463
29 8.903736115 -0.000007629 -0.000007629 -0.02016889 0.173234737 0.042181605
30 5.903442383 -12.801283836 -17.693199158 -1.58854963 0.26394491 -2.886355464
31 13.525100708 0 0 0.037413052 -0.076958033 -0.229935713
32 11.953033447 0.000015259 0 0.127806951 -0.023858275 0.010583215
33 8.290405273 0 0 0.187008397 0.162400451 0.263267657
34 7.875 -0.000030518 -0.000001907 0.197999674 0.373699751 0.27233868
35 8.78578949 -0.000045776 0.000007629 0.356479571 0.403011469 0.165473507
36 8.903720856 0.000007629 0.000007629 -0.020913113 0.185671248 0.037067959
37 4.435455322 0.000127017 -25.179950714 -3.052020664 0.42060421 -3.068386305
38 14.171005249 0.000021935 1.280700684 -0.006135277 0.072787648 -0.191748787
39 10.9765625 0.000020981 0.352539063 0.039553265 0.023194442 -0.067676202
40 8.120269775 -0.000003815 -0.000007629 0.074974304 -0.113935982 0.105048385
41 8.120262146 0.000001907 -0.000015259 0.096978644 -0.21566836 0.248812477
42 8.120330811 0.000001907 -0.000015259 0.206790818 0.134539974 0.239375096
43 8.120323181 -0.000007629 0.000061035 -0.038652756 -0.03069641 0.070027119
44 7.146957397 16.179790497 -9.195613861 1.305672134 -0.194807006 -0.173660109
45 -13.525131226 -0.000003815 0.000007629 -0.132503423 -0.082406519 0.003479325
46 -11.953033447 -0.000007629 0.000007629 0.036508091 -0.111658992 0.151673972
47 -8.290374756 0 0 0.111375472 -0.006798497 0.27986112
48 -7.875 0.000022888 -0.000007629 0.101491413 0.062272983 0.199853653
49 -8.785785675 0.000030518 0.000007629 0.281791379 0.219346433 0.031760091
50 -8.903709412 0 0 -0.046418827 0.112752369 -0.179089819
51 7.147003174 -16.266246796 -9.19562149 -1.592169116 0.178471644 -2.883857958
52 13.525115967 0 0 -0.04138018 -0.109892808 -0.173388289
53 11.953033447 0.000011444 0 0.098973332 0.059432411 0.007699718
54 8.290420532 0.000003815 -0.000007629 0.171254057 0.209051384 0.336948215
55 7.875 -0.000030518 0 0.20425894 0.37920773 0.381171562
56 8.78578949 -0.000045776 0.000011444 0.404935831 0.486808845 0.163897508
57 8.903720856 -0.000007629 0.000007629 -0.025118054 0.200358334 0.03929574
58 -5.36730957 8.366906166 8.703117371 1.914494041 -0.741667517 3.09153747
59 13.525100708 0.000007629 -0.000003815 -0.294796652 0.025796171 -0.029052018
60 -3.441879272 -10.792385101 9.377006531 1.843692728 -0.865062149 -3.07258505
61 13.525123596 0 -0.000007629 -0.319866366 0.095098302 -0.443927125
62 11.953048706 0.000007629 0 0.244250674 -0.158326659 -0.404629488
63 8.290390015 0 0 0.079585057 -0.156372838 0.078269875
64 7.875 -0.000030518 -0.000001907 -0.032955202 -0.142806308 0.000972541
65 19.39491272 -14.052383423 -0.467086792 0.816719132 0.189915379 -2.809840098
66 26.240753174 0.000007629 0.000003815 -0.296253317 -0.050602384 -0.001614061
67 31.970985413 0.000003815 0.000003815 -0.195350114 0.021083914 -0.091345891
68 4.627243042 -2.311290741 4.185634613 -0.024611287 -0.558422955 -0.444239217
69 2.980110168 -0.000004292 -0.000003815 -0.044814452 -0.161464923 0.279695347
70 1.982421875 0.000013351 0 0 0 0.079605056
71 10.844871521 -1.281562805 -1.331680298 -0.01459063 -0.011794345 -0.44466852
72 3.98828125 -0.000008106 0.000038147 0.141909771 0.044574751 -0.24562826
73 2.26953125 -0.000005722 -0.000009537 0.18105451 0.052639246 -0.179635609
74 10.908843994 -1.237384796 0.82958889 -0.013197125 -0.016788242 -0.444561139
75 3.989433289 -0.00001049 0.000038147 0.083518595 0.042893344 -0.181050409
76 3.478294373 -0.000009537 -0.000015259 -0.110527357 0.005560805 -0.282723353
77 10.291893005 -1.202156067 -3.344138145 -0.011976631 -0.027362076 -0.479207941
78 2.757148743 -0.000003815 0.000024796 0.122977527 0.062475046 -0.242323602
79 1.775390625 -0.000009537 -0.000006676 0.631145005 0.121045445 -0.295790883
80 10.971855164 -1.193920135 2.957342148 -0.019549258 0.004207118 -0.487918004
81 3.82421875 -0.000000834 0.000034332 -0.000540752 0.00220531 -0.175621943
82 2.94140625 -0.000007629 -0.000014305 -0.004010348 0.016569113 -0.333038093
83 -0.000015259 0.000007629 0.000001907 0.398893261 0.159072221 -0.629548
84 19.39491272 13.160593033 -0.467075348 -2.434836051 -0.220009757 -0.329934074
85 -26.240753174 -0.000003815 -0.000003815 -0.149102805 0.038387509 0.120230475
86 -31.971000671 0.000015259 0 -0.640439261 0.213481567 -0.19331895
87 -11.614601135 3.933105469 0.069384575 -1.578444876 1.529198549 -2.544968004
88 -10.484527588 1.069198608 3.539872169 -3.131584703 0.028220486 2.411526648
89 2.757156372 0.000002265 0.000026703 -0.011712134 0.035128624 1.019560794
90 1.775390625 0.000007629 -0.000023842 -0.261071927 -0.262843666 1.059935836
91 -11.046470642 1.142402649 1.529694557 -3.130487012 0.018259081 2.114134707
92 3.98828125 0 0.000038147 0.004872241 -0.009924216 1.610032301
93 2.26953125 0.000007629 0.000000954 -0.076539319 -0.095407065 1.438172442
94 -11.192642212 1.041526794 -2.758434296 -3.116629264 0.004012045 2.226905852
95 3.82421875 0.000038147 0.000051498 0.00053161 0.002187187 1.610324685
96 8.785797119 -0.00003624 -0.000001907 0.08229373 0.071373082 -0.580233542
97 2.94140625 0.000007629 -0.000011444 -0.004550553 0.006091757 1.767588569
98 -11.120124817 1.091545105 -0.631118774 -3.132136147 0.020772815 2.221577138
99 3.98941803 0.000001907 0.000052452 0.021444626 0.041947477 1.751021405
100 3.478290558 0.000022888 -0.00001049 -0.001306817 0.004312204 1.848998194
101 -4.853614807 2.155082703 -4.018517494 3.123057975 0.125574955 2.46129872
102 2.980110168 -0.00000906 0.000011921 0.038574713 -0.163808097 -0.240289671
103 1.982421875 -0.000009537 0.000034332 0 0 -0.040571652
104 0.000015259 -0.000007629 -0.000003815 -0.01786834 -0.032037725 -0.918099438
105 7.08984375 0 -0.000000477 3.141592654 -0.174494806 3.141592654
106 7.528259277 8.168075562 -1.23279953 -3.136643079 0.174442134 -3.112738881
107 -54.911224365 -0.64967823 -0.176695824 1.570486209 0.07895275 0.030347038
108 -61.183189392 0.000000954 0 0.173988939 0.013650073 0.001450443
109 8.588684082 0 1.514415741 0 0 0
110 4.260505676 -21.349506378 -3.218473434 0.049970132 -0.167237822 -0.292242966
111 15.606681824 0 -0.000012159 0 0 -0.054299905
112 15.853744507 0.000003815 -0.000006199 -0.057247442 0.017325696 -0.110654846
113 15.151851654 -0.000007629 0.000000954 -0.023839565 0.047869655 -0.018358574
114 11.14995575 0.000007629 -0.000005722 0 0 -0.079691439
115 1.725082397 -0.142127991 11.160655975 -1.570455147 -0.466373298 -0.000081036
116 15.606681824 0 0 0 0 0.018817328
117 15.853729248 0 0 -0.03553371 -0.005553311 -0.011297039
118 15.151863098 0 0 -0.015668821 -0.0183033 0.032947615
119 11.149963379 -0.000003815 -0.000000238 0 0 -0.011393872
120 6.678688049 -0.142132998 -16.932613373 1.571023415 -0.117254659 3.141579325
121 -15.606689453 0.000003815 0.00000003 0 0 0.018817328
122 -15.853759766 0 0.00000596 0.041691731 -0.005974362 0.000825136
123 -15.151855469 -0.000007629 0 0.021481727 -0.012938345 0.070661108
124 -11.149951935 0.000003815 0.000006199 0 0 -0.011393872
125 2.507644653 15.93921566 6.722552299 -1.59590323 0.413815314 -2.99590908
126 -15.606674194 -0.000003815 0 0.009362421 0.044628038 -0.017663499
127 -15.853752136 0.000007629 0.000009537 0.048576059 -0.051983899 0.03173224
128 -15.151847839 -0.000003815 0.000011444 0.011323944 -0.024883762 -0.144688112
129 -11.149963379 0 -0.000003815 -0.00888922 -0.000181549 -0.060257992
130 2.507621765 -17.075353622 6.722564697 -1.59590323 -0.413815314 -0.145683558
131 15.606666565 0 0 0.009362421 0.044628038 -0.017663499
132 15.853744507 0 0.000003815 -0.024060582 -0.055170468 0.082638557
133 15.151855469 0 0 -0.021608394 -0.031722546 -0.003801191
134 11.149967194 0 -0.000015259 -0.00888922 -0.000181549 -0.060257992
135 5.893127441 15.939212799 -12.477539063 3.043377006 -0.109910124 0.344492784
136 15.606674194 0 0.000024796 0.009362421 0.044628038 -0.017663499
137 15.853744507 0.000003815 -0.000011444 0.062434152 -0.084577634 0.054585756
138 15.151847839 0 -0.000001907 0.035577164 -0.114937014 -0.079892494
139 11.14995575 0.000007629 -0.000011444 -0.00888922 -0.000181549 -0.060257992
140 5.893135071 -17.075361252 -12.477552414 1.495996792 -0.068189583 3.008001698
141 -15.606666565 -0.000003815 0.000007629 0.009362421 0.044628038 -0.017663499
142 -15.853736877 0 -0.000011444 0.061927885 -0.055301438 0.082975284
143 -15.15184021 -0.000003815 0 0.016688909 -0.027433519 -0.002041823
144 -11.149944305 -0.000003815 -0.000007629 -0.00888922 -0.000181549 -0.060257992
145 4.260475159 20.773918152 -3.218482971 0.049970132 0.167237822 -2.849349719
146 -15.606689453 0 0 0 0 0.032888163
147 -15.853752136 0.000007629 -0.000000238 0.02926577 -0.033053885 -0.0668897
148 -15.151847839 0 0 0.006537828 -0.091485343 0.055440842
149 -11.149944305 0.000007629 -0.000000238 0 0 -0.079691439
150 7.528274536 -8.043749809 -1.232801437 0.004949575 -0.174442134 -0.028853775
151 54.911239624 0.649676323 0.176697254 1.570486209 0.07895275 0.030347038
152 61.183170319 -0.000000715 0.000000954 0.174162246 0.013649947 0.001451626
153 -0.364086866 -2.758008003 4.994803905 0 0 0.000244115
154 -0.364086866 -2.758006096 4.994803905 0 0 0.000244115
155 -0.364086866 -2.758006096 4.994803905 0 0 0.000244115
156 -0.364086866 -2.758006096 4.994803905 0 0 0.000244115
157 -0.364086866 -2.758006096 4.994803905 0 0 0.000244115
158 -0.364086866 -2.758006096 4.994803905 0 0 0.000244115
159 -0.364086866 -2.758006096 4.994803905 0 0 0.000244115
160 -0.364086866 -2.758006096 4.994803905 0 0 0.000244115
161 -0.364086866 -2.758006096 4.994803905 0 0 0.000244115
162 -0.498048782 -4.95163393 0.510848999 0 0 0.000244115
163 -0.364086866 -2.758006096 4.994803905 0 0 0.000244115
time 1
0 -0.364086866 -2.758006096 4.994803905 0 0 0.000244115
1 -0.355919719 -6.14397485 1.085067987 0.000488281 -1.569332229 -1.570308045
2 130.809036255 0 -0.000000477 0 0 0
3 6.662017822 -0.142129987 2.521339893 3.119165697 -0.0115987 -0.002804935
4 24.360931396 0 0.000011921 -0.010212791 0.225861342 0.001100376
5 24.806396484 -0.00000599 0.765956879 0.032831214 -0.363988721 -0.010519139
6 8.120269775 -0.000001997 0.000003815 -0.00923585 0.000093889 0.001639602
7 8.120315552 -0.000000983 0.000001907 0 -0.880742373 0
8 8.120315552 -0.000000983 0.000001907 0 -1.357954675 0
9 5.115219116 7.517074585 -23.079299927 1.464313318 -0.147495858 -0.08488724
10 -13.525115967 0 0 -0.042597912 0.180992521 -0.063258089
11 -11.953033447 -0.000007629 0.000001431 -0.018443901 0.062256091 0.187107085
12 -8.290390015 0 0.000000954 -0.004567443 -0.101968952 0.092831906
13 -7.875 0.000038147 -0.000003815 -0.096960883 -0.116089253 0.233447414
14 -8.78578186 0.000045776 -0.000003815 0.018372709 -0.192104239 0.122058428
15 -8.90372467 0.000015259 0.000003815 0.033018473 0.041561149 0.067358647
16 5.903457642 12.714836121 -17.693172455 1.328964356 -0.174860965 -0.137105578
17 -13.525131226 -0.000007629 0.000007629 -0.053915173 0.14788445 -0.012653334
18 -11.953033447 -0.000015259 -0.000003815 0.010383488 -0.015605826 0.227084836
19 -8.290374756 0 0 0.004593862 -0.046704049 0.252853596
20 -7.875 0.000038147 -0.000003815 -0.059510195 -0.074072383 0.131571499
21 -8.78578949 0.000030518 0.000003815 0.085110179 -0.040126064 0.083260037
22 -8.903709412 0 0 -0.025549728 0.039510218 0.044309705
23 5.115219116 -7.603518486 -23.079322815 -1.54736457 0.159097425 -2.992448804
24 13.525115967 0.000007629 0 0.089797191 -0.149750155 -0.167034206
25 11.95300293 0.000007629 0.000003815 0.150553591 -0.085825436 0.075248539
26 8.290374756 0.000015259 -0.000007629 0.20390853 0.09245857 0.085572992
27 7.875 -0.000030518 0.000001907 0.261412777 0.395901079 0.264639207
28 8.785774231 -0.000038147 0.000003815 0.347463234 0.396022343 0.091298951
29 8.903736115 -0.000007629 -0.000007629 -0.017748998 0.179252349 0.050411559
30 5.903442383 -12.801283836 -17.693199158 -1.608869472 0.220883252 -2.902049205
31 13.525100708 0 0 0.047323536 -0.075782644 -0.209621522
32 11.953033447 0.000015259 0 0.132745756 -0.048451673 0.016941178
33 8.290405273 0 0 0.181845875 0.141205897 0.252413682
34 7.875 -0.000030518 -0.000001907 0.194830142 0.381595716 0.272140564
35 8.78578949 -0.000045776 0.000007629 0.35909644 0.446004018 0.20476457
36 8.903720856 0.000007629 0.000007629 -0.020592122 0.188452471 0.038114658
37 4.435455322 0.000127017 -25.179950714 -3.083145519 0.377740514 -3.104393727
38 14.171005249 0.000021935 1.280700684 0.005582774 0.063688617 -0.208329338
39 10.9765625 0.000020981 0.352539063 0.045196596 0.001932606 -0.11216932
40 8.120269775 -0.000003815 -0.000007629 0.074828332 -0.13730604 0.089693924
41 8.120262146 0.000001907 -0.000015259 0.09555304 -0.23948298 0.276362073
42 8.120330811 0.000001907 -0.000015259 0.218814502 0.144358292 0.29784686
43 8.120323181 -0.000007629 0.000061035 -0.038656753 -0.031669454 0.073416055
44 7.146957397 16.179790497 -9.195613861 1.331336453 -0.098136125 -0.189355398
45 -13.525131226 -0.000003815 0.000007629 -0.13192856 -0.095607894 0.038538516
46 -11.953033447 -0.000007629 0.000007629 0.030473404 -0.126687856 0.223966505
47 -8.290374756 0 0 0.114111442 0.004328248 0.307777039
48 -7.875 0.000022888 -0.000007629 0.095270585 0.068236121 0.185080981
49 -8.785785675 0.000030518 0.000007629 0.268370451 0.204217944 0.027663144
50 -8.903709412 0 0 -0.047706361 0.11072943 -0.179019963
51 7.147003174 -16.266246796 -9.19562149 -1.608835127 0.134535205 -2.888319003
52 13.525115967 0 0 -0.032564483 -0.109501046 -0.145759322
53 11.953033447 0.000011444 0 0.103288578 0.054361567 0.005231642
54 8.290420532 0.000003815 -0.000007629 0.162229375 0.203323395 0.307303836
55 7.875 -0.000030518 0 0.185068476 0.383576333 0.375916401
56 8.78578949 -0.000045776 0.000011444 0.389782914 0.516094449 0.211202868
57 8.903720856 -0.000007629 0.000007629 -0.024770177 0.203578224 0.040425452
58 -5.36730957 8.366906166 8.703117371 1.879606141 -0.776458741 3.116196395
59 13.525100708 0.000007629 -0.000003815 -0.294796652 0.025796171 -0.029052018
60 -3.441879272 -10.792385101 9.377006531 1.806785832 -0.884524592 -3.043964472
61 13.525123596 0 -0.000007629 -0.310775366 0.108159951 -0.444377252
62 11.953048706 0.000007629 0 0.251529229 -0.137906643 -0.403749075
63 8.290390015 0 0 0.082105681 -0.155476266 0.067270623
64 7.875 -0.000030518 -0.000001907 -0.030821258 -0.162124161 0.01159834
65 19.39491272 -14.052383423 -0.467086792 0.839081899 0.11878677 -2.80136267
66 26.240753174 0.000007629 0.000003815 -0.214030608 -0.114751009 -0.049929103
67 31.970985413 0.000003815 0.000003815 -0.194456156 0.020343983 -0.085964415
68 4.627243042 -2.311290741 4.185634613 -0.024611287 -0.558422955 -0.444239217
69 2.980110168 -0.000004292 -0.000003815 -0.044814452 -0.161464923 0.279695347
70 1.982421875 0.000013351 0 0 0 0.079605056
71 10.844871521 -1.281562805 -1.331680298 -0.01459063 -0.011794345 -0.44466852
72 3.98828125 -0.000008106 0.000038147 0.141909771 0.044574751 -0.24562826
73 2.26953125 -0.000005722 -0.000009537 0.18105451 0.052639246 -0.179635609
74 10.908843994 -1.237384796 0.82958889 -0.013197125 -0.016788242 -0.444561139
75 3.989433289 -0.00001049 0.000038147 0.083518595 0.042893344 -0.181050409
76 3.478294373 -0.000009537 -0.000015259 -0.110527357 0.005560805 -0.282723353
77 10.291893005 -1.202156067 -3.344138145 -0.011976631 -0.027362076 -0.479207941
78 2.757148743 -0.000003815 0.000024796 0.122977527 0.062475046 -0.242323602
79 1.775390625 -0.000009537 -0.000006676 0.631145005 0.121045445 -0.295790883
80 10.971855164 -1.193920135 2.957342148 -0.019549258 0.004207118 -0.487918004
81 3.82421875 -0.000000834 0.000034332 -0.000540752 0.00220531 -0.175621943
82 2.94140625 -0.000007629 -0.000014305 -0.004010348 0.016569113 -0.333038093
83 -0.000015259 0.000007629 0.000001907 0.390446086 0.170493845 -0.63602427
84 19.39491272 13.160593033 -0.467075348 -2.483271058 -0.216491778 -0.402081146
85 -26.240753174 -0.000003815 -0.000003815 -0.154388022 0.034524566 0.132074632
86 -31.971000671 0.000015259 0 -0.722621512 0.225808454 -0.20503189
87 -11.614601135 3.933105469 0.069384575 -1.578444876 1.529198549 -2.544968004
88 -10.484527588 1.069198608 3.539872169 -3.131584703 0.028220486 2.411526648
89 2.757156372 0.000002265 0.000026703 -0.011712134 0.035128624 1.019560794
90 1.775390625 0.000007629 -0.000023842 -0.261071927 -0.262843666 1.059935836
91 -11.046470642 1.142402649 1.529694557 -3.130487012 0.018259081 2.114134707
92 3.98828125 0 0.000038147 0.004872241 -0.009924216 1.610032301
93 2.26953125 0.000007629 0.000000954 -0.076539319 -0.095407065 1.438172442
94 -11.192642212 1.041526794 -2.758434296 -3.116629264 0.004012045 2.226905852
95 3.82421875 0.000038147 0.000051498 0.00053161 0.002187187 1.610324685
96 8.785797119 -0.00003624 -0.000001907 0.08229373 0.071373082 -0.580233542
97 2.94140625 0.000007629 -0.000011444 -0.004550553 0.006091757 1.767588569
98 -11.120124817 1.091545105 -0.631118774 -3.132136147 0.020772815 2.221577138
99 3.98941803 0.000001907 0.000052452 0.021444626 0.041947477 1.751021405
100 3.478290558 0.000022888 -0.00001049 -0.001306817 0.004312204 1.848998194
101 -4.853614807 2.155082703 -4.018517494 3.123057975 0.125574955 2.46129872
102 2.980110168 -0.00000906 0.000011921 0.038574713 -0.163808097 -0.240289671
103 1.982421875 -0.000009537 0.000034332 0 0 -0.040571652
104 0.000015259 -0.000007629 -0.000003815 -0.01786834 -0.032037725 -0.918099438
105 7.08984375 0 -0.000000477 3.141592654 -0.174494795 3.141592654
106 7.528259277 8.168075562 -1.23279953 -3.136345038 0.175304077 -3.112449478
107 -54.911224365 -0.64967823 -0.176695824 1.570302187 0.080360364 0.030034821
108 -61.183189392 0.000000954 0 0.173988939 0.013650073 0.001450443
109 8.588684082 0 1.514415741 0 0 0
110 4.260505676 -21.349506378 -3.218473434 0.049970132 -0.167237822 -0.292242966
111 15.606681824 0 -0.000012159 -0.026985877 0.014200831 -0.054756919
112 15.853744507 0.000003815 -0.000006199 -0.024490465 -0.02608581 -0.110845191
113 15.151851654 -0.000007629 0.000000954 -0.024532992 0.010374263 -0.019895873
114 11.14995575 0.000007629 -0.000005722 -0.002119791 0.00553095 -0.079265725
115 1.725082397 -0.142127991 11.160655975 -1.570455147 -0.466373298 -0.000081036
116 15.606681824 0 0 -0.020114738 -0.004261521 0.03983961
117 15.853729248 0 0 -0.013049621 0.00284732 -0.066582558
118 15.151863098 0 0 -0.014611588 -0.005855387 -0.021623815
119 11.149963379 -0.000003815 -0.000000238 0.000075653 0.001554257 -0.013724415
120 6.678688049 -0.142132998 -16.932613373 1.571409151 -0.138110199 3.141489088
121 -15.606689453 0.000003815 0.00000003 0.021653867 -0.005020416 0.04103784
122 -15.853759766 0 0.00000596 0.016447156 0.001253089 -0.08927389
123 -15.151855469 -0.000007629 0 0.021808923 -0.005835018 -0.019054805
124 -11.149951935 0.000003815 0.000006199 -0.000001643 0.000604215 -0.005437963
125 2.507644653 15.93921566 6.722552299 -1.59590323 0.413815314 -2.99590908
126 -15.606674194 -0.000003815 0 0.029354073 0.043648778 -0.043917748
127 -15.853752136 0.000007629 0.000009537 0.023929861 -0.048944462 0.095903242
128 -15.151847839 -0.000003815 0.000011444 0.00874495 -0.017967926 -0.079082882
129 -11.149963379 0 -0.000003815 -0.00284709 -0.000088144 -0.061898921
130 2.507621765 -17.075353622 6.722564697 -1.59590323 -0.413815314 -0.145683558
131 15.606666565 0 0 -0.016198385 0.040378813 -0.002658192
132 15.853744507 0 0.000003815 0.006669085 -0.047174017 0.035762554
133 15.151855469 0 0 -0.019434138 -0.021699847 -0.047186481
134 11.149967194 0 -0.000015259 -0.008465724 0.000080778 -0.062504398
135 5.893127441 15.939212799 -12.477539063 3.052798454 -0.101037916 0.360286987
136 15.606674194 0 0.000024796 -0.006701432 0.017209379 -0.016372405
137 15.853744507 0.000003815 -0.000011444 0.064403305 -0.007828286 0.079308378
138 15.151847839 0 -0.000001907 0.037019383 -0.036557895 -0.059486898
139 11.14995575 0.000007629 -0.000011444 -0.00793552 -0.00594282 -0.061271654
140 5.893135071 -17.075361252 -12.477552414 1.495996792 -0.068189583 3.008001698
141 -15.606666565 -0.000003815 0.000007629 0.031391063 0.040086667 -0.001788336
142 -15.853736877 0 -0.000011444 0.039056865 -0.046900528 0.035873954
143 -15.15184021 -0.000003815 0 0.017965351 -0.019190557 -0.045582822
144 -11.149944305 -0.000003815 -0.000007629 -0.007432248 0.000229585 -0.054387482
145 4.260475159 20.773918152 -3.218482971 0.049970132 0.167237822 -2.849349719
146 -15.606689453 0 0 0.01577587 -0.027884527 0.032672413
147 -15.853752136 0.000007629 -0.000000238 0.009743537 0.034011015 -0.06701186
148 -15.151847839 0 0 0.00504083 -0.024314752 0.054156448
149 -11.149944305 0.000007629 -0.000000238 0.00005929 -0.005871785 -0.079000876
150 7.528274536 -8.043749809 -1.232801437 0.005140446 -0.181286207 -0.028896877
151 54.911239624 0.649676323 0.176697254 1.570515581 0.077302863 0.030286366
152 61.183170319 -0.000000715 0.000000954 0.174162246 0.013649947 0.001451626
153 -0.364086866 -2.758008003 4.994803905 0 0 0.000244115
154 -0.364086866 -2.758006096 4.994803905 0 0 0.000244115
155 -0.364086866 -2.758006096 4.994803905 0 0 0.000244115
156 -0.364086866 -2.758006096 4.994803905 0 0 0.000244115
157 -0.364086866 -2.758006096 4.994803905 0 0 0.000244115
158 -0.364086866 -2.758006096 4.994803905 0 0 0.000244115
159 -0.364086866 -2.758006096 4.994803905 0 0 0.000244115
160 -0.364086866 -2.758006096 4.994803905 0 0 0.000244115
161 -0.364086866 -2.758006096 4.994803905 0 0 0.000244115
162 -0.498048782 -4.95163393 0.510848999 0 0 0.000244115
163 -0.364086866 -2.758006096 4.994803905 0 0 0.000244115
time 2
0 -0.364086866 -2.758006096 4.994803905 0 0 0.000244115
1 -0.355919868 -2.716542363 1.085067987 0.002197274 -1.565680706 -1.568599053
2 130.809036255 0 -0.000000477 0 0 0
3 6.662017822 -0.142129987 2.521339893 3.061318641 -0.041621446 -0.010252261
4 24.360931396 0 0.000011921 -0.036802433 0.23309352 0.004122133
5 24.806396484 -0.00000599 0.765956879 0.117749497 -0.352641784 -0.037953185
6 8.120269775 -0.000001997 0.000003815 -0.035389909 0.000629315 0.006290982
7 8.120315552 -0.000000983 0.000001907 0 -0.880742373 0
8 8.120315552 -0.000000983 0.000001907 0 -1.357954675 0
9 5.115219116 7.517074585 -23.079299927 1.508521651 0.046346064 -0.128884214
10 -13.525115967 0 0 -0.063505357 0.188766798 0.001533194
11 -11.953033447 -0.000007629 0.000001431 -0.026600828 0.089639878 0.368853225
12 -8.290390015 0 0.000000954 -0.01018546 -0.085573447 0.144584522
13 -7.875 0.000038147 -0.000003815 -0.102406974 -0.116934925 0.202674296
14 -8.78578186 0.000045776 -0.000003815 0.00790726 -0.22758971 0.101223863
15 -8.90372467 0.000015259 0.000003815 0.032823144 0.037660555 0.068583751
16 5.903457642 12.714836121 -17.693172455 1.373641402 0.030236565 -0.172552973
17 -13.525131226 -0.000007629 0.000007629 -0.070660199 0.141291349 0.053711745
18 -11.953033447 -0.000015259 -0.000003815 -0.009686055 -0.032622386 0.4197682
19 -8.290374756 0 0 0.003901998 -0.035369357 0.325538135
20 -7.875 0.000038147 -0.000003815 -0.062452651 -0.06276136 0.091675766
21 -8.78578949 0.000030518 0.000003815 0.076777138 -0.055842381 0.041065052
22 -8.903709412 0 0 -0.026230706 0.035306054 0.045213446
23 5.115219116 -7.603518486 -23.079322815 -1.582859052 0.005029348 -3.017639576
24 13.525115967 0.000007629 0 0.106901396 -0.153385347 -0.106660222
25 11.95300293 0.000007629 0.000003815 0.158818191 -0.113427229 0.20969478
26 8.290374756 0.000015259 -0.000007629 0.206603039 0.078447762 0.110311514
27 7.875 -0.000030518 0.000001907 0.270870807 0.410765592 0.251241862
28 8.785774231 -0.000038147 0.000003815 0.351694785 0.430665593 0.08746224
29 8.903736115 -0.000007629 -0.000007629 -0.01162782 0.189638095 0.066539014
30 5.903442383 -12.801283836 -17.693199158 -1.637215915 0.083156251 -2.912307977
31 13.525100708 0 0 0.056773663 -0.0725358 -0.150993238
32 11.953033447 0.000015259 0 0.140180727 -0.068556084 0.127749266
33 8.290405273 0 0 0.187103233 0.134302808 0.289202376
34 7.875 -0.000030518 -0.000001907 0.198339475 0.389685414 0.250222477
35 8.78578949 -0.000045776 0.000007629 0.359172775 0.474223054 0.209846683
36 8.903720856 0.000007629 0.000007629 -0.0196782 0.191825314 0.038867706
37 4.435455322 0.000127017 -25.179950714 -3.130407644 0.244960603 3.130010946
38 14.171005249 0.000021935 1.280700684 0.02910137 0.017664427 -0.249973131
39 10.9765625 0.000020981 0.352539063 0.074457522 -0.120321201 -0.177595731
40 8.120269775 -0.000003815 -0.000007629 0.081034752 -0.199508107 0.133865845
41 8.120262146 0.000001907 -0.000015259 0.098085596 -0.254047718 0.348533831
42 8.120330811 0.000001907 -0.000015259 0.263407911 0.218032319 0.34561035
43 8.120323181 -0.000007629 0.000061035 -0.038592773 -0.032537974 0.077925331
44 7.146957397 16.179790497 -9.195613861 1.373853627 0.114486264 -0.203716623
45 -13.525131226 -0.000003815 0.000007629 -0.117828337 -0.121138811 0.094673014
46 -11.953033447 -0.000007629 0.000007629 0.014376768 -0.176277782 0.396141275
47 -8.290374756 0 0 0.121481178 0.004683036 0.386110058
48 -7.875 0.000022888 -0.000007629 0.096119806 0.082255644 0.165002918
49 -8.785785675 0.000030518 0.000007629 0.257136713 0.194537805 -0.006514175
50 -8.903709412 0 0 -0.048364161 0.106772251 -0.178595606
51 7.147003174 -16.266246796 -9.19562149 -1.633570484 0.00093981 -2.883639494
52 13.525115967 0 0 -0.020967746 -0.106933792 -0.083446229
53 11.953033447 0.000011444 0 0.111557714 0.05320559 0.099782346
54 8.290420532 0.000003815 -0.000007629 0.163573334 0.205349823 0.319099341
55 7.875 -0.000030518 0 0.169380663 0.382044325 0.347306429
56 8.78578949 -0.000045776 0.000011444 0.36836787 0.532206882 0.221512995
57 8.903720856 -0.000007629 0.000007629 -0.023822023 0.207303119 0.041353566
58 -5.36730957 8.366906166 8.703117371 1.823447796 -0.831437827 -3.131184362
59 13.525100708 0.000007629 -0.000003815 -0.294796652 0.025796171 -0.029052018
60 -3.441879272 -10.792385101 9.377006531 1.750561535 -0.917804011 -3.004010378
61 13.525123596 0 -0.000007629 -0.294669351 0.126095083 -0.421990946
62 11.953048706 0.000007629 0 0.248314248 -0.109210303 -0.385139256
63 8.290390015 0 0 0.076843825 -0.137059906 0.034294265
64 7.875 -0.000030518 -0.000001907 -0.031924345 -0.173121039 -0.020539392
65 19.39491272 -14.052383423 -0.467086792 0.861138121 -0.028952861 -2.774139267
66 26.240753174 0.000007629 0.000003815 -0.001823882 -0.278200777 -0.15775324
67 31.970985413 0.000003815 0.000003815 -0.191651212 0.018277103 -0.070711443
68 4.627243042 -2.311290741 4.185634613 -0.024611287 -0.558422955 -0.444239217
69 2.980110168 -0.000004292 -0.000003815 -0.044814452 -0.161464923 0.279695347
70 1.982421875 0.000013351 0 0 0 0.079605056
71 10.844871521 -1.281562805 -1.331680298 -0.01459063 -0.011794345 -0.44466852
72 3.98828125 -0.000008106 0.000038147 0.141909771 0.044574751 -0.24562826
73 2.26953125 -0.000005722 -0.000009537 0.18105451 0.052639246 -0.179635609
74 10.908843994 -1.237384796 0.82958889 -0.013197125 -0.016788242 -0.444561139
75 3.989433289 -0.00001049 0.000038147 0.083518595 0.042893344 -0.181050409
76 3.478294373 -0.000009537 -0.000015259 -0.110527357 0.005560805 -0.282723353
77 10.291893005 -1.202156067 -3.344138145 -0.011976631 -0.027362076 -0.479207941
78 2.757148743 -0.000003815 0.000024796 0.122977527 0.062475046 -0.242323602
79 1.775390625 -0.000009537 -0.000006676 0.631145005 0.121045445 -0.295790883
80 10.971855164 -1.193920135 2.957342148 -0.019549258 0.004207118 -0.487918004
81 3.82421875 -0.000000834 0.000034332 -0.000540752 0.00220531 -0.175621943
82 2.94140625 -0.000007629 -0.000014305 -0.004010348 0.016569113 -0.333038093
83 -0.000015259 0.000007629 0.000001907 0.368881488 0.187516161 -0.652517846
84 19.39491272 13.160593033 -0.467075348 -2.608108132 -0.205490459 -0.588162384
85 -26.240753174 -0.000003815 -0.000003815 -0.159192257 0.02439317 0.162775202
86 -31.971000671 0.000015259 0 -0.866567907 0.243606249 -0.220708288
87 -11.614601135 3.933105469 0.069384575 -1.578444876 1.529198549 -2.544968004
88 -10.484527588 1.069198608 3.539872169 -3.131584703 0.028220486 2.411526648
89 2.757156372 0.000002265 0.000026703 -0.011712134 0.035128624 1.019560794
90 1.775390625 0.000007629 -0.000023842 -0.261071927 -0.262843666 1.059935836
91 -11.046470642 1.142402649 1.529694557 -3.130487012 0.018259081 2.114134707
92 3.98828125 0 0.000038147 0.004872241 -0.009924216 1.610032301
93 2.26953125 0.000007629 0.000000954 -0.076539319 -0.095407065 1.438172442
94 -11.192642212 1.041526794 -2.758434296 -3.116629264 0.004012045 2.226905852
95 3.82421875 0.000038147 0.000051498 0.00053161 0.002187187 1.610324685
96 8.785797119 -0.00003624 -0.000001907 0.08229373 0.071373082 -0.580233542
97 2.94140625 0.000007629 -0.000011444 -0.004550553 0.006091757 1.767588569
98 -11.120124817 1.091545105 -0.631118774 -3.132136147 0.020772815 2.221577138
99 3.98941803 0.000001907 0.000052452 0.021444626 0.041947477 1.751021405
100 3.478290558 0.000022888 -0.00001049 -0.001306817 0.004312204 1.848998194
101 -4.853614807 2.155082703 -4.018517494 3.123057975 0.125574955 2.46129872
102 2.980110168 -0.00000906 0.000011921 0.038574713 -0.163808097 -0.240289671
103 1.982421875 -0.000009537 0.000034332 0 0 -0.040571652
104 0.000015259 -0.000007629 -0.000003815 -0.01786834 -0.032037725 -0.918099438
105 7.08984375 0 -0.000000477 3.141592654 -0.174494795 3.141592654
106 7.528259277 8.168075562 -1.23279953 -3.135546971 0.177717926 -3.11167555
107 -54.911224365 -0.64967823 -0.176695824 1.569875827 0.084276091 0.029407339
108 -61.183189392 0.000000954 0 0.173988939 0.013650073 0.001450443
109 8.588684082 0 1.514415741 0 0 0
110 4.260505676 -21.349506378 -3.218473434 0.049970132 -0.167237822 -0.292242966
111 15.606681824 0 -0.000012159 -0.030315103 -0.00610041 -0.054904793
112 15.853744507 0.000003815 -0.000006199 -0.017116672 -0.051191584 -0.11161399
113 15.151851654 -0.000007629 0.000000954 -0.024564165 -0.020199907 -0.020988886
114 11.14995575 0.000007629 -0.000005722 -0.007882124 0.020424275 -0.078135326
115 1.725082397 -0.142127991 11.160655975 -1.570455147 -0.466373298 -0.000081036
116 15.606681824 0 0 -0.021075571 -0.001643424 0.016073306
117 15.853729248 0 0 -0.007951848 0.002075597 -0.08635254
118 15.151863098 0 0 -0.013709385 -0.000730132 -0.056109556
119 11.149963379 -0.000003815 -0.000000238 0.000287597 0.005786384 -0.019938748
120 6.678688049 -0.142132998 -16.932613373 1.572222917 -0.171903388 3.141408473
121 -15.606689453 0.000003815 0.00000003 0.022846425 -0.003307485 0.01748591
122 -15.853759766 0 0.00000596 0.010497589 -0.000380495 -0.141595344
123 -15.151855469 -0.000007629 0 0.020908136 -0.003263131 -0.10115976
124 -11.149951935 0.000003815 0.000006199 0.000184448 0.002243295 0.010530904
125 2.507644653 15.93921566 6.722552299 -1.59590323 0.413815314 -2.99590908
126 -15.606674194 -0.000003815 0 0.033204432 0.043633971 -0.017581682
127 -15.853752136 0.000007629 0.000009537 0.016284944 -0.049525223 0.114067681
128 -15.151847839 -0.000003815 0.000011444 0.006336247 -0.014984749 -0.039066416
129 -11.149963379 0 -0.000003815 0.012785102 -0.000095278 -0.066132636
130 2.507621765 -17.075353622 6.722564697 -1.59590323 -0.413815314 -0.145683558
131 15.606666565 0 0 -0.019928281 0.043281559 -0.023139579
132 15.853744507 0 0.000003815 0.01560313 -0.045678371 0.012422257
133 15.151855469 0 0 -0.017087105 -0.015873874 -0.078351773
134 11.149967194 0 -0.000015259 -0.007207329 0.001135366 -0.068380725
135 5.893127441 15.939212799 -12.477539063 3.077972378 -0.07896007 0.38477321
136 15.606674194 0 0.000024796 -0.006646048 0.043283298 -0.01585743
137 15.853744507 0.000003815 -0.000011444 0.03628908 0.034231561 0.099957217
138 15.151847839 0 -0.000001907 0.036435538 0.02996797 -0.028810866
139 11.14995575 0.000007629 -0.000011444 -0.005092838 -0.021667406 -0.064006766
140 5.893135071 -17.075361252 -12.477552414 1.495996792 -0.068189583 3.008001698
141 -15.606666565 -0.000003815 0.000007629 0.029920016 0.042209486 -0.022423196
142 -15.853736877 0 -0.000011444 0.036545198 -0.046723692 0.010199449
143 -15.15184021 -0.000003815 0 0.01841764 -0.01559363 -0.079668067
144 -11.149944305 -0.000003815 -0.000007629 -0.003649664 0.001224412 -0.038674619
145 4.260475159 20.773918152 -3.218482971 0.049970132 0.167237822 -2.849349719
146 -15.606689453 0 0 0.015173314 -0.001279543 0.032102434
147 -15.853752136 0.000007629 -0.000000238 0.008849014 0.055663975 -0.066947392
148 -15.151847839 0 0 0.003341357 0.018389319 0.053469481
149 -11.149944305 0.000007629 -0.000000238 -0.000101873 -0.021945205 -0.077276242
150 7.528274536 -8.043749809 -1.232801437 0.00567161 -0.198882255 -0.029019383
151 54.911239624 0.649676323 0.176697254 1.57053432 0.07302661 0.030285219
152 61.183170319 -0.000000715 0.000000954 0.174162246 0.013649947 0.001451626
153 -0.364086866 -2.758008003 4.994803905 0 0 0.000244115
154 -0.364086866 -2.758006096 4.994803905 0 0 0.000244115
155 -0.364086866 -2.758006096 4.994803905 0 0 0.000244115
156 -0.364086866 -2.758006096 4.994803905 0 0 0.000244115
157 -0.364086866 -2.758006096 4.994803905 0 0 0.000244115
158 -0.364086866 -2.758006096 4.994803905 0 0 0.000244115
159 -0.364086866 -2.758006096 4.994803905 0 0 0.000244115
160 -0.364086866 -2.758006096 4.994803905 0 0 0.000244115
161 -0.364086866 -2.758006096 4.994803905 0 0 0.000244115
162 -0.498048782 -4.95163393 0.510848999 0 0 0.000244115
163 -0.364086866 -2.758006096 4.994803905 0 0 0.000244115
time 3
0 -0.364086866 -2.758006096 4.994803905 0 0 0.000244115
1 -0.355920076 1.969947844 1.085067987 0.004699791 -1.560104632 -1.566096536
2 130.809036255 0 -0.000000477 0 0 0
3 6.662017822 -0.142129987 2.521339893 2.982259697 -0.082700406 -0.020347462
4 24.360931396 0 0.000011921 -0.073115535 0.242940845 0.008822009
5 24.806396484 -0.00000599 0.765956879 0.233743134 -0.337271267 -0.075407406
6 8.120269775 -0.000001997 0.000003815 -0.076314904 0.001382838 0.013595297
7 8.120315552 -0.000000983 0.000001907 0 -0.880742373 0
8 8.120315552 -0.000000983 0.000001907 0 -1.357954675 0
9 5.115219116 7.517074585 -23.079299927 1.557819873 0.258273695 -0.161080847
10 -13.525115967 0 0 -0.091198759 0.171585509 -0.020424033
11 -11.953033447 -0.000007629 0.000001431 -0.036051619 0.111900707 0.546273037
12 -8.290390015 0 0.000000954 -0.012622265 -0.041817895 0.304654415
13 -7.875 0.000038147 -0.000003815 -0.10724818 -0.090313151 0.212286373
14 -8.78578186 0.000045776 -0.000003815 -0.005487221 -0.238136984 0.06038802
15 -8.90372467 0.000015259 0.000003815 0.032444459 0.033593853 0.069803809
16 5.903457642 12.714836121 -17.693172455 1.424252388 0.251038563 -0.192501481
17 -13.525131226 -0.000007629 0.000007629 -0.09183205 0.128259526 0.021200685
18 -11.953033447 -0.000015259 -0.000003815 -0.031046367 -0.047813029 0.596354337
19 -8.290374756 0 0 0.000600848 -0.029936552 0.484785746
20 -7.875 0.000038147 -0.000003815 -0.062953984 -0.040491509 0.138030431
21 -8.78578949 0.000030518 0.000003815 0.068950923 -0.056303135 0.00203215
22 -8.903709412 0 0 -0.026923331 0.030757486 0.046124537
23 5.115219116 -7.603518486 -23.079322815 -1.624696437 -0.170170922 -3.036700105
24 13.525115967 0.000007629 0 0.125454869 -0.141794938 -0.09782167
25 11.95300293 0.000007629 0.000003815 0.170484787 -0.13332759 0.374122392
26 8.290374756 0.000015259 -0.000007629 0.212652292 0.05276371 0.216690383
27 7.875 -0.000030518 0.000001907 0.280665274 0.383415982 0.236333054
28 8.785774231 -0.000038147 0.000003815 0.361882992 0.442154087 0.060169817
29 8.903736115 -0.000007629 -0.000007629 -0.003277281 0.202576377 0.087324119
30 5.903442383 -12.801283836 -17.693199158 -1.673489216 -0.07518899 -2.916431032
31 13.525100708 0 0 0.063259443 -0.061071821 -0.132489898
32 11.953033447 0.000015259 0 0.147802671 -0.082466935 0.278551992
33 8.290405273 0 0 0.192093157 0.113368305 0.372654447
34 7.875 -0.000030518 -0.000001907 0.201882383 0.368709927 0.234149871
35 8.78578949 -0.000045776 0.000007629 0.361554664 0.482795478 0.188285773
36 8.903720856 0.000007629 0.000007629 -0.018236405 0.195620549 0.03958601
37 4.435455322 0.000127017 -25.179950714 3.100972968 0.059660951 3.080428611
38 14.171005249 0.000021935 1.280700684 0.055681401 -0.001623786 -0.281176619
39 10.9765625 0.000020981 0.352539063 0.150649082 -0.333442388 -0.289216251
40 8.120269775 -0.000003815 -0.000007629 0.100877809 -0.302760471 0.150544645
41 8.120262146 0.000001907 -0.000015259 0.134305895 -0.235098009 0.411143857
42 8.120330811 0.000001907 -0.000015259 0.323460742 0.280179835 0.404387909
43 8.120323181 -0.000007629 0.000061035 -0.038458925 -0.033486769 0.082953904
44 7.146957397 16.179790497 -9.195613861 1.427996469 0.327016673 -0.198763484
45 -13.525131226 -0.000003815 0.000007629 -0.081683328 -0.121158403 0.037327219
46 -11.953033447 -0.000007629 0.000007629 0.011267146 -0.213733415 0.53294402
47 -8.290374756 0 0 0.11242207 -0.022803771 0.537000539
48 -7.875 0.000022888 -0.000007629 0.097735654 0.082433947 0.231830174
49 -8.785785675 0.000030518 0.000007629 0.253825592 0.181252114 -0.008963278
50 -8.903709412 0 0 -0.04863126 0.101644668 -0.177680727
51 7.147003174 -16.266246796 -9.19562149 -1.667872144 -0.139588313 -2.870262381
52 13.525115967 0 0 -0.008756796 -0.098482631 -0.073216914
53 11.953033447 0.000011444 0 0.117721752 0.048873352 0.221013754
54 8.290420532 0.000003815 -0.000007629 0.164791336 0.197440023 0.376699727
55 7.875 -0.000030518 0 0.155434487 0.365175421 0.322341183
56 8.78578949 -0.000045776 0.000011444 0.34252445 0.528865865 0.210060582
57 8.903720856 -0.000007629 0.000007629 -0.022511893 0.211367715 0.042320915
58 -5.36730957 8.366906166 8.703117371 1.7552131 -0.867914775 -3.090595746
59 13.525100708 0.000007629 -0.000003815 -0.294796652 0.025796171 -0.029052018
60 -3.441879272 -10.792385101 9.377006531 1.684792096 -0.9368981 -2.9606959
61 13.525123596 0 -0.000007629 -0.283727207 0.150305027 -0.391004496
62 11.953048706 0.000007629 0 0.243686842 -0.081772608 -0.340329179
63 8.290390015 0 0 0.068387566 -0.105774703 0.027861318
64 7.875 -0.000030518 -0.000001907 -0.038413385 -0.166505199 -0.060999975
65 19.39491272 -14.052383423 -0.467086792 0.873064317 -0.223590704 -2.733648822
66 26.240753174 0.000007629 0.000003815 0.28822854 -0.501305353 -0.300500941
67 31.970985413 0.000003815 0.000003815 -0.187387492 0.015092682 -0.047026134
68 4.627243042 -2.311290741 4.185634613 -0.024611287 -0.558422955 -0.444239217
69 2.980110168 -0.000004292 -0.000003815 -0.044814452 -0.161464923 0.279695347
70 1.982421875 0.000013351 0 0 0 0.079605056
71 10.844871521 -1.281562805 -1.331680298 -0.01459063 -0.011794345 -0.44466852
72 3.98828125 -0.000008106 0.000038147 0.141909771 0.044574751 -0.24562826
73 2.26953125 -0.000005722 -0.000009537 0.18105451 0.052639246 -0.179635609
74 10.908843994 -1.237384796 0.82958889 -0.013197125 -0.016788242 -0.444561139
75 3.989433289 -0.00001049 0.000038147 0.083518595 0.042893344 -0.181050409
76 3.478294373 -0.000009537 -0.000015259 -0.110527357 0.005560805 -0.282723353
77 10.291893005 -1.202156067 -3.344138145 -0.011976631 -0.027362076 -0.479207941
78 2.757148743 -0.000003815 0.000024796 0.122977527 0.062475046 -0.242323602
79 1.775390625 -0.000009537 -0.000006676 0.631145005 0.121045445 -0.295790883
80 10.971855164 -1.193920135 2.957342148 -0.019549258 0.004207118 -0.487918004
81 3.82421875 -0.000000834 0.000034332 -0.000540752 0.00220531 -0.175621943
82 2.94140625 -0.000007629 -0.000014305 -0.004010348 0.016569113 -0.333038093
83 -0.000015259 0.000007629 0.000001907 0.339379037 0.207338846 -0.675121592
84 19.39491272 13.160593033 -0.467075348 -2.778714392 -0.186698685 -0.842625612
85 -26.240753174 -0.000003815 -0.000003815 -0.163655516 0.010222145 0.204609718
86 -31.971000671 0.000015259 0 -1.045164567 0.264233436 -0.240489194
87 -11.614601135 3.933105469 0.069384575 -1.578444876 1.529198549 -2.544968004
88 -10.484527588 1.069198608 3.539872169 -3.131584703 0.028220486 2.411526648
89 2.757156372 0.000002265 0.000026703 -0.011712134 0.035128624 1.019560794
90 1.775390625 0.000007629 -0.000023842 -0.261071927 -0.262843666 1.059935836
91 -11.046470642 1.142402649 1.529694557 -3.130487012 0.018259081 2.114134707
92 3.98828125 0 0.000038147 0.004872241 -0.009924216 1.610032301
93 2.26953125 0.000007629 0.000000954 -0.076539319 -0.095407065 1.438172442
94 -11.192642212 1.041526794 -2.758434296 -3.116629264 0.004012045 2.226905852
95 3.82421875 0.000038147 0.000051498 0.00053161 0.002187187 1.610324685
96 8.785797119 -0.00003624 -0.000001907 0.08229373 0.071373082 -0.580233542
97 2.94140625 0.000007629 -0.000011444 -0.004550553 0.006091757 1.767588569
98 -11.120124817 1.091545105 -0.631118774 -3.132136147 0.020772815 2.221577138
99 3.98941803 0.000001907 0.000052452 0.021444626 0.041947477 1.751021405
100 3.478290558 0.000022888 -0.00001049 -0.001306817 0.004312204 1.848998194
101 -4.853614807 2.155082703 -4.018517494 3.123057975 0.125574955 2.46129872
102 2.980110168 -0.00000906 0.000011921 0.038574713 -0.163808097 -0.240289671
103 1.982421875 -0.000009537 0.000034332 0 0 -0.040571652
104 0.000015259 -0.000007629 -0.000003815 -0.01786834 -0.032037725 -0.918099438
105 7.08984375 0 -0.000000477 3.141592654 -0.174494795 3.141592654
106 7.528259277 8.168075562 -1.23279953 -3.134325426 0.181597449 -3.110333737
107 -54.911224365 -0.64967823 -0.176695824 1.569081223 0.090518473 0.028394831
108 -61.183189392 0.000000954 0 0.173988939 0.013650073 0.001450443
109 8.588684082 0 1.514415741 0 0 0
110 4.260505676 -21.349506378 -3.218473434 0.049970132 -0.167237822 -0.292242966
111 15.606681824 0 -0.000012159 -0.031917653 -0.045189952 -0.055326978
112 15.853744507 0.000003815 -0.000006199 -0.011462264 -0.065409338 -0.112217196
113 15.151851654 -0.000007629 0.000000954 -0.024163449 -0.041268698 -0.021518816
114 11.14995575 0.000007629 -0.000005722 -0.016221753 0.042226981 -0.076684619
115 1.725082397 -0.142127991 11.160655975 -1.570455147 -0.466373298 -0.000081036
116 15.606681824 0 0 -0.021252671 0.001278557 -0.0259108
117 15.853729248 0 0 -0.002578879 0.003243921 -0.098013119
118 15.151863098 0 0 -0.012485592 0.001259997 -0.07486343
119 11.149963379 -0.000003815 -0.000000238 0.000701822 0.011404949 -0.028309297
120 6.678688049 -0.142132998 -16.932613373 1.573246208 -0.214645056 3.141328712
121 -15.606689453 0.000003815 0.00000003 0.022987422 -0.001952574 -0.025401934
122 -15.853759766 0 0.00000596 0.003907296 -0.000082169 -0.179261352
123 -15.151855469 -0.000007629 0 0.019395846 -0.002037396 -0.164646822
124 -11.149951935 0.000003815 0.000006199 0.000421157 0.00448199 0.033838805
125 2.507644653 15.93921566 6.722552299 -1.59590323 0.413815314 -2.99590908
126 -15.606674194 -0.000003815 0 0.036505511 0.042935279 0.027208071
127 -15.853752136 0.000007629 0.000009537 0.008790161 -0.048560199 0.125930969
128 -15.151847839 -0.000003815 0.000011444 0.003657656 -0.01343381 -0.01763384
129 -11.149963379 0 -0.000003815 0.034552647 -0.000050962 -0.072015351
130 2.507621765 -17.075353622 6.722564697 -1.59590323 -0.413815314 -0.145683558
131 15.606666565 0 0 -0.023064786 0.047394655 -0.061948865
132 15.853744507 0 0.000003815 0.024441718 -0.04333327 -0.000356992
133 15.151855469 0 0 -0.014253035 -0.012535165 -0.097491689
134 11.149967194 0 -0.000015259 -0.005482792 0.003332222 -0.076332058
135 5.893127441 15.939212799 -12.477539063 3.114455902 -0.047575236 0.415058272
136 15.606674194 0 0.000024796 -0.005963524 0.087687195 -0.013826559
137 15.853744507 0.000003815 -0.000011444 -0.000181262 0.070560695 0.107490242
138 15.151847839 0 -0.000001907 0.031808801 0.083908708 -0.00376241
139 11.14995575 0.000007629 -0.000011444 -0.000737079 -0.044507312 -0.067772002
140 5.893135071 -17.075361252 -12.477552414 1.495996792 -0.068189583 3.008001698
141 -15.606666565 -0.000003815 0.000007629 0.026958974 0.044366942 -0.061926385
142 -15.853736877 0 -0.000011444 0.033383185 -0.044962869 -0.006277142
143 -15.15184021 -0.000003815 0 0.018320195 -0.013223686 -0.10384064
144 -11.149944305 -0.000003815 -0.000007629 0.001447681 0.002514634 -0.015708007
145 4.260475159 20.773918152 -3.218482971 0.049970132 0.167237822 -2.849349719
146 -15.606689453 0 0 0.014236511 0.043897403 0.03096433
147 -15.853752136 0.000007629 -0.000000238 0.008241092 0.071799664 -0.066482849
148 -15.151847839 0 0 0.001177984 0.04418208 0.053302769
149 -11.149944305 0.000007629 -0.000000238 -0.000461943 -0.045282937 -0.074949232
150 7.528274536 -8.043749809 -1.232801437 0.006387657 -0.223004999 -0.029118256
151 54.911239624 0.649676323 0.176697254 1.570489999 0.067224745 0.030342482
152 61.183170319 -0.000000715 0.000000954 0.174162246 0.013649947 0.001451626
153 -0.364086866 -2.758008003 4.994803905 0 0 0.000244115
154 -0.364086866 -2.758006096 4.994803905 0 0 0.000244115
155 -0.364086866 -2.758006096 4.994803905 0 0 0.000244115
156 -0.364086866 -2.758006096 4.994803905 0 0 0.000244115
157 -0.364086866 -2.758006096 4.994803905 0 0 0.000244115
158 -0.364086866 -2.758006096 4.994803905 0 0 0.000244115
159 -0.364086866 -2.758006096 4.994803905 0 0 0.000244115
160 -0.364086866 -2.758006096 4.994803905 0 0 0.000244115
161 -0.364086866 -2.758006096 4.994803905 0 0 0.000244115
162 -0.498048782 -4.95163393 0.510848999 0 0 0.000244115
163 -0.364086866 -2.758006096 4.994803905 0 0 0.000244115
time 4
0 -0.364086866 -2.758006096 4.994803905 0 0 0.000244115
1 -0.355920285 7.076125033 1.085067987 0.01480704 -1.552873485 -1.569611345
2 130.809036255 0 -0.000000477 0 0 0
3 6.662017822 -0.142129987 2.521339893 2.896086177 -0.127381472 -0.031413443
4 24.360931396 0 0.000011921 -0.112723513 0.253686848 0.014545046
5 24.806396484 -0.00000599 0.765956879 0.360177507 -0.320393059 -0.116213719
6 8.120269775 -0.000001997 0.000003815 -0.129633635 0.002365455 0.023115065
7 8.120315552 -0.000000983 0.000001907 0 -0.880742373 0
8 8.120315552 -0.000000983 0.000001907 0 -1.357954675 0
9 5.115219116 7.517074585 -23.079299927 1.613072156 0.398186341 -0.169008817
10 -13.525115967 0 0 -0.110706848 0.12350093 -0.152491581
11 -11.953033447 -0.000007629 0.000001431 -0.049053038 0.116521124 0.556642383
12 -8.290390015 0 0.000000954 -0.003218279 0.006179878 0.505387636
13 -7.875 0.000038147 -0.000003815 -0.101209869 -0.032725745 0.350212334
14 -8.78578186 0.000045776 -0.000003815 -0.021553965 -0.209177635 0.09681869
15 -8.90372467 0.000015259 0.000003815 0.03164029 0.029621151 0.071539001
16 5.903457642 12.714836121 -17.693172455 1.482460805 0.396439159 -0.187509908
17 -13.525131226 -0.000007629 0.000007629 -0.105833911 0.109299452 -0.12706247
18 -11.953033447 -0.000015259 -0.000003815 -0.031444651 -0.047993438 0.59257728
19 -8.290374756 0 0 -0.008416427 -0.027966111 0.673324566
20 -7.875 0.000038147 -0.000003815 -0.062699269 -0.02339646 0.313613568
21 -8.78578949 0.000030518 0.000003815 0.063650115 -0.04818868 0.069489391
22 -8.903709412 0 0 -0.027872587 0.026306926 0.047379792
23 5.115219116 -7.603518486 -23.079322815 -1.673559075 -0.286552969 -3.04448483
24 13.525115967 0.000007629 0 0.13725765 -0.10653842 -0.17944153
25 11.95300293 0.000007629 0.000003815 0.186850687 -0.139680674 0.429806398
26 8.290374756 0.000015259 -0.000007629 0.218646075 0.024765999 0.381259619
27 7.875 -0.000030518 0.000001907 0.288204904 0.33165771 0.306722727
28 8.785774231 -0.000038147 0.000003815 0.382644703 0.420164597 0.062433925
29 8.903736115 -0.000007629 -0.000007629 0.005865533 0.216043467 0.109305336
30 5.903442383 -12.801283836 -17.693199158 -1.71741372 -0.179403597 -2.914019408
31 13.525100708 0 0 0.0624638 -0.036416789 -0.194743223
32 11.953033447 0.000015259 0 0.155272138 -0.083866236 0.34483584
33 8.290405273 0 0 0.188922552 0.085672033 0.492219694
34 7.875 -0.000030518 -0.000001907 0.201478019 0.324633966 0.288087837
35 8.78578949 -0.000045776 0.000007629 0.370859844 0.461178019 0.182954503
36 8.903720856 0.000007629 0.000007629 -0.016319822 0.199755869 0.040615865
37 4.435455322 0.000127017 -25.179950714 3.048755376 -0.094696644 3.046124726
38 14.171005249 0.000021935 1.280700684 0.064962668 0.08809359 -0.24779342
39 10.9765625 0.000020981 0.352539063 0.253709728 -0.472812485 -0.412860062
40 8.120269775 -0.000003815 -0.000007629 0.138975572 -0.495588916 0.052893235
41 8.120262146 0.000001907 -0.000015259 0.179666726 -0.292645904 0.391064886
42 8.120330811 0.000001907 -0.000015259 0.377216717 0.27371327 0.470683727
43 8.120323181 -0.000007629 0.000061035 -0.038265452 -0.034959253 0.087905864
44 7.146957397 16.179790497 -9.195613861 1.493462323 0.461002985 -0.171826754
45 -13.525131226 -0.000003815 0.000007629 -0.039222349 -0.094431863 -0.116970637
46 -11.953033447 -0.000007629 0.000007629 0.053911225 -0.202867918 0.489411378
47 -8.290374756 0 0 0.085777209 -0.043181376 0.694380486
48 -7.875 0.000022888 -0.000007629 0.084955343 0.067240664 0.402460637
49 -8.785785675 0.000030518 0.000007629 0.253179347 0.164655014 0.090422907
50 -8.903709412 0 0 -0.048838412 0.096190773 -0.176059371
51 7.147003174 -16.266246796 -9.19562149 -1.711157017 -0.222725572 -2.850979673
52 13.525115967 0 0 -0.002256749 -0.083581388 -0.13633835
53 11.953033447 0.000011444 0 0.115874846 0.046937798 0.2645703
54 8.290420532 0.000003815 -0.000007629 0.155240868 0.18274325 0.461261257
55 7.875 -0.000030518 0 0.141641883 0.340690182 0.350968779
56 8.78578949 -0.000045776 0.000011444 0.318828071 0.506192499 0.209970314
57 8.903720856 -0.000007629 0.000007629 -0.021145685 0.21561027 0.043733044
58 -5.36730957 8.366906166 8.703117371 1.683376332 -0.882534283 -3.051206654
59 13.525100708 0.000007629 -0.000003815 -0.294796652 0.025796171 -0.029052018
60 -3.441879272 -10.792385101 9.377006531 1.615433269 -0.938914634 -2.918563514
61 13.525123596 0 -0.000007629 -0.283487902 0.176171401 -0.369823919
62 11.953048706 0.000007629 0 0.242482812 -0.056286098 -0.290611838
63 8.290390015 0 0 0.063775378 -0.068394406 0.055548107
64 7.875 -0.000030518 -0.000001907 -0.047204417 -0.142339804 -0.070313209
65 19.39491272 -14.052383423 -0.467086792 0.865905533 -0.434774974 -2.679497425
66 26.240753174 0.000007629 0.000003815 0.604274274 -0.744044976 -0.453905848
67 31.970985413 0.000003815 0.000003815 -0.181784059 0.010929512 -0.016077899
68 4.627243042 -2.311290741 4.185634613 -0.024611287 -0.558422955 -0.444239217
69 2.980110168 -0.000004292 -0.000003815 -0.044814452 -0.161464923 0.279695347
70 1.982421875 0.000013351 0 0 0 0.079605056
71 10.844871521 -1.281562805 -1.331680298 -0.01459063 -0.011794345 -0.44466852
72 3.98828125 -0.000008106 0.000038147 0.141909771 0.044574751 -0.24562826
73 2.26953125 -0.000005722 -0.000009537 0.18105451 0.052639246 -0.179635609
74 10.908843994 -1.237384796 0.82958889 -0.013197125 -0.016788242 -0.444561139
75 3.989433289 -0.00001049 0.000038147 0.083518595 0.042893344 -0.181050409
76 3.478294373 -0.000009537 -0.000015259 -0.110527357 0.005560805 -0.282723353
77 10.291893005 -1.202156067 -3.344138145 -0.011976631 -0.027362076 -0.479207941
78 2.757148743 -0.000003815 0.000024796 0.122977527 0.062475046 -0.242323602
79 1.775390625 -0.000009537 -0.000006676 0.631145005 0.121045445 -0.295790883
80 10.971855164 -1.193920135 2.957342148 -0.019549258 0.004207118 -0.487918004
81 3.82421875 -0.000000834 0.000034332 -0.000540752 0.00220531 -0.175621943
82 2.94140625 -0.000007629 -0.000014305 -0.004010348 0.016569113 -0.333038093
83 -0.000015259 0.000007629 0.000001907 0.307157754 0.227460829 -0.699742808
84 19.39491272 13.160593033 -0.467075348 -2.964692032 -0.159860729 -1.119783472
85 -26.240753174 -0.000003815 -0.000003815 -0.167733687 -0.00609575 0.250197604
86 -31.971000671 0.000015259 0 -1.231404718 0.284988696 -0.264579514
87 -11.614601135 3.933105469 0.069384575 -1.578444876 1.529198549 -2.544968004
88 -10.484527588 1.069198608 3.539872169 -3.131584703 0.028220486 2.411526648
89 2.757156372 0.000002265 0.000026703 -0.011712134 0.035128624 1.019560794
90 1.775390625 0.000007629 -0.000023842 -0.261071927 -0.262843666 1.059935836
91 -11.046470642 1.142402649 1.529694557 -3.130487012 0.018259081 2.114134707
92 3.98828125 0 0.000038147 0.004872241 -0.009924216 1.610032301
93 2.26953125 0.000007629 0.000000954 -0.076539319 -0.095407065 1.438172442
94 -11.192642212 1.041526794 -2.758434296 -3.116629264 0.004012045 2.226905852
95 3.82421875 0.000038147 0.000051498 0.00053161 0.002187187 1.610324685
96 8.785797119 -0.00003624 -0.000001907 0.08229373 0.071373082 -0.580233542
97 2.94140625 0.000007629 -0.000011444 -0.004550553 0.006091757 1.767588569
98 -11.120124817 1.091545105 -0.631118774 -3.132136147 0.020772815 2.221577138
99 3.98941803 0.000001907 0.000052452 0.021444626 0.041947477 1.751021405
100 3.478290558 0.000022888 -0.00001049 -0.001306817 0.004312204 1.848998194
101 -4.853614807 2.155082703 -4.018517494 3.123057975 0.125574955 2.46129872
102 2.980110168 -0.00000906 0.000011921 0.038574713 -0.163808097 -0.240289671
103 1.982421875 -0.000009537 0.000034332 0 0 -0.040571652
104 0.000015259 -0.000007629 -0.000003815 -0.01786834 -0.032037725 -0.918099438
105 7.08984375 0 -0.000000477 3.141592654 -0.174494795 3.141592654
106 7.528259277 8.168075562 -1.23279953 -3.132616267 0.186594761 -3.108674341
107 -54.911224365 -0.64967823 -0.176695824 1.568024748 0.098597109 0.026996684
108 -61.183189392 0.000000954 0 0.173988939 0.013650073 0.001450443
109 8.588684082 0 1.514415741 0 0 0
110 4.260505676 -21.349506378 -3.218473434 0.049970132 -0.167237822 -0.292242966
111 15.606681824 0 -0.000012159 -0.031397062 -0.088908273 -0.055902715
112 15.853744507 0.000003815 -0.000006199 -0.006857589 -0.071468809 -0.112963121
113 15.151851654 -0.000007629 0.000000954 -0.0232135 -0.055860438 -0.022236346
114 11.14995575 0.000007629 -0.000005722 -0.026070228 0.068229696 -0.075015923
115 1.725082397 -0.142127991 11.160655975 -1.570455147 -0.466373298 -0.000081036
116 15.606681824 0 0 -0.020706778 0.004181634 -0.071619139
117 15.853729248 0 0 0.002570563 0.005406446 -0.104138567
118 15.151863098 0 0 -0.010866588 0.003499244 -0.087400772
119 11.149963379 -0.000003815 -0.000000238 0.001050352 0.017631666 -0.03754219
120 6.678688049 -0.142132998 -16.932613373 1.574615585 -0.262101657 3.141089251
121 -15.606689453 0.000003815 0.00000003 0.022229136 -0.000824063 -0.073485771
122 -15.853759766 0 0.00000596 -0.002559898 0.000435537 -0.201285728
123 -15.151855469 -0.000007629 0 0.017317666 -0.000439355 -0.209106255
124 -11.149951935 0.000003815 0.000006199 0.000733419 0.006972358 0.0617292
125 2.507644653 15.93921566 6.722552299 -1.59590323 0.413815314 -2.99590908
126 -15.606674194 -0.000003815 0 0.038224281 0.041834848 0.075943146
127 -15.853752136 0.000007629 0.000009537 0.002597783 -0.046890356 0.132569009
128 -15.151847839 -0.000003815 0.000011444 0.000881182 -0.011565152 -0.003112555
129 -11.149963379 0 -0.000003815 0.058832974 0.000064527 -0.078514151
130 2.507621765 -17.075353622 6.722564697 -1.59590323 -0.413815314 -0.145683558
131 15.606666565 0 0 -0.024672744 0.051524958 -0.105082787
132 15.853744507 0 0.000003815 0.031975126 -0.0404852 -0.00574179
133 15.151855469 0 0 -0.011241981 -0.009350652 -0.110059852
134 11.149967194 0 -0.000015259 -0.003581703 0.007018377 -0.085060852
135 5.893127441 15.939212799 -12.477539063 -3.1254999 -0.010574608 0.448299769
136 15.606674194 0 0.000024796 -0.004936582 0.136114582 -0.01149728
137 15.853744507 0.000003815 -0.000011444 -0.039575968 0.095891983 0.103944095
138 15.151847839 0 -0.000001907 0.02216088 0.126453202 0.008495674
139 11.14995575 0.000007629 -0.000011444 0.00473677 -0.071707389 -0.07178801
140 5.893135071 -17.075361252 -12.477552414 1.495996792 -0.068189583 3.008001698
141 -15.606666565 -0.000003815 0.000007629 0.023813809 0.04648046 -0.106221012
142 -15.853736877 0 -0.000011444 0.028732757 -0.043817112 -0.014876907
143 -15.15184021 -0.000003815 0 0.01745707 -0.011127157 -0.122058465
144 -11.149944305 -0.000003815 -0.000007629 0.007101547 0.004015556 0.011667176
145 4.260475159 20.773918152 -3.218482971 0.049970132 0.167237822 -2.849349719
146 -15.606689453 0 0 0.01331653 0.093156111 0.029829138
147 -15.853752136 0.000007629 -0.000000238 0.006961056 0.081610281 -0.066593483
148 -15.151847839 0 0 -0.000742418 0.06332255 0.05292137
149 -11.149944305 0.000007629 -0.000000238 -0.001154961 -0.073129854 -0.072355385
150 7.528274536 -8.043749809 -1.232801437 0.007246038 -0.249333099 -0.029355537
151 54.911239624 0.649676323 0.176697254 1.570556759 0.060933122 0.03028135
152 61.183170319 -0.000000715 0.000000954 0.174162246 0.013649947 0.001451626
153 -0.364086866 -2.758008003 4.994803905 0 0 0.000244115
154 -0.364086866 -2.758006096 4.994803905 0 0 0.000244115
155 -0.364086866 -2.758006096 4.994803905 0 0 0.000244115
156 -0.364086866 -2.758006096 4.994803905 0 0 0.000244115
157 -0.364086866 -2.758006096 4.994803905 0 0 0.000244115
158 -0.364086866 -2.758006096 4.994803905 0 0 0.000244115
159 -0.364086866 -2.758006096 4.994803905 0 0 0.000244115
160 -0.364086866 -2.758006096 4.994803905 0 0 0.000244115
161 -0.364086866 -2.758006096 4.994803905 0 0 0.000244115
162 -0.498048782 -4.95163393 0.510848999 0 0 0.000244115
163 -0.364086866 -2.758006096 4.994803905 0 0 0.000244115
time 5
0 -0.364086866 -2.758006096 4.994803905 0 0 0.000244115
1 -0.355920494 11.762613552 1.085067987 0.02343322 -1.54425679 -1.570362134
2 130.809036255 0 -0.000000477 0 0 0
3 6.662017822 -0.142129987 2.521339893 2.816987667 -0.168473091 -0.041525906
4 24.360931396 0 0.000011921 -0.14903894 0.263478441 0.021078933
5 24.806396484 -0.00000599 0.765956879 0.476284012 -0.305002006 -0.153631599
6 8.120269775 -0.000001997 0.000003815 -0.193185463 0.003596447 0.034428448
7 8.120315552 -0.000000983 0.000001907 0 -0.880742373 0
8 8.120315552 -0.000000983 0.000001907 0 -1.357954675 0
9 5.115219116 7.517074585 -23.079299927 1.674039426 0.445552943 -0.162838508
10 -13.525115967 0 0 -0.107534395 0.071405855 -0.308013486
11 -11.953033447 -0.000007629 0.000001431 -0.064554303 0.097294771 0.388088176
12 -8.290390015 0 0.000000954 0.012581635 0.044372442 0.616157781
13 -7.875 0.000038147 -0.000003815 -0.084810249 0.030548084 0.543455111
14 -8.78578186 0.000045776 -0.000003815 -0.027585317 -0.156920587 0.239901907
15 -8.90372467 0.000015259 0.000003815 0.030521442 0.026249294 0.074405956
16 5.903457642 12.714836121 -17.693172455 1.546267242 0.449178408 -0.169957241
17 -13.525131226 -0.000007629 0.000007629 -0.103770768 0.092311921 -0.294106402
18 -11.953033447 -0.000015259 -0.000003815 -0.014491457 -0.036498627 0.406752182
19 -8.290374756 0 0 -0.012461872 -0.016745736 0.769507357
20 -7.875 0.000038147 -0.000003815 -0.067763615 -0.010869704 0.527148277
21 -8.78578949 0.000030518 0.000003815 0.058922423 -0.043287259 0.242558111
22 -8.903709412 0 0 -0.029491698 0.022577539 0.049485538
23 5.115219116 -7.603518486 -23.079322815 -1.728063109 -0.314232263 -3.04775121
24 13.525115967 0.000007629 0 0.133196497 -0.061758176 -0.302699172
25 11.95300293 0.000007629 0.000003815 0.204437333 -0.130361608 0.335754656
26 8.290374756 0.000015259 -0.000007629 0.223595263 -0.00340772 0.501170903
27 7.875 -0.000030518 0.000001907 0.288842977 0.294863997 0.448951181
28 8.785774231 -0.000038147 0.000003815 0.403025707 0.391982173 0.142737898
29 8.903736115 -0.000007629 -0.000007629 0.014202099 0.228025672 0.12917006
30 5.903442383 -12.801283836 -17.693199158 -1.767318267 -0.197295131 -2.911975606
31 13.525100708 0 0 0.05100894 -0.005238946 -0.302455419
32 11.953033447 0.000015259 0 0.161539633 -0.071159941 0.277763431
33 8.290405273 0 0 0.176780921 0.061883517 0.581357155
34 7.875 -0.000030518 -0.000001907 0.191476384 0.285520653 0.403145099
35 8.78578949 -0.000045776 0.000007629 0.380759384 0.425191439 0.239381022
36 8.903720856 0.000007629 0.000007629 -0.014078754 0.203975291 0.042207761
37 4.435455322 0.000127017 -25.179950714 2.993507525 -0.160647278 3.025717413
38 14.171005249 0.000021935 1.280700684 0.059263447 0.249393432 -0.164141422
39 10.9765625 0.000020981 0.352539063 0.288823692 -0.414305345 -0.442396463
40 8.120269775 -0.000003815 -0.000007629 0.218001915 -0.687078842 -0.113365891
41 8.120262146 0.000001907 -0.000015259 0.189516562 -0.468700494 0.294830352
42 8.120330811 0.000001907 -0.000015259 0.374248919 0.1476244 0.478099162
43 8.120323181 -0.000007629 0.000061035 -0.037934789 -0.03731625 0.092181633
44 7.146957397 16.179790497 -9.195613861 1.563212636 0.509292006 -0.137740557
45 -13.525131226 -0.000003815 0.000007629 -0.008396691 -0.064949045 -0.273837208
46 -11.953033447 -0.000007629 0.000007629 0.114578112 -0.151813131 0.299789783
47 -8.290374756 0 0 0.070648364 -0.036115071 0.739908699
48 -7.875 0.000022888 -0.000007629 0.05585514 0.05902486 0.590202765
49 -8.785785675 0.000030518 0.000007629 0.239955528 0.147806253 0.26896766
50 -8.903709412 0 0 -0.049237973 0.0913487 -0.173511039
51 7.147003174 -16.266246796 -9.19562149 -1.759666483 -0.225674372 -2.834112422
52 13.525115967 0 0 -0.008008747 -0.067435216 -0.233277148
53 11.953033447 0.000011444 0 0.109054775 0.053378118 0.201095233
54 8.290420532 0.000003815 -0.000007629 0.132661599 0.16990916 0.513435645
55 7.875 -0.000030518 0 0.120949144 0.31985077 0.425841481
56 8.78578949 -0.000045776 0.000011444 0.29774817 0.477635597 0.251162415
57 8.903720856 -0.000007629 0.000007629 -0.019864292 0.21969012 0.045925529
58 -5.36730957 8.366906166 8.703117371 1.614302043 -0.88002017 -3.018370247
59 13.525100708 0.000007629 -0.000003815 -0.294796652 0.025796171 -0.029052018
60 -3.441879272 -10.792385101 9.377006531 1.548003366 -0.925858523 -2.882703204
61 13.525123596 0 -0.000007629 -0.296222829 0.202593477 -0.365463484
62 11.953048706 0.000007629 0 0.245420694 -0.032281983 -0.253746474
63 8.290390015 0 0 0.065410395 -0.033537629 0.099918026
64 7.875 -0.000030518 -0.000001907 -0.05332631 -0.109936832 -0.042988921
65 19.39491272 -14.052383423 -0.467086792 0.831185675 -0.631317969 -2.606923218
66 26.240753174 0.000007629 0.000003815 0.894352726 -0.966844201 -0.593655246
67 31.970985413 0.000003815 0.000003815 -0.175136301 0.005977149 0.020704681
68 4.627243042 -2.311290741 4.185634613 -0.024611287 -0.558422955 -0.444239217
69 2.980110168 -0.000004292 -0.000003815 -0.044814452 -0.161464923 0.279695347
70 1.982421875 0.000013351 0 0 0 0.079605056
71 10.844871521 -1.281562805 -1.331680298 -0.01459063 -0.011794345 -0.44466852
72 3.98828125 -0.000008106 0.000038147 0.141909771 0.044574751 -0.24562826
73 2.26953125 -0.000005722 -0.000009537 0.18105451 0.052639246 -0.179635609
74 10.908843994 -1.237384796 0.82958889 -0.013197125 -0.016788242 -0.444561139
75 3.989433289 -0.00001049 0.000038147 0.083518595 0.042893344 -0.181050409
76 3.478294373 -0.000009537 -0.000015259 -0.110527357 0.005560805 -0.282723353
77 10.291893005 -1.202156067 -3.344138145 -0.011976631 -0.027362076 -0.479207941
78 2.757148743 -0.000003815 0.000024796 0.122977527 0.062475046 -0.242323602
79 1.775390625 -0.000009537 -0.000006676 0.631145005 0.121045445 -0.295790883
80 10.971855164 -1.193920135 2.957342148 -0.019549258 0.004207118 -0.487918004
81 3.82421875 -0.000000834 0.000034332 -0.000540752 0.00220531 -0.175621943
82 2.94140625 -0.000007629 -0.000014305 -0.004010348 0.016569113 -0.333038093
83 -0.000015259 0.000007629 0.000001907 0.277590525 0.245200965 -0.722353238
84 19.39491272 13.160593033 -0.467075348 -3.135276109 -0.124531466 -1.374098257
85 -26.240753174 -0.000003815 -0.000003815 -0.171492819 -0.022085959 0.292121275
86 -31.971000671 0.000015259 0 -1.398042504 0.303143341 -0.29330425
87 -11.614601135 3.933105469 0.069384575 -1.578444876 1.529198549 -2.544968004
88 -10.484527588 1.069198608 3.539872169 -3.131584703 0.028220486 2.411526648
89 2.757156372 0.000002265 0.000026703 -0.011712134 0.035128624 1.019560794
90 1.775390625 0.000007629 -0.000023842 -0.261071927 -0.262843666 1.059935836
91 -11.046470642 1.142402649 1.529694557 -3.130487012 0.018259081 2.114134707
92 3.98828125 0 0.000038147 0.004872241 -0.009924216 1.610032301
93 2.26953125 0.000007629 0.000000954 -0.076539319 -0.095407065 1.438172442
94 -11.192642212 1.041526794 -2.758434296 -3.116629264 0.004012045 2.226905852
95 3.82421875 0.000038147 0.000051498 0.00053161 0.002187187 1.610324685
96 8.785797119 -0.00003624 -0.000001907 0.08229373 0.071373082 -0.580233542
97 2.94140625 0.000007629 -0.000011444 -0.004550553 0.006091757 1.767588569
98 -11.120124817 1.091545105 -0.631118774 -3.132136147 0.020772815 2.221577138
99 3.98941803 0.000001907 0.000052452 0.021444626 0.041947477 1.751021405
100 3.478290558 0.000022888 -0.00001049 -0.001306817 0.004312204 1.848998194
101 -4.853614807 2.155082703 -4.018517494 3.123057975 0.125574955 2.46129872
102 2.980110168 -0.00000906 0.000011921 0.038574713 -0.163808097 -0.240289671
103 1.982421875 -0.000009537 0.000034332 0 0 -0.040571652
104 0.000015259 -0.000007629 -0.000003815 -0.01786834 -0.032037725 -0.918099438
105 7.08984375 0 -0.000000477 3.141592654 -0.174494795 3.141592654
106 7.528259277 8.168075562 -1.23279953 -3.130670275 0.192539491 -3.106628912
107 -54.911224365 -0.64967823 -0.176695824 1.566712592 0.108267717 0.025329589
108 -61.183189392 0.000000954 0 0.173988939 0.013650073 0.001450443
109 8.588684082 0 1.514415741 0 0 0
110 4.260505676 -21.349506378 -3.218473434 0.049970132 -0.167237822 -0.292242966
111 15.606681824 0 -0.000012159 -0.028582753 -0.1240369 -0.056615209
112 15.853744507 0.000003815 -0.000006199 -0.002367603 -0.070784745 -0.113814566
113 15.151851654 -0.000007629 0.000000954 -0.021677556 -0.066909703 -0.023285955
114 11.14995575 0.000007629 -0.000005722 -0.036396512 0.09606092 -0.073502536
115 1.725082397 -0.142127991 11.160655975 -1.570455147 -0.466373298 -0.000081036
116 15.606681824 0 0 -0.019458642 0.006555346 -0.108017807
117 15.853729248 0 0 0.007269007 0.007992316 -0.106019144
118 15.151863098 0 0 -0.009138672 0.006548763 -0.098731577
119 11.149963379 -0.000003815 -0.000000238 0.001449921 0.023345484 -0.045910755
120 6.678688049 -0.142132998 -16.932613373 1.57612997 -0.310201404 3.140882253
121 -15.606689453 0.000003815 0.00000003 0.020646015 0.000294793 -0.112187205
122 -15.853759766 0 0.00000596 -0.008990075 0.001315899 -0.208495138
123 -15.151855469 -0.000007629 0 0.014772942 0.001499813 -0.237231928
124 -11.149951935 0.000003815 0.000006199 0.000943062 0.009288868 0.09136025
125 2.507644653 15.93921566 6.722552299 -1.59590323 0.413815314 -2.99590908
126 -15.606674194 -0.000003815 0 0.037743761 0.041242533 0.114909424
127 -15.853752136 0.000007629 0.000009537 -0.001506748 -0.045235445 0.135257382
128 -15.151847839 -0.000003815 0.000011444 -0.001685133 -0.009486982 0.00950298
129 -11.149963379 0 -0.000003815 0.081834023 0.000093238 -0.084596286
130 2.507621765 -17.075353622 6.722564697 -1.59590323 -0.413815314 -0.145683558
131 15.606666565 0 0 -0.024037157 0.055264997 -0.139723124
132 15.853744507 0 0.000003815 0.037406747 -0.03805415 -0.005720068
133 15.151855469 0 0 -0.008466775 -0.005871233 -0.120288519
134 11.149967194 0 -0.000015259 -0.001879788 0.012528434 -0.093096694
135 5.893127441 15.939212799 -12.477539063 -3.079932853 0.028067527 0.481797162
136 15.606674194 0 0.000024796 -0.003898855 0.174997906 -0.009873379
137 15.853744507 0.000003815 -0.000011444 -0.076208229 0.108566798 0.094947779
138 15.151847839 0 -0.000001907 0.008326647 0.158172597 0.010011457
139 11.14995575 0.000007629 -0.000011444 0.011245627 -0.100595638 -0.075602704
140 5.893135071 -17.075361252 -12.477552414 1.495996792 -0.068189583 3.008001698
141 -15.606666565 -0.000003815 0.000007629 0.021218273 0.048588741 -0.141818145
142 -15.853736877 0 -0.000011444 0.022277163 -0.043679896 -0.015855779
143 -15.15184021 -0.000003815 0 0.015805085 -0.009736858 -0.136223117
144 -11.149944305 -0.000003815 -0.000007629 0.012283101 0.005360338 0.040950825
145 4.260475159 20.773918152 -3.218482971 0.049970132 0.167237822 -2.849349719
146 -15.606689453 0 0 0.012579837 0.132512861 0.029210387
147 -15.853752136 0.000007629 -0.000000238 0.004307215 0.08524072 -0.067217483
148 -15.151847839 0 0 -0.001902176 0.079767769 0.051934017
149 -11.149944305 0.000007629 -0.000000238 -0.002195847 -0.102815361 -0.069910412
150 7.528274536 -8.043749809 -1.232801437 0.007980601 -0.273440878 -0.029503462
151 54.911239624 0.649676323 0.176697254 1.570542001 0.05507083 0.03027907
152 61.183170319 -0.000000715 0.000000954 0.174162246 0.013649947 0.001451626
153 -0.364086866 -2.758008003 4.994803905 0 0 0.000244115
154 -0.364086866 -2.758006096 4.994803905 0 0 0.000244115
155 -0.364086866 -2.758006096 4.994803905 0 0 0.000244115
156 -0.364086866 -2.758006096 4.994803905 0 0 0.000244115
157 -0.364086866 -2.758006096 4.994803905 0 0 0.000244115
158 -0.364086866 -2.758006096 4.994803905 0 0 0.000244115
159 -0.364086866 -2.758006096 4.994803905 0 0 0.000244115
160 -0.364086866 -2.758006096 4.994803905 0 0 0.000244115
161 -0.364086866 -2.758006096 4.994803905 0 0 0.000244115
162 -0.498048782 -4.95163393 0.510848999 0 0 0.000244115
163 -0.364086866 -2.758006096 4.994803905 0 0 0.000244115
time 6
0 -0.364086866 -2.758006096 4.994803905 0 0 0.000244115
1 -0.355920643 15.190047911 1.085067987 0.033187912 -1.534520659 -1.571262553
2 130.809036255 0 -0.000000477 0 0 0
3 6.662017822 -0.142129987 2.521339893 2.759149268 -0.198502256 -0.049021251
4 24.360931396 0 0.000011921 -0.17556411 0.270687167 0.027891916
5 24.806396484 -0.00000599 0.765956879 0.56109542 -0.293687256 -0.181028027
6 8.120269775 -0.000001997 0.000003815 -0.264599313 0.004980473 0.047234672
7 8.120315552 -0.000000983 0.000001907 0 -0.880742373 0
8 8.120315552 -0.000000983 0.000001907 0 -1.357954675 0
9 5.115219116 7.517074585 -23.079299927 1.732648283 0.404365613 -0.165895498
10 -13.525115967 0 0 -0.08960923 0.030609829 -0.448209278
11 -11.953033447 -0.000007629 0.000001431 -0.074042475 0.067086818 0.150288482
12 -8.290390015 0 0.000000954 0.024683104 0.073462976 0.578953382
13 -7.875 0.000038147 -0.000003815 -0.068120125 0.088284282 0.697471163
14 -8.78578186 0.000045776 -0.000003815 -0.020907069 -0.103360807 0.418483226
15 -8.90372467 0.000015259 0.000003815 0.02876298 0.023918858 0.078926226
16 5.903457642 12.714836121 -17.693172455 1.604921814 0.415857605 -0.163824759
17 -13.525131226 -0.000007629 0.000007629 -0.091702195 0.082127557 -0.440322048
18 -11.953033447 -0.000015259 -0.000003815 0.001065016 -0.018793515 0.162797718
19 -8.290374756 0 0 -0.005201931 0.004809873 0.71793022
20 -7.875 0.000038147 -0.000003815 -0.076311336 0.008177852 0.688090048
21 -8.78578949 0.000030518 0.000003815 0.048170724 -0.040218881 0.439385328
22 -8.903709412 0 0 -0.032203154 0.019934098 0.05269318
23 5.115219116 -7.603518486 -23.079322815 -1.784238874 -0.248697903 -3.064209479
24 13.525115967 0.000007629 0 0.116359017 -0.019991553 -0.429504985
25 11.95300293 0.000007629 0.000003815 0.217528432 -0.111075156 0.144463971
26 8.290374756 0.000015259 -0.000007629 0.224744147 -0.039988512 0.51774001
27 7.875 -0.000030518 0.000001907 0.28785518 0.273334601 0.594982971
28 8.785774231 -0.000038147 0.000003815 0.416400785 0.376893092 0.276660618
29 8.903736115 -0.000007629 -0.000007629 0.020240051 0.236670024 0.143609525
30 5.903442383 -12.801283836 -17.693199158 -1.820172758 -0.121218271 -2.926323913
31 13.525100708 0 0 0.031749349 0.025824022 -0.419492537
32 11.953033447 0.000015259 0 0.164691631 -0.047787667 0.111169779
33 8.290405273 0 0 0.157562218 0.039228157 0.589350866
34 7.875 -0.000030518 -0.000001907 0.17317534 0.258236524 0.526616106
35 8.78578949 -0.000045776 0.000007629 0.382672769 0.391945636 0.346398892
36 8.903720856 0.000007629 0.000007629 -0.011474044 0.208191722 0.044716106
37 4.435455322 0.000127017 -25.179950714 2.935157589 -0.122340397 3.000943531
38 14.171005249 0.000021935 1.280700684 0.053869099 0.408826648 -0.073775323
39 10.9765625 0.000020981 0.352539063 0.243013304 -0.186260972 -0.360902009
40 8.120269775 -0.000003815 -0.000007629 0.322106215 -0.758403293 -0.2963262
41 8.120262146 0.000001907 -0.000015259 0.202985002 -0.676146104 0.171940964
42 8.120330811 0.000001907 -0.000015259 0.313154291 -0.067618186 0.43130645
43 8.120323181 -0.000007629 0.000061035 -0.037558467 -0.040822558 0.095268817
44 7.146957397 16.179790497 -9.195613861 1.623093737 0.481250497 -0.118964183
45 -13.525131226 -0.000003815 0.000007629 0.010328093 -0.045290381 -0.40745857
46 -11.953033447 -0.000007629 0.000007629 0.152789058 -0.093991869 0.083135263
47 -8.290374756 0 0 0.076300392 -0.012668578 0.654075429
48 -7.875 0.000022888 -0.000007629 0.02550716 0.068541226 0.712307025
49 -8.785785675 0.000030518 0.000007629 0.207708839 0.137536688 0.448701001
50 -8.903709412 0 0 -0.050149715 0.087788236 -0.169981991
51 7.147003174 -16.266246796 -9.19562149 -1.808327617 -0.142309768 -2.834685534
52 13.525115967 0 0 -0.026451918 -0.054824653 -0.335313142
53 11.953033447 0.000011444 0 0.100703221 0.06955767 0.059552092
54 8.290420532 0.000003815 -0.000007629 0.103662666 0.162743648 0.498990915
55 7.875 -0.000030518 0 0.0899085 0.306726732 0.505555951
56 8.78578949 -0.000045776 0.000011444 0.272854753 0.45204782 0.325500479
57 8.903720856 -0.000007629 0.000007629 -0.018958076 0.223532859 0.049387374
58 -5.36730957 8.366906166 8.703117371 1.55602212 -0.861692111 -2.999676218
59 13.525100708 0.000007629 -0.000003815 -0.294796652 0.025796171 -0.029052018
60 -3.441879272 -10.792385101 9.377006531 1.490137086 -0.897208117 -2.860661853
61 13.525123596 0 -0.000007629 -0.32473817 0.230838887 -0.380887912
62 11.953048706 0.000007629 0 0.250946824 -0.007326271 -0.233918161
63 8.290390015 0 0 0.069916954 -0.005118603 0.151025757
64 7.875 -0.000030518 -0.000001907 -0.055436775 -0.08065767 0.009928891
65 19.39491272 -14.052383423 -0.467086792 0.763382328 -0.780694086 -2.512639418
66 26.240753174 0.000007629 0.000003815 1.106496242 -1.129659233 -0.695402711
67 31.970985413 0.000003815 0.000003815 -0.167717639 0.000460581 0.062165288
68 4.627243042 -2.311290741 4.185634613 -0.024611287 -0.558422955 -0.444239217
69 2.980110168 -0.000004292 -0.000003815 -0.044814452 -0.161464923 0.279695347
70 1.982421875 0.000013351 0 0 0 0.079605056
71 10.844871521 -1.281562805 -1.331680298 -0.01459063 -0.011794345 -0.44466852
72 3.98828125 -0.000008106 0.000038147 0.141909771 0.044574751 -0.24562826
73 2.26953125 -0.000005722 -0.000009537 0.18105451 0.052639246 -0.179635609
74 10.908843994 -1.237384796 0.82958889 -0.013197125 -0.016788242 -0.444561139
75 3.989433289 -0.00001049 0.000038147 0.083518595 0.042893344 -0.181050409
76 3.478294373 -0.000009537 -0.000015259 -0.110527357 0.005560805 -0.282723353
77 10.291893005 -1.202156067 -3.344138145 -0.011976631 -0.027362076 -0.479207941
78 2.757148743 -0.000003815 0.000024796 0.122977527 0.062475046 -0.242323602
79 1.775390625 -0.000009537 -0.000006676 0.631145005 0.121045445 -0.295790883
80 10.971855164 -1.193920135 2.957342148 -0.019549258 0.004207118 -0.487918004
81 3.82421875 -0.000000834 0.000034332 -0.000540752 0.00220531 -0.175621943
82 2.94140625 -0.000007629 -0.000014305 -0.004010348 0.016569113 -0.333038093
83 -0.000015259 0.000007629 0.000001907 0.256018953 0.257754586 -0.738886123
84 19.39491272 13.160593033 -0.467075348 3.023137893 -0.080649998 -1.560142802
85 -26.240753174 -0.000003815 -0.000003815 -0.174928433 -0.035808475 0.322720461
86 -31.971000671 0.000015259 0 -1.517959693 0.31597747 -0.326759791
87 -11.614601135 3.933105469 0.069384575 -1.578444876 1.529198549 -2.544968004
88 -10.484527588 1.069198608 3.539872169 -3.131584703 0.028220486 2.411526648
89 2.757156372 0.000002265 0.000026703 -0.011712134 0.035128624 1.019560794
90 1.775390625 0.000007629 -0.000023842 -0.261071927 -0.262843666 1.059935836
91 -11.046470642 1.142402649 1.529694557 -3.130487012 0.018259081 2.114134707
92 3.98828125 0 0.000038147 0.004872241 -0.009924216 1.610032301
93 2.26953125 0.000007629 0.000000954 -0.076539319 -0.095407065 1.438172442
94 -11.192642212 1.041526794 -2.758434296 -3.116629264 0.004012045 2.226905852
95 3.82421875 0.000038147 0.000051498 0.00053161 0.002187187 1.610324685
96 8.785797119 -0.00003624 -0.000001907 0.08229373 0.071373082 -0.580233542
97 2.94140625 0.000007629 -0.000011444 -0.004550553 0.006091757 1.767588569
98 -11.120124817 1.091545105 -0.631118774 -3.132136147 0.020772815 2.221577138
99 3.98941803 0.000001907 0.000052452 0.021444626 0.041947477 1.751021405
100 3.478290558 0.000022888 -0.00001049 -0.001306817 0.004312204 1.848998194
101 -4.853614807 2.155082703 -4.018517494 3.123057975 0.125574955 2.46129872
102 2.980110168 -0.00000906 0.000011921 0.038574713 -0.163808097 -0.240289671
103 1.982421875 -0.000009537 0.000034332 0 0 -0.040571652
104 0.000015259 -0.000007629 -0.000003815 -0.01786834 -0.032037725 -0.918099438
105 7.08984375 0 -0.000000477 3.141592654 -0.174494795 3.141592654
106 7.528259277 8.168075562 -1.23279953 -3.128500945 0.199258473 -3.104368074
107 -54.911224365 -0.64967823 -0.176695824 1.565378218 0.11903903 0.02352372
108 -61.183189392 0.000000954 0 0.173988939 0.013650073 0.001450443
109 8.588684082 0 1.514415741 0 0 0
110 4.260505676 -21.349506378 -3.218473434 0.049970132 -0.167237822 -0.292242966
111 15.606681824 0 -0.000012159 -0.023676233 -0.143032399 -0.057421944
112 15.853744507 0.000003815 -0.000006199 0.002545986 -0.059692099 -0.114126767
113 15.151851654 -0.000007629 0.000000954 -0.019321948 -0.072939577 -0.024431716
114 11.14995575 0.000007629 -0.000005722 -0.04609058 0.123081077 -0.072403233
115 1.725082397 -0.142127991 11.160655975 -1.570455147 -0.466373298 -0.000081036
116 15.606681824 0 0 -0.017327257 0.0084849 -0.128693755
117 15.853729248 0 0 0.011590461 0.010173521 -0.100026889
118 15.151863098 0 0 -0.007284582 0.009977789 -0.108505409
119 11.149963379 -0.000003815 -0.000000238 0.00187475 0.027507678 -0.052034034
120 6.678688049 -0.142132998 -16.932613373 1.577497277 -0.354761992 3.140763446
121 -15.606689453 0.000003815 0.00000003 0.018580181 0.001587688 -0.133449454
122 -15.853759766 0 0.00000596 -0.014966966 0.003117676 -0.197063544
123 -15.151855469 -0.000007629 0 0.012043505 0.003857918 -0.249305581
124 -11.149951935 0.000003815 0.000006199 0.00108849 0.010916644 0.120060103
125 2.507644653 15.93921566 6.722552299 -1.59590323 0.413815314 -2.99590908
126 -15.606674194 -0.000003815 0 0.034880135 0.041563323 0.137348273
127 -15.853752136 0.000007629 0.000009537 -0.003053287 -0.044179129 0.130184122
128 -15.151847839 -0.000003815 0.000011444 -0.003960777 -0.007816568 0.019523561
129 -11.149963379 0 -0.000003815 0.100089589 0.000145785 -0.089212833
130 2.507621765 -17.075353622 6.722564697 -1.59590323 -0.413815314 -0.145683558
131 15.606666565 0 0 -0.020749469 0.05819304 -0.158977124
132 15.853744507 0 0.000003815 0.04051909 -0.036932271 0.003223646
133 15.151855469 0 0 -0.006053277 -0.002722751 -0.127828282
134 11.149967194 0 -0.000015259 -0.000658567 0.020277029 -0.098971134
135 5.893127441 15.939212799 -12.477539063 -3.036639726 0.064797595 0.512640923
136 15.606674194 0 0.000024796 -0.003108382 0.197195612 -0.00950175
137 15.853744507 0.000003815 -0.000011444 -0.105014485 0.103391622 0.0865111
138 15.151847839 0 -0.000001907 -0.007891237 0.176946027 0.005799245
139 11.14995575 0.000007629 -0.000011444 0.018370327 -0.128257619 -0.078441803
140 5.893135071 -17.075361252 -12.477552414 1.495996792 -0.068189583 3.008001698
141 -15.606666565 -0.000003815 0.000007629 0.019838848 0.050448275 -0.160973743
142 -15.853736877 0 -0.000011444 0.013747386 -0.044165993 -0.004793314
143 -15.15184021 -0.000003815 0 0.013216022 -0.009259466 -0.143907224
144 -11.149944305 -0.000003815 -0.000007629 0.016112479 0.006350556 0.069379989
145 4.260475159 20.773918152 -3.218482971 0.049970132 0.167237822 -2.849349719
146 -15.606689453 0 0 0.012136383 0.15502291 0.029168062
147 -15.853752136 0.000007629 -0.000000238 0.000182212 0.078274601 -0.068162166
148 -15.151847839 0 0 -0.001910252 0.091432974 0.050811865
149 -11.149944305 0.000007629 -0.000000238 -0.003820578 -0.131416184 -0.068186281
150 7.528274536 -8.043749809 -1.232801437 0.008439209 -0.291134795 -0.029591237
151 54.911239624 0.649676323 0.176697254 1.570486185 0.050797223 0.030276482
152 61.183170319 -0.000000715 0.000000954 0.174162246 0.013649947 0.001451626
153 -0.364086866 -2.758008003 4.994803905 0 0 0.000244115
154 -0.364086866 -2.758006096 4.994803905 0 0 0.000244115
155 -0.364086866 -2.758006096 4.994803905 0 0 0.000244115
156 -0.364086866 -2.758006096 4.994803905 0 0 0.000244115
157 -0.364086866 -2.758006096 4.994803905 0 0 0.000244115
158 -0.364086866 -2.758006096 4.994803905 0 0 0.000244115
159 -0.364086866 -2.758006096 4.994803905 0 0 0.000244115
160 -0.364086866 -2.758006096 4.994803905 0 0 0.000244115
161 -0.364086866 -2.758006096 4.994803905 0 0 0.000244115
162 -0.498048782 -4.95163393 0.510848999 0 0 0.000244115
163 -0.364086866 -2.758006096 4.994803905 0 0 0.000244115
time 7
0 -0.364086866 -2.758006096 4.994803905 0 0 0.000244115
1 -0.355920702 16.519052466 1.085067987 0.042079513 -1.52404742 -1.570502698
2 130.809036255 0 -0.000000477 0 0 0
3 6.662017822 -0.142129987 2.521339893 2.736727724 -0.21010319 -0.051899936
4 24.360931396 0 0.000011921 -0.185852206 0.27351804 0.034560444
5 24.806396484 -0.00000599 0.765956879 0.594025939 -0.289286107 -0.191672056
6 8.120269775 -0.000001997 0.000003815 -0.341715674 0.006395942 0.060921933
7 8.120315552 -0.000000983 0.000001907 0 -0.880742373 0
8 8.120315552 -0.000000983 0.000001907 0 -1.357954675 0
9 5.115219116 7.517074585 -23.079299927 1.784266132 0.261688687 -0.204231458
10 -13.525115967 0 0 -0.069058053 -0.004749998 -0.582479039
11 -11.953033447 -0.000007629 0.000001431 -0.080915178 0.037667206 -0.11252301
12 -8.290390015 0 0.000000954 0.025530482 0.099808652 0.42333366
13 -7.875 0.000038147 -0.000003815 -0.059065857 0.142926194 0.783278745
14 -8.78578186 0.000045776 -0.000003815 -0.012110804 -0.057645536 0.578387104
15 -8.90372467 0.000015259 0.000003815 0.026391783 0.023061805 0.085710676
16 5.903457642 12.714836121 -17.693172455 1.652564822 0.283764063 -0.195768122
17 -13.525131226 -0.000007629 0.000007629 -0.08084901 0.075199867 -0.581458552
18 -11.953033447 -0.000015259 -0.000003815 0.004400834 0.003753125 -0.095408323
19 -8.290374756 0 0 0.004970121 0.036938385 0.565018053
20 -7.875 0.000038147 -0.000003815 -0.084168217 0.037870963 0.774130832
21 -8.78578949 0.000030518 0.000003815 0.027919776 -0.032848559 0.60444568
22 -8.903709412 0 0 -0.036243999 0.019005467 0.05742156
23 5.115219116 -7.603518486 -23.079322815 -1.842834079 -0.078216831 -3.117380684
24 13.525115967 0.000007629 0 0.095048606 0.021227233 -0.550928859
25 11.95300293 0.000007629 0.000003815 0.228074522 -0.086622333 -0.112325789
26 8.290374756 0.000015259 -0.000007629 0.224604512 -0.093728025 0.41364749
27 7.875 -0.000030518 0.000001907 0.28630988 0.249957565 0.71140556
28 8.785774231 -0.000038147 0.000003815 0.429190312 0.374954051 0.430741083
29 8.903736115 -0.000007629 -0.000007629 0.022630463 0.239974371 0.14910464
30 5.903442383 -12.801283836 -17.693199158 -1.879566716 0.058295175 -2.979594314
31 13.525100708 0 0 0.011337863 0.0582496 -0.528605741
32 11.953033447 0.000015259 0 0.165883632 -0.015734729 -0.127940351
33 8.290405273 0 0 0.134669 0.009871133 0.484840837
34 7.875 -0.000030518 -0.000001907 0.146667858 0.235355512 0.627689902
35 8.78578949 -0.000045776 0.000007629 0.374366118 0.36593573 0.481085168
36 8.903720856 0.000007629 0.000007629 -0.008736573 0.212321391 0.048379963
37 4.435455322 0.000127017 -25.179950714 2.872324263 0.024136888 2.949534146
38 14.171005249 0.000021935 1.280700684 0.05935807 0.52870992 0.014103899
39 10.9765625 0.000020981 0.352539063 0.188306262 0.121725144 -0.240618512
40 8.120269775 -0.000003815 -0.000007629 0.343321489 -0.626141904 -0.394663122
41 8.120262146 0.000001907 -0.000015259 0.269491052 -0.839297619 0.003507489
42 8.120330811 0.000001907 -0.000015259 0.238776857 -0.306952161 0.374964236
43 8.120323181 -0.000007629 0.000061035 -0.036962184 -0.045845431 0.096391561
44 7.146957397 16.179790497 -9.195613861 1.664251353 0.363976554 -0.141313831
45 -13.525131226 -0.000003815 0.000007629 0.016005304 -0.035958889 -0.5425189
46 -11.953033447 -0.000007629 0.000007629 0.164027847 -0.042884873 -0.141459479
47 -8.290374756 0 0 0.088986499 0.018397215 0.50790734
48 -7.875 0.000022888 -0.000007629 0.006251337 0.093068928 0.764660894
49 -8.785785675 0.000030518 0.000007629 0.163138041 0.141632227 0.584065633
50 -8.903709412 0 0 -0.051814262 0.086452495 -0.165249386
51 7.147003174 -16.266246796 -9.19562149 -1.85829091 0.039183657 -2.875020657
52 13.525115967 0 0 -0.054738702 -0.04654332 -0.433574035
53 11.953033447 0.000011444 0 0.090413617 0.0955645 -0.148414285
54 8.290420532 0.000003815 -0.000007629 0.072338905 0.158812752 0.399680295
55 7.875 -0.000030518 0 0.048544342 0.30277198 0.568476215
56 8.78578949 -0.000045776 0.000011444 0.23762574 0.432301874 0.418519779
57 8.903720856 -0.000007629 0.000007629 -0.018576178 0.226799035 0.054362815
58 -5.36730957 8.366906166 8.703117371 1.522296341 -0.820304818 -3.009803205
59 13.525100708 0.000007629 -0.000003815 -0.294796652 0.025796171 -0.029052018
60 -3.441879272 -10.792385101 9.377006531 1.456318797 -0.844792483 -2.867518279
61 13.525123596 0 -0.000007629 -0.376100261 0.263185157 -0.42323957
62 11.953048706 0.000007629 0 0.257114513 0.02365056 -0.226713531
63 8.290390015 0 0 0.070986844 0.018083668 0.221605909
64 7.875 -0.000030518 -0.000001907 -0.058210936 -0.061779286 0.090296032
65 19.39491272 -14.052383423 -0.467086792 0.675793974 -0.851751481 -2.412186937
66 26.240753174 0.000007629 0.000003815 1.188756459 -1.192746192 -0.734709337
67 31.970985413 0.000003815 0.000003815 -0.159603864 -0.005576157 0.106918595
68 4.627243042 -2.311290741 4.185634613 -0.024611287 -0.558422955 -0.444239217
69 2.980110168 -0.000004292 -0.000003815 -0.044814452 -0.161464923 0.279695347
70 1.982421875 0.000013351 0 0 0 0.079605056
71 10.844871521 -1.281562805 -1.331680298 -0.01459063 -0.011794345 -0.44466852
72 3.98828125 -0.000008106 0.000038147 0.141909771 0.044574751 -0.24562826
73 2.26953125 -0.000005722 -0.000009537 0.18105451 0.052639246 -0.179635609
74 10.908843994 -1.237384796 0.82958889 -0.013197125 -0.016788242 -0.444561139
75 3.989433289 -0.00001049 0.000038147 0.083518595 0.042893344 -0.181050409
76 3.478294373 -0.000009537 -0.000015259 -0.110527357 0.005560805 -0.282723353
77 10.291893005 -1.202156067 -3.344138145 -0.011976631 -0.027362076 -0.479207941
78 2.757148743 -0.000003815 0.000024796 0.122977527 0.062475046 -0.242323602
79 1.775390625 -0.000009537 -0.000006676 0.631145005 0.121045445 -0.295790883
80 10.971855164 -1.193920135 2.957342148 -0.019549258 0.004207118 -0.487918004
81 3.82421875 -0.000000834 0.000034332 -0.000540752 0.00220531 -0.175621943
82 2.94140625 -0.000007629 -0.000014305 -0.004010348 0.016569113 -0.333038093
83 -0.000015259 0.000007629 0.000001907 0.247642258 0.262521653 -0.745275487
84 19.39491272 13.160593033 -0.467075348 2.974736822 -0.027565123 -1.632941262
85 -26.240753174 -0.000003815 -0.000003815 -0.178027465 -0.045005673 0.334651472
86 -31.971000671 0.000015259 0 -1.564139376 0.320867733 -0.365141534
87 -11.614601135 3.933105469 0.069384575 -1.578444876 1.529198549 -2.544968004
88 -10.484527588 1.069198608 3.539872169 -3.131584703 0.028220486 2.411526648
89 2.757156372 0.000002265 0.000026703 -0.011712134 0.035128624 1.019560794
90 1.775390625 0.000007629 -0.000023842 -0.261071927 -0.262843666 1.059935836
91 -11.046470642 1.142402649 1.529694557 -3.130487012 0.018259081 2.114134707
92 3.98828125 0 0.000038147 0.004872241 -0.009924216 1.610032301
93 2.26953125 0.000007629 0.000000954 -0.076539319 -0.095407065 1.438172442
94 -11.192642212 1.041526794 -2.758434296 -3.116629264 0.004012045 2.226905852
95 3.82421875 0.000038147 0.000051498 0.00053161 0.002187187 1.610324685
96 8.785797119 -0.00003624 -0.000001907 0.08229373 0.071373082 -0.580233542
97 2.94140625 0.000007629 -0.000011444 -0.004550553 0.006091757 1.767588569
98 -11.120124817 1.091545105 -0.631118774 -3.132136147 0.020772815 2.221577138
99 3.98941803 0.000001907 0.000052452 0.021444626 0.041947477 1.751021405
100 3.478290558 0.000022888 -0.00001049 -0.001306817 0.004312204 1.848998194
101 -4.853614807 2.155082703 -4.018517494 3.123057975 0.125574955 2.46129872
102 2.980110168 -0.00000906 0.000011921 0.038574713 -0.163808097 -0.240289671
103 1.982421875 -0.000009537 0.000034332 0 0 -0.040571652
104 0.000015259 -0.000007629 -0.000003815 -0.01786834 -0.032037725 -0.918099438
105 7.08984375 0 -0.000000477 3.141592654 -0.174494795 3.141592654
106 7.528259277 8.168075562 -1.23279953 -3.126195647 0.206492769 -3.101897926
107 -54.911224365 -0.64967823 -0.176695824 1.563771402 0.130730971 0.021499244
108 -61.183189392 0.000000954 0 0.173988939 0.013650073 0.001450443
109 8.588684082 0 1.514415741 0 0 0
110 4.260505676 -21.349506378 -3.218473434 0.049970132 -0.167237822 -0.292242966
111 15.606681824 0 -0.000012159 -0.016661995 -0.141361258 -0.058106023
112 15.853744507 0.000003815 -0.000006199 0.007783075 -0.03353729 -0.113369035
113 15.151851654 -0.000007629 0.000000954 -0.01596239 -0.069708425 -0.025269337
114 11.14995575 0.000007629 -0.000005722 -0.054227766 0.146713401 -0.071965394
115 1.725082397 -0.142127991 11.160655975 -1.570455147 -0.466373298 -0.000081036
116 15.606681824 0 0 -0.014316784 0.009966237 -0.130161021
117 15.853729248 0 0 0.015361998 0.011073657 -0.080733031
118 15.151863098 0 0 -0.005075475 0.013286093 -0.113171841
119 11.149963379 -0.000003815 -0.000000238 0.002055795 0.02915655 -0.054448446
120 6.678688049 -0.142132998 -16.932613373 1.578535647 -0.39172012 3.14061717
121 -15.606689453 0.000003815 0.00000003 0.016043882 0.003312198 -0.132311667
122 -15.853759766 0 0.00000596 -0.020177032 0.006316014 -0.163392957
123 -15.151855469 -0.000007629 0 0.009478759 0.007150958 -0.241727696
124 -11.149951935 0.000003815 0.000006199 0.001182072 0.011511128 0.14497563
125 2.507644653 15.93921566 6.722552299 -1.59590323 0.413815314 -2.99590908
126 -15.606674194 -0.000003815 0 0.029398111 0.04285877 0.139759198
127 -15.853752136 0.000007629 0.000009537 -0.002038273 -0.044066463 0.111997094
128 -15.151847839 -0.000003815 0.000011444 -0.005602993 -0.006841693 0.022893828
129 -11.149963379 0 -0.000003815 0.109874072 0.000097229 -0.091401126
130 2.507621765 -17.075353622 6.722564697 -1.59590323 -0.413815314 -0.145683558
131 15.606666565 0 0 -0.014306768 0.06009237 -0.158629922
132 15.853744507 0 0.000003815 0.040943273 -0.038186656 0.026332959
133 15.151855469 0 0 -0.00419846 -0.000617261 -0.129045725
134 11.149967194 0 -0.000015259 -0.000166518 0.03058806 -0.101220802
135 5.893127441 15.939212799 -12.477539063 -3.000216517 0.095672872 0.538169338
136 15.606674194 0 0.000024796 -0.002800169 0.19867059 -0.010688456
137 15.853744507 0.000003815 -0.000011444 -0.122380653 0.075080777 0.083696688
138 15.151847839 0 -0.000001907 -0.024830449 0.178240485 0.000467801
139 11.14995575 0.000007629 -0.000011444 0.02582592 -0.152121557 -0.079644832
140 5.893135071 -17.075361252 -12.477552414 1.495996792 -0.068189583 3.008001698
141 -15.606666565 -0.000003815 0.000007629 0.020101811 0.052092114 -0.159048355
142 -15.853736877 0 -0.000011444 0.003138024 -0.044148894 0.022120009
143 -15.15184021 -0.000003815 0 0.009618004 -0.00884513 -0.139733233
144 -11.149944305 -0.000003815 -0.000007629 0.017511817 0.00669291 0.094182736
145 4.260475159 20.773918152 -3.218482971 0.049970132 0.167237822 -2.849349719
146 -15.606689453 0 0 0.012222526 0.157009772 0.029881922
147 -15.853752136 0.000007629 -0.000000238 -0.005357647 0.055444316 -0.068551282
148 -15.151847839 0 0 -0.000589476 0.093386623 0.050268917
149 -11.149944305 0.000007629 -0.000000238 -0.00606187 -0.1562542 -0.067504799
150 7.528274536 -8.043749809 -1.232801437 0.008642606 -0.29793901 -0.029665432
151 54.911239624 0.649676323 0.176697254 1.570544643 0.049208749 0.030277568
152 61.183170319 -0.000000715 0.000000954 0.174162246 0.013649947 0.001451626
153 -0.364086866 -2.758008003 4.994803905 0 0 0.000244115
154 -0.364086866 -2.758006096 4.994803905 0 0 0.000244115
155 -0.364086866 -2.758006096 4.994803905 0 0 0.000244115
156 -0.364086866 -2.758006096 4.994803905 0 0 0.000244115
157 -0.364086866 -2.758006096 4.994803905 0 0 0.000244115
158 -0.364086866 -2.758006096 4.994803905 0 0 0.000244115
159 -0.364086866 -2.758006096 4.994803905 0 0 0.000244115
160 -0.364086866 -2.758006096 4.994803905 0 0 0.000244115
161 -0.364086866 -2.758006096 4.994803905 0 0 0.000244115
162 -0.498048782 -4.95163393 0.510848999 0 0 0.000244115
163 -0.364086866 -2.758006096 4.994803905 0 0 0.000244115
time 8
0 -0.364086866 -2.758006096 4.994803905 0 0 0.000244115
1 -0.355920702 16.337629394 1.085067987 0.052666738 -1.513199856 -1.571128272
2 130.809036255 0 -0.000000477 0 0 0
3 6.662017822 -0.142129987 2.521339893 2.750325275 -0.20611886 -0.048905777
4 24.360931396 0 0.000011921 -0.173382695 0.273199415 0.041970982
5 24.806396484 -0.00000599 0.765956879 0.590714986 -0.289767698 -0.190609414
6 8.120269775 -0.000001997 0.000003815 -0.422205158 0.007927945 0.075297717
7 8.120315552 -0.000000983 0.000001907 0 -0.880742373 0
8 8.120315552 -0.000000983 0.000001907 0 -1.357954675 0
9 5.115219116 7.517074585 -23.079299927 1.81441223 0.064657401 -0.247044533
10 -13.525115967 0 0 -0.036649316 -0.04320045 -0.65581182
11 -11.953033447 -0.000007629 0.000001431 -0.085860833 -0.0091033 -0.365288913
12 -8.290390015 0 0.000000954 0.0089448 0.111656336 0.150462315
13 -7.875 0.000038147 -0.000003815 -0.059000108 0.199901169 0.766636324
14 -8.78578186 0.000045776 -0.000003815 -0.004138818 -0.011077586 0.715116712
15 -8.90372467 0.000015259 0.000003815 0.022443406 0.026694948 0.101262076
16 5.903457642 12.714836121 -17.693172455 1.677041814 0.087667003 -0.242581264
17 -13.525131226 -0.000007629 0.000007629 -0.060113188 0.058740756 -0.673960956
18 -11.953033447 -0.000015259 -0.000003815 -0.005758537 0.011689068 -0.351604229
19 -8.290374756 0 0 0.005415596 0.07358024 0.301492666
20 -7.875 0.000038147 -0.000003815 -0.089794097 0.081360072 0.771856678
21 -8.78578949 0.000030518 0.000003815 -0.002190013 -0.015084689 0.745337496
22 -8.903709412 0 0 -0.043380875 0.021412195 0.071041868
23 5.115219116 -7.603518486 -23.079322815 -1.885249279 0.114509307 3.111040231
24 13.525115967 0.000007629 0 0.065590929 0.064618745 -0.585762058
25 11.95300293 0.000007629 0.000003815 0.233821879 -0.038446695 -0.360793927
26 8.290374756 0.000015259 -0.000007629 0.237427067 -0.151386762 0.161818899
27 7.875 -0.000030518 0.000001907 0.252007606 0.192809636 0.740050063
28 8.785774231 -0.000038147 0.000003815 0.442205089 0.367998109 0.594543262
29 8.903736115 -0.000007629 -0.000007629 0.022356141 0.239559743 0.1485399
30 5.903442383 -12.801283836 -17.693199158 -1.926870694 0.245459683 -3.041483138
31 13.525100708 0 0 -0.008137619 0.088829449 -0.546626651
32 11.953033447 0.000015259 0 0.164314663 0.030216439 -0.356742198
33 8.290405273 0 0 0.119140955 -0.022087235 0.239231455
34 7.875 -0.000030518 -0.000001907 0.095345867 0.195548008 0.644359209
35 8.78578949 -0.000045776 0.000007629 0.349741351 0.339320006 0.627643321
36 8.903720856 0.000007629 0.000007629 -0.005404409 0.216659883 0.062110892
37 4.435455322 0.000127017 -25.179950714 2.828729747 0.199739739 2.906177983
38 14.171005249 0.000021935 1.280700684 0.062969148 0.541786474 0.092347152
39 10.9765625 0.000020981 0.352539063 0.177300239 0.382024751 -0.106768275
40 8.120269775 -0.000003815 -0.000007629 0.262112751 -0.319381601 -0.368789521
41 8.120262146 0.000001907 -0.000015259 0.364265263 -0.855561354 -0.21465456
42 8.120330811 0.000001907 -0.000015259 0.187758561 -0.528215742 0.293946025
43 8.120323181 -0.000007629 0.000061035 -0.034084589 -0.060355627 0.095119108
44 7.146957397 16.179790497 -9.195613861 1.675770558 0.176364024 -0.195448396
45 -13.525131226 -0.000003815 0.000007629 0.011507885 -0.039300476 -0.649771929
46 -11.953033447 -0.000007629 0.000007629 0.152727861 -0.004140419 -0.379066
47 -8.290374756 0 0 0.091278094 0.049281569 0.279638582
48 -7.875 0.000022888 -0.000007629 -0.011126762 0.123999242 0.752259041
49 -8.785785675 0.000030518 0.000007629 0.111163138 0.16137671 0.698012261
50 -8.903709412 0 0 -0.057573962 0.087873674 -0.152205676
51 7.147003174 -16.266246796 -9.19562149 -1.897750045 0.22419253 -2.937520691
52 13.525115967 0 0 -0.085987233 -0.042988067 -0.453425581
53 11.953033447 0.000011444 0 0.08091686 0.124386631 -0.35699894
54 8.290420532 0.000003815 -0.000007629 0.043740595 0.150484645 0.187545762
55 7.875 -0.000030518 0 -0.010452989 0.298735355 0.563068909
56 8.78578949 -0.000045776 0.000011444 0.181231915 0.419356519 0.523143046
57 8.903720856 -0.000007629 0.000007629 -0.020335831 0.229911955 0.068572751
58 -5.36730957 8.366906166 8.703117371 1.543531491 -0.764067866 -3.06629161
59 13.525100708 0.000007629 -0.000003815 -0.294796652 0.025796171 -0.029052018
60 -3.441879272 -10.792385101 9.377006531 1.477558806 -0.797127746 -2.923030377
61 13.525123596 0 -0.000007629 -0.444973824 0.282430212 -0.486349248
62 11.953048706 0.000007629 0 0.25411989 0.073145636 -0.241388814
63 8.290390015 0 0 0.068015534 0.053148085 0.291036502
64 7.875 -0.000030518 -0.000001907 -0.06584762 -0.040201616 0.193645373
65 19.39491272 -14.052383423 -0.467086792 0.577996141 -0.854921257 -2.312063891
66 26.240753174 0.000007629 0.000003815 1.151158664 -1.148928708 -0.712402843
67 31.970985413 0.000003815 0.000003815 -0.15117321 -0.011875075 0.153575828
68 4.627243042 -2.311290741 4.185634613 -0.024611287 -0.558422955 -0.444239217
69 2.980110168 -0.000004292 -0.000003815 -0.044814452 -0.161464923 0.279695347
70 1.982421875 0.000013351 0 0 0 0.079605056
71 10.844871521 -1.281562805 -1.331680298 -0.01459063 -0.011794345 -0.44466852
72 3.98828125 -0.000008106 0.000038147 0.141909771 0.044574751 -0.24562826
73 2.26953125 -0.000005722 -0.000009537 0.18105451 0.052639246 -0.179635609
74 10.908843994 -1.237384796 0.82958889 -0.013197125 -0.016788242 -0.444561139
75 3.989433289 -0.00001049 0.000038147 0.083518595 0.042893344 -0.181050409
76 3.478294373 -0.000009537 -0.000015259 -0.110527357 0.005560805 -0.282723353
77 10.291893005 -1.202156067 -3.344138145 -0.011976631 -0.027362076 -0.479207941
78 2.757148743 -0.000003815 0.000024796 0.122977527 0.062475046 -0.242323602
79 1.775390625 -0.000009537 -0.000006676 0.631145005 0.121045445 -0.295790883
80 10.971855164 -1.193920135 2.957342148 -0.019549258 0.004207118 -0.487918004
81 3.82421875 -0.000000834 0.000034332 -0.000540752 0.00220531 -0.175621943
82 2.94140625 -0.000007629 -0.000014305 -0.004010348 0.016569113 -0.333038093
83 -0.000015259 0.000007629 0.000001907 0.248470719 0.261986605 -0.744581848
84 19.39491272 13.160593033 -0.467075348 3.013591528 0.041212176 -1.600659047
85 -26.240753174 -0.000003815 -0.000003815 -0.181086067 -0.05060522 0.330112713
86 -31.971000671 0.000015259 0 -1.564432826 0.318139664 -0.413068694
87 -11.614601135 3.933105469 0.069384575 -1.578444876 1.529198549 -2.544968004
88 -10.484527588 1.069198608 3.539872169 -3.131584703 0.028220486 2.411526648
89 2.757156372 0.000002265 0.000026703 -0.011712134 0.035128624 1.019560794
90 1.775390625 0.000007629 -0.000023842 -0.261071927 -0.262843666 1.059935836
91 -11.046470642 1.142402649 1.529694557 -3.130487012 0.018259081 2.114134707
92 3.98828125 0 0.000038147 0.004872241 -0.009924216 1.610032301
93 2.26953125 0.000007629 0.000000954 -0.076539319 -0.095407065 1.438172442
94 -11.192642212 1.041526794 -2.758434296 -3.116629264 0.004012045 2.226905852
95 3.82421875 0.000038147 0.000051498 0.00053161 0.002187187 1.610324685
96 8.785797119 -0.00003624 -0.000001907 0.08229373 0.071373082 -0.580233542
97 2.94140625 0.000007629 -0.000011444 -0.004550553 0.006091757 1.767588569
98 -11.120124817 1.091545105 -0.631118774 -3.132136147 0.020772815 2.221577138
99 3.98941803 0.000001907 0.000052452 0.021444626 0.041947477 1.751021405
100 3.478290558 0.000022888 -0.00001049 -0.001306817 0.004312204 1.848998194
101 -4.853614807 2.155082703 -4.018517494 3.123057975 0.125574955 2.46129872
102 2.980110168 -0.00000906 0.000011921 0.038574713 -0.163808097 -0.240289671
103 1.982421875 -0.000009537 0.000034332 0 0 -0.040571652
104 0.000015259 -0.000007629 -0.000003815 -0.01786834 -0.032037725 -0.918099438
105 7.08984375 0 -0.000000477 3.141592654 -0.174494795 3.141592654
106 7.528259277 8.168075562 -1.23279953 -3.12367703 0.21398053 -3.099296004
107 -54.911224365 -0.64967823 -0.176695824 1.562248999 0.142912786 0.019459465
108 -61.183189392 0.000000954 0 0.173988939 0.013650073 0.001450443
109 8.588684082 0 1.514415741 0 0 0
110 4.260505676 -21.349506378 -3.218473434 0.049970132 -0.167237822 -0.292242966
111 15.606681824 0 -0.000012159 -0.009502995 -0.111553815 -0.057486934
112 15.853744507 0.000003815 -0.000006199 0.015713336 -0.019517146 -0.11277873
113 15.151851654 -0.000007629 0.000000954 -0.011783165 -0.064302193 -0.025703351
114 11.14995575 0.000007629 -0.000005722 -0.061664055 0.169824324 -0.073559346
115 1.725082397 -0.142127991 11.160655975 -1.570455147 -0.466373298 -0.000081036
116 15.606681824 0 0 -0.010580614 0.010597128 -0.104463358
117 15.853729248 0 0 0.018846389 0.011560477 -0.071812806
118 15.151863098 0 0 -0.002671756 0.016012111 -0.117570012
119 11.149963379 -0.000003815 -0.000000238 0.002267506 0.028632541 -0.046673959
120 6.678688049 -0.142132998 -16.932613373 1.579422533 -0.416890871 3.140454285
121 -15.606689453 0.000003815 0.00000003 0.013023272 0.005595037 -0.102555434
122 -15.853759766 0 0.00000596 -0.024101129 0.00970717 -0.134797914
123 -15.151855469 -0.000007629 0 0.0069305 0.011104664 -0.221215516
124 -11.149951935 0.000003815 0.000006199 0.000065338 0.010996018 0.169039631
125 2.507644653 15.93921566 6.722552299 -1.59590323 0.413815314 -2.99590908
126 -15.606674194 -0.000003815 0 0.022451707 0.044628279 0.114623017
127 -15.853752136 0.000007629 0.000009537 -0.000310147 -0.044155013 0.104004408
128 -15.151847839 -0.000003815 0.000011444 -0.006901541 -0.006298289 0.026004088
129 -11.149963379 0 -0.000003815 0.113878307 -0.006002474 -0.092018928
130 2.507621765 -17.075353622 6.722564697 -1.59590323 -0.413815314 -0.145683558
131 15.606666565 0 0 -0.005886332 0.059569599 -0.130578097
132 15.853744507 0 0.000003815 0.040708829 -0.038859634 0.038155548
133 15.151855469 0 0 -0.00264554 0.000779853 -0.129566879
134 11.149967194 0 -0.000015259 -0.001102157 0.044802639 -0.099268265
135 5.893127441 15.939212799 -12.477539063 -2.974957016 0.116986381 0.555599185
136 15.606674194 0 0.000024796 -0.002231212 0.172317581 -0.013795011
137 15.853744507 0.000003815 -0.000011444 -0.125846439 0.049463284 0.082904557
138 15.151847839 0 -0.000001907 -0.040902708 0.166297526 -0.004362314
139 11.14995575 0.000007629 -0.000011444 0.034493484 -0.174930544 -0.079825301
140 5.893135071 -17.075361252 -12.477552414 1.495996792 -0.068189583 3.008001698
141 -15.606666565 -0.000003815 0.000007629 0.021073988 0.052919313 -0.128801011
142 -15.853736877 0 -0.000011444 -0.006734628 -0.043047536 0.036063189
143 -15.15184021 -0.000003815 0 0.005262547 -0.007609632 -0.132441743
144 -11.149944305 -0.000003815 -0.000007629 0.017459349 0.005710152 0.118377785
145 4.260475159 20.773918152 -3.218482971 0.049970132 0.167237822 -2.849349719
146 -15.606689453 0 0 0.011738227 0.131390725 0.031136627
147 -15.853752136 0.000007629 -0.000000238 -0.011939215 0.043383579 -0.068479742
148 -15.151847839 0 0 0.000757436 0.09231536 0.050070889
149 -11.149944305 0.000007629 -0.000000238 -0.009370451 -0.180206315 -0.068069096
150 7.528274536 -8.043749809 -1.232801437 0.008632319 -0.297328128 -0.029659893
151 54.911239624 0.649676323 0.176697254 1.570549361 0.049330794 0.030277711
152 61.183170319 -0.000000715 0.000000954 0.174162246 0.013649947 0.001451626
153 -0.364086866 -2.758008003 4.994803905 0 0 0.000244115
154 -0.364086866 -2.758006096 4.994803905 0 0 0.000244115
155 -0.364086866 -2.758006096 4.994803905 0 0 0.000244115
156 -0.364086866 -2.758006096 4.994803905 0 0 0.000244115
157 -0.364086866 -2.758006096 4.994803905 0 0 0.000244115
158 -0.364086866 -2.758006096 4.994803905 0 0 0.000244115
159 -0.364086866 -2.758006096 4.994803905 0 0 0.000244115
160 -0.364086866 -2.758006096 4.994803905 0 0 0.000244115
161 -0.364086866 -2.758006096 4.994803905 0 0 0.000244115
162 -0.498048782 -4.95163393 0.510848999 0 0 0.000244115
163 -0.364086866 -2.758006096 4.994803905 0 0 0.000244115
time 9
0 -0.364086866 -2.758006096 4.994803905 0 0 0.000244115
1 -0.355920672 15.830290022 1.085067987 0.063209406 -1.502100061 -1.571580858
2 130.809036255 0 -0.000000477 0 0 0
3 6.662017822 -0.142129987 2.521339893 2.787246959 -0.195135606 -0.040997491
4 24.360931396 0 0.000011921 -0.139569486 0.272255049 0.050906021
5 24.806396484 -0.00000599 0.765956879 0.581318552 -0.290954244 -0.187523574
6 8.120269775 -0.000001997 0.000003815 -0.503799487 0.009508421 0.089924924
7 8.120315552 -0.000000983 0.000001907 0 -0.880742373 0
8 8.120315552 -0.000000983 0.000001907 0 -1.357954675 0
9 5.115219116 7.517074585 -23.079299927 1.806755913 -0.104268531 -0.249069839
10 -13.525115967 0 0 0.004311577 -0.069888514 -0.621509274
11 -11.953033447 -0.000007629 0.000001431 -0.075772886 -0.076615188 -0.537602557
12 -8.290390015 0 0.000000954 -0.018526432 0.086564959 -0.153362185
13 -7.875 0.000038147 -0.000003815 -0.077754473 0.240069507 0.583698061
14 -8.78578186 0.000045776 -0.000003815 0.011620791 0.047813863 0.79032555
15 -8.90372467 0.000015259 0.000003815 0.016381667 0.036481057 0.129544451
16 5.903457642 12.714836121 -17.693172455 1.666973581 -0.092995221 -0.257856468
17 -13.525131226 -0.000007629 0.000007629 -0.023128547 0.038079174 -0.6580345
18 -11.953033447 -0.000015259 -0.000003815 -0.012241002 -0.010751222 -0.542523961
19 -8.290374756 0 0 -0.009402426 0.090181632 -0.011138478
20 -7.875 0.000038147 -0.000003815 -0.09904908 0.129254425 0.603318382
21 -8.78578949 0.000030518 0.000003815 -0.033328698 0.023391268 0.839889427
22 -8.903709412 0 0 -0.054205998 0.027994472 0.098160009
23 5.115219116 -7.603518486 -23.079322815 -1.885259975 0.243725459 3.102889267
24 13.525115967 0.000007629 0 0.035080845 0.092731548 -0.514942106
25 11.95300293 0.000007629 0.000003815 0.223118569 0.03086219 -0.506306184
26 8.290374756 0.000015259 -0.000007629 0.269796037 -0.170908954 -0.134596364
27 7.875 -0.000030518 0.000001907 0.181172066 0.093277129 0.61130274
28 8.785774231 -0.000038147 0.000003815 0.427647666 0.324535514 0.713936636
29 8.903736115 -0.000007629 -0.000007629 0.021731105 0.238562461 0.146875399
30 5.903442383 -12.801283836 -17.693199158 -1.932958637 0.357471922 -3.062713475
31 13.525100708 0 0 -0.023305298 0.105072173 -0.468268532
32 11.953033447 0.000015259 0 0.156969708 0.082053381 -0.482814384
33 8.290405273 0 0 0.122740305 -0.033109282 -0.039747028
34 7.875 -0.000030518 -0.000001907 0.02713366 0.130503488 0.509299618
35 8.78578949 -0.000045776 0.000007629 0.293855531 0.301053026 0.729074068
36 8.903720856 0.000007629 0.000007629 -0.00126657 0.221627986 0.091691205
37 4.435455322 0.000127017 -25.179950714 2.831546697 0.331629394 2.913212436
38 14.171005249 0.000021935 1.280700684 0.042501279 0.463627281 0.130928007
39 10.9765625 0.000020981 0.352539063 0.203542666 0.516253338 0.032202535
40 8.120269775 -0.000003815 -0.000007629 0.189808915 0.000962028 -0.291582914
41 8.120262146 0.000001907 -0.000015259 0.360021417 -0.677745949 -0.340261406
42 8.120330811 0.000001907 -0.000015259 0.196791333 -0.665567222 0.136768627
43 8.120323181 -0.000007629 0.000061035 -0.027642015 -0.089585367 0.091742946
44 7.146957397 16.179790497 -9.195613861 1.658203027 -0.010015642 -0.235519765
45 -13.525131226 -0.000003815 0.000007629 0.00522296 -0.053665809 -0.65598851
46 -11.953033447 -0.000007629 0.000007629 0.131790225 0.011503596 -0.573541396
47 -8.290374756 0 0 0.082985821 0.065436261 -0.008951328
48 -7.875 0.000022888 -0.000007629 -0.044000533 0.143505097 0.592391413
49 -8.785785675 0.000030518 0.000007629 0.045332717 0.193756157 0.780505347
50 -8.903709412 0 0 -0.069461158 0.091876679 -0.126304683
51 7.147003174 -16.266246796 -9.19562149 -1.905401012 0.328792403 -2.976508637
52 13.525115967 0 0 -0.112621325 -0.04461336 -0.382159065
53 11.953033447 0.000011444 0 0.077124052 0.146555864 -0.479612407
54 8.290420532 0.000003815 -0.000007629 0.031315302 0.142822953 -0.05722679
55 7.875 -0.000030518 0 -0.079605379 0.281975066 0.433397362
56 8.78578949 -0.000045776 0.000011444 0.097062041 0.416266771 0.592006322
57 8.903720856 -0.000007629 0.000007629 -0.025282895 0.233104176 0.096857441
58 -5.36730957 8.366906166 8.703117371 1.609416989 -0.714834178 3.141373619
59 13.525100708 0.000007629 -0.000003815 -0.294796652 0.025796171 -0.029052018
60 -3.441879272 -10.792385101 9.377006531 1.548771692 -0.78590719 -3.004190849
61 13.525123596 0 -0.000007629 -0.504014354 0.263637853 -0.543763356
62 11.953048706 0.000007629 0 0.231277446 0.126015339 -0.296646298
63 8.290390015 0 0 0.069346093 0.112582926 0.303209666
64 7.875 -0.000030518 -0.000001907 -0.071062262 0.009881115 0.281026944
65 19.39491272 -14.052383423 -0.467086792 0.469206955 -0.820366894 -2.206000297
66 26.240753174 0.000007629 0.000003815 1.049184802 -1.030275839 -0.652007956
67 31.970985413 0.000003815 0.000003815 -0.142673191 -0.01820973 0.200935154
68 4.627243042 -2.311290741 4.185634613 -0.024611287 -0.558422955 -0.444239217
69 2.980110168 -0.000004292 -0.000003815 -0.044814452 -0.161464923 0.279695347
70 1.982421875 0.000013351 0 0 0 0.079605056
71 10.844871521 -1.281562805 -1.331680298 -0.01459063 -0.011794345 -0.44466852
72 3.98828125 -0.000008106 0.000038147 0.141909771 0.044574751 -0.24562826
73 2.26953125 -0.000005722 -0.000009537 0.18105451 0.052639246 -0.179635609
74 10.908843994 -1.237384796 0.82958889 -0.013197125 -0.016788242 -0.444561139
75 3.989433289 -0.00001049 0.000038147 0.083518595 0.042893344 -0.181050409
76 3.478294373 -0.000009537 -0.000015259 -0.110527357 0.005560805 -0.282723353
77 10.291893005 -1.202156067 -3.344138145 -0.011976631 -0.027362076 -0.479207941
78 2.757148743 -0.000003815 0.000024796 0.122977527 0.062475046 -0.242323602
79 1.775390625 -0.000009537 -0.000006676 0.631145005 0.121045445 -0.295790883
80 10.971855164 -1.193920135 2.957342148 -0.019549258 0.004207118 -0.487918004
81 3.82421875 -0.000000834 0.000034332 -0.000540752 0.00220531 -0.175621943
82 2.94140625 -0.000007629 -0.000014305 -0.004010348 0.016569113 -0.333038093
83 -0.000015259 0.000007629 0.000001907 0.250863122 0.260301213 -0.742803402
84 19.39491272 13.160593033 -0.467075348 3.119038746 0.128250403 -1.512300685
85 -26.240753174 -0.000003815 -0.000003815 -0.184228507 -0.05511682 0.317940756
86 -31.971000671 0.000015259 0 -1.564656599 0.310819716 -0.472226923
87 -11.614601135 3.933105469 0.069384575 -1.578444876 1.529198549 -2.544968004
88 -10.484527588 1.069198608 3.539872169 -3.131584703 0.028220486 2.411526648
89 2.757156372 0.000002265 0.000026703 -0.011712134 0.035128624 1.019560794
90 1.775390625 0.000007629 -0.000023842 -0.261071927 -0.262843666 1.059935836
91 -11.046470642 1.142402649 1.529694557 -3.130487012 0.018259081 2.114134707
92 3.98828125 0 0.000038147 0.004872241 -0.009924216 1.610032301
93 2.26953125 0.000007629 0.000000954 -0.076539319 -0.095407065 1.438172442
94 -11.192642212 1.041526794 -2.758434296 -3.116629264 0.004012045 2.226905852
95 3.82421875 0.000038147 0.000051498 0.00053161 0.002187187 1.610324685
96 8.785797119 -0.00003624 -0.000001907 0.08229373 0.071373082 -0.580233542
97 2.94140625 0.000007629 -0.000011444 -0.004550553 0.006091757 1.767588569
98 -11.120124817 1.091545105 -0.631118774 -3.132136147 0.020772815 2.221577138
99 3.98941803 0.000001907 0.000052452 0.021444626 0.041947477 1.751021405
100 3.478290558 0.000022888 -0.00001049 -0.001306817 0.004312204 1.848998194
101 -4.853614807 2.155082703 -4.018517494 3.123057975 0.125574955 2.46129872
102 2.980110168 -0.00000906 0.000011921 0.038574713 -0.163808097 -0.240289671
103 1.982421875 -0.000009537 0.000034332 0 0 -0.040571652
104 0.000015259 -0.000007629 -0.000003815 -0.01786834 -0.032037725 -0.918099438
105 7.08984375 0 -0.000000477 3.141592654 -0.174494795 3.141592654
106 7.528259277 8.168075562 -1.23279953 -3.121227188 0.221641879 -3.096764718
107 -54.911224365 -0.64967823 -0.176695824 1.560663846 0.155280606 0.017333193
108 -61.183189392 0.000000954 0 0.173988939 0.013650073 0.001450443
109 8.588684082 0 1.514415741 0 0 0
110 4.260505676 -21.349506378 -3.218473434 0.049970132 -0.167237822 -0.292242966
111 15.606681824 0 -0.000012159 -0.003632919 -0.064875502 -0.055765807
112 15.853744507 0.000003815 -0.000006199 0.025851945 -0.024478684 -0.112864378
113 15.151851654 -0.000007629 0.000000954 -0.007115429 -0.0651044 -0.025505191
114 11.14995575 0.000007629 -0.000005722 -0.069807406 0.195976753 -0.07778338
115 1.725082397 -0.142127991 11.160655975 -1.570455147 -0.466373298 -0.000081036
116 15.606681824 0 0 -0.006442825 0.010253566 -0.060724148
117 15.853729248 0 0 0.021971518 0.012199515 -0.080254846
118 15.151863098 0 0 -0.000245756 0.01754205 -0.126458972
119 11.149963379 -0.000003815 -0.000000238 0.00241857 0.027050926 -0.025433769
120 6.678688049 -0.142132998 -16.932613373 1.579672891 -0.426253713 3.140483465
121 -15.606689453 0.000003815 0.00000003 0.009525661 0.008130226 -0.057111874
122 -15.853759766 0 0.00000596 -0.026389195 0.012217652 -0.115902488
123 -15.151855469 -0.000007629 0 0.004327243 0.015000404 -0.197268225
124 -11.149951935 0.000003815 0.000006199 -0.00332176 0.009433905 0.196153865
125 2.507644653 15.93921566 6.722552299 -1.59590323 0.413815314 -2.99590908
126 -15.606674194 -0.000003815 0 0.01582609 0.046252484 0.071613745
127 -15.853752136 0.000007629 0.000009537 0.000107405 -0.044101078 0.112641573
128 -15.151847839 -0.000003815 0.000011444 -0.008045157 -0.005903098 0.034811575
129 -11.149963379 0 -0.000003815 0.117083642 -0.022711691 -0.092416001
130 2.507621765 -17.075353622 6.722564697 -1.59590323 -0.413815314 -0.145683558
131 15.606666565 0 0 0.0024279 0.056871673 -0.084753769
132 15.853744507 0 0.000003815 0.041890792 -0.03795826 0.031242414
133 15.151855469 0 0 -0.001081327 0.001916667 -0.135103243
134 11.149967194 0 -0.000015259 -0.003319549 0.063194658 -0.094012716
135 5.893127441 15.939212799 -12.477539063 -2.965576278 0.125023377 0.562004445
136 15.606674194 0 0.000024796 -0.000544854 0.129306525 -0.017767489
137 15.853744507 0.000003815 -0.000011444 -0.115183672 0.032705511 0.076477509
138 15.151847839 0 -0.000001907 -0.054895843 0.148217357 -0.012995204
139 11.14995575 0.000007629 -0.000011444 0.045038418 -0.200389118 -0.080039496
140 5.893135071 -17.075361252 -12.477552414 1.495996792 -0.068189583 3.008001698
141 -15.606666565 -0.000003815 0.000007629 0.020720148 0.053040194 -0.082198937
142 -15.853736877 0 -0.000011444 -0.013684226 -0.041747325 0.030936726
143 -15.15184021 -0.000003815 0 0.000715246 -0.005575521 -0.132249802
144 -11.149944305 -0.000003815 -0.000007629 0.017088896 0.002907306 0.145689071
145 4.260475159 20.773918152 -3.218482971 0.049970132 0.167237822 -2.849349719
146 -15.606689453 0 0 0.009821367 0.088529573 0.032491696
147 -15.853752136 0.000007629 -0.000000238 -0.017605502 0.04992975 -0.068407789
148 -15.151847839 0 0 0.00139619 0.0965351 0.050367677
149 -11.149944305 0.000007629 -0.000000238 -0.01411981 -0.20720039 -0.069623115
150 7.528274536 -8.043749809 -1.232801437 0.008687795 -0.295319806 -0.029655034
151 54.911239624 0.649676323 0.176697254 1.57056891 0.049818987 0.030278321
152 61.183170319 -0.000000715 0.000000954 0.174162246 0.013649947 0.001451626
153 -0.364086866 -2.758008003 4.994803905 0 0 0.000244115
154 -0.364086866 -2.758006096 4.994803905 0 0 0.000244115
155 -0.364086866 -2.758006096 4.994803905 0 0 0.000244115
156 -0.364086866 -2.758006096 4.994803905 0 0 0.000244115
157 -0.364086866 -2.758006096 4.994803905 0 0 0.000244115
158 -0.364086866 -2.758006096 4.994803905 0 0 0.000244115
159 -0.364086866 -2.758006096 4.994803905 0 0 0.000244115
160 -0.364086866 -2.758006096 4.994803905 0 0 0.000244115
161 -0.364086866 -2.758006096 4.994803905 0 0 0.000244115
162 -0.498048782 -4.95163393 0.510848999 0 0 0.000244115
163 -0.364086866 -2.758006096 4.994803905 0 0 0.000244115
time 10
0 -0.364086866 -2.758006096 4.994803905 0 0 0.000244115
1 -0.355920643 15.05243706 1.085067987 0.072212471 -1.491100936 -1.570608872
2 130.809036255 0 -0.000000477 0 0 0
3 6.662017822 -0.142129987 2.521339893 2.841612127 -0.178634893 -0.029204552
4 24.360931396 0 0.000011921 -0.089731571 0.270723235 0.060686121
5 24.806396484 -0.00000599 0.765956879 0.566288784 -0.292968309 -0.182711269
6 8.120269775 -0.000001997 0.000003815 -0.584249946 0.01098966 0.104279966
7 8.120315552 -0.000000983 0.000001907 0 -0.880742373 0
8 8.120315552 -0.000000983 0.000001907 0 -1.357954675 0
9 5.115219116 7.517074585 -23.079299927 1.768011323 -0.238185991 -0.220346189
10 -13.525115967 0 0 0.033495478 -0.071852219 -0.521829689
11 -11.953033447 -0.000007629 0.000001431 -0.055050004 -0.142105174 -0.618002705
12 -8.290390015 0 0.000000954 -0.037035937 0.029437948 -0.403366841
13 -7.875 0.000038147 -0.000003815 -0.115571643 0.235543345 0.284645928
14 -8.78578186 0.000045776 -0.000003815 0.033445474 0.114768874 0.734428919
15 -8.90372467 0.000015259 0.000003815 0.008944577 0.050881705 0.167241231
16 5.903457642 12.714836121 -17.693172455 1.629171437 -0.242246348 -0.245350591
17 -13.525131226 -0.000007629 0.000007629 0.009906032 0.027299642 -0.562324878
18 -11.953033447 -0.000015259 -0.000003815 -0.008858821 -0.046666333 -0.646473159
19 -8.290374756 0 0 -0.02534621 0.077341247 -0.281189649
20 -7.875 0.000038147 -0.000003815 -0.12266628 0.155244477 0.293546644
21 -8.78578949 0.000030518 0.000003815 -0.056226472 0.082145152 0.807284083
22 -8.903709412 0 0 -0.067640053 0.037650979 0.135228211
23 5.115219116 -7.603518486 -23.079322815 -1.851870944 0.327996338 3.127886565
24 13.525115967 0.000007629 0 0.015711489 0.09611831 -0.408877466
25 11.95300293 0.000007629 0.000003815 0.203639895 0.097023686 -0.547665054
26 8.290374756 0.000015259 -0.000007629 0.298279185 -0.143362727 -0.376699122
27 7.875 -0.000030518 0.000001907 0.127413916 -0.01879575 0.364991766
28 8.785774231 -0.000038147 0.000003815 0.359712308 0.231733246 0.717343
29 8.903736115 -0.000007629 -0.000007629 0.020668139 0.236813058 0.144186328
30 5.903442383 -12.801283836 -17.693199158 -1.906782899 0.422622625 -3.05292501
31 13.525100708 0 0 -0.030533031 0.103088146 -0.366214559
32 11.953033447 0.000015259 0 0.149874199 0.12485316 -0.510124529
33 8.290405273 0 0 0.134685111 -0.015543134 -0.263597414
34 7.875 -0.000030518 -0.000001907 -0.019404247 0.057511341 0.262638354
35 8.78578949 -0.000045776 0.000007629 0.201970312 0.245235517 0.719124896
36 8.903720856 0.000007629 0.000007629 0.003254083 0.226922622 0.133040008
37 4.435455322 0.000127017 -25.179950714 2.871272353 0.426986435 2.95622304
38 14.171005249 0.000021935 1.280700684 0.010348862 0.355931282 0.12674404
39 10.9765625 0.000020981 0.352539063 0.227663089 0.541102042 0.1439787
40 8.120269775 -0.000003815 -0.000007629 0.160133395 0.248755946 -0.188965732
41 8.120262146 0.000001907 -0.000015259 0.27427948 -0.388088112 -0.351273695
42 8.120330811 0.000001907 -0.000015259 0.24936376 -0.647725291 -0.080243062
43 8.120323181 -0.000007629 0.000061035 -0.018451407 -0.129671633 0.086774767
44 7.146957397 16.179790497 -9.195613861 1.620185959 -0.171998391 -0.253393454
45 -13.525131226 -0.000003815 0.000007629 -0.008889586 -0.067484656 -0.571249961
46 -11.953033447 -0.000007629 0.000007629 0.109119651 0.013461987 -0.69520754
47 -8.290374756 0 0 0.077696579 0.068795231 -0.271920065
48 -7.875 0.000022888 -0.000007629 -0.084485834 0.13377943 0.293396479
49 -8.785785675 0.000030518 0.000007629 -0.046904622 0.226151422 0.742224475
50 -8.903709412 0 0 -0.085951137 0.097673191 -0.090729934
51 7.147003174 -16.266246796 -9.19562149 -1.88672571 0.386171465 -2.993049188
52 13.525115967 0 0 -0.13236117 -0.049507252 -0.287364401
53 11.953033447 0.000011444 0 0.081675267 0.157155973 -0.515325026
54 8.290420532 0.000003815 -0.000007629 0.035502172 0.141307013 -0.26152703
55 7.875 -0.000030518 0 -0.135977798 0.248347628 0.209644205
56 8.78578949 -0.000045776 0.000011444 -0.012375882 0.418136545 0.567964638
57 8.903720856 -0.000007629 0.000007629 -0.032579839 0.236369829 0.135600141
58 -5.36730957 8.366906166 8.703117371 1.693059743 -0.668165264 3.071928865
59 13.525100708 0.000007629 -0.000003815 -0.294796652 0.025796171 -0.029052018
60 -3.441879272 -10.792385101 9.377006531 1.643916666 -0.786527384 -3.087550573
61 13.525123596 0 -0.000007629 -0.542696845 0.217253749 -0.577537874
62 11.953048706 0.000007629 0 0.192413726 0.148414852 -0.372751668
63 8.290390015 0 0 0.070148776 0.173002231 0.268916234
64 7.875 -0.000030518 -0.000001907 -0.067675436 0.083537219 0.321798857
65 19.39491272 -14.052383423 -0.467086792 0.369128268 -0.753495824 -2.11285131
66 26.240753174 0.000007629 0.000003815 0.898565746 -0.855183398 -0.563302946
67 31.970985413 0.000003815 0.000003815 -0.134236585 -0.024506262 0.247632099
68 4.627243042 -2.311290741 4.185634613 -0.024611287 -0.558422955 -0.444239217
69 2.980110168 -0.000004292 -0.000003815 -0.044814452 -0.161464923 0.279695347
70 1.982421875 0.000013351 0 0 0 0.079605056
71 10.844871521 -1.281562805 -1.331680298 -0.01459063 -0.011794345 -0.44466852
72 3.98828125 -0.000008106 0.000038147 0.141909771 0.044574751 -0.24562826
73 2.26953125 -0.000005722 -0.000009537 0.18105451 0.052639246 -0.179635609
74 10.908843994 -1.237384796 0.82958889 -0.013197125 -0.016788242 -0.444561139
75 3.989433289 -0.00001049 0.000038147 0.083518595 0.042893344 -0.181050409
76 3.478294373 -0.000009537 -0.000015259 -0.110527357 0.005560805 -0.282723353
77 10.291893005 -1.202156067 -3.344138145 -0.011976631 -0.027362076 -0.479207941
78 2.757148743 -0.000003815 0.000024796 0.122977527 0.062475046 -0.242323602
79 1.775390625 -0.000009537 -0.000006676 0.631145005 0.121045445 -0.295790883
80 10.971855164 -1.193920135 2.957342148 -0.019549258 0.004207118 -0.487918004
81 3.82421875 -0.000000834 0.000034332 -0.000540752 0.00220531 -0.175621943
82 2.94140625 -0.000007629 -0.000014305 -0.004010348 0.016569113 -0.333038093
83 -0.000015259 0.000007629 0.000001907 0.254651016 0.25765791 -0.739856094
84 19.39491272 13.160593033 -0.467075348 -3.00870619 0.227439147 -1.382397748
85 -26.240753174 -0.000003815 -0.000003815 -0.187264009 -0.058726407 0.299735878
86 -31.971000671 0.000015259 0 -1.564845114 0.299903695 -0.538771788
87 -11.614601135 3.933105469 0.069384575 -1.578444876 1.529198549 -2.544968004
88 -10.484527588 1.069198608 3.539872169 -3.131584703 0.028220486 2.411526648
89 2.757156372 0.000002265 0.000026703 -0.011712134 0.035128624 1.019560794
90 1.775390625 0.000007629 -0.000023842 -0.261071927 -0.262843666 1.059935836
91 -11.046470642 1.142402649 1.529694557 -3.130487012 0.018259081 2.114134707
92 3.98828125 0 0.000038147 0.004872241 -0.009924216 1.610032301
93 2.26953125 0.000007629 0.000000954 -0.076539319 -0.095407065 1.438172442
94 -11.192642212 1.041526794 -2.758434296 -3.116629264 0.004012045 2.226905852
95 3.82421875 0.000038147 0.000051498 0.00053161 0.002187187 1.610324685
96 8.785797119 -0.00003624 -0.000001907 0.08229373 0.071373082 -0.580233542
97 2.94140625 0.000007629 -0.000011444 -0.004550553 0.006091757 1.767588569
98 -11.120124817 1.091545105 -0.631118774 -3.132136147 0.020772815 2.221577138
99 3.98941803 0.000001907 0.000052452 0.021444626 0.041947477 1.751021405
100 3.478290558 0.000022888 -0.00001049 -0.001306817 0.004312204 1.848998194
101 -4.853614807 2.155082703 -4.018517494 3.123057975 0.125574955 2.46129872
102 2.980110168 -0.00000906 0.000011921 0.038574713 -0.163808097 -0.240289671
103 1.982421875 -0.000009537 0.000034332 0 0 -0.040571652
104 0.000015259 -0.000007629 -0.000003815 -0.01786834 -0.032037725 -0.918099438
105 7.08984375 0 -0.000000477 3.141592654 -0.174494795 3.141592654
106 7.528259277 8.168075562 -1.23279953 -3.118744889 0.22921306 -3.094122317
107 -54.911224365 -0.64967823 -0.176695824 1.559128801 0.167528943 0.015313304
108 -61.183189392 0.000000954 0 0.173988939 0.013650073 0.001450443
109 8.588684082 0 1.514415741 0 0 0
110 4.260505676 -21.349506378 -3.218473434 0.049970132 -0.167237822 -0.292242966
111 15.606681824 0 -0.000012159 0.00158849 -0.023617053 -0.054063404
112 15.853744507 0.000003815 -0.000006199 0.034932832 -0.020089982 -0.112039202
113 15.151851654 -0.000007629 0.000000954 -0.001986292 -0.063309916 -0.02455034
114 11.14995575 0.000007629 -0.000005722 -0.078215044 0.223810788 -0.083915272
115 1.725082397 -0.142127991 11.160655975 -1.570455147 -0.466373298 -0.000081036
116 15.606681824 0 0 -0.002171635 0.009559031 -0.020899675
117 15.853729248 0 0 0.024672223 0.011935254 -0.078083018
118 15.151863098 0 0 0.0024464 0.018067033 -0.131192597
119 11.149963379 -0.000003815 -0.000000238 0.002574588 0.024852609 0.005729343
120 6.678688049 -0.142132998 -16.932613373 1.579624544 -0.424192945 3.14044084
121 -15.606689453 0.000003815 0.00000003 0.005693111 0.010236147 -0.017666341
122 -15.853759766 0 0.00000596 -0.027696141 0.014389932 -0.09026907
123 -15.151855469 -0.000007629 0 0.001928593 0.018436891 -0.166254239
124 -11.149951935 0.000003815 0.000006199 -0.008308502 0.007192888 0.224957589
125 2.507644653 15.93921566 6.722552299 -1.59590323 0.413815314 -2.99590908
126 -15.606674194 -0.000003815 0 0.009751133 0.047240186 0.032609988
127 -15.853752136 0.000007629 0.000009537 0.000318059 -0.044282882 0.110475325
128 -15.151847839 -0.000003815 0.000011444 -0.008918256 -0.00569508 0.03938892
129 -11.149963379 0 -0.000003815 0.119812181 -0.047239492 -0.092819946
130 2.507621765 -17.075353622 6.722564697 -1.59590323 -0.413815314 -0.145683558
131 15.606666565 0 0 0.009876821 0.053924726 -0.043688915
132 15.853744507 0 0.000003815 0.043116702 -0.03839634 0.03457847
133 15.151855469 0 0 0.000277152 0.00226849 -0.136832221
134 11.149967194 0 -0.000015259 -0.006758279 0.084316631 -0.086360076
135 5.893127441 15.939212799 -12.477539063 -2.967384194 0.123424523 0.561136466
136 15.606674194 0 0.000024796 0.00205768 0.091295421 -0.021162479
137 15.853744507 0.000003815 -0.000011444 -0.097451548 0.00785116 0.068766903
138 15.151847839 0 -0.000001907 -0.065809067 0.121148563 -0.026834958
139 11.14995575 0.000007629 -0.000011444 0.056893835 -0.227411738 -0.080130413
140 5.893135071 -17.075361252 -12.477552414 1.495996792 -0.068189583 3.008001698
141 -15.606666565 -0.000003815 0.000007629 0.018940018 0.052893024 -0.041468558
142 -15.853736877 0 -0.000011444 -0.018759574 -0.040508779 0.035176094
143 -15.15184021 -0.000003815 0 -0.003938667 -0.003283307 -0.129732677
144 -11.149944305 -0.000003815 -0.000007629 0.016539913 -0.001102308 0.174751635
145 4.260475159 20.773918152 -3.218482971 0.049970132 0.167237822 -2.849349719
146 -15.606689453 0 0 0.006980051 0.050130993 0.0338509
147 -15.853752136 0.000007629 -0.000000238 -0.021711254 0.046774347 -0.067610872
148 -15.151847839 0 0 0.001895794 0.097646575 0.051172264
149 -11.149944305 0.000007629 -0.000000238 -0.019656656 -0.235847782 -0.071921747
150 7.528274536 -8.043749809 -1.232801437 0.008635044 -0.29217899 -0.029626738
151 54.911239624 0.649676323 0.176697254 1.570476326 0.050553125 0.030276177
152 61.183170319 -0.000000715 0.000000954 0.174162246 0.013649947 0.001451626
153 -0.364086866 -2.758008003 4.994803905 0 0 0.000244115
154 -0.364086866 -2.758006096 4.994803905 0 0 0.000244115
155 -0.364086866 -2.758006096 4.994803905 0 0 0.000244115
156 -0.364086866 -2.758006096 4.994803905 0 0 0.000244115
157 -0.364086866 -2.758006096 4.994803905 0 0 0.000244115
158 -0.364086866 -2.758006096 4.994803905 0 0 0.000244115
159 -0.364086866 -2.758006096 4.994803905 0 0 0.000244115
160 -0.364086866 -2.758006096 4.994803905 0 0 0.000244115
161 -0.364086866 -2.758006096 4.994803905 0 0 0.000244115
162 -0.498048782 -4.95163393 0.510848999 0 0 0.000244115
163 -0.364086866 -2.758006096 4.994803905 0 0 0.000244115
time 11
0 -0.364086866 -2.758006096 4.994803905 0 0 0.000244115
1 -0.355920613 14.059470413 1.085067987 0.082302841 -1.480647434 -1.571144877
2 130.809036255 0 -0.000000477 0 0 0
3 6.662017822 -0.142129987 2.521339893 2.907575118 -0.15827115 -0.014923426
4 24.360931396 0 0.000011921 -0.029118566 0.2688318 0.070821052
5 24.806396484 -0.00000599 0.765956879 0.546376108 -0.295684494 -0.176257395
6 8.120269775 -0.000001997 0.000003815 -0.661368086 0.012403575 0.118018968
7 8.120315552 -0.000000983 0.000001907 0 -0.880742373 0
8 8.120315552 -0.000000983 0.000001907 0 -1.357954675 0
9 5.115219116 7.517074585 -23.079299927 1.70838234 -0.334876787 -0.173452607
10 -13.525115967 0 0 0.04898182 -0.048698504 -0.393659693
11 -11.953033447 -0.000007629 0.000001431 -0.040155926 -0.185539165 -0.609752207
12 -8.290390015 0 0.000000954 -0.037863839 -0.038367256 -0.577899995
13 -7.875 0.000038147 -0.000003815 -0.144977594 0.186620523 -0.020196771
14 -8.78578186 0.000045776 -0.000003815 0.038108778 0.166975111 0.520512968
15 -8.90372467 0.000015259 0.000003815 0.000635533 0.068343556 0.210888965
16 5.903457642 12.714836121 -17.693172455 1.571473771 -0.352684288 -0.213234141
17 -13.525131226 -0.000007629 0.000007629 0.031888658 0.030343816 -0.423494286
18 -11.953033447 -0.000015259 -0.000003815 -0.004535556 -0.076776138 -0.65556509
19 -8.290374756 0 0 -0.029669555 0.047781007 -0.477464304
20 -7.875 0.000038147 -0.000003815 -0.146579173 0.145731976 -0.039009203
21 -8.78578949 0.000030518 0.000003815 -0.07823689 0.142135391 0.591812048
22 -8.903709412 0 0 -0.082624643 0.049485034 0.178898471
23 5.115219116 -7.603518486 -23.079322815 -1.79821626 0.379861966 -3.112180767
24 13.525115967 0.000007629 0 0.005740889 0.076963566 -0.304761763
25 11.95300293 0.000007629 0.000003815 0.188681729 0.1427558 -0.510587719
26 8.290374756 0.000015259 -0.000007629 0.30646953 -0.089616438 -0.534291919
27 7.875 -0.000030518 0.000001907 0.118179165 -0.099614376 0.089890338
28 8.785774231 -0.000038147 0.000003815 0.266498243 0.100073162 0.578623247
29 8.903736115 -0.000007629 -0.000007629 0.019203628 0.234568187 0.140572228
30 5.903442383 -12.801283836 -17.693199158 -1.860944017 0.458127024 -3.024592019
31 13.525100708 0 0 -0.03288433 0.086041157 -0.273925996
32 11.953033447 0.000015259 0 0.148528579 0.149222048 -0.467956333
33 8.290405273 0 0 0.144294567 0.019824928 -0.406777464
34 7.875 -0.000030518 -0.000001907 -0.028413337 0.005889075 -0.004745205
35 8.78578949 -0.000045776 0.000007629 0.100777882 0.171374172 0.568234198
36 8.903720856 0.000007629 0.000007629 0.008145704 0.232337305 0.182217942
37 4.435455322 0.000127017 -25.179950714 2.934201587 0.490711055 3.01891031
38 14.171005249 0.000021935 1.280700684 -0.019614721 0.250955412 0.093006317
39 10.9765625 0.000020981 0.352539063 0.226194449 0.49293931 0.201872477
40 8.120269775 -0.000003815 -0.000007629 0.165538232 0.400937574 -0.073534212
41 8.120262146 0.000001907 -0.000015259 0.188904662 -0.089266059 -0.304098978
42 8.120330811 0.000001907 -0.000015259 0.26494898 -0.45630145 -0.243230225
43 8.120323181 -0.000007629 0.000061035 -0.007423145 -0.176853763 0.080749585
44 7.146957397 16.179790497 -9.195613861 1.567047482 -0.296084107 -0.250146951
45 -13.525131226 -0.000003815 0.000007629 -0.03034875 -0.07443157 -0.426980538
46 -11.953033447 -0.000007629 0.000007629 0.085026265 0.011958086 -0.723384615
47 -8.290374756 0 0 0.082050226 0.072026314 -0.474507327
48 -7.875 0.000022888 -0.000007629 -0.103888497 0.100756302 -0.033197013
49 -8.785785675 0.000030518 0.000007629 -0.15422812 0.233234081 0.513190662
50 -8.903709412 0 0 -0.105507869 0.104760105 -0.049077495
51 7.147003174 -16.266246796 -9.19562149 -1.850518408 0.415936921 -2.992444573
52 13.525115967 0 0 -0.145675089 -0.056425753 -0.199263341
53 11.953033447 0.000011444 0 0.093163932 0.155232176 -0.486128355
54 8.290420532 0.000003815 -0.000007629 0.051380558 0.145084231 -0.400890765
55 7.875 -0.000030518 0 -0.162655751 0.207021551 -0.034347305
56 8.78578949 -0.000045776 0.000011444 -0.132640746 0.409365253 0.420439882
57 8.903720856 -0.000007629 0.000007629 -0.041435449 0.239502086 0.181197993
58 -5.36730957 8.366906166 8.703117371 1.777948394 -0.626241965 3.020537918
59 13.525100708 0.000007629 -0.000003815 -0.294796652 0.025796171 -0.029052018
60 -3.441879272 -10.792385101 9.377006531 1.744346243 -0.788083774 3.124523448
61 13.525123596 0 -0.000007629 -0.559348779 0.15685953 -0.5880879
62 11.953048706 0.000007629 0 0.149888449 0.129414038 -0.450130609
63 8.290390015 0 0 0.064012236 0.210952454 0.205804558
64 7.875 -0.000030518 -0.000001907 -0.058673271 0.162982562 0.31646563
65 19.39491272 -14.052383423 -0.467086792 0.287913188 -0.662679512 -2.042326762
66 26.240753174 0.000007629 0.000003815 0.714556416 -0.642651313 -0.455285097
67 31.970985413 0.000003815 0.000003815 -0.126121275 -0.030539664 0.292373003
68 4.627243042 -2.311290741 4.185634613 -0.024611287 -0.558422955 -0.444239217
69 2.980110168 -0.000004292 -0.000003815 -0.044814452 -0.161464923 0.279695347
70 1.982421875 0.000013351 0 0 0 0.079605056
71 10.844871521 -1.281562805 -1.331680298 -0.01459063 -0.011794345 -0.44466852
72 3.98828125 -0.000008106 0.000038147 0.141909771 0.044574751 -0.24562826
73 2.26953125 -0.000005722 -0.000009537 0.18105451 0.052639246 -0.179635609
74 10.908843994 -1.237384796 0.82958889 -0.013197125 -0.016788242 -0.444561139
75 3.989433289 -0.00001049 0.000038147 0.083518595 0.042893344 -0.181050409
76 3.478294373 -0.000009537 -0.000015259 -0.110527357 0.005560805 -0.282723353
77 10.291893005 -1.202156067 -3.344138145 -0.011976631 -0.027362076 -0.479207941
78 2.757148743 -0.000003815 0.000024796 0.122977527 0.062475046 -0.242323602
79 1.775390625 -0.000009537 -0.000006676 0.631145005 0.121045445 -0.295790883
80 10.971855164 -1.193920135 2.957342148 -0.019549258 0.004207118 -0.487918004
81 3.82421875 -0.000000834 0.000034332 -0.000540752 0.00220531 -0.175621943
82 2.94140625 -0.000007629 -0.000014305 -0.004010348 0.016569113 -0.333038093
83 -0.000015259 0.000007629 0.000001907 0.259740331 0.25423284 -0.735939619
84 19.39491272 13.160593033 -0.467075348 -2.819991628 0.332986008 -1.223849664
85 -26.240753174 -0.000003815 -0.000003815 -0.190207421 -0.061555164 0.277364474
86 -31.971000671 0.000015259 0 -1.565022016 0.286583321 -0.608965151
87 -11.614601135 3.933105469 0.069384575 -1.578444876 1.529198549 -2.544968004
88 -10.484527588 1.069198608 3.539872169 -3.131584703 0.028220486 2.411526648
89 2.757156372 0.000002265 0.000026703 -0.011712134 0.035128624 1.019560794
90 1.775390625 0.000007629 -0.000023842 -0.261071927 -0.262843666 1.059935836
91 -11.046470642 1.142402649 1.529694557 -3.130487012 0.018259081 2.114134707
92 3.98828125 0 0.000038147 0.004872241 -0.009924216 1.610032301
93 2.26953125 0.000007629 0.000000954 -0.076539319 -0.095407065 1.438172442
94 -11.192642212 1.041526794 -2.758434296 -3.116629264 0.004012045 2.226905852
95 3.82421875 0.000038147 0.000051498 0.00053161 0.002187187 1.610324685
96 8.785797119 -0.00003624 -0.000001907 0.08229373 0.071373082 -0.580233542
97 2.94140625 0.000007629 -0.000011444 -0.004550553 0.006091757 1.767588569
98 -11.120124817 1.091545105 -0.631118774 -3.132136147 0.020772815 2.221577138
99 3.98941803 0.000001907 0.000052452 0.021444626 0.041947477 1.751021405
100 3.478290558 0.000022888 -0.00001049 -0.001306817 0.004312204 1.848998194
101 -4.853614807 2.155082703 -4.018517494 3.123057975 0.125574955 2.46129872
102 2.980110168 -0.00000906 0.000011921 0.038574713 -0.163808097 -0.240289671
103 1.982421875 -0.000009537 0.000034332 0 0 -0.040571652
104 0.000015259 -0.000007629 -0.000003815 -0.01786834 -0.032037725 -0.918099438
105 7.08984375 0 -0.000000477 3.141592654 -0.174494795 3.141592654
106 7.528259277 8.168075562 -1.23279953 -3.116366641 0.236439596 -3.091736607
107 -54.911224365 -0.64967823 -0.176695824 1.557584794 0.179167738 0.01327599
108 -61.183189392 0.000000954 0 0.173988939 0.013650073 0.001450443
109 8.588684082 0 1.514415741 0 0 0
110 4.260505676 -21.349506378 -3.218473434 0.049970132 -0.167237822 -0.292242966
111 15.606681824 0 -0.000012159 0.006553249 0.006907593 -0.052637263
112 15.853744507 0.000003815 -0.000006199 0.041906899 -0.008917534 -0.110753985
113 15.151851654 -0.000007629 0.000000954 0.003185054 -0.051762749 -0.022964582
114 11.14995575 0.000007629 -0.000005722 -0.086686369 0.25213168 -0.091396818
115 1.725082397 -0.142127991 11.160655975 -1.570455147 -0.466373298 -0.000081036
116 15.606681824 0 0 0.002026708 0.008708491 0.00950379
117 15.853729248 0 0 0.026744338 0.01109809 -0.067716684
118 15.151863098 0 0 0.005115931 0.017874418 -0.12416295
119 11.149963379 -0.000003815 -0.000000238 0.002726787 0.02204323 0.043712485
120 6.678688049 -0.142132998 -16.932613373 1.579485714 -0.418388232 3.140434232
121 -15.606689453 0.000003815 0.00000003 0.001705946 0.011729753 0.011231431
122 -15.853759766 0 0.00000596 -0.028265476 0.015790697 -0.068349197
123 -15.151855469 -0.000007629 0 -0.000351849 0.021084196 -0.131652799
124 -11.149951935 0.000003815 0.000006199 -0.014313083 0.004439499 0.254171494
125 2.507644653 15.93921566 6.722552299 -1.59590323 0.413815314 -2.99590908
126 -15.606674194 -0.000003815 0 0.004556116 0.047645176 0.002785152
127 -15.853752136 0.000007629 0.000009537 0.000440497 -0.044621277 0.100270882
128 -15.151847839 -0.000003815 0.000011444 -0.009764165 -0.005884854 0.032399451
129 -11.149963379 0 -0.000003815 0.121876023 -0.077096003 -0.093180301
130 2.507621765 -17.075353622 6.722564697 -1.59590323 -0.413815314 -0.145683558
131 15.606666565 0 0 0.016425063 0.051384855 -0.012702919
132 15.853744507 0 0.000003815 0.044261079 -0.039787308 0.045582373
133 15.151855469 0 0 0.001796212 0.001671435 -0.127401947
134 11.149967194 0 -0.000015259 -0.011043716 0.106912573 -0.077023851
135 5.893127441 15.939212799 -12.477539063 -2.972587137 0.119008713 0.558613412
136 15.606674194 0 0.000024796 0.005208849 0.062915729 -0.023844677
137 15.853744507 0.000003815 -0.000011444 -0.079846184 -0.014297072 0.063990355
138 15.151847839 0 -0.000001907 -0.073009629 0.088315455 -0.040406741
139 11.14995575 0.000007629 -0.000011444 0.069256065 -0.254735702 -0.080287531
140 5.893135071 -17.075361252 -12.477552414 1.495996792 -0.068189583 3.008001698
141 -15.606666565 -0.000003815 0.000007629 0.015843933 0.052752914 -0.011498294
142 -15.853736877 0 -0.000011444 -0.022153048 -0.039557677 0.045942772
143 -15.15184021 -0.000003815 0 -0.008479459 -0.001366545 -0.118231782
144 -11.149944305 -0.000003815 -0.000007629 0.015874886 -0.005965757 0.204281709
145 4.260475159 20.773918152 -3.218482971 0.049970132 0.167237822 -2.849349719
146 -15.606689453 0 0 0.003651324 0.021173707 0.035000735
147 -15.853752136 0.000007629 -0.000000238 -0.02410868 0.036510403 -0.066673072
148 -15.151847839 0 0 0.001982168 0.088827766 0.052367249
149 -11.149944305 0.000007629 -0.000000238 -0.025861961 -0.264857586 -0.074691113
150 7.528274536 -8.043749809 -1.232801437 0.008566438 -0.288079564 -0.029590217
151 54.911239624 0.649676323 0.176697254 1.570521047 0.051590535 0.030338628
152 61.183170319 -0.000000715 0.000000954 0.174162246 0.013649947 0.001451626
153 -0.364086866 -2.758008003 4.994803905 0 0 0.000244115
154 -0.364086866 -2.758006096 4.994803905 0 0 0.000244115
155 -0.364086866 -2.758006096 4.994803905 0 0 0.000244115
156 -0.364086866 -2.758006096 4.994803905 0 0 0.000244115
157 -0.364086866 -2.758006096 4.994803905 0 0 0.000244115
158 -0.364086866 -2.758006096 4.994803905 0 0 0.000244115
159 -0.364086866 -2.758006096 4.994803905 0 0 0.000244115
160 -0.364086866 -2.758006096 4.994803905 0 0 0.000244115
161 -0.364086866 -2.758006096 4.994803905 0 0 0.000244115
162 -0.498048782 -4.95163393 0.510848999 0 0 0.000244115
163 -0.364086866 -2.758006096 4.994803905 0 0 0.000244115
time 12
0 -0.364086866 -2.758006096 4.994803905 0 0 0.000244115
1 -0.355920553 12.906789986 1.085067987 0.090693882 -1.47095618 -1.57064761
2 130.809036255 0 -0.000000477 0 0 0
3 6.662017822 -0.142129987 2.521339893 2.979505252 -0.135412228 0.000599246
4 24.360931396 0 0.000011921 0.036650483 0.266559436 0.080886927
5 24.806396484 -0.00000599 0.765956879 0.521982741 -0.29884642 -0.168420685
6 8.120269775 -0.000001997 0.000003815 -0.732822372 0.013737134 0.130743243
7 8.120315552 -0.000000983 0.000001907 0 -0.880742373 0
8 8.120315552 -0.000000983 0.000001907 0 -1.357954675 0
9 5.115219116 7.517074585 -23.079299927 1.64062515 -0.39691911 -0.122180621
10 -13.525115967 0 0 0.056713819 -0.00907801 -0.268145651
11 -11.953033447 -0.000007629 0.000001431 -0.041706922 -0.195056229 -0.526240355
12 -8.290390015 0 0.000000954 -0.026919449 -0.098020735 -0.677572289
13 -7.875 0.000038147 -0.000003815 -0.149188948 0.117712358 -0.268966743
14 -8.78578186 0.000045776 -0.000003815 0.018904044 0.177836236 0.213190391
15 -8.90372467 0.000015259 0.000003815 -0.008119039 0.087415986 0.257136346
16 5.903457642 12.714836121 -17.693172455 1.505980877 -0.425035703 -0.173447516
17 -13.525131226 -0.000007629 0.000007629 0.044541584 0.044648469 -0.280167647
18 -11.953033447 -0.000015259 -0.000003815 -0.008317316 -0.089083108 -0.575300756
19 -8.290374756 0 0 -0.022960517 0.017798599 -0.594006533
20 -7.875 0.000038147 -0.000003815 -0.152162787 0.114551031 -0.315065058
21 -8.78578949 0.000030518 0.000003815 -0.106900711 0.17627928 0.258178922
22 -8.903709412 0 0 -0.098241809 0.062279059 0.225523544
23 5.115219116 -7.603518486 -23.079322815 -1.73764725 0.408248186 -3.064960157
24 13.525115967 0.000007629 0 0.001055532 0.04258176 -0.218758178
25 11.95300293 0.000007629 0.000003815 0.184436779 0.159393709 -0.425749086
26 8.290374756 0.000015259 -0.000007629 0.296883737 -0.031648011 -0.612027251
27 7.875 -0.000030518 0.000001907 0.135905157 -0.129719389 -0.150362957
28 8.785774231 -0.000038147 0.000003815 0.20342452 -0.037257528 0.341031301
29 8.903736115 -0.000007629 -0.000007629 0.017448638 0.231904538 0.136138102
30 5.903442383 -12.801283836 -17.693199158 -1.807776784 0.474627244 -2.989803179
31 13.525100708 0 0 -0.032846711 0.059324346 -0.202375803
32 11.953033447 0.000015259 0 0.153320833 0.151888044 -0.387815635
33 8.290405273 0 0 0.150482801 0.058870214 -0.47424735
34 7.875 -0.000030518 -0.000001907 -0.014332298 -0.012082316 -0.229946521
35 8.78578949 -0.000045776 0.000007629 0.030384613 0.093259686 0.318350925
36 8.903720856 0.000007629 0.000007629 0.012947985 0.23763032 0.234964508
37 4.435455322 0.000127017 -25.179950714 3.00518686 0.527810041 3.084609797
38 14.171005249 0.000021935 1.280700684 -0.0412562 0.163871195 0.044086884
39 10.9765625 0.000020981 0.352539063 0.203073565 0.407243856 0.205849592
40 8.120269775 -0.000003815 -0.000007629 0.184488147 0.462792634 0.032188382
41 8.120262146 0.000001907 -0.000015259 0.136574478 0.153463498 -0.227104701
42 8.120330811 0.000001907 -0.000015259 0.23052373 -0.168921062 -0.303695529
43 8.120323181 -0.000007629 0.000061035 0.004403178 -0.227215729 0.07414227
44 7.146957397 16.179790497 -9.195613861 1.507020945 -0.380117747 -0.233101335
45 -13.525131226 -0.000003815 0.000007629 -0.052841712 -0.073376874 -0.268728266
46 -11.953033447 -0.000007629 0.000007629 0.060019267 0.012221461 -0.650356071
47 -8.290374756 0 0 0.093294408 0.083941736 -0.605692986
48 -7.875 0.000022888 -0.000007629 -0.091548904 0.067539598 -0.310620413
49 -8.785785675 0.000030518 0.000007629 -0.233127336 0.203977098 0.16719323
50 -8.903709412 0 0 -0.126393412 0.112550121 -0.004617633
51 7.147003174 -16.266246796 -9.19562149 -1.806270672 0.429270583 -2.981469198
52 13.525115967 0 0 -0.153544357 -0.064034495 -0.12847331
53 11.953033447 0.000011444 0 0.107469522 0.142362697 -0.416941678
54 8.290420532 0.000003815 -0.000007629 0.075124691 0.150023951 -0.475569539
55 7.875 -0.000030518 0 -0.159554776 0.170743129 -0.244410539
56 8.78578949 -0.000045776 0.000011444 -0.236161442 0.376886314 0.180561908
57 8.903720856 -0.000007629 0.000007629 -0.051019338 0.242508754 0.229792399
58 -5.36730957 8.366906166 8.703117371 1.854326549 -0.593698978 2.990426186
59 13.525100708 0.000007629 -0.000003815 -0.294796652 0.025796171 -0.029052018
60 -3.441879272 -10.792385101 9.377006531 1.834485361 -0.787827478 3.074942385
61 13.525123596 0 -0.000007629 -0.55731266 0.095785309 -0.582299734
62 11.953048706 0.000007629 0 0.116996573 0.074365924 -0.514712221
63 8.290390015 0 0 0.050829819 0.210836928 0.129186061
64 7.875 -0.000030518 -0.000001907 -0.051561664 0.228428144 0.276088608
65 19.39491272 -14.052383423 -0.467086792 0.227232425 -0.557394662 -1.995445399
66 26.240753174 0.000007629 0.000003815 0.513064435 -0.41131643 -0.337746173
67 31.970985413 0.000003815 0.000003815 -0.11864136 -0.036116256 0.333767872
68 4.627243042 -2.311290741 4.185634613 -0.024611287 -0.558422955 -0.444239217
69 2.980110168 -0.000004292 -0.000003815 -0.044814452 -0.161464923 0.279695347
70 1.982421875 0.000013351 0 0 0 0.079605056
71 10.844871521 -1.281562805 -1.331680298 -0.01459063 -0.011794345 -0.44466852
72 3.98828125 -0.000008106 0.000038147 0.141909771 0.044574751 -0.24562826
73 2.26953125 -0.000005722 -0.000009537 0.18105451 0.052639246 -0.179635609
74 10.908843994 -1.237384796 0.82958889 -0.013197125 -0.016788242 -0.444561139
75 3.989433289 -0.00001049 0.000038147 0.083518595 0.042893344 -0.181050409
76 3.478294373 -0.000009537 -0.000015259 -0.110527357 0.005560805 -0.282723353
77 10.291893005 -1.202156067 -3.344138145 -0.011976631 -0.027362076 -0.479207941
78 2.757148743 -0.000003815 0.000024796 0.122977527 0.062475046 -0.242323602
79 1.775390625 -0.000009537 -0.000006676 0.631145005 0.121045445 -0.295790883
80 10.971855164 -1.193920135 2.957342148 -0.019549258 0.004207118 -0.487918004
81 3.82421875 -0.000000834 0.000034332 -0.000540752 0.00220531 -0.175621943
82 2.94140625 -0.000007629 -0.000014305 -0.004010348 0.016569113 -0.333038093
83 -0.000015259 0.000007629 0.000001907 0.265928834 0.24997594 -0.73128217
84 19.39491272 13.160593033 -0.467075348 -2.614568984 0.438664599 -1.050094124
85 -26.240753174 -0.000003815 -0.000003815 -0.192972535 -0.063569725 0.252491389
86 -31.971000671 0.000015259 0 -1.565088124 0.272040105 -0.678844387
87 -11.614601135 3.933105469 0.069384575 -1.578444876 1.529198549 -2.544968004
88 -10.484527588 1.069198608 3.539872169 -3.131584703 0.028220486 2.411526648
89 2.757156372 0.000002265 0.000026703 -0.011712134 0.035128624 1.019560794
90 1.775390625 0.000007629 -0.000023842 -0.261071927 -0.262843666 1.059935836
91 -11.046470642 1.142402649 1.529694557 -3.130487012 0.018259081 2.114134707
92 3.98828125 0 0.000038147 0.004872241 -0.009924216 1.610032301
93 2.26953125 0.000007629 0.000000954 -0.076539319 -0.095407065 1.438172442
94 -11.192642212 1.041526794 -2.758434296 -3.116629264 0.004012045 2.226905852
95 3.82421875 0.000038147 0.000051498 0.00053161 0.002187187 1.610324685
96 8.785797119 -0.00003624 -0.000001907 0.08229373 0.071373082 -0.580233542
97 2.94140625 0.000007629 -0.000011444 -0.004550553 0.006091757 1.767588569
98 -11.120124817 1.091545105 -0.631118774 -3.132136147 0.020772815 2.221577138
99 3.98941803 0.000001907 0.000052452 0.021444626 0.041947477 1.751021405
100 3.478290558 0.000022888 -0.00001049 -0.001306817 0.004312204 1.848998194
101 -4.853614807 2.155082703 -4.018517494 3.123057975 0.125574955 2.46129872
102 2.980110168 -0.00000906 0.000011921 0.038574713 -0.163808097 -0.240289671
103 1.982421875 -0.000009537 0.000034332 0 0 -0.040571652
104 0.000015259 -0.000007629 -0.000003815 -0.01786834 -0.032037725 -0.918099438
105 7.08984375 0 -0.000000477 3.141592654 -0.174494795 3.141592654
106 7.528259277 8.168075562 -1.23279953 -3.114169049 0.243148417 -3.089448794
107 -54.911224365 -0.64967823 -0.176695824 1.556145974 0.190013392 0.011418463
108 -61.183189392 0.000000954 0 0.173988939 0.013650073 0.001450443
109 8.588684082 0 1.514415741 0 0 0
110 4.260505676 -21.349506378 -3.218473434 0.049970132 -0.167237822 -0.292242966
111 15.606681824 0 -0.000012159 0.011117239 0.027659455 -0.051561477
112 15.853744507 0.000003815 -0.000006199 0.046694302 0.002991049 -0.109464495
113 15.151851654 -0.000007629 0.000000954 0.0082144 -0.033493202 -0.021375054
114 11.14995575 0.000007629 -0.000005722 -0.094868601 0.279668013 -0.099606166
115 1.725082397 -0.142127991 11.160655975 -1.570455147 -0.466373298 -0.000081036
116 15.606681824 0 0 0.006248602 0.007759717 0.030754592
117 15.853729248 0 0 0.028052659 0.009840971 -0.055117811
118 15.151863098 0 0 0.007726588 0.017014104 -0.107800873
119 11.149963379 -0.000003815 -0.000000238 0.002791172 0.01888838 0.085077862
120 6.678688049 -0.142132998 -16.932613373 1.579168906 -0.409095857 3.140479108
121 -15.606689453 0.000003815 0.00000003 -0.002221213 0.012724371 0.030802804
122 -15.853759766 0 0.00000596 -0.028122836 0.016403612 -0.049356357
123 -15.151855469 -0.000007629 0 -0.002492954 0.022606748 -0.098129683
124 -11.149951935 0.000003815 0.000006199 -0.020789966 0.001561371 0.282502925
125 2.507644653 15.93921566 6.722552299 -1.59590323 0.413815314 -2.99590908
126 -15.606674194 -0.000003815 0 0.000002447 0.047566972 -0.018045486
127 -15.853752136 0.000007629 0.000009537 0.000523008 -0.045127622 0.087822913
128 -15.151847839 -0.000003815 0.000011444 -0.01049727 -0.006387815 0.016434205
129 -11.149963379 0 -0.000003815 0.123498592 -0.109602498 -0.093421442
130 2.507621765 -17.075353622 6.722564697 -1.59590323 -0.413815314 -0.145683558
131 15.606666565 0 0 0.022141013 0.049287671 0.008489828
132 15.853744507 0 0.000003815 0.045093087 -0.041478634 0.058141458
133 15.151855469 0 0 0.003265705 0.000351592 -0.109331014
134 11.149967194 0 -0.000015259 -0.015592102 0.129640103 -0.066851289
135 5.893127441 15.939212799 -12.477539063 -2.98072047 0.111988409 0.554553616
136 15.606674194 0 0.000024796 0.00859781 0.043275853 -0.025629635
137 15.853744507 0.000003815 -0.000011444 -0.062616609 -0.034056394 0.060239863
138 15.151847839 0 -0.000001907 -0.076833604 0.054534811 -0.051616053
139 11.14995575 0.000007629 -0.000011444 0.081526888 -0.281089653 -0.080304946
140 5.893135071 -17.075361252 -12.477552414 1.495996792 -0.068189583 3.008001698
141 -15.606666565 -0.000003815 0.000007629 0.012056512 0.052695206 0.008607193
142 -15.853736877 0 -0.000011444 -0.023847699 -0.039211977 0.057718528
143 -15.15184021 -0.000003815 0 -0.012694297 -0.000206946 -0.100602136
144 -11.149944305 -0.000003815 -0.000007629 0.015014339 -0.011317019 0.232989817
145 4.260475159 20.773918152 -3.218482971 0.049970132 0.167237822 -2.849349719
146 -15.606689453 0 0 0.000017048 0.000949335 0.035909705
147 -15.853752136 0.000007629 -0.000000238 -0.025072938 0.024396083 -0.065755654
148 -15.151847839 0 0 0.001509824 0.072507553 0.053526343
149 -11.149944305 0.000007629 -0.000000238 -0.032109219 -0.29299349 -0.077660718
150 7.528274536 -8.043749809 -1.232801437 0.008482181 -0.283022366 -0.029545796
151 54.911239624 0.649676323 0.176697254 1.570571479 0.052811031 0.030340275
152 61.183170319 -0.000000715 0.000000954 0.174162246 0.013649947 0.001451626
153 -0.364086866 -2.758008003 4.994803905 0 0 0.000244115
154 -0.364086866 -2.758006096 4.994803905 0 0 0.000244115
155 -0.364086866 -2.758006096 4.994803905 0 0 0.000244115
156 -0.364086866 -2.758006096 4.994803905 0 0 0.000244115
157 -0.364086866 -2.758006096 4.994803905 0 0 0.000244115
158 -0.364086866 -2.758006096 4.994803905 0 0 0.000244115
159 -0.364086866 -2.758006096 4.994803905 0 0 0.000244115
160 -0.364086866 -2.758006096 4.994803905 0 0 0.000244115
161 -0.364086866 -2.758006096 4.994803905 0 0 0.000244115
162 -0.498048782 -4.95163393 0.510848999 0 0 0.000244115
163 -0.364086866 -2.758006096 4.994803905 0 0 0.000244115
time 13
0 -0.364086866 -2.758006096 4.994803905 0 0 0.000244115
1 -0.355920494 11.649795682 1.085067987 0.098912826 -1.46233394 -1.571013324
2 130.809036255 0 -0.000000477 0 0 0
3 6.662017822 -0.142129987 2.521339893 3.051363074 -0.111755024 0.015954496
4 24.360931396 0 0.000011921 0.102505975 0.264120262 0.090284417
5 24.806396484 -0.00000599 0.765956879 0.493809146 -0.30257813 -0.15934706
6 8.120269775 -0.000001997 0.000003815 -0.79630994 0.014903768 0.142105153
7 8.120315552 -0.000000983 0.000001907 0 -0.880742373 0
8 8.120315552 -0.000000983 0.000001907 0 -1.357954675 0
9 5.115219116 7.517074585 -23.079299927 1.576745411 -0.430171746 -0.078913037
10 -13.525115967 0 0 0.061331689 0.034925592 -0.163650519
11 -11.953033447 -0.000007629 0.000001431 -0.054692886 -0.169958264 -0.398616628
12 -8.290390015 0 0.000000954 -0.01724994 -0.137203376 -0.70156725
13 -7.875 0.000038147 -0.000003815 -0.131543672 0.051198882 -0.447727268
14 -8.78578186 0.000045776 -0.000003815 -0.000778398 0.145080045 -0.090526225
15 -8.90372467 0.000015259 0.000003815 -0.016537721 0.106476617 0.302657323
16 5.903457642 12.714836121 -17.693172455 1.44388788 -0.465123746 -0.137640239
17 -13.525131226 -0.000007629 0.000007629 0.051617257 0.063528943 -0.158523165
18 -11.953033447 -0.000015259 -0.000003815 -0.018337565 -0.080674757 -0.437564029
19 -8.290374756 0 0 -0.01391368 -0.002139198 -0.625318899
20 -7.875 0.000038147 -0.000003815 -0.13798778 0.081049448 -0.513369056
21 -8.78578949 0.000030518 0.000003815 -0.127974397 0.176071933 -0.073663883
22 -8.903709412 0 0 -0.113345391 0.075106275 0.271559414
23 5.115219116 -7.603518486 -23.079322815 -1.681906085 0.4202986 -3.02520052
24 13.525115967 0.000007629 0 -0.000868024 0.002270434 -0.154229294
25 11.95300293 0.000007629 0.000003815 0.187739327 0.147070825 -0.322572934
26 8.290374756 0.000015259 -0.000007629 0.280115092 0.016013149 -0.623335961
27 7.875 -0.000030518 0.000001907 0.156494516 -0.118597103 -0.328277027
28 8.785774231 -0.000038147 0.000003815 0.190125521 -0.139562416 0.076661622
29 8.903736115 -0.000007629 -0.000007629 0.015424299 0.228730862 0.131062589
30 5.903442383 -12.801283836 -17.693199158 -1.758196629 0.479217963 -2.958614965
31 13.525100708 0 0 -0.031469972 0.029036856 -0.151689976
32 11.953033447 0.000015259 0 0.160540918 0.134814054 -0.296284344
33 8.290405273 0 0 0.157047421 0.090841425 -0.480159868
34 7.875 -0.000030518 -0.000001907 0.005763599 -0.004227288 -0.390572304
35 8.78578949 -0.000045776 0.000007629 0.003980443 0.034871576 0.04997338
36 8.903720856 0.000007629 0.000007629 0.017493058 0.242467424 0.287275863
37 4.435455322 0.000127017 -25.179950714 3.070300581 0.544814399 3.139245648
38 14.171005249 0.000021935 1.280700684 -0.054042168 0.098795475 -0.007427332
39 10.9765625 0.000020981 0.352539063 0.172856606 0.312364223 0.173083087
40 8.120269775 -0.000003815 -0.000007629 0.196513984 0.453063324 0.103904854
41 8.120262146 0.000001907 -0.000015259 0.118862499 0.315223506 -0.135593079
42 8.120330811 0.000001907 -0.000015259 0.189746785 0.116074727 -0.292787365
43 8.120323181 -0.000007629 0.000061035 0.016215063 -0.277030804 0.067564205
44 7.146957397 16.179790497 -9.195613861 1.44869535 -0.428666432 -0.211929683
45 -13.525131226 -0.000003815 0.000007629 -0.071228333 -0.06851041 -0.131872625
46 -11.953033447 -0.000007629 0.000007629 0.038847623 0.01426879 -0.503355579
47 -8.290374756 0 0 0.106758957 0.104148461 -0.651374992
48 -7.875 0.000022888 -0.000007629 -0.056044837 0.049391878 -0.517673987
49 -8.785785675 0.000030518 0.000007629 -0.256533244 0.158694601 -0.167308702
50 -8.903709412 0 0 -0.147133001 0.120272446 0.039425675
51 7.147003174 -16.266246796 -9.19562149 -1.76270632 0.432803242 -2.966744052
52 13.525115967 0 0 -0.156831726 -0.071656698 -0.075916056
53 11.953033447 0.000011444 0 0.120254056 0.12222899 -0.330200524
54 8.290420532 0.000003815 -0.000007629 0.104030421 0.152413615 -0.493378849
55 7.875 -0.000030518 0 -0.134996182 0.14447389 -0.400153886
56 8.78578949 -0.000045776 0.000011444 -0.297787494 0.326284138 -0.077936596
57 8.903720856 -0.000007629 0.000007629 -0.060590653 0.245152344 0.277844186
58 -5.36730957 8.366906166 8.703117371 1.916309931 -0.574915631 2.979588016
59 13.525100708 0.000007629 -0.000003815 -0.294796652 0.025796171 -0.029052018
60 -3.441879272 -10.792385101 9.377006531 1.903775636 -0.787340241 3.050429841
61 13.525123596 0 -0.000007629 -0.541761877 0.045047305 -0.568191306
62 11.953048706 0.000007629 0 0.101227104 -0.000224712 -0.559193831
63 8.290390015 0 0 0.036895399 0.167027417 0.052561452
64 7.875 -0.000030518 -0.000001907 -0.051904773 0.262775582 0.21078605
65 19.39491272 -14.052383423 -0.467086792 0.184751034 -0.446856258 -1.969356081
66 26.240753174 0.000007629 0.000003815 0.309933943 -0.180029039 -0.220315634
67 31.970985413 0.000003815 0.000003815 -0.112015244 -0.041082675 0.370671839
68 4.627243042 -2.311290741 4.185634613 -0.024611287 -0.558422955 -0.444239217
69 2.980110168 -0.000004292 -0.000003815 -0.044814452 -0.161464923 0.279695347
70 1.982421875 0.000013351 0 0 0 0.079605056
71 10.844871521 -1.281562805 -1.331680298 -0.01459063 -0.011794345 -0.44466852
72 3.98828125 -0.000008106 0.000038147 0.141909771 0.044574751 -0.24562826
73 2.26953125 -0.000005722 -0.000009537 0.18105451 0.052639246 -0.179635609
74 10.908843994 -1.237384796 0.82958889 -0.013197125 -0.016788242 -0.444561139
75 3.989433289 -0.00001049 0.000038147 0.083518595 0.042893344 -0.181050409
76 3.478294373 -0.000009537 -0.000015259 -0.110527357 0.005560805 -0.282723353
77 10.291893005 -1.202156067 -3.344138145 -0.011976631 -0.027362076 -0.479207941
78 2.757148743 -0.000003815 0.000024796 0.122977527 0.062475046 -0.242323602
79 1.775390625 -0.000009537 -0.000006676 0.631145005 0.121045445 -0.295790883
80 10.971855164 -1.193920135 2.957342148 -0.019549258 0.004207118 -0.487918004
81 3.82421875 -0.000000834 0.000034332 -0.000540752 0.00220531 -0.175621943
82 2.94140625 -0.000007629 -0.000014305 -0.004010348 0.016569113 -0.333038093
83 -0.000015259 0.000007629 0.000001907 0.273138924 0.245093148 -0.725703923
84 19.39491272 13.160593033 -0.467075348 -2.409238235 0.538573541 -0.874456078
85 -26.240753174 -0.000003815 -0.000003815 -0.195344213 -0.064988036 0.226879107
86 -31.971000671 0.000015259 0 -1.565199093 0.257310976 -0.744662736
87 -11.614601135 3.933105469 0.069384575 -1.578444876 1.529198549 -2.544968004
88 -10.484527588 1.069198608 3.539872169 -3.131584703 0.028220486 2.411526648
89 2.757156372 0.000002265 0.000026703 -0.011712134 0.035128624 1.019560794
90 1.775390625 0.000007629 -0.000023842 -0.261071927 -0.262843666 1.059935836
91 -11.046470642 1.142402649 1.529694557 -3.130487012 0.018259081 2.114134707
92 3.98828125 0 0.000038147 0.004872241 -0.009924216 1.610032301
93 2.26953125 0.000007629 0.000000954 -0.076539319 -0.095407065 1.438172442
94 -11.192642212 1.041526794 -2.758434296 -3.116629264 0.004012045 2.226905852
95 3.82421875 0.000038147 0.000051498 0.00053161 0.002187187 1.610324685
96 8.785797119 -0.00003624 -0.000001907 0.08229373 0.071373082 -0.580233542
97 2.94140625 0.000007629 -0.000011444 -0.004550553 0.006091757 1.767588569
98 -11.120124817 1.091545105 -0.631118774 -3.132136147 0.020772815 2.221577138
99 3.98941803 0.000001907 0.000052452 0.021444626 0.041947477 1.751021405
100 3.478290558 0.000022888 -0.00001049 -0.001306817 0.004312204 1.848998194
101 -4.853614807 2.155082703 -4.018517494 3.123057975 0.125574955 2.46129872
102 2.980110168 -0.00000906 0.000011921 0.038574713 -0.163808097 -0.240289671
103 1.982421875 -0.000009537 0.000034332 0 0 -0.040571652
104 0.000015259 -0.000007629 -0.000003815 -0.01786834 -0.032037725 -0.918099438
105 7.08984375 0 -0.000000477 3.141592654 -0.174494795 3.141592654
106 7.528259277 8.168075562 -1.23279953 -3.112172454 0.249167232 -3.087355516
107 -54.911224365 -0.64967823 -0.176695824 1.554889543 0.19963648 0.009816634
108 -61.183189392 0.000000954 0 0.173988939 0.013650073 0.001450443
109 8.588684082 0 1.514415741 0 0 0
110 4.260505676 -21.349506378 -3.218473434 0.049970132 -0.167237822 -0.292242966
111 15.606681824 0 -0.000012159 0.015292372 0.040542681 -0.050807026
112 15.853744507 0.000003815 -0.000006199 0.049289286 0.012537874 -0.108625409
113 15.151851654 -0.000007629 0.000000954 0.012828954 -0.013855387 -0.02011559
114 11.14995575 0.000007629 -0.000005722 -0.102314078 0.305071852 -0.107764071
115 1.725082397 -0.142127991 11.160655975 -1.570455147 -0.466373298 -0.000081036
116 15.606681824 0 0 0.010165889 0.006767302 0.044492007
117 15.853729248 0 0 0.02847678 0.008570439 -0.043994274
118 15.151863098 0 0 0.010023997 0.01573268 -0.087650904
119 11.149963379 -0.000003815 -0.000000238 0.002892845 0.015644682 0.126392087
120 6.678688049 -0.142132998 -16.932613373 1.578910138 -0.396885642 3.140459093
121 -15.606689453 0.000003815 0.00000003 -0.006191394 0.013170528 0.04312209
122 -15.853759766 0 0.00000596 -0.027466272 0.016026298 -0.03380315
123 -15.151855469 -0.000007629 0 -0.004497144 0.022993715 -0.068087092
124 -11.149951935 0.000003815 0.000006199 -0.027303456 -0.001431017 0.308645605
125 2.507644653 15.93921566 6.722552299 -1.59590323 0.413815314 -2.99590908
126 -15.606674194 -0.000003815 0 -0.003861053 0.047337044 -0.031779904
127 -15.853752136 0.000007629 0.000009537 0.000668505 -0.045638349 0.076672768
128 -15.151847839 -0.000003815 0.000011444 -0.01121013 -0.007095786 -0.003154016
129 -11.149963379 0 -0.000003815 0.124637411 -0.142079586 -0.093614232
130 2.507621765 -17.075353622 6.722564697 -1.59590323 -0.413815314 -0.145683558
131 15.606666565 0 0 0.027027242 0.04771046 0.021714494
132 15.853744507 0 0.000003815 0.045516718 -0.043121552 0.068724263
133 15.151855469 0 0 0.004725222 -0.001346185 -0.088420595
134 11.149967194 0 -0.000015259 -0.020139641 0.15112894 -0.056675683
135 5.893127441 15.939212799 -12.477539063 -2.991641754 0.10266107 0.549079918
136 15.606674194 0 0.000024796 0.012022263 0.030549287 -0.02683795
137 15.853744507 0.000003815 -0.000011444 -0.045494105 -0.050447868 0.056948008
138 15.151847839 0 -0.000001907 -0.077668082 0.023143037 -0.060515532
139 11.14995575 0.000007629 -0.000011444 0.093063486 -0.305354009 -0.08034808
140 5.893135071 -17.075361252 -12.477552414 1.495996792 -0.068189583 3.008001698
141 -15.606666565 -0.000003815 0.000007629 0.007718848 0.052495143 0.02101268
142 -15.853736877 0 -0.000011444 -0.023873354 -0.039360824 0.067395611
143 -15.15184021 -0.000003815 0 -0.016418422 0.000104466 -0.081941132
144 -11.149944305 -0.000003815 -0.000007629 0.01401161 -0.016713307 0.259403551
145 4.260475159 20.773918152 -3.218482971 0.049970132 0.167237822 -2.849349719
146 -15.606689453 0 0 -0.003589761 -0.012193532 0.036536636
147 -15.853752136 0.000007629 -0.000000238 -0.024890078 0.01378708 -0.065013387
148 -15.151847839 0 0 0.000686817 0.053696701 0.054510689
149 -11.149944305 0.000007629 -0.000000238 -0.038127144 -0.318929578 -0.080636402
150 7.528274536 -8.043749809 -1.232801437 0.008472826 -0.277094263 -0.029507011
151 54.911239624 0.649676323 0.176697254 1.570505674 0.054216466 0.030277839
152 61.183170319 -0.000000715 0.000000954 0.174162246 0.013649947 0.001451626
153 -0.364086866 -2.758008003 4.994803905 0 0 0.000244115
154 -0.364086866 -2.758006096 4.994803905 0 0 0.000244115
155 -0.364086866 -2.758006096 4.994803905 0 0 0.000244115
156 -0.364086866 -2.758006096 4.994803905 0 0 0.000244115
157 -0.364086866 -2.758006096 4.994803905 0 0 0.000244115
158 -0.364086866 -2.758006096 4.994803905 0 0 0.000244115
159 -0.364086866 -2.758006096 4.994803905 0 0 0.000244115
160 -0.364086866 -2.758006096 4.994803905 0 0 0.000244115
161 -0.364086866 -2.758006096 4.994803905 0 0 0.000244115
162 -0.498048782 -4.95163393 0.510848999 0 0 0.000244115
163 -0.364086866 -2.758006096 4.994803905 0 0 0.000244115
time 14
0 -0.364086866 -2.758006096 4.994803905 0 0 0.000244115
1 -0.355920434 10.343889314 1.085067987 0.105473248 -1.455102154 -1.57094226
2 130.809036255 0 -0.000000477 0 0 0
3 6.662017822 -0.142129987 2.521339893 3.117349506 -0.088671595 0.030282532
4 24.360931396 0 0.000011921 0.163124006 0.261551335 0.09855975
5 24.806396484 -0.00000599 0.765956879 0.462435451 -0.306826381 -0.149193875
6 8.120269775 -0.000001997 0.000003815 -0.849654549 0.015910611 0.151659453
7 8.120315552 -0.000000983 0.000001907 0 -0.880742373 0
8 8.120315552 -0.000000983 0.000001907 0 -1.357954675 0
9 5.115219116 7.517074585 -23.079299927 1.52815852 -0.44088699 -0.052828851
10 -13.525115967 0 0 0.063933975 0.073895388 -0.085639653
11 -11.953033447 -0.000007629 0.000001431 -0.066249639 -0.122557983 -0.264102981
12 -8.290390015 0 0.000000954 -0.018459094 -0.150592181 -0.656810578
13 -7.875 0.000038147 -0.000003815 -0.104491607 -0.000482013 -0.556508169
14 -8.78578186 0.000045776 -0.000003815 -0.003192889 0.090445401 -0.334620651
15 -8.90372467 0.000015259 0.000003815 -0.024093316 0.123938441 0.343926949
16 5.903457642 12.714836121 -17.693172455 1.395385128 -0.479336504 -0.114716549
17 -13.525131226 -0.000007629 0.000007629 0.054576478 0.080921695 -0.067631248
18 -11.953033447 -0.000015259 -0.000003815 -0.026011136 -0.058535995 -0.286773829
19 -8.290374756 0 0 -0.009686778 -0.008009992 -0.577482824
20 -7.875 0.000038147 -0.000003815 -0.113060083 0.056432226 -0.631986086
21 -8.78578949 0.000030518 0.000003815 -0.12819206 0.1556563 -0.336181994
22 -8.903709412 0 0 -0.126935887 0.08690584 0.313457728
23 5.115219116 -7.603518486 -23.079322815 -1.639926566 0.421419703 -3.001287304
24 13.525115967 0.000007629 0 -0.001172267 -0.035680651 -0.108636297
25 11.95300293 0.000007629 0.000003815 0.191808149 0.113534476 -0.222975574
26 8.290374756 0.000015259 -0.000007629 0.266459634 0.045488016 -0.584887173
27 7.875 -0.000030518 0.000001907 0.170007 -0.085569206 -0.439333799
28 8.785774231 -0.000038147 0.000003815 0.206321249 -0.190843553 -0.157568122
29 8.903736115 -0.000007629 -0.000007629 0.01324195 0.225124766 0.125450508
30 5.903442383 -12.801283836 -17.693199158 -1.72067165 0.476970522 -2.938704924
31 13.525100708 0 0 -0.029100284 0.000800072 -0.117222955
32 11.953033447 0.000015259 0 0.166248937 0.104216012 -0.210662168
33 8.290405273 0 0 0.166882928 0.108960025 -0.442043474
34 7.875 -0.000030518 -0.000001907 0.025203413 0.015968452 -0.487795084
35 8.78578949 -0.000045776 0.000007629 0.007004387 0.005997769 -0.177941791
36 8.903720856 0.000007629 0.000007629 0.021468991 0.24670722 0.335071891
37 4.435455322 0.000127017 -25.179950714 3.11889537 0.54796492 -3.110040855
38 14.171005249 0.000021935 1.280700684 -0.060249634 0.053970307 -0.05251437
39 10.9765625 0.000020981 0.352539063 0.14533222 0.226844132 0.122636374
40 8.120269775 -0.000003815 -0.000007629 0.195028983 0.398324593 0.132667005
41 8.120262146 0.000001907 -0.000015259 0.123386572 0.396230134 -0.047804579
42 8.120330811 0.000001907 -0.000015259 0.167195457 0.34204113 -0.242600663
43 8.120323181 -0.000007629 0.000061035 0.026997265 -0.322371702 0.061565416
44 7.146957397 16.179790497 -9.195613861 1.400953608 -0.447635071 -0.1953157
45 -13.525131226 -0.000003815 0.000007629 -0.084408798 -0.064673116 -0.029424559
46 -11.953033447 -0.000007629 0.000007629 0.02538788 0.015572341 -0.333970284
47 -8.290374756 0 0 0.120848803 0.125951405 -0.607775478
48 -7.875 0.000022888 -0.000007629 -0.010712301 0.049768015 -0.64824968
49 -8.785785675 0.000030518 0.000007629 -0.23171254 0.119282127 -0.429420205
50 -8.903709412 0 0 -0.166005881 0.127354105 0.079508755
51 7.147003174 -16.266246796 -9.19562149 -1.727346351 0.430392945 -2.954175957
52 13.525115967 0 0 -0.156520064 -0.077845216 -0.038345854
53 11.953033447 0.000011444 0 0.129135809 0.099405003 -0.242152763
54 8.290420532 0.000003815 -0.000007629 0.13518774 0.149826835 -0.466108848
55 7.875 -0.000030518 0 -0.097115071 0.127188314 -0.500724723
56 8.78578949 -0.000045776 0.000011444 -0.313148828 0.273395241 -0.29951504
57 8.903720856 -0.000007629 0.000007629 -0.069406523 0.247437097 0.321588269
58 -5.36730957 8.366906166 8.703117371 1.959388102 -0.572704275 2.983953266
59 13.525100708 0.000007629 -0.000003815 -0.294796652 0.025796171 -0.029052018
60 -3.441879272 -10.792385101 9.377006531 1.945207553 -0.788928124 3.050766129
61 13.525123596 0 -0.000007629 -0.518117954 0.01162445 -0.552447436
62 11.953048706 0.000007629 0 0.102958045 -0.075118918 -0.583762359
63 8.290390015 0 0 0.029060877 0.087553259 -0.011169829
64 7.875 -0.000030518 -0.000001907 -0.059447291 0.251582175 0.130376933
65 19.39491272 -14.052383423 -0.467086792 0.157754962 -0.339577368 -1.960485254
66 26.240753174 0.000007629 0.000003815 0.120601329 0.032422168 -0.112264975
67 31.970985413 0.000003815 0.000003815 -0.106440231 -0.045273603 0.401656062
68 4.627243042 -2.311290741 4.185634613 -0.024611287 -0.558422955 -0.444239217
69 2.980110168 -0.000004292 -0.000003815 -0.044814452 -0.161464923 0.279695347
70 1.982421875 0.000013351 0 0 0 0.079605056
71 10.844871521 -1.281562805 -1.331680298 -0.01459063 -0.011794345 -0.44466852
72 3.98828125 -0.000008106 0.000038147 0.141909771 0.044574751 -0.24562826
73 2.26953125 -0.000005722 -0.000009537 0.18105451 0.052639246 -0.179635609
74 10.908843994 -1.237384796 0.82958889 -0.013197125 -0.016788242 -0.444561139
75 3.989433289 -0.00001049 0.000038147 0.083518595 0.042893344 -0.181050409
76 3.478294373 -0.000009537 -0.000015259 -0.110527357 0.005560805 -0.282723353
77 10.291893005 -1.202156067 -3.344138145 -0.011976631 -0.027362076 -0.479207941
78 2.757148743 -0.000003815 0.000024796 0.122977527 0.062475046 -0.242323602
79 1.775390625 -0.000009537 -0.000006676 0.631145005 0.121045445 -0.295790883
80 10.971855164 -1.193920135 2.957342148 -0.019549258 0.004207118 -0.487918004
81 3.82421875 -0.000000834 0.000034332 -0.000540752 0.00220531 -0.175621943
82 2.94140625 -0.000007629 -0.000014305 -0.004010348 0.016569113 -0.333038093
83 -0.000015259 0.000007629 0.000001907 0.281116177 0.239640764 -0.719616492
84 19.39491272 13.160593033 -0.467075348 -2.220534242 0.626835697 -0.71043993
85 -26.240753174 -0.000003815 -0.000003815 -0.197434632 -0.065876186 0.202367558
86 -31.971000671 0.000015259 0 -1.565301592 0.24365566 -0.802477082
87 -11.614601135 3.933105469 0.069384575 -1.578444876 1.529198549 -2.544968004
88 -10.484527588 1.069198608 3.539872169 -3.131584703 0.028220486 2.411526648
89 2.757156372 0.000002265 0.000026703 -0.011712134 0.035128624 1.019560794
90 1.775390625 0.000007629 -0.000023842 -0.261071927 -0.262843666 1.059935836
91 -11.046470642 1.142402649 1.529694557 -3.130487012 0.018259081 2.114134707
92 3.98828125 0 0.000038147 0.004872241 -0.009924216 1.610032301
93 2.26953125 0.000007629 0.000000954 -0.076539319 -0.095407065 1.438172442
94 -11.192642212 1.041526794 -2.758434296 -3.116629264 0.004012045 2.226905852
95 3.82421875 0.000038147 0.000051498 0.00053161 0.002187187 1.610324685
96 8.785797119 -0.00003624 -0.000001907 0.08229373 0.071373082 -0.580233542
97 2.94140625 0.000007629 -0.000011444 -0.004550553 0.006091757 1.767588569
98 -11.120124817 1.091545105 -0.631118774 -3.132136147 0.020772815 2.221577138
99 3.98941803 0.000001907 0.000052452 0.021444626 0.041947477 1.751021405
100 3.478290558 0.000022888 -0.00001049 -0.001306817 0.004312204 1.848998194
101 -4.853614807 2.155082703 -4.018517494 3.123057975 0.125574955 2.46129872
102 2.980110168 -0.00000906 0.000011921 0.038574713 -0.163808097 -0.240289671
103 1.982421875 -0.000009537 0.000034332 0 0 -0.040571652
104 0.000015259 -0.000007629 -0.000003815 -0.01786834 -0.032037725 -0.918099438
105 7.08984375 0 -0.000000477 3.141592654 -0.174494795 3.141592654
106 7.528259277 8.168075562 -1.23279953 -3.110592944 0.254156166 -3.085669634
107 -54.911224365 -0.64967823 -0.176695824 1.553888054 0.207728765 0.008424589
108 -61.183189392 0.000000954 0 0.173988939 0.013650073 0.001450443
109 8.588684082 0 1.514415741 0 0 0
110 4.260505676 -21.349506378 -3.218473434 0.049970132 -0.167237822 -0.292242966
111 15.606681824 0 -0.000012159 0.018929673 0.047368561 -0.050414155
112 15.853744507 0.000003815 -0.000006199 0.05001087 0.018444759 -0.108130708
113 15.151851654 -0.000007629 0.000000954 0.016804526 0.00292463 -0.019311382
114 11.14995575 0.000007629 -0.000005722 -0.108714661 0.326976491 -0.115323077
115 1.725082397 -0.142127991 11.160655975 -1.570455147 -0.466373298 -0.000081036
116 15.606681824 0 0 0.013878223 0.00568042 0.05244115
117 15.853729248 0 0 0.027928983 0.007234643 -0.035812396
118 15.151863098 0 0 0.011951851 0.014226839 -0.068207746
119 11.149963379 -0.000003815 -0.000000238 0.003019812 0.012482965 0.164295016
120 6.678688049 -0.142132998 -16.932613373 1.578447812 -0.382079237 3.140485866
121 -15.606689453 0.000003815 0.00000003 -0.01003237 0.013117249 0.050177543
122 -15.853759766 0 0.00000596 -0.026058121 0.014826249 -0.021602553
123 -15.151855469 -0.000007629 0 -0.00634134 0.022140672 -0.04245771
124 -11.149951935 0.000003815 0.000006199 -0.033336668 -0.004143594 0.331183411
125 2.507644653 15.93921566 6.722552299 -1.59590323 0.413815314 -2.99590908
126 -15.606674194 -0.000003815 0 -0.007075431 0.046914437 -0.040230921
127 -15.853752136 0.000007629 0.000009537 0.00101095 -0.046331312 0.068198342
128 -15.151847839 -0.000003815 0.000011444 -0.011910864 -0.007986788 -0.022050538
129 -11.149963379 0 -0.000003815 0.125412048 -0.171922319 -0.093744748
130 2.507621765 -17.075353622 6.722564697 -1.59590323 -0.413815314 -0.145683558
131 15.606666565 0 0 0.03115094 0.046436372 0.028788285
132 15.853744507 0 0.000003815 0.045400291 -0.044581551 0.075867362
133 15.151855469 0 0 0.006155241 -0.003154917 -0.069336358
134 11.149967194 0 -0.000015259 -0.024402046 0.170252571 -0.047310676
135 5.893127441 15.939212799 -12.477539063 -3.004824859 0.091394508 0.542271319
136 15.606674194 0 0.000024796 0.015398773 0.022915279 -0.027362091
137 15.853744507 0.000003815 -0.000011444 -0.028833763 -0.063311093 0.053863485
138 15.151847839 0 -0.000001907 -0.075967407 -0.00412805 -0.067663817
139 11.14995575 0.000007629 -0.000011444 0.103193715 -0.326398608 -0.080434576
140 5.893135071 -17.075361252 -12.477552414 1.495996792 -0.068189583 3.008001698
141 -15.606666565 -0.000003815 0.000007629 0.003224395 0.052274536 0.027543298
142 -15.853736877 0 -0.000011444 -0.022479427 -0.040203345 0.073857125
143 -15.15184021 -0.000003815 0 -0.019592164 -0.000383889 -0.065611882
144 -11.149944305 -0.000003815 -0.000007629 0.012968688 -0.021634253 0.282298852
145 4.260475159 20.773918152 -3.218482971 0.049970132 0.167237822 -2.849349719
146 -15.606689453 0 0 -0.007110574 -0.020329426 0.037020089
147 -15.853752136 0.000007629 -0.000000238 -0.023765086 0.00579445 -0.064736201
148 -15.151847839 0 0 -0.000474244 0.03602281 0.055163803
149 -11.149944305 0.000007629 -0.000000238 -0.043484101 -0.341401838 -0.083385841
150 7.528274536 -8.043749809 -1.232801437 0.008366485 -0.270647268 -0.029452115
151 54.911239624 0.649676323 0.176697254 1.570573441 0.055803141 0.030280163
152 61.183170319 -0.000000715 0.000000954 0.174162246 0.013649947 0.001451626
153 -0.364086866 -2.758008003 4.994803905 0 0 0.000244115
154 -0.364086866 -2.758006096 4.994803905 0 0 0.000244115
155 -0.364086866 -2.758006096 4.994803905 0 0 0.000244115
156 -0.364086866 -2.758006096 4.994803905 0 0 0.000244115
157 -0.364086866 -2.758006096 4.994803905 0 0 0.000244115
158 -0.364086866 -2.758006096 4.994803905 0 0 0.000244115
159 -0.364086866 -2.758006096 4.994803905 0 0 0.000244115
160 -0.364086866 -2.758006096 4.994803905 0 0 0.000244115
161 -0.364086866 -2.758006096 4.994803905 0 0 0.000244115
162 -0.498048782 -4.95163393 0.510848999 0 0 0.000244115
163 -0.364086866 -2.758006096 4.994803905 0 0 0.000244115
time 15
0 -0.364086866 -2.758006096 4.994803905 0 0 0.000244115
1 -0.355920374 9.044469833 1.085067987 0.110153745 -1.449568752 -1.570522831
2 130.809036255 0 -0.000000477 0 0 0
3 6.662017822 -0.142129987 2.521339893 -3.11148559 -0.06782183 0.041997222
4 24.360931396 0 0.000011921 0.212928417 0.258970316 0.105052593
5 24.806396484 -0.00000599 0.765956879 0.428433726 -0.311340417 -0.138246671
6 8.120269775 -0.000001997 0.000003815 -0.890579172 0.016712695 0.158928017
7 8.120315552 -0.000000983 0.000001907 0 -0.880742373 0
8 8.120315552 -0.000000983 0.000001907 0 -1.357954675 0
9 5.115219116 7.517074585 -23.079299927 1.502015993 -0.433356526 -0.049710155
10 -13.525115967 0 0 0.063827212 0.102538169 -0.031574535
11 -11.953033447 -0.000007629 0.000001431 -0.069087995 -0.069306951 -0.145603769
12 -8.290390015 0 0.000000954 -0.029377619 -0.140049491 -0.567859205
13 -7.875 0.000038147 -0.000003815 -0.080357387 -0.032446946 -0.599607301
14 -8.78578186 0.000045776 -0.000003815 0.010081224 0.03550576 -0.505927622
15 -8.90372467 0.000015259 0.000003815 -0.030178295 0.138309713 0.377557382
16 5.903457642 12.714836121 -17.693172455 1.368115576 -0.471841726 -0.11062465
17 -13.525131226 -0.000007629 0.000007629 0.053594261 0.093085546 -0.005282911
18 -11.953033447 -0.000015259 -0.000003815 -0.026460242 -0.033359921 -0.152263152
19 -8.290374756 0 0 -0.010223907 -0.001432929 -0.479494198
20 -7.875 0.000038147 -0.000003815 -0.087980088 0.043944482 -0.6770124
21 -8.78578949 0.000030518 0.000003815 -0.108824213 0.131541644 -0.515794878
22 -8.903709412 0 0 -0.137943912 0.096580795 0.347818206
23 5.115219116 -7.603518486 -23.079322815 -1.618424377 0.415748639 -2.998685972
24 13.525115967 0.000007629 0 -0.000073699 -0.065404685 -0.076965945
25 11.95300293 0.000007629 0.000003815 0.192465494 0.069732052 -0.137690356
26 8.290374756 0.000015259 -0.000007629 0.260165551 0.05426049 -0.516666156
27 7.875 -0.000030518 0.000001907 0.17775681 -0.047544343 -0.491165135
28 8.785774231 -0.000038147 0.000003815 0.228223383 -0.202405691 -0.33523374
29 8.903736115 -0.000007629 -0.000007629 0.010749539 0.221354277 0.119291511
30 5.903442383 -12.801283836 -17.693199158 -1.701685308 0.471400572 -2.935576978
31 13.525100708 0 0 -0.026099764 -0.020317861 -0.093349155
32 11.953033447 0.000015259 0 0.168576355 0.067808082 -0.138358511
33 8.290405273 0 0 0.180213248 0.110779918 -0.378596389
34 7.875 -0.000030518 -0.000001907 0.04371845 0.037594054 -0.531948581
35 8.78578949 -0.000045776 0.000007629 0.022880412 -0.000561518 -0.345720244
36 8.903720856 0.000007629 0.000007629 0.024655507 0.250013611 0.374288585
37 4.435455322 0.000127017 -25.179950714 -3.139702823 0.54174196 -3.103171917
38 14.171005249 0.000021935 1.280700684 -0.062086548 0.025081795 -0.085787805
39 10.9765625 0.000020981 0.352539063 0.1232677 0.15844412 0.068711464
40 8.120269775 -0.000003815 -0.000007629 0.184862721 0.324932987 0.126687974
41 8.120262146 0.000001907 -0.000015259 0.134464751 0.412632197 0.018815212
42 8.120330811 0.000001907 -0.000015259 0.164194832 0.495091487 -0.175513306
43 8.120323181 -0.000007629 0.000061035 0.035883923 -0.359534325 0.056576681
44 7.146957397 16.179790497 -9.195613861 1.37139704 -0.440787368 -0.189440783
45 -13.525131226 -0.000003815 0.000007629 -0.093718841 -0.065503648 0.041030087
46 -11.953033447 -0.000007629 0.000007629 0.01953266 0.013039233 -0.180879364
47 -8.290374756 0 0 0.134653869 0.143452746 -0.502688181
48 -7.875 0.000022888 -0.000007629 0.033061242 0.065096547 -0.703079882
49 -8.785785675 0.000030518 0.000007629 -0.175416653 0.094619249 -0.610011018
50 -8.903709412 0 0 -0.18149708 0.13322348 0.11224223
51 7.147003174 -16.266246796 -9.19562149 -1.707168459 0.424789421 -2.949192865
52 13.525115967 0 0 -0.153831881 -0.080764559 -0.010841135
53 11.953033447 0.000011444 0 0.133744875 0.078055665 -0.161882199
54 8.290420532 0.000003815 -0.000007629 0.165394775 0.141798463 -0.408085373
55 7.875 -0.000030518 0 -0.051800723 0.115714972 -0.55252982
56 8.78578949 -0.000045776 0.000011444 -0.292200985 0.227671401 -0.46573545
57 8.903720856 -0.000007629 0.000007629 -0.076709745 0.249204334 0.357374482
58 -5.36730957 8.366906166 8.703117371 1.97854077 -0.588680403 3.000418957
59 13.525100708 0.000007629 -0.000003815 -0.294796652 0.025796171 -0.029052018
60 -3.441879272 -10.792385101 9.377006531 1.954800349 -0.793991854 3.073127825
61 13.525123596 0 -0.000007629 -0.490969354 -0.00151783 -0.539434596
62 11.953048706 0.000007629 0 0.118172738 -0.135398318 -0.592365381
63 8.290390015 0 0 0.029812695 -0.007134908 -0.054326287
64 7.875 -0.000030518 -0.000001907 -0.067733083 0.189478288 0.048570838
65 19.39491272 -14.052383423 -0.467086792 0.144100672 -0.24372926 -1.965477854
66 26.240753174 0.000007629 0.000003815 -0.038969072 0.207478754 -0.02332751
67 31.970985413 0.000003815 0.000003815 -0.102173465 -0.04840032 0.425357009
68 4.627243042 -2.311290741 4.185634613 -0.024611287 -0.558422955 -0.444239217
69 2.980110168 -0.000004292 -0.000003815 -0.044814452 -0.161464923 0.279695347
70 1.982421875 0.000013351 0 0 0 0.079605056
71 10.844871521 -1.281562805 -1.331680298 -0.01459063 -0.011794345 -0.44466852
72 3.98828125 -0.000008106 0.000038147 0.141909771 0.044574751 -0.24562826
73 2.26953125 -0.000005722 -0.000009537 0.18105451 0.052639246 -0.179635609
74 10.908843994 -1.237384796 0.82958889 -0.013197125 -0.016788242 -0.444561139
75 3.989433289 -0.00001049 0.000038147 0.083518595 0.042893344 -0.181050409
76 3.478294373 -0.000009537 -0.000015259 -0.110527357 0.005560805 -0.282723353
77 10.291893005 -1.202156067 -3.344138145 -0.011976631 -0.027362076 -0.479207941
78 2.757148743 -0.000003815 0.000024796 0.122977527 0.062475046 -0.242323602
79 1.775390625 -0.000009537 -0.000006676 0.631145005 0.121045445 -0.295790883
80 10.971855164 -1.193920135 2.957342148 -0.019549258 0.004207118 -0.487918004
81 3.82421875 -0.000000834 0.000034332 -0.000540752 0.00220531 -0.175621943
82 2.94140625 -0.000007629 -0.000014305 -0.004010348 0.016569113 -0.333038093
83 -0.000015259 0.000007629 0.000001907 0.289821245 0.233689234 -0.713034376
84 19.39491272 13.160593033 -0.467075348 -2.065132175 0.697233575 -0.571460837
85 -26.240753174 -0.000003815 -0.000003815 -0.199002915 -0.066429863 0.180613513
86 -31.971000671 0.000015259 0 -1.565333092 0.232091706 -0.848620805
87 -11.614601135 3.933105469 0.069384575 -1.578444876 1.529198549 -2.544968004
88 -10.484527588 1.069198608 3.539872169 -3.131584703 0.028220486 2.411526648
89 2.757156372 0.000002265 0.000026703 -0.011712134 0.035128624 1.019560794
90 1.775390625 0.000007629 -0.000023842 -0.261071927 -0.262843666 1.059935836
91 -11.046470642 1.142402649 1.529694557 -3.130487012 0.018259081 2.114134707
92 3.98828125 0 0.000038147 0.004872241 -0.009924216 1.610032301
93 2.26953125 0.000007629 0.000000954 -0.076539319 -0.095407065 1.438172442
94 -11.192642212 1.041526794 -2.758434296 -3.116629264 0.004012045 2.226905852
95 3.82421875 0.000038147 0.000051498 0.00053161 0.002187187 1.610324685
96 8.785797119 -0.00003624 -0.000001907 0.08229373 0.071373082 -0.580233542
97 2.94140625 0.000007629 -0.000011444 -0.004550553 0.006091757 1.767588569
98 -11.120124817 1.091545105 -0.631118774 -3.132136147 0.020772815 2.221577138
99 3.98941803 0.000001907 0.000052452 0.021444626 0.041947477 1.751021405
100 3.478290558 0.000022888 -0.00001049 -0.001306817 0.004312204 1.848998194
101 -4.853614807 2.155082703 -4.018517494 3.123057975 0.125574955 2.46129872
102 2.980110168 -0.00000906 0.000011921 0.038574713 -0.163808097 -0.240289671
103 1.982421875 -0.000009537 0.000034332 0 0 -0.040571652
104 0.000015259 -0.000007629 -0.000003815 -0.01786834 -0.032037725 -0.918099438
105 7.08984375 0 -0.000000477 3.141592654 -0.174494795 3.141592654
106 7.528259277 8.168075562 -1.23279953 -3.10935534 0.257939632 -3.084391346
107 -54.911224365 -0.64967823 -0.176695824 1.553102463 0.213922242 0.007369814
108 -61.183189392 0.000000954 0 0.173988939 0.013650073 0.001450443
109 8.588684082 0 1.514415741 0 0 0
110 4.260505676 -21.349506378 -3.218473434 0.049970132 -0.167237822 -0.292242966
111 15.606681824 0 -0.000012159 0.021992055 0.04943103 -0.050234595
112 15.853744507 0.000003815 -0.000006199 0.048764123 0.020712795 -0.10817291
113 15.151851654 -0.000007629 0.000000954 0.020142336 0.015211293 -0.018924606
114 11.14995575 0.000007629 -0.000005722 -0.113681102 0.3442903 -0.121443181
115 1.725082397 -0.142127991 11.160655975 -1.570455147 -0.466373298 -0.000081036
116 15.606681824 0 0 0.017140326 0.004615696 0.055895955
117 15.853729248 0 0 0.026498402 0.005932759 -0.030740529
118 15.151863098 0 0 0.013491847 0.012440061 -0.052059492
119 11.149963379 -0.000003815 -0.000000238 0.003022457 0.009590889 0.195576917
120 6.678688049 -0.142132998 -16.932613373 1.577909961 -0.364997626 3.140590152
121 -15.606689453 0.000003815 0.00000003 -0.013482034 0.0125345 0.053267835
122 -15.853759766 0 0.00000596 -0.024077021 0.012799355 -0.012412289
123 -15.151855469 -0.000007629 0 -0.007987363 0.020286617 -0.021489254
124 -11.149951935 0.000003815 0.000006199 -0.038307754 -0.00648403 0.348948827
125 2.507644653 15.93921566 6.722552299 -1.59590323 0.413815314 -2.99590908
126 -15.606674194 -0.000003815 0 -0.00958331 0.046413991 -0.044518984
127 -15.853752136 0.000007629 0.000009537 0.001722565 -0.046951434 0.06273946
128 -15.151847839 -0.000003815 0.000011444 -0.012606239 -0.009044626 -0.037839446
129 -11.149963379 0 -0.000003815 0.125930862 -0.196512035 -0.093795821
130 2.507621765 -17.075353622 6.722564697 -1.59590323 -0.413815314 -0.145683558
131 15.606666565 0 0 0.034468278 0.045402409 0.031006965
132 15.853744507 0 0.000003815 0.044589065 -0.045753807 0.079316732
133 15.151855469 0 0 0.007475115 -0.004977569 -0.054405404
134 11.149967194 0 -0.000015259 -0.027875564 0.185437503 -0.039614113
135 5.893127441 15.939212799 -12.477539063 -3.019951498 0.078422203 0.534356299
136 15.606674194 0 0.000024796 0.018558978 0.019073821 -0.027361343
137 15.853744507 0.000003815 -0.000011444 -0.012573412 -0.073004413 0.050908091
138 15.151847839 0 -0.000001907 -0.07219694 -0.026774047 -0.073596876
139 11.14995575 0.000007629 -0.000011444 0.111284035 -0.342821902 -0.080442549
140 5.893135071 -17.075361252 -12.477552414 1.495996792 -0.068189583 3.008001698
141 -15.606666565 -0.000003815 0.000007629 -0.001131702 0.051904615 0.029588329
142 -15.853736877 0 -0.000011444 -0.019576861 -0.041576019 0.077181736
143 -15.15184021 -0.000003815 0 -0.022064432 -0.001537507 -0.053250024
144 -11.149944305 -0.000003815 -0.000007629 0.011910087 -0.025723203 0.30035278
145 4.260475159 20.773918152 -3.218482971 0.049970132 0.167237822 -2.849349719
146 -15.606689453 0 0 -0.010471599 -0.024496779 0.037249892
147 -15.853752136 0.000007629 -0.000000238 -0.021779947 0.00050459 -0.064671838
148 -15.151847839 0 0 -0.001828434 0.021206999 0.055578905
149 -11.149944305 0.000007629 -0.000000238 -0.047850081 -0.358959196 -0.085683331
150 7.528274536 -8.043749809 -1.232801437 0.008261195 -0.263506262 -0.029481247
151 54.911239624 0.649676323 0.176697254 1.570525685 0.057513729 0.030279331
152 61.183170319 -0.000000715 0.000000954 0.174162246 0.013649947 0.001451626
153 -0.364086866 -2.758008003 4.994803905 0 0 0.000244115
154 -0.364086866 -2.758006096 4.994803905 0 0 0.000244115
155 -0.364086866 -2.758006096 4.994803905 0 0 0.000244115
156 -0.364086866 -2.758006096 4.994803905 0 0 0.000244115
157 -0.364086866 -2.758006096 4.994803905 0 0 0.000244115
158 -0.364086866 -2.758006096 4.994803905 0 0 0.000244115
159 -0.364086866 -2.758006096 4.994803905 0 0 0.000244115
160 -0.364086866 -2.758006096 4.994803905 0 0 0.000244115
161 -0.364086866 -2.758006096 4.994803905 0 0 0.000244115
162 -0.498048782 -4.95163393 0.510848999 0 0 0.000244115
163 -0.364086866 -2.758006096 4.994803905 0 0 0.000244115
time 16
0 -0.364086866 -2.758006096 4.994803905 0 0 0.000244115
1 -0.355920315 7.806941111 1.085067987 0.113607701 -1.445921545 -1.570718089
2 130.809036255 0 -0.000000477 0 0 0
3 6.662017822 -0.142129987 2.521339893 -3.074614456 -0.050750016 0.049968151
4 24.360931396 0 0.000011921 0.246743326 0.256493183 0.109337387
5 24.806396484 -0.00000599 0.765956879 0.392267976 -0.316118981 -0.126566715
6 8.120269775 -0.000001997 0.000003815 -0.91678358 0.017187403 0.163644612
7 8.120315552 -0.000000983 0.000001907 0 -0.880742373 0
8 8.120315552 -0.000000983 0.000001907 0 -1.357954675 0
9 5.115219116 7.517074585 -23.079299927 1.503527019 -0.408132858 -0.072971647
10 -13.525115967 0 0 0.060754089 0.119046339 0.003621634
11 -11.953033447 -0.000007629 0.000001431 -0.063602223 -0.020484519 -0.046508034
12 -8.290390015 0 0.000000954 -0.042675281 -0.112717097 -0.465076556
13 -7.875 0.000038147 -0.000003815 -0.065974729 -0.045389154 -0.591555752
14 -8.78578186 0.000045776 -0.000003815 0.030201981 -0.008200661 -0.612107562
15 -8.90372467 0.000015259 0.000003815 -0.034290444 0.148101613 0.400284801
16 5.903457642 12.714836121 -17.693172455 1.367688024 -0.443051673 -0.12892224
17 -13.525131226 -0.000007629 0.000007629 0.049315419 0.098157473 0.034323043
18 -11.953033447 -0.000015259 -0.000003815 -0.020733126 -0.012413326 -0.039755294
19 -8.290374756 0 0 -0.011782888 0.013886555 -0.365432737
20 -7.875 0.000038147 -0.000003815 -0.069187056 0.042346277 -0.668587215
21 -8.78578949 0.000030518 0.000003815 -0.078630925 0.113158671 -0.623310577
22 -8.903709412 0 0 -0.145340884 0.103149264 0.371016916
23 5.115219116 -7.603518486 -23.079322815 -1.622620758 0.404503096 -3.020995455
24 13.525115967 0.000007629 0 0.002065237 -0.082430206 -0.054258437
25 11.95300293 0.000007629 0.000003815 0.188602159 0.024845062 -0.067291136
26 8.290374756 0.000015259 -0.000007629 0.260071382 0.044053658 -0.437575819
27 7.875 -0.000030518 0.000001907 0.184176107 -0.015505384 -0.497585024
28 8.785774231 -0.000038147 0.000003815 0.245244245 -0.193061372 -0.45451428
29 8.903736115 -0.000007629 -0.000007629 0.008151513 0.217317706 0.112871022
30 5.903442383 -12.801283836 -17.693199158 -1.706518504 0.464020593 -2.952897714
31 13.525100708 0 0 -0.023134616 -0.030495782 -0.074774207
32 11.953033447 0.000015259 0 0.167397653 0.032205706 -0.079013818
33 8.290405273 0 0 0.194379775 0.097701269 -0.305743401
34 7.875 -0.000030518 -0.000001907 0.063371574 0.053602185 -0.536331017
35 8.78578949 -0.000045776 0.000007629 0.04369452 0.003422418 -0.456815138
36 8.903720856 0.000007629 0.000007629 0.026732057 0.252231558 0.400788259
37 4.435455322 0.000127017 -25.179950714 3.13861537 0.527928045 -3.127465059
38 14.171005249 0.000021935 1.280700684 -0.061434646 0.007681539 -0.104517508
39 10.9765625 0.000020981 0.352539063 0.105973869 0.106169645 0.018533671
40 8.120269775 -0.000003815 -0.000007629 0.171984544 0.251209684 0.098891614
41 8.120262146 0.000001907 -0.000015259 0.142554014 0.388289454 0.056735842
42 8.120330811 0.000001907 -0.000015259 0.171554944 0.58571781 -0.109072401
43 8.120323181 -0.000007629 0.000061035 0.041889177 -0.38459537 0.05324595
44 7.146957397 16.179790497 -9.195613861 1.365809822 -0.407823658 -0.197963519
45 -13.525131226 -0.000003815 0.000007629 -0.10006549 -0.07333988 0.087067732
46 -11.953033447 -0.000007629 0.000007629 0.0187898 0.004478862 -0.053915055
47 -8.290374756 0 0 0.146196487 0.156039657 -0.376061988
48 -7.875 0.000022888 -0.000007629 0.068282138 0.089657871 -0.699834951
49 -8.785785675 0.000030518 0.000007629 -0.10458852 0.086720396 -0.720146847
50 -8.903709412 0 0 -0.191925472 0.137145025 0.134412122
51 7.147003174 -16.266246796 -9.19562149 -1.707330069 0.417239916 -2.955281769
52 13.525115967 0 0 -0.1501083 -0.077681898 0.011301632
53 11.953033447 0.000011444 0 0.134736064 0.061618296 -0.091606529
54 8.290420532 0.000003815 -0.000007629 0.191974174 0.129516923 -0.333519341
55 7.875 -0.000030518 0 -0.003255357 0.107044454 -0.564392735
56 8.78578949 -0.000045776 0.000011444 -0.246315682 0.190644945 -0.579544795
57 8.903720856 -0.000007629 0.000007629 -0.081616604 0.250343728 0.381598547
58 -5.36730957 8.366906166 8.703117371 1.967961739 -0.622478599 3.028029542
59 13.525100708 0.000007629 -0.000003815 -0.294796652 0.025796171 -0.029052018
60 -3.441879272 -10.792385101 9.377006531 1.928243819 -0.802086298 3.1155285
61 13.525123596 0 -0.000007629 -0.464850356 0.005784313 -0.530876652
62 11.953048706 0.000007629 0 0.141769992 -0.172864296 -0.589362624
63 8.290390015 0 0 0.036618787 -0.095129518 -0.077040643
64 7.875 -0.000030518 -0.000001907 -0.069656728 0.088835337 -0.019437259
65 19.39491272 -14.052383423 -0.467086792 0.143017181 -0.166820939 -1.981994863
66 26.240753174 0.000007629 0.000003815 -0.153312258 0.326263224 0.037014931
67 31.970985413 0.000003815 0.000003815 -0.099386716 -0.05053762 0.440597702
68 4.627243042 -2.311290741 4.185634613 -0.024611287 -0.558422955 -0.444239217
69 2.980110168 -0.000004292 -0.000003815 -0.044814452 -0.161464923 0.279695347
70 1.982421875 0.000013351 0 0 0 0.079605056
71 10.844871521 -1.281562805 -1.331680298 -0.01459063 -0.011794345 -0.44466852
72 3.98828125 -0.000008106 0.000038147 0.141909771 0.044574751 -0.24562826
73 2.26953125 -0.000005722 -0.000009537 0.18105451 0.052639246 -0.179635609
74 10.908843994 -1.237384796 0.82958889 -0.013197125 -0.016788242 -0.444561139
75 3.989433289 -0.00001049 0.000038147 0.083518595 0.042893344 -0.181050409
76 3.478294373 -0.000009537 -0.000015259 -0.110527357 0.005560805 -0.282723353
77 10.291893005 -1.202156067 -3.344138145 -0.011976631 -0.027362076 -0.479207941
78 2.757148743 -0.000003815 0.000024796 0.122977527 0.062475046 -0.242323602
79 1.775390625 -0.000009537 -0.000006676 0.631145005 0.121045445 -0.295790883
80 10.971855164 -1.193920135 2.957342148 -0.019549258 0.004207118 -0.487918004
81 3.82421875 -0.000000834 0.000034332 -0.000540752 0.00220531 -0.175621943
82 2.94140625 -0.000007629 -0.000014305 -0.004010348 0.016569113 -0.333038093
83 -0.000015259 0.000007629 0.000001907 0.298991459 0.227409138 -0.70597375
84 19.39491272 13.160593033 -0.467075348 -1.959720548 0.743878428 -0.47093247
85 -26.240753174 -0.000003815 -0.000003815 -0.199958317 -0.066618771 0.163515605
86 -31.971000671 0.000015259 0 -1.565374834 0.223886579 -0.879066391
87 -11.614601135 3.933105469 0.069384575 -1.578444876 1.529198549 -2.544968004
88 -10.484527588 1.069198608 3.539872169 -3.131584703 0.028220486 2.411526648
89 2.757156372 0.000002265 0.000026703 -0.011712134 0.035128624 1.019560794
90 1.775390625 0.000007629 -0.000023842 -0.261071927 -0.262843666 1.059935836
91 -11.046470642 1.142402649 1.529694557 -3.130487012 0.018259081 2.114134707
92 3.98828125 0 0.000038147 0.004872241 -0.009924216 1.610032301
93 2.26953125 0.000007629 0.000000954 -0.076539319 -0.095407065 1.438172442
94 -11.192642212 1.041526794 -2.758434296 -3.116629264 0.004012045 2.226905852
95 3.82421875 0.000038147 0.000051498 0.00053161 0.002187187 1.610324685
96 8.785797119 -0.00003624 -0.000001907 0.08229373 0.071373082 -0.580233542
97 2.94140625 0.000007629 -0.000011444 -0.004550553 0.006091757 1.767588569
98 -11.120124817 1.091545105 -0.631118774 -3.132136147 0.020772815 2.221577138
99 3.98941803 0.000001907 0.000052452 0.021444626 0.041947477 1.751021405
100 3.478290558 0.000022888 -0.00001049 -0.001306817 0.004312204 1.848998194
101 -4.853614807 2.155082703 -4.018517494 3.123057975 0.125574955 2.46129872
102 2.980110168 -0.00000906 0.000011921 0.038574713 -0.163808097 -0.240289671
103 1.982421875 -0.000009537 0.000034332 0 0 -0.040571652
104 0.000015259 -0.000007629 -0.000003815 -0.01786834 -0.032037725 -0.918099438
105 7.08984375 0 -0.000000477 3.141592654 -0.174494795 3.141592654
106 7.528259277 8.168075562 -1.23279953 -3.10855722 0.260433529 -3.083540185
107 -54.911224365 -0.64967823 -0.176695824 1.552617806 0.217909138 0.006730515
108 -61.183189392 0.000000954 0 0.173988939 0.013650073 0.001450443
109 8.588684082 0 1.514415741 0 0 0
110 4.260505676 -21.349506378 -3.218473434 0.049970132 -0.167237822 -0.292242966
111 15.606681824 0 -0.000012159 0.024282355 0.047589628 -0.050286257
112 15.853744507 0.000003815 -0.000006199 0.04570742 0.019604723 -0.108571255
113 15.151851654 -0.000007629 0.000000954 0.022665243 0.022485931 -0.018823875
114 11.14995575 0.000007629 -0.000005722 -0.116920895 0.355634697 -0.12561865
115 1.725082397 -0.142127991 11.160655975 -1.570455147 -0.466373298 -0.000081036
116 15.606681824 0 0 0.019872076 0.00350573 0.05563281
117 15.853729248 0 0 0.024106375 0.004575088 -0.028605151
118 15.151863098 0 0 0.014555674 0.010392398 -0.039979621
119 11.149963379 -0.000003815 -0.000000238 0.003043646 0.007222656 0.216833187
120 6.678688049 -0.142132998 -16.932613373 1.577427992 -0.346145646 3.140619164
121 -15.606689453 0.000003815 0.00000003 -0.016533073 0.011491813 0.053085072
122 -15.853759766 0 0.00000596 -0.021349443 0.009952366 -0.005717234
123 -15.151855469 -0.000007629 0 -0.009275336 0.017415646 -0.004483157
124 -11.149951935 0.000003815 0.000006199 -0.041635224 -0.007943295 0.36058055
125 2.507644653 15.93921566 6.722552299 -1.59590323 0.413815314 -2.99590908
126 -15.606674194 -0.000003815 0 -0.011411073 0.045936128 -0.045595002
127 -15.853752136 0.000007629 0.000009537 0.00289349 -0.047672823 0.059774515
128 -15.151847839 -0.000003815 0.000011444 -0.013215915 -0.010173351 -0.049917099
129 -11.149963379 0 -0.000003815 0.126124283 -0.213132847 -0.093813656
130 2.507621765 -17.075353622 6.722564697 -1.59590323 -0.413815314 -0.145683558
131 15.606666565 0 0 0.036920305 0.044620229 0.029235
132 15.853744507 0 0.000003815 0.042983418 -0.046820883 0.079675841
133 15.151855469 0 0 0.008525644 -0.006804515 -0.04431378
134 11.149967194 0 -0.000015259 -0.030176659 0.195613187 -0.034362695
135 5.893127441 15.939212799 -12.477539063 -3.036698291 0.064081547 0.525204957
136 15.606674194 0 0.000024796 0.021425193 0.018157842 -0.026826097
137 15.853744507 0.000003815 -0.000011444 0.003000077 -0.079873345 0.048174434
138 15.151847839 0 -0.000001907 -0.066754043 -0.045239403 -0.078591308
139 11.14995575 0.000007629 -0.000011444 0.116574764 -0.353557906 -0.080492033
140 5.893135071 -17.075361252 -12.477552414 1.495996792 -0.068189583 3.008001698
141 -15.606666565 -0.000003815 0.000007629 -0.005417248 0.051271976 0.027837929
142 -15.853736877 0 -0.000011444 -0.015341623 -0.043463216 0.077713108
143 -15.15184021 -0.000003815 0 -0.023838518 -0.003470413 -0.044850374
144 -11.149944305 -0.000003815 -0.000007629 0.010732009 -0.028427842 0.312150189
145 4.260475159 20.773918152 -3.218482971 0.049970132 0.167237822 -2.849349719
146 -15.606689453 0 0 -0.013514524 -0.025649355 0.037209224
147 -15.853752136 0.000007629 -0.000000238 -0.019010247 -0.002344459 -0.064902282
148 -15.151847839 0 0 -0.003093215 0.009843894 0.055753362
149 -11.149944305 0.000007629 -0.000000238 -0.050737452 -0.370479697 -0.08715913
150 7.528274536 -8.043749809 -1.232801437 0.008138975 -0.256020895 -0.029420188
151 54.911239624 0.649676323 0.176697254 1.570484882 0.059285359 0.030339734
152 61.183170319 -0.000000715 0.000000954 0.174162246 0.013649947 0.001451626
153 -0.364086866 -2.758008003 4.994803905 0 0 0.000244115
154 -0.364086866 -2.758006096 4.994803905 0 0 0.000244115
155 -0.364086866 -2.758006096 4.994803905 0 0 0.000244115
156 -0.364086866 -2.758006096 4.994803905 0 0 0.000244115
157 -0.364086866 -2.758006096 4.994803905 0 0 0.000244115
158 -0.364086866 -2.758006096 4.994803905 0 0 0.000244115
159 -0.364086866 -2.758006096 4.994803905 0 0 0.000244115
160 -0.364086866 -2.758006096 4.994803905 0 0 0.000244115
161 -0.364086866 -2.758006096 4.994803905 0 0 0.000244115
162 -0.498048782 -4.95163393 0.510848999 0 0 0.000244115
163 -0.364086866 -2.758006096 4.994803905 0 0 0.000244115
time 17
0 -0.364086866 -2.758006096 4.994803905 0 0 0.000244115
1 -0.355920285 6.686696872 1.085067987 0.11458637 -1.444710276 -1.570589803
2 130.809036255 0 -0.000000477 0 0 0
3 6.662017822 -0.142129987 2.521339893 -3.061068763 -0.038773452 0.052878454
4 24.360931396 0 0.000011921 0.259250927 0.254150079 0.11089028
5 24.806396484 -0.00000599 0.765956879 0.354783193 -0.321117816 -0.114446496
6 8.120269775 -0.000001997 0.000003815 -0.926012622 0.017363121 0.165306347
7 8.120315552 -0.000000983 0.000001907 0 -0.880742373 0
8 8.120315552 -0.000000983 0.000001907 0 -1.357954675 0
9 5.115219116 7.517074585 -23.079299927 1.535656735 -0.361124017 -0.12454811
10 -13.525115967 0 0 0.055666851 0.122184549 0.024861181
11 -11.953033447 -0.000007629 0.000001431 -0.052491747 0.021378759 0.041235881
12 -8.290390015 0 0.000000954 -0.053043692 -0.075078745 -0.366106067
13 -7.875 0.000038147 -0.000003815 -0.061278336 -0.042363107 -0.555839275
14 -8.78578186 0.000045776 -0.000003815 0.050773497 -0.038071677 -0.671341338
15 -8.90372467 0.000015259 0.000003815 -0.035795987 0.151688641 0.408567268
16 5.903457642 12.714836121 -17.693172455 1.396870378 -0.387953212 -0.171063012
17 -13.525131226 -0.000007629 0.000007629 0.042915807 0.094154698 0.057605311
18 -11.953033447 -0.000015259 -0.000003815 -0.011435701 0.001641952 0.06059526
19 -8.290374756 0 0 -0.01158218 0.034899183 -0.253397064
20 -7.875 0.000038147 -0.000003815 -0.058012399 0.049997315 -0.636237444
21 -8.78578949 0.000030518 0.000003815 -0.046217188 0.103865698 -0.681615826
22 -8.903709412 0 0 -0.148001668 0.105605138 0.379498537
23 5.115219116 -7.603518486 -23.079322815 -1.656206355 0.386279926 -3.070449243
24 13.525115967 0.000007629 0 0.00385656 -0.083349768 -0.036533815
25 11.95300293 0.000007629 0.000003815 0.180794081 -0.015678429 -0.006794928
26 8.290374756 0.000015259 -0.000007629 0.263142828 0.018160786 -0.359350816
27 7.875 -0.000030518 0.000001907 0.192312404 0.004682208 -0.474173398
28 8.785774231 -0.000038147 0.000003815 0.256734679 -0.176863648 -0.526995516
29 8.903736115 -0.000007629 -0.000007629 0.00544777 0.213100239 0.106104994
30 5.903442383 -12.801283836 -17.693199158 -1.738839774 0.454593984 -2.992455003
31 13.525100708 0 0 -0.02145768 -0.025829167 -0.057053103
32 11.953033447 0.000015259 0 0.163122429 0.002902055 -0.028083466
33 8.290405273 0 0 0.206733743 0.073082969 -0.233450782
34 7.875 -0.000030518 -0.000001907 0.085525266 0.059592943 -0.514623887
35 8.78578949 -0.000045776 0.000007629 0.067213779 0.009340335 -0.523507481
36 8.903720856 0.000007629 0.000007629 0.027529353 0.25299081 0.410513044
37 4.435455322 0.000127017 -25.179950714 3.100137219 0.504084117 3.096947616
38 14.171005249 0.000021935 1.280700684 -0.060160595 -0.001807436 -0.105953866
39 10.9765625 0.000020981 0.352539063 0.092112654 0.064657369 -0.02641421
40 8.120269775 -0.000003815 -0.000007629 0.159530384 0.184320044 0.057997022
41 8.120262146 0.000001907 -0.000015259 0.145283324 0.34505629 0.068933571
42 8.120330811 0.000001907 -0.000015259 0.179273746 0.635523861 -0.05448965
43 8.120323181 -0.000007629 0.000061035 0.044140662 -0.393871495 0.051947616
44 7.146957397 16.179790497 -9.195613861 1.387579985 -0.343470271 -0.221341028
45 -13.525131226 -0.000003815 0.000007629 -0.102819753 -0.091174929 0.116537559
46 -11.953033447 -0.000007629 0.000007629 0.020274828 -0.012672675 0.057456878
47 -8.290374756 0 0 0.154796546 0.167350653 -0.251085445
48 -7.875 0.000022888 -0.000007629 0.092644882 0.120857947 -0.670011771
49 -8.785785675 0.000030518 0.000007629 -0.033168445 0.094504545 -0.781652106
50 -8.903709412 0 0 -0.195770151 0.138618621 0.14257981
51 7.147003174 -16.266246796 -9.19562149 -1.731870952 0.408371645 -2.973661404
52 13.525115967 0 0 -0.146996045 -0.065660289 0.032461605
53 11.953033447 0.000011444 0 0.133446292 0.053316502 -0.028717185
54 8.290420532 0.000003815 -0.000007629 0.213201053 0.115339974 -0.252843123
55 7.875 -0.000030518 0 0.046090851 0.098545848 -0.545699703
56 8.78578949 -0.000045776 0.000011444 -0.183784561 0.160339839 -0.650338903
57 8.903720856 -0.000007629 0.000007629 -0.083425958 0.250756428 0.390436866
58 -5.36730957 8.366906166 8.703117371 1.920436121 -0.671764356 3.069016589
59 13.525100708 0.000007629 -0.000003815 -0.294796652 0.025796171 -0.029052018
60 -3.441879272 -10.792385101 9.377006531 1.861793179 -0.811107935 -3.106619646
61 13.525123596 0 -0.000007629 -0.443579034 0.03244191 -0.526854127
62 11.953048706 0.000007629 0 0.168946111 -0.1841438 -0.577208769
63 8.290390015 0 0 0.045851051 -0.162864461 -0.084847159
64 7.875 -0.000030518 -0.000001907 -0.063547125 -0.024561913 -0.065906836
65 19.39491272 -14.052383423 -0.467086792 0.154818854 -0.116150466 -2.008262226
66 26.240753174 0.000007629 0.000003815 -0.206602687 0.369998375 0.059221392
67 31.970985413 0.000003815 0.000003815 -0.098409929 -0.051232935 0.445915973
68 4.627243042 -2.311290741 4.185634613 -0.024611287 -0.558422955 -0.444239217
69 2.980110168 -0.000004292 -0.000003815 -0.044814452 -0.161464923 0.279695347
70 1.982421875 0.000013351 0 0 0 0.079605056
71 10.844871521 -1.281562805 -1.331680298 -0.01459063 -0.011794345 -0.44466852
72 3.98828125 -0.000008106 0.000038147 0.141909771 0.044574751 -0.24562826
73 2.26953125 -0.000005722 -0.000009537 0.18105451 0.052639246 -0.179635609
74 10.908843994 -1.237384796 0.82958889 -0.013197125 -0.016788242 -0.444561139
75 3.989433289 -0.00001049 0.000038147 0.083518595 0.042893344 -0.181050409
76 3.478294373 -0.000009537 -0.000015259 -0.110527357 0.005560805 -0.282723353
77 10.291893005 -1.202156067 -3.344138145 -0.011976631 -0.027362076 -0.479207941
78 2.757148743 -0.000003815 0.000024796 0.122977527 0.062475046 -0.242323602
79 1.775390625 -0.000009537 -0.000006676 0.631145005 0.121045445 -0.295790883
80 10.971855164 -1.193920135 2.957342148 -0.019549258 0.004207118 -0.487918004
81 3.82421875 -0.000000834 0.000034332 -0.000540752 0.00220531 -0.175621943
82 2.94140625 -0.000007629 -0.000014305 -0.004010348 0.016569113 -0.333038093
83 -0.000015259 0.000007629 0.000001907 0.308486768 0.220869863 -0.698635694
84 19.39491272 13.160593033 -0.467075348 -1.920824472 0.760813324 -0.422241347
85 -26.240753174 -0.000003815 -0.000003815 -0.200299902 -0.066696656 0.152656734
86 -31.971000671 0.000015259 0 -1.565305626 0.220042647 -0.890012044
87 -11.614601135 3.933105469 0.069384575 -1.578444876 1.529198549 -2.544968004
88 -10.484527588 1.069198608 3.539872169 -3.131584703 0.028220486 2.411526648
89 2.757156372 0.000002265 0.000026703 -0.011712134 0.035128624 1.019560794
90 1.775390625 0.000007629 -0.000023842 -0.261071927 -0.262843666 1.059935836
91 -11.046470642 1.142402649 1.529694557 -3.130487012 0.018259081 2.114134707
92 3.98828125 0 0.000038147 0.004872241 -0.009924216 1.610032301
93 2.26953125 0.000007629 0.000000954 -0.076539319 -0.095407065 1.438172442
94 -11.192642212 1.041526794 -2.758434296 -3.116629264 0.004012045 2.226905852
95 3.82421875 0.000038147 0.000051498 0.00053161 0.002187187 1.610324685
96 8.785797119 -0.00003624 -0.000001907 0.08229373 0.071373082 -0.580233542
97 2.94140625 0.000007629 -0.000011444 -0.004550553 0.006091757 1.767588569
98 -11.120124817 1.091545105 -0.631118774 -3.132136147 0.020772815 2.221577138
99 3.98941803 0.000001907 0.000052452 0.021444626 0.041947477 1.751021405
100 3.478290558 0.000022888 -0.00001049 -0.001306817 0.004312204 1.848998194
101 -4.853614807 2.155082703 -4.018517494 3.123057975 0.125574955 2.46129872
102 2.980110168 -0.00000906 0.000011921 0.038574713 -0.163808097 -0.240289671
103 1.982421875 -0.000009537 0.000034332 0 0 -0.040571652
104 0.000015259 -0.000007629 -0.000003815 -0.01786834 -0.032037725 -0.918099438
105 7.08984375 0 -0.000000477 3.141592654 -0.174494795 3.141592654
106 7.528259277 8.168075562 -1.23279953 -3.108238273 0.261293061 -3.083306449
107 -54.911224365 -0.64967823 -0.176695824 1.552384243 0.219320326 0.006508277
108 -61.183189392 0.000000954 0 0.173988939 0.013650073 0.001450443
109 8.588684082 0 1.514415741 0 0 0
110 4.260505676 -21.349506378 -3.218473434 0.049970132 -0.167237822 -0.292242966
111 15.606681824 0 -0.000012159 0.025700101 0.042362022 -0.050662664
112 15.853744507 0.000003815 -0.000006199 0.04073031 0.015628579 -0.109212088
113 15.151851654 -0.000007629 0.000000954 0.024364321 0.025181028 -0.019031429
114 11.14995575 0.000007629 -0.000005722 -0.118119728 0.359638481 -0.127176602
115 1.725082397 -0.142127991 11.160655975 -1.570455147 -0.466373298 -0.000081036
116 15.606681824 0 0 0.021907704 0.002364327 0.052170283
117 15.853729248 0 0 0.020758181 0.003235067 -0.028885133
118 15.151863098 0 0 0.015062811 0.008183819 -0.032050752
119 11.149963379 -0.000003815 -0.000000238 0.003049875 0.005475892 0.224646059
120 6.678688049 -0.142132998 -16.932613373 1.576884815 -0.325901771 3.14059165
121 -15.606689453 0.000003815 0.00000003 -0.018922642 0.009801034 0.050238096
122 -15.853759766 0 0.00000596 -0.017785336 0.006377219 -0.001178879
123 -15.151855469 -0.000007629 0 -0.010296075 0.013599343 0.00916625
124 -11.149951935 0.000003815 0.000006199 -0.042912007 -0.008502531 0.364728433
125 2.507644653 15.93921566 6.722552299 -1.59590323 0.413815314 -2.99590908
126 -15.606674194 -0.000003815 0 -0.012482598 0.045403443 -0.043888924
127 -15.853752136 0.000007629 0.000009537 0.004616701 -0.048413235 0.0590413
128 -15.151847839 -0.000003815 0.000011444 -0.013655783 -0.011451616 -0.058282526
129 -11.149963379 0 -0.000003815 0.126194973 -0.219315892 -0.093808116
130 2.507621765 -17.075353622 6.722564697 -1.59590323 -0.413815314 -0.145683558
131 15.606666565 0 0 0.038263509 0.044095486 0.023987122
132 15.853744507 0 0.000003815 0.040495781 -0.047791735 0.077206885
133 15.151855469 0 0 0.009405069 -0.008623609 -0.038799986
134 11.149967194 0 -0.000015259 -0.031005206 0.199271128 -0.032424745
135 5.893127441 15.939212799 -12.477539063 -3.054648476 0.048660913 0.515118679
136 15.606674194 0 0.000024796 0.023832057 0.019731432 -0.025750041
137 15.853744507 0.000003815 -0.000011444 0.017693448 -0.08435278 0.045566193
138 15.151847839 0 -0.000001907 -0.059749277 -0.059964925 -0.082985474
139 11.14995575 0.000007629 -0.000011444 0.118530322 -0.357458066 -0.080490248
140 5.893135071 -17.075361252 -12.477552414 1.495996792 -0.068189583 3.008001698
141 -15.606666565 -0.000003815 0.000007629 -0.00918283 0.050350226 0.022823398
142 -15.853736877 0 -0.000011444 -0.009686212 -0.045763314 0.07587387
143 -15.15184021 -0.000003815 0 -0.024743788 -0.006023775 -0.040241388
144 -11.149944305 -0.000003815 -0.000007629 0.009544119 -0.029494187 0.316358886
145 4.260475159 20.773918152 -3.218482971 0.049970132 0.167237822 -2.849349719
146 -15.606689453 0 0 -0.016073057 -0.024223737 0.036798897
147 -15.853752136 0.000007629 -0.000000238 -0.015435873 -0.003354458 -0.065329558
148 -15.151847839 0 0 -0.00427085 0.00167342 0.055764418
149 -11.149944305 0.000007629 -0.000000238 -0.051778705 -0.374683732 -0.087770573
150 7.528274536 -8.043749809 -1.232801437 0.00801201 -0.248191226 -0.029357896
151 54.911239624 0.649676323 0.176697254 1.570567889 0.061177237 0.030281776
152 61.183170319 -0.000000715 0.000000954 0.174162246 0.013649947 0.001451626
153 -0.364086866 -2.758008003 4.994803905 0 0 0.000244115
154 -0.364086866 -2.758006096 4.994803905 0 0 0.000244115
155 -0.364086866 -2.758006096 4.994803905 0 0 0.000244115
156 -0.364086866 -2.758006096 4.994803905 0 0 0.000244115
157 -0.364086866 -2.758006096 4.994803905 0 0 0.000244115
158 -0.364086866 -2.758006096 4.994803905 0 0 0.000244115
159 -0.364086866 -2.758006096 4.994803905 0 0 0.000244115
160 -0.364086866 -2.758006096 4.994803905 0 0 0.000244115
161 -0.364086866 -2.758006096 4.994803905 0 0 0.000244115
162 -0.498048782 -4.95163393 0.510848999 0 0 0.000244115
163 -0.364086866 -2.758006096 4.994803905 0 0 0.000244115
time 18
0 -0.364086866 -2.758006096 4.994803905 0 0 0.000244115
1 -0.355920225 5.559409948 1.085067987 0.112593632 -1.44680186 -1.570564657
2 130.809036255 0 -0.000000477 0 0 0
3 6.662017822 -0.142129987 2.521339893 -3.061107466 -0.030698458 0.051990589
4 24.360931396 0 0.000011921 0.257337738 0.251817934 0.108997696
5 24.806396484 -0.00000599 0.765956879 0.316352394 -0.326260867 -0.102091031
6 8.120269775 -0.000001997 0.000003815 -0.9150933 0.017326394 0.162460168
7 8.120315552 -0.000000983 0.000001907 0 -0.880742373 0
8 8.120315552 -0.000000983 0.000001907 0 -1.357954675 0
9 5.115219116 7.517074585 -23.079299927 1.570659653 -0.311535048 -0.170149285
10 -13.525115967 0 0 0.049732865 0.10669285 0.027904983
11 -11.953033447 -0.000007629 0.000001431 -0.038783818 0.047051664 0.115994638
12 -8.290390015 0 0.000000954 -0.058878422 -0.031187474 -0.267443848
13 -7.875 0.000038147 -0.000003815 -0.063927792 -0.02460388 -0.502145923
14 -8.78578186 0.000045776 -0.000003815 0.068280576 -0.054713447 -0.703386156
15 -8.90372467 0.000015259 0.000003815 -0.034623833 0.149930163 0.402820022
16 5.903457642 12.714836121 -17.693172455 1.429418745 -0.330023941 -0.208108436
17 -13.525131226 -0.000007629 0.000007629 0.036005393 0.078861535 0.058278064
18 -11.953033447 -0.000015259 -0.000003815 -0.001088678 0.004060492 0.145570259
19 -8.290374756 0 0 -0.007628099 0.058058719 -0.137285899
20 -7.875 0.000038147 -0.000003815 -0.052654743 0.06656609 -0.586020626
21 -8.78578949 0.000030518 0.000003815 -0.015979011 0.104199045 -0.714923202
22 -8.903709412 0 0 -0.145944959 0.104554312 0.373817277
23 5.115219116 -7.603518486 -23.079322815 -1.69181977 0.363907711 -3.112901306
24 13.525115967 0.000007629 0 0.004725604 -0.064352763 -0.02338393
25 11.95300293 0.000007629 0.000003815 0.170370632 -0.038452901 0.04740978
26 8.290374756 0.000015259 -0.000007629 0.265611077 -0.01542744 -0.284284955
27 7.875 -0.000030518 0.000001907 0.203811463 0.010362573 -0.431547322
28 8.785774231 -0.000038147 0.000003815 0.26611235 -0.16333457 -0.566478661
29 8.903736115 -0.000007629 -0.000007629 0.002665481 0.208786274 0.099172584
30 5.903442383 -12.801283836 -17.693199158 -1.772249286 0.440545222 -3.02558801
31 13.525100708 0 0 -0.021728093 -0.005864509 -0.039129087
32 11.953033447 0.000015259 0 0.156818865 -0.010096849 0.020506676
33 8.290405273 0 0 0.214501445 0.045122031 -0.164677146
34 7.875 -0.000030518 -0.000001907 0.11016213 0.054495867 -0.477324443
35 8.78578949 -0.000045776 0.000007629 0.094297155 0.011056511 -0.558482244
36 8.903720856 0.000007629 0.000007629 0.026740125 0.251828769 0.404235781
37 4.435455322 0.000127017 -25.179950714 3.059429077 0.478863455 3.04343142
38 14.171005249 0.000021935 1.280700684 -0.058541533 -0.003028972 -0.085686983
39 10.9765625 0.000020981 0.352539063 0.081282754 0.031699036 -0.054791115
40 8.120269775 -0.000003815 -0.000007629 0.148511143 0.123401966 0.010752743
41 8.120262146 0.000001907 -0.000015259 0.144372418 0.291450105 0.058836831
42 8.120330811 0.000001907 -0.000015259 0.181777966 0.660587834 -0.016489646
43 8.120323181 -0.000007629 0.000061035 0.042718705 -0.387761997 0.052241439
44 7.146957397 16.179790497 -9.195613861 1.414841386 -0.274999983 -0.241230692
45 -13.525131226 -0.000003815 0.000007629 -0.101572916 -0.114067152 0.121611212
46 -11.953033447 -0.000007629 0.000007629 0.022116574 -0.03934315 0.151840704
47 -8.290374756 0 0 0.16469619 0.171876223 -0.118617556
48 -7.875 0.000022888 -0.000007629 0.109183644 0.157466973 -0.619392973
49 -8.785785675 0.000030518 0.000007629 0.033447961 0.115110147 -0.820016308
50 -8.903709412 0 0 -0.193260672 0.138214149 0.137106937
51 7.147003174 -16.266246796 -9.19562149 -1.75892591 0.393744402 -2.988111418
52 13.525115967 0 0 -0.144714065 -0.048315638 0.053717653
53 11.953033447 0.000011444 0 0.131028496 0.055644242 0.031516995
54 8.290420532 0.000003815 -0.000007629 0.227641551 0.104795012 -0.172355609
55 7.875 -0.000030518 0 0.092888074 0.090159415 -0.507288598
56 8.78578949 -0.000045776 0.000011444 -0.111098874 0.135012309 -0.688013631
57 8.903720856 -0.000007629 0.000007629 -0.082420706 0.249897755 0.38452977
58 -5.36730957 8.366906166 8.703117371 1.866783694 -0.708973326 3.103961824
59 13.525100708 0.000007629 -0.000003815 -0.294796652 0.025796171 -0.029052018
60 -3.441879272 -10.792385101 9.377006531 1.797008885 -0.816479855 -3.058777653
61 13.525123596 0 -0.000007629 -0.432013554 0.06895479 -0.525721884
62 11.953048706 0.000007629 0 0.18921349 -0.167165559 -0.556768347
63 8.290390015 0 0 0.053775549 -0.19844683 -0.082255766
64 7.875 -0.000030518 -0.000001907 -0.052841626 -0.122375727 -0.09135114
65 19.39491272 -14.052383423 -0.467086792 0.181714803 -0.080817338 -2.047961787
66 26.240753174 0.000007629 0.000003815 -0.221836414 0.368250817 0.058193602
67 31.970985413 0.000003815 0.000003815 -0.100107777 -0.050011102 0.436875594
68 4.627243042 -2.311290741 4.185634613 -0.024611287 -0.558422955 -0.444239217
69 2.980110168 -0.000004292 -0.000003815 -0.044814452 -0.161464923 0.279695347
70 1.982421875 0.000013351 0 0 0 0.079605056
71 10.844871521 -1.281562805 -1.331680298 -0.01459063 -0.011794345 -0.44466852
72 3.98828125 -0.000008106 0.000038147 0.141909771 0.044574751 -0.24562826
73 2.26953125 -0.000005722 -0.000009537 0.18105451 0.052639246 -0.179635609
74 10.908843994 -1.237384796 0.82958889 -0.013197125 -0.016788242 -0.444561139
75 3.989433289 -0.00001049 0.000038147 0.083518595 0.042893344 -0.181050409
76 3.478294373 -0.000009537 -0.000015259 -0.110527357 0.005560805 -0.282723353
77 10.291893005 -1.202156067 -3.344138145 -0.011976631 -0.027362076 -0.479207941
78 2.757148743 -0.000003815 0.000024796 0.122977527 0.062475046 -0.242323602
79 1.775390625 -0.000009537 -0.000006676 0.631145005 0.121045445 -0.295790883
80 10.971855164 -1.193920135 2.957342148 -0.019549258 0.004207118 -0.487918004
81 3.82421875 -0.000000834 0.000034332 -0.000540752 0.00220531 -0.175621943
82 2.94140625 -0.000007629 -0.000014305 -0.004010348 0.016569113 -0.333038093
83 -0.000015259 0.000007629 0.000001907 0.318339082 0.214205151 -0.691200057
84 19.39491272 13.160593033 -0.467075348 -1.926301487 0.74427004 -0.405148881
85 -26.240753174 -0.000003815 -0.000003815 -0.200264381 -0.064946386 0.146557783
86 -31.971000671 0.000015259 0 -1.549776569 0.218840082 -0.878372344
87 -11.614601135 3.933105469 0.069384575 -1.578444876 1.529198549 -2.544968004
88 -10.484527588 1.069198608 3.539872169 -3.131584703 0.028220486 2.411526648
89 2.757156372 0.000002265 0.000026703 -0.011712134 0.035128624 1.019560794
90 1.775390625 0.000007629 -0.000023842 -0.261071927 -0.262843666 1.059935836
91 -11.046470642 1.142402649 1.529694557 -3.130487012 0.018259081 2.114134707
92 3.98828125 0 0.000038147 0.004872241 -0.009924216 1.610032301
93 2.26953125 0.000007629 0.000000954 -0.076539319 -0.095407065 1.438172442
94 -11.192642212 1.041526794 -2.758434296 -3.116629264 0.004012045 2.226905852
95 3.82421875 0.000038147 0.000051498 0.00053161 0.002187187 1.610324685
96 8.785797119 -0.00003624 -0.000001907 0.08229373 0.071373082 -0.580233542
97 2.94140625 0.000007629 -0.000011444 -0.004550553 0.006091757 1.767588569
98 -11.120124817 1.091545105 -0.631118774 -3.132136147 0.020772815 2.221577138
99 3.98941803 0.000001907 0.000052452 0.021444626 0.041947477 1.751021405
100 3.478290558 0.000022888 -0.00001049 -0.001306817 0.004312204 1.848998194
101 -4.853614807 2.155082703 -4.018517494 3.123057975 0.125574955 2.46129872
102 2.980110168 -0.00000906 0.000011921 0.038574713 -0.163808097 -0.240289671
103 1.982421875 -0.000009537 0.000034332 0 0 -0.040571652
104 0.000015259 -0.000007629 -0.000003815 -0.01786834 -0.032037725 -0.918099438
105 7.08984375 0 -0.000000477 3.141592654 -0.174494795 3.141592654
106 7.528259277 8.168075562 -1.23279953 -3.108417923 0.260345792 -3.083784957
107 -54.911224365 -0.64967823 -0.176695824 1.552590941 0.217542005 0.006853593
108 -61.183189392 0.000000954 0 0.173988939 0.013650073 0.001450443
109 8.588684082 0 1.514415741 0 0 0
110 4.260505676 -21.349506378 -3.218473434 0.049970132 -0.167237822 -0.292242966
111 15.606681824 0 -0.000012159 0.026415484 0.034097397 -0.051271097
112 15.853744507 0.000003815 -0.000006199 0.032758745 0.015966317 -0.109001603
113 15.151851654 -0.000007629 0.000000954 0.025041205 0.026569695 -0.019092104
114 11.14995575 0.000007629 -0.000005722 -0.116121352 0.353614956 -0.126387477
115 1.725082397 -0.142127991 11.160655975 -1.570455147 -0.466373298 -0.000081036
116 15.606681824 0 0 0.023255407 0.001275921 0.046201537
117 15.853729248 0 0 0.01578998 0.000616972 -0.023474559
118 15.151863098 0 0 0.015042855 0.005275369 -0.024216698
119 11.149963379 -0.000003815 -0.000000238 0.003001166 0.004357173 0.220648609
120 6.678688049 -0.142132998 -16.932613373 1.576284764 -0.30464203 3.140626612
121 -15.606689453 0.000003815 0.00000003 -0.020467726 0.007454298 0.04498754
122 -15.853759766 0 0.00000596 -0.012853498 0.002203934 0.007150287
123 -15.151855469 -0.000007629 0 -0.010606311 0.00866575 0.022570034
124 -11.149951935 0.000003815 0.000006199 -0.042143693 -0.008421488 0.358401258
125 2.507644653 15.93921566 6.722552299 -1.59590323 0.413815314 -2.99590908
126 -15.606674194 -0.000003815 0 -0.01290198 0.044899333 -0.040008847
127 -15.853752136 0.000007629 0.000009537 0.008127539 -0.049606049 0.051869698
128 -15.151847839 -0.000003815 0.000011444 -0.013725783 -0.01307026 -0.067080363
129 -11.149963379 0 -0.000003815 0.123936723 -0.215601832 -0.093303617
130 2.507621765 -17.075353622 6.722564697 -1.59590323 -0.413815314 -0.145683558
131 15.606666565 0 0 0.038852686 0.043643348 0.015701031
132 15.853744507 0 0.000003815 0.035681253 -0.05007026 0.079699819
133 15.151855469 0 0 0.009770597 -0.011056972 -0.033979053
134 11.149967194 0 -0.000015259 -0.030648762 0.195885531 -0.032938971
135 5.893127441 15.939212799 -12.477539063 -3.073571363 0.03250955 0.504191732
136 15.606674194 0 0.000024796 0.025533189 0.023271334 -0.024048431
137 15.853744507 0.000003815 -0.000011444 0.031359703 -0.093902045 0.044507282
138 15.151847839 0 -0.000001907 -0.052140388 -0.074337738 -0.085963582
139 11.14995575 0.000007629 -0.000011444 0.116316893 -0.351473569 -0.080133449
140 5.893135071 -17.075361252 -12.477552414 1.495996792 -0.068189583 3.008001698
141 -15.606666565 -0.000003815 0.000007629 -0.012068335 0.049038649 0.014900773
142 -15.853736877 0 -0.000011444 -0.002502039 -0.048367574 0.078392792
143 -15.15184021 -0.000003815 0 -0.024872709 -0.009165365 -0.035798861
144 -11.149944305 -0.000003815 -0.000007629 0.008313174 -0.02899449 0.309997123
145 4.260475159 20.773918152 -3.218482971 0.049970132 0.167237822 -2.849349719
146 -15.606689453 0 0 -0.017729703 -0.020832232 0.03609774
147 -15.853752136 0.000007629 -0.000000238 -0.01095936 -0.010809492 -0.065555203
148 -15.151847839 0 0 -0.004870531 -0.007463376 0.055613871
149 -11.149944305 0.000007629 -0.000000238 -0.050915581 -0.368305628 -0.087603255
150 7.528274536 -8.043749809 -1.232801437 0.007883187 -0.240191504 -0.029295897
151 54.911239624 0.649676323 0.176697254 1.5705359 0.063132011 0.030281463
152 61.183170319 -0.000000715 0.000000954 0.174162246 0.013649947 0.001451626
153 -0.364086866 -2.758008003 4.994803905 0 0 0.000244115
154 -0.364086866 -2.758006096 4.994803905 0 0 0.000244115
155 -0.364086866 -2.758006096 4.994803905 0 0 0.000244115
156 -0.364086866 -2.758006096 4.994803905 0 0 0.000244115
157 -0.364086866 -2.758006096 4.994803905 0 0 0.000244115
158 -0.364086866 -2.758006096 4.994803905 0 0 0.000244115
159 -0.364086866 -2.758006096 4.994803905 0 0 0.000244115
160 -0.364086866 -2.758006096 4.994803905 0 0 0.000244115
161 -0.364086866 -2.758006096 4.994803905 0 0 0.000244115
162 -0.498048782 -4.95163393 0.510848999 0 0 0.000244115
163 -0.364086866 -2.758006096 4.994803905 0 0 0.000244115
time 19
0 -0.364086866 -2.758006096 4.994803905 0 0 0.000244115
1 -0.355920166 4.290679605 1.085067987 0.107063032 -1.452777793 -1.570381893
2 130.809036255 0 -0.000000477 0 0 0
3 6.662017822 -0.142129987 2.521339893 -3.061508836 -0.023760151 0.049506366
4 24.360931396 0 0.000011921 0.251634759 0.24905249 0.103832818
5 24.806396484 -0.00000599 0.765956879 0.277581682 -0.331418164 -0.089564155
6 8.120269775 -0.000001997 0.000003815 -0.884381868 0.017160258 0.154700425
7 8.120315552 -0.000000983 0.000001907 0 -0.880742373 0
8 8.120315552 -0.000000983 0.000001907 0 -1.357954675 0
9 5.115219116 7.517074585 -23.079299927 1.585169057 -0.282812696 -0.183428384
10 -13.525115967 0 0 0.044144936 0.078211072 0.013219236
11 -11.953033447 -0.000007629 0.000001431 -0.027482857 0.045683265 0.165696172
12 -8.290390015 0 0.000000954 -0.058589758 0.008346726 -0.170222158
13 -7.875 0.000038147 -0.000003815 -0.071615163 0.007650455 -0.426194345
14 -8.78578186 0.000045776 -0.000003815 0.078427013 -0.057049676 -0.713955798
15 -8.90372467 0.000015259 0.000003815 -0.031375365 0.144890189 0.386722537
16 5.903457642 12.714836121 -17.693172455 1.443435243 -0.297660726 -0.218718413
17 -13.525131226 -0.000007629 0.000007629 0.029719166 0.057576305 0.036266144
18 -11.953033447 -0.000015259 -0.000003815 0.007016979 -0.009716614 0.197611066
19 -8.290374756 0 0 0.000706901 0.074778798 -0.020358887
20 -7.875 0.000038147 -0.000003815 -0.051085027 0.09048689 -0.504478009
21 -8.78578949 0.000030518 0.000003815 0.009292272 0.114978096 -0.727343019
22 -8.903709412 0 0 -0.140124128 0.101563937 0.358088491
23 5.115219116 -7.603518486 -23.079322815 -1.704070571 0.344224587 -3.121827811
24 13.525115967 0.000007629 0 0.005198014 -0.034315018 -0.016146699
25 11.95300293 0.000007629 0.000003815 0.160962254 -0.033864718 0.095176079
26 8.290374756 0.000015259 -0.000007629 0.264293776 -0.04275645 -0.212556168
27 7.875 -0.000030518 0.000001907 0.217764446 0.003324594 -0.374418213
28 8.785774231 -0.000038147 0.000003815 0.277626296 -0.157871568 -0.580888448
29 8.903736115 -0.000007629 -0.000007629 -0.000096567 0.204370367 0.092171799
30 5.903442383 -12.801283836 -17.693199158 -1.78215976 0.422905043 -3.030065848
31 13.525100708 0 0 -0.022939924 0.019229845 -0.024478897
32 11.953033447 0.000015259 0 0.150678125 -0.002649421 0.069496839
33 8.290405273 0 0 0.216278611 0.025655559 -0.09772033
34 7.875 -0.000030518 -0.000001907 0.135376075 0.0414418 -0.430823521
35 8.78578949 -0.000045776 0.000007629 0.126249059 0.005391974 -0.571231695
36 8.903720856 0.000007629 0.000007629 0.02447773 0.248688178 0.38670615
37 4.435455322 0.000127017 -25.179950714 3.043526457 0.465747186 3.027607864
38 14.171005249 0.000021935 1.280700684 -0.055939128 0.00250704 -0.052404563
39 10.9765625 0.000020981 0.352539063 0.072996543 0.009051435 -0.053833327
40 8.120269775 -0.000003815 -0.000007629 0.13943442 0.068851286 -0.030342677
41 8.120262146 0.000001907 -0.000015259 0.141852164 0.228644521 0.030425194
42 8.120330811 0.000001907 -0.000015259 0.178246772 0.664712117 0.001179729
43 8.120323181 -0.000007629 0.000061035 0.038882045 -0.370698083 0.053149715
44 7.146957397 16.179790497 -9.195613861 1.428061643 -0.235103073 -0.245728619
45 -13.525131226 -0.000003815 0.000007629 -0.097643592 -0.132220098 0.099347403
46 -11.953033447 -0.000007629 0.000007629 0.02352551 -0.07035946 0.20927955
47 -8.290374756 0 0 0.174423692 0.160298097 0.016913789
48 -7.875 0.000022888 -0.000007629 0.123431119 0.194107048 -0.528183128
49 -8.785785675 0.000030518 0.000007629 0.092563822 0.147889862 -0.839295945
50 -8.903709412 0 0 -0.186259755 0.136999122 0.122059859
51 7.147003174 -16.266246796 -9.19562149 -1.767319819 0.371694085 -2.986622997
52 13.525115967 0 0 -0.142667564 -0.034399067 0.071192106
53 11.953033447 0.000011444 0 0.128634868 0.065891852 0.091594392
54 8.290420532 0.000003815 -0.000007629 0.235565369 0.103113571 -0.092362089
55 7.875 -0.000030518 0 0.133585335 0.084369448 -0.457741734
56 8.78578949 -0.000045776 0.000011444 -0.033794852 0.114210665 -0.702574225
57 8.903720856 -0.000007629 0.000007629 -0.079731689 0.247520509 0.368119037
58 -5.36730957 8.366906166 8.703117371 1.841757432 -0.720044767 3.114141049
59 13.525100708 0.000007629 -0.000003815 -0.294796652 0.025796171 -0.029052018
60 -3.441879272 -10.792385101 9.377006531 1.770578931 -0.820234376 -3.046003101
61 13.525123596 0 -0.000007629 -0.428810399 0.098252296 -0.52480966
62 11.953048706 0.000007629 0 0.196424023 -0.132428161 -0.533146994
63 8.290390015 0 0 0.0581909 -0.197029917 -0.073188817
64 7.875 -0.000030518 -0.000001907 -0.042447913 -0.183580606 -0.100788062
65 19.39491272 -14.052383423 -0.467086792 0.222559113 -0.045132549 -2.102616272
66 26.240753174 0.000007629 0.000003815 -0.232823844 0.362804843 0.055375716
67 31.970985413 0.000003815 0.000003815 -0.104579513 -0.046587773 0.411641643
68 4.627243042 -2.311290741 4.185634613 -0.024611287 -0.558422955 -0.444239217
69 2.980110168 -0.000004292 -0.000003815 -0.044814452 -0.161464923 0.279695347
70 1.982421875 0.000013351 0 0 0 0.079605056
71 10.844871521 -1.281562805 -1.331680298 -0.01459063 -0.011794345 -0.44466852
72 3.98828125 -0.000008106 0.000038147 0.141909771 0.044574751 -0.24562826
73 2.26953125 -0.000005722 -0.000009537 0.18105451 0.052639246 -0.179635609
74 10.908843994 -1.237384796 0.82958889 -0.013197125 -0.016788242 -0.444561139
75 3.989433289 -0.00001049 0.000038147 0.083518595 0.042893344 -0.181050409
76 3.478294373 -0.000009537 -0.000015259 -0.110527357 0.005560805 -0.282723353
77 10.291893005 -1.202156067 -3.344138145 -0.011976631 -0.027362076 -0.479207941
78 2.757148743 -0.000003815 0.000024796 0.122977527 0.062475046 -0.242323602
79 1.775390625 -0.000009537 -0.000006676 0.631145005 0.121045445 -0.295790883
80 10.971855164 -1.193920135 2.957342148 -0.019549258 0.004207118 -0.487918004
81 3.82421875 -0.000000834 0.000034332 -0.000540752 0.00220531 -0.175621943
82 2.94140625 -0.000007629 -0.000014305 -0.004010348 0.016569113 -0.333038093
83 -0.000015259 0.000007629 0.000001907 0.32815556 0.207452978 -0.683686725
84 19.39491272 13.160593033 -0.467075348 -1.941918477 0.698314379 -0.390215348
85 -26.240753174 -0.000003815 -0.000003815 -0.19980878 -0.060016951 0.142119553
86 -31.971000671 0.000015259 0 -1.506415627 0.217809005 -0.845655634
87 -11.614601135 3.933105469 0.069384575 -1.578444876 1.529198549 -2.544968004
88 -10.484527588 1.069198608 3.539872169 -3.131584703 0.028220486 2.411526648
89 2.757156372 0.000002265 0.000026703 -0.011712134 0.035128624 1.019560794
90 1.775390625 0.000007629 -0.000023842 -0.261071927 -0.262843666 1.059935836
91 -11.046470642 1.142402649 1.529694557 -3.130487012 0.018259081 2.114134707
92 3.98828125 0 0.000038147 0.004872241 -0.009924216 1.610032301
93 2.26953125 0.000007629 0.000000954 -0.076539319 -0.095407065 1.438172442
94 -11.192642212 1.041526794 -2.758434296 -3.116629264 0.004012045 2.226905852
95 3.82421875 0.000038147 0.000051498 0.00053161 0.002187187 1.610324685
96 8.785797119 -0.00003624 -0.000001907 0.08229373 0.071373082 -0.580233542
97 2.94140625 0.000007629 -0.000011444 -0.004550553 0.006091757 1.767588569
98 -11.120124817 1.091545105 -0.631118774 -3.132136147 0.020772815 2.221577138
99 3.98941803 0.000001907 0.000052452 0.021444626 0.041947477 1.751021405
100 3.478290558 0.000022888 -0.00001049 -0.001306817 0.004312204 1.848998194
101 -4.853614807 2.155082703 -4.018517494 3.123057975 0.125574955 2.46129872
102 2.980110168 -0.00000906 0.000011921 0.038574713 -0.163808097 -0.240289671
103 1.982421875 -0.000009537 0.000034332 0 0 -0.040571652
104 0.000015259 -0.000007629 -0.000003815 -0.01786834 -0.032037725 -0.918099438
105 7.08984375 0 -0.000000477 3.141592654 -0.174494795 3.141592654
106 7.528259277 8.168075562 -1.23279953 -3.108847932 0.257674089 -3.085114358
107 -54.911224365 -0.64967823 -0.176695824 1.553256902 0.212454147 0.008012536
108 -61.183189392 0.000000954 0 0.173988939 0.013650073 0.001450443
109 8.588684082 0 1.514415741 0 0 0
110 4.260505676 -21.349506378 -3.218473434 0.049970132 -0.167237822 -0.292242966
111 15.606681824 0 -0.000012159 0.026420381 0.026934203 -0.051621929
112 15.853744507 0.000003815 -0.000006199 0.022053517 0.020642112 -0.107905929
113 15.151851654 -0.000007629 0.000000954 0.024677752 0.029493649 -0.018456842
114 11.14995575 0.000007629 -0.000005722 -0.110549891 0.33676568 -0.124169754
115 1.725082397 -0.142127991 11.160655975 -1.570455147 -0.466373298 -0.000081036
116 15.606681824 0 0 0.023649715 -0.000326554 0.042211112
117 15.853729248 0 0 0.009253753 -0.00270186 -0.013046573
118 15.151863098 0 0 0.014406398 0.001307291 -0.01371541
119 11.149963379 -0.000003815 -0.000000238 0.002868728 0.003343534 0.209620637
120 6.678688049 -0.142132998 -16.932613373 1.575669351 -0.282800376 3.140652368
121 -15.606689453 0.000003815 0.00000003 -0.021057784 0.004580184 0.041389183
122 -15.853759766 0 0.00000596 -0.006405438 -0.001926474 0.018392
123 -15.151855469 -0.000007629 0 -0.010302653 0.003123782 0.036584782
124 -11.149951935 0.000003815 0.000006199 -0.040175692 -0.007979542 0.340754794
125 2.507644653 15.93921566 6.722552299 -1.59590323 0.413815314 -2.99590908
126 -15.606674194 -0.000003815 0 -0.012943755 0.044216005 -0.038623365
127 -15.853752136 0.000007629 0.000009537 0.013671439 -0.051298981 0.039371555
128 -15.151847839 -0.000003815 0.000011444 -0.013130013 -0.015292172 -0.079163149
129 -11.149963379 0 -0.000003815 0.117563132 -0.205323302 -0.091680362
130 2.507621765 -17.075353622 6.722564697 -1.59590323 -0.413815314 -0.145683558
131 15.606666565 0 0 0.038695396 0.04256878 0.008768282
132 15.853744507 0 0.000003815 0.028442087 -0.053519147 0.086918481
133 15.151855469 0 0 0.009262057 -0.014549646 -0.027172676
134 11.149967194 0 -0.000015259 -0.029649593 0.186515654 -0.034247755
135 5.893127441 15.939212799 -12.477539063 -3.092913428 0.015895477 0.492496325
136 15.606674194 0 0.000024796 0.026150455 0.024202055 -0.022043569
137 15.853744507 0.000003815 -0.000011444 0.04392369 -0.107607079 0.045020035
138 15.151847839 0 -0.000001907 -0.044451127 -0.09018268 -0.086349928
139 11.14995575 0.000007629 -0.000011444 0.110396525 -0.334657114 -0.079166169
140 5.893135071 -17.075361252 -12.477552414 1.495996792 -0.068189583 3.008001698
141 -15.606666565 -0.000003815 0.000007629 -0.013363474 0.04718918 0.008146241
142 -15.853736877 0 -0.000011444 0.005703745 -0.050789144 0.085016964
143 -15.15184021 -0.000003815 0 -0.024162277 -0.012441516 -0.029373807
144 -11.149944305 -0.000003815 -0.000007629 0.006755935 -0.027605682 0.292295583
145 4.260475159 20.773918152 -3.218482971 0.049970132 0.167237822 -2.849349719
146 -15.606689453 0 0 -0.018221724 -0.019881411 0.035230727
147 -15.853752136 0.000007629 -0.000000238 -0.005958399 -0.023772841 -0.065460225
148 -15.151847839 0 0 -0.004709196 -0.020334705 0.055473344
149 -11.149944305 0.000007629 -0.000000238 -0.048498011 -0.350789177 -0.087281981
150 7.528274536 -8.043749809 -1.232801437 0.007755307 -0.232195614 -0.029235572
151 54.911239624 0.649676323 0.176697254 1.570506067 0.065025779 0.030342235
152 61.183170319 -0.000000715 0.000000954 0.174162246 0.013649947 0.001451626
153 -0.364086866 -2.758008003 4.994803905 0 0 0.000244115
154 -0.364086866 -2.758006096 4.994803905 0 0 0.000244115
155 -0.364086866 -2.758006096 4.994803905 0 0 0.000244115
156 -0.364086866 -2.758006096 4.994803905 0 0 0.000244115
157 -0.364086866 -2.758006096 4.994803905 0 0 0.000244115
158 -0.364086866 -2.758006096 4.994803905 0 0 0.000244115
159 -0.364086866 -2.758006096 4.994803905 0 0 0.000244115
160 -0.364086866 -2.758006096 4.994803905 0 0 0.000244115
161 -0.364086866 -2.758006096 4.994803905 0 0 0.000244115
162 -0.498048782 -4.95163393 0.510848999 0 0 0.000244115
163 -0.364086866 -2.758006096 4.994803905 0 0 0.000244115
time 20
0 -0.364086866 -2.758006096 4.994803905 0 0 0.000244115
1 -0.355920106 2.920816761 1.085067987 0.099497072 -1.461777962 -1.571045262
2 130.809036255 0 -0.000000477 0 0 0
3 6.662017822 -0.142129987 2.521339893 -3.06246126 -0.017970439 0.045769436
4 24.360931396 0 0.000011921 0.242340788 0.24609167 0.095920289
5 24.806396484 -0.00000599 0.765956879 0.239206198 -0.336535698 -0.077150108
6 8.120269775 -0.000001997 0.000003815 -0.836372846 0.016847408 0.142938985
7 8.120315552 -0.000000983 0.000001907 0 -0.880742373 0
8 8.120315552 -0.000000983 0.000001907 0 -1.357954675 0
9 5.115219116 7.517074585 -23.079299927 1.586276053 -0.267709198 -0.177465112
10 -13.525115967 0 0 0.040375291 0.052506524 -0.004726021
11 -11.953033447 -0.000007629 0.000001431 -0.020866438 0.023540166 0.194037492
12 -8.290390015 0 0.000000954 -0.052609213 0.031795907 -0.085751644
13 -7.875 0.000038147 -0.000003815 -0.079062697 0.048057763 -0.334727895
14 -8.78578186 0.000045776 -0.000003815 0.078621881 -0.045291307 -0.701051842
15 -8.90372467 0.000015259 0.000003815 -0.026456586 0.137282892 0.362221139
16 5.903457642 12.714836121 -17.693172455 1.444905474 -0.281936433 -0.213697476
17 -13.525131226 -0.000007629 0.000007629 0.025335469 0.039836722 0.010606665
18 -11.953033447 -0.000015259 -0.000003815 0.011905175 -0.035192458 0.220904292
19 -8.290374756 0 0 0.011327464 0.078267769 0.079505654
20 -7.875 0.000038147 -0.000003815 -0.049479764 0.116381955 -0.400229935
21 -8.78578949 0.000030518 0.000003815 0.027318889 0.135167201 -0.71307119
22 -8.903709412 0 0 -0.131328608 0.097101546 0.334049272
23 5.115219116 -7.603518486 -23.079322815 -1.700540929 0.326676782 -3.11043505
24 13.525115967 0.000007629 0 0.005151795 -0.008683297 -0.013574374
25 11.95300293 0.000007629 0.000003815 0.154814816 -0.00941699 0.136862255
26 8.290374756 0.000015259 -0.000007629 0.258690424 -0.05348996 -0.145518414
27 7.875 -0.000030518 0.000001907 0.230240451 -0.008972576 -0.308544629
28 8.785774231 -0.000038147 0.000003815 0.293552677 -0.161434734 -0.57497255
29 8.903736115 -0.000007629 -0.000007629 -0.002895609 0.20011632 0.085271622
30 5.903442383 -12.801283836 -17.693199158 -1.775613465 0.403380575 -3.017059317
31 13.525100708 0 0 -0.024658834 0.039084358 -0.015936955
32 11.953033447 0.000015259 0 0.146150168 0.01869876 0.117499645
33 8.290405273 0 0 0.213574788 0.021684684 -0.030580318
34 7.875 -0.000030518 -0.000001907 0.157507702 0.027537596 -0.377916984
35 8.78578949 -0.000045776 0.000007629 0.163135733 -0.007489786 -0.568009485
36 8.903720856 0.000007629 0.000007629 0.021008812 0.243883401 0.360084632
37 4.435455322 0.000127017 -25.179950714 3.044487589 0.460717997 3.035079627
38 14.171005249 0.000021935 1.280700684 -0.053282648 0.008521534 -0.023714338
39 10.9765625 0.000020981 0.352539063 0.066481915 -0.005555902 -0.030327217
40 8.120269775 -0.000003815 -0.000007629 0.131591315 0.023129218 -0.054195358
41 8.120262146 0.000001907 -0.000015259 0.139388833 0.162500314 -0.006167547
42 8.120330811 0.000001907 -0.000015259 0.170314909 0.651464156 -0.001861139
43 8.120323181 -0.000007629 0.000061035 0.03295367 -0.344747644 0.05438318
44 7.146957397 16.179790497 -9.195613861 1.431000528 -0.214366004 -0.241007634
45 -13.525131226 -0.000003815 0.000007629 -0.093030598 -0.144087052 0.070752509
46 -11.953033447 -0.000007629 0.000007629 0.025212179 -0.100505028 0.232981103
47 -8.290374756 0 0 0.179688522 0.137079179 0.131187422
48 -7.875 0.000022888 -0.000007629 0.138616864 0.222553246 -0.404677176
49 -8.785785675 0.000030518 0.000007629 0.140750026 0.190523324 -0.82909078
50 -8.903709412 0 0 -0.175619716 0.13512784 0.099046667
51 7.147003174 -16.266246796 -9.19562149 -1.762359552 0.345182183 -2.975362686
52 13.525115967 0 0 -0.140550811 -0.02657548 0.081333512
53 11.953033447 0.000011444 0 0.126680013 0.079452749 0.149112748
54 8.290420532 0.000003815 -0.000007629 0.23920404 0.110852038 -0.010435433
55 7.875 -0.000030518 0 0.166557415 0.084635415 -0.398839132
56 8.78578949 -0.000045776 0.000011444 0.044712954 0.09810279 -0.70125004
57 8.903720856 -0.000007629 0.000007629 -0.075579986 0.243986081 0.342994605
58 -5.36730957 8.366906166 8.703117371 1.835244269 -0.719960544 3.112274719
59 13.525100708 0.000007629 -0.000003815 -0.294796652 0.025796171 -0.029052018
60 -3.441879272 -10.792385101 9.377006531 1.766307852 -0.824061665 -3.04935877
61 13.525123596 0 -0.000007629 -0.42655161 0.112696124 -0.521682845
62 11.953048706 0.000007629 0 0.195273148 -0.099661025 -0.512624449
63 8.290390015 0 0 0.059624856 -0.169684623 -0.062020015
64 7.875 -0.000030518 -0.000001907 -0.035508102 -0.20372469 -0.101335357
65 19.39491272 -14.052383423 -0.467086792 0.273647114 -0.008649543 -2.168468764
66 26.240753174 0.000007629 0.000003815 -0.240375254 0.353174177 0.050975839
67 31.970985413 0.000003815 0.000003815 -0.111555447 -0.041470819 0.373319847
68 4.627243042 -2.311290741 4.185634613 -0.024611287 -0.558422955 -0.444239217
69 2.980110168 -0.000004292 -0.000003815 -0.044814452 -0.161464923 0.279695347
70 1.982421875 0.000013351 0 0 0 0.079605056
71 10.844871521 -1.281562805 -1.331680298 -0.01459063 -0.011794345 -0.44466852
72 3.98828125 -0.000008106 0.000038147 0.141909771 0.044574751 -0.24562826
73 2.26953125 -0.000005722 -0.000009537 0.18105451 0.052639246 -0.179635609
74 10.908843994 -1.237384796 0.82958889 -0.013197125 -0.016788242 -0.444561139
75 3.989433289 -0.00001049 0.000038147 0.083518595 0.042893344 -0.181050409
76 3.478294373 -0.000009537 -0.000015259 -0.110527357 0.005560805 -0.282723353
77 10.291893005 -1.202156067 -3.344138145 -0.011976631 -0.027362076 -0.479207941
78 2.757148743 -0.000003815 0.000024796 0.122977527 0.062475046 -0.242323602
79 1.775390625 -0.000009537 -0.000006676 0.631145005 0.121045445 -0.295790883
80 10.971855164 -1.193920135 2.957342148 -0.019549258 0.004207118 -0.487918004
81 3.82421875 -0.000000834 0.000034332 -0.000540752 0.00220531 -0.175621943
82 2.94140625 -0.000007629 -0.000014305 -0.004010348 0.016569113 -0.333038093
83 -0.000015259 0.000007629 0.000001907 0.337983929 0.200737788 -0.676171608
84 19.39491272 13.160593033 -0.467075348 -1.966409701 0.628190821 -0.377350334
85 -26.240753174 -0.000003815 -0.000003815 -0.199057957 -0.052458005 0.138973646
86 -31.971000671 0.000015259 0 -1.440362526 0.216904207 -0.795886395
87 -11.614601135 3.933105469 0.069384575 -1.578444876 1.529198549 -2.544968004
88 -10.484527588 1.069198608 3.539872169 -3.131584703 0.028220486 2.411526648
89 2.757156372 0.000002265 0.000026703 -0.011712134 0.035128624 1.019560794
90 1.775390625 0.000007629 -0.000023842 -0.261071927 -0.262843666 1.059935836
91 -11.046470642 1.142402649 1.529694557 -3.130487012 0.018259081 2.114134707
92 3.98828125 0 0.000038147 0.004872241 -0.009924216 1.610032301
93 2.26953125 0.000007629 0.000000954 -0.076539319 -0.095407065 1.438172442
94 -11.192642212 1.041526794 -2.758434296 -3.116629264 0.004012045 2.226905852
95 3.82421875 0.000038147 0.000051498 0.00053161 0.002187187 1.610324685
96 8.785797119 -0.00003624 -0.000001907 0.08229373 0.071373082 -0.580233542
97 2.94140625 0.000007629 -0.000011444 -0.004550553 0.006091757 1.767588569
98 -11.120124817 1.091545105 -0.631118774 -3.132136147 0.020772815 2.221577138
99 3.98941803 0.000001907 0.000052452 0.021444626 0.041947477 1.751021405
100 3.478290558 0.000022888 -0.00001049 -0.001306817 0.004312204 1.848998194
101 -4.853614807 2.155082703 -4.018517494 3.123057975 0.125574955 2.46129872
102 2.980110168 -0.00000906 0.000011921 0.038574713 -0.163808097 -0.240289671
103 1.982421875 -0.000009537 0.000034332 0 0 -0.040571652
104 0.000015259 -0.000007629 -0.000003815 -0.01786834 -0.032037725 -0.918099438
105 7.08984375 0 -0.000000477 3.141592654 -0.174494795 3.141592654
106 7.528259277 8.168075562 -1.23279953 -3.109514899 0.253451902 -3.087286316
107 -54.911224365 -0.64967823 -0.176695824 1.554297961 0.204547086 0.009719324
108 -61.183189392 0.000000954 0 0.173988939 0.013650073 0.001450443
109 8.588684082 0 1.514415741 0 0 0
110 4.260505676 -21.349506378 -3.218473434 0.049970132 -0.167237822 -0.292242966
111 15.606681824 0 -0.000012159 0.025439595 0.02475025 -0.051661863
112 15.853744507 0.000003815 -0.000006199 0.010446272 0.02286165 -0.106972967
113 15.151851654 -0.000007629 0.000000954 0.02320832 0.031968287 -0.017154929
114 11.14995575 0.000007629 -0.000005722 -0.102133468 0.311015799 -0.120789634
115 1.725082397 -0.142127991 11.160655975 -1.570455147 -0.466373298 -0.000081036
116 15.606681824 0 0 0.02299595 -0.002578236 0.043998396
117 15.853729248 0 0 0.002001534 -0.00569123 -0.005702639
118 15.151863098 0 0 0.013039314 -0.00308483 -0.003472868
119 11.149963379 -0.000003815 -0.000000238 0.002671385 0.002516821 0.192701726
120 6.678688049 -0.142132998 -16.932613373 1.575078174 -0.260746705 3.140784993
121 -15.606689453 0.000003815 0.00000003 -0.020514562 0.001567766 0.04340695
122 -15.853759766 0 0.00000596 0.000874283 -0.005795073 0.025979646
123 -15.151855469 -0.000007629 0 -0.00929404 -0.002278001 0.048612243
124 -11.149951935 0.000003815 0.000006199 -0.037093124 -0.007415785 0.31385869
125 2.507644653 15.93921566 6.722552299 -1.59590323 0.413815314 -2.99590908
126 -15.606674194 -0.000003815 0 -0.012517294 0.043418459 -0.043530886
127 -15.853752136 0.000007629 0.000009537 0.020191846 -0.05279848 0.030036339
128 -15.151847839 -0.000003815 0.000011444 -0.011973194 -0.017829644 -0.091426224
129 -11.149963379 0 -0.000003815 0.107917778 -0.189649413 -0.089311177
130 2.507621765 -17.075353622 6.722564697 -1.59590323 -0.413815314 -0.145683558
131 15.606666565 0 0 0.037612694 0.04044783 0.006978056
132 15.853744507 0 0.000003815 0.019979317 -0.056482745 0.091350165
133 15.151855469 0 0 0.008049498 -0.018648482 -0.020792521
134 11.149967194 0 -0.000015259 -0.028084828 0.172298737 -0.036219403
135 5.893127441 15.939212799 -12.477539063 -3.112571152 -0.000882392 0.480066967
136 15.606674194 0 0.000024796 0.025877266 0.018997355 -0.020386906
137 15.853744507 0.000003815 -0.000011444 0.055189649 -0.117493042 0.045543361
138 15.151847839 0 -0.000001907 -0.036552446 -0.104516847 -0.085169674
139 11.14995575 0.000007629 -0.000011444 0.10122955 -0.309143551 -0.077723139
140 5.893135071 -17.075361252 -12.477552414 1.495996792 -0.068189583 3.008001698
141 -15.606666565 -0.000003815 0.000007629 -0.013064221 0.045277092 0.006438779
142 -15.853736877 0 -0.000011444 0.014748878 -0.053195426 0.088836379
143 -15.15184021 -0.000003815 0 -0.022518873 -0.015718229 -0.023562913
144 -11.149944305 -0.000003815 -0.000007629 0.005044852 -0.025492528 0.265383833
145 4.260475159 20.773918152 -3.218482971 0.049970132 0.167237822 -2.849349719
146 -15.606689453 0 0 -0.017793541 -0.025420219 0.034586067
147 -15.853752136 0.000007629 -0.000000238 -0.000972232 -0.033542392 -0.065605424
148 -15.151847839 0 0 -0.004123263 -0.033477479 0.055412989
149 -11.149944305 0.000007629 -0.000000238 -0.04474851 -0.324033986 -0.086676524
150 7.528274536 -8.043749809 -1.232801437 0.007540372 -0.224204732 -0.029167002
151 54.911239624 0.649676323 0.176697254 1.570472084 0.066919588 0.030280696
152 61.183170319 -0.000000715 0.000000954 0.174162246 0.013649947 0.001451626
153 -0.364086866 -2.758008003 4.994803905 0 0 0.000244115
154 -0.364086866 -2.758006096 4.994803905 0 0 0.000244115
155 -0.364086866 -2.758006096 4.994803905 0 0 0.000244115
156 -0.364086866 -2.758006096 4.994803905 0 0 0.000244115
157 -0.364086866 -2.758006096 4.994803905 0 0 0.000244115
158 -0.364086866 -2.758006096 4.994803905 0 0 0.000244115
159 -0.364086866 -2.758006096 4.994803905 0 0 0.000244115
160 -0.364086866 -2.758006096 4.994803905 0 0 0.000244115
161 -0.364086866 -2.758006096 4.994803905 0 0 0.000244115
162 -0.498048782 -4.95163393 0.510848999 0 0 0.000244115
163 -0.364086866 -2.758006096 4.994803905 0 0 0.000244115
time 21
0 -0.364086866 -2.758006096 4.994803905 0 0 0.000244115
1 -0.355920047 1.490122515 1.085067987 0.088793269 -1.473088214 -1.570770391
2 130.809036255 0 -0.000000477 0 0 0
3 6.662017822 -0.142129987 2.521339893 -3.06413968 -0.013164741 0.040956905
4 24.360931396 0 0.000011921 0.229737293 0.242969736 0.085857389
5 24.806396484 -0.00000599 0.765956879 0.201683863 -0.341510733 -0.065085626
6 8.120269775 -0.000001997 0.000003815 -0.773822613 0.016416555 0.12791357
7 8.120315552 -0.000000983 0.000001907 0 -0.880742373 0
8 8.120315552 -0.000000983 0.000001907 0 -1.357954675 0
9 5.115219116 7.517074585 -23.079299927 1.577789204 -0.260843805 -0.159843351
10 -13.525115967 0 0 0.037879217 0.035791109 -0.020649859
11 -11.953033447 -0.000007629 0.000001431 -0.0184106 -0.009277438 0.207628895
12 -8.290390015 0 0.000000954 -0.044344622 0.034658287 -0.017952685
13 -7.875 0.000038147 -0.000003815 -0.081765403 0.087202413 -0.237313252
14 -8.78578186 0.000045776 -0.000003815 0.069738512 -0.02134499 -0.664284441
15 -8.90372467 0.000015259 0.000003815 -0.020226626 0.127558992 0.331087069
16 5.903457642 12.714836121 -17.693172455 1.43735066 -0.276535619 -0.19903543
17 -13.525131226 -0.000007629 0.000007629 0.022284591 0.029558723 -0.010893773
18 -11.953033447 -0.000015259 -0.000003815 0.014089124 -0.065360867 0.224736678
19 -8.290374756 0 0 0.020569237 0.067245468 0.155362172
20 -7.875 0.000038147 -0.000003815 -0.044899937 0.137395409 -0.28721171
21 -8.78578949 0.000030518 0.000003815 0.038921087 0.161858848 -0.669835626
22 -8.903709412 0 0 -0.120103164 0.091448572 0.303543483
23 5.115219116 -7.603518486 -23.079322815 -1.6860727 0.310284635 -3.086857408
24 13.525115967 0.000007629 0 0.004955913 0.006598333 -0.015348314
25 11.95300293 0.000007629 0.000003815 0.152266659 0.024783511 0.17247523
26 8.290374756 0.000015259 -0.000007629 0.250992307 -0.043938778 -0.083099828
27 7.875 -0.000030518 0.000001907 0.237935465 -0.017874018 -0.238277668
28 8.785774231 -0.000038147 0.000003815 0.312911576 -0.171752473 -0.551989446
29 8.903736115 -0.000007629 -0.000007629 -0.005653581 0.195847021 0.078478559
30 5.903442383 -12.801283836 -17.693199158 -1.758288063 0.382600701 -2.993943889
31 13.525100708 0 0 -0.026440476 0.049882111 -0.014562276
32 11.953033447 0.000015259 0 0.143718475 0.045831311 0.161528161
33 8.290405273 0 0 0.208941095 0.034725854 0.037235763
34 7.875 -0.000030518 -0.000001907 0.173916562 0.019816154 -0.319207052
35 8.78578949 -0.000045776 0.000007629 0.202818988 -0.024402451 -0.552205078
36 8.903720856 0.000007629 0.000007629 0.016597559 0.237808263 0.326273024
37 4.435455322 0.000127017 -25.179950714 3.057415234 0.460269838 3.057343407
38 14.171005249 0.000021935 1.280700684 -0.050802071 0.013051091 -0.006289499
39 10.9765625 0.000020981 0.352539063 0.061085828 -0.014922169 0.005071107
40 8.120269775 -0.000003815 -0.000007629 0.124041653 -0.013779718 -0.056732359
41 8.120262146 0.000001907 -0.000015259 0.137289303 0.098269444 -0.040453076
42 8.120330811 0.000001907 -0.000015259 0.161038471 0.624009525 -0.021560826
43 8.120323181 -0.000007629 0.000061035 0.025455524 -0.311817729 0.056040024
44 7.146957397 16.179790497 -9.195613861 1.426251078 -0.205832117 -0.231001531
45 -13.525131226 -0.000003815 0.000007629 -0.089042362 -0.149281856 0.045308186
46 -11.953033447 -0.000007629 0.000007629 0.027361746 -0.1265399 0.233738218
47 -8.290374756 0 0 0.179344182 0.107609073 0.214780548
48 -7.875 0.000022888 -0.000007629 0.154538633 0.237279086 -0.268490569
49 -8.785785675 0.000030518 0.000007629 0.17846196 0.238183128 -0.783807184
50 -8.903709412 0 0 -0.162082094 0.132802146 0.069935698
51 7.147003174 -16.266246796 -9.19562149 -1.747932682 0.316542003 -2.958404799
52 13.525115967 0 0 -0.137742247 -0.025216195 0.082579331
53 11.953033447 0.000011444 0 0.12491508 0.092907492 0.200403311
54 8.290420532 0.000003815 -0.000007629 0.240830157 0.126489673 0.072831252
55 7.875 -0.000030518 0 0.191335653 0.093516343 -0.330237077
56 8.78578949 -0.000045776 0.000011444 0.120628114 0.088167731 -0.686755335
57 8.903720856 -0.000007629 0.000007629 -0.070287737 0.239355732 0.311205597
58 -5.36730957 8.366906166 8.703117371 1.839769988 -0.716018102 3.105993431
59 13.525100708 0.000007629 -0.000003815 -0.294796652 0.025796171 -0.029052018
60 -3.441879272 -10.792385101 9.377006531 1.7744767 -0.828472541 -3.058776226
61 13.525123596 0 -0.000007629 -0.422298193 0.115277071 -0.516501546
62 11.953048706 0.000007629 0 0.19092313 -0.079142305 -0.49783093
63 8.290390015 0 0 0.059631858 -0.134278439 -0.051444662
64 7.875 -0.000030518 -0.000001907 -0.032332527 -0.191590242 -0.098058041
65 19.39491272 -14.052383423 -0.467086792 0.3320559 0.028603089 -2.242024031
66 26.240753174 0.000007629 0.000003815 -0.24523956 0.339115826 0.045523394
67 31.970985413 0.000003815 0.000003815 -0.120369693 -0.034860652 0.324620845
68 4.627243042 -2.311290741 4.185634613 -0.024611287 -0.558422955 -0.444239217
69 2.980110168 -0.000004292 -0.000003815 -0.044814452 -0.161464923 0.279695347
70 1.982421875 0.000013351 0 0 0 0.079605056
71 10.844871521 -1.281562805 -1.331680298 -0.01459063 -0.011794345 -0.44466852
72 3.98828125 -0.000008106 0.000038147 0.141909771 0.044574751 -0.24562826
73 2.26953125 -0.000005722 -0.000009537 0.18105451 0.052639246 -0.179635609
74 10.908843994 -1.237384796 0.82958889 -0.013197125 -0.016788242 -0.444561139
75 3.989433289 -0.00001049 0.000038147 0.083518595 0.042893344 -0.181050409
76 3.478294373 -0.000009537 -0.000015259 -0.110527357 0.005560805 -0.282723353
77 10.291893005 -1.202156067 -3.344138145 -0.011976631 -0.027362076 -0.479207941
78 2.757148743 -0.000003815 0.000024796 0.122977527 0.062475046 -0.242323602
79 1.775390625 -0.000009537 -0.000006676 0.631145005 0.121045445 -0.295790883
80 10.971855164 -1.193920135 2.957342148 -0.019549258 0.004207118 -0.487918004
81 3.82421875 -0.000000834 0.000034332 -0.000540752 0.00220531 -0.175621943
82 2.94140625 -0.000007629 -0.000014305 -0.004010348 0.016569113 -0.333038093
83 -0.000015259 0.000007629 0.000001907 0.347502282 0.19416492 -0.668837585
84 19.39491272 13.160593033 -0.467075348 -1.998658271 0.539292821 -0.366432577
85 -26.240753174 -0.000003815 -0.000003815 -0.197886075 -0.042984474 0.137022369
86 -31.971000671 0.000015259 0 -1.356506665 0.216083439 -0.732749364
87 -11.614601135 3.933105469 0.069384575 -1.578444876 1.529198549 -2.544968004
88 -10.484527588 1.069198608 3.539872169 -3.131584703 0.028220486 2.411526648
89 2.757156372 0.000002265 0.000026703 -0.011712134 0.035128624 1.019560794
90 1.775390625 0.000007629 -0.000023842 -0.261071927 -0.262843666 1.059935836
91 -11.046470642 1.142402649 1.529694557 -3.130487012 0.018259081 2.114134707
92 3.98828125 0 0.000038147 0.004872241 -0.009924216 1.610032301
93 2.26953125 0.000007629 0.000000954 -0.076539319 -0.095407065 1.438172442
94 -11.192642212 1.041526794 -2.758434296 -3.116629264 0.004012045 2.226905852
95 3.82421875 0.000038147 0.000051498 0.00053161 0.002187187 1.610324685
96 8.785797119 -0.00003624 -0.000001907 0.08229373 0.071373082 -0.580233542
97 2.94140625 0.000007629 -0.000011444 -0.004550553 0.006091757 1.767588569
98 -11.120124817 1.091545105 -0.631118774 -3.132136147 0.020772815 2.221577138
99 3.98941803 0.000001907 0.000052452 0.021444626 0.041947477 1.751021405
100 3.478290558 0.000022888 -0.00001049 -0.001306817 0.004312204 1.848998194
101 -4.853614807 2.155082703 -4.018517494 3.123057975 0.125574955 2.46129872
102 2.980110168 -0.00000906 0.000011921 0.038574713 -0.163808097 -0.240289671
103 1.982421875 -0.000009537 0.000034332 0 0 -0.040571652
104 0.000015259 -0.000007629 -0.000003815 -0.01786834 -0.032037725 -0.918099438
105 7.08984375 0 -0.000000477 3.141592654 -0.174494795 3.141592654
106 7.528259277 8.168075562 -1.23279953 -3.11062277 0.247854481 -3.089970264
107 -54.911224365 -0.64967823 -0.176695824 1.555660594 0.194374138 0.011893547
108 -61.183189392 0.000000954 0 0.173988939 0.013650073 0.001450443
109 8.588684082 0 1.514415741 0 0 0
110 4.260505676 -21.349506378 -3.218473434 0.049970132 -0.167237822 -0.292242966
111 15.606681824 0 -0.000012159 0.023319745 0.026763646 -0.051319187
112 15.853744507 0.000003815 -0.000006199 -0.001282941 0.024048765 -0.106588441
113 15.151851654 -0.000007629 0.000000954 0.020713503 0.033229085 -0.015972982
114 11.14995575 0.000007629 -0.000005722 -0.091448363 0.278471007 -0.116523577
115 1.725082397 -0.142127991 11.160655975 -1.570455147 -0.466373298 -0.000081036
116 15.606681824 0 0 0.02128094 -0.005284276 0.050274776
117 15.853729248 0 0 -0.005437048 -0.00811447 -0.000236892
118 15.151863098 0 0 0.01111758 -0.007277402 0.004793398
119 11.149963379 -0.000003815 -0.000000238 0.002413218 0.001872036 0.171291555
120 6.678688049 -0.142132998 -16.932613373 1.574478329 -0.238909093 3.140843351
121 -15.606689453 0.000003815 0.00000003 -0.018940682 -0.00125662 0.049651365
122 -15.853759766 0 0.00000596 0.00848597 -0.009285098 0.0316408
123 -15.151855469 -0.000007629 0 -0.007550229 -0.007295202 0.057609564
124 -11.149951935 0.000003815 0.000006199 -0.033179481 -0.006573929 0.279776215
125 2.507644653 15.93921566 6.722552299 -1.59590323 0.413815314 -2.99590908
126 -15.606674194 -0.000003815 0 -0.011232469 0.04253437 -0.052997336
127 -15.853752136 0.000007629 0.000009537 0.026850633 -0.053835553 0.022679976
128 -15.151847839 -0.000003815 0.000011444 -0.010117065 -0.020223175 -0.102061361
129 -11.149963379 0 -0.000003815 0.095643545 -0.169860232 -0.086223283
130 2.507621765 -17.075353622 6.722564697 -1.59590323 -0.413815314 -0.145683558
131 15.606666565 0 0 0.035488794 0.037648733 0.009389141
132 15.853744507 0 0.000003815 0.011231679 -0.05878109 0.094264227
133 15.151855469 0 0 0.006052067 -0.022567514 -0.016124475
134 11.149967194 0 -0.000015259 -0.026025305 0.154199249 -0.038723138
135 5.893127441 15.939212799 -12.477539063 -3.131909103 -0.017476598 0.467180784
136 15.606674194 0 0.000024796 0.024773882 0.009212982 -0.018963828
137 15.853744507 0.000003815 -0.000011444 0.065255279 -0.12483229 0.045421076
138 15.151847839 0 -0.000001907 -0.028635037 -0.115830143 -0.083711973
139 11.14995575 0.000007629 -0.000011444 0.089703079 -0.276790659 -0.075933823
140 5.893135071 -17.075361252 -12.477552414 1.495996792 -0.068189583 3.008001698
141 -15.606666565 -0.000003815 0.000007629 -0.011374259 0.043386671 0.008991462
142 -15.853736877 0 -0.000011444 0.023912592 -0.055539785 0.091337552
143 -15.15184021 -0.000003815 0 -0.020102161 -0.018928774 -0.019492142
144 -11.149944305 -0.000003815 -0.000007629 0.003165016 -0.022874573 0.231305675
145 4.260475159 20.773918152 -3.218482971 0.049970132 0.167237822 -2.849349719
146 -15.606689453 0 0 -0.016492657 -0.035461922 0.034136717
147 -15.853752136 0.000007629 -0.000000238 0.003782629 -0.041332824 -0.065963959
148 -15.151847839 0 0 -0.003050926 -0.044907896 0.055073144
149 -11.149944305 0.000007629 -0.000000238 -0.040092482 -0.290048279 -0.085962611
150 7.528274536 -8.043749809 -1.232801437 0.007329284 -0.21639104 -0.029102009
151 54.911239624 0.649676323 0.176697254 1.570568169 0.068872615 0.030284695
152 61.183170319 -0.000000715 0.000000954 0.174162246 0.013649947 0.001451626
153 -0.364086866 -2.758008003 4.994803905 0 0 0.000244115
154 -0.364086866 -2.758006096 4.994803905 0 0 0.000244115
155 -0.364086866 -2.758006096 4.994803905 0 0 0.000244115
156 -0.364086866 -2.758006096 4.994803905 0 0 0.000244115
157 -0.364086866 -2.758006096 4.994803905 0 0 0.000244115
158 -0.364086866 -2.758006096 4.994803905 0 0 0.000244115
159 -0.364086866 -2.758006096 4.994803905 0 0 0.000244115
160 -0.364086866 -2.758006096 4.994803905 0 0 0.000244115
161 -0.364086866 -2.758006096 4.994803905 0 0 0.000244115
162 -0.498048782 -4.95163393 0.510848999 0 0 0.000244115
163 -0.364086866 -2.758006096 4.994803905 0 0 0.000244115
time 22
0 -0.364086866 -2.758006096 4.994803905 0 0 0.000244115
1 -0.355919987 0.038907676 1.085067987 0.076728328 -1.486207221 -1.570593639
2 130.809036255 0 -0.000000477 0 0 0
3 6.662017822 -0.142129987 2.521339893 -3.066632614 -0.009362363 0.035411475
4 24.360931396 0 0.000011921 0.21402345 0.23971167 0.07431571
5 24.806396484 -0.00000599 0.765956879 0.165524049 -0.346281387 -0.0533671
6 8.120269775 -0.000001997 0.000003815 -0.69943143 0.01576289 0.110729622
7 8.120315552 -0.000000983 0.000001907 0 -0.880742373 0
8 8.120315552 -0.000000983 0.000001907 0 -1.357954675 0
9 5.115219116 7.517074585 -23.079299927 1.562213799 -0.258357348 -0.135505981
10 -13.525115967 0 0 0.035944299 0.029948441 -0.032876934
11 -11.953033447 -0.000007629 0.000001431 -0.018605552 -0.044292945 0.211998266
12 -8.290390015 0 0.000000954 -0.036825544 0.018052388 0.03316704
13 -7.875 0.000038147 -0.000003815 -0.078304618 0.11600776 -0.141891142
14 -8.78578186 0.000045776 -0.000003815 0.055472593 0.010903507 -0.605339436
15 -8.90372467 0.000015259 0.000003815 -0.013083902 0.11641751 0.295336691
16 5.903457642 12.714836121 -17.693172455 1.423310714 -0.276894935 -0.17907729
17 -13.525131226 -0.000007629 0.000007629 0.019752498 0.027883285 -0.026055795
18 -11.953033447 -0.000015259 -0.000003815 0.014806327 -0.094302809 0.217760905
19 -8.290374756 0 0 0.026106841 0.044070842 0.207047591
20 -7.875 0.000038147 -0.000003815 -0.037287381 0.14753814 -0.178366532
21 -8.78578949 0.000030518 0.000003815 0.047162117 0.19047778 -0.599450329
22 -8.903709412 0 0 -0.107245566 0.084900986 0.268475454
23 5.115219116 -7.603518486 -23.079322815 -1.664391277 0.294079105 -3.056782687
24 13.525115967 0.000007629 0 0.005326101 0.010416089 -0.021552232
25 11.95300293 0.000007629 0.000003815 0.152458471 0.06009729 0.201507327
26 8.290374756 0.000015259 -0.000007629 0.243633912 -0.015493842 -0.025464587
27 7.875 -0.000030518 0.000001907 0.239944156 -0.015138336 -0.166422125
28 8.785774231 -0.000038147 0.000003815 0.332983732 -0.18403694 -0.514252416
29 8.903736115 -0.000007629 -0.000007629 -0.008257576 0.191820617 0.07197636
30 5.903442383 -12.801283836 -17.693199158 -1.734083121 0.360982377 -2.96562424
31 13.525100708 0 0 -0.027553671 0.051088343 -0.02056557
32 11.953033447 0.000015259 0 0.14292171 0.072443822 0.198942155
33 8.290405273 0 0 0.205342976 0.061938204 0.104784682
34 7.875 -0.000030518 -0.000001907 0.183829902 0.024342273 -0.254190828
35 8.78578949 -0.000045776 0.000007629 0.242151832 -0.040630491 -0.524776011
36 8.903720856 0.000007629 0.000007629 0.011580837 0.23075672 0.287334447
37 4.435455322 0.000127017 -25.179950714 3.078665188 0.461358776 3.088573893
38 14.171005249 0.000021935 1.280700684 -0.048445201 0.015753869 -0.00193589
39 10.9765625 0.000020981 0.352539063 0.056533202 -0.021180766 0.043446251
40 8.120269775 -0.000003815 -0.000007629 0.116360153 -0.043315485 -0.038848309
41 8.120262146 0.000001907 -0.000015259 0.134906416 0.039013092 -0.063658122
42 8.120330811 0.000001907 -0.000015259 0.153479515 0.58538734 -0.051238835
43 8.120323181 -0.000007629 0.000061035 0.016772063 -0.273963014 0.057908044
44 7.146957397 16.179790497 -9.195613861 1.415437586 -0.204637682 -0.217907514
45 -13.525131226 -0.000003815 0.000007629 -0.08648574 -0.148558559 0.02653982
46 -11.953033447 -0.000007629 0.000007629 0.029979686 -0.14660541 0.221760994
47 -8.290374756 0 0 0.174215365 0.076453614 0.268680081
48 -7.875 0.000022888 -0.000007629 0.168334457 0.236769391 -0.139031498
49 -8.785785675 0.000030518 0.000007629 0.209103408 0.284483254 -0.704700996
50 -8.903709412 0 0 -0.146482739 0.130092435 0.036412972
51 7.147003174 -16.266246796 -9.19562149 -1.727383413 0.287234737 -2.938961217
52 13.525115967 0 0 -0.133633386 -0.029532737 0.074841633
53 11.953033447 0.000011444 0 0.123192342 0.104395682 0.242452309
54 8.290420532 0.000003815 -0.000007629 0.241766316 0.147264574 0.15516906
55 7.875 -0.000030518 0 0.208857139 0.112593378 -0.251462252
56 8.78578949 -0.000045776 0.000011444 0.190529529 0.086734906 -0.658754807
57 8.903720856 -0.000007629 0.000007629 -0.064220108 0.234104017 0.274595405
58 -5.36730957 8.366906166 8.703117371 1.851250723 -0.711822982 3.098812511
59 13.525100708 0.000007629 -0.000003815 -0.294796652 0.025796171 -0.029052018
60 -3.441879272 -10.792385101 9.377006531 1.789665033 -0.833767055 -3.069329693
61 13.525123596 0 -0.000007629 -0.415131562 0.111188868 -0.509671089
62 11.953048706 0.000007629 0 0.18667271 -0.072147895 -0.488259478
63 8.290390015 0 0 0.059739363 -0.104668133 -0.042737668
64 7.875 -0.000030518 -0.000001907 -0.031980325 -0.162421774 -0.09383473
65 19.39491272 -14.052383423 -0.467086792 0.394741955 0.066412726 -2.319994934
66 26.240753174 0.000007629 0.000003815 -0.248150885 0.320173927 0.039123716
67 31.970985413 0.000003815 0.000003815 -0.130430968 -0.02730786 0.268588319
68 4.627243042 -2.311290741 4.185634613 -0.024611287 -0.558422955 -0.444239217
69 2.980110168 -0.000004292 -0.000003815 -0.044814452 -0.161464923 0.279695347
70 1.982421875 0.000013351 0 0 0 0.079605056
71 10.844871521 -1.281562805 -1.331680298 -0.01459063 -0.011794345 -0.44466852
72 3.98828125 -0.000008106 0.000038147 0.141909771 0.044574751 -0.24562826
73 2.26953125 -0.000005722 -0.000009537 0.18105451 0.052639246 -0.179635609
74 10.908843994 -1.237384796 0.82958889 -0.013197125 -0.016788242 -0.444561139
75 3.989433289 -0.00001049 0.000038147 0.083518595 0.042893344 -0.181050409
76 3.478294373 -0.000009537 -0.000015259 -0.110527357 0.005560805 -0.282723353
77 10.291893005 -1.202156067 -3.344138145 -0.011976631 -0.027362076 -0.479207941
78 2.757148743 -0.000003815 0.000024796 0.122977527 0.062475046 -0.242323602
79 1.775390625 -0.000009537 -0.000006676 0.631145005 0.121045445 -0.295790883
80 10.971855164 -1.193920135 2.957342148 -0.019549258 0.004207118 -0.487918004
81 3.82421875 -0.000000834 0.000034332 -0.000540752 0.00220531 -0.175621943
82 2.94140625 -0.000007629 -0.000014305 -0.004010348 0.016569113 -0.333038093
83 -0.000015259 0.000007629 0.000001907 0.356646036 0.187932779 -0.661836684
84 19.39491272 13.160593033 -0.467075348 -2.037221955 0.437063756 -0.357176627
85 -26.240753174 -0.000003815 -0.000003815 -0.196041343 -0.032008726 0.135790035
86 -31.971000671 0.000015259 0 -1.260137273 0.215427086 -0.660119692
87 -11.614601135 3.933105469 0.069384575 -1.578444876 1.529198549 -2.544968004
88 -10.484527588 1.069198608 3.539872169 -3.131584703 0.028220486 2.411526648
89 2.757156372 0.000002265 0.000026703 -0.011712134 0.035128624 1.019560794
90 1.775390625 0.000007629 -0.000023842 -0.261071927 -0.262843666 1.059935836
91 -11.046470642 1.142402649 1.529694557 -3.130487012 0.018259081 2.114134707
92 3.98828125 0 0.000038147 0.004872241 -0.009924216 1.610032301
93 2.26953125 0.000007629 0.000000954 -0.076539319 -0.095407065 1.438172442
94 -11.192642212 1.041526794 -2.758434296 -3.116629264 0.004012045 2.226905852
95 3.82421875 0.000038147 0.000051498 0.00053161 0.002187187 1.610324685
96 8.785797119 -0.00003624 -0.000001907 0.08229373 0.071373082 -0.580233542
97 2.94140625 0.000007629 -0.000011444 -0.004550553 0.006091757 1.767588569
98 -11.120124817 1.091545105 -0.631118774 -3.132136147 0.020772815 2.221577138
99 3.98941803 0.000001907 0.000052452 0.021444626 0.041947477 1.751021405
100 3.478290558 0.000022888 -0.00001049 -0.001306817 0.004312204 1.848998194
101 -4.853614807 2.155082703 -4.018517494 3.123057975 0.125574955 2.46129872
102 2.980110168 -0.00000906 0.000011921 0.038574713 -0.163808097 -0.240289671
103 1.982421875 -0.000009537 0.000034332 0 0 -0.040571652
104 0.000015259 -0.000007629 -0.000003815 -0.01786834 -0.032037725 -0.918099438
105 7.08984375 0 -0.000000477 3.141592654 -0.174494795 3.141592654
106 7.528259277 8.168075562 -1.23279953 -3.11196261 0.241223046 -3.093040268
107 -54.911224365 -0.64967823 -0.176695824 1.557142408 0.182365705 0.014319631
108 -61.183189392 0.000000954 0 0.173988939 0.013650073 0.001450443
109 8.588684082 0 1.514415741 0 0 0
110 4.260505676 -21.349506378 -3.218473434 0.049970132 -0.167237822 -0.292242966
111 15.606681824 0 -0.000012159 0.020018269 0.031080019 -0.051061764
112 15.853744507 0.000003815 -0.000006199 -0.012586486 0.025261311 -0.106648441
113 15.151851654 -0.000007629 0.000000954 0.017438632 0.034059297 -0.015243004
114 11.14995575 0.000007629 -0.000005722 -0.079098151 0.24095876 -0.111518584
115 1.725082397 -0.142127991 11.160655975 -1.570455147 -0.466373298 -0.000081036
116 15.606681824 0 0 0.018502981 -0.008055729 0.058632271
117 15.853729248 0 0 -0.012711356 -0.009897763 0.004551526
118 15.151863098 0 0 0.008652017 -0.011014654 0.012037061
119 11.149963379 -0.000003815 -0.000000238 0.002087483 0.001317951 0.146698832
120 6.678688049 -0.142132998 -16.932613373 1.573833729 -0.217652606 3.140831007
121 -15.606689453 0.000003815 0.00000003 -0.016435129 -0.003926303 0.058133672
122 -15.853759766 0 0.00000596 0.015834761 -0.012203897 0.03659188
123 -15.151855469 -0.000007629 0 -0.005296427 -0.01148673 0.065039676
124 -11.149951935 0.000003815 0.000006199 -0.028692151 -0.005749043 0.24056144
125 2.507644653 15.93921566 6.722552299 -1.59590323 0.413815314 -2.99590908
126 -15.606674194 -0.000003815 0 -0.009203304 0.041765683 -0.064264846
127 -15.853752136 0.000007629 0.000009537 0.033326166 -0.05449123 0.01610498
128 -15.151847839 -0.000003815 0.000011444 -0.007836688 -0.022224004 -0.111586226
129 -11.149963379 0 -0.000003815 0.081563497 -0.146947451 -0.082772734
130 2.507621765 -17.075353622 6.722564697 -1.59590323 -0.413815314 -0.145683558
131 15.606666565 0 0 0.032277041 0.034910288 0.014119166
132 15.853744507 0 0.000003815 0.002684691 -0.060545563 0.09684851
133 15.151855469 0 0 0.003529208 -0.026046925 -0.012476731
134 11.149967194 0 -0.000015259 -0.023723082 0.133435397 -0.041644424
135 5.893127441 15.939212799 -12.477539063 3.132504282 -0.03360464 0.453811335
136 15.606674194 0 0.000024796 0.022811167 -0.002471953 -0.017897175
137 15.853744507 0.000003815 -0.000011444 0.073843559 -0.13081441 0.04459206
138 15.151847839 0 -0.000001907 -0.020607152 -0.125083671 -0.082802916
139 11.14995575 0.000007629 -0.000011444 0.076404639 -0.239540451 -0.073766212
140 5.893135071 -17.075361252 -12.477552414 1.495996792 -0.068189583 3.008001698
141 -15.606666565 -0.000003815 0.000007629 -0.008519878 0.041495197 0.013809768
142 -15.853736877 0 -0.000011444 0.03255658 -0.057882614 0.093748106
143 -15.15184021 -0.000003815 0 -0.017000917 -0.022063498 -0.016128067
144 -11.149944305 -0.000003815 -0.000007629 0.001300944 -0.019810137 0.192000907
145 4.260475159 20.773918152 -3.218482971 0.049970132 0.167237822 -2.849349719
146 -15.606689453 0 0 -0.014364269 -0.047415132 0.034016062
147 -15.853752136 0.000007629 -0.000000238 0.008344693 -0.048264375 -0.066524712
148 -15.151847839 0 0 -0.00168424 -0.055310746 0.054626435
149 -11.149944305 0.000007629 -0.000000238 -0.034716888 -0.250979775 -0.08509995
150 7.528274536 -8.043749809 -1.232801437 0.007123294 -0.208841012 -0.029041026
151 54.911239624 0.649676323 0.176697254 1.570537838 0.070644412 0.030345436
152 61.183170319 -0.000000715 0.000000954 0.174162246 0.013649947 0.001451626
153 -0.364086866 -2.758008003 4.994803905 0 0 0.000244115
154 -0.364086866 -2.758006096 4.994803905 0 0 0.000244115
155 -0.364086866 -2.758006096 4.994803905 0 0 0.000244115
156 -0.364086866 -2.758006096 4.994803905 0 0 0.000244115
157 -0.364086866 -2.758006096 4.994803905 0 0 0.000244115
158 -0.364086866 -2.758006096 4.994803905 0 0 0.000244115
159 -0.364086866 -2.758006096 4.994803905 0 0 0.000244115
160 -0.364086866 -2.758006096 4.994803905 0 0 0.000244115
161 -0.364086866 -2.758006096 4.994803905 0 0 0.000244115
162 -0.498048782 -4.95163393 0.510848999 0 0 0.000244115
163 -0.364086866 -2.758006096 4.994803905 0 0 0.000244115
time 23
0 -0.364086866 -2.758006096 4.994803905 0 0 0.000244115
1 -0.355919927 -1.392527638 1.085067987 0.064057761 -1.500375156 -1.570899754
2 130.809036255 0 -0.000000477 0 0 0
3 6.662017822 -0.142129987 2.521339893 -3.070192269 -0.006322482 0.02948732
4 24.360931396 0 0.000011921 0.195296826 0.236629726 0.061804888
5 24.806396484 -0.00000599 0.765956879 0.131489592 -0.350850304 -0.042401586
6 8.120269775 -0.000001997 0.000003815 -0.615900427 0.014823259 0.092153034
7 8.120315552 -0.000000983 0.000001907 0 -0.880742373 0
8 8.120315552 -0.000000983 0.000001907 0 -1.357954675 0
9 5.115219116 7.517074585 -23.079299927 1.542016508 -0.257600516 -0.108169174
10 -13.525115967 0 0 0.033473075 0.034549988 -0.0418186
11 -11.953033447 -0.000007629 0.000001431 -0.01989561 -0.074734551 0.210777094
12 -8.290390015 0 0.000000954 -0.031730233 -0.013229889 0.069891932
13 -7.875 0.000038147 -0.000003815 -0.070708553 0.127866108 -0.054125319
14 -8.78578186 0.000045776 -0.000003815 0.041203294 0.045471207 -0.527568106
15 -8.90372467 0.000015259 0.000003815 -0.005334817 0.104392088 0.256794066
16 5.903457642 12.714836121 -17.693172455 1.404509895 -0.279821122 -0.156684727
17 -13.525131226 -0.000007629 0.000007629 0.016761533 0.034049906 -0.034853653
18 -11.953033447 -0.000015259 -0.000003815 0.01499039 -0.117289065 0.205886656
19 -8.290374756 0 0 0.027287649 0.012993251 0.238136475
20 -7.875 0.000038147 -0.000003815 -0.028903746 0.143476002 -0.082762085
21 -8.78578949 0.000030518 0.000003815 0.055864523 0.215097213 -0.507590635
22 -8.903709412 0 0 -0.093376817 0.077816951 0.230642983
23 5.115219116 -7.603518486 -23.079322815 -1.638723878 0.277737529 -3.024534469
24 13.525115967 0.000007629 0 0.006855986 0.003131537 -0.032100711
25 11.95300293 0.000007629 0.000003815 0.154129862 0.089773102 0.222444779
26 8.290374756 0.000015259 -0.000007629 0.238677469 0.026720574 0.026592352
27 7.875 -0.000030518 0.000001907 0.237530612 0.004968275 -0.094804795
28 8.785774231 -0.000038147 0.000003815 0.349601032 -0.191353222 -0.463041044
29 8.903736115 -0.000007629 -0.000007629 -0.01070404 0.18803949 0.06584946
30 5.903442383 -12.801283836 -17.693199158 -1.706321379 0.339042135 -2.935940277
31 13.525100708 0 0 -0.027413861 0.043313715 -0.033751873
32 11.953033447 0.000015259 0 0.142726418 0.093959922 0.226603418
33 8.290405273 0 0 0.204555311 0.098484187 0.169961354
34 7.875 -0.000030518 -0.000001907 0.188286124 0.045160938 -0.182721056
35 8.78578949 -0.000045776 0.000007629 0.276971854 -0.049801208 -0.48467267
36 8.903720856 0.000007629 0.000007629 0.006110604 0.223229461 0.245364643
37 4.435455322 0.000127017 -25.179950714 3.105450769 0.461791923 3.12440423
38 14.171005249 0.000021935 1.280700684 -0.045842912 0.017467182 -0.010157228
39 10.9765625 0.000020981 0.352539063 0.052757312 -0.025454592 0.077152752
40 8.120269775 -0.000003815 -0.000007629 0.108669856 -0.066862744 -0.004243339
41 8.120262146 0.000001907 -0.000015259 0.131426977 -0.013865143 -0.069438225
42 8.120330811 0.000001907 -0.000015259 0.150352484 0.538151407 -0.08234196
43 8.120323181 -0.000007629 0.000061035 0.007407794 -0.233132724 0.059976914
44 7.146957397 16.179790497 -9.195613861 1.400424174 -0.207216438 -0.203847421
45 -13.525131226 -0.000003815 0.000007629 -0.085975731 -0.142911639 0.014732843
46 -11.953033447 -0.000007629 0.000007629 0.032726666 -0.159819125 0.204822333
47 -8.290374756 0 0 0.165897789 0.046577134 0.298378775
48 -7.875 0.000022888 -0.000007629 0.176778991 0.222992016 -0.029250788
49 -8.785785675 0.000030518 0.000007629 0.236501008 0.322691705 -0.599375459
50 -8.903709412 0 0 -0.129640554 0.127166611 0.000228308
51 7.147003174 -16.266246796 -9.19562149 -1.703430897 0.258434483 -2.919077125
52 13.525115967 0 0 -0.127752737 -0.038738267 0.058630041
53 11.953033447 0.000011444 0 0.120983512 0.112582608 0.272289654
54 8.290420532 0.000003815 -0.000007629 0.242777548 0.170192028 0.233358634
55 7.875 -0.000030518 0 0.221056435 0.141578849 -0.163675715
56 8.78578949 -0.000045776 0.000011444 0.251405461 0.096209557 -0.61454977
57 8.903720856 -0.000007629 0.000007629 -0.057609292 0.228464423 0.235088591
58 -5.36730957 8.366906166 8.703117371 1.866672548 -0.709090899 3.092217711
59 13.525100708 0.000007629 -0.000003815 -0.294796652 0.025796171 -0.029052018
60 -3.441879272 -10.792385101 9.377006531 1.808011743 -0.840070737 -3.078801536
61 13.525123596 0 -0.000007629 -0.405368202 0.104480934 -0.501590939
62 11.953048706 0.000007629 0 0.184126506 -0.07563232 -0.481855124
63 8.290390015 0 0 0.060240718 -0.086959994 -0.035815242
64 7.875 -0.000030518 -0.000001907 -0.032815427 -0.130758199 -0.089933813
65 19.39491272 -14.052383423 -0.467086792 0.459256196 0.10402299 -2.399432278
66 26.240753174 0.000007629 0.000003815 -0.250041618 0.29604394 0.032276804
67 31.970985413 0.000003815 0.000003815 -0.141333751 -0.019228146 0.208206175
68 4.627243042 -2.311290741 4.185634613 -0.024611287 -0.558422955 -0.444239217
69 2.980110168 -0.000004292 -0.000003815 -0.044814452 -0.161464923 0.279695347
70 1.982421875 0.000013351 0 0 0 0.079605056
71 10.844871521 -1.281562805 -1.331680298 -0.01459063 -0.011794345 -0.44466852
72 3.98828125 -0.000008106 0.000038147 0.141909771 0.044574751 -0.24562826
73 2.26953125 -0.000005722 -0.000009537 0.18105451 0.052639246 -0.179635609
74 10.908843994 -1.237384796 0.82958889 -0.013197125 -0.016788242 -0.444561139
75 3.989433289 -0.00001049 0.000038147 0.083518595 0.042893344 -0.181050409
76 3.478294373 -0.000009537 -0.000015259 -0.110527357 0.005560805 -0.282723353
77 10.291893005 -1.202156067 -3.344138145 -0.011976631 -0.027362076 -0.479207941
78 2.757148743 -0.000003815 0.000024796 0.122977527 0.062475046 -0.242323602
79 1.775390625 -0.000009537 -0.000006676 0.631145005 0.121045445 -0.295790883
80 10.971855164 -1.193920135 2.957342148 -0.019549258 0.004207118 -0.487918004
81 3.82421875 -0.000000834 0.000034332 -0.000540752 0.00220531 -0.175621943
82 2.94140625 -0.000007629 -0.000014305 -0.004010348 0.016569113 -0.333038093
83 -0.000015259 0.000007629 0.000001907 0.365338352 0.182018697 -0.655162141
84 19.39491272 13.160593033 -0.467075348 -2.081271568 0.326786975 -0.349702999
85 -26.240753174 -0.000003815 -0.000003815 -0.193643667 -0.020150619 0.135095161
86 -31.971000671 0.000015259 0 -1.156162178 0.2148959 -0.581801141
87 -11.614601135 3.933105469 0.069384575 -1.578444876 1.529198549 -2.544968004
88 -10.484527588 1.069198608 3.539872169 -3.131584703 0.028220486 2.411526648
89 2.757156372 0.000002265 0.000026703 -0.011712134 0.035128624 1.019560794
90 1.775390625 0.000007629 -0.000023842 -0.261071927 -0.262843666 1.059935836
91 -11.046470642 1.142402649 1.529694557 -3.130487012 0.018259081 2.114134707
92 3.98828125 0 0.000038147 0.004872241 -0.009924216 1.610032301
93 2.26953125 0.000007629 0.000000954 -0.076539319 -0.095407065 1.438172442
94 -11.192642212 1.041526794 -2.758434296 -3.116629264 0.004012045 2.226905852
95 3.82421875 0.000038147 0.000051498 0.00053161 0.002187187 1.610324685
96 8.785797119 -0.00003624 -0.000001907 0.08229373 0.071373082 -0.580233542
97 2.94140625 0.000007629 -0.000011444 -0.004550553 0.006091757 1.767588569
98 -11.120124817 1.091545105 -0.631118774 -3.132136147 0.020772815 2.221577138
99 3.98941803 0.000001907 0.000052452 0.021444626 0.041947477 1.751021405
100 3.478290558 0.000022888 -0.00001049 -0.001306817 0.004312204 1.848998194
101 -4.853614807 2.155082703 -4.018517494 3.123057975 0.125574955 2.46129872
102 2.980110168 -0.00000906 0.000011921 0.038574713 -0.163808097 -0.240289671
103 1.982421875 -0.000009537 0.000034332 0 0 -0.040571652
104 0.000015259 -0.000007629 -0.000003815 -0.01786834 -0.032037725 -0.918099438
105 7.08984375 0 -0.000000477 3.141592654 -0.174494795 3.141592654
106 7.528259277 8.168075562 -1.23279953 -3.113677562 0.233645552 -3.096332191
107 -54.911224365 -0.64967823 -0.176695824 1.558810913 0.169012854 0.016993893
108 -61.183189392 0.000000954 0 0.173988939 0.013650073 0.001450443
109 8.588684082 0 1.514415741 0 0 0
110 4.260505676 -21.349506378 -3.218473434 0.049970132 -0.167237822 -0.292242966
111 15.606681824 0 -0.000012159 0.015750538 0.03606373 -0.050830921
112 15.853744507 0.000003815 -0.000006199 -0.023048397 0.026773528 -0.107149861
113 15.151851654 -0.000007629 0.000000954 0.013375203 0.035493528 -0.01495723
114 11.14995575 0.000007629 -0.000005722 -0.065868218 0.200523719 -0.106228284
115 1.725082397 -0.142127991 11.160655975 -1.570455147 -0.466373298 -0.000081036
116 15.606681824 0 0 0.01493733 -0.010432956 0.067005552
117 15.853729248 0 0 -0.019298568 -0.0111367 0.008826028
118 15.151863098 0 0 0.005650407 -0.014123726 0.018864296
119 11.149963379 -0.000003815 -0.000000238 0.001694061 0.000849315 0.120139586
120 6.678688049 -0.142132998 -16.932613373 1.573347349 -0.197402179 3.140910711
121 -15.606689453 0.000003815 0.00000003 -0.01299294 -0.006302076 0.066864279
122 -15.853759766 0 0.00000596 0.022495889 -0.014450664 0.041189813
123 -15.151855469 -0.000007629 0 -0.002524179 -0.014938157 0.071938268
124 -11.149951935 0.000003815 0.000006199 -0.023892371 -0.004736354 0.198320106
125 2.507644653 15.93921566 6.722552299 -1.59590323 0.413815314 -2.99590908
126 -15.606674194 -0.000003815 0 -0.006297594 0.041054683 -0.075258725
127 -15.853752136 0.000007629 0.000009537 0.039094965 -0.054858376 0.010327585
128 -15.151847839 -0.000003815 0.000011444 -0.00522913 -0.023664569 -0.120691147
129 -11.149963379 0 -0.000003815 0.066386164 -0.122349959 -0.07901679
130 2.507621765 -17.075353622 6.722564697 -1.59590323 -0.413815314 -0.145683558
131 15.606666565 0 0 0.028200405 0.032447206 0.019365601
132 15.853744507 0 0.000003815 -0.004975872 -0.061814753 0.099333758
133 15.151855469 0 0 0.000474735 -0.029087947 -0.008898499
134 11.149967194 0 -0.000015259 -0.02125279 0.111051182 -0.044758022
135 5.893127441 15.939212799 -12.477539063 3.114515107 -0.049059115 0.440089244
136 15.606674194 0 0.000024796 0.020234021 -0.014070142 -0.01714825
137 15.853744507 0.000003815 -0.000011444 0.080773268 -0.135516979 0.04318145
138 15.151847839 0 -0.000001907 -0.012667137 -0.132888576 -0.08283605
139 11.14995575 0.000007629 -0.000011444 0.062106277 -0.199376638 -0.07149064
140 5.893135071 -17.075361252 -12.477552414 1.495996792 -0.068189583 3.008001698
141 -15.606666565 -0.000003815 0.000007629 -0.00470877 0.039842131 0.019331668
142 -15.853736877 0 -0.000011444 0.04025237 -0.060031084 0.096258734
143 -15.15184021 -0.000003815 0 -0.013480067 -0.025119138 -0.012693273
144 -11.149944305 -0.000003815 -0.000007629 -0.000629951 -0.016485722 0.149650464
145 4.260475159 20.773918152 -3.218482971 0.049970132 0.167237822 -2.849349719
146 -15.606689453 0 0 -0.011628274 -0.059206873 0.033938422
147 -15.853752136 0.000007629 -0.000000238 0.01245483 -0.054518769 -0.067014534
148 -15.151847839 0 0 -0.000292421 -0.065196553 0.053992733
149 -11.149944305 0.000007629 -0.000000238 -0.028867747 -0.208868702 -0.084234214
150 7.528274536 -8.043749809 -1.232801437 0.00692631 -0.201814417 -0.028985539
151 54.911239624 0.649676323 0.176697254 1.570502863 0.072355224 0.030344881
152 61.183170319 -0.000000715 0.000000954 0.174162246 0.013649947 0.001451626
153 -0.364086866 -2.758008003 4.994803905 0 0 0.000244115
154 -0.364086866 -2.758006096 4.994803905 0 0 0.000244115
155 -0.364086866 -2.758006096 4.994803905 0 0 0.000244115
156 -0.364086866 -2.758006096 4.994803905 0 0 0.000244115
157 -0.364086866 -2.758006096 4.994803905 0 0 0.000244115
158 -0.364086866 -2.758006096 4.994803905 0 0 0.000244115
159 -0.364086866 -2.758006096 4.994803905 0 0 0.000244115
160 -0.364086866 -2.758006096 4.994803905 0 0 0.000244115
161 -0.364086866 -2.758006096 4.994803905 0 0 0.000244115
162 -0.498048782 -4.95163393 0.510848999 0 0 0.000244115
163 -0.364086866 -2.758006096 4.994803905 0 0 0.000244115
time 24
0 -0.364086866 -2.758006096 4.994803905 0 0 0.000244115
1 -0.355919868 -2.76387261 1.085067987 0.050459536 -1.514825006 -1.57051033
2 130.809036255 0 -0.000000477 0 0 0
3 6.662017822 -0.142129987 2.521339893 -3.075072884 -0.004059239 0.023356677
4 24.360931396 0 0.000011921 0.17391395 0.233584272 0.0490692
5 24.806396484 -0.00000599 0.765956879 0.100110654 -0.35500349 -0.032285045
6 8.120269775 -0.000001997 0.000003815 -0.525797897 0.0136939 0.07311943
7 8.120315552 -0.000000983 0.000001907 0 -0.880742373 0
8 8.120315552 -0.000000983 0.000001907 0 -1.357954675 0
9 5.115219116 7.517074585 -23.079299927 1.519132795 -0.256915923 -0.080833329
10 -13.525115967 0 0 0.02993373 0.047962335 -0.048334381
11 -11.953033447 -0.000007629 0.000001431 -0.021289156 -0.095815254 0.205937053
12 -8.290390015 0 0.000000954 -0.029392429 -0.053063972 0.094424674
13 -7.875 0.000038147 -0.000003815 -0.062313411 0.120037189 0.02238236
14 -8.78578186 0.000045776 -0.000003815 0.031451466 0.074883941 -0.435873079
15 -8.90372467 0.000015259 0.000003815 0.00257081 0.092051238 0.217256827
16 5.903457642 12.714836121 -17.693172455 1.383145339 -0.283215343 -0.1343349
17 -13.525131226 -0.000007629 0.000007629 0.012912536 0.046702325 -0.038727517
18 -11.953033447 -0.000015259 -0.000003815 0.014977615 -0.131367446 0.193178892
19 -8.290374756 0 0 0.024852977 -0.020748686 0.253710654
20 -7.875 0.000038147 -0.000003815 -0.022380939 0.125191112 -0.005208495
21 -8.78578949 0.000030518 0.000003815 0.067227645 0.229756739 -0.402857431
22 -8.903709412 0 0 -0.079126579 0.070634739 0.191909691
23 5.115219116 -7.603518486 -23.079322815 -1.611603434 0.261276843 -2.993551062
24 13.525115967 0.000007629 0 0.010065357 -0.013146755 -0.046942051
25 11.95300293 0.000007629 0.000003815 0.155875605 0.109184988 0.233845326
26 8.290374756 0.000015259 -0.000007629 0.236918773 0.076059475 0.072220371
27 7.875 -0.000030518 0.000001907 0.233613203 0.044642446 -0.025622273
28 8.785774231 -0.000038147 0.000003815 0.359493951 -0.185105181 -0.399238416
29 8.903736115 -0.000007629 -0.000007629 -0.012894285 0.184504352 0.06027793
30 5.903442383 -12.801283836 -17.693199158 -1.677591996 0.317247408 -2.907847047
31 13.525100708 0 0 -0.025282195 0.028429679 -0.053200969
32 11.953033447 0.000015259 0 0.142219146 0.107400136 0.242175698
33 8.290405273 0 0 0.207146474 0.138661871 0.229800712
34 7.875 -0.000030518 -0.000001907 0.189783774 0.08255901 -0.106315642
35 8.78578949 -0.000045776 0.000007629 0.304034688 -0.045155523 -0.429667915
36 8.903720856 0.000007629 0.000007629 0.000488958 0.21544609 0.20234094
37 4.435455322 0.000127017 -25.179950714 3.134751366 0.460413979 -3.12236146
38 14.171005249 0.000021935 1.280700684 -0.042753809 0.019067302 -0.02898731
39 10.9765625 0.000020981 0.352539063 0.04949676 -0.028170314 0.100636581
40 8.120269775 -0.000003815 -0.000007629 0.101132033 -0.085424147 0.040834036
41 8.120262146 0.000001907 -0.000015259 0.126436894 -0.059753132 -0.053975161
42 8.120330811 0.000001907 -0.000015259 0.153278727 0.485017774 -0.105779956
43 8.120323181 -0.000007629 0.000061035 -0.002138279 -0.191336709 0.062041632
44 7.146957397 16.179790497 -9.195613861 1.382732822 -0.21138987 -0.189975129
45 -13.525131226 -0.000003815 0.000007629 -0.087543415 -0.133732813 0.008550558
46 -11.953033447 -0.000007629 0.000007629 0.03531156 -0.166004823 0.187846948
47 -8.290374756 0 0 0.155969321 0.020312839 0.310622905
48 -7.875 0.000022888 -0.000007629 0.178496289 0.199889447 0.055659978
49 -8.785785675 0.000030518 0.000007629 0.262145593 0.347447648 -0.479936327
50 -8.903709412 0 0 -0.112455284 0.124169184 -0.036796349
51 7.147003174 -16.266246796 -9.19562149 -1.678342473 0.231170884 -2.900635985
52 13.525115967 0 0 -0.119797799 -0.051446227 0.034919419
53 11.953033447 0.000011444 0 0.118244832 0.116790377 0.287870018
54 8.290420532 0.000003815 -0.000007629 0.243511682 0.192702733 0.303855954
55 7.875 -0.000030518 0 0.229957751 0.178461694 -0.070176316
56 8.78578949 -0.000045776 0.000011444 0.301337308 0.118877875 -0.551053169
57 8.903720856 -0.000007629 0.000007629 -0.050967295 0.222640902 0.194639231
58 -5.36730957 8.366906166 8.703117371 1.884209786 -0.708494016 3.086620274
59 13.525100708 0.000007629 -0.000003815 -0.294796652 0.025796171 -0.029052018
60 -3.441879272 -10.792385101 9.377006531 1.827646076 -0.847042341 -3.086775389
61 13.525123596 0 -0.000007629 -0.393482173 0.097760974 -0.492224932
62 11.953048706 0.000007629 0 0.183964715 -0.085667318 -0.476623309
63 8.290390015 0 0 0.061185242 -0.081329629 -0.02988894
64 7.875 -0.000030518 -0.000001907 -0.03381106 -0.105900637 -0.086848325
65 19.39491272 -14.052383423 -0.467086792 0.523523404 0.14003203 -2.47790822
66 26.240753174 0.000007629 0.000003815 -0.251529482 0.266294369 0.025299163
67 31.970985413 0.000003815 0.000003815 -0.152488743 -0.010850759 0.146307407
68 4.627243042 -2.311290741 4.185634613 -0.024611287 -0.558422955 -0.444239217
69 2.980110168 -0.000004292 -0.000003815 -0.044814452 -0.161464923 0.279695347
70 1.982421875 0.000013351 0 0 0 0.079605056
71 10.844871521 -1.281562805 -1.331680298 -0.01459063 -0.011794345 -0.44466852
72 3.98828125 -0.000008106 0.000038147 0.141909771 0.044574751 -0.24562826
73 2.26953125 -0.000005722 -0.000009537 0.18105451 0.052639246 -0.179635609
74 10.908843994 -1.237384796 0.82958889 -0.013197125 -0.016788242 -0.444561139
75 3.989433289 -0.00001049 0.000038147 0.083518595 0.042893344 -0.181050409
76 3.478294373 -0.000009537 -0.000015259 -0.110527357 0.005560805 -0.282723353
77 10.291893005 -1.202156067 -3.344138145 -0.011976631 -0.027362076 -0.479207941
78 2.757148743 -0.000003815 0.000024796 0.122977527 0.062475046 -0.242323602
79 1.775390625 -0.000009537 -0.000006676 0.631145005 0.121045445 -0.295790883
80 10.971855164 -1.193920135 2.957342148 -0.019549258 0.004207118 -0.487918004
81 3.82421875 -0.000000834 0.000034332 -0.000540752 0.00220531 -0.175621943
82 2.94140625 -0.000007629 -0.000014305 -0.004010348 0.016569113 -0.333038093
83 -0.000015259 0.000007629 0.000001907 0.373367819 0.176504522 -0.6490748
84 19.39491272 13.160593033 -0.467075348 -2.129249218 0.213903976 -0.3435822
85 -26.240753174 -0.000003815 -0.000003815 -0.190379629 -0.008075784 0.134577667
86 -31.971000671 0.000015259 0 -1.049620134 0.214502613 -0.501593691
87 -11.614601135 3.933105469 0.069384575 -1.578444876 1.529198549 -2.544968004
88 -10.484527588 1.069198608 3.539872169 -3.131584703 0.028220486 2.411526648
89 2.757156372 0.000002265 0.000026703 -0.011712134 0.035128624 1.019560794
90 1.775390625 0.000007629 -0.000023842 -0.261071927 -0.262843666 1.059935836
91 -11.046470642 1.142402649 1.529694557 -3.130487012 0.018259081 2.114134707
92 3.98828125 0 0.000038147 0.004872241 -0.009924216 1.610032301
93 2.26953125 0.000007629 0.000000954 -0.076539319 -0.095407065 1.438172442
94 -11.192642212 1.041526794 -2.758434296 -3.116629264 0.004012045 2.226905852
95 3.82421875 0.000038147 0.000051498 0.00053161 0.002187187 1.610324685
96 8.785797119 -0.00003624 -0.000001907 0.08229373 0.071373082 -0.580233542
97 2.94140625 0.000007629 -0.000011444 -0.004550553 0.006091757 1.767588569
98 -11.120124817 1.091545105 -0.631118774 -3.132136147 0.020772815 2.221577138
99 3.98941803 0.000001907 0.000052452 0.021444626 0.041947477 1.751021405
100 3.478290558 0.000022888 -0.00001049 -0.001306817 0.004312204 1.848998194
101 -4.853614807 2.155082703 -4.018517494 3.123057975 0.125574955 2.46129872
102 2.980110168 -0.00000906 0.000011921 0.038574713 -0.163808097 -0.240289671
103 1.982421875 -0.000009537 0.000034332 0 0 -0.040571652
104 0.000015259 -0.000007629 -0.000003815 -0.01786834 -0.032037725 -0.918099438
105 7.08984375 0 -0.000000477 3.141592654 -0.174494795 3.141592654
106 7.528259277 8.168075562 -1.23279953 -3.115828088 0.225468992 -3.099752987
107 -54.911224365 -0.64967823 -0.176695824 1.560703527 0.154743064 0.019726282
108 -61.183189392 0.000000954 0 0.173988939 0.013650073 0.001450443
109 8.588684082 0 1.514415741 0 0 0
110 4.260505676 -21.349506378 -3.218473434 0.049970132 -0.167237822 -0.292242966
111 15.606681824 0 -0.000012159 0.010709602 0.040685262 -0.050898492
112 15.853744507 0.000003815 -0.000006199 -0.032142123 0.028436066 -0.107997967
113 15.151851654 -0.000007629 0.000000954 0.008779176 0.037618167 -0.015202249
114 11.14995575 0.000007629 -0.000005722 -0.052256302 0.159128108 -0.100699674
115 1.725082397 -0.142127991 11.160655975 -1.570455147 -0.466373298 -0.000081036
116 15.606681824 0 0 0.010774646 -0.01223411 0.074272387
117 15.853729248 0 0 -0.024933737 -0.011845663 0.012319582
118 15.151863098 0 0 0.002554406 -0.016520172 0.025184934
119 11.149963379 -0.000003815 -0.000000238 0.001321437 0.000543382 0.092997037
120 6.678688049 -0.142132998 -16.932613373 1.572782917 -0.178520151 3.140985897
121 -15.606689453 0.000003815 0.00000003 -0.008944581 -0.008217483 0.074633082
122 -15.853759766 0 0.00000596 0.028220358 -0.016004023 0.044927591
123 -15.151855469 -0.000007629 0 0.000438755 -0.017466765 0.078308446
124 -11.149951935 0.000003815 0.000006199 -0.018989676 -0.003720481 0.154963403
125 2.507644653 15.93921566 6.722552299 -1.59590323 0.413815314 -2.99590908
126 -15.606674194 -0.000003815 0 -0.002666652 0.040581607 -0.084514449
127 -15.853752136 0.000007629 0.000009537 0.043798855 -0.054870012 0.005707495
128 -15.151847839 -0.000003815 0.000011444 -0.002467194 -0.024725258 -0.12911272
129 -11.149963379 0 -0.000003815 0.050784924 -0.09706641 -0.075098079
130 2.507621765 -17.075353622 6.722564697 -1.59590323 -0.413815314 -0.145683558
131 15.606666565 0 0 0.023248925 0.030713132 0.024099132
132 15.853744507 0 0.000003815 -0.011646047 -0.062513022 0.101362351
133 15.151855469 0 0 -0.002848785 -0.031514869 -0.005480078
134 11.149967194 0 -0.000015259 -0.018706081 0.088084562 -0.047919111
135 5.893127441 15.939212799 -12.477539063 3.097756689 -0.063316908 0.426200019
136 15.606674194 0 0.000024796 0.016946232 -0.023943943 -0.016605024
137 15.853744507 0.000003815 -0.000011444 0.086123016 -0.138513145 0.041399036
138 15.151847839 0 -0.000001907 -0.004821593 -0.139146176 -0.083619188
139 11.14995575 0.000007629 -0.000011444 0.047420072 -0.158182843 -0.069162486
140 5.893135071 -17.075361252 -12.477552414 1.495996792 -0.068189583 3.008001698
141 -15.606666565 -0.000003815 0.000007629 -0.000134417 0.03833151 0.024516495
142 -15.853736877 0 -0.000011444 0.046847759 -0.061709245 0.098625363
143 -15.15184021 -0.000003815 0 -0.009630118 -0.027666256 -0.009017365
144 -11.149944305 -0.000003815 -0.000007629 -0.002425701 -0.013096176 0.106324221
145 4.260475159 20.773918152 -3.218482971 0.049970132 0.167237822 -2.849349719
146 -15.606689453 0 0 -0.008341158 -0.069109056 0.033887485
147 -15.853752136 0.000007629 -0.000000238 0.015926493 -0.059670305 -0.067501605
148 -15.151847839 0 0 0.001207377 -0.074308378 0.053514871
149 -11.149944305 0.000007629 -0.000000238 -0.022902055 -0.165727281 -0.083270598
150 7.528274536 -8.043749809 -1.232801437 0.006649246 -0.195225167 -0.028926069
151 54.911239624 0.649676323 0.176697254 1.570456503 0.073882949 0.030282703
152 61.183170319 -0.000000715 0.000000954 0.174162246 0.013649947 0.001451626
153 -0.364086866 -2.758008003 4.994803905 0 0 0.000244115
154 -0.364086866 -2.758006096 4.994803905 0 0 0.000244115
155 -0.364086866 -2.758006096 4.994803905 0 0 0.000244115
156 -0.364086866 -2.758006096 4.994803905 0 0 0.000244115
157 -0.364086866 -2.758006096 4.994803905 0 0 0.000244115
158 -0.364086866 -2.758006096 4.994803905 0 0 0.000244115
159 -0.364086866 -2.758006096 4.994803905 0 0 0.000244115
160 -0.364086866 -2.758006096 4.994803905 0 0 0.000244115
161 -0.364086866 -2.758006096 4.994803905 0 0 0.000244115
162 -0.498048782 -4.95163393 0.510848999 0 0 0.000244115
163 -0.364086866 -2.758006096 4.994803905 0 0 0.000244115
time 25
0 -0.364086866 -2.758006096 4.994803905 0 0 0.000244115
1 -0.355919808 -4.034825522 1.085067987 0.037871709 -1.528977267 -1.570876773
2 130.809036255 0 -0.000000477 0 0 0
3 6.662017822 -0.142129987 2.521339893 -3.081439639 -0.002425132 0.017457501
4 24.360931396 0 0.000011921 0.150029061 0.23075209 0.036589479
5 24.806396484 -0.00000599 0.765956879 0.071938341 -0.358794811 -0.023145934
6 8.120269775 -0.000001997 0.000003815 -0.432015038 0.012227313 0.054501356
7 8.120315552 -0.000000983 0.000001907 0 -0.880742373 0
8 8.120315552 -0.000000983 0.000001907 0 -1.357954675 0
9 5.115219116 7.517074585 -23.079299927 1.495509838 -0.255318372 -0.055925116
10 -13.525115967 0 0 0.024979091 0.067432621 -0.053492463
11 -11.953033447 -0.000007629 0.000001431 -0.022093485 -0.104899317 0.198478595
12 -8.290390015 0 0.000000954 -0.028875961 -0.094335745 0.109269928
13 -7.875 0.000038147 -0.000003815 -0.056786857 0.09390876 0.085621769
14 -8.78578186 0.000045776 -0.000003815 0.028579689 0.090774447 -0.336282186
15 -8.90372467 0.000015259 0.000003815 0.010296786 0.080043428 0.178692035
16 5.903457642 12.714836121 -17.693172455 1.360747232 -0.285820094 -0.113999792
17 -13.525131226 -0.000007629 0.000007629 0.007899611 0.063622271 -0.03947734
18 -11.953033447 -0.000015259 -0.000003815 0.015099603 -0.135391226 0.181695423
19 -8.290374756 0 0 0.019891256 -0.05264122 0.258388128
20 -7.875 0.000038147 -0.000003815 -0.019770173 0.095202198 0.053162992
21 -8.78578949 0.000030518 0.000003815 0.080804109 0.229377125 -0.294993675
22 -8.903709412 0 0 -0.065264008 0.063601524 0.154045093
23 5.115219116 -7.603518486 -23.079322815 -1.585125415 0.245047997 -2.966443584
24 13.525115967 0.000007629 0 0.015429471 -0.035943029 -0.065470488
25 11.95300293 0.000007629 0.000003815 0.156407089 0.115573137 0.23407271
26 8.290374756 0.000015259 -0.000007629 0.237787026 0.124774202 0.109983351
27 7.875 -0.000030518 0.000001907 0.231313301 0.101805781 0.039071906
28 8.785774231 -0.000038147 0.000003815 0.360928288 -0.156701478 -0.324800508
29 8.903736115 -0.000007629 -0.000007629 -0.014926868 0.181306711 0.055162725
30 5.903442383 -12.801283836 -17.693199158 -1.650218245 0.296456073 -2.883740757
31 13.525100708 0 0 -0.020801323 0.008433822 -0.077797258
32 11.953033447 0.000015259 0 0.140615097 0.110651689 0.243460603
33 8.290405273 0 0 0.212172193 0.176570857 0.281285466
34 7.875 -0.000030518 -0.000001907 0.191111337 0.133882693 -0.027823029
35 8.78578949 -0.000045776 0.000007629 0.321448483 -0.020393032 -0.358193955
36 8.903720856 0.000007629 0.000007629 -0.004910432 0.207902699 0.160387897
37 4.435455322 0.000127017 -25.179950714 -3.119088374 0.456374547 -3.088595982
38 14.171005249 0.000021935 1.280700684 -0.038941264 0.021548893 -0.055423971
39 10.9765625 0.000020981 0.352539063 0.04681697 -0.029125119 0.10998829
40 8.120269775 -0.000003815 -0.000007629 0.094377857 -0.099996543 0.089010222
41 8.120262146 0.000001907 -0.000015259 0.119834977 -0.098371318 -0.01716091
42 8.120330811 0.000001907 -0.000015259 0.162140001 0.428308722 -0.112690802
43 8.120323181 -0.000007629 0.000061035 -0.011328691 -0.150569012 0.064056235
44 7.146957397 16.179790497 -9.195613861 1.363657353 -0.215463248 -0.177570909
45 -13.525131226 -0.000003815 0.000007629 -0.091046424 -0.122488525 0.006279444
46 -11.953033447 -0.000007629 0.000007629 0.037562734 -0.165581548 0.173487884
47 -8.290374756 0 0 0.145763435 -0.00069399 0.311739568
48 -7.875 0.000022888 -0.000007629 0.173881794 0.171748143 0.116360431
49 -8.785785675 0.000030518 0.000007629 0.28464565 0.356006679 -0.359736649
50 -8.903709412 0 0 -0.095666796 0.121282633 -0.072920639
51 7.147003174 -16.266246796 -9.19562149 -1.653870462 0.20646839 -2.885039745
52 13.525115967 0 0 -0.109914572 -0.066022398 0.00536325
53 11.953033447 0.000011444 0 0.114754196 0.116526068 0.287269303
54 8.290420532 0.000003815 -0.000007629 0.243436118 0.212719839 0.363511533
55 7.875 -0.000030518 0 0.236988765 0.219872848 0.024881685
56 8.78578949 -0.000045776 0.000011444 0.339782398 0.155853958 -0.466931788
57 8.903720856 -0.000007629 0.000007629 -0.04438792 0.216974311 0.155136137
58 -5.36730957 8.366906166 8.703117371 1.901911616 -0.710374135 3.081840887
59 13.525100708 0.000007629 -0.000003815 -0.294796652 0.025796171 -0.029052018
60 -3.441879272 -10.792385101 9.377006531 1.84649712 -0.854299933 -3.093103286
61 13.525123596 0 -0.000007629 -0.380457831 0.092141646 -0.481934506
62 11.953048706 0.000007629 0 0.186358484 -0.098901458 -0.470670957
63 8.290390015 0 0 0.062440268 -0.085314651 -0.023411355
64 7.875 -0.000030518 -0.000001907 -0.03454574 -0.091774936 -0.083909484
65 19.39491272 -14.052383423 -0.467086792 0.585683243 0.172529638 -2.553038747
66 26.240753174 0.000007629 0.000003815 -0.253432203 0.230566822 0.018411693
67 31.970985413 0.000003815 0.000003815 -0.163416459 -0.002756341 0.085904992
68 4.627243042 -2.311290741 4.185634613 -0.024611287 -0.558422955 -0.444239217
69 2.980110168 -0.000004292 -0.000003815 -0.044814452 -0.161464923 0.279695347
70 1.982421875 0.000013351 0 0 0 0.079605056
71 10.844871521 -1.281562805 -1.331680298 -0.01459063 -0.011794345 -0.44466852
72 3.98828125 -0.000008106 0.000038147 0.141909771 0.044574751 -0.24562826
73 2.26953125 -0.000005722 -0.000009537 0.18105451 0.052639246 -0.179635609
74 10.908843994 -1.237384796 0.82958889 -0.013197125 -0.016788242 -0.444561139
75 3.989433289 -0.00001049 0.000038147 0.083518595 0.042893344 -0.181050409
76 3.478294373 -0.000009537 -0.000015259 -0.110527357 0.005560805 -0.282723353
77 10.291893005 -1.202156067 -3.344138145 -0.011976631 -0.027362076 -0.479207941
78 2.757148743 -0.000003815 0.000024796 0.122977527 0.062475046 -0.242323602
79 1.775390625 -0.000009537 -0.000006676 0.631145005 0.121045445 -0.295790883
80 10.971855164 -1.193920135 2.957342148 -0.019549258 0.004207118 -0.487918004
81 3.82421875 -0.000000834 0.000034332 -0.000540752 0.00220531 -0.175621943
82 2.94140625 -0.000007629 -0.000014305 -0.004010348 0.016569113 -0.333038093
83 -0.000015259 0.000007629 0.000001907 0.380489939 0.171604055 -0.643623021
84 19.39491272 13.160593033 -0.467075348 -2.180182073 0.103638218 -0.338801943
85 -26.240753174 -0.000003815 -0.000003815 -0.186276116 0.003763244 0.134036483
86 -31.971000671 0.000015259 0 -0.945609265 0.214174189 -0.423193433
87 -11.614601135 3.933105469 0.069384575 -1.578444876 1.529198549 -2.544968004
88 -10.484527588 1.069198608 3.539872169 -3.131584703 0.028220486 2.411526648
89 2.757156372 0.000002265 0.000026703 -0.011712134 0.035128624 1.019560794
90 1.775390625 0.000007629 -0.000023842 -0.261071927 -0.262843666 1.059935836
91 -11.046470642 1.142402649 1.529694557 -3.130487012 0.018259081 2.114134707
92 3.98828125 0 0.000038147 0.004872241 -0.009924216 1.610032301
93 2.26953125 0.000007629 0.000000954 -0.076539319 -0.095407065 1.438172442
94 -11.192642212 1.041526794 -2.758434296 -3.116629264 0.004012045 2.226905852
95 3.82421875 0.000038147 0.000051498 0.00053161 0.002187187 1.610324685
96 8.785797119 -0.00003624 -0.000001907 0.08229373 0.071373082 -0.580233542
97 2.94140625 0.000007629 -0.000011444 -0.004550553 0.006091757 1.767588569
98 -11.120124817 1.091545105 -0.631118774 -3.132136147 0.020772815 2.221577138
99 3.98941803 0.000001907 0.000052452 0.021444626 0.041947477 1.751021405
100 3.478290558 0.000022888 -0.00001049 -0.001306817 0.004312204 1.848998194
101 -4.853614807 2.155082703 -4.018517494 3.123057975 0.125574955 2.46129872
102 2.980110168 -0.00000906 0.000011921 0.038574713 -0.163808097 -0.240289671
103 1.982421875 -0.000009537 0.000034332 0 0 -0.040571652
104 0.000015259 -0.000007629 -0.000003815 -0.01786834 -0.032037725 -0.918099438
105 7.08984375 0 -0.000000477 3.141592654 -0.174494795 3.141592654
106 7.528259277 8.168075562 -1.23279953 -3.118289301 0.216773663 -3.103019568
107 -54.911224365 -0.64967823 -0.176695824 1.562517225 0.140232126 0.022424996
108 -61.183189392 0.000000954 0 0.173988939 0.013650073 0.001450443
109 8.588684082 0 1.514415741 0 0 0
110 4.260505676 -21.349506378 -3.218473434 0.049970132 -0.167237822 -0.292242966
111 15.606681824 0 -0.000012159 0.005087964 0.044083786 -0.051264588
112 15.853744507 0.000003815 -0.000006199 -0.039659 0.029657141 -0.10891555
113 15.151851654 -0.000007629 0.000000954 0.00382794 0.039998896 -0.015809088
114 11.14995575 0.000007629 -0.000005722 -0.038916511 0.118700253 -0.095404498
115 1.725082397 -0.142127991 11.160655975 -1.570455147 -0.466373298 -0.000081036
116 15.606681824 0 0 0.006030348 -0.013456828 0.079480265
117 15.853729248 0 0 -0.029350172 -0.012135881 0.014249629
118 15.151863098 0 0 -0.000622788 -0.018205709 0.030477925
119 11.149963379 -0.000003815 -0.000000238 0.000960434 0.000313523 0.06647628
120 6.678688049 -0.142132998 -16.932613373 1.572262987 -0.161490979 3.14104533
121 -15.606689453 0.000003815 0.00000003 -0.00445652 -0.009841469 0.080492016
122 -15.853759766 0 0.00000596 0.032677072 -0.016662049 0.047300751
123 -15.151855469 -0.000007629 0 0.003698073 -0.018988558 0.083634131
124 -11.149951935 0.000003815 0.000006199 -0.014160479 -0.002746328 0.112638886
125 2.507644653 15.93921566 6.722552299 -1.59590323 0.413815314 -2.99590908
126 -15.606674194 -0.000003815 0 0.001355913 0.040330155 -0.091259721
127 -15.853752136 0.000007629 0.000009537 0.04733212 -0.054728127 0.002850154
128 -15.151847839 -0.000003815 0.000011444 0.00026341 -0.025418832 -0.136241198
129 -11.149963379 0 -0.000003815 0.035603881 -0.072432307 -0.071364367
130 2.507621765 -17.075353622 6.722564697 -1.59590323 -0.413815314 -0.145683558
131 15.606666565 0 0 0.017677652 0.029712819 0.027630004
132 15.853744507 0 0.000003815 -0.016796187 -0.062764181 0.102478955
133 15.151855469 0 0 -0.006260592 -0.033327775 -0.002485539
134 11.149967194 0 -0.000015259 -0.016191049 0.065654538 -0.051061258
135 5.893127441 15.939212799 -12.477539063 3.0826409 -0.07636082 0.412229059
136 15.606674194 0 0.000024796 0.01337564 -0.031314105 -0.016180526
137 15.853744507 0.000003815 -0.000011444 0.089611659 -0.139035562 0.039664703
138 15.151847839 0 -0.000001907 0.002906294 -0.143242029 -0.085128486
139 11.14995575 0.000007629 -0.000011444 0.033023556 -0.117992345 -0.066907793
140 5.893135071 -17.075361252 -12.477552414 1.495996792 -0.068189583 3.008001698
141 -15.606666565 -0.000003815 0.000007629 0.004840943 0.036880739 0.028407015
142 -15.853736877 0 -0.000011444 0.051928686 -0.062876234 0.100349181
143 -15.15184021 -0.000003815 0 -0.005530377 -0.029709326 -0.005442749
144 -11.149944305 -0.000003815 -0.000007629 -0.004113601 -0.009799903 0.063992651
145 4.260475159 20.773918152 -3.218482971 0.049970132 0.167237822 -2.849349719
146 -15.606689453 0 0 -0.004579264 -0.076515304 0.03386514
147 -15.853752136 0.000007629 -0.000000238 0.018636458 -0.062860748 -0.067789135
148 -15.151847839 0 0 0.002655607 -0.082037255 0.053199638
149 -11.149944305 0.000007629 -0.000000238 -0.017059279 -0.123631065 -0.082339857
150 7.528274536 -8.043749809 -1.232801437 0.00647247 -0.189417007 -0.028881859
151 54.911239624 0.649676323 0.176697254 1.570533474 0.075347819 0.030286184
152 61.183170319 -0.000000715 0.000000954 0.174162246 0.013649947 0.001451626
153 -0.364086866 -2.758008003 4.994803905 0 0 0.000244115
154 -0.364086866 -2.758006096 4.994803905 0 0 0.000244115
155 -0.364086866 -2.758006096 4.994803905 0 0 0.000244115
156 -0.364086866 -2.758006096 4.994803905 0 0 0.000244115
157 -0.364086866 -2.758006096 4.994803905 0 0 0.000244115
158 -0.364086866 -2.758006096 4.994803905 0 0 0.000244115
159 -0.364086866 -2.758006096 4.994803905 0 0 0.000244115
160 -0.364086866 -2.758006096 4.994803905 0 0 0.000244115
161 -0.364086866 -2.758006096 4.994803905 0 0 0.000244115
162 -0.498048782 -4.95163393 0.510848999 0 0 0.000244115
163 -0.364086866 -2.758006096 4.994803905 0 0 0.000244115
time 26
0 -0.364086866 -2.758006096 4.994803905 0 0 0.000244115
1 -0.355919749 -5.165077894 1.085067987 0.025709553 -1.542113504 -1.570623587
2 130.809036255 0 -0.000000477 0 0 0
3 6.662017822 -0.142129987 2.521339893 -3.08937164 -0.001260169 0.011882936
4 24.360931396 0 0.000011921 0.123801428 0.228238177 0.025001477
5 24.806396484 -0.00000599 0.765956879 0.047555558 -0.36201443 -0.015287828
6 8.120269775 -0.000001997 0.000003815 -0.337063582 0.010458617 0.037274034
7 8.120315552 -0.000000983 0.000001907 0 -0.880742373 0
8 8.120315552 -0.000000983 0.000001907 0 -1.357954675 0
9 5.115219116 7.517074585 -23.079299927 1.472788735 -0.252498164 -0.035601404
10 -13.525115967 0 0 0.018539695 0.090210906 -0.058447964
11 -11.953033447 -0.000007629 0.000001431 -0.022035248 -0.101488798 0.188868486
12 -8.290390015 0 0.000000954 -0.02893847 -0.130538509 0.116493476
13 -7.875 0.000038147 -0.000003815 -0.056043072 0.054267244 0.135501871
14 -8.78578186 0.000045776 -0.000003815 0.031553488 0.086950348 -0.235596659
15 -8.90372467 0.000015259 0.000003815 0.017488484 0.068860242 0.142976021
16 5.903457642 12.714836121 -17.693172455 1.338939199 -0.287011266 -0.097238859
17 -13.525131226 -0.000007629 0.000007629 0.001686649 0.082417587 -0.03872205
18 -11.953033447 -0.000015259 -0.000003815 0.015360528 -0.129641662 0.172221259
19 -8.290374756 0 0 0.014088916 -0.078510776 0.256371892
20 -7.875 0.000038147 -0.000003815 -0.021470634 0.058054732 0.094146843
21 -8.78578949 0.000030518 0.000003815 0.093924134 0.211759277 -0.193615686
22 -8.903709412 0 0 -0.052319201 0.057012836 0.118996317
23 5.115219116 -7.603518486 -23.079322815 -1.560825868 0.229951088 -2.945424009
24 13.525115967 0.000007629 0 0.022911698 -0.061831297 -0.086753337
25 11.95300293 0.000007629 0.000003815 0.155272914 0.107973421 0.22245245
26 8.290374756 0.000015259 -0.000007629 0.23932096 0.165323315 0.138015824
27 7.875 -0.000030518 0.000001907 0.232712343 0.169725687 0.097525229
28 8.785774231 -0.000038147 0.000003815 0.355580104 -0.10088977 -0.244289724
29 8.903736115 -0.000007629 -0.000007629 -0.016694117 0.178535214 0.050770575
30 5.903442383 -12.801283836 -17.693199158 -1.625410952 0.277804074 -2.86529769
31 13.525100708 0 0 -0.014060624 -0.013623363 -0.105696624
32 11.953033447 0.000015259 0 0.137535067 0.103250821 0.229450558
33 8.290405273 0 0 0.217675648 0.206988801 0.320943844
34 7.875 -0.000030518 -0.000001907 0.194195761 0.193018014 0.048744388
35 8.78578949 -0.000045776 0.000007629 0.330479238 0.027911232 -0.271639183
36 8.903720856 0.000007629 0.000007629 -0.010001414 0.200877286 0.121393075
37 4.435455322 0.000127017 -25.179950714 -3.091705219 0.450045692 -3.060359725
38 14.171005249 0.000021935 1.280700684 -0.034376453 0.025829335 -0.085856973
39 10.9765625 0.000020981 0.352539063 0.044626036 -0.027912212 0.103904065
40 8.120269775 -0.000003815 -0.000007629 0.088604792 -0.110941583 0.131994487
41 8.120262146 0.000001907 -0.000015259 0.112467214 -0.130048541 0.036856777
42 8.120330811 0.000001907 -0.000015259 0.175401745 0.370062551 -0.095865333
43 8.120323181 -0.000007629 0.000061035 -0.019986291 -0.112715958 0.065982714
44 7.146957397 16.179790497 -9.195613861 1.34456246 -0.218577549 -0.167602077
45 -13.525131226 -0.000003815 0.000007629 -0.096240927 -0.110989449 0.005956319
46 -11.953033447 -0.000007629 0.000007629 0.039047198 -0.160042834 0.162830716
47 -8.290374756 0 0 0.136245135 -0.015487584 0.306696713
48 -7.875 0.000022888 -0.000007629 0.164281038 0.142585261 0.156365679
49 -8.785785675 0.000030518 0.000007629 0.301415896 0.34891404 -0.250019041
50 -8.903709412 0 0 -0.08011792 0.118560748 -0.106483304
51 7.147003174 -16.266246796 -9.19562149 -1.631238224 0.185361778 -2.873086125
52 13.525115967 0 0 -0.098264418 -0.080655235 -0.02803499
53 11.953033447 0.000011444 0 0.11059261 0.111908217 0.269745264
54 8.290420532 0.000003815 -0.000007629 0.241187133 0.228494761 0.409032538
55 7.875 -0.000030518 0 0.242607064 0.261976149 0.116592697
56 8.78578949 -0.000045776 0.000011444 0.368067272 0.206313451 -0.364679328
57 8.903720856 -0.000007629 0.000007629 -0.038253789 0.211773787 0.118598499
58 -5.36730957 8.366906166 8.703117371 1.918461129 -0.714204328 3.077548686
59 13.525100708 0.000007629 -0.000003815 -0.294796652 0.025796171 -0.029052018
60 -3.441879272 -10.792385101 9.377006531 1.863079869 -0.861314661 -3.097973978
61 13.525123596 0 -0.000007629 -0.366898802 0.088109682 -0.471048589
62 11.953048706 0.000007629 0 0.19104993 -0.113031908 -0.462644195
63 8.290390015 0 0 0.063986984 -0.095331284 -0.015071213
64 7.875 -0.000030518 -0.000001907 -0.034860498 -0.08799862 -0.080234931
65 19.39491272 -14.052383423 -0.467086792 0.644221636 0.199124088 -2.622695356
66 26.240753174 0.000007629 0.000003815 -0.256471766 0.188514707 0.012074429
67 31.970985413 0.000003815 0.000003815 -0.173490349 0.004767702 0.029911526
68 4.627243042 -2.311290741 4.185634613 -0.024611287 -0.558422955 -0.444239217
69 2.980110168 -0.000004292 -0.000003815 -0.044814452 -0.161464923 0.279695347
70 1.982421875 0.000013351 0 0 0 0.079605056
71 10.844871521 -1.281562805 -1.331680298 -0.01459063 -0.011794345 -0.44466852
72 3.98828125 -0.000008106 0.000038147 0.141909771 0.044574751 -0.24562826
73 2.26953125 -0.000005722 -0.000009537 0.18105451 0.052639246 -0.179635609
74 10.908843994 -1.237384796 0.82958889 -0.013197125 -0.016788242 -0.444561139
75 3.989433289 -0.00001049 0.000038147 0.083518595 0.042893344 -0.181050409
76 3.478294373 -0.000009537 -0.000015259 -0.110527357 0.005560805 -0.282723353
77 10.291893005 -1.202156067 -3.344138145 -0.011976631 -0.027362076 -0.479207941
78 2.757148743 -0.000003815 0.000024796 0.122977527 0.062475046 -0.242323602
79 1.775390625 -0.000009537 -0.000006676 0.631145005 0.121045445 -0.295790883
80 10.971855164 -1.193920135 2.957342148 -0.019549258 0.004207118 -0.487918004
81 3.82421875 -0.000000834 0.000034332 -0.000540752 0.00220531 -0.175621943
82 2.94140625 -0.000007629 -0.000014305 -0.004010348 0.016569113 -0.333038093
83 -0.000015259 0.000007629 0.000001907 0.386707134 0.167345852 -0.638876491
84 19.39491272 13.160593033 -0.467075348 -2.232699201 0.001428302 -0.335192795
85 -26.240753174 -0.000003815 -0.000003815 -0.181208365 0.014630884 0.133117516
86 -31.971000671 0.000015259 0 -0.849268774 0.213849796 -0.350604137
87 -11.614601135 3.933105469 0.069384575 -1.578444876 1.529198549 -2.544968004
88 -10.484527588 1.069198608 3.539872169 -3.131584703 0.028220486 2.411526648
89 2.757156372 0.000002265 0.000026703 -0.011712134 0.035128624 1.019560794
90 1.775390625 0.000007629 -0.000023842 -0.261071927 -0.262843666 1.059935836
91 -11.046470642 1.142402649 1.529694557 -3.130487012 0.018259081 2.114134707
92 3.98828125 0 0.000038147 0.004872241 -0.009924216 1.610032301
93 2.26953125 0.000007629 0.000000954 -0.076539319 -0.095407065 1.438172442
94 -11.192642212 1.041526794 -2.758434296 -3.116629264 0.004012045 2.226905852
95 3.82421875 0.000038147 0.000051498 0.00053161 0.002187187 1.610324685
96 8.785797119 -0.00003624 -0.000001907 0.08229373 0.071373082 -0.580233542
97 2.94140625 0.000007629 -0.000011444 -0.004550553 0.006091757 1.767588569
98 -11.120124817 1.091545105 -0.631118774 -3.132136147 0.020772815 2.221577138
99 3.98941803 0.000001907 0.000052452 0.021444626 0.041947477 1.751021405
100 3.478290558 0.000022888 -0.00001049 -0.001306817 0.004312204 1.848998194
101 -4.853614807 2.155082703 -4.018517494 3.123057975 0.125574955 2.46129872
102 2.980110168 -0.00000906 0.000011921 0.038574713 -0.163808097 -0.240289671
103 1.982421875 -0.000009537 0.000034332 0 0 -0.040571652
104 0.000015259 -0.000007629 -0.000003815 -0.01786834 -0.032037725 -0.918099438
105 7.08984375 0 -0.000000477 3.141592654 -0.174494795 3.141592654
106 7.528259277 8.168075562 -1.23279953 -3.121140097 0.207907786 -3.106129967
107 -54.911224365 -0.64967823 -0.176695824 1.564388203 0.125783324 0.024915862
108 -61.183189392 0.000000954 0 0.173988939 0.013650073 0.001450443
109 8.588684082 0 1.514415741 0 0 0
110 4.260505676 -21.349506378 -3.218473434 0.049970132 -0.167237822 -0.292242966
111 15.606681824 0 -0.000012159 -0.000756345 0.045834 -0.051826784
112 15.853744507 0.000003815 -0.000006199 -0.045061435 0.030121745 -0.109877511
113 15.151851654 -0.000007629 0.000000954 -0.001127414 0.042204126 -0.016600492
114 11.14995575 0.000007629 -0.000005722 -0.026591868 0.081171193 -0.090442591
115 1.725082397 -0.142127991 11.160655975 -1.570455147 -0.466373298 -0.000081036
116 15.606681824 0 0 0.001153363 -0.013956352 0.082277034
117 15.853729248 0 0 -0.032284623 -0.011940954 0.014350934
118 15.151863098 0 0 -0.00377983 -0.019274032 0.033875836
119 11.149963379 -0.000003815 -0.000000238 0.000693996 0.000158142 0.041866742
120 6.678688049 -0.142132998 -16.932613373 1.571921116 -0.146676665 3.141204018
121 -15.606689453 0.000003815 0.00000003 0.000316783 -0.010985207 0.083837633
122 -15.853759766 0 0.00000596 0.035701278 -0.016480805 0.047625406
123 -15.151855469 -0.000007629 0 0.007012198 -0.019487003 0.087230297
124 -11.149951935 0.000003815 0.000006199 -0.009657172 -0.001890801 0.0734821
125 2.507644653 15.93921566 6.722552299 -1.59590323 0.413815314 -2.99590908
126 -15.606674194 -0.000003815 0 0.005863897 0.040291257 -0.094972098
127 -15.853752136 0.000007629 0.000009537 0.049416084 -0.054549872 0.002452082
128 -15.151847839 -0.000003815 0.000011444 0.002765784 -0.025678397 -0.141032954
129 -11.149963379 0 -0.000003815 0.021554436 -0.049628709 -0.067813036
130 2.507621765 -17.075353622 6.722564697 -1.59590323 -0.413815314 -0.145683558
131 15.606666565 0 0 0.011744682 0.029611708 0.0293537
132 15.853744507 0 0.000003815 -0.020153258 -0.062507087 0.102409981
133 15.151855469 0 0 -0.009572074 -0.034445408 -0.000612101
134 11.149967194 0 -0.000015259 -0.013907176 0.044876241 -0.053936024
135 5.893127441 15.939212799 -12.477539063 3.069429377 -0.087597726 0.398237566
136 15.606674194 0 0.000024796 0.009517295 -0.035404387 -0.015794612
137 15.853744507 0.000003815 -0.000011444 0.091403884 -0.136663669 0.038087398
138 15.151847839 0 -0.000001907 0.010121186 -0.144491703 -0.087129874
139 11.14995575 0.000007629 -0.000011444 0.019819596 -0.08073689 -0.064827481
140 5.893135071 -17.075361252 -12.477552414 1.495996792 -0.068189583 3.008001698
141 -15.606666565 -0.000003815 0.000007629 0.010130549 0.035759486 0.030571062
142 -15.853736877 0 -0.000011444 0.055439658 -0.06324541 0.100925893
143 -15.15184021 -0.000003815 0 -0.001426434 -0.03099088 -0.002654038
144 -11.149944305 -0.000003815 -0.000007629 -0.005694436 -0.006749236 0.024706682
145 4.260475159 20.773918152 -3.218482971 0.049970132 0.167237822 -2.849349719
146 -15.606689453 0 0 -0.000844329 -0.080552552 0.033812876
147 -15.853752136 0.000007629 -0.000000238 0.020480731 -0.063662314 -0.067856801
148 -15.151847839 0 0 0.003899262 -0.087514746 0.053057709
149 -11.149944305 0.000007629 -0.000000238 -0.011681143 -0.084558594 -0.081518065
150 7.528274536 -8.043749809 -1.232801437 0.006140043 -0.184306094 -0.028914364
151 54.911239624 0.649676323 0.176697254 1.570476245 0.076570412 0.030284538
152 61.183170319 -0.000000715 0.000000954 0.174162246 0.013649947 0.001451626
153 -0.364086866 -2.758008003 4.994803905 0 0 0.000244115
154 -0.364086866 -2.758006096 4.994803905 0 0 0.000244115
155 -0.364086866 -2.758006096 4.994803905 0 0 0.000244115
156 -0.364086866 -2.758006096 4.994803905 0 0 0.000244115
157 -0.364086866 -2.758006096 4.994803905 0 0 0.000244115
158 -0.364086866 -2.758006096 4.994803905 0 0 0.000244115
159 -0.364086866 -2.758006096 4.994803905 0 0 0.000244115
160 -0.364086866 -2.758006096 4.994803905 0 0 0.000244115
161 -0.364086866 -2.758006096 4.994803905 0 0 0.000244115
162 -0.498048782 -4.95163393 0.510848999 0 0 0.000244115
163 -0.364086866 -2.758006096 4.994803905 0 0 0.000244115
time 27
0 -0.364086866 -2.758006096 4.994803905 0 0 0.000244115
1 -0.355919719 -6.114326521 1.085067987 0.014799251 -1.553474681 -1.570091918
2 130.809036255 0 -0.000000477 0 0 0
3 6.662017822 -0.142129987 2.521339893 -3.099209474 -0.000497004 0.007155378
4 24.360931396 0 0.000011921 0.095466613 0.226100079 0.014934396
5 24.806396484 -0.00000599 0.765956879 0.027615977 -0.36463746 -0.008866283
6 8.120269775 -0.000001997 0.000003815 -0.243681218 0.008381095 0.022280134
7 8.120315552 -0.000000983 0.000001907 0 -0.880742373 0
8 8.120315552 -0.000000983 0.000001907 0 -1.357954675 0
9 5.115219116 7.517074585 -23.079299927 1.452433995 -0.248546169 -0.021183042
10 -13.525115967 0 0 0.010824678 0.113022322 -0.063981504
11 -11.953033447 -0.000007629 0.000001431 -0.021083179 -0.086809361 0.177406619
12 -8.290390015 0 0.000000954 -0.028048875 -0.156328396 0.117685088
13 -7.875 0.000038147 -0.000003815 -0.060302867 0.008094823 0.173118068
14 -8.78578186 0.000045776 -0.000003815 0.036801915 0.06119907 -0.140988104
15 -8.90372467 0.000015259 0.000003815 0.02372884 0.059200755 0.111906037
16 5.903457642 12.714836121 -17.693172455 1.318974307 -0.286619602 -0.08529843
17 -13.525131226 -0.000007629 0.000007629 -0.005557412 0.100946362 -0.038138089
18 -11.953033447 -0.000015259 -0.000003815 0.015675915 -0.115772912 0.164773477
19 -8.290374756 0 0 0.008691065 -0.095438991 0.250764502
20 -7.875 0.000038147 -0.000003815 -0.026623362 0.018818593 0.120682658
21 -8.78578949 0.000030518 0.000003815 0.103768723 0.178295358 -0.105672018
22 -8.903709412 0 0 -0.041202654 0.051348834 0.088530669
23 5.115219116 -7.603518486 -23.079322815 -1.539457596 0.216760781 -2.931624768
24 13.525115967 0.000007629 0 0.032303953 -0.087310466 -0.109476738
25 11.95300293 0.000007629 0.000003815 0.15272176 0.087808201 0.199736023
26 8.290374756 0.000015259 -0.000007629 0.239474998 0.191643566 0.154484517
27 7.875 -0.000030518 0.000001907 0.238136228 0.239127536 0.148229882
28 8.785774231 -0.000038147 0.000003815 0.347755599 -0.019110587 -0.164178072
29 8.903736115 -0.000007629 -0.000007629 -0.018190763 0.176366813 0.047184393
30 5.903442383 -12.801283836 -17.693199158 -1.604503581 0.262188584 -2.853762649
31 13.525100708 0 0 -0.005171213 -0.034870218 -0.134946458
32 11.953033447 0.000015259 0 0.133635773 0.086099981 0.200988306
33 8.290405273 0 0 0.22094896 0.22581541 0.345163191
34 7.875 -0.000030518 -0.000001907 0.199362519 0.25254833 0.119508283
35 8.78578949 -0.000045776 0.000007629 0.334803051 0.097672991 -0.175537783
36 8.903720856 0.000007629 0.000007629 -0.01435164 0.194819815 0.087611984
37 4.435455322 0.000127017 -25.179950714 -3.068024481 0.442054286 -3.039778741
38 14.171005249 0.000021935 1.280700684 -0.029118934 0.032290851 -0.116226625
39 10.9765625 0.000020981 0.352539063 0.042984329 -0.023831929 0.083523953
40 8.120269775 -0.000003815 -0.000007629 0.084054472 -0.118800091 0.162312613
41 8.120262146 0.000001907 -0.000015259 0.105598062 -0.155389436 0.099589322
42 8.120330811 0.000001907 -0.000015259 0.19000915 0.312327204 -0.052694908
43 8.120323181 -0.000007629 0.000061035 -0.027507249 -0.079764843 0.067633051
44 7.146957397 16.179790497 -9.195613861 1.326684393 -0.220438623 -0.160569796
45 -13.525131226 -0.000003815 0.000007629 -0.102860536 -0.100674392 0.006225135
46 -11.953033447 -0.000007629 0.000007629 0.039801226 -0.150880998 0.155512018
47 -8.290374756 0 0 0.1281057 -0.023531284 0.299171789
48 -7.875 0.000022888 -0.000007629 0.151651046 0.115597335 0.180339931
49 -8.785785675 0.000030518 0.000007629 0.310369582 0.329584419 -0.157930113
50 -8.903709412 0 0 -0.066580908 0.116218589 -0.135638987
51 7.147003174 -16.266246796 -9.19562149 -1.611678355 0.168813541 -2.865752741
52 13.525115967 0 0 -0.085521381 -0.093489831 -0.06303931
53 11.953033447 0.000011444 0 0.106113213 0.103331531 0.235887872
54 8.290420532 0.000003815 -0.000007629 0.235359356 0.238441294 0.43677204
55 7.875 -0.000030518 0 0.246110028 0.301160637 0.200775915
56 8.78578949 -0.000045776 0.000011444 0.388473056 0.266383635 -0.250392437
57 8.903720856 -0.000007629 0.000007629 -0.033017134 0.207192467 0.086776181
58 -5.36730957 8.366906166 8.703117371 1.932307646 -0.71954833 3.073715906
59 13.525100708 0.000007629 -0.000003815 -0.294796652 0.025796171 -0.029052018
60 -3.441879272 -10.792385101 9.377006531 1.875541983 -0.867209876 -3.101253163
61 13.525123596 0 -0.000007629 -0.3536957 0.08553042 -0.46004295
62 11.953048706 0.000007629 0 0.197728908 -0.126779955 -0.452076461
63 8.290390015 0 0 0.065733959 -0.108319312 -0.003651372
64 7.875 -0.000030518 -0.000001907 -0.034959105 -0.092385136 -0.074280636
65 19.39491272 -14.052383423 -0.467086792 0.697943625 0.217103865 -2.685070965
66 26.240753174 0.000007629 0.000003815 -0.261519067 0.139747526 0.006552005
67 31.970985413 0.000003815 0.000003815 -0.182237547 0.011292101 -0.018714296
68 4.627243042 -2.311290741 4.185634613 -0.024611287 -0.558422955 -0.444239217
69 2.980110168 -0.000004292 -0.000003815 -0.044814452 -0.161464923 0.279695347
70 1.982421875 0.000013351 0 0 0 0.079605056
71 10.844871521 -1.281562805 -1.331680298 -0.01459063 -0.011794345 -0.44466852
72 3.98828125 -0.000008106 0.000038147 0.141909771 0.044574751 -0.24562826
73 2.26953125 -0.000005722 -0.000009537 0.18105451 0.052639246 -0.179635609
74 10.908843994 -1.237384796 0.82958889 -0.013197125 -0.016788242 -0.444561139
75 3.989433289 -0.00001049 0.000038147 0.083518595 0.042893344 -0.181050409
76 3.478294373 -0.000009537 -0.000015259 -0.110527357 0.005560805 -0.282723353
77 10.291893005 -1.202156067 -3.344138145 -0.011976631 -0.027362076 -0.479207941
78 2.757148743 -0.000003815 0.000024796 0.122977527 0.062475046 -0.242323602
79 1.775390625 -0.000009537 -0.000006676 0.631145005 0.121045445 -0.295790883
80 10.971855164 -1.193920135 2.957342148 -0.019549258 0.004207118 -0.487918004
81 3.82421875 -0.000000834 0.000034332 -0.000540752 0.00220531 -0.175621943
82 2.94140625 -0.000007629 -0.000014305 -0.004010348 0.016569113 -0.333038093
83 -0.000015259 0.000007629 0.000001907 0.391794086 0.163881987 -0.634983045
84 19.39491272 13.160593033 -0.467075348 -2.285636633 -0.087476458 -0.332737625
85 -26.240753174 -0.000003815 -0.000003815 -0.175032079 0.02415445 0.131601622
86 -31.971000671 0.000015259 0 -0.765487704 0.213691033 -0.28747529
87 -11.614601135 3.933105469 0.069384575 -1.578444876 1.529198549 -2.544968004
88 -10.484527588 1.069198608 3.539872169 -3.131584703 0.028220486 2.411526648
89 2.757156372 0.000002265 0.000026703 -0.011712134 0.035128624 1.019560794
90 1.775390625 0.000007629 -0.000023842 -0.261071927 -0.262843666 1.059935836
91 -11.046470642 1.142402649 1.529694557 -3.130487012 0.018259081 2.114134707
92 3.98828125 0 0.000038147 0.004872241 -0.009924216 1.610032301
93 2.26953125 0.000007629 0.000000954 -0.076539319 -0.095407065 1.438172442
94 -11.192642212 1.041526794 -2.758434296 -3.116629264 0.004012045 2.226905852
95 3.82421875 0.000038147 0.000051498 0.00053161 0.002187187 1.610324685
96 8.785797119 -0.00003624 -0.000001907 0.08229373 0.071373082 -0.580233542
97 2.94140625 0.000007629 -0.000011444 -0.004550553 0.006091757 1.767588569
98 -11.120124817 1.091545105 -0.631118774 -3.132136147 0.020772815 2.221577138
99 3.98941803 0.000001907 0.000052452 0.021444626 0.041947477 1.751021405
100 3.478290558 0.000022888 -0.00001049 -0.001306817 0.004312204 1.848998194
101 -4.853614807 2.155082703 -4.018517494 3.123057975 0.125574955 2.46129872
102 2.980110168 -0.00000906 0.000011921 0.038574713 -0.163808097 -0.240289671
103 1.982421875 -0.000009537 0.000034332 0 0 -0.040571652
104 0.000015259 -0.000007629 -0.000003815 -0.01786834 -0.032037725 -0.918099438
105 7.08984375 0 -0.000000477 3.141592654 -0.174494795 3.141592654
106 7.528259277 8.168075562 -1.23279953 -3.124351287 0.199041395 -3.108813604
107 -54.911224365 -0.64967823 -0.176695824 1.566223212 0.111886041 0.027070283
108 -61.183189392 0.000000954 0 0.173988939 0.013650073 0.001450443
109 8.588684082 0 1.514415741 0 0 0
110 4.260505676 -21.349506378 -3.218473434 0.049970132 -0.167237822 -0.292242966
111 15.606681824 0 -0.000012159 -0.006555991 0.045681943 -0.052563988
112 15.853744507 0.000003815 -0.000006199 -0.048318508 0.029409894 -0.110518335
113 15.151851654 -0.000007629 0.000000954 -0.005990234 0.043456802 -0.017397897
114 11.14995575 0.000007629 -0.000005722 -0.015921469 0.048566464 -0.086153516
115 1.725082397 -0.142127991 11.160655975 -1.570455147 -0.466373298 -0.000081036
116 15.606681824 0 0 -0.003676042 -0.013757668 0.082224046
117 15.853729248 0 0 -0.03356235 -0.011277447 0.012189245
118 15.151863098 0 0 -0.006728256 -0.019480031 0.034854781
119 11.149963379 -0.000003815 -0.000000238 0.000345249 -0.000003532 0.020457413
120 6.678688049 -0.142132998 -16.932613373 1.5715541 -0.134439468 3.141235774
121 -15.606689453 0.000003815 0.00000003 0.005125429 -0.011620283 0.084328386
122 -15.853759766 0 0.00000596 0.037213561 -0.015267666 0.045476997
123 -15.151855469 -0.000007629 0 0.01022658 -0.018855842 0.088325813
124 -11.149951935 0.000003815 0.000006199 -0.005719592 -0.001096079 0.039366256
125 2.507644653 15.93921566 6.722552299 -1.59590323 0.413815314 -2.99590908
126 -15.606674194 -0.000003815 0 0.010517407 0.040513816 -0.095137592
127 -15.853752136 0.000007629 0.000009537 0.049787355 -0.054261033 0.004694914
128 -15.151847839 -0.000003815 0.000011444 0.005041634 -0.025687673 -0.142966438
129 -11.149963379 0 -0.000003815 0.009256297 -0.029755396 -0.064808081
130 2.507621765 -17.075353622 6.722564697 -1.59590323 -0.413815314 -0.145683558
131 15.606666565 0 0 0.00579246 0.030217399 0.029094396
132 15.853744507 0 0.000003815 -0.021533292 -0.061847836 0.100629778
133 15.151855469 0 0 -0.012596035 -0.034704734 -0.000472057
134 11.149967194 0 -0.000015259 -0.011896471 0.026779679 -0.056451294
135 5.893127441 15.939212799 -12.477539063 3.058535498 -0.096892446 0.384376609
136 15.606674194 0 0.000024796 0.005718002 -0.035866449 -0.015555953
137 15.853744507 0.000003815 -0.000011444 0.09147825 -0.130813288 0.03704349
138 15.151847839 0 -0.000001907 0.017002604 -0.141931475 -0.089245891
139 11.14995575 0.000007629 -0.000011444 0.008261878 -0.048365358 -0.062981308
140 5.893135071 -17.075361252 -12.477552414 1.495996792 -0.068189583 3.008001698
141 -15.606666565 -0.000003815 0.000007629 0.015300747 0.034989656 0.030657918
142 -15.853736877 0 -0.000011444 0.057133181 -0.062786188 0.100022045
143 -15.15184021 -0.000003815 0 0.002439409 -0.031332558 -0.001419459
144 -11.149944305 -0.000003815 -0.000007629 -0.007059046 -0.00408981 -0.009307904
145 4.260475159 20.773918152 -3.218482971 0.049970132 0.167237822 -2.849349719
146 -15.606689453 0 0 0.003128137 -0.081051447 0.033652389
147 -15.853752136 0.000007629 -0.000000238 0.021359624 -0.061646022 -0.067775003
148 -15.151847839 0 0 0.004868335 -0.089874692 0.053185239
149 -11.149944305 0.000007629 -0.000000238 -0.006944073 -0.050563427 -0.080751615
150 7.528274536 -8.043749809 -1.232801437 0.005901824 -0.180148592 -0.028874583
151 54.911239624 0.649676323 0.176697254 1.570528751 0.077547019 0.030286988
152 61.183170319 -0.000000715 0.000000954 0.174162246 0.013649947 0.001451626
153 -0.364086866 -2.758008003 4.994803905 0 0 0.000244115
154 -0.364086866 -2.758006096 4.994803905 0 0 0.000244115
155 -0.364086866 -2.758006096 4.994803905 0 0 0.000244115
156 -0.364086866 -2.758006096 4.994803905 0 0 0.000244115
157 -0.364086866 -2.758006096 4.994803905 0 0 0.000244115
158 -0.364086866 -2.758006096 4.994803905 0 0 0.000244115
159 -0.364086866 -2.758006096 4.994803905 0 0 0.000244115
160 -0.364086866 -2.758006096 4.994803905 0 0 0.000244115
161 -0.364086866 -2.758006096 4.994803905 0 0 0.000244115
162 -0.498048782 -4.95163393 0.510848999 0 0 0.000244115
163 -0.364086866 -2.758006096 4.994803905 0 0 0.000244115
time 28
0 -0.364086866 -2.758006096 4.994803905 0 0 0.000244115
1 -0.355919689 -6.842261704 1.085067987 0.011011314 -1.562525517 -1.574544379
2 130.809036255 0 -0.000000477 0 0 0
3 6.662017822 -0.142129987 2.521339893 -3.111035524 -0.000137738 0.003364643
4 24.360931396 0 0.000011921 0.065263743 0.224439606 0.007096637
5 24.806396484 -0.00000599 0.765956879 0.012593559 -0.366635152 -0.004002862
6 8.120269775 -0.000001997 0.000003815 -0.154632282 0.006010338 0.010529554
7 8.120315552 -0.000000983 0.000001907 0 -0.880742373 0
8 8.120315552 -0.000000983 0.000001907 0 -1.357954675 0
9 5.115219116 7.517074585 -23.079299927 1.435505215 -0.244022176 -0.013586014
10 -13.525115967 0 0 0.002050406 0.133180934 -0.07046888
11 -11.953033447 -0.000007629 0.000001431 -0.019824745 -0.063945462 0.164305886
12 -8.290390015 0 0.000000954 -0.025442138 -0.168654786 0.114050344
13 -7.875 0.000038147 -0.000003815 -0.068101371 -0.036903845 0.200349711
14 -8.78578186 0.000045776 -0.000003815 0.040446815 0.016890175 -0.057858051
15 -8.90372467 0.000015259 0.000003815 0.028615376 0.051550369 0.087378198
16 5.903457642 12.714836121 -17.693172455 1.302109372 -0.284807545 -0.078765404
17 -13.525131226 -0.000007629 0.000007629 -0.013773683 0.11704317 -0.038768199
18 -11.953033447 -0.000015259 -0.000003815 0.015900634 -0.096465574 0.158759988
19 -8.290374756 0 0 0.004545748 -0.102171437 0.243671357
20 -7.875 0.000038147 -0.000003815 -0.033975937 -0.017322154 0.136372858
21 -8.78578949 0.000030518 0.000003815 0.10823195 0.133469642 -0.034607423
22 -8.903709412 0 0 -0.032350173 0.046912381 0.064534529
23 5.115219116 -7.603518486 -23.079322815 -1.522959004 0.206586458 -2.925956955
24 13.525115967 0.000007629 0 0.042994817 -0.108917319 -0.132132417
25 11.95300293 0.000007629 0.000003815 0.149666147 0.058273514 0.167958316
26 8.290374756 0.000015259 -0.000007629 0.236197803 0.199812516 0.1578839
27 7.875 -0.000030518 0.000001907 0.245958852 0.300606728 0.190528349
28 8.785774231 -0.000038147 0.000003815 0.341689682 0.079089506 -0.090357835
29 8.903736115 -0.000007629 -0.000007629 -0.01924451 0.174627853 0.044504334
30 5.903442383 -12.801283836 -17.693199158 -1.588101731 0.250698641 -2.849508045
31 13.525100708 0 0 0.005078391 -0.052506574 -0.163337136
32 11.953033447 0.000015259 0 0.129716702 0.061672201 0.160630451
33 8.290405273 0 0 0.219435773 0.23026924 0.350766246
34 7.875 -0.000030518 -0.000001907 0.204985222 0.304972427 0.18053448
35 8.78578949 -0.000045776 0.000007629 0.338683775 0.180996075 -0.077427903
36 8.903720856 0.000007629 0.000007629 -0.017790537 0.189953989 0.060920689
37 4.435455322 0.000127017 -25.179950714 -3.049069404 0.433496054 -3.027918216
38 14.171005249 0.000021935 1.280700684 -0.023183377 0.040923345 -0.142884104
39 10.9765625 0.000020981 0.352539063 0.041797765 -0.016384477 0.052502834
40 8.120269775 -0.000003815 -0.000007629 0.080646948 -0.123075475 0.174775882
41 8.120262146 0.000001907 -0.000015259 0.100237691 -0.175421283 0.160384371
42 8.120330811 0.000001907 -0.000015259 0.202319753 0.257590083 0.013169358
43 8.120323181 -0.000007629 0.000061035 -0.033390764 -0.053794094 0.068876824
44 7.146957397 16.179790497 -9.195613861 1.311125786 -0.220785861 -0.156971334
45 -13.525131226 -0.000003815 0.000007629 -0.110500161 -0.09290314 0.005834156
46 -11.953033447 -0.000007629 0.000007629 0.039814699 -0.140255981 0.150713996
47 -8.290374756 0 0 0.121629051 -0.025488105 0.291638574
48 -7.875 0.000022888 -0.000007629 0.137949857 0.0931518 0.193108432
49 -8.785785675 0.000030518 0.000007629 0.311432235 0.30288901 -0.085704262
50 -8.903709412 0 0 -0.055938574 0.114382675 -0.158612674
51 7.147003174 -16.266246796 -9.19562149 -1.595858239 0.157630621 -2.863201018
52 13.525115967 0 0 -0.072569369 -0.102577943 -0.096986722
53 11.953033447 0.000011444 0 0.102108439 0.092063384 0.188042235
54 8.290420532 0.000003815 -0.000007629 0.224636119 0.241190274 0.443376388
55 7.875 -0.000030518 0 0.245721532 0.334251415 0.273210942
56 8.78578949 -0.000045776 0.000011444 0.402899609 0.330430638 -0.132387681
57 8.903720856 -0.000007629 0.000007629 -0.028861732 0.203593711 0.061623292
58 -5.36730957 8.366906166 8.703117371 1.941667965 -0.725713439 3.070497137
59 13.525100708 0.000007629 -0.000003815 -0.294796652 0.025796171 -0.029052018
60 -3.441879272 -10.792385101 9.377006531 1.882639538 -0.87115706 -3.103130687
61 13.525123596 0 -0.000007629 -0.341477121 0.084187129 -0.449882556
62 11.953048706 0.000007629 0 0.206200072 -0.139069945 -0.439128825
63 8.290390015 0 0 0.067703982 -0.121903993 0.011701171
64 7.875 -0.000030518 -0.000001907 -0.035011057 -0.102145236 -0.064523821
65 19.39491272 -14.052383423 -0.467086792 0.745609161 0.223494319 -2.738382517
66 26.240753174 0.000007629 0.000003815 -0.269315365 0.083860779 0.002232472
67 31.970985413 0.000003815 0.000003815 -0.189175327 0.016443972 -0.057059829
68 4.627243042 -2.311290741 4.185634613 -0.024611287 -0.558422955 -0.444239217
69 2.980110168 -0.000004292 -0.000003815 -0.044814452 -0.161464923 0.279695347
70 1.982421875 0.000013351 0 0 0 0.079605056
71 10.844871521 -1.281562805 -1.331680298 -0.01459063 -0.011794345 -0.44466852
72 3.98828125 -0.000008106 0.000038147 0.141909771 0.044574751 -0.24562826
73 2.26953125 -0.000005722 -0.000009537 0.18105451 0.052639246 -0.179635609
74 10.908843994 -1.237384796 0.82958889 -0.013197125 -0.016788242 -0.444561139
75 3.989433289 -0.00001049 0.000038147 0.083518595 0.042893344 -0.181050409
76 3.478294373 -0.000009537 -0.000015259 -0.110527357 0.005560805 -0.282723353
77 10.291893005 -1.202156067 -3.344138145 -0.011976631 -0.027362076 -0.479207941
78 2.757148743 -0.000003815 0.000024796 0.122977527 0.062475046 -0.242323602
79 1.775390625 -0.000009537 -0.000006676 0.631145005 0.121045445 -0.295790883
80 10.971855164 -1.193920135 2.957342148 -0.019549258 0.004207118 -0.487918004
81 3.82421875 -0.000000834 0.000034332 -0.000540752 0.00220531 -0.175621943
82 2.94140625 -0.000007629 -0.000014305 -0.004010348 0.016569113 -0.333038093
83 -0.000015259 0.000007629 0.000001907 0.395635498 0.161312066 -0.632097085
84 19.39491272 13.160593033 -0.467075348 -2.337734669 -0.157521034 -0.331121078
85 -26.240753174 -0.000003815 -0.000003815 -0.167709533 0.031699559 0.129111198
86 -31.971000671 0.000015259 0 -0.699333567 0.213530826 -0.237656062
87 -11.614601135 3.933105469 0.069384575 -1.578444876 1.529198549 -2.544968004
88 -10.484527588 1.069198608 3.539872169 -3.131584703 0.028220486 2.411526648
89 2.757156372 0.000002265 0.000026703 -0.011712134 0.035128624 1.019560794
90 1.775390625 0.000007629 -0.000023842 -0.261071927 -0.262843666 1.059935836
91 -11.046470642 1.142402649 1.529694557 -3.130487012 0.018259081 2.114134707
92 3.98828125 0 0.000038147 0.004872241 -0.009924216 1.610032301
93 2.26953125 0.000007629 0.000000954 -0.076539319 -0.095407065 1.438172442
94 -11.192642212 1.041526794 -2.758434296 -3.116629264 0.004012045 2.226905852
95 3.82421875 0.000038147 0.000051498 0.00053161 0.002187187 1.610324685
96 8.785797119 -0.00003624 -0.000001907 0.08229373 0.071373082 -0.580233542
97 2.94140625 0.000007629 -0.000011444 -0.004550553 0.006091757 1.767588569
98 -11.120124817 1.091545105 -0.631118774 -3.132136147 0.020772815 2.221577138
99 3.98941803 0.000001907 0.000052452 0.021444626 0.041947477 1.751021405
100 3.478290558 0.000022888 -0.00001049 -0.001306817 0.004312204 1.848998194
101 -4.853614807 2.155082703 -4.018517494 3.123057975 0.125574955 2.46129872
102 2.980110168 -0.00000906 0.000011921 0.038574713 -0.163808097 -0.240289671
103 1.982421875 -0.000009537 0.000034332 0 0 -0.040571652
104 0.000015259 -0.000007629 -0.000003815 -0.01786834 -0.032037725 -0.918099438
105 7.08984375 0 -0.000000477 3.141592654 -0.174494795 3.141592654
106 7.528259277 8.168075562 -1.23279953 -3.127995759 0.190348403 -3.110898502
107 -54.911224365 -0.64967823 -0.176695824 1.567805669 0.09915398 0.028757795
108 -61.183189392 0.000000954 0 0.173988939 0.013650073 0.001450443
109 8.588684082 0 1.514415741 0 0 0
110 4.260505676 -21.349506378 -3.218473434 0.049970132 -0.167237822 -0.292242966
111 15.606681824 0 -0.000012159 -0.012121901 0.043199834 -0.053366275
112 15.853744507 0.000003815 -0.000006199 -0.04898827 0.027376685 -0.110823611
113 15.151851654 -0.000007629 0.000000954 -0.010494069 0.043328139 -0.018099625
114 11.14995575 0.000007629 -0.000005722 -0.007511479 0.022842514 -0.082720394
115 1.725082397 -0.142127991 11.160655975 -1.570455147 -0.466373298 -0.000081036
116 15.606681824 0 0 -0.008285637 -0.012888636 0.079228857
117 15.853729248 0 0 -0.032928128 -0.010233094 0.007679186
118 15.151863098 0 0 -0.009202138 -0.018841393 0.032890328
119 11.149963379 -0.000003815 -0.000000238 0.000172633 -0.000000305 0.00353899
120 6.678688049 -0.142132998 -16.932613373 1.571291349 -0.125142627 3.141378178
121 -15.606689453 0.000003815 0.00000003 0.009716252 -0.011713432 0.081537407
122 -15.853759766 0 0.00000596 0.036946624 -0.013181271 0.040422278
123 -15.151855469 -0.000007629 0 0.013163623 -0.017328924 0.086148214
124 -11.149951935 0.000003815 0.000006199 -0.002679009 -0.000501145 0.012516695
125 2.507644653 15.93921566 6.722552299 -1.59590323 0.413815314 -2.99590908
126 -15.606674194 -0.000003815 0 0.015148995 0.040878946 -0.091758343
127 -15.853752136 0.000007629 0.000009537 0.048438384 -0.053865893 0.009923438
128 -15.151847839 -0.000003815 0.000011444 0.006891875 -0.025212988 -0.14143077
129 -11.149963379 0 -0.000003815 -0.000337464 -0.014087136 -0.062416309
130 2.507621765 -17.075353622 6.722564697 -1.59590323 -0.413815314 -0.145683558
131 15.606666565 0 0 0.00016019 0.031421246 0.026678473
132 15.853744507 0 0.000003815 -0.020592165 -0.060714335 0.097214588
133 15.151855469 0 0 -0.015152868 -0.034116086 -0.002417777
134 11.149967194 0 -0.000015259 -0.010298636 0.01256558 -0.058511388
135 5.893127441 15.939212799 -12.477539063 3.050321022 -0.103911743 0.370704967
136 15.606674194 0 0.000024796 0.002149121 -0.032440951 -0.015401425
137 15.853744507 0.000003815 -0.000011444 0.089921072 -0.12132181 0.036607637
138 15.151847839 0 -0.000001907 0.023239334 -0.134882677 -0.09140691
139 11.14995575 0.000007629 -0.000011444 -0.000762918 -0.022908765 -0.061548861
140 5.893135071 -17.075361252 -12.477552414 1.495996792 -0.068189583 3.008001698
141 -15.606666565 -0.000003815 0.000007629 0.020263017 0.034678364 0.028324571
142 -15.853736877 0 -0.000011444 0.056937968 -0.061394462 0.097210819
143 -15.15184021 -0.000003815 0 0.006078815 -0.030723028 -0.002337898
144 -11.149944305 -0.000003815 -0.000007629 -0.007993314 -0.00195785 -0.036247495
145 4.260475159 20.773918152 -3.218482971 0.049970132 0.167237822 -2.849349719
146 -15.606689453 0 0 0.006822403 -0.07765717 0.033425672
147 -15.853752136 0.000007629 -0.000000238 0.021262079 -0.056466992 -0.067538909
148 -15.151847839 0 0 0.005579627 -0.088598445 0.053501079
149 -11.149944305 0.000007629 -0.000000238 -0.003278491 -0.023801892 -0.080176524
150 7.528274536 -8.043749809 -1.232801437 0.00559241 -0.177032858 -0.028833888
151 54.911239624 0.649676323 0.176697254 1.570568515 0.078279479 0.030288878
152 61.183170319 -0.000000715 0.000000954 0.174162246 0.013649947 0.001451626
153 -0.364086866 -2.758008003 4.994803905 0 0 0.000244115
154 -0.364086866 -2.758006096 4.994803905 0 0 0.000244115
155 -0.364086866 -2.758006096 4.994803905 0 0 0.000244115
156 -0.364086866 -2.758006096 4.994803905 0 0 0.000244115
157 -0.364086866 -2.758006096 4.994803905 0 0 0.000244115
158 -0.364086866 -2.758006096 4.994803905 0 0 0.000244115
159 -0.364086866 -2.758006096 4.994803905 0 0 0.000244115
160 -0.364086866 -2.758006096 4.994803905 0 0 0.000244115
161 -0.364086866 -2.758006096 4.994803905 0 0 0.000244115
162 -0.498048782 -4.95163393 0.510848999 0 0 0.000244115
163 -0.364086866 -2.758006096 4.994803905 0 0 0.000244115
time 29
0 -0.364086866 -2.758006096 4.994803905 0 0 0.000244115
1 -0.355919659 -7.308581013 1.085067987 0.000915527 -1.568479179 -1.569880799
2 130.809036255 0 -0.000000477 0 0 0
3 6.662017822 -0.142129987 2.521339893 -3.125192304 -0.000007078 0.000863138
4 24.360931396 0 0.000011921 0.033396971 0.223419832 0.001922443
5 24.806396484 -0.00000599 0.765956879 0.003267696 -0.367880186 -0.001046922
6 8.120269775 -0.000001997 0.000003815 -0.072431296 0.003208503 0.002734075
7 8.120315552 -0.000000983 0.000001907 0 -0.880742373 0
8 8.120315552 -0.000000983 0.000001907 0 -1.357954675 0
9 5.115219116 7.517074585 -23.079299927 1.423096681 -0.239382217 -0.013272985
10 -13.525115967 0 0 -0.007376967 0.148427798 -0.07820836
11 -11.953033447 -0.000007629 0.000001431 -0.01852627 -0.03687192 0.149927095
12 -8.290390015 0 0.000000954 -0.020683721 -0.16662326 0.10632739
13 -7.875 0.000038147 -0.000003815 -0.077175788 -0.074169906 0.219214603
14 -8.78578186 0.000045776 -0.000003815 0.040110457 -0.038296451 0.010975497
15 -8.90372467 0.000015259 0.000003815 0.031813708 0.04655288 0.071304148
16 5.903457642 12.714836121 -17.693172455 1.28925741 -0.281865117 -0.078140083
17 -13.525131226 -0.000007629 0.000007629 -0.022743946 0.129045019 -0.041349804
18 -11.953033447 -0.000015259 -0.000003815 0.015988161 -0.074834118 0.153482936
19 -8.290374756 0 0 0.002369417 -0.098632224 0.236539478
20 -7.875 0.000038147 -0.000003815 -0.041789005 -0.046229508 0.144704401
21 -8.78578949 0.000030518 0.000003815 0.107291329 0.083451305 0.019191638
22 -8.903709412 0 0 -0.026566908 0.043912113 0.048724649
23 5.115219116 -7.603518486 -23.079322815 -1.511486466 0.200235633 -2.928449022
24 13.525115967 0.000007629 0 0.054047653 -0.124195219 -0.153258989
25 11.95300293 0.000007629 0.000003815 0.147210268 0.024216995 0.130151939
26 8.290374756 0.000015259 -0.000007629 0.22895783 0.18851925 0.147663023
27 7.875 -0.000030518 0.000001907 0.253407783 0.346431611 0.223202168
28 8.785774231 -0.000038147 0.000003815 0.339394859 0.180258356 -0.026364454
29 8.903736115 -0.000007629 -0.000007629 -0.019934322 0.1735836 0.042805761
30 5.903442383 -12.801283836 -17.693199158 -1.576748466 0.244042579 -2.852726718
31 13.525100708 0 0 0.015855913 -0.063973903 -0.188625561
32 11.953033447 0.000015259 0 0.127118444 0.034063668 0.112603176
33 8.290405273 0 0 0.211870355 0.21903386 0.335951674
34 7.875 -0.000030518 -0.000001907 0.207939973 0.343975231 0.228094088
35 8.78578949 -0.000045776 0.000007629 0.344315263 0.266421334 0.015838355
36 8.903720856 0.000007629 0.000007629 -0.020129168 0.186858564 0.043374635
37 4.435455322 0.000127017 -25.179950714 -3.035882654 0.425340181 -3.02542476
38 14.171005249 0.000021935 1.280700684 -0.016825658 0.051203758 -0.162770829
39 10.9765625 0.000020981 0.352539063 0.040959955 -0.005594929 0.016030185
40 8.120269775 -0.000003815 -0.000007629 0.07815791 -0.123492426 0.167695133
41 8.120262146 0.000001907 -0.000015259 0.097041869 -0.191414048 0.208753346
42 8.120330811 0.000001907 -0.000015259 0.209385431 0.20816877 0.091686353
43 8.120323181 -0.000007629 0.000061035 -0.037308449 -0.036795458 0.069777388
44 7.146957397 16.179790497 -9.195613861 1.298920242 -0.219381482 -0.156983104
45 -13.525131226 -0.000003815 0.000007629 -0.118789396 -0.08868323 0.003978652
46 -11.953033447 -0.000007629 0.000007629 0.039031703 -0.130224332 0.147441687
47 -8.290374756 0 0 0.117058015 -0.022180107 0.285640265
48 -7.875 0.000022888 -0.000007629 0.124589476 0.077030803 0.198632761
49 -8.785785675 0.000030518 0.000007629 0.305684569 0.273707178 -0.032514172
50 -8.903709412 0 0 -0.048916494 0.113157501 -0.173692348
51 7.147003174 -16.266246796 -9.19562149 -1.584603057 0.152420972 -2.865438938
52 13.525115967 0 0 -0.060429295 -0.106690454 -0.127102078
53 11.953033447 0.000011444 0 0.099300322 0.080127102 0.130780015
54 8.290420532 0.000003815 -0.000007629 0.208770219 0.23576168 0.426259504
55 7.875 -0.000030518 0 0.239193763 0.358647134 0.329675724
56 8.78578949 -0.000045776 0.000011444 0.411396187 0.391930971 -0.018657341
57 8.903720856 -0.000007629 0.000007629 -0.026159069 0.201250457 0.045169598
58 -5.36730957 8.366906166 8.703117371 1.945144586 -0.732092537 3.068128982
59 13.525100708 0.000007629 -0.000003815 -0.294796652 0.025796171 -0.029052018
60 -3.441879272 -10.792385101 9.377006531 1.882650314 -0.872607714 -3.103009649
61 13.525123596 0 -0.000007629 -0.33106976 0.083577669 -0.441581857
62 11.953048706 0.000007629 0 0.216259144 -0.14948287 -0.424721638
63 8.290390015 0 0 0.070266417 -0.13438463 0.030936352
64 7.875 -0.000030518 -0.000001907 -0.034941735 -0.114490473 -0.049799551
65 19.39491272 -14.052383423 -0.467086792 0.785761412 0.215397727 -2.780533057
66 26.240753174 0.000007629 0.000003815 -0.280694221 0.020484695 -0.000627465
67 31.970985413 0.000003815 0.000003815 -0.193775439 0.019862796 -0.082262033
68 4.627243042 -2.311290741 4.185634613 -0.024611287 -0.558422955 -0.444239217
69 2.980110168 -0.000004292 -0.000003815 -0.044814452 -0.161464923 0.279695347
70 1.982421875 0.000013351 0 0 0 0.079605056
71 10.844871521 -1.281562805 -1.331680298 -0.01459063 -0.011794345 -0.44466852
72 3.98828125 -0.000008106 0.000038147 0.141909771 0.044574751 -0.24562826
73 2.26953125 -0.000005722 -0.000009537 0.18105451 0.052639246 -0.179635609
74 10.908843994 -1.237384796 0.82958889 -0.013197125 -0.016788242 -0.444561139
75 3.989433289 -0.00001049 0.000038147 0.083518595 0.042893344 -0.181050409
76 3.478294373 -0.000009537 -0.000015259 -0.110527357 0.005560805 -0.282723353
77 10.291893005 -1.202156067 -3.344138145 -0.011976631 -0.027362076 -0.479207941
78 2.757148743 -0.000003815 0.000024796 0.122977527 0.062475046 -0.242323602
79 1.775390625 -0.000009537 -0.000006676 0.631145005 0.121045445 -0.295790883
80 10.971855164 -1.193920135 2.957342148 -0.019549258 0.004207118 -0.487918004
81 3.82421875 -0.000000834 0.000034332 -0.000540752 0.00220531 -0.175621943
82 2.94140625 -0.000007629 -0.000014305 -0.004010348 0.016569113 -0.333038093
83 -0.000015259 0.000007629 0.000001907 0.398043873 0.159670853 -0.630201336
84 19.39491272 13.160593033 -0.467075348 -2.387932108 -0.203536901 -0.330184996
85 -26.240753174 -0.000003815 -0.000003815 -0.15911179 0.036648833 0.125428062
86 -31.971000671 0.000015259 0 -0.656018281 0.213461219 -0.205033635
87 -11.614601135 3.933105469 0.069384575 -1.578444876 1.529198549 -2.544968004
88 -10.484527588 1.069198608 3.539872169 -3.131584703 0.028220486 2.411526648
89 2.757156372 0.000002265 0.000026703 -0.011712134 0.035128624 1.019560794
90 1.775390625 0.000007629 -0.000023842 -0.261071927 -0.262843666 1.059935836
91 -11.046470642 1.142402649 1.529694557 -3.130487012 0.018259081 2.114134707
92 3.98828125 0 0.000038147 0.004872241 -0.009924216 1.610032301
93 2.26953125 0.000007629 0.000000954 -0.076539319 -0.095407065 1.438172442
94 -11.192642212 1.041526794 -2.758434296 -3.116629264 0.004012045 2.226905852
95 3.82421875 0.000038147 0.000051498 0.00053161 0.002187187 1.610324685
96 8.785797119 -0.00003624 -0.000001907 0.08229373 0.071373082 -0.580233542
97 2.94140625 0.000007629 -0.000011444 -0.004550553 0.006091757 1.767588569
98 -11.120124817 1.091545105 -0.631118774 -3.132136147 0.020772815 2.221577138
99 3.98941803 0.000001907 0.000052452 0.021444626 0.041947477 1.751021405
100 3.478290558 0.000022888 -0.00001049 -0.001306817 0.004312204 1.848998194
101 -4.853614807 2.155082703 -4.018517494 3.123057975 0.125574955 2.46129872
102 2.980110168 -0.00000906 0.000011921 0.038574713 -0.163808097 -0.240289671
103 1.982421875 -0.000009537 0.000034332 0 0 -0.040571652
104 0.000015259 -0.000007629 -0.000003815 -0.01786834 -0.032037725 -0.918099438
105 7.08984375 0 -0.000000477 3.141592654 -0.174494795 3.141592654
106 7.528259277 8.168075562 -1.23279953 -3.132070664 0.182003126 -3.112292928
107 -54.911224365 -0.64967823 -0.176695824 1.569268053 0.088012779 0.029931139
108 -61.183189392 0.000000954 0 0.173988939 0.013650073 0.001450443
109 8.588684082 0 1.514415741 0 0 0
110 4.260505676 -21.349506378 -3.218473434 0.049970132 -0.167237822 -0.292242966
111 15.606681824 0 -0.000012159 -0.017017743 0.038487003 -0.054034885
112 15.853744507 0.000003815 -0.000006199 -0.04680198 0.023867696 -0.110706159
113 15.151851654 -0.000007629 0.000000954 -0.014370267 0.041391162 -0.018514903
114 11.14995575 0.000007629 -0.000005722 -0.001971475 0.006054091 -0.080475289
115 1.725082397 -0.142127991 11.160655975 -1.570455147 -0.466373298 -0.000081036
116 15.606681824 0 0 -0.012421992 -0.01137979 0.073027056
117 15.853729248 0 0 -0.030387381 -0.008624153 0.000562704
118 15.151863098 0 0 -0.011118649 -0.017457161 0.027634458
119 11.149963379 -0.000003815 -0.000000238 0 0 -0.007423261
120 6.678688049 -0.142132998 -16.932613373 1.571152644 -0.119333463 3.141449083
121 -15.606689453 0.000003815 0.00000003 0.013836102 -0.011059578 0.075298754
122 -15.853759766 0 0.00000596 0.034715836 -0.010141398 0.032113115
123 -15.151855469 -0.000007629 0 0.015648979 -0.014794236 0.080012268
124 -11.149951935 0.000003815 0.000006199 -0.000690315 -0.000088045 -0.005006352
125 2.507644653 15.93921566 6.722552299 -1.59590323 0.413815314 -2.99590908
126 -15.606674194 -0.000003815 0 0.019419752 0.041515331 -0.084321064
127 -15.853752136 0.000007629 0.000009537 0.045199677 -0.053344104 0.018140983
128 -15.151847839 -0.000003815 0.000011444 0.008067122 -0.024455073 -0.135904188
129 -11.149963379 0 -0.000003815 -0.006619332 -0.003828458 -0.060850471
130 2.507621765 -17.075353622 6.722564697 -1.59590323 -0.413815314 -0.145683558
131 15.606666565 0 0 -0.005075383 0.033291009 0.021843476
132 15.853744507 0 0.000003815 -0.017321306 -0.059009523 0.091822906
133 15.151855469 0 0 -0.016982131 -0.032688297 -0.006801584
134 11.149967194 0 -0.000015259 -0.009248678 0.003177833 -0.059755477
135 5.893127441 15.939212799 -12.477539063 3.045204486 -0.108407439 0.357380127
136 15.606674194 0 0.000024796 -0.001017895 -0.024695754 -0.015439463
137 15.853744507 0.000003815 -0.000011444 0.086828056 -0.107769532 0.036934629
138 15.151847839 0 -0.000001907 0.028757349 -0.122663624 -0.093216017
139 11.14995575 0.000007629 -0.000011444 -0.006810724 -0.006078643 -0.060583556
140 5.893135071 -17.075361252 -12.477552414 1.495996792 -0.068189583 3.008001698
141 -15.606666565 -0.000003815 0.000007629 0.024585906 0.03502179 0.023482909
142 -15.853736877 0 -0.000011444 0.054676484 -0.059068762 0.09240762
143 -15.15184021 -0.000003815 0 0.009235103 -0.02897695 -0.00583137
144 -11.149944305 -0.000003815 -0.000007629 -0.00870556 -0.000579921 -0.053866155
145 4.260475159 20.773918152 -3.218482971 0.049970132 0.167237822 -2.849349719
146 -15.606689453 0 0 0.010068079 -0.070021826 0.033160786
147 -15.853752136 0.000007629 -0.000000238 0.020010477 -0.047959637 -0.067064932
148 -15.151847839 0 0 0.005884075 -0.082990625 0.053929784
149 -11.149944305 0.000007629 -0.000000238 -0.00087313 -0.006254652 -0.079861882
150 7.528274536 -8.043749809 -1.232801437 0.005300308 -0.175043817 -0.028800155
151 54.911239624 0.649676323 0.176697254 1.570472783 0.078769634 0.030285342
152 61.183170319 -0.000000715 0.000000954 0.174162246 0.013649947 0.001451626
153 -0.364086866 -2.758008003 4.994803905 0 0 0.000244115
154 -0.364086866 -2.758006096 4.994803905 0 0 0.000244115
155 -0.364086866 -2.758006096 4.994803905 0 0 0.000244115
156 -0.364086866 -2.758006096 4.994803905 0 0 0.000244115
157 -0.364086866 -2.758006096 4.994803905 0 0 0.000244115
158 -0.364086866 -2.758006096 4.994803905 0 0 0.000244115
159 -0.364086866 -2.758006096 4.994803905 0 0 0.000244115
160 -0.364086866 -2.758006096 4.994803905 0 0 0.000244115
161 -0.364086866 -2.758006096 4.994803905 0 0 0.000244115
162 -0.498048782 -4.95163393 0.510848999 0 0 0.000244115
163 -0.364086866 -2.758006096 4.994803905 0 0 0.000244115
time 30
0 -0.364086866 -2.758006096 4.994803905 0 0 0.000244115
1 -0.355919659 -7.472979069 1.085067987 0 -1.570482873 -1.57071714
2 130.809036255 0 -0.000000477 0 0 0
3 6.662017822 -0.142129987 2.521339893 3.141592654 0 0
4 24.360931396 0 0.000011921 0 0.223073131 0
5 24.806396484 -0.00000599 0.765956879 0 -0.368320338 0
6 8.120269775 -0.000001997 0.000003815 0 0 0
7 8.120315552 -0.000000983 0.000001907 0 -0.880742373 0
8 8.120315552 -0.000000983 0.000001907 0 -1.357954675 0
9 5.115219116 7.517074585 -23.079299927 1.434900252 -0.225520572 -0.051029003
10 -13.525115967 0 0 -0.02793315 0.17333603 -0.090839273
11 -11.953033447 -0.000007629 0.000001431 -0.015717887 0.030405412 0.126664035
12 -8.290390015 0 0.000000954 -0.006584783 -0.122738237 0.084574508
13 -7.875 0.000038147 -0.000003815 -0.092214056 -0.111377302 0.236294108
14 -8.78578186 0.000045776 -0.000003815 0.028013084 -0.148935479 0.106602594
15 -8.90372467 0.000015259 0.000003815 0.032996689 0.044701337 0.065511555
16 5.903457642 12.714836121 -17.693172455 1.299861878 -0.2612543 -0.108493453
17 -13.525131226 -0.000007629 0.000007629 -0.041600843 0.147495629 -0.043938167
18 -11.953033447 -0.000015259 -0.000003815 0.01639533 -0.0243754 0.153352372
19 -8.290374756 0 0 0.003876516 -0.064392323 0.22680202
20 -7.875 0.000038147 -0.000003815 -0.054919452 -0.074376721 0.148724936
21 -8.78578949 0.000030518 0.000003815 0.093760438 -0.010480789 0.085083143
22 -8.903709412 0 0 -0.024464619 0.042924795 0.043081537
23 5.115219116 -7.603518486 -23.079322815 -1.52359825 0.211597815 -2.968095926
24 13.525115967 0.000007629 0 0.076602231 -0.146136486 -0.188353159
25 11.95300293 0.000007629 0.000003815 0.146218881 -0.05188699 0.052308153
26 8.290374756 0.000015259 -0.000007629 0.208643929 0.1213348 0.096734737
27 7.875 -0.000030518 0.000001907 0.257561218 0.382834183 0.257855812
28 8.785774231 -0.000038147 0.000003815 0.343666218 0.343905975 0.068703463
29 8.903736115 -0.000007629 -0.000007629 -0.02016889 0.173234737 0.042181605
30 5.903442383 -12.801283836 -17.693199158 -1.58854963 0.26394491 -2.886355464
31 13.525100708 0 0 0.037413052 -0.076958033 -0.229935713
32 11.953033447 0.000015259 0 0.127806951 -0.023858275 0.010583215
33 8.290405273 0 0 0.187008397 0.162400451 0.263267657
34 7.875 -0.000030518 -0.000001907 0.197999674 0.373699751 0.27233868
35 8.78578949 -0.000045776 0.000007629 0.356479571 0.403011469 0.165473507
36 8.903720856 0.000007629 0.000007629 -0.020913113 0.185671248 0.037067959
37 4.435455322 0.000127017 -25.179950714 -3.052020664 0.42060421 -3.068386305
38 14.171005249 0.000021935 1.280700684 -0.006135277 0.072787648 -0.191748787
39 10.9765625 0.000020981 0.352539063 0.039553265 0.023194442 -0.067676202
40 8.120269775 -0.000003815 -0.000007629 0.074974304 -0.113935982 0.105048385
41 8.120262146 0.000001907 -0.000015259 0.096978644 -0.21566836 0.248812477
42 8.120330811 0.000001907 -0.000015259 0.206790818 0.134539974 0.239375096
43 8.120323181 -0.000007629 0.000061035 -0.038652756 -0.03069641 0.070027119
44 7.146957397 16.179790497 -9.195613861 1.305672134 -0.194807006 -0.173660109
45 -13.525131226 -0.000003815 0.000007629 -0.132503423 -0.082406519 0.003479325
46 -11.953033447 -0.000007629 0.000007629 0.036508091 -0.111658992 0.151673972
47 -8.290374756 0 0 0.111375472 -0.006798497 0.27986112
48 -7.875 0.000022888 -0.000007629 0.101491413 0.062272983 0.199853653
49 -8.785785675 0.000030518 0.000007629 0.281791379 0.219346433 0.031760091
50 -8.903709412 0 0 -0.046418827 0.112752369 -0.179089819
51 7.147003174 -16.266246796 -9.19562149 -1.592169116 0.178471644 -2.883857958
52 13.525115967 0 0 -0.04138018 -0.109892808 -0.173388289
53 11.953033447 0.000011444 0 0.098973332 0.059432411 0.007699718
54 8.290420532 0.000003815 -0.000007629 0.171254057 0.209051384 0.336948215
55 7.875 -0.000030518 0 0.20425894 0.37920773 0.381171562
56 8.78578949 -0.000045776 0.000011444 0.404935831 0.486808845 0.163897508
57 8.903720856 -0.000007629 0.000007629 -0.025118054 0.200358334 0.03929574
58 -5.36730957 8.366906166 8.703117371 1.914494041 -0.741667517 3.09153747
59 13.525100708 0.000007629 -0.000003815 -0.294796652 0.025796171 -0.029052018
60 -3.441879272 -10.792385101 9.377006531 1.843692728 -0.865062149 -3.07258505
61 13.525123596 0 -0.000007629 -0.319866366 0.095098302 -0.443927125
62 11.953048706 0.000007629 0 0.244250674 -0.158326659 -0.404629488
63 8.290390015 0 0 0.079585057 -0.156372838 0.078269875
64 7.875 -0.000030518 -0.000001907 -0.032955202 -0.142806308 0.000972541
65 19.39491272 -14.052383423 -0.467086792 0.816719132 0.189915379 -2.809840098
66 26.240753174 0.000007629 0.000003815 -0.296253317 -0.050602384 -0.001614061
67 31.970985413 0.000003815 0.000003815 -0.195350114 0.021083914 -0.091345891
68 4.627243042 -2.311290741 4.185634613 -0.024611287 -0.558422955 -0.444239217
69 2.980110168 -0.000004292 -0.000003815 -0.044814452 -0.161464923 0.279695347
70 1.982421875 0.000013351 0 0 0 0.079605056
71 10.844871521 -1.281562805 -1.331680298 -0.01459063 -0.011794345 -0.44466852
72 3.98828125 -0.000008106 0.000038147 0.141909771 0.044574751 -0.24562826
73 2.26953125 -0.000005722 -0.000009537 0.18105451 0.052639246 -0.179635609
74 10.908843994 -1.237384796 0.82958889 -0.013197125 -0.016788242 -0.444561139
75 3.989433289 -0.00001049 0.000038147 0.083518595 0.042893344 -0.181050409
76 3.478294373 -0.000009537 -0.000015259 -0.110527357 0.005560805 -0.282723353
77 10.291893005 -1.202156067 -3.344138145 -0.011976631 -0.027362076 -0.479207941
78 2.757148743 -0.000003815 0.000024796 0.122977527 0.062475046 -0.242323602
79 1.775390625 -0.000009537 -0.000006676 0.631145005 0.121045445 -0.295790883
80 10.971855164 -1.193920135 2.957342148 -0.019549258 0.004207118 -0.487918004
81 3.82421875 -0.000000834 0.000034332 -0.000540752 0.00220531 -0.175621943
82 2.94140625 -0.000007629 -0.000014305 -0.004010348 0.016569113 -0.333038093
83 -0.000015259 0.000007629 0.000001907 0.398893261 0.159072221 -0.629548
84 19.39491272 13.160593033 -0.467075348 -2.434836051 -0.220009757 -0.329934074
85 -26.240753174 -0.000003815 -0.000003815 -0.149102805 0.038387509 0.120230475
86 -31.971000671 0.000015259 0 -0.640439261 0.213481567 -0.19331895
87 -11.614601135 3.933105469 0.069384575 -1.578444876 1.529198549 -2.544968004
88 -10.484527588 1.069198608 3.539872169 -3.131584703 0.028220486 2.411526648
89 2.757156372 0.000002265 0.000026703 -0.011712134 0.035128624 1.019560794
90 1.775390625 0.000007629 -0.000023842 -0.261071927 -0.262843666 1.059935836
91 -11.046470642 1.142402649 1.529694557 -3.130487012 0.018259081 2.114134707
92 3.98828125 0 0.000038147 0.004872241 -0.009924216 1.610032301
93 2.26953125 0.000007629 0.000000954 -0.076539319 -0.095407065 1.438172442
94 -11.192642212 1.041526794 -2.758434296 -3.116629264 0.004012045 2.226905852
95 3.82421875 0.000038147 0.000051498 0.00053161 0.002187187 1.610324685
96 8.785797119 -0.00003624 -0.000001907 0.08229373 0.071373082 -0.580233542
97 2.94140625 0.000007629 -0.000011444 -0.004550553 0.006091757 1.767588569
98 -11.120124817 1.091545105 -0.631118774 -3.132136147 0.020772815 2.221577138
99 3.98941803 0.000001907 0.000052452 0.021444626 0.041947477 1.751021405
100 3.478290558 0.000022888 -0.00001049 -0.001306817 0.004312204 1.848998194
101 -4.853614807 2.155082703 -4.018517494 3.123057975 0.125574955 2.46129872
102 2.980110168 -0.00000906 0.000011921 0.038574713 -0.163808097 -0.240289671
103 1.982421875 -0.000009537 0.000034332 0 0 -0.040571652
104 0.000015259 -0.000007629 -0.000003815 -0.01786834 -0.032037725 -0.918099438
105 7.08984375 0 -0.000000477 3.141592654 -0.174494806 3.141592654
106 7.528259277 8.168075562 -1.23279953 -3.136643079 0.174442134 -3.112738881
107 -54.911224365 -0.64967823 -0.176695824 1.570486209 0.07895275 0.030347038
108 -61.183189392 0.000000954 0 0.173988939 0.013650073 0.001450443
109 8.588684082 0 1.514415741 0 0 0
110 4.260505676 -21.349506378 -3.218473434 0.049970132 -0.167237822 -0.292242966
111 15.606681824 0 -0.000012159 0 0 -0.054299905
112 15.853744507 0.000003815 -0.000006199 -0.063638259 0.043348082 -0.110965572
113 15.151851654 -0.000007629 0.000000954 -0.0196009 0.058622891 -0.017587441
114 11.14995575 0.000007629 -0.000005722 0 0 -0.079691439
115 1.725082397 -0.142127991 11.160655975 -1.570455147 -0.466373298 -0.000081036
116 15.606681824 0 0 0 0 0.018817328
117 15.853729248 0 0 -0.039817239 -0.013872184 0.027472873
118 15.151863098 0 0 -0.014147392 -0.023213496 0.050842249
119 11.149963379 -0.000003815 -0.000000238 0 0 -0.011393872
120 6.678688049 -0.142132998 -16.932613373 1.571023415 -0.117254659 3.141579325
121 -15.606689453 0.000003815 0.00000003 0 0 0.018817328
122 -15.853759766 0 0.00000596 0.045769628 -0.014976134 0.058032533
123 -15.151855469 -0.000007629 0 0.018519276 -0.016502675 0.101925734
124 -11.149951935 0.000003815 0.000006199 0 0 -0.011393872
125 2.507644653 15.93921566 6.722552299 -1.59590323 0.413815314 -2.99590908
126 -15.606674194 -0.000003815 0 0.009362421 0.044628038 -0.017663499
127 -15.853752136 0.000007629 0.000009537 0.054322738 -0.054930442 -0.015745738
128 -15.151847839 -0.000003815 0.000011444 0.010678998 -0.027526658 -0.165044041
129 -11.149963379 0 -0.000003815 -0.00888922 -0.000181549 -0.060257992
130 2.507621765 -17.075353622 6.722564697 -1.59590323 -0.413815314 -0.145683558
131 15.606666565 0 0 0.009362421 0.044628038 -0.017663499
132 15.853744507 0 0.000003815 -0.030319968 -0.062819175 0.111475251
133 15.151855469 0 0 -0.020298536 -0.036414457 0.010039247
134 11.149967194 0 -0.000015259 -0.00888922 -0.000181549 -0.060257992
135 5.893127441 15.939212799 -12.477539063 3.043377006 -0.109910124 0.344492784
136 15.606674194 0 0.000024796 0.009362421 0.044628038 -0.017663499
137 15.853744507 0.000003815 -0.000011444 0.068760183 -0.136457429 0.041271612
138 15.151847839 0 -0.000001907 0.03292717 -0.14306603 -0.08832997
139 11.14995575 0.000007629 -0.000011444 -0.00888922 -0.000181549 -0.060257992
140 5.893135071 -17.075361252 -12.477552414 1.495996792 -0.068189583 3.008001698
141 -15.606666565 -0.000003815 0.000007629 0.009362421 0.044628038 -0.017663499
142 -15.853736877 0 -0.000011444 0.065135434 -0.063185982 0.112404274
143 -15.15184021 -0.000003815 0 0.012850229 -0.030980748 0.011973374
144 -11.149944305 -0.000003815 -0.000007629 -0.00888922 -0.000181549 -0.060257992
145 4.260475159 20.773918152 -3.218482971 0.049970132 0.167237822 -2.849349719
146 -15.606689453 0 0 0 0 0.032888163
147 -15.853752136 0.000007629 -0.000000238 0.032514952 -0.082630731 -0.067194367
148 -15.151847839 0 0 0.006626512 -0.113104308 0.055568812
149 -11.149944305 0.000007629 -0.000000238 0 0 -0.079691439
150 7.528274536 -8.043749809 -1.232801437 0.004949575 -0.174442134 -0.028853775
151 54.911239624 0.649676323 0.176697254 1.570486209 0.07895275 0.030347038
152 61.183170319 -0.000000715 0.000000954 0.174162246 0.013649947 0.001451626
153 -0.364086866 -2.758008003 4.994803905 0 0 0.000244115
154 -0.364086866 -2.758006096 4.994803905 0 0 0.000244115
155 -0.364086866 -2.758006096 4.994803905 0 0 0.000244115
156 -0.364086866 -2.758006096 4.994803905 0 0 0.000244115
157 -0.364086866 -2.758006096 4.994803905 0 0 0.000244115
158 -0.364086866 -2.758006096 4.994803905 0 0 0.000244115
159 -0.364086866 -2.758006096 4.994803905 0 0 0.000244115
160 -0.364086866 -2.758006096 4.994803905 0 0 0.000244115
161 -0.364086866 -2.758006096 4.994803905 0 0 0.000244115
162 -0.498048782 -4.95163393 0.510848999 0 0 0.000244115
163 -0.364086866 -2.758006096 4.994803905 0 0 0.000244115
end
