version 1
nodes
0 "Object009" -1
1 "Bone000" -1
2 "Bone001" 1
3 "Bone002" 2
4 "Bone003" 3
5 "Bone004" 4
6 "Bone005" 5
7 "Bone006" 6
8 "Bone007" 6
9 "Bone008" 6
10 "Bone009" 9
11 "Bone010" 10
12 "Bone011" 11
13 "Bone012" 12
14 "Bone013" 13
15 "Bone014" 14
16 "Bone015" 6
17 "Bone016" 16
18 "Bone017" 17
19 "Bone018" 18
20 "Bone019" 19
21 "Bone020" 20
22 "Bone021" 21
23 "Bone022" 6
24 "Bone023" 23
25 "Bone024" 24
26 "Bone025" 25
27 "Bone026" 26
28 "Bone027" 27
29 "Bone028" 28
30 "Bone029" 6
31 "Bone030" 30
32 "Bone031" 31
33 "Bone032" 32
34 "Bone033" 33
35 "Bone034" 34
36 "Bone035" 35
37 "Bone036" 6
38 "Bone037" 37
39 "Bone038" 38
40 "Bone039" 39
41 "Bone040" 40
42 "Bone041" 41
43 "Bone042" 42
44 "Bone043" 6
45 "Bone044" 44
46 "Bone045" 45
47 "Bone046" 46
48 "Bone047" 47
49 "Bone048" 48
50 "Bone049" 49
51 "Bone050" 6
52 "Bone051" 51
53 "Bone052" 52
54 "Bone053" 53
55 "Bone054" 54
56 "Bone055" 55
57 "Bone056" 56
58 "Bone057" 6
59 "Bone058" 58
60 "Bone059" 6
61 "Bone060" 60
62 "Bone061" 61
63 "Bone062" 62
64 "Bone063" 63
65 "Bone065" 4
66 "Bone066" 65
67 "Bone067" 66
68 "Bone068" 67
69 "Bone069" 68
70 "Bone070" 69
71 "Bone071" 67
72 "Bone072" 71
73 "Bone073" 72
74 "Bone074" 67
75 "Bone075" 74
76 "Bone076" 75
77 "Bone077" 67
78 "Bone078" 77
79 "Bone079" 78
80 "Bone080" 67
81 "Bone081" 80
82 "Bone082" 81
83 "Bone083" 66
84 "Bone084" 4
85 "Bone085" 84
86 "Bone086" 85
87 "Bone087" 86
88 "Bone088" 86
89 "Bone089" 88
90 "Bone090" 89
91 "Bone091" 86
92 "Bone092" 91
93 "Bone093" 92
94 "Bone094" 86
95 "Bone095" 94
96 "Bone064" 64
97 "Bone096" 95
98 "Bone097" 86
99 "Bone098" 98
100 "Bone099" 99
101 "Bone0100" 86
102 "Bone0101" 101
103 "Bone0102" 102
104 "Bone0103" 85
105 "Bone0104" 2
106 "Bone0105" 105
107 "Bone0106" 106
108 "Bone0107" 107
109 "Bone0108" 105
110 "Bone0109" 109
111 "Bone0110" 110
112 "Bone0111" 111
113 "Bone0112" 112
114 "Bone0113" 113
115 "Bone0114" 109
116 "Bone0115" 115
117 "Bone0116" 116
118 "Bone0117" 117
119 "Bone0118" 118
120 "Bone0119" 109
121 "Bone0120" 120
122 "Bone0121" 121
123 "Bone0122" 122
124 "Bone0123" 123
125 "Bone0124" 109
126 "Bone0125" 125
127 "Bone0126" 126
128 "Bone0127" 127
129 "Bone0128" 128
130 "Bone0129" 109
131 "Bone0130" 130
132 "Bone0131" 131
133 "Bone0132" 132
134 "Bone0133" 133
135 "Bone0134" 109
136 "Bone0135" 135
137 "Bone0136" 136
138 "Bone0137" 137
139 "Bone0138" 138
140 "Bone0139" 109
141 "Bone0140" 140
142 "Bone0141" 141
143 "Bone0142" 142
144 "Bone0143" 143
145 "Bone0144" 109
146 "Bone0145" 145
147 "Bone0146" 146
148 "Bone0147" 147
149 "Bone0148" 148
150 "Bone0149" 105
151 "Bone0150" 150
152 "Bone0151" 151
153 "Object007" -1
154 "Object010" -1
155 "Object011" -1
156 "Object013" -1
157 "Object014" -1
158 "Object015" -1
159 "Object016" -1
160 "Object017" -1
161 "Object018" -1
162 "_M3_Anim_Data" -1
163 "Object019" -1
end
skeleton
time 0
0 -0.364086866 -2.758006096 4.994803905 0 0 0.000244115
1 -0.355917543 -56.0467453 -67.981201172 0 -1.545443228 -1.570795911
2 130.809020996 0 0.000003815 0 0 0
3 6.662010193 -0.142130047 2.521335602 2.93088364 -0.190273848 -0.011382371
4 24.360939026 -0.000000954 0.000007629 0.113776505 0.321793151 0.066223185
5 24.806396484 -0.000005722 0.765960693 -0.801250738 -1.057233558 -0.06186454
6 8.120292664 0.000001907 0.000003815 0.878961621 0.160260258 -0.144032846
7 8.120307922 -0.000003815 0 0 -0.880742373 0
8 8.120307922 -0.000003815 0 -0.216192487 -1.369859591 0.175150136
9 5.115211487 7.517080307 -23.079311371 1.542908543 0.196354474 -0.034704582
10 -13.525115967 0.000001907 0.000003815 -0.097620169 0.174160319 -0.20628864
11 -11.953033447 -0.000009537 0 0.10769309 0.087762861 -0.155683079
12 -8.290390015 -0.000001907 -0.000000477 0.354865483 0.055000514 -0.26186695
13 -7.875 0.000034332 0 0.445006236 0.018284499 -0.011970559
14 -8.785774231 0.000038147 0 0.573306744 -0.114401814 0.083651884
15 -8.903717041 0 0 0.320357451 -0.003101378 0.430118754
16 5.903465271 12.714845657 -17.693195343 1.387293812 0.176708019 -0.077533765
17 -13.525131226 0 0.000003815 0.029703283 0.119793528 0.239994877
18 -11.953041077 -0.000007629 -0.000001907 0.021258014 0.031732971 -0.075826331
19 -8.290390015 0 -0.000001907 0.228690218 0.077436323 -0.116302897
20 -7.875 0.000030518 -0.000001907 0.344283017 -0.007821438 -0.174610701
21 -8.78578186 0.000038147 0 0.516604242 -0.120626398 -0.039596993
22 -8.903717041 0 0 0.237780138 -0.226450368 0.336132738
23 5.115211487 -7.603521347 -23.07932663 -1.732936771 -0.19162183 -2.954936332
24 13.525138855 -0.000003815 -0.000001907 0.158925089 0.011709945 -0.075199801
25 11.953018188 0.000015259 0.000001907 0.037105054 -0.089191194 -0.144019385
26 8.290374756 -0.000001907 0 -0.126461115 -0.06960729 -0.181143079
27 7.875 -0.000030518 0.000003815 -0.289945079 0.19695745 0.006126626
28 8.78578186 -0.000040054 0.000000954 -0.204296898 0.299057597 0.010883151
29 8.90372467 0 0.000001907 -0.228559943 0.459011612 0.226824994
30 5.903434753 -12.801290512 -17.693202972 -1.817689081 -0.07149444 -2.868116773
31 13.525123596 0 0.000003815 0.158747598 -0.053168052 -0.066866365
32 11.953048706 0.000007629 0.000003815 0.017045815 -0.053314857 -0.155003072
33 8.290382385 -0.000001907 0.000003815 -0.166994511 0.068348298 -0.042732081
34 7.875 -0.000032425 0 -0.320284167 0.27608551 -0.070731549
35 8.78578949 -0.000037193 0.000002861 -0.208952161 0.419081967 -0.008129979
36 8.90372467 -0.000001907 0 -0.277094798 0.440425769 0.202774134
37 4.435432434 0.000127792 -25.179958344 3.070462236 -0.185250503 -3.079980696
38 14.171012878 0.000022888 1.280687332 -0.132128917 0.284526677 -0.108026067
39 10.9765625 0.000017881 0.352539063 0.005959834 0.176693109 0.022278761
40 8.120285034 -0.000003815 -0.000013351 -0.166784067 0.166131353 -0.020089036
41 8.120292664 -0.000001907 -0.000038147 -0.346443308 0.050823069 0.060454815
42 8.120330811 0 -0.000015259 -0.435620198 0.22572715 0.089415935
43 8.120330811 0.000003815 0.00005722 -0.486057431 -0.204593957 0.20610158
44 7.146965027 16.179800034 -9.195625305 1.370415105 0.252412304 -0.119028853
45 -13.525131226 0.000003815 -0.000003815 -0.058318294 -0.252190243 0.290184579
46 -11.953033447 -0.000009537 -0.000015259 0.137883575 0.045059753 -0.083112719
47 -8.290382385 0.000001907 0 0.395642546 0.112399896 -0.134369803
48 -7.875 0.000030518 -0.000003815 0.045501393 -0.178055499 -0.215004266
49 -8.78578186 0.000040054 -0.000007629 0.412751142 -0.152200124 -0.167860416
50 -8.90372467 0.000003815 -0.000007629 0.162558631 -0.211931629 0.115054981
51 7.146980286 -16.26625824 -9.19562149 -1.782865339 0.06522263 -2.614626
52 13.525123596 -0.000013351 0.000007629 0.097205482 -0.139948417 0.024889674
53 11.953041077 0 0.000007629 -0.041832253 0.074780878 -0.257650787
54 8.290382385 -0.000001907 0 -0.114556948 0.094833854 -0.014443754
55 7.875 -0.000032425 -0.000007629 -0.301067058 0.284320692 -0.040678745
56 8.78578949 -0.000042915 -0.000003815 -0.305858194 0.449164288 -0.170974587
57 8.9037323 0 -0.000000954 -0.376349614 0.348474749 0.137628242
58 -5.36730957 8.366910934 8.703113556 1.821577623 -1.044052549 2.625982367
59 13.525123596 0.000007629 0 -0.296468905 -0.078299246 -0.169078084
60 -3.441879272 -10.792393684 9.377006531 1.070559652 -0.962292728 -2.925374445
61 13.525131226 0.000007629 0 -0.332187023 0.255580515 -0.525358109
62 11.953033447 0.000011444 0 0.235483486 0.090570465 -0.426925982
63 8.290390015 0 -0.000000954 0.156060157 0.089868983 0.0159582
64 7.875 -0.000026703 0.000002384 0.100637529 0.076541591 -0.039910473
65 19.39491272 -14.052383423 -0.467079163 2.098384593 -0.683214994 -2.853660958
66 26.240753174 0.000015259 0 -0.441704161 -0.688391101 1.753817664
67 31.970993042 -0.000011444 0 -1.185215734 0.307836782 -0.041769025
68 4.627262115 -2.311309814 4.185630798 -0.021512477 -0.254658869 -0.451859094
69 2.980103493 0 0 -0.040823197 0.14004721 0.242069561
70 1.982421875 0.000022888 0.000011444 0.001822187 0.301463179 0.041313792
71 10.844867706 -1.281570435 -1.331687927 0.003154845 -0.01855101 -1.502721343
72 3.98828125 -0.000007629 0.000034332 0.024656551 0.116612118 -1.30426207
73 2.26953125 -0.000015259 -0.000015259 0.010246566 0.020303916 -1.235445909
74 10.908863068 -1.237411499 0.829593658 -0.015351326 -0.011922311 -0.238286342
75 3.989437103 -0.000015259 0.000041962 -0.058238559 0.0042078 0.016975647
76 3.478275299 -0.000022888 -0.000019073 0.041231018 -0.188111811 -0.085601342
77 10.29189682 -1.202171326 -3.344135284 0.018038834 -0.023865117 -1.537453755
78 2.757148743 -0.000015259 0.000038147 -0.557626191 -0.095527706 -1.29157567
79 1.775390625 -0.000003815 -0.000007629 0.198076059 0.357239486 -1.30316968
80 10.971866608 -1.193939209 2.957336426 -0.016604512 0.007205611 -0.33070313
81 3.82421875 -0.000007629 0.000034332 -0.000537624 0.00215309 -0.018299994
82 2.94140625 -0.000007629 -0.000015259 0.003888372 0.007014414 -0.175609007
83 -0.000013351 0.000003815 -0.000007629 -0.281161032 -0.158281714 -1.026998567
84 19.39490509 13.160596848 -0.467071533 -1.995478222 0.337028138 -0.216041136
85 -26.240749359 0 0.000001907 1.911023644 -1.255175839 -1.401015206
86 -31.970993042 -0.000007629 0 -0.414370824 -0.358880349 -0.150086432
87 -11.614597321 3.933097839 0.069385529 -0.886211022 1.084787285 -1.974489147
88 -10.484518051 1.069206238 3.539878845 -3.131584703 0.028220486 2.411526648
89 2.757148743 0 0.000026703 -0.011712134 0.035128624 1.019560794
90 1.775390625 0.000003815 -0.000015259 -0.143085113 -0.33685686 0.672543783
91 -11.046471596 1.142410278 1.529697418 -3.130487012 0.018259081 2.114134707
92 3.98828125 0.000011444 0.000038147 0.004872241 -0.009924216 1.610032301
93 2.26953125 0.000015259 0 -0.076539319 -0.095407065 1.438172442
94 -11.19263649 1.041519165 -2.75843811 -3.118342321 -0.008929965 2.748964419
95 3.82421875 0.000045776 0.000053406 0.00053161 0.002187187 1.610324685
96 8.78578186 -0.000032425 0 0.028889808 0.206538207 -0.655495889
97 2.94140625 0 0 -0.004550553 0.006091757 1.767588569
98 -11.120113373 1.091537476 -0.631118774 -3.125395256 0.015755592 2.594094079
99 3.989421844 0 0.000049591 0.021444626 0.041947477 1.751021405
100 3.478294373 0.000022888 -0.000015259 -0.001306817 0.004312204 1.848998194
101 -4.853601456 2.155090332 -4.018516541 3.123057975 0.125574955 2.46129872
102 2.98008728 0 0.000007629 0.038574713 -0.163808097 -0.240289671
103 1.982421875 -0.000015259 0.000034332 0 0 -0.040571652
104 0.000006676 -0.000015259 -0.000011444 -0.01786834 -0.032037725 -0.918099438
105 7.08984375 0 -0.000007629 3.141592654 -0.174494806 3.141592654
106 7.528266907 8.168074608 -1.232795715 2.948438251 0.47705936 -3.128730861
107 -54.911235809 -0.649675369 -0.176704407 -2.594972327 1.544084313 2.319914276
108 -61.183193207 0.000004292 0.000001907 0.174037262 0.013709953 -0.309466751
109 8.588691711 -0.00000003 1.51442337 0 0 0
110 4.260505676 -21.349504471 -3.218471527 -0.229646484 -0.146054022 -0.303432411
111 15.606666565 0.000003815 -0.000015259 0.048339465 -0.084542798 -0.029440709
112 15.853744507 -0.000003815 -0.000007629 0.060943296 0.008861147 -0.094932014
113 15.1518507 -0.000003815 0 0.026538855 0.083893524 0.043453266
114 11.149958611 0.000011444 -0.000007629 -0.040082832 0.120800773 -0.029237533
115 1.725082397 -0.142127991 11.160655975 -2.019105011 -0.695607809 0.137591666
116 15.606674194 0.000007629 0.000001907 0.191418368 -0.015305914 0.132085908
117 15.853736877 -0.000007629 0 -0.004672819 0.000942913 0.216905781
118 15.151854515 0.000007629 0.000002861 -0.004550965 0.001272067 0.214821346
119 11.149956703 0.000022888 0 -0.004405233 0.001667874 0.242797748
120 6.678688049 -0.142133027 -16.932605743 1.571163158 -0.342120126 3.141529274
121 -15.606704712 0.000001907 0 0 0 0.263771125
122 -15.853752136 0.000003815 0.00000599 0 0 0.363404579
123 -15.151855469 0.000001907 0 0 0 0.053781813
124 -11.149956703 -0.000003815 0.00000599 0 0 0.081764736
125 2.507644653 15.939216614 6.722553253 -1.789671757 0.255676781 -2.869102546
126 -15.606689453 -0.000003815 -0.000003815 0.455406359 0.042330694 0.021154092
127 -15.853748322 0 0.000012398 0.140694627 0.065043915 -0.027622947
128 -15.151854515 -0.000007629 0.000014305 0.080309568 0.115753966 -0.174877556
129 -11.149961472 0 -0.000003099 0.01299221 0.10724761 -0.197494444
130 2.507606506 -17.075353622 6.722553253 -1.394725005 -0.44812799 -0.316868681
131 15.606678009 0.000007629 0.000001907 -0.07496531 -0.034710504 0.039747881
132 15.853740692 -0.000007629 0.000007629 0.082289533 -0.146567819 0.201266196
133 15.151853561 0.000007629 -0.000003815 0.057137773 -0.118416862 0.080025581
134 11.14996624 0.000007629 -0.000012398 0.05088976 -0.113244038 0.07765244
135 5.893127441 15.939212799 -12.477539063 3.074230662 0.146320642 0.384167227
136 15.606666565 0 0.00002861 -0.046217485 0.049913609 -0.072248628
137 15.853748322 0 -0.000015259 -0.00270524 -0.016961146 0.033948303
138 15.151852608 0.000003815 -0.000001907 0.011431343 0.027627212 0.270839809
139 11.149954796 0.000003815 -0.000003815 0.037832656 0.044091021 0.303271797
140 5.893135071 -17.075361252 -12.477554321 1.668182678 -0.25989592 2.916339702
141 -15.606678009 -0.000005722 0.000007629 0.039470182 -0.026683334 0.256701693
142 -15.853736877 0 -0.000015259 0.033734465 -0.132127561 0.356575081
143 -15.151853561 0.000001907 0 0.115911766 -0.033992381 0.166766186
144 -11.14994812 -0.000003815 -0.000007629 -0.271235576 -0.11581174 -0.002329874
145 4.260475159 20.773920059 -3.218490601 0.023101859 -0.035501231 -2.90636479
146 -15.606685638 0.000003815 0 0.044715609 0.260581996 -0.006243444
147 -15.853746414 0.000003815 -0.000003815 0.01026336 -0.021662214 -0.277840577
148 -15.151837349 -0.000003815 0.000003815 -0.013709864 0.024245184 0.095172824
149 -11.149954796 0.000001907 0 -0.01022957 0.299857428 -0.226108714
150 7.528266907 -8.043748856 -1.232803345 -0.628039895 -0.244480193 0.020267395
151 54.911247253 0.649684906 0.176696777 -3.092772134 1.111381282 1.876428095
152 61.183197021 0.000001907 -0.000013351 0.542701548 0.211647802 0.109075119
153 -0.364088595 36.477970123 12.189170837 0.340633688 -0.000040147 0.000233438
154 -0.364086866 -2.758006096 4.994803905 0 0 0.000244115
155 -0.364086866 -2.758006096 4.994803905 0 0 0.000244115
156 -0.364086866 -2.758006096 4.994803905 0 0 0.000244115
157 -0.364086866 -2.758006096 4.994803905 0 0 0.000244115
158 -0.364086866 -2.758006096 4.994803905 0 0 0.000244115
159 -0.364086866 -2.758006096 4.994803905 0 0 0.000244115
160 -0.364086866 -2.758006096 4.994803905 0 0 0.000244115
161 -0.364086866 -2.758006096 4.994803905 0 0 0.000244115
162 -0.498048782 -4.95163393 0.510848999 0 0 0.000244115
163 -0.364086866 -2.758006096 4.994803905 0 0 0.000244115
time 1
0 -0.364086866 -2.758006096 4.994803905 0 0 0.000244115
1 -0.355917394 -58.980102386 -71.762611192 0 -1.545443228 -1.570795911
2 130.809020996 0 0.000003815 0 0.033492459 0
3 6.662010193 -0.142130047 2.521335602 2.930926483 -0.179637695 -0.011372086
4 24.360939026 -0.000000954 0.000007629 0.11399797 0.300753086 0.061452464
5 24.806396484 -0.000005722 0.765960693 -0.799614014 -1.052327229 -0.061525897
6 8.120292664 0.000001907 0.000003815 0.877872802 0.157569461 -0.144661511
7 8.120307922 -0.000003815 0 0 -0.887904901 0
8 8.120307922 -0.000003815 0 -0.216192487 -1.369859591 0.175150136
9 5.115211487 7.517080307 -23.079311371 1.542559458 0.193283462 -0.034567808
10 -13.525115967 0.000001907 0.000003815 -0.100185622 0.174171315 -0.210449736
11 -11.953033447 -0.000009537 0 0.107755969 0.089140598 -0.16446693
12 -8.290390015 -0.000001907 -0.000000477 0.356717001 0.05497083 -0.265142087
13 -7.875 0.000034332 0 0.44853075 0.017133489 -0.014950361
14 -8.785774231 0.000038147 0 0.576116497 -0.118308998 0.081382971
15 -8.903717041 0 0 0.318909362 -0.007568054 0.429264709
16 5.903465271 12.714845657 -17.693195343 1.387195536 0.173695182 -0.077439956
17 -13.525131226 0 0.000003815 0.028282091 0.12241208 0.238656815
18 -11.953041077 -0.000007629 -0.000001907 0.020209579 0.035289002 -0.088770153
19 -8.290390015 0 -0.000001907 0.228494705 0.079740856 -0.126419178
20 -7.875 0.000030518 -0.000001907 0.346189497 -0.009896925 -0.181432695
21 -8.78578186 0.000038147 0 0.520658059 -0.128769586 -0.04597987
22 -8.903717041 0 0 0.235513925 -0.232650481 0.332084499
23 5.115211487 -7.603521347 -23.07932663 -1.731633339 -0.188504303 -2.954732899
24 13.525138855 -0.000003815 -0.000001907 0.158917553 0.013937739 -0.078142624
25 11.953018188 0.000015259 0.000001907 0.036307517 -0.089616983 -0.154216927
26 8.290374756 -0.000001907 0 -0.129295108 -0.071543084 -0.185288473
27 7.875 -0.000030518 0.000003815 -0.295279998 0.197024152 0.001821091
28 8.78578186 -0.000040054 0.000000954 -0.204308294 0.302163889 0.0069667
29 8.90372467 0 0.000001907 -0.226467439 0.461510975 0.223106467
30 5.903434753 -12.801290512 -17.693202972 -1.816133812 -0.068628481 -2.86788287
31 13.525123596 0 0.000003815 0.158673143 -0.051717275 -0.072120757
32 11.953048706 0.000007629 0.000003815 0.013839215 -0.053066154 -0.168427854
33 8.290382385 -0.000001907 0.000003815 -0.173667654 0.067279123 -0.050682469
34 7.875 -0.000032425 0 -0.327147886 0.276946161 -0.07752267
35 8.78578949 -0.000037193 0.000002861 -0.208946996 0.422389698 -0.013892512
36 8.90372467 -0.000001907 0 -0.272831768 0.444604402 0.19940935
37 4.435432434 0.000127792 -25.179958344 3.071161932 -0.182316341 -3.079897829
38 14.171012878 0.000022888 1.280687332 -0.132471162 0.292747073 -0.107985862
39 10.9765625 0.000017881 0.352539063 0.005821313 0.183625957 0.023680643
40 8.120285034 -0.000003815 -0.000013351 -0.168007284 0.168773641 -0.019634257
41 8.120292664 -0.000001907 -0.000038147 -0.346973411 0.05329077 0.061417023
42 8.120330811 0 -0.000015259 -0.435670935 0.227802396 0.091101554
43 8.120330811 0.000003815 0.00005722 -0.486324772 -0.202348139 0.209769531
44 7.146965027 16.179800034 -9.195625305 1.36767723 0.272016191 -0.120986656
45 -13.525131226 0.000003815 -0.000003815 -0.060349592 -0.250672482 0.282554598
46 -11.953033447 -0.000009537 -0.000015259 0.133772805 0.051272171 -0.093005964
47 -8.290382385 0.000001907 0 0.392770523 0.112362834 -0.152277714
48 -7.875 0.000030518 -0.000003815 0.042497279 -0.188016127 -0.226728267
49 -8.78578186 0.000040054 -0.000007629 0.411636672 -0.166465362 -0.174196386
50 -8.90372467 0.000003815 -0.000007629 0.158101143 -0.218025713 0.112270419
51 7.146980286 -16.26625824 -9.19562149 -1.782667215 0.049969891 -2.615284653
52 13.525123596 -0.000013351 0.000007629 0.099512729 -0.136331303 0.019448478
53 11.953041077 0 0.000007629 -0.046771029 0.081266422 -0.273550386
54 8.290382385 -0.000001907 0 -0.122288504 0.098508979 -0.024651243
55 7.875 -0.000032425 -0.000007629 -0.310628171 0.288699501 -0.047365439
56 8.78578949 -0.000042915 -0.000003815 -0.315968177 0.454731033 -0.177281184
57 8.9037323 0 -0.000000954 -0.376957342 0.356067598 0.13294121
58 -5.36730957 8.366910934 8.703113556 1.818253558 -1.047095264 2.631466213
59 13.525123596 0.000007629 0 -0.296468905 -0.078299246 -0.169078084
60 -3.441879272 -10.792393684 9.377006531 1.037381322 -0.971124295 -2.905563364
61 13.525131226 0.000007629 0 -0.327158429 0.255534636 -0.513593269
62 11.953033447 0.000011444 0 0.239460282 0.086463877 -0.407623636
63 8.290390015 0 -0.000000954 0.161426777 0.086212491 0.03636307
64 7.875 -0.000026703 0.000002384 0.105868158 0.071865192 -0.026378065
65 19.39491272 -14.052383423 -0.467079163 2.104521298 -0.669531109 -2.861530316
66 26.240753174 0.000015259 0 -0.44089074 -0.70020048 1.751244477
67 31.970993042 -0.000011444 0 -1.185460846 0.298101071 -0.037759058
68 4.627262115 -2.311309814 4.185630798 -0.021512477 -0.254658869 -0.451859094
69 2.980103493 0 0 -0.040823197 0.14004721 0.242069561
70 1.982421875 0.000022888 0.000011444 0.001822187 0.301463179 0.041313792
71 10.844867706 -1.281570435 -1.331687927 0.003154845 -0.01855101 -1.502721343
72 3.98828125 -0.000007629 0.000034332 0.024656551 0.116612118 -1.30426207
73 2.26953125 -0.000015259 -0.000015259 0.010246566 0.020303916 -1.235445909
74 10.908863068 -1.237411499 0.829593658 -0.015606425 -0.011833276 -0.224207598
75 3.989437103 -0.000015259 0.000041962 -0.058920939 0.00316151 0.031082008
76 3.478275299 -0.000022888 -0.000019073 0.041522928 -0.189727035 -0.071609924
77 10.29189682 -1.202171326 -3.344135284 0.018038834 -0.023865117 -1.537453755
78 2.757148743 -0.000015259 0.000038147 -0.56377605 -0.095526523 -1.291603469
79 1.775390625 -0.000003815 -0.000007629 0.198076059 0.357239486 -1.30316968
80 10.971866608 -1.193939209 2.957336426 -0.016664535 0.007482108 -0.316274721
81 3.82421875 -0.000007629 0.000034332 -0.000522091 0.002156909 -0.003884822
82 2.94140625 -0.000007629 -0.000015259 0.003938704 0.006986276 -0.161229191
83 -0.000013351 0.000003815 -0.000007629 -0.281161032 -0.158281714 -1.026998567
84 19.39490509 13.160596848 -0.467071533 -2.001603794 0.354705662 -0.220268802
85 -26.240749359 0 0.000001907 1.899392905 -1.247866883 -1.387607567
86 -31.970993042 -0.000007629 0 -0.390148258 -0.356175716 -0.149668627
87 -11.614597321 3.933097839 0.069385529 -0.89118351 1.08559831 -1.999759588
88 -10.484518051 1.069206238 3.539878845 -3.131584703 0.028220486 2.411526648
89 2.757148743 0 0.000026703 -0.011712134 0.035128624 1.019560794
90 1.775390625 0.000003815 -0.000015259 -0.141815562 -0.337710897 0.668242926
91 -11.046471596 1.142410278 1.529697418 -3.130487012 0.018259081 2.114134707
92 3.98828125 0.000011444 0.000038147 0.004872241 -0.009924216 1.610032301
93 2.26953125 0.000015259 0 -0.076539319 -0.095407065 1.438172442
94 -11.19263649 1.041519165 -2.75843811 -3.118351742 -0.009082132 2.754769824
95 3.82421875 0.000045776 0.000053406 0.00053161 0.002187187 1.610324685
96 8.78578186 -0.000032425 0 0.035162246 0.203103468 -0.643368558
97 2.94140625 0 0 -0.004550553 0.006091757 1.767588569
98 -11.120113373 1.091537476 -0.631118774 -3.125256489 0.015662181 2.598217522
99 3.989421844 0 0.000049591 0.021444626 0.041947477 1.751021405
100 3.478294373 0.000022888 -0.000015259 -0.001306817 0.004312204 1.848998194
101 -4.853601456 2.155090332 -4.018516541 3.123057975 0.125574955 2.46129872
102 2.98008728 0 0.000007629 0.038574713 -0.163808097 -0.240289671
103 1.982421875 -0.000015259 0.000034332 0 0 -0.040571652
104 0.000006676 -0.000015259 -0.000011444 -0.01786834 -0.032037725 -0.918099438
105 7.08984375 0 -0.000007629 3.141592654 -0.174494806 3.141592654
106 7.528266907 8.168074608 -1.232795715 2.948438251 0.47705936 -3.128730861
107 -54.911235809 -0.649675369 -0.176704407 -2.573601598 1.563062011 2.336292882
108 -61.183193207 0.000004292 0.000001907 0.174037262 0.013709953 -0.309466751
109 8.588691711 -0.00000003 1.51442337 0 0 0
110 4.260505676 -21.349504471 -3.218471527 -0.229646484 -0.146054022 -0.303432411
111 15.606666565 0.000003815 -0.000015259 0.047924074 -0.084151309 -0.027944131
112 15.853744507 -0.000003815 -0.000007629 0.060507142 0.008932068 -0.095104094
113 15.1518507 -0.000003815 0 0.026321431 0.083389339 0.042659215
114 11.149958611 0.000011444 -0.000007629 -0.040082832 0.120800773 -0.029237533
115 1.725082397 -0.142127991 11.160655975 -2.019105011 -0.695607809 0.137591666
116 15.606674194 0.000007629 0.000001907 0.190030183 -0.015275464 0.131829918
117 15.853736877 -0.000007629 0 -0.004664545 0.001023864 0.214821867
118 15.151854515 0.000007629 0.000002861 -0.004524863 0.001524615 0.21265049
119 11.149956703 0.000022888 0 -0.004405233 0.001667874 0.242797748
120 6.678688049 -0.142133027 -16.932605743 1.570459829 -0.33357568 -3.141536004
121 -15.606704712 0.000001907 0 0 0 0.255153336
122 -15.853752136 0.000003815 0.00000599 0 0 0.356473617
123 -15.151855469 0.000001907 0 0 0 0.045147493
124 -11.149956703 -0.000003815 0.00000599 0 0 0.073126574
125 2.507644653 15.939216614 6.722553253 -1.787521273 0.258540688 -2.868054694
126 -15.606689453 -0.000003815 -0.000003815 0.45214113 0.043555767 0.020916093
127 -15.853748322 0 0.000012398 0.139768754 0.064127087 -0.027109856
128 -15.151854515 -0.000007629 0.000014305 0.07968455 0.114525452 -0.173911853
129 -11.149961472 0 -0.000003099 0.01299221 0.10724761 -0.197494444
130 2.507606506 -17.075353622 6.722553253 -1.394725005 -0.44812799 -0.316868681
131 15.606678009 0.000007629 0.000001907 -0.074355036 -0.034463761 0.039727573
132 15.853740692 -0.000007629 0.000007629 0.081861073 -0.14559289 0.200022387
133 15.151853561 0.000007629 -0.000003815 0.056702241 -0.117591804 0.07912002
134 11.14996624 0.000007629 -0.000012398 0.05088976 -0.113244038 0.07765244
135 5.893127441 15.939212799 -12.477539063 3.074181964 0.146220834 0.383724641
136 15.606666565 0 0.00002861 -0.045798612 0.051254821 -0.070887035
137 15.853748322 0 -0.000015259 -0.002538482 -0.017309306 0.033947378
138 15.151852608 0.000003815 -0.000001907 0.011329409 0.027127363 0.268482458
139 11.149954796 0.000003815 -0.000003815 0.037811046 0.044206072 0.301701613
140 5.893135071 -17.075361252 -12.477554321 1.66664688 -0.254105762 2.916414996
141 -15.606678009 -0.000005722 0.000007629 0.037825364 -0.027130315 0.250705945
142 -15.853736877 0 -0.000015259 0.031990783 -0.132092647 0.350883763
143 -15.151853561 0.000001907 0 0.11377149 -0.033588001 0.159960306
144 -11.14994812 -0.000003815 -0.000007629 -0.274092758 -0.116297292 -0.008818579
145 4.260475159 20.773920059 -3.218490601 0.023101859 -0.035501231 -2.90636479
146 -15.606685638 0.000003815 0 0.04436862 0.259012473 -0.006235998
147 -15.853746414 0.000003815 -0.000003815 0.010270529 -0.021231778 -0.276094685
148 -15.151837349 -0.000003815 0.000003815 -0.013642062 0.023895003 0.095002965
149 -11.149954796 0.000001907 0 -0.01022957 0.299857428 -0.226108714
150 7.528266907 -8.043748856 -1.232803345 -0.628039895 -0.244480193 0.020267395
151 54.911247253 0.649684906 0.176696777 -3.119521042 1.099393647 1.832286477
152 61.183197021 0.000001907 -0.000013351 0.542701548 0.211647802 0.109075119
153 -0.364088595 36.477970123 12.189170837 0.340633688 -0.000040147 0.000233438
154 -0.364086866 -2.758006096 4.994803905 0 0 0.000244115
155 -0.364086866 -2.758006096 4.994803905 0 0 0.000244115
156 -0.364086866 -2.758006096 4.994803905 0 0 0.000244115
157 -0.364086866 -2.758006096 4.994803905 0 0 0.000244115
158 -0.364086866 -2.758006096 4.994803905 0 0 0.000244115
159 -0.364086866 -2.758006096 4.994803905 0 0 0.000244115
160 -0.364086866 -2.758006096 4.994803905 0 0 0.000244115
161 -0.364086866 -2.758006096 4.994803905 0 0 0.000244115
162 -0.498048782 -4.95163393 0.510848999 0 0 0.000244115
163 -0.364086866 -2.758006096 4.994803905 0 0 0.000244115
time 2
0 -0.364086866 -2.758006096 4.994803905 0 0 0.000244115
1 -0.355917156 -64.44908848 -77.700881339 0 -1.545443228 -1.570795911
2 130.809020996 0 0.000003815 0 0.124549219 0
3 6.662010193 -0.142130047 2.521335602 2.930925887 -0.150894626 -0.011348961
4 24.360939026 -0.000000954 0.000007629 0.114481159 0.243445366 0.048687081
5 24.806396484 -0.000005722 0.765960693 -0.797281881 -1.038392031 -0.060569777
6 8.120292664 0.000001907 0.000003815 0.874619162 0.149924369 -0.146427255
7 8.120307922 -0.000003815 0 0 -0.9084099 0
8 8.120307922 -0.000003815 0 -0.216192487 -1.369859591 0.175150136
9 5.115211487 7.517080307 -23.079311371 1.54167803 0.184503024 -0.034327318
10 -13.525115967 0.000001907 0.000003815 -0.102846581 0.174108383 -0.213831918
11 -11.953033447 -0.000009537 0 0.107681285 0.090440389 -0.176565629
12 -8.290390015 -0.000001907 -0.000000477 0.358395582 0.054808861 -0.274026908
13 -7.875 0.000034332 0 0.451786343 0.013922282 -0.023194683
14 -8.785774231 0.000038147 0 0.578616033 -0.12571188 0.075192138
15 -8.903717041 0 0 0.315327158 -0.016455129 0.427662361
16 5.903465271 12.714845657 -17.693195343 1.386814901 0.164900057 -0.077188353
17 -13.525131226 0 0.000003815 0.024488092 0.126455894 0.234404512
18 -11.953041077 -0.000007629 -0.000001907 0.018211403 0.039570509 -0.110812867
19 -8.290390015 0 -0.000001907 0.227935861 0.082105915 -0.146922733
20 -7.875 0.000030518 -0.000001907 0.347893103 -0.012281941 -0.200111449
21 -8.78578186 0.000038147 0 0.524309856 -0.13946677 -0.063277054
22 -8.903717041 0 0 0.229793228 -0.247492592 0.322508501
23 5.115211487 -7.603521347 -23.07932663 -1.727928169 -0.179457536 -2.95423422
24 13.525138855 -0.000003815 -0.000001907 0.158746748 0.015438868 -0.084004217
25 11.953018188 0.000015259 0.000001907 0.035475328 -0.090077748 -0.169099878
26 8.290374756 -0.000001907 0 -0.131883384 -0.072831152 -0.1965249
27 7.875 -0.000030518 0.000003815 -0.300038415 0.197356424 -0.009839469
28 8.78578186 -0.000040054 0.000000954 -0.204287154 0.306932238 -0.003877035
29 8.90372467 0 0.000001907 -0.221332985 0.466836089 0.215513148
30 5.903434753 -12.801290512 -17.693202972 -1.811492148 -0.060574209 -2.867019398
31 13.525123596 0 0.000003815 0.15820453 -0.050385032 -0.084915052
32 11.953048706 0.000007629 0.000003815 0.009196638 -0.052890091 -0.18971467
33 8.290382385 -0.000001907 0.000003815 -0.180989398 0.066590414 -0.069100001
34 7.875 -0.000032425 0 -0.334126048 0.279189407 -0.095723798
35 8.78578949 -0.000037193 0.000002861 -0.208759529 0.430668393 -0.029299283
36 8.90372467 -0.000001907 0 -0.262139453 0.45443089 0.192060576
37 4.435432434 0.000127792 -25.179958344 3.073073821 -0.173594885 -3.079530111
38 14.171012878 0.000022888 1.280687332 -0.132755981 0.300369618 -0.107808832
39 10.9765625 0.000017881 0.352539063 0.005770889 0.193247979 0.025535821
40 8.120285034 -0.000003815 -0.000013351 -0.169062959 0.175829796 -0.018415263
41 8.120292664 -0.000001907 -0.000038147 -0.347440825 0.060201396 0.063709394
42 8.120330811 0 -0.000015259 -0.435593088 0.233481258 0.095769442
43 8.120330811 0.000003815 0.00005722 -0.486543579 -0.198457641 0.216951264
44 7.146965027 16.179800034 -9.195625305 1.360726331 0.300750196 -0.124020805
45 -13.525131226 0.000003815 -0.000003815 -0.065870812 -0.246635387 0.261737086
46 -11.953033447 -0.000009537 -0.000015259 0.122551379 0.057649015 -0.103878674
47 -8.290382385 0.000001907 0 0.384860965 0.112245931 -0.179961977
48 -7.875 0.000030518 -0.000003815 0.037070652 -0.201404947 -0.248792812
49 -8.78578186 0.000040054 -0.000007629 0.40831708 -0.184080731 -0.191481204
50 -8.90372467 0.000003815 -0.000007629 0.1462206 -0.234615594 0.104639991
51 7.146980286 -16.26625824 -9.19562149 -1.781798152 0.025064624 -2.61716336
52 13.525123596 -0.000013351 0.000007629 0.101563029 -0.131261037 0.004492345
53 11.953041077 0 0.000007629 -0.053669181 0.09152612 -0.29776608
54 8.290382385 -0.000001907 0 -0.131542418 0.108537203 -0.045015829
55 7.875 -0.000032425 -0.000007629 -0.322444405 0.300655006 -0.06570496
56 8.78578949 -0.000042915 -0.000003815 -0.329682022 0.469751557 -0.194438864
57 8.9037323 0 -0.000000954 -0.378657883 0.375028864 0.122057602
58 -5.36730957 8.366910934 8.703113556 1.808053803 -1.050162867 2.647491038
59 13.525123596 0.000007629 0 -0.296468905 -0.078299246 -0.169078084
60 -3.441879272 -10.792393684 9.377006531 0.982876042 -0.994965525 -2.8565366
61 13.525131226 0.000007629 0 -0.318199818 0.25515549 -0.481511529
62 11.953033447 0.000011444 0 0.249892534 0.075252552 -0.374195796
63 8.290390015 0 -0.000000954 0.176035811 0.07634448 0.070486542
64 7.875 -0.000026703 0.000002384 0.120130376 0.058927271 0.00380429
65 19.39491272 -14.052383423 -0.467079163 2.114309602 -0.662306435 -2.880106902
66 26.240753174 0.000015259 0 -0.438416004 -0.715467802 1.74380233
67 31.970993042 -0.000011444 0 -1.186109108 0.284598296 -0.032526158
68 4.627262115 -2.311309814 4.185630798 -0.021512477 -0.254658869 -0.451859094
69 2.980103493 0 0 -0.040823197 0.14004721 0.242069561
70 1.982421875 0.000022888 0.000011444 0.001822187 0.301463179 0.041313792
71 10.844867706 -1.281570435 -1.331687927 0.003154845 -0.01855101 -1.502721343
72 3.98828125 -0.000007629 0.000034332 0.024656551 0.116612118 -1.30426207
73 2.26953125 -0.000015259 -0.000015259 0.010246566 0.020303916 -1.235445909
74 10.908863068 -1.237411499 0.829593658 -0.015858919 -0.011744081 -0.210487232
75 3.989437103 -0.000015259 0.000041962 -0.059619583 0.002195992 0.044670222
76 3.478275299 -0.000022888 -0.000019073 0.041923756 -0.191343981 -0.058064514
77 10.29189682 -1.202171326 -3.344135284 0.018038834 -0.023865117 -1.537453755
78 2.757148743 -0.000015259 0.000038147 -0.56968108 -0.095548394 -1.291596928
79 1.775390625 -0.000003815 -0.000007629 0.198076059 0.357239486 -1.30316968
80 10.971866608 -1.193939209 2.957336426 -0.016723187 0.007756049 -0.302299463
81 3.82421875 -0.000007629 0.000034332 -0.000507092 0.002160485 0.010012241
82 2.94140625 -0.000007629 -0.000015259 0.003901214 0.006952306 -0.147290808
83 -0.000013351 0.000003815 -0.000007629 -0.281161032 -0.158281714 -1.026998567
84 19.39490509 13.160596848 -0.467071533 -2.006530976 0.402724412 -0.223244738
85 -26.240749359 0 0.000001907 1.86573579 -1.226896242 -1.348862541
86 -31.970993042 -0.000007629 0 -0.36636438 -0.348496401 -0.148303054
87 -11.614597321 3.933097839 0.069385529 -0.906002347 1.087993339 -2.031779128
88 -10.484518051 1.069206238 3.539878845 -3.131584703 0.028220486 2.411526648
89 2.757148743 0 0.000026703 -0.011712134 0.035128624 1.019560794
90 1.775390625 0.000003815 -0.000015259 -0.140526558 -0.338472353 0.664020739
91 -11.046471596 1.142410278 1.529697418 -3.130487012 0.018259081 2.114134707
92 3.98828125 0.000011444 0.000038147 0.004872241 -0.009924216 1.610032301
93 2.26953125 0.000015259 0 -0.076539319 -0.095407065 1.438172442
94 -11.19263649 1.041519165 -2.75843811 -3.118361021 -0.009232239 2.760396082
95 3.82421875 0.000045776 0.000053406 0.00053161 0.002187187 1.610324685
96 8.78578186 -0.000032425 0 0.052204303 0.193938715 -0.610479196
97 2.94140625 0 0 -0.004550553 0.006091757 1.767588569
98 -11.120113373 1.091537476 -0.631118774 -3.125224954 0.015629222 2.602248863
99 3.989421844 0 0.000049591 0.021444626 0.041947477 1.751021405
100 3.478294373 0.000022888 -0.000015259 -0.001306817 0.004312204 1.848998194
101 -4.853601456 2.155090332 -4.018516541 3.123057975 0.125574955 2.46129872
102 2.98008728 0 0.000007629 0.038574713 -0.163808097 -0.240289671
103 1.982421875 -0.000015259 0.000034332 0 0 -0.040571652
104 0.000006676 -0.000015259 -0.000011444 -0.01786834 -0.032037725 -0.918099438
105 7.08984375 0 -0.000007629 3.141592654 -0.174494806 3.141592654
106 7.528266907 8.168074608 -1.232795715 2.948438251 0.47705936 -3.128730861
107 -54.911235809 -0.649675369 -0.176704407 0.628885063 1.526250929 -0.75778309
108 -61.183193207 0.000004292 0.000001907 0.174037262 0.013709953 -0.309466751
109 8.588691711 -0.00000003 1.51442337 0 0 0
110 4.260505676 -21.349504471 -3.218471527 -0.229646484 -0.146054022 -0.303432411
111 15.606666565 0.000003815 -0.000015259 0.04697681 -0.082902512 -0.026404706
112 15.853744507 -0.000003815 -0.000007629 0.05912467 0.008881714 -0.095628501
113 15.1518507 -0.000003815 0 0.02576896 0.082044625 0.040457143
114 11.149958611 0.000011444 -0.000007629 -0.040082832 0.120800773 -0.029237533
115 1.725082397 -0.142127991 11.160655975 -2.019105011 -0.695607809 0.137591666
116 15.606674194 0.000007629 0.000001907 0.186038574 -0.015205721 0.131146944
117 15.853736877 -0.000007629 0 -0.0045727 0.001086938 0.208919106
118 15.151854515 0.000007629 0.000002861 -0.004502852 0.001768237 0.206487658
119 11.149956703 0.000022888 0 -0.004405233 0.001667874 0.242797748
120 6.678688049 -0.142133027 -16.932605743 1.571090703 -0.310202193 3.141546626
121 -15.606704712 0.000001907 0 0 0 0.231760904
122 -15.853752136 0.000003815 0.00000599 0 0 0.337369808
123 -15.151855469 0.000001907 0 0 0 0.02175225
124 -11.149956703 -0.000003815 0.00000599 0 0 0.049723569
125 2.507644653 15.939216614 6.722553253 -1.781233974 0.266710765 -2.864912506
126 -15.606689453 -0.000003815 -0.000003815 0.442937562 0.04500137 0.020223158
127 -15.853748322 0 0.000012398 0.137155482 0.061565995 -0.025721181
128 -15.151854515 -0.000007629 0.000014305 0.077933391 0.111213318 -0.171252829
129 -11.149961472 0 -0.000003099 0.01299221 0.10724761 -0.197494444
130 2.507606506 -17.075353622 6.722553253 -1.394725005 -0.44812799 -0.316868681
131 15.606678009 0.000007629 0.000001907 -0.072523597 -0.033905392 0.039415027
132 15.853740692 -0.000007629 0.000007629 0.080691284 -0.143043707 0.196530795
133 15.151853561 0.000007629 -0.000003815 0.055391529 -0.115119294 0.076401902
134 11.14996624 0.000007629 -0.000012398 0.05088976 -0.113244038 0.07765244
135 5.893127441 15.939212799 -12.477539063 3.073891042 0.146121216 0.382295171
136 15.606666565 0 0.00002861 -0.044663482 0.052817155 -0.068387215
137 15.853748322 0 -0.000015259 -0.002208573 -0.018264644 0.03385938
138 15.151852608 0.000003815 -0.000001907 0.011097205 0.02544274 0.261673899
139 11.149954796 0.000003815 -0.000003815 0.03776596 0.044629954 0.297343638
140 5.893135071 -17.075361252 -12.477554321 1.662199234 -0.23816076 2.916657232
141 -15.606678009 -0.000005722 0.000007629 0.033535823 -0.027499634 0.234049207
142 -15.853736877 0 -0.000015259 0.027123439 -0.13197507 0.335210587
143 -15.151853561 0.000001907 0 0.108006056 -0.032539894 0.141618219
144 -11.14994812 -0.000003815 -0.000007629 -0.281652533 -0.117383485 -0.026221327
145 4.260475159 20.773920059 -3.218490601 0.023101859 -0.035501231 -2.90636479
146 -15.606685638 0.000003815 0 0.043417943 0.254653104 -0.006191465
147 -15.853746414 0.000003815 -0.000003815 0.010085513 -0.020926772 -0.271123833
148 -15.151837349 -0.000003815 0.000003815 -0.013342944 0.023013489 0.094579722
149 -11.149954796 0.000001907 0 -0.01022957 0.299857428 -0.226108714
150 7.528266907 -8.043748856 -1.232803345 -0.628039895 -0.244480193 0.020267395
151 54.911247253 0.649684906 0.176696777 3.090097125 1.066444679 1.712086215
152 61.183197021 0.000001907 -0.000013351 0.542701548 0.211647802 0.109075119
153 -0.364088595 36.477970123 12.189170837 0.340633688 -0.000040147 0.000233438
154 -0.364086866 -2.758006096 4.994803905 0 0 0.000244115
155 -0.364086866 -2.758006096 4.994803905 0 0 0.000244115
156 -0.364086866 -2.758006096 4.994803905 0 0 0.000244115
157 -0.364086866 -2.758006096 4.994803905 0 0 0.000244115
158 -0.364086866 -2.758006096 4.994803905 0 0 0.000244115
159 -0.364086866 -2.758006096 4.994803905 0 0 0.000244115
160 -0.364086866 -2.758006096 4.994803905 0 0 0.000244115
161 -0.364086866 -2.758006096 4.994803905 0 0 0.000244115
162 -0.498048782 -4.95163393 0.510848999 0 0 0.000244115
163 -0.364086866 -2.758006096 4.994803905 0 0 0.000244115
time 3
0 -0.364086866 -2.758006096 4.994803905 0 0 0.000244115
1 -0.355916858 -71.783736855 -85.194213532 0 -1.545443228 -1.570795911
2 130.809020996 0 0.000003815 0 0.258721741 0
3 6.662010193 -0.142130047 2.521335602 2.930890725 -0.108538197 -0.011373397
4 24.360939026 -0.000000954 0.000007629 0.115020328 0.158938235 0.029899343
5 24.806396484 -0.000005722 0.765960693 -0.794573747 -1.016468793 -0.058959902
6 8.120292664 0.000001907 0.000003815 0.869534458 0.137807822 -0.149238439
7 8.120307922 -0.000003815 0 0 -0.940814234 0
8 8.120307922 -0.000003815 0 -0.216192487 -1.369859591 0.175150136
9 5.115211487 7.517080307 -23.079311371 1.54037047 0.170451854 -0.033907019
10 -13.525115967 0.000001907 0.000003815 -0.105693992 0.173918631 -0.217486372
11 -11.953033447 -0.000009537 0 0.107604836 0.09153353 -0.19102973
12 -8.290390015 -0.000001907 -0.000000477 0.359831671 0.054520081 -0.287113622
13 -7.875 0.000034332 0 0.454565682 0.009237922 -0.035341795
14 -8.785774231 0.000038147 0 0.580948676 -0.135644728 0.06606611
15 -8.903717041 0 0 0.310216918 -0.028779172 0.425631841
16 5.903465271 12.714845657 -17.693195343 1.386224272 0.150764449 -0.07674956
17 -13.525131226 0 0.000003815 0.018893506 0.13165523 0.226207724
18 -11.953041077 -0.000007629 -0.000001907 0.015509777 0.044351533 -0.139468876
19 -8.290390015 0 -0.000001907 0.227094611 0.08456529 -0.175127476
20 -7.875 0.000030518 -0.000001907 0.349409495 -0.01489961 -0.227495879
21 -8.78578186 0.000038147 0 0.527500765 -0.151926596 -0.088707478
22 -8.903717041 0 0 0.221501991 -0.268652912 0.308846704
23 5.115211487 -7.603521347 -23.07932663 -1.722100659 -0.165024137 -2.953358956
24 13.525138855 -0.000003815 -0.000001907 0.15848529 0.016559291 -0.092757973
25 11.953018188 0.000015259 0.000001907 0.034814334 -0.090582921 -0.187385534
26 8.290374756 -0.000001907 0 -0.134181173 -0.073631399 -0.213118598
27 7.875 -0.000030518 0.000003815 -0.304152283 0.197842625 -0.027083944
28 8.78578186 -0.000040054 0.000000954 -0.204378636 0.312861508 -0.019872309
29 8.90372467 0 0.000001907 -0.213871788 0.474380779 0.204971065
30 5.903434753 -12.801290512 -17.693202972 -1.804406258 -0.047647498 -2.865627139
31 13.525123596 0 0.000003815 0.157198469 -0.048863924 -0.103925365
32 11.953048706 0.000007629 0.000003815 0.003643515 -0.052660553 -0.216644903
33 8.290382385 -0.000001907 0.000003815 -0.188615017 0.066189713 -0.095036495
34 7.875 -0.000032425 0 -0.341078272 0.282496475 -0.12256585
35 8.78578949 -0.000037193 0.000002861 -0.208588913 0.442715234 -0.051995587
36 8.90372467 -0.000001907 0 -0.246589726 0.468449667 0.181893801
37 4.435432434 0.000127792 -25.179958344 3.07618486 -0.159791979 -3.078990944
38 14.171012878 0.000022888 1.280687332 -0.133035555 0.307909512 -0.107628021
39 10.9765625 0.000017881 0.352539063 0.00572401 0.2047834 0.02783526
40 8.120285034 -0.000003815 -0.000013351 -0.170020463 0.186339437 -0.016533828
41 8.120292664 -0.000001907 -0.000038147 -0.347860843 0.070322161 0.067284025
42 8.120330811 0 -0.000015259 -0.435466248 0.241778973 0.102562821
43 8.120330811 0.000003815 0.00005722 -0.486795227 -0.193219179 0.226748334
44 7.146965027 16.179800034 -9.195625305 1.350417779 0.336138192 -0.127867543
45 -13.525131226 0.000003815 -0.000003815 -0.074006492 -0.240567825 0.231090737
46 -11.953033447 -0.000009537 -0.000015259 0.106167004 0.064151028 -0.116873944
47 -8.290382385 0.000001907 0 0.373048963 0.112108336 -0.214520393
48 -7.875 0.000030518 -0.000003815 0.029997675 -0.21704798 -0.278367069
49 -8.78578186 0.000040054 -0.000007629 0.403105454 -0.204048373 -0.216924425
50 -8.90372467 0.000003815 -0.000007629 0.128768312 -0.259019168 0.093338131
51 7.146980286 -16.26625824 -9.19562149 -1.780313942 -0.006900891 -2.620091273
52 13.525123596 -0.000013351 0.000007629 0.103382028 -0.124493172 -0.017793814
53 11.953041077 0 0.000007629 -0.062095818 0.104533765 -0.328185147
54 8.290382385 -0.000001907 0 -0.141946083 0.123229662 -0.072939485
55 7.875 -0.000032425 -0.000007629 -0.335789567 0.318318452 -0.092780316
56 8.78578949 -0.000042915 -0.000003815 -0.345827972 0.491821727 -0.2197576
57 8.9037323 0 -0.000000954 -0.381138682 0.40243232 0.106372559
58 -5.36730957 8.366910934 8.703113556 1.792229254 -1.053382347 2.672559893
59 13.525123596 0.000007629 0 -0.296468905 -0.078299246 -0.169078084
60 -3.441879272 -10.792393684 9.377006531 0.912511201 -1.030261815 -2.785335594
61 13.525131226 0.000007629 0 -0.306292839 0.254401523 -0.434221982
62 11.953033447 0.000011444 0 0.265180403 0.058687259 -0.330492494
63 8.290390015 0 -0.000000954 0.197435616 0.061810605 0.114565074
64 7.875 -0.000026703 0.000002384 0.141028995 0.039999476 0.046449759
65 19.39491272 -14.052383423 -0.467079163 2.126768439 -0.660762936 -2.907763442
66 26.240753174 0.000015259 0 -0.434037321 -0.73366701 1.730949071
67 31.970993042 -0.000011444 0 -1.187124216 0.26780443 -0.026162311
68 4.627262115 -2.311309814 4.185630798 -0.021512477 -0.254658869 -0.451859094
69 2.980103493 0 0 -0.040823197 0.14004721 0.242069561
70 1.982421875 0.000022888 0.000011444 0.001822187 0.301463179 0.041313792
71 10.844867706 -1.281570435 -1.331687927 0.003154845 -0.01855101 -1.502721343
72 3.98828125 -0.000007629 0.000034332 0.024656551 0.116612118 -1.30426207
73 2.26953125 -0.000015259 -0.000015259 0.010246566 0.020303916 -1.235445909
74 10.908863068 -1.237411499 0.829593658 -0.016107826 -0.01165625 -0.197297286
75 3.989437103 -0.000015259 0.000041962 -0.060243071 0.001394603 0.05773814
76 3.478275299 -0.000022888 -0.000019073 0.042177977 -0.192881319 -0.045024512
77 10.29189682 -1.202171326 -3.344135284 0.018038834 -0.023865117 -1.537453755
78 2.757148743 -0.000015259 0.000038147 -0.575517919 -0.095520201 -1.291604976
79 1.775390625 -0.000003815 -0.000007629 0.198076059 0.357239486 -1.30316968
80 10.971866608 -1.193939209 2.957336426 -0.016780979 0.008026653 -0.288862358
81 3.82421875 -0.000007629 0.000034332 -0.000492534 0.00216385 0.023478175
82 2.94140625 -0.000007629 -0.000015259 0.00394228 0.007011941 -0.133791684
83 -0.000013351 0.000003815 -0.000007629 -0.281161032 -0.158281714 -1.026998567
84 19.39490509 13.160596848 -0.467071533 -2.011565546 0.47345377 -0.225564864
85 -26.240749359 0 0.000001907 1.811645489 -1.193722789 -1.286676113
86 -31.970993042 -0.000007629 0 -0.343060794 -0.336324843 -0.146282171
87 -11.614597321 3.933097839 0.069385529 -0.929325294 1.09181006 -2.069103629
88 -10.484518051 1.069206238 3.539878845 -3.131584703 0.028220486 2.411526648
89 2.757148743 0 0.000026703 -0.011712134 0.035128624 1.019560794
90 1.775390625 0.000003815 -0.000015259 -0.139267225 -0.339217028 0.659988959
91 -11.046471596 1.142410278 1.529697418 -3.130487012 0.018259081 2.114134707
92 3.98828125 0.000011444 0.000038147 0.004872241 -0.009924216 1.610032301
93 2.26953125 0.000015259 0 -0.076539319 -0.095407065 1.438172442
94 -11.19263649 1.041519165 -2.75843811 -3.118386256 -0.009295497 2.765844748
95 3.82421875 0.000045776 0.000053406 0.00053161 0.002187187 1.610324685
96 8.78578186 -0.000032425 0 0.077407015 0.180299701 -0.562070424
97 2.94140625 0 0 -0.004550553 0.006091757 1.767588569
98 -11.120113373 1.091537476 -0.631118774 -3.125111646 0.015620522 2.606099567
99 3.989421844 0 0.000049591 0.021444626 0.041947477 1.751021405
100 3.478294373 0.000022888 -0.000015259 -0.001306817 0.004312204 1.848998194
101 -4.853601456 2.155090332 -4.018516541 3.123057975 0.125574955 2.46129872
102 2.98008728 0 0.000007629 0.038574713 -0.163808097 -0.240289671
103 1.982421875 -0.000015259 0.000034332 0 0 -0.040571652
104 0.000006676 -0.000015259 -0.000011444 -0.01786834 -0.032037725 -0.918099438
105 7.08984375 0 -0.000007629 3.141592654 -0.174494806 3.141592654
106 7.528266907 8.168074608 -1.232795715 2.948438251 0.47705936 -3.128730861
107 -54.911235809 -0.649675369 -0.176704407 0.720671395 1.450186113 -0.685223991
108 -61.183193207 0.000004292 0.000001907 0.174037262 0.013709953 -0.309466751
109 8.588691711 -0.00000003 1.51442337 0 0 0
110 4.260505676 -21.349504471 -3.218471527 -0.229646484 -0.146054022 -0.303432411
111 15.606666565 0.000003815 -0.000015259 0.045336361 -0.080966171 -0.024994986
112 15.853744507 -0.000003815 -0.000007629 0.057132806 0.008897648 -0.096498662
113 15.1518507 -0.000003815 0 0.024885597 0.079771019 0.036847804
114 11.149958611 0.000011444 -0.000007629 -0.040082832 0.120800773 -0.029237533
115 1.725082397 -0.142127991 11.160655975 -2.019105011 -0.695607809 0.137591666
116 15.606674194 0.000007629 0.000001907 0.179791542 -0.015116884 0.12994878
117 15.853736877 -0.000007629 0 -0.004466062 0.001314565 0.199547586
118 15.151854515 0.000007629 0.000002861 -0.004305767 0.002072792 0.196683577
119 11.149956703 0.000022888 0 -0.004405233 0.001667874 0.242797748
120 6.678688049 -0.142133027 -16.932605743 1.571126834 -0.275652167 3.14154681
121 -15.606704712 0.000001907 0 0 0 0.19729465
122 -15.853752136 0.000003815 0.00000599 0 0 0.308771699
123 -15.151855469 0.000001907 0 0 0 -0.012602326
124 -11.149956703 -0.000003815 0.00000599 0 0 0.015278214
125 2.507644653 15.939216614 6.722553253 -1.771448458 0.279599829 -2.859964106
126 -15.606689453 -0.000003815 -0.000003815 0.428344378 0.046633275 0.019157396
127 -15.853748322 0 0.000012398 0.133109026 0.05745728 -0.023431401
128 -15.151854515 -0.000007629 0.000014305 0.075186492 0.106024085 -0.167139595
129 -11.149961472 0 -0.000003099 0.01299221 0.10724761 -0.197494444
130 2.507606506 -17.075353622 6.722553253 -1.394725005 -0.44812799 -0.316868681
131 15.606678009 0.000007629 0.000001907 -0.069733583 -0.033023028 0.038989114
132 15.853740692 -0.000007629 0.000007629 0.078659816 -0.138931587 0.191057981
133 15.151853561 0.000007629 -0.000003815 0.053343572 -0.111279631 0.072111513
134 11.14996624 0.000007629 -0.000012398 0.05088976 -0.113244038 0.07765244
135 5.893127441 15.939212799 -12.477539063 3.073364482 0.146023975 0.37996785
136 15.606666565 0 0.00002861 -0.042718794 0.054424515 -0.0648272
137 15.853748322 0 -0.000015259 -0.001543522 -0.019829949 0.033768425
138 15.151852608 0.000003815 -0.000001907 0.010635301 0.022932966 0.250857832
139 11.149954796 0.000003815 -0.000003815 0.037687358 0.045272322 0.290460051
140 5.893135071 -17.075361252 -12.477554321 1.655745702 -0.214351541 2.917045394
141 -15.606678009 -0.000005722 0.000007629 0.027109202 -0.027846108 0.209277573
142 -15.853736877 0 -0.000015259 0.019983595 -0.131765362 0.311735673
143 -15.151853561 0.000001907 0 0.099347924 -0.030981494 0.114605359
144 -11.14994812 -0.000003815 -0.000007629 -0.292765828 -0.11909465 -0.052006207
145 4.260475159 20.773920059 -3.218490601 0.023101859 -0.035501231 -2.90636479
146 -15.606685638 0.000003815 0 0.041954137 0.247593732 -0.006088984
147 -15.853746414 0.000003815 -0.000003815 0.009861113 -0.020549607 -0.263280129
148 -15.151837349 -0.000003815 0.000003815 -0.012989302 0.021522226 0.093814803
149 -11.149954796 0.000001907 0 -0.01022957 0.299857428 -0.226108714
150 7.528266907 -8.043748856 -1.232803345 -0.628039895 -0.244480193 0.020267395
151 54.911247253 0.649684906 0.176696777 2.979325217 1.016830053 1.533762523
152 61.183197021 0.000001907 -0.000013351 0.542701548 0.211647802 0.109075119
153 -0.364088595 36.477970123 12.189170837 0.340633688 -0.000040147 0.000233438
154 -0.364086866 -2.758006096 4.994803905 0 0 0.000244115
155 -0.364086866 -2.758006096 4.994803905 0 0 0.000244115
156 -0.364086866 -2.758006096 4.994803905 0 0 0.000244115
157 -0.364086866 -2.758006096 4.994803905 0 0 0.000244115
158 -0.364086866 -2.758006096 4.994803905 0 0 0.000244115
159 -0.364086866 -2.758006096 4.994803905 0 0 0.000244115
160 -0.364086866 -2.758006096 4.994803905 0 0 0.000244115
161 -0.364086866 -2.758006096 4.994803905 0 0 0.000244115
162 -0.498048782 -4.95163393 0.510848999 0 0 0.000244115
163 -0.364086866 -2.758006096 4.994803905 0 0 0.000244115
time 4
0 -0.364086866 -2.758006096 4.994803905 0 0 0.000244115
1 -0.35591647 -80.314092764 -93.64085212 0 -1.545443228 -1.570795911
2 130.809020996 0 0.000003815 0 0.421666815 0
3 6.662010193 -0.142130047 2.521335602 2.930911572 -0.05719867 -0.011404299
4 24.360939026 -0.000000954 0.000007629 0.115629318 0.056403749 0.007071271
5 24.806396484 -0.000005722 0.765960693 -0.791574908 -0.98745509 -0.056656337
6 8.120292664 0.000001907 0.000003815 0.862776962 0.12180098 -0.153044537
7 8.120307922 -0.000003815 0 0 -0.983658 0
8 8.120307922 -0.000003815 0 -0.216192487 -1.369859591 0.175150136
9 5.115211487 7.517080307 -23.079311371 1.53854112 0.151812445 -0.033247837
10 -13.525115967 0.000001907 0.000003815 -0.108466404 0.173677135 -0.222265918
11 -11.953033447 -0.000009537 0 0.10748301 0.092443335 -0.206821095
12 -8.290390015 -0.000001907 -0.000000477 0.361105082 0.054295324 -0.302959898
13 -7.875 0.000034332 0 0.457010338 0.00365778 -0.050022951
14 -8.785774231 0.000038147 0 0.58288543 -0.147302418 0.054972494
15 -8.903717041 0 0 0.30406559 -0.043227482 0.423266231
16 5.903465271 12.714845657 -17.693195343 1.385525322 0.13209895 -0.076127309
17 -13.525131226 0 0.000003815 0.012133622 0.137450438 0.213388459
18 -11.953041077 -0.000007629 -0.000001907 0.01236998 0.049418316 -0.172339069
19 -8.290390015 0 -0.000001907 0.225788047 0.087211626 -0.208352059
20 -7.875 0.000030518 -0.000001907 0.350741593 -0.017613816 -0.260866517
21 -8.78578186 0.000038147 0 0.530308052 -0.165446989 -0.119602143
22 -8.903717041 0 0 0.211384273 -0.29396198 0.292523839
23 5.115211487 -7.603521347 -23.07932663 -1.714398488 -0.14582703 -2.952181297
24 13.525138855 -0.000003815 -0.000001907 0.158042471 0.017450904 -0.104220626
25 11.953018188 0.000015259 0.000001907 0.034258838 -0.091162116 -0.207517735
26 8.290374756 -0.000001907 0 -0.136231097 -0.074179278 -0.233240009
27 7.875 -0.000030518 0.000003815 -0.307701505 0.198533952 -0.047826807
28 8.78578186 -0.000040054 0.000000954 -0.204342684 0.319548019 -0.039104884
29 8.90372467 0 0.000001907 -0.204924977 0.483403453 0.192654232
30 5.903434753 -12.801290512 -17.693202972 -1.794858727 -0.03050162 -2.863765344
31 13.525123596 0 0.000003815 0.155580453 -0.046781045 -0.127654192
32 11.953048706 0.000007629 0.000003815 -0.002615506 -0.052518132 -0.246992333
33 8.290382385 -0.000001907 0.000003815 -0.1963071 0.065883871 -0.126145266
34 7.875 -0.000032425 0 -0.347843749 0.286423942 -0.155246055
35 8.78578949 -0.000037193 0.000002861 -0.208159621 0.4571561 -0.079593418
36 8.90372467 -0.000001907 0 -0.227895922 0.485255361 0.169748921
37 4.435432434 0.000127792 -25.179958344 3.08038296 -0.141344608 -3.078120224
38 14.171012878 0.000022888 1.280687332 -0.133288283 0.315465465 -0.107271846
39 10.9765625 0.000017881 0.352539063 0.005652539 0.217368586 0.030313522
40 8.120285034 -0.000003815 -0.000013351 -0.170889256 0.199140661 -0.01441432
41 8.120292664 -0.000001907 -0.000038147 -0.348258418 0.082585696 0.071538816
42 8.120330811 0 -0.000015259 -0.435343059 0.251937742 0.110846258
43 8.120330811 0.000003815 0.00005722 -0.487020413 -0.187219387 0.238230341
44 7.146965027 16.179800034 -9.195625305 1.337977225 0.37528901 -0.132163585
45 -13.525131226 0.000003815 -0.000003815 -0.0838198 -0.233301315 0.193794681
46 -11.953033447 -0.000009537 -0.000015259 0.086148109 0.07034536 -0.132971411
47 -8.290382385 0.000001907 0 0.358185677 0.111804454 -0.253374222
48 -7.875 0.000030518 -0.000003815 0.021757685 -0.233948885 -0.312872826
49 -8.78578186 0.000040054 -0.000007629 0.396203766 -0.225188788 -0.247865399
50 -8.90372467 0.000003815 -0.000007629 0.10747221 -0.288647675 0.079610086
51 7.146980286 -16.26625824 -9.19562149 -1.777972875 -0.043237802 -2.624011774
52 13.525123596 -0.000013351 0.000007629 0.104914907 -0.115772946 -0.045655266
53 11.953041077 0 0.000007629 -0.071272711 0.119275696 -0.36221671
54 8.290382385 -0.000001907 0 -0.152744271 0.141154133 -0.105622592
55 7.875 -0.000032425 -0.000007629 -0.349894155 0.339727066 -0.125606679
56 8.78578949 -0.000042915 -0.000003815 -0.363281374 0.518711525 -0.250439288
57 8.9037323 0 -0.000000954 -0.384159092 0.43554139 0.087680673
58 -5.36730957 8.366910934 8.703113556 1.771286818 -1.056603476 2.705747643
59 13.525123596 0.000007629 0 -0.296468905 -0.078299246 -0.169078084
60 -3.441879272 -10.792393684 9.377006531 0.832672837 -1.072985054 -2.699899968
61 13.525131226 0.000007629 0 -0.29257616 0.253235384 -0.376812581
62 11.953033447 0.000011444 0 0.28370238 0.038686454 -0.280180964
63 8.290390015 0 -0.000000954 0.223527997 0.044123868 0.164894783
64 7.875 -0.000026703 0.000002384 0.166429773 0.017030526 0.097258428
65 19.39491272 -14.052383423 -0.467079163 2.141325335 -0.664260697 -2.943247989
66 26.240753174 0.000015259 0 -0.428437431 -0.754245101 1.714706867
67 31.970993042 -0.000011444 0 -1.188492956 0.248218407 -0.018880546
68 4.627262115 -2.311309814 4.185630798 -0.021512477 -0.254658869 -0.451859094
69 2.980103493 0 0 -0.040823197 0.14004721 0.242069561
70 1.982421875 0.000022888 0.000011444 0.001822187 0.301463179 0.041313792
71 10.844867706 -1.281570435 -1.331687927 0.003154845 -0.01855101 -1.502721343
72 3.98828125 -0.000007629 0.000034332 0.024656551 0.116612118 -1.30426207
73 2.26953125 -0.000015259 -0.000015259 0.010246566 0.020303916 -1.235445909
74 10.908863068 -1.237411499 0.829593658 -0.016353198 -0.01156997 -0.184636094
75 3.989437103 -0.000015259 0.000041962 -0.060882736 0.000502216 0.070379992
76 3.478275299 -0.000022888 -0.000019073 0.042552594 -0.194417722 -0.032516963
77 10.29189682 -1.202171326 -3.344135284 0.018038834 -0.023865117 -1.537453755
78 2.757148743 -0.000015259 0.000038147 -0.581057078 -0.095577415 -1.291550427
79 1.775390625 -0.000003815 -0.000007629 0.198076059 0.357239486 -1.30316968
80 10.971866608 -1.193939209 2.957336426 -0.016825872 0.008209104 -0.275873259
81 3.82421875 -0.000007629 0.000034332 -0.000564816 0.002168566 0.036427088
82 2.94140625 -0.000007629 -0.000015259 0.003901221 0.006981178 -0.12090444
83 -0.000013351 0.000003815 -0.000007629 -0.281161032 -0.158281714 -1.026998567
84 19.39490509 13.160596848 -0.467071533 -2.018376565 0.559380426 -0.22762312
85 -26.240749359 0 0.000001907 1.742458349 -1.149997658 -1.206828943
86 -31.970993042 -0.000007629 0 -0.320318792 -0.32024385 -0.143548906
87 -11.614597321 3.933097839 0.069385529 -0.960107719 1.09684524 -2.111279427
88 -10.484518051 1.069206238 3.539878845 -3.131584703 0.028220486 2.411526648
89 2.757148743 0 0.000026703 -0.011712134 0.035128624 1.019560794
90 1.775390625 0.000003815 -0.000015259 -0.138069885 -0.340027633 0.656164026
91 -11.046471596 1.142410278 1.529697418 -3.130487012 0.018259081 2.114134707
92 3.98828125 0.000011444 0.000038147 0.004872241 -0.009924216 1.610032301
93 2.26953125 0.000015259 0 -0.076539319 -0.095407065 1.438172442
94 -11.19263649 1.041519165 -2.75843811 -3.118479767 -0.00945735 2.771114179
95 3.82421875 0.000045776 0.000053406 0.00053161 0.002187187 1.610324685
96 8.78578186 -0.000032425 0 0.107858082 0.163864715 -0.503229667
97 2.94140625 0 0 -0.004550553 0.006091757 1.767588569
98 -11.120113373 1.091537476 -0.631118774 -3.125059648 0.015506241 2.609857675
99 3.989421844 0 0.000049591 0.021444626 0.041947477 1.751021405
100 3.478294373 0.000022888 -0.000015259 -0.001306817 0.004312204 1.848998194
101 -4.853601456 2.155090332 -4.018516541 3.123057975 0.125574955 2.46129872
102 2.98008728 0 0.000007629 0.038574713 -0.163808097 -0.240289671
103 1.982421875 -0.000015259 0.000034332 0 0 -0.040571652
104 0.000006676 -0.000015259 -0.000011444 -0.01786834 -0.032037725 -0.918099438
105 7.08984375 0 -0.000007629 3.141592654 -0.174494806 3.141592654
106 7.528266907 8.168074608 -1.232795715 2.948438251 0.47705936 -3.128730861
107 -54.911235809 -0.649675369 -0.176704407 0.834417814 1.357960436 -0.594221289
108 -61.183193207 0.000004292 0.000001907 0.174037262 0.013709953 -0.309466751
109 8.588691711 -0.00000003 1.51442337 0 0 0
110 4.260505676 -21.349504471 -3.218471527 -0.229646484 -0.146054022 -0.303432411
111 15.606666565 0.000003815 -0.000015259 0.043261553 -0.07842642 -0.023644445
112 15.853744507 -0.000003815 -0.000007629 0.054359402 0.008967269 -0.097629257
113 15.1518507 -0.000003815 0 0.023785704 0.07681894 0.032187297
114 11.149958611 0.000011444 -0.000007629 -0.040082832 0.120800773 -0.029237533
115 1.725082397 -0.142127991 11.160655975 -2.019105011 -0.695607809 0.137591666
116 15.606674194 0.000007629 0.000001907 0.171468061 -0.014958214 0.128414773
117 15.853736877 -0.000007629 0 -0.004363926 0.001536788 0.187232592
118 15.151854515 0.000007629 0.000002861 -0.004201436 0.002380825 0.183763401
119 11.149956703 0.000022888 0 -0.004405233 0.001667874 0.242797748
120 6.678688049 -0.142133027 -16.932605743 1.571066813 -0.233808571 3.141560888
121 -15.606704712 0.000001907 0 0 0 0.15535369
122 -15.853752136 0.000003815 0.00000599 0 0 0.273090856
123 -15.151855469 0.000001907 0 0 0 -0.054472592
124 -11.149956703 -0.000003815 0.00000599 0 0 -0.026500007
125 2.507644653 15.939216614 6.722553253 -1.758497751 0.296702002 -2.853427786
126 -15.606689453 -0.000003815 -0.000003815 0.40909055 0.048431023 0.017720334
127 -15.853748322 0 0.000012398 0.127788379 0.051997074 -0.020380095
128 -15.151854515 -0.000007629 0.000014305 0.071675927 0.099078483 -0.161546117
129 -11.149961472 0 -0.000003099 0.01299221 0.10724761 -0.197494444
130 2.507606506 -17.075353622 6.722553253 -1.394725005 -0.44812799 -0.316868681
131 15.606678009 0.000007629 0.000001907 -0.066071967 -0.031813997 0.038453941
132 15.853740692 -0.000007629 0.000007629 0.076144256 -0.133493564 0.183828448
133 15.151853561 0.000007629 -0.000003815 0.050705995 -0.106093657 0.066407226
134 11.14996624 0.000007629 -0.000012398 0.05088976 -0.113244038 0.07765244
135 5.893127441 15.939212799 -12.477539063 3.072770415 0.145816507 0.376933238
136 15.606666565 0 0.00002861 -0.040228542 0.056144732 -0.060387033
137 15.853748322 0 -0.000015259 -0.000799262 -0.021828208 0.03367585
138 15.151852608 0.000003815 -0.000001907 0.00997863 0.01958931 0.236653141
139 11.149954796 0.000003815 -0.000003815 0.037579174 0.046126504 0.281403281
140 5.893135071 -17.075361252 -12.477554321 1.64782036 -0.184697877 2.917680333
141 -15.606678009 -0.000005722 0.000007629 0.019319781 -0.02816363 0.178581593
142 -15.853736877 0 -0.000015259 0.011343013 -0.131352206 0.282638837
143 -15.151853561 0.000001907 0 0.088519354 -0.029134042 0.081773986
144 -11.14994812 -0.000003815 -0.000007629 -0.306315481 -0.121043913 -0.083268971
145 4.260475159 20.773920059 -3.218490601 0.023101859 -0.035501231 -2.90636479
146 -15.606685638 0.000003815 0 0.039969935 0.23836137 -0.005994961
147 -15.853746414 0.000003815 -0.000003815 0.009539666 -0.020279655 -0.252916574
148 -15.151837349 -0.000003815 0.000003815 -0.012487778 0.019504786 0.092881095
149 -11.149954796 0.000001907 0 -0.01022957 0.299857428 -0.226108714
150 7.528266907 -8.043748856 -1.232803345 -0.628039895 -0.244480193 0.020267395
151 54.911247253 0.649684906 0.176696777 2.840305256 0.954872497 1.314179089
152 61.183197021 0.000001907 -0.000013351 0.542701548 0.211647802 0.109075119
153 -0.364088595 36.477970123 12.189170837 0.340633688 -0.000040147 0.000233438
154 -0.364086866 -2.758006096 4.994803905 0 0 0.000244115
155 -0.364086866 -2.758006096 4.994803905 0 0 0.000244115
156 -0.364086866 -2.758006096 4.994803905 0 0 0.000244115
157 -0.364086866 -2.758006096 4.994803905 0 0 0.000244115
158 -0.364086866 -2.758006096 4.994803905 0 0 0.000244115
159 -0.364086866 -2.758006096 4.994803905 0 0 0.000244115
160 -0.364086866 -2.758006096 4.994803905 0 0 0.000244115
161 -0.364086866 -2.758006096 4.994803905 0 0 0.000244115
162 -0.498048782 -4.95163393 0.510848999 0 0 0.000244115
163 -0.364086866 -2.758006096 4.994803905 0 0 0.000244115
time 5
0 -0.364086866 -2.758006096 4.994803905 0 0 0.000244115
1 -0.355916083 -89.370176873 -102.439016938 0 -1.545443228 -1.570795911
2 130.809020996 0 0.000003815 0 0.598975104 0
3 6.662010193 -0.142130047 2.521335602 2.930939178 -0.001206958 -0.011416571
4 24.360939026 -0.000000954 0.000007629 0.116352845 -0.055090759 -0.017740819
5 24.806396484 -0.000005722 0.765960693 -0.787917484 -0.952366407 -0.05413231
6 8.120292664 0.000001907 0.000003815 0.854708486 0.102502269 -0.157583836
7 8.120307922 -0.000003815 0 0 -1.035333367 0
8 8.120307922 -0.000003815 0 -0.216192487 -1.369859591 0.175150136
9 5.115211487 7.517080307 -23.079311371 1.536447245 0.128965911 -0.032315616
10 -13.525115967 0.000001907 0.000003815 -0.111054934 0.173265855 -0.229026447
11 -11.953033447 -0.000009537 0 0.107345863 0.093290533 -0.222978582
12 -8.290390015 -0.000001907 -0.000000477 0.362249834 0.053971184 -0.3201823
13 -7.875 0.000034332 0 0.459156733 -0.002547891 -0.066114015
14 -8.785774231 0.000038147 0 0.584610989 -0.159651067 0.042930299
15 -8.903717041 0 0 0.297397718 -0.058683198 0.420692396
16 5.903465271 12.714845657 -17.693195343 1.384592345 0.109094978 -0.075282544
17 -13.525131226 0 0.000003815 0.004773928 0.143541589 0.195192738
18 -11.953041077 -0.000007629 -0.000001907 0.009014749 0.054486143 -0.206845295
19 -8.290390015 0 -0.000001907 0.224101428 0.090047253 -0.243736091
20 -7.875 0.000030518 -0.000001907 0.35182336 -0.020196702 -0.297123334
21 -8.78578186 0.000038147 0 0.532732403 -0.179007688 -0.153183954
22 -8.903717041 0 0 0.20043132 -0.321344754 0.27485426
23 5.115211487 -7.603521347 -23.07932663 -1.705041255 -0.122237511 -2.95066034
24 13.525138855 -0.000003815 -0.000001907 0.15740308 0.018446312 -0.118281905
25 11.953018188 0.000015259 0.000001907 0.033741687 -0.091663682 -0.228366905
26 8.290374756 -0.000001907 0 -0.137895127 -0.074682992 -0.255148513
27 7.875 -0.000030518 0.000003815 -0.310712778 0.199147686 -0.070537197
28 8.78578186 -0.000040054 0.000000954 -0.204328874 0.326449075 -0.060143629
29 8.90372467 0 0.000001907 -0.195190874 0.49299356 0.179491672
30 5.903434753 -12.801290512 -17.693202972 -1.783429822 -0.009447179 -2.861370501
31 13.525123596 0 0.000003815 0.153012198 -0.043955358 -0.1547018
32 11.953048706 0.000007629 0.000003815 -0.00896193 -0.052339836 -0.278706766
33 8.290382385 -0.000001907 0.000003815 -0.203636717 0.065668869 -0.159650737
34 7.875 -0.000032425 0 -0.354107674 0.290793114 -0.190702821
35 8.78578949 -0.000037193 0.000002861 -0.207626456 0.472871523 -0.109638104
36 8.90372467 -0.000001907 0 -0.207677104 0.503319238 0.156684545
37 4.435432434 0.000127792 -25.179958344 3.085321843 -0.118779005 -3.077078571
38 14.171012878 0.000022888 1.280687332 -0.133546403 0.323473059 -0.10677796
39 10.9765625 0.000017881 0.352539063 0.00562804 0.230223303 0.032889109
40 8.120285034 -0.000003815 -0.000013351 -0.171552618 0.213020734 -0.012025982
41 8.120292664 -0.000001907 -0.000038147 -0.348572149 0.095965693 0.076130967
42 8.120330811 0 -0.000015259 -0.435129924 0.262896084 0.119884438
43 8.120330811 0.000003815 0.00005722 -0.487239608 -0.180846291 0.250515351
44 7.146965027 16.179800034 -9.195625305 1.32454315 0.415706157 -0.136658342
45 -13.525131226 0.000003815 -0.000003815 -0.094505141 -0.225443464 0.153273519
46 -11.953033447 -0.000009537 -0.000015259 0.0644202 0.076244593 -0.1531764
47 -8.290382385 0.000001907 0 0.341436779 0.111370688 -0.293732488
48 -7.875 0.000030518 -0.000003815 0.013021742 -0.25108312 -0.349493468
49 -8.78578186 0.000040054 -0.000007629 0.387771676 -0.246220022 -0.281531515
50 -8.90372467 0.000003815 -0.000007629 0.084308032 -0.320867254 0.064695294
51 7.146980286 -16.26625824 -9.19562149 -1.774877721 -0.081228309 -2.628844757
52 13.525123596 -0.000013351 0.000007629 0.106255809 -0.105031998 -0.077102402
53 11.953041077 0 0.000007629 -0.080721108 0.134555587 -0.397659596
54 8.290382385 -0.000001907 0 -0.163578013 0.160653209 -0.140656219
55 7.875 -0.000032425 -0.000007629 -0.364013566 0.363051203 -0.161388852
56 8.78578949 -0.000042915 -0.000003815 -0.381016211 0.54794843 -0.283761013
57 8.9037323 0 -0.000000954 -0.387452125 0.471462905 0.067478858
58 -5.36730957 8.366910934 8.703113556 1.746115005 -1.059838411 2.745638229
59 13.525123596 0.000007629 0 -0.296468905 -0.078299246 -0.169078084
60 -3.441879272 -10.792393684 9.377006531 0.74884872 -1.119637703 -2.607091249
61 13.525131226 0.000007629 0 -0.278067929 0.251483057 -0.314372659
62 11.953033447 0.000011444 0 0.303773156 0.016913607 -0.227232216
63 8.290390015 0 -0.000000954 0.251898161 0.024918729 0.21779206
64 7.875 -0.000026703 0.000002384 0.194039075 -0.008029616 0.151916573
65 19.39491272 -14.052383423 -0.467079163 2.157423033 -0.672112794 -2.985406256
66 26.240753174 0.000015259 0 -0.421037826 -0.776927522 1.694163001
67 31.970993042 -0.000011444 0 -1.190071735 0.226265142 -0.010826487
68 4.627262115 -2.311309814 4.185630798 -0.021512477 -0.254658869 -0.451859094
69 2.980103493 0 0 -0.040823197 0.14004721 0.242069561
70 1.982421875 0.000022888 0.000011444 0.001822187 0.301463179 0.041313792
71 10.844867706 -1.281570435 -1.331687927 0.003154845 -0.01855101 -1.502721343
72 3.98828125 -0.000007629 0.000034332 0.024656551 0.116612118 -1.30426207
73 2.26953125 -0.000015259 -0.000015259 0.010246566 0.020303916 -1.235445909
74 10.908863068 -1.237411499 0.829593658 -0.016594591 -0.011486143 -0.17258881
75 3.989437103 -0.000015259 0.000041962 -0.061449675 -0.000404052 0.082420789
76 3.478275299 -0.000022888 -0.000019073 0.042783411 -0.195783595 -0.020511698
77 10.29189682 -1.202171326 -3.344135284 0.018038834 -0.023865117 -1.537453755
78 2.757148743 -0.000015259 0.000038147 -0.586324783 -0.095568717 -1.291589908
79 1.775390625 -0.000003815 -0.000007629 0.198076059 0.357239486 -1.30316968
80 10.971866608 -1.193939209 2.957336426 -0.016883051 0.008472799 -0.263506164
81 3.82421875 -0.000007629 0.000034332 -0.000551419 0.002172011 0.048773227
82 2.94140625 -0.000007629 -0.000015259 0.003944604 0.006956757 -0.10845414
83 -0.000013351 0.000003815 -0.000007629 -0.281161032 -0.158281714 -1.026998567
84 19.39490509 13.160596848 -0.467071533 -2.028477806 0.652875967 -0.229954942
85 -26.240749359 0 0.000001907 1.65876578 -1.097013406 -1.110236587
86 -31.970993042 -0.000007629 0 -0.298261881 -0.300866056 -0.140248728
87 -11.614597321 3.933097839 0.069385529 -0.998920587 1.102838729 -2.158970731
88 -10.484518051 1.069206238 3.539878845 -3.131584703 0.028220486 2.411526648
89 2.757148743 0 0.000026703 -0.011712134 0.035128624 1.019560794
90 1.775390625 0.000003815 -0.000015259 -0.136939157 -0.340718208 0.652430538
91 -11.046471596 1.142410278 1.529697418 -3.130487012 0.018259081 2.114134707
92 3.98828125 0.000011444 0.000038147 0.004872241 -0.009924216 1.610032301
93 2.26953125 0.000015259 0 -0.076539319 -0.095407065 1.438172442
94 -11.19263649 1.041519165 -2.75843811 -3.118487803 -0.009600027 2.776117329
95 3.82421875 0.000045776 0.000053406 0.00053161 0.002187187 1.610324685
96 8.78578186 -0.000032425 0 0.141117765 0.145882101 -0.439228612
97 2.94140625 0 0 -0.004550553 0.006091757 1.767588569
98 -11.120113373 1.091537476 -0.631118774 -3.125031937 0.015476642 2.613435447
99 3.989421844 0 0.000049591 0.021444626 0.041947477 1.751021405
100 3.478294373 0.000022888 -0.000015259 -0.001306817 0.004312204 1.848998194
101 -4.853601456 2.155090332 -4.018516541 3.123057975 0.125574955 2.46129872
102 2.98008728 0 0.000007629 0.038574713 -0.163808097 -0.240289671
103 1.982421875 -0.000015259 0.000034332 0 0 -0.040571652
104 0.000006676 -0.000015259 -0.000011444 -0.01786834 -0.032037725 -0.918099438
105 7.08984375 0 -0.000007629 3.141592654 -0.174494806 3.141592654
106 7.528266907 8.168074608 -1.232795715 2.948438251 0.47705936 -3.128730861
107 -54.911235809 -0.649675369 -0.176704407 0.961336085 1.257705878 -0.491149231
108 -61.183193207 0.000004292 0.000001907 0.174037262 0.013709953 -0.309466751
109 8.588691711 -0.00000003 1.51442337 0 0 0
110 4.260505676 -21.349504471 -3.218471527 -0.229646484 -0.146054022 -0.303432411
111 15.606666565 0.000003815 -0.000015259 0.040670457 -0.075281899 -0.022439966
112 15.853744507 -0.000003815 -0.000007629 0.051071669 0.008928644 -0.099023953
113 15.1518507 -0.000003815 0 0.022309166 0.073186848 0.0265587
114 11.149958611 0.000011444 -0.000007629 -0.040082832 0.120800773 -0.029237533
115 1.725082397 -0.142127991 11.160655975 -2.019105011 -0.695607809 0.137591666
116 15.606674194 0.000007629 0.000001907 0.161411084 -0.014839818 0.126449609
117 15.853736877 -0.000007629 0 -0.004173554 0.001833349 0.172325379
118 15.151854515 0.000007629 0.000002861 -0.004011607 0.002763547 0.168165443
119 11.149956703 0.000022888 0 -0.004405233 0.001667874 0.242797748
120 6.678688049 -0.142133027 -16.932605743 1.571101227 -0.188266202 3.141563867
121 -15.606704712 0.000001907 0 0 0 0.10985013
122 -15.853752136 0.000003815 0.00000599 0 0 0.23306445
123 -15.151855469 0.000001907 0 0 0 -0.100082865
124 -11.149956703 -0.000003815 0.00000599 0 0 -0.072090084
125 2.507644653 15.939216614 6.722553253 -1.74285746 0.317231784 -2.845437967
126 -15.606689453 -0.000003815 -0.000003815 0.385729084 0.05027162 0.01597783
127 -15.853748322 0 0.000012398 0.121266795 0.045462385 -0.016615442
128 -15.151854515 -0.000007629 0.000014305 0.067242309 0.090744789 -0.154889261
129 -11.149961472 0 -0.000003099 0.01299221 0.10724761 -0.197494444
130 2.507606506 -17.075353622 6.722553253 -1.394725005 -0.44812799 -0.316868681
131 15.606678009 0.000007629 0.000001907 -0.061626262 -0.030364377 0.037730696
132 15.853740692 -0.000007629 0.000007629 0.072998553 -0.127000847 0.175012769
133 15.151853561 0.000007629 -0.000003815 0.047444376 -0.099750134 0.059451807
134 11.14996624 0.000007629 -0.000012398 0.05088976 -0.113244038 0.07765244
135 5.893127441 15.939212799 -12.477539063 3.07203974 0.145599218 0.373185399
136 15.606666565 0 0.00002861 -0.037194751 0.05796792 -0.055237796
137 15.853748322 0 -0.000015259 0.00002429 -0.024259428 0.033580969
138 15.151852608 0.000003815 -0.000001907 0.009269153 0.015565886 0.219333018
139 11.149954796 0.000003815 -0.000003815 0.037442562 0.047187472 0.270438579
140 5.893135071 -17.075361252 -12.477554321 1.639365901 -0.15133491 2.918353228
141 -15.606678009 -0.000005722 0.000007629 0.010922485 -0.028484755 0.144394959
142 -15.853736877 0 -0.000015259 0.001851793 -0.130732395 0.250087829
143 -15.151853561 0.000001907 0 0.07641555 -0.027163593 0.046047247
144 -11.14994812 -0.000003815 -0.000007629 -0.320993914 -0.123274274 -0.117224084
145 4.260475159 20.773920059 -3.218490601 0.023101859 -0.035501231 -2.90636479
146 -15.606685638 0.000003815 0 0.037655263 0.227132367 -0.00578412
147 -15.853746414 0.000003815 -0.000003815 0.009125132 -0.020112565 -0.240472636
148 -15.151837349 -0.000003815 0.000003815 -0.011829247 0.017133972 0.091776956
149 -11.149954796 0.000001907 0 -0.01022957 0.299857428 -0.226108714
150 7.528266907 -8.043748856 -1.232803345 -0.628039895 -0.244480193 0.020267395
151 54.911247253 0.649684906 0.176696777 2.68426237 0.885308208 1.074005616
152 61.183197021 0.000001907 -0.000013351 0.542701548 0.211647802 0.109075119
153 -0.364088595 36.477970123 12.189170837 0.340633688 -0.000040147 0.000233438
154 -0.364086866 -2.758006096 4.994803905 0 0 0.000244115
155 -0.364086866 -2.758006096 4.994803905 0 0 0.000244115
156 -0.364086866 -2.758006096 4.994803905 0 0 0.000244115
157 -0.364086866 -2.758006096 4.994803905 0 0 0.000244115
158 -0.364086866 -2.758006096 4.994803905 0 0 0.000244115
159 -0.364086866 -2.758006096 4.994803905 0 0 0.000244115
160 -0.364086866 -2.758006096 4.994803905 0 0 0.000244115
161 -0.364086866 -2.758006096 4.994803905 0 0 0.000244115
162 -0.498048782 -4.95163393 0.510848999 0 0 0.000244115
163 -0.364086866 -2.758006096 4.994803905 0 0 0.000244115
time 6
0 -0.364086866 -2.758006096 4.994803905 0 0 0.000244115
1 -0.355915695 -98.28205029 -110.986952971 0 -1.545443228 -1.570795911
2 130.809020996 0 0.000003815 0 0.776254751 0
3 6.662010193 -0.142130047 2.521335602 2.930891205 0.0546207 -0.011334261
4 24.360939026 -0.000000954 0.000007629 0.116936826 -0.166612279 -0.042573611
5 24.806396484 -0.000005722 0.765960693 -0.784140121 -0.91223227 -0.051154535
6 8.120292664 0.000001907 0.000003815 0.845400651 0.080365993 -0.162765433
7 8.120307922 -0.000003815 0 0 -1.094546056 0
8 8.120307922 -0.000003815 0 -0.216192487 -1.369859591 0.175150136
9 5.115211487 7.517080307 -23.079311371 1.533986738 0.102465925 -0.031290234
10 -13.525115967 0.000001907 0.000003815 -0.113476945 0.172808125 -0.23874036
11 -11.953033447 -0.000009537 0 0.107171778 0.093918682 -0.238379153
12 -8.290390015 -0.000001907 -0.000000477 0.363164587 0.053647098 -0.337521391
13 -7.875 0.000034332 0 0.460906193 -0.008758537 -0.082137652
14 -8.785774231 0.000038147 0 0.585982584 -0.17181639 0.030938406
15 -8.903717041 0 0 0.290749773 -0.073895486 0.418287236
16 5.903465271 12.714845657 -17.693195343 1.383648139 0.082564657 -0.074212783
17 -13.525131226 0 0.000003815 -0.002639136 0.149459573 0.170877231
18 -11.953041077 -0.000007629 -0.000001907 0.005714583 0.059213227 -0.240564714
19 -8.290390015 0 -0.000001907 0.221995756 0.093198031 -0.27883292
20 -7.875 0.000030518 -0.000001907 0.352826681 -0.022617141 -0.333364999
21 -8.78578186 0.000038147 0 0.534729696 -0.19190367 -0.186826424
22 -8.903717041 0 0 0.189460288 -0.348675916 0.25734498
23 5.115211487 -7.603521347 -23.07932663 -1.69447211 -0.094848194 -2.948720396
24 13.525138855 -0.000003815 -0.000001907 0.156560415 0.019618836 -0.134853146
25 11.953018188 0.000015259 0.000001907 0.033285786 -0.092189196 -0.248373607
26 8.290374756 -0.000001907 0 -0.139297397 -0.075277857 -0.277005049
27 7.875 -0.000030518 0.000003815 -0.313174331 0.199817865 -0.093304299
28 8.78578186 -0.000040054 0.000000954 -0.204288754 0.333047619 -0.081171372
29 8.90372467 0 0.000001907 -0.185579183 0.502581079 0.166395742
30 5.903434753 -12.801290512 -17.693202972 -1.770386956 0.014974024 -2.858424816
31 13.525123596 0 0.000003815 0.149391816 -0.040114758 -0.183671184
32 11.953048706 0.000007629 0.000003815 -0.015095646 -0.052243901 -0.309453673
33 8.290382385 -0.000001907 0.000003815 -0.210323837 0.065401686 -0.19292914
34 7.875 -0.000032425 0 -0.359698808 0.295200189 -0.226272089
35 8.78578949 -0.000037193 0.000002861 -0.206908429 0.488515791 -0.139745319
36 8.90372467 -0.000001907 0 -0.187473933 0.521371186 0.143731557
37 4.435432434 0.000127792 -25.179958344 3.090986743 -0.092621703 -3.075791473
38 14.171012878 0.000022888 1.280687332 -0.13364209 0.332116922 -0.106131768
39 10.9765625 0.000017881 0.352539063 0.005518348 0.24256835 0.035282742
40 8.120285034 -0.000003815 -0.000013351 -0.172192854 0.226912906 -0.009641283
41 8.120292664 -0.000001907 -0.000038147 -0.348931984 0.109270968 0.080738008
42 8.120330811 0 -0.000015259 -0.434846139 0.273933027 0.12885043
43 8.120330811 0.000003815 0.00005722 -0.487494606 -0.174589942 0.262659836
44 7.146965027 16.179800034 -9.195625305 1.311036492 0.454782046 -0.141031155
45 -13.525131226 0.000003815 -0.000003815 -0.105238856 -0.217533389 0.11275392
46 -11.953033447 -0.000009537 -0.000015259 0.042655506 0.081509943 -0.178752549
47 -8.290382385 0.000001907 0 0.323775979 0.110709767 -0.332836541
48 -7.875 0.000030518 -0.000003815 0.004431027 -0.267471839 -0.385575942
49 -8.78578186 0.000040054 -0.000007629 0.378037789 -0.266024795 -0.315197864
50 -8.90372467 0.000003815 -0.000007629 0.061115148 -0.353186323 0.049802154
51 7.146980286 -16.26625824 -9.19562149 -1.770747877 -0.118362635 -2.634300701
52 13.525123596 -0.000013351 0.000007629 0.107409006 -0.091935007 -0.110217685
53 11.953041077 0 0.000007629 -0.089733583 0.149451835 -0.431878448
54 8.290382385 -0.000001907 0 -0.173575891 0.180113289 -0.175165697
55 7.875 -0.000032425 -0.000007629 -0.377221983 0.386295478 -0.1971144
56 8.78578949 -0.000042915 -0.000003815 -0.398013939 0.577210464 -0.317247336
57 8.9037323 0 -0.000000954 -0.390743546 0.507200152 0.047342508
58 -5.36730957 8.366910934 8.703113556 1.717289477 -1.063071113 2.791375463
59 13.525123596 0.000007629 0 -0.296468905 -0.078299246 -0.169078084
60 -3.441879272 -10.792393684 9.377006531 0.667258386 -1.166161525 -2.514735628
61 13.525131226 0.000007629 0 -0.263855684 0.249030097 -0.251949348
62 11.953033447 0.000011444 0 0.32392467 -0.004990405 -0.175347899
63 8.290390015 0 -0.000000954 0.280328386 0.005655825 0.269396952
64 7.875 -0.000026703 0.000002384 0.221672087 -0.032984809 0.206223307
65 19.39491272 -14.052383423 -0.467079163 2.174522091 -0.683609212 -3.032742677
66 26.240753174 0.000015259 0 -0.412106797 -0.801139815 1.669974239
67 31.970993042 -0.000011444 0 -1.19202759 0.202484155 -0.00215715
68 4.627262115 -2.311309814 4.185630798 -0.021512477 -0.254658869 -0.451859094
69 2.980103493 0 0 -0.040823197 0.14004721 0.242069561
70 1.982421875 0.000022888 0.000011444 0.001822187 0.301463179 0.041313792
71 10.844867706 -1.281570435 -1.331687927 0.003154845 -0.01855101 -1.502721343
72 3.98828125 -0.000007629 0.000034332 0.024656551 0.116612118 -1.30426207
73 2.26953125 -0.000015259 -0.000015259 0.010246566 0.020303916 -1.235445909
74 10.908863068 -1.237411499 0.829593658 -0.016826124 -0.011489561 -0.160980168
75 3.989437103 -0.000015259 0.000041962 -0.062025283 -0.001235913 0.093857843
76 3.478275299 -0.000022888 -0.000019073 0.043138747 -0.197147738 -0.00903852
77 10.29189682 -1.202171326 -3.344135284 0.018038834 -0.023865117 -1.537453755
78 2.757148743 -0.000015259 0.000038147 -0.591398069 -0.095517425 -1.291616154
79 1.775390625 -0.000003815 -0.000007629 0.198076059 0.357239486 -1.30316968
80 10.971866608 -1.193939209 2.957336426 -0.016929469 0.008646634 -0.251757409
81 3.82421875 -0.000007629 0.000034332 -0.000538562 0.002175235 0.060603081
82 2.94140625 -0.000007629 -0.000015259 0.003895034 0.007015499 -0.096699561
83 -0.000013351 0.000003815 -0.000007629 -0.281161032 -0.158281714 -1.026998567
84 19.39490509 13.160596848 -0.467071533 -2.043255183 0.746371637 -0.23292279
85 -26.240749359 0 0.000001907 1.563010784 -1.036526305 -0.99974611
86 -31.970993042 -0.000007629 0 -0.276924956 -0.278685504 -0.136499234
87 -11.614597321 3.933097839 0.069385529 -1.041429472 1.109697443 -2.208069414
88 -10.484518051 1.069206238 3.539878845 -3.131584703 0.028220486 2.411526648
89 2.757148743 0 0.000026703 -0.011712134 0.035128624 1.019560794
90 1.775390625 0.000003815 -0.000015259 -0.135923909 -0.341365402 0.648900035
91 -11.046471596 1.142410278 1.529697418 -3.130487012 0.018259081 2.114134707
92 3.98828125 0.000011444 0.000038147 0.004872241 -0.009924216 1.610032301
93 2.26953125 0.000015259 0 -0.076539319 -0.095407065 1.438172442
94 -11.19263649 1.041519165 -2.75843811 -3.118495114 -0.009739657 2.780854958
95 3.82421875 0.000045776 0.000053406 0.00053161 0.002187187 1.610324685
96 8.78578186 -0.000032425 0 0.174345705 0.127921111 -0.375218226
97 2.94140625 0 0 -0.004550553 0.006091757 1.767588569
98 -11.120113373 1.091537476 -0.631118774 -3.124922299 0.015470881 2.616833343
99 3.989421844 0 0.000049591 0.021444626 0.041947477 1.751021405
100 3.478294373 0.000022888 -0.000015259 -0.001306817 0.004312204 1.848998194
101 -4.853601456 2.155090332 -4.018516541 3.123057975 0.125574955 2.46129872
102 2.98008728 0 0.000007629 0.038574713 -0.163808097 -0.240289671
103 1.982421875 -0.000015259 0.000034332 0 0 -0.040571652
104 0.000006676 -0.000015259 -0.000011444 -0.01786834 -0.032037725 -0.918099438
105 7.08984375 0 -0.000007629 3.141592654 -0.174494806 3.141592654
106 7.528266907 8.168074608 -1.232795715 2.948438251 0.47705936 -3.128730861
107 -54.911235809 -0.649675369 -0.176704407 1.092115818 1.157299393 -0.382779229
108 -61.183193207 0.000004292 0.000001907 0.174037262 0.013709953 -0.309466751
109 8.588691711 -0.00000003 1.51442337 0 0 0
110 4.260505676 -21.349504471 -3.218471527 -0.229646484 -0.146054022 -0.303432411
111 15.606666565 0.000003815 -0.000015259 0.037822375 -0.071703973 -0.021312634
112 15.853744507 -0.000003815 -0.000007629 0.04734789 0.00895408 -0.100591542
113 15.1518507 -0.000003815 0 0.020735574 0.06912454 0.020151203
114 11.149958611 0.000011444 -0.000007629 -0.040082832 0.120800773 -0.029237533
115 1.725082397 -0.142127991 11.160655975 -2.019105011 -0.695607809 0.137591666
116 15.606674194 0.000007629 0.000001907 0.149977565 -0.014636232 0.124238052
117 15.853736877 -0.000007629 0 -0.003990152 0.002128518 0.155263269
118 15.151854515 0.000007629 0.000002861 -0.003745604 0.003138416 0.150240674
119 11.149956703 0.000022888 0 -0.004405233 0.001667874 0.242797748
120 6.678688049 -0.142133027 -16.932605743 1.571080885 -0.142699171 3.141572316
121 -15.606704712 0.000001907 0 0 0 0.064230705
122 -15.853752136 0.000003815 0.00000599 0 0 0.191050426
123 -15.151855469 0.000001907 0 0 0 -0.145658753
124 -11.149956703 -0.000003815 0.00000599 0 0 -0.117631207
125 2.507644653 15.939216614 6.722553253 -1.724954322 0.340761178 -2.836277618
126 -15.606689453 -0.000003815 -0.000003815 0.359163378 0.052216369 0.01395689
127 -15.853748322 0 0.000012398 0.113874302 0.037970452 -0.01236296
128 -15.151854515 -0.000007629 0.000014305 0.06227339 0.081250059 -0.147304558
129 -11.149961472 0 -0.000003099 0.01299221 0.10724761 -0.197494444
130 2.507606506 -17.075353622 6.722553253 -1.394725005 -0.44812799 -0.316868681
131 15.606678009 0.000007629 0.000001907 -0.056483332 -0.028581842 0.036907903
132 15.853740692 -0.000007629 0.000007629 0.069347781 -0.119497542 0.164943983
133 15.151853561 0.000007629 -0.000003815 0.043695271 -0.092530212 0.05139663
134 11.14996624 0.000007629 -0.000012398 0.05088976 -0.113244038 0.07765244
135 5.893127441 15.939212799 -12.477539063 3.07125829 0.145354984 0.368731175
136 15.606666565 0 0.00002861 -0.033701452 0.059797009 -0.049464977
137 15.853748322 0 -0.000015259 0.001099886 -0.027126503 0.033480628
138 15.151852608 0.000003815 -0.000001907 0.008383823 0.010958767 0.199513915
139 11.149954796 0.000003815 -0.000003815 0.037266894 0.048364594 0.257828714
140 5.893135071 -17.075361252 -12.477554321 1.630707931 -0.116454842 2.919238411
141 -15.606678009 -0.000005722 0.000007629 0.002412586 -0.028659581 0.109048826
142 -15.853736877 0 -0.000015259 -0.007581195 -0.129853497 0.216121469
143 -15.151853561 0.000001907 0 0.063589606 -0.025112601 0.010256299
144 -11.14994812 -0.000003815 -0.000007629 -0.335744749 -0.125457879 -0.151285921
145 4.260475159 20.773920059 -3.218490601 0.023101859 -0.035501231 -2.90636479
146 -15.606685638 0.000003815 0 0.034904365 0.214260846 -0.005623339
147 -15.853746414 0.000003815 -0.000003815 0.008684341 -0.019863619 -0.226126076
148 -15.151837349 -0.000003815 0.000003815 -0.011102673 0.014327907 0.09050141
149 -11.149954796 0.000001907 0 -0.01022957 0.299857428 -0.226108714
150 7.528266907 -8.043748856 -1.232803345 -0.628039895 -0.244480193 0.020267395
151 54.911247253 0.649684906 0.176696777 2.51994187 0.812205726 0.829560339
152 61.183197021 0.000001907 -0.000013351 0.542701548 0.211647802 0.109075119
153 -0.364088595 36.477970123 12.189170837 0.340633688 -0.000040147 0.000233438
154 -0.364086866 -2.758006096 4.994803905 0 0 0.000244115
155 -0.364086866 -2.758006096 4.994803905 0 0 0.000244115
156 -0.364086866 -2.758006096 4.994803905 0 0 0.000244115
157 -0.364086866 -2.758006096 4.994803905 0 0 0.000244115
158 -0.364086866 -2.758006096 4.994803905 0 0 0.000244115
159 -0.364086866 -2.758006096 4.994803905 0 0 0.000244115
160 -0.364086866 -2.758006096 4.994803905 0 0 0.000244115
161 -0.364086866 -2.758006096 4.994803905 0 0 0.000244115
162 -0.498048782 -4.95163393 0.510848999 0 0 0.000244115
163 -0.364086866 -2.758006096 4.994803905 0 0 0.000244115
time 7
0 -0.364086866 -2.758006096 4.994803905 0 0 0.000244115
1 -0.355915338 -106.379729983 -118.682868728 0 -1.545443228 -1.570795911
2 130.809020996 0 0.000003815 0 0.939168447 0
3 6.662010193 -0.142130047 2.521335602 2.93089913 0.106043441 -0.011397083
4 24.360939026 -0.000000954 0.000007629 0.117513454 -0.26916043 -0.065493469
5 24.806396484 -0.000005722 0.765960693 -0.780053883 -0.868000615 -0.047787665
6 8.120292664 0.000001907 0.000003815 0.835180722 0.05613766 -0.168467201
7 8.120307922 -0.000003815 0 0 -1.159796161 0
8 8.120307922 -0.000003815 0 -0.216192487 -1.369859591 0.175150136
9 5.115211487 7.517080307 -23.079311371 1.531308292 0.07281265 -0.02990618
10 -13.525115967 0.000001907 0.000003815 -0.115445093 0.172115621 -0.25233467
11 -11.953033447 -0.000009537 0 0.106899648 0.094440139 -0.252145795
12 -8.290390015 -0.000001907 -0.000000477 0.363831574 0.053365729 -0.353363146
13 -7.875 0.000034332 0 0.462209007 -0.014487346 -0.096819297
14 -8.785774231 0.000038147 0 0.586994328 -0.182878773 0.019825766
15 -8.903717041 0 0 0.284682822 -0.08783499 0.416087141
16 5.903465271 12.714845657 -17.693195343 1.382451706 0.052933497 -0.072904055
17 -13.525131226 0 0.000003815 -0.009471685 0.154748107 0.1395484
18 -11.953041077 -0.000007629 -0.000001907 0.002687732 0.063361523 -0.271051871
19 -8.290390015 0 -0.000001907 0.219551914 0.096582704 -0.310752804
20 -7.875 0.000030518 -0.000001907 0.353561515 -0.024640818 -0.366608341
21 -8.78578186 0.000038147 0 0.536232365 -0.203379381 -0.21767951
22 -8.903717041 0 0 0.17944485 -0.373589488 0.241303418
23 5.115211487 -7.603521347 -23.07932663 -1.682678974 -0.064238709 -2.946508514
24 13.525138855 -0.000003815 -0.000001907 0.155478812 0.021383673 -0.15382097
25 11.953018188 0.000015259 0.000001907 0.032993704 -0.092646786 -0.266319163
26 8.290374756 -0.000001907 0 -0.140346986 -0.07625824 -0.297218198
27 7.875 -0.000030518 0.000003815 -0.315040579 0.200425556 -0.114169564
28 8.78578186 -0.000040054 0.000000954 -0.204350894 0.339050265 -0.100593806
29 8.90372467 0 0.000001907 -0.176641263 0.511359757 0.154535833
30 5.903434753 -12.801290512 -17.693202972 -1.756018571 0.042326781 -2.855176885
31 13.525123596 0 0.000003815 0.144580523 -0.034816646 -0.213154807
32 11.953048706 0.000007629 0.000003815 -0.020644216 -0.052116646 -0.337228319
33 8.290382385 -0.000001907 0.000003815 -0.216151904 0.064971189 -0.223428961
34 7.875 -0.000032425 0 -0.364465187 0.299219141 -0.258898504
35 8.78578949 -0.000037193 0.000002861 -0.205988769 0.502879079 -0.167343018
36 8.90372467 -0.000001907 0 -0.168963442 0.537868282 0.131881047
37 4.435432434 0.000127792 -25.179958344 3.097283575 -0.063393696 -3.074180205
38 14.171012878 0.000022888 1.280687332 -0.133772611 0.341831212 -0.105311
39 10.9765625 0.000017881 0.352539063 0.005478822 0.253617068 0.037508253
40 8.120285034 -0.000003815 -0.000013351 -0.172636361 0.23967005 -0.007400309
41 8.120292664 -0.000001907 -0.000038147 -0.349123341 0.121549875 0.085009213
42 8.120330811 0 -0.000015259 -0.434425188 0.284015421 0.137166031
43 8.120330811 0.000003815 0.00005722 -0.48764989 -0.168879439 0.273681638
44 7.146965027 16.179800034 -9.195625305 1.29872491 0.489736062 -0.144934835
45 -13.525131226 0.000003815 -0.000003815 -0.115118632 -0.210196641 0.07554524
46 -11.953033447 -0.000009537 -0.000015259 0.022711443 0.085929051 -0.210584458
47 -8.290382385 0.000001907 0 0.306219133 0.109906668 -0.367977551
48 -7.875 0.000030518 -0.000003815 -0.003376534 -0.281982208 -0.418345948
49 -8.78578186 0.000040054 -0.000007629 0.367099548 -0.283473591 -0.346115806
50 -8.90372467 0.000003815 -0.000007629 0.039884606 -0.382797502 0.036067722
51 7.146980286 -16.26625824 -9.19562149 -1.76562666 -0.151942332 -2.640379459
52 13.525123596 -0.000013351 0.000007629 0.1082232 -0.076329998 -0.143003667
53 11.953041077 0 0.000007629 -0.097813254 0.162933605 -0.462777865
54 8.290382385 -0.000001907 0 -0.182448478 0.197990382 -0.206672794
55 7.875 -0.000032425 -0.000007629 -0.388951676 0.407701405 -0.229990369
56 8.78578949 -0.000042915 -0.000003815 -0.413107988 0.604045443 -0.347886103
57 8.9037323 0 -0.000000954 -0.393734499 0.539982142 0.028888239
58 -5.36730957 8.366910934 8.703113556 1.685494533 -1.066224967 2.841844041
59 13.525123596 0.000007629 0 -0.296468905 -0.078299246 -0.169078084
60 -3.441879272 -10.792393684 9.377006531 0.593464507 -1.209006022 -2.429999469
61 13.525131226 0.000007629 0 -0.250900556 0.245776088 -0.194537532
62 11.953033447 0.000011444 0 0.342340328 -0.024992759 -0.12844675
63 8.290390015 0 -0.000000954 0.306373656 -0.0119668 0.316012688
64 7.875 -0.000026703 0.000002384 0.247079488 -0.056069654 0.255963718
65 19.39491272 -14.052383423 -0.467079163 2.192312245 -0.698201201 -3.084409342
66 26.240753174 0.000015259 0 -0.401577427 -0.826693352 1.642160735
67 31.970993042 -0.000011444 0 -1.194066573 0.177171083 0.006976361
68 4.627262115 -2.311309814 4.185630798 -0.021512477 -0.254658869 -0.451859094
69 2.980103493 0 0 -0.040823197 0.14004721 0.242069561
70 1.982421875 0.000022888 0.000011444 0.001822187 0.301463179 0.041313792
71 10.844867706 -1.281570435 -1.331687927 0.003154845 -0.01855101 -1.502721343
72 3.98828125 -0.000007629 0.000034332 0.024656551 0.116612118 -1.30426207
73 2.26953125 -0.000015259 -0.000015259 0.010246566 0.020303916 -1.235445909
74 10.908863068 -1.237411499 0.829593658 -0.016974622 -0.011404085 -0.150070608
75 3.989437103 -0.000015259 0.000041962 -0.062521117 -0.001995669 0.104777325
76 3.478275299 -0.000022888 -0.000019073 0.043374154 -0.19850722 0.001753575
77 10.29189682 -1.202171326 -3.344135284 0.018038834 -0.023865117 -1.537453755
78 2.757148743 -0.000015259 0.000038147 -0.596172045 -0.095549237 -1.291574342
79 1.775390625 -0.000003815 -0.000007629 0.198076059 0.357239486 -1.30316968
80 10.971866608 -1.193939209 2.957336426 -0.016976762 0.008816803 -0.240538982
81 3.82421875 -0.000007629 0.000034332 -0.000526437 0.002178201 0.07174407
82 2.94140625 -0.000007629 -0.000015259 0.003934073 0.006993681 -0.085552925
83 -0.000013351 0.000003815 -0.000007629 -0.281161032 -0.158281714 -1.026998567
84 19.39490509 13.160596848 -0.467071533 -2.064149142 0.832279224 -0.236977928
85 -26.240749359 0 0.000001907 1.457598951 -0.969973868 -0.878161894
86 -31.970993042 -0.000007629 0 -0.256509802 -0.254282776 -0.132412061
87 -11.614597321 3.933097839 0.069385529 -1.08849152 1.117320215 -2.259668402
88 -10.484518051 1.069206238 3.539878845 -3.131584703 0.028220486 2.411526648
89 2.757148743 0 0.000026703 -0.011712134 0.035128624 1.019560794
90 1.775390625 0.000003815 -0.000015259 -0.134854106 -0.342025402 0.645546272
91 -11.046471596 1.142410278 1.529697418 -3.130487012 0.018259081 2.114134707
92 3.98828125 0.000011444 0.000038147 0.004872241 -0.009924216 1.610032301
93 2.26953125 0.000015259 0 -0.076539319 -0.095407065 1.438172442
94 -11.19263649 1.041519165 -2.75843811 -3.118517385 -0.009792311 2.785416323
95 3.82421875 0.000045776 0.000053406 0.00053161 0.002187187 1.610324685
96 8.78578186 -0.000032425 0 0.204844909 0.111435579 -0.31632822
97 2.94140625 0 0 -0.004550553 0.006091757 1.767588569
98 -11.120113373 1.091537476 -0.631118774 -3.124875189 0.015360647 2.620050052
99 3.989421844 0 0.000049591 0.021444626 0.041947477 1.751021405
100 3.478294373 0.000022888 -0.000015259 -0.001306817 0.004312204 1.848998194
101 -4.853601456 2.155090332 -4.018516541 3.123057975 0.125574955 2.46129872
102 2.98008728 0 0.000007629 0.038574713 -0.163808097 -0.240289671
103 1.982421875 -0.000015259 0.000034332 0 0 -0.040571652
104 0.000006676 -0.000015259 -0.000011444 -0.01786834 -0.032037725 -0.918099438
105 7.08984375 0 -0.000007629 3.141592654 -0.174494806 3.141592654
106 7.528266907 8.168074608 -1.232795715 2.948438251 0.47705936 -3.128730861
107 -54.911235809 -0.649675369 -0.176704407 1.218150289 1.065109389 -0.275245851
108 -61.183193207 0.000004292 0.000001907 0.174037262 0.013709953 -0.309466751
109 8.588691711 -0.00000003 1.51442337 0 0 0
110 4.260505676 -21.349504471 -3.218471527 -0.229646484 -0.146054022 -0.303432411
111 15.606666565 0.000003815 -0.000015259 0.034628482 -0.067694994 -0.020176351
112 15.853744507 -0.000003815 -0.000007629 0.043187957 0.0090416 -0.102332544
113 15.1518507 -0.000003815 0 0.01890388 0.064629805 0.013047846
114 11.149958611 0.000011444 -0.000007629 -0.040082832 0.120800773 -0.029237533
115 1.725082397 -0.142127991 11.160655975 -2.019105011 -0.695607809 0.137591666
116 15.606674194 0.000007629 0.000001907 0.137337475 -0.014441149 0.12159994
117 15.853736877 -0.000007629 0 -0.003722188 0.002503876 0.136482048
118 15.151854515 0.000007629 0.000002861 -0.003484054 0.003601379 0.130597853
119 11.149956703 0.000022888 0 -0.004405233 0.001667874 0.242797748
120 6.678688049 -0.142133027 -16.932605743 1.571067859 -0.100750617 3.141578963
121 -15.606704712 0.000001907 0 0 0 0.022356504
122 -15.853752136 0.000003815 0.00000599 0 0 0.149726734
123 -15.151855469 0.000001907 0 0 0 -0.187495543
124 -11.149956703 -0.000003815 0.00000599 0 0 -0.159509754
125 2.507644653 15.939216614 6.722553253 -1.705265468 0.366587931 -2.826051785
126 -15.606689453 -0.000003815 -0.000003815 0.329851012 0.054231663 0.011741922
127 -15.853748322 0 0.000012398 0.105685729 0.029709667 -0.00767833
128 -15.151854515 -0.000007629 0.000014305 0.056821799 0.07070271 -0.13886097
129 -11.149961472 0 -0.000003099 0.01299221 0.10724761 -0.197494444
130 2.507606506 -17.075353622 6.722553253 -1.394725005 -0.44812799 -0.316868681
131 15.606678009 0.000007629 0.000001907 -0.050905251 -0.02663493 0.035911704
132 15.853740692 -0.000007629 0.000007629 0.06547847 -0.111210049 0.153940777
133 15.151853561 0.000007629 -0.000003815 0.039603115 -0.084453937 0.042399475
134 11.14996624 0.000007629 -0.000012398 0.05088976 -0.113244038 0.07765244
135 5.893127441 15.939212799 -12.477539063 3.070344631 0.145023038 0.363831732
136 15.606666565 0 0.00002861 -0.029838626 0.061620602 -0.043242849
137 15.853748322 0 -0.000015259 0.002345518 -0.030255258 0.033288156
138 15.151852608 0.000003815 -0.000001907 0.007452406 0.005835767 0.177638022
139 11.149954796 0.000003815 -0.000003815 0.037144293 0.049638906 0.244014195
140 5.893135071 -17.075361252 -12.477554321 1.622893161 -0.082207552 2.920246335
141 -15.606678009 -0.000005722 0.000007629 -0.005227274 -0.028827962 0.074937479
142 -15.853736877 0 -0.000015259 -0.016169059 -0.128631099 0.183112368
143 -15.151853561 0.000001907 0 0.05102836 -0.023346835 -0.022442999
144 -11.14994812 -0.000003815 -0.000007629 -0.349234144 -0.12746145 -0.182557582
145 4.260475159 20.773920059 -3.218490601 0.023101859 -0.035501231 -2.90636479
146 -15.606685638 0.000003815 0 0.031993146 0.200009399 -0.005378937
147 -15.853746414 0.000003815 -0.000003815 0.008157324 -0.019709982 -0.210402094
148 -15.151837349 -0.000003815 0.000003815 -0.010298844 0.011259371 0.089052974
149 -11.149954796 0.000001907 0 -0.01022957 0.299857428 -0.226108714
150 7.528266907 -8.043748856 -1.232803345 -0.628039895 -0.244480193 0.020267395
151 54.911247253 0.649684906 0.176696777 2.357396057 0.740038191 0.599408239
152 61.183197021 0.000001907 -0.000013351 0.542701548 0.211647802 0.109075119
153 -0.364088595 36.477970123 12.189170837 0.340633688 -0.000040147 0.000233438
154 -0.364086866 -2.758006096 4.994803905 0 0 0.000244115
155 -0.364086866 -2.758006096 4.994803905 0 0 0.000244115
156 -0.364086866 -2.758006096 4.994803905 0 0 0.000244115
157 -0.364086866 -2.758006096 4.994803905 0 0 0.000244115
158 -0.364086866 -2.758006096 4.994803905 0 0 0.000244115
159 -0.364086866 -2.758006096 4.994803905 0 0 0.000244115
160 -0.364086866 -2.758006096 4.994803905 0 0 0.000244115
161 -0.364086866 -2.758006096 4.994803905 0 0 0.000244115
162 -0.498048782 -4.95163393 0.510848999 0 0 0.000244115
163 -0.364086866 -2.758006096 4.994803905 0 0 0.000244115
time 8
0 -0.364086866 -2.758006096 4.994803905 0 0 0.000244115
1 -0.35591504 -112.993275744 -124.925015706 0 -1.545443228 -1.570795911
2 130.809020996 0 0.000003815 0 1.07338711 0
3 6.662010193 -0.142130047 2.521335602 2.930889991 0.148396633 -0.011455712
4 24.360939026 -0.000000954 0.000007629 0.117961067 -0.353585597 -0.0842596
5 24.806396484 -0.000005722 0.765960693 -0.775919547 -0.820751621 -0.044020385
6 8.120292664 0.000001907 0.000003815 0.82428447 0.030168961 -0.17457083
7 8.120307922 -0.000003815 0 0 -1.229534508 0
8 8.120307922 -0.000003815 0 -0.216192487 -1.369859591 0.175150136
9 5.115211487 7.517080307 -23.079311371 1.528408557 0.040615573 -0.0282785
10 -13.525115967 0.000001907 0.000003815 -0.117064221 0.171307337 -0.270799414
11 -11.953033447 -0.000009537 0 0.106580882 0.094796111 -0.263227489
12 -8.290390015 -0.000001907 -0.000000477 0.364314806 0.053160967 -0.366443755
13 -7.875 0.000034332 0 0.463150613 -0.019137914 -0.10894607
14 -8.785774231 0.000038147 0 0.587843851 -0.191992994 0.010655237
15 -8.903717041 0 0 0.279711542 -0.099209897 0.414218856
16 5.903465271 12.714845657 -17.693195343 1.381315822 0.020577094 -0.071376013
17 -13.525131226 0 0.000003815 -0.015131508 0.159090102 0.100497834
18 -11.953041077 -0.000007629 -0.000001907 0.000267087 0.066726642 -0.295919143
19 -8.290390015 0 -0.000001907 0.216710194 0.100417514 -0.336991596
20 -7.875 0.000030518 -0.000001907 0.354022427 -0.026320414 -0.394070457
21 -8.78578186 0.000038147 0 0.53730676 -0.212573343 -0.243123758
22 -8.903717041 0 0 0.171154651 -0.394168289 0.228132673
23 5.115211487 -7.603521347 -23.07932663 -1.670122696 -0.031044091 -2.9439137
24 13.525138855 -0.000003815 -0.000001907 0.154132863 0.023817211 -0.175187794
25 11.953018188 0.000015259 0.000001907 0.032783361 -0.092966249 -0.280795928
26 8.290374756 -0.000001907 0 -0.141070178 -0.077722142 -0.313757515
27 7.875 -0.000030518 0.000003815 -0.316359447 0.200904055 -0.131363589
28 8.78578186 -0.000040054 0.000000954 -0.204277709 0.343921102 -0.116541854
29 8.90372467 0 0.000001907 -0.169425251 0.518494986 0.144753312
30 5.903434753 -12.801290512 -17.693202972 -1.740590464 0.071982631 -2.85137907
31 13.525123596 0 0.000003815 0.13844975 -0.027870301 -0.241768853
32 11.953048706 0.000007629 0.000003815 -0.025029933 -0.052022795 -0.359746136
33 8.290382385 -0.000001907 0.000003815 -0.220618587 0.064353021 -0.248397377
34 7.875 -0.000032425 0 -0.368037889 0.302495649 -0.285732871
35 8.78578949 -0.000037193 0.000002861 -0.204882231 0.514747995 -0.190185107
36 8.90372467 -0.000001907 0 -0.153735108 0.551528874 0.122206441
37 4.435432434 0.000127792 -25.179958344 3.103955776 -0.031608276 -3.072255305
38 14.171012878 0.000022888 1.280687332 -0.133940465 0.352886671 -0.104249479
39 10.9765625 0.000017881 0.352539063 0.005358292 0.262411706 0.039279461
40 8.120285034 -0.000003815 -0.000013351 -0.172915842 0.250211728 -0.005645902
41 8.120292664 -0.000001907 -0.000038147 -0.349304836 0.131677332 0.088516649
42 8.120330811 0 -0.000015259 -0.43393434 0.29241425 0.143984474
43 8.120330811 0.000003815 0.00005722 -0.487799736 -0.164265344 0.282745676
44 7.146965027 16.179800034 -9.195625305 1.288581712 0.518009262 -0.14816244
45 -13.525131226 0.000003815 -0.000003815 -0.123218449 -0.204259166 0.044810285
46 -11.953033447 -0.000009537 -0.000015259 0.006273508 0.089377533 -0.249817448
47 -8.290382385 0.000001907 0 0.289907977 0.108793669 -0.396465732
48 -7.875 0.000030518 -0.000003815 -0.009734367 -0.293605274 -0.445176102
49 -8.78578186 0.000040054 -0.000007629 0.355319805 -0.297343089 -0.371564702
50 -8.90372467 0.000003815 -0.000007629 0.022377139 -0.407184203 0.024820615
51 7.146980286 -16.26625824 -9.19562149 -1.759350239 -0.179111643 -2.646933639
52 13.525123596 -0.000013351 0.000007629 0.108862634 -0.058121819 -0.173655488
53 11.953041077 0 0.000007629 -0.104335222 0.173849555 -0.487717809
54 8.290382385 -0.000001907 0 -0.189489009 0.212727112 -0.232395286
55 7.875 -0.000032425 -0.000007629 -0.398187599 0.42537971 -0.257036259
56 8.78578949 -0.000042915 -0.000003815 -0.425141085 0.626234205 -0.373115039
57 8.9037323 0 -0.000000954 -0.396217338 0.566993527 0.013795931
58 -5.36730957 8.366910934 8.703113556 1.651679961 -1.069317588 2.895553373
59 13.525123596 0.000007629 0 -0.296468905 -0.078299246 -0.169078084
60 -3.441879272 -10.792393684 9.377006531 0.533528526 -1.244210536 -2.360389776
61 13.525131226 0.000007629 0 -0.240339393 0.241653264 -0.147262183
62 11.953033447 0.000011444 0 0.357564076 -0.041561786 -0.090179925
63 8.290390015 0 -0.000000954 0.327827585 -0.026545068 0.353986495
64 7.875 -0.000026703 0.000002384 0.267947602 -0.07496747 0.296666275
65 19.39491272 -14.052383423 -0.467079163 2.210069818 -0.715519264 -3.13881703
66 26.240753174 0.000015259 0 -0.389388737 -0.852901879 1.611191004
67 31.970993042 -0.000011444 0 -1.196305644 0.150856554 0.01642512
68 4.627262115 -2.311309814 4.185630798 -0.021512477 -0.254658869 -0.451859094
69 2.980103493 0 0 -0.040823197 0.14004721 0.242069561
70 1.982421875 0.000022888 0.000011444 0.001822187 0.301463179 0.041313792
71 10.844867706 -1.281570435 -1.331687927 0.003154845 -0.01855101 -1.502721343
72 3.98828125 -0.000007629 0.000034332 0.024656551 0.116612118 -1.30426207
73 2.26953125 -0.000015259 -0.000015259 0.010246566 0.020303916 -1.235445909
74 10.908863068 -1.237411499 0.829593658 -0.017205343 -0.01132858 -0.139770757
75 3.989437103 -0.000015259 0.000041962 -0.063026149 -0.002771708 0.115009012
76 3.478275299 -0.000022888 -0.000019073 0.043657678 -0.199688364 0.011938598
77 10.29189682 -1.202171326 -3.344135284 0.018038834 -0.023865117 -1.537453755
78 2.757148743 -0.000015259 0.000038147 -0.60067306 -0.095514283 -1.291622793
79 1.775390625 -0.000003815 -0.000007629 0.198076059 0.357239486 -1.30316968
80 10.971866608 -1.193939209 2.957336426 -0.017035745 0.009067534 -0.230024099
81 3.82421875 -0.000007629 0.000034332 -0.000514952 0.002180945 0.082282556
82 2.94140625 -0.000007629 -0.000015259 0.003884615 0.006969617 -0.075013909
83 -0.000013351 0.000003815 -0.000007629 -0.281161032 -0.158281714 -1.026998567
84 19.39490509 13.160596848 -0.467071533 -2.092952033 0.903039579 -0.242717629
85 -26.240749359 0 0.000001907 1.345172999 -0.898954309 -0.748309549
86 -31.970993042 -0.000007629 0 -0.237052424 -0.228192773 -0.12798
87 -11.614597321 3.933097839 0.069385529 -1.138449613 1.125394091 -2.312309051
88 -10.484518051 1.069206238 3.539878845 -3.131584703 0.028220486 2.411526648
89 2.757148743 0 0.000026703 -0.011712134 0.035128624 1.019560794
90 1.775390625 0.000003815 -0.000015259 -0.133900239 -0.342642882 0.642395158
91 -11.046471596 1.142410278 1.529697418 -3.130487012 0.018259081 2.114134707
92 3.98828125 0.000011444 0.000038147 0.004872241 -0.009924216 1.610032301
93 2.26953125 0.000015259 0 -0.076539319 -0.095407065 1.438172442
94 -11.19263649 1.041519165 -2.75843811 -3.118522916 -0.009925828 2.789623965
95 3.82421875 0.000045776 0.000053406 0.00053161 0.002187187 1.610324685
96 8.78578186 -0.000032425 0 0.22999144 0.09785187 -0.267886373
97 2.94140625 0 0 -0.004550553 0.006091757 1.767588569
98 -11.120113373 1.091537476 -0.631118774 -3.124851884 0.015335244 2.623087095
99 3.989421844 0 0.000049591 0.021444626 0.041947477 1.751021405
100 3.478294373 0.000022888 -0.000015259 -0.001306817 0.004312204 1.848998194
101 -4.853601456 2.155090332 -4.018516541 3.123057975 0.125574955 2.46129872
102 2.98008728 0 0.000007629 0.038574713 -0.163808097 -0.240289671
103 1.982421875 -0.000015259 0.000034332 0 0 -0.040571652
104 0.000006676 -0.000015259 -0.000011444 -0.01786834 -0.032037725 -0.918099438
105 7.08984375 0 -0.000007629 3.141592654 -0.174494806 3.141592654
106 7.528266907 8.168074608 -1.232795715 2.948438251 0.47705936 -3.128730861
107 -54.911235809 -0.649675369 -0.176704407 1.330086895 0.989141229 -0.175494472
108 -61.183193207 0.000004292 0.000001907 0.174037262 0.013709953 -0.309466751
109 8.588691711 -0.00000003 1.51442337 0 0 0
110 4.260505676 -21.349504471 -3.218471527 -0.229646484 -0.146054022 -0.303432411
111 15.606666565 0.000003815 -0.000015259 0.031183625 -0.06342361 -0.01921376
112 15.853744507 -0.000003815 -0.000007629 0.038773514 0.009023952 -0.104163639
113 15.1518507 -0.000003815 0 0.017001932 0.059782643 0.005430813
114 11.149958611 0.000011444 -0.000007629 -0.040082832 0.120800773 -0.029237533
115 1.725082397 -0.142127991 11.160655975 -2.019105011 -0.695607809 0.137591666
116 15.606674194 0.000007629 0.000001907 0.123931915 -0.014137355 0.118802833
117 15.853736877 -0.000007629 0 -0.003549674 0.002887216 0.116415896
118 15.151854515 0.000007629 0.000002861 -0.003235127 0.004067238 0.109411691
119 11.149956703 0.000022888 0 -0.004405233 0.001667874 0.242797748
120 6.678688049 -0.142133027 -16.932605743 1.571040844 -0.066296334 3.141584545
121 -15.606704712 0.000001907 0 0 0 -0.011998085
122 -15.853752136 0.000003815 0.00000599 0 0 0.111665574
123 -15.151855469 0.000001907 0 0 0 -0.222030858
124 -11.149956703 -0.000003815 0.00000599 0 0 -0.193998825
125 2.507644653 15.939216614 6.722553253 -1.684221241 0.394237215 -2.815158248
126 -15.606689453 -0.000003815 -0.000003815 0.298506368 0.056287918 0.009426811
127 -15.853748322 0 0.000012398 0.096950647 0.020863569 -0.002531147
128 -15.151854515 -0.000007629 0.000014305 0.051002221 0.059480904 -0.12987905
129 -11.149961472 0 -0.000003099 0.01299221 0.10724761 -0.197494444
130 2.507606506 -17.075353622 6.722553253 -1.394725005 -0.44812799 -0.316868681
131 15.606678009 0.000007629 0.000001907 -0.04489346 -0.024431399 0.034915499
132 15.853740692 -0.000007629 0.000007629 0.061167478 -0.102399803 0.142176037
133 15.151853561 0.000007629 -0.000003815 0.035223138 -0.075709467 0.032619557
134 11.14996624 0.000007629 -0.000012398 0.05088976 -0.113244038 0.07765244
135 5.893127441 15.939212799 -12.477539063 3.069400405 0.144671706 0.35849296
136 15.606666565 0 0.00002861 -0.025779555 0.063516085 -0.036577062
137 15.853748322 0 -0.000015259 0.003587585 -0.033556644 0.03317801
138 15.151852608 0.000003815 -0.000001907 0.006520995 0.000362441 0.154057067
139 11.149954796 0.000003815 -0.000003815 0.037001731 0.051102779 0.229258206
140 5.893135071 -17.075361252 -12.477554321 1.616379269 -0.050678423 2.921428028
141 -15.606678009 -0.000005722 0.000007629 -0.011693091 -0.028924782 0.044285939
142 -15.853736877 0 -0.000015259 -0.023281405 -0.126955336 0.153080904
143 -15.151853561 0.000001907 0 0.039400149 -0.021822843 -0.049561599
144 -11.14994812 -0.000003815 -0.000007629 -0.360353115 -0.129122497 -0.20826918
145 4.260475159 20.773920059 -3.218490601 0.023101859 -0.035501231 -2.90636479
146 -15.606685638 0.000003815 0 0.028730156 0.184642895 -0.005229093
147 -15.853746414 0.000003815 -0.000003815 0.00761404 -0.019467637 -0.19356324
148 -15.151837349 -0.000003815 0.000003815 -0.009415719 0.007929563 0.087603876
149 -11.149954796 0.000001907 0 -0.01022957 0.299857428 -0.226108714
150 7.528266907 -8.043748856 -1.232803345 -0.628039895 -0.244480193 0.020267395
151 54.911247253 0.649684906 0.176696777 2.206036864 0.673396043 0.401316841
152 61.183197021 0.000001907 -0.000013351 0.542701548 0.211647802 0.109075119
153 -0.364088595 36.477970123 12.189170837 0.340633688 -0.000040147 0.000233438
154 -0.364086866 -2.758006096 4.994803905 0 0 0.000244115
155 -0.364086866 -2.758006096 4.994803905 0 0 0.000244115
156 -0.364086866 -2.758006096 4.994803905 0 0 0.000244115
157 -0.364086866 -2.758006096 4.994803905 0 0 0.000244115
158 -0.364086866 -2.758006096 4.994803905 0 0 0.000244115
159 -0.364086866 -2.758006096 4.994803905 0 0 0.000244115
160 -0.364086866 -2.758006096 4.994803905 0 0 0.000244115
161 -0.364086866 -2.758006096 4.994803905 0 0 0.000244115
162 -0.498048782 -4.95163393 0.510848999 0 0 0.000244115
163 -0.364086866 -2.758006096 4.994803905 0 0 0.000244115
time 9
0 -0.364086866 -2.758006096 4.994803905 0 0 0.000244115
1 -0.355914861 -117.452719047 -129.111601286 0 -1.545443228 -1.570795911
2 130.809020996 0 0.000003815 0 1.164443081 0
3 6.662010193 -0.142130047 2.521335602 2.930912736 0.177136891 -0.01145809
4 24.360939026 -0.000000954 0.000007629 0.11825135 -0.410887608 -0.097017843
5 24.806396484 -0.000005722 0.765960693 -0.771610112 -0.771458727 -0.040143859
6 8.120292664 0.000001907 0.000003815 0.812912406 0.003003864 -0.180985056
7 8.120307922 -0.000003815 0 0 -1.302445301 0
8 8.120307922 -0.000003815 0 -0.216192487 -1.369859591 0.175150136
9 5.115211487 7.517080307 -23.079311371 1.52538178 0.006360887 -0.026397235
10 -13.525115967 0.000001907 0.000003815 -0.118122002 0.170302717 -0.294828452
11 -11.953033447 -0.000009537 0 0.106158668 0.095088512 -0.270567608
12 -8.290390015 -0.000001907 -0.000000477 0.364692857 0.052951759 -0.375336403
13 -7.875 0.000034332 0 0.463799953 -0.022318608 -0.11717484
14 -8.785774231 0.000038147 0 0.588320874 -0.198032745 0.004522637
15 -8.903717041 0 0 0.276382368 -0.106945518 0.413024802
16 5.903465271 12.714845657 -17.693195343 1.380081436 -0.013840875 -0.06963266
17 -13.525131226 0 0.000003815 -0.018919134 0.161979759 0.052945297
18 -11.953041077 -0.000007629 -0.000001907 -0.001420148 0.068909048 -0.312589823
19 -8.290390015 0 -0.000001907 0.213395988 0.104612298 -0.35461544
20 -7.875 0.000030518 -0.000001907 0.354380989 -0.027437253 -0.412721477
21 -8.78578186 0.000038147 0 0.538019457 -0.218701601 -0.260455043
22 -8.903717041 0 0 0.165509278 -0.408019243 0.219195249
23 5.115211487 -7.603521347 -23.07932663 -1.657148577 0.004458509 -2.941004549
24 13.525138855 -0.000003815 -0.000001907 0.152459534 0.027316427 -0.198674314
25 11.953018188 0.000015259 0.000001907 0.032685464 -0.0932358 -0.290487837
26 8.290374756 -0.000001907 0 -0.141537655 -0.07998107 -0.325007048
27 7.875 -0.000030518 0.000003815 -0.317158915 0.20119416 -0.143024496
28 8.78578186 -0.000040054 0.000000954 -0.204274728 0.347171528 -0.127310171
29 8.90372467 0 0.000001907 -0.164422715 0.523368562 0.138182077
30 5.903434753 -12.801290512 -17.693202972 -1.724498779 0.103670553 -2.847215367
31 13.525123596 0 0.000003815 0.130679103 -0.018929211 -0.268032601
32 11.953048706 0.000007629 0.000003815 -0.028022829 -0.051973466 -0.374783889
33 8.290382385 -0.000001907 0.000003815 -0.223552477 0.063393196 -0.265324839
34 7.875 -0.000032425 0 -0.370368089 0.304713734 -0.303963301
35 8.78578949 -0.000037193 0.000002861 -0.203362352 0.522731566 -0.205547688
36 8.90372467 -0.000001907 0 -0.143402759 0.560633696 0.115651656
37 4.435432434 0.000127792 -25.179958344 3.110919286 0.002133103 -3.070131441
38 14.171012878 0.000022888 1.280687332 -0.133990408 0.365465631 -0.103020688
39 10.9765625 0.000017881 0.352539063 0.005284148 0.268335979 0.040433371
40 8.120285034 -0.000003815 -0.000013351 -0.173110791 0.257311506 -0.004367281
41 8.120292664 -0.000001907 -0.000038147 -0.349374542 0.13853053 0.090930738
42 8.120330811 0 -0.000015259 -0.433357804 0.298070725 0.148621892
43 8.120330811 0.000003815 0.00005722 -0.487919567 -0.161164595 0.288876381
44 7.146965027 16.179800034 -9.195625305 1.281704402 0.536903428 -0.150239428
45 -13.525131226 0.000003815 -0.000003815 -0.128724154 -0.200172645 0.023984471
46 -11.953033447 -0.000009537 -0.000015259 -0.004914837 0.091639158 -0.29743721
47 -8.290382385 0.000001907 0 0.275683328 0.107442174 -0.415568645
48 -7.875 0.000030518 -0.000003815 -0.014035026 -0.301425089 -0.463219661
49 -8.78578186 0.000040054 -0.000007629 0.342814335 -0.306494294 -0.388816504
50 -8.90372467 0.000003815 -0.000007629 0.010431056 -0.423808636 0.017180626
51 7.146980286 -16.26625824 -9.19562149 -1.751869456 -0.197430496 -2.653792305
52 13.525123596 -0.000013351 0.000007629 0.109182017 -0.036991659 -0.20007984
53 11.953041077 0 0.000007629 -0.108640598 0.18113638 -0.504447147
54 8.290382385 -0.000001907 0 -0.194131012 0.222736271 -0.249758723
55 7.875 -0.000032425 -0.000007629 -0.404341862 0.437365454 -0.275333766
56 8.78578949 -0.000042915 -0.000003815 -0.4331581 0.641182082 -0.390275599
57 8.9037323 0 -0.000000954 -0.397888323 0.585303292 0.003486767
58 -5.36730957 8.366910934 8.703113556 1.616239252 -1.072380774 2.951718591
59 13.525123596 0.000007629 0 -0.296468905 -0.078299246 -0.169078084
60 -3.441879272 -10.792393684 9.377006531 0.493435115 -1.26820282 -2.31331621
61 13.525131226 0.000007629 0 -0.233290886 0.236533873 -0.115207523
62 11.953033447 0.000011444 0 0.367884201 -0.052755696 -0.064452562
63 8.290390015 0 -0.000000954 0.34245353 -0.036438155 0.379475588
64 7.875 -0.000026703 0.000002384 0.282169308 -0.087881471 0.324286598
65 19.39491272 -14.052383423 -0.467079163 2.227168948 -0.734997807 3.088359988
66 26.240753174 0.000015259 0 -0.375731554 -0.879510089 1.577151157
67 31.970993042 -0.000011444 0 -1.198615243 0.124065883 0.026062254
68 4.627262115 -2.311309814 4.185630798 -0.021512477 -0.254658869 -0.451859094
69 2.980103493 0 0 -0.040823197 0.14004721 0.242069561
70 1.982421875 0.000022888 0.000011444 0.001822187 0.301463179 0.041313792
71 10.844867706 -1.281570435 -1.331687927 0.003154845 -0.01855101 -1.502721343
72 3.98828125 -0.000007629 0.000034332 0.024656551 0.116612118 -1.30426207
73 2.26953125 -0.000015259 -0.000015259 0.010246566 0.020303916 -1.235445909
74 10.908863068 -1.237411499 0.829593658 -0.017346164 -0.011250701 -0.1300806
75 3.989437103 -0.000015259 0.000041962 -0.063528906 -0.003389527 0.124633523
76 3.478275299 -0.000022888 -0.000019073 0.043817136 -0.20077567 0.021531947
77 10.29189682 -1.202171326 -3.344135284 0.018038834 -0.023865117 -1.537453755
78 2.757148743 -0.000015259 0.000038147 -0.604873824 -0.095561169 -1.291599807
79 1.775390625 -0.000003815 -0.000007629 0.198076059 0.357239486 -1.30316968
80 10.971866608 -1.193939209 2.957336426 -0.017000532 0.009236826 -0.220209091
81 3.82421875 -0.000007629 0.000034332 -0.000504205 0.002183454 0.092132052
82 2.94140625 -0.000007629 -0.000015259 0.00391888 0.006950408 -0.06516758
83 -0.000013351 0.000003815 -0.000007629 -0.281161032 -0.158281714 -1.026998567
84 19.39490509 13.160596848 -0.467071533 -2.130910134 0.95104805 -0.250536684
85 -26.240749359 0 0.000001907 1.227648843 -0.824787342 -0.612794121
86 -31.970993042 -0.000007629 0 -0.218572097 -0.200953869 -0.123309142
87 -11.614597321 3.933097839 0.069385529 -1.190491075 1.133799346 -2.365500424
88 -10.484518051 1.069206238 3.539878845 -3.131584703 0.028220486 2.411526648
89 2.757148743 0 0.000026703 -0.011712134 0.035128624 1.019560794
90 1.775390625 0.000003815 -0.000015259 -0.132945979 -0.343163405 0.639417212
91 -11.046471596 1.142410278 1.529697418 -3.130487012 0.018259081 2.114134707
92 3.98828125 0.000011444 0.000038147 0.004872241 -0.009924216 1.610032301
93 2.26953125 0.000015259 0 -0.076539319 -0.095407065 1.438172442
94 -11.19263649 1.041519165 -2.75843811 -3.118528017 -0.010057325 2.793654774
95 3.82421875 0.000045776 0.000053406 0.00053161 0.002187187 1.610324685
96 8.78578186 -0.000032425 0 0.247067479 0.08861383 -0.235042905
97 2.94140625 0 0 -0.004550553 0.006091757 1.767588569
98 -11.120113373 1.091537476 -0.631118774 -3.124746518 0.015333323 2.625944996
99 3.989421844 0 0.000049591 0.021444626 0.041947477 1.751021405
100 3.478294373 0.000022888 -0.000015259 -0.001306817 0.004312204 1.848998194
101 -4.853601456 2.155090332 -4.018516541 3.123057975 0.125574955 2.46129872
102 2.98008728 0 0.000007629 0.038574713 -0.163808097 -0.240289671
103 1.982421875 -0.000015259 0.000034332 0 0 -0.040571652
104 0.000006676 -0.000015259 -0.000011444 -0.01786834 -0.032037725 -0.918099438
105 7.08984375 0 -0.000007629 3.141592654 -0.174494806 3.141592654
106 7.528266907 8.168074608 -1.232795715 2.948438251 0.47705936 -3.128730861
107 -54.911235809 -0.649675369 -0.176704407 1.419264299 0.937594281 -0.089811734
108 -61.183193207 0.000004292 0.000001907 0.174037262 0.013709953 -0.309466751
109 8.588691711 -0.00000003 1.51442337 0 0 0
110 4.260505676 -21.349504471 -3.218471527 -0.229646484 -0.146054022 -0.303432411
111 15.606666565 0.000003815 -0.000015259 0.027571133 -0.058890792 -0.018343917
112 15.853744507 -0.000003815 -0.000007629 0.03418196 0.009076798 -0.106081004
113 15.1518507 -0.000003815 0 0.014960382 0.05483717 -0.002352947
114 11.149958611 0.000011444 -0.000007629 -0.040082832 0.120800773 -0.029237533
115 1.725082397 -0.142127991 11.160655975 -2.019105011 -0.695607809 0.137591666
116 15.606674194 0.000007629 0.000001907 0.109837781 -0.013903761 0.115748557
117 15.853736877 -0.000007629 0 -0.003214204 0.003264545 0.095497617
118 15.151854515 0.000007629 0.000002861 -0.002998426 0.004537442 0.087373869
119 11.149956703 0.000022888 0 -0.004405233 0.001667874 0.242797748
120 6.678688049 -0.142133027 -16.932605743 1.571069795 -0.042849966 3.141586794
121 -15.606704712 0.000001907 0 0 0 -0.035391706
122 -15.853752136 0.000003815 0.00000599 0 0 0.079432294
123 -15.151855469 0.000001907 0 0 0 -0.245409635
124 -11.149956703 -0.000003815 0.00000599 0 0 -0.217428313
125 2.507644653 15.939216614 6.722553253 -1.662340326 0.423111526 -2.803611459
126 -15.606689453 -0.000003815 -0.000003815 0.265833205 0.058374825 0.007023087
127 -15.853748322 0 0.000012398 0.087830108 0.011715551 0.002761264
128 -15.151854515 -0.000007629 0.000014305 0.044868718 0.047775327 -0.120515572
129 -11.149961472 0 -0.000003099 0.01299221 0.10724761 -0.197494444
130 2.507606506 -17.075353622 6.722553253 -1.394725005 -0.44812799 -0.316868681
131 15.606678009 0.000007629 0.000001907 -0.038708565 -0.022142149 0.033756704
132 15.853740692 -0.000007629 0.000007629 0.056728782 -0.093193332 0.12979844
133 15.151853561 0.000007629 -0.000003815 0.030697401 -0.066571273 0.022299473
134 11.14996624 0.000007629 -0.000012398 0.05088976 -0.113244038 0.07765244
135 5.893127441 15.939212799 -12.477539063 3.068340196 0.144315624 0.352709605
136 15.606666565 0 0.00002861 -0.021527924 0.06530356 -0.029723795
137 15.853748322 0 -0.000015259 0.004916694 -0.036945533 0.032975727
138 15.151852608 0.000003815 -0.000001907 0.005458675 -0.005197505 0.129379471
139 11.149954796 0.000003815 -0.000003815 0.036814593 0.052492344 0.213903323
140 5.893135071 -17.075361252 -12.477554321 1.611971754 -0.024032867 2.922645199
141 -15.606678009 -0.000005722 0.000007629 -0.01599497 -0.029022584 0.019483712
142 -15.853736877 0 -0.000015259 -0.028140931 -0.124917621 0.128298562
143 -15.151853561 0.000001907 0 0.029468068 -0.020766025 -0.067915862
144 -11.14994812 -0.000003815 -0.000007629 -0.367961783 -0.130277898 -0.225705842
145 4.260475159 20.773920059 -3.218490601 0.023101859 -0.035501231 -2.90636479
146 -15.606685638 0.000003815 0 0.025483184 0.168594288 -0.004950405
147 -15.853746414 0.000003815 -0.000003815 0.00707651 -0.019305953 -0.176045486
148 -15.151837349 -0.000003815 0.000003815 -0.008535632 0.004427855 0.085980068
149 -11.149954796 0.000001907 0 -0.01022957 0.299857428 -0.226108714
150 7.528266907 -8.043748856 -1.232803345 -0.628039895 -0.244480193 0.020267395
151 54.911247253 0.649684906 0.176696777 2.075667828 0.616444464 0.25343162
152 61.183197021 0.000001907 -0.000013351 0.542701548 0.211647802 0.109075119
153 -0.364088595 36.477970123 12.189170837 0.340633688 -0.000040147 0.000233438
154 -0.364086866 -2.758006096 4.994803905 0 0 0.000244115
155 -0.364086866 -2.758006096 4.994803905 0 0 0.000244115
156 -0.364086866 -2.758006096 4.994803905 0 0 0.000244115
157 -0.364086866 -2.758006096 4.994803905 0 0 0.000244115
158 -0.364086866 -2.758006096 4.994803905 0 0 0.000244115
159 -0.364086866 -2.758006096 4.994803905 0 0 0.000244115
160 -0.364086866 -2.758006096 4.994803905 0 0 0.000244115
161 -0.364086866 -2.758006096 4.994803905 0 0 0.000244115
162 -0.498048782 -4.95163393 0.510848999 0 0 0.000244115
163 -0.364086866 -2.758006096 4.994803905 0 0 0.000244115
time 10
0 -0.364086866 -2.758006096 4.994803905 0 0 0.000244115
1 -0.355914772 -119.088080872 -130.640868685 0 -1.545443228 -1.570795911
2 130.809020996 0 0.000003815 0 1.198009931 0
3 6.662010193 -0.142130047 2.521335602 2.930925892 0.187685419 -0.011444576
4 24.360939026 -0.000000954 0.000007629 0.118391775 -0.432000177 -0.101796211
5 24.806396484 -0.000005722 0.765960693 -0.76732323 -0.721068388 -0.036097241
6 8.120292664 0.000001907 0.000003815 0.801302859 -0.024601751 -0.187457086
7 8.120307922 -0.000003815 0 0 -1.376770972 0
8 8.120307922 -0.000003815 0 -0.216192487 -1.369859591 0.175150136
9 5.115211487 7.517080307 -23.079311371 1.522296089 -0.029469668 -0.024259244
10 -13.525115967 0.000001907 0.000003815 -0.118456732 0.169102689 -0.325579028
11 -11.953033447 -0.000009537 0 0.105697734 0.095099245 -0.273294252
12 -8.290390015 -0.000001907 -0.000000477 0.364738353 0.052859093 -0.378574332
13 -7.875 0.000034332 0 0.463954014 -0.023546834 -0.120223695
14 -8.785774231 0.000038147 0 0.588429487 -0.200344598 0.002270779
15 -8.903717041 0 0 0.275099576 -0.109809277 0.412602485
16 5.903465271 12.714845657 -17.693195343 1.378781686 -0.049763242 -0.067537968
17 -13.525131226 0 0.000003815 -0.020325593 0.163029271 -0.003912381
18 -11.953041077 -0.000007629 -0.000001907 -0.002024965 0.069715998 -0.318737893
19 -8.290390015 0 -0.000001907 0.209719334 0.109179239 -0.361109391
20 -7.875 0.000030518 -0.000001907 0.35445988 -0.027821867 -0.419603993
21 -8.78578186 0.000038147 0 0.538228566 -0.220931417 -0.26683235
22 -8.903717041 0 0 0.163467095 -0.413101784 0.215910788
23 5.115211487 -7.603521347 -23.07932663 -1.643811873 0.041485587 -2.937732744
24 13.525138855 -0.000003815 -0.000001907 0.150404742 0.031958851 -0.224377775
25 11.953018188 0.000015259 0.000001907 0.032608612 -0.093300582 -0.294066645
26 8.290374756 -0.000001907 0 -0.141693897 -0.083139553 -0.329190584
27 7.875 -0.000030518 0.000003815 -0.31739606 0.201407731 -0.147310275
28 8.78578186 -0.000040054 0.000000954 -0.204305835 0.348306321 -0.131324787
29 8.90372467 0 0.000001907 -0.162614993 0.525124766 0.135845423
30 5.903434753 -12.801290512 -17.693202972 -1.708189615 0.136787517 -2.842635797
31 13.525123596 0 0.000003815 0.121159135 -0.007770182 -0.290576881
32 11.953048706 0.000007629 0.000003815 -0.029113287 -0.052026312 -0.380385088
33 8.290382385 -0.000001907 0.000003815 -0.224610244 0.06195951 -0.27160528
34 7.875 -0.000032425 0 -0.371221274 0.305567901 -0.310743329
35 8.78578949 -0.000037193 0.000002861 -0.201663327 0.52569895 -0.211312914
36 8.90372467 -0.000001907 0 -0.139640415 0.564091909 0.113194208
37 4.435432434 0.000127792 -25.179958344 3.118014824 0.037586049 -3.067681694
38 14.171012878 0.000022888 1.280687332 -0.134002653 0.37993097 -0.101489677
39 10.9765625 0.000017881 0.352539063 0.005036882 0.270519117 0.040847112
40 8.120285034 -0.000003815 -0.000013351 -0.173173936 0.259973021 -0.00390825
41 8.120292664 -0.000001907 -0.000038147 -0.349411522 0.141063957 0.091809267
42 8.120330811 0 -0.000015259 -0.432600327 0.300156077 0.150264325
43 8.120330811 0.000003815 0.00005722 -0.487984628 -0.159994808 0.291097718
44 7.146965027 16.179800034 -9.195625305 1.279135855 0.543732285 -0.151026654
45 -13.525131226 0.000003815 -0.000003815 -0.130799608 -0.198653516 0.016356504
46 -11.953033447 -0.000009537 -0.000015259 -0.009024938 0.092423854 -0.354645865
47 -8.290382385 0.000001907 0 0.26470381 0.10570538 -0.422574617
48 -7.875 0.000030518 -0.000003815 -0.015594533 -0.304241779 -0.469888418
49 -8.78578186 0.000040054 -0.000007629 0.329851179 -0.309841069 -0.395224197
50 -8.90372467 0.000003815 -0.000007629 0.006043531 -0.429848207 0.01440715
51 7.146980286 -16.26625824 -9.19562149 -1.743152893 -0.204154082 -2.660806868
52 13.525123596 -0.000013351 0.000007629 0.109336108 -0.012853102 -0.220376063
53 11.953041077 0 0.000007629 -0.110249164 0.183769469 -0.510555365
54 8.290382385 -0.000001907 0 -0.195792048 0.226411985 -0.25617658
55 7.875 -0.000032425 -0.000007629 -0.406574146 0.441750321 -0.282089095
56 8.78578949 -0.000042915 -0.000003815 -0.436175234 0.646745902 -0.396625853
57 8.9037323 0 -0.000000954 -0.398512133 0.592036292 -0.000267634
58 -5.36730957 8.366910934 8.703113556 1.580264142 -1.075312313 3.008874903
59 13.525123596 0.000007629 0 -0.296468905 -0.078299246 -0.169078084
60 -3.441879272 -10.792393684 9.377006531 0.47853089 -1.276964211 -2.295760402
61 13.525131226 0.000007629 0 -0.230694538 0.230230971 -0.103342574
62 11.953033447 0.000011444 0 0.37167055 -0.056886487 -0.054984393
63 8.290390015 0 -0.000000954 0.347798144 -0.040039629 0.388766576
64 7.875 -0.000026703 0.000002384 0.287397507 -0.092609585 0.334427346
65 19.39491272 -14.052383423 -0.467079163 2.24303569 -0.756471085 3.032302731
66 26.240753174 0.000015259 0 -0.360428628 -0.906031018 1.540504795
67 31.970993042 -0.000011444 0 -1.200933052 0.097199551 0.035727542
68 4.627262115 -2.311309814 4.185630798 -0.021512477 -0.254658869 -0.451859094
69 2.980103493 0 0 -0.040823197 0.14004721 0.242069561
70 1.982421875 0.000022888 0.000011444 0.001822187 0.301463179 0.041313792
71 10.844867706 -1.281570435 -1.331687927 0.003154845 -0.01855101 -1.502721343
72 3.98828125 -0.000007629 0.000034332 0.024656551 0.116612118 -1.30426207
73 2.26953125 -0.000015259 -0.000015259 0.010246566 0.020303916 -1.235445909
74 10.908863068 -1.237411499 0.829593658 -0.017568433 -0.011183781 -0.121171334
75 3.989437103 -0.000015259 0.000041962 -0.063951524 -0.004030378 0.133569381
76 3.478275299 -0.000022888 -0.000019073 0.044037924 -0.201853888 0.030426469
77 10.29189682 -1.202171326 -3.344135284 0.018038834 -0.023865117 -1.537453755
78 2.757148743 -0.000015259 0.000038147 -0.608805101 -0.095507832 -1.291559946
79 1.775390625 -0.000003815 -0.000007629 0.198076059 0.357239486 -1.30316968
80 10.971866608 -1.193939209 2.957336426 -0.017052793 0.0093917 -0.21100739
81 3.82421875 -0.000007629 0.000034332 -0.000494199 0.00218574 0.101292362
82 2.94140625 -0.000007629 -0.000015259 0.003948235 0.007018682 -0.056013497
83 -0.000013351 0.000003815 -0.000007629 -0.281161032 -0.158281714 -1.026998567
84 19.39490509 13.160596848 -0.467071533 -2.179679473 0.968745373 -0.26092546
85 -26.240749359 0 0.000001907 1.107887493 -0.749098021 -0.474611909
86 -31.970993042 -0.000007629 0 -0.201246023 -0.173209267 -0.118677815
87 -11.614597321 3.933097839 0.069385529 -1.243823017 1.142423461 -2.418696449
88 -10.484518051 1.069206238 3.539878845 -3.131584703 0.028220486 2.411526648
89 2.757148743 0 0.000026703 -0.011712134 0.035128624 1.019560794
90 1.775390625 0.000003815 -0.000015259 -0.132139709 -0.343725024 0.636658163
91 -11.046471596 1.142410278 1.529697418 -3.130487012 0.018259081 2.114134707
92 3.98828125 0.000011444 0.000038147 0.004872241 -0.009924216 1.610032301
93 2.26953125 0.000015259 0 -0.076539319 -0.095407065 1.438172442
94 -11.19263649 1.041519165 -2.75843811 -3.118546562 -0.010099749 2.797334925
95 3.82421875 0.000045776 0.000053406 0.00053161 0.002187187 1.610324685
96 8.78578186 -0.000032425 0 0.253315599 0.085239218 -0.222902305
97 2.94140625 0 0 -0.004550553 0.006091757 1.767588569
98 -11.120113373 1.091537476 -0.631118774 -3.124726688 0.015311508 2.628533516
99 3.989421844 0 0.000049591 0.021444626 0.041947477 1.751021405
100 3.478294373 0.000022888 -0.000015259 -0.001306817 0.004312204 1.848998194
101 -4.853601456 2.155090332 -4.018516541 3.123057975 0.125574955 2.46129872
102 2.98008728 0 0.000007629 0.038574713 -0.163808097 -0.240289671
103 1.982421875 -0.000015259 0.000034332 0 0 -0.040571652
104 0.000006676 -0.000015259 -0.000011444 -0.01786834 -0.032037725 -0.918099438
105 7.08984375 0 -0.000007629 3.141592654 -0.174494806 3.141592654
106 7.528266907 8.168074608 -1.232795715 2.948438251 0.47705936 -3.128730861
107 -54.911235809 -0.649675369 -0.176704407 1.476935319 0.918640139 -0.024300607
108 -61.183193207 0.000004292 0.000001907 0.174037262 0.013709953 -0.309466751
109 8.588691711 -0.00000003 1.51442337 0 0 0
110 4.260505676 -21.349504471 -3.218471527 -0.229646484 -0.146054022 -0.303432411
111 15.606666565 0.000003815 -0.000015259 0.023962131 -0.054182687 -0.017488706
112 15.853744507 -0.000003815 -0.000007629 0.029417714 0.009112857 -0.108086452
113 15.1518507 -0.000003815 0 0.012950517 0.049706753 -0.010471267
114 11.149958611 0.000011444 -0.000007629 -0.040082832 0.120800773 -0.029237533
115 1.725082397 -0.142127991 11.160655975 -2.019105011 -0.695607809 0.137591666
116 15.606674194 0.000007629 0.000001907 0.095495866 -0.013605303 0.112530426
117 15.853736877 -0.000007629 0 -0.002974081 0.003651753 0.074157862
118 15.151854515 0.000007629 0.000002861 -0.002684936 0.00509595 0.064742303
119 11.149956703 0.000022888 0 -0.004405233 0.001667874 0.242797748
120 6.678688049 -0.142133027 -16.932605743 1.571112568 -0.034303442 3.141587229
121 -15.606704712 0.000001907 0 0 0 -0.044025091
122 -15.853752136 0.000003815 0.00000599 0 0 0.055508798
123 -15.151855469 0.000001907 0 0 0 -0.254022074
124 -11.149956703 -0.000003815 0.00000599 0 0 -0.226026481
125 2.507644653 15.939216614 6.722553253 -1.640019823 0.452506851 -2.791779364
126 -15.606689453 -0.000003815 -0.000003815 0.23252379 0.060409277 0.004448954
127 -15.853748322 0 0.000012398 0.078578569 0.002265434 0.008295503
128 -15.151854515 -0.000007629 0.000014305 0.038647461 0.035870951 -0.11101109
129 -11.149961472 0 -0.000003099 0.01299221 0.10724761 -0.197494444
130 2.507606506 -17.075353622 6.722553253 -1.394725005 -0.44812799 -0.316868681
131 15.606678009 0.000007629 0.000001907 -0.032265202 -0.019677645 0.03260712
132 15.853740692 -0.000007629 0.000007629 0.052196611 -0.083874091 0.117315672
133 15.151853561 0.000007629 -0.000003815 0.02600735 -0.057047129 0.011607377
134 11.14996624 0.000007629 -0.000012398 0.05088976 -0.113244038 0.07765244
135 5.893127441 15.939212799 -12.477539063 3.067348436 0.14393004 0.346670952
136 15.606666565 0 0.00002861 -0.017178554 0.067150298 -0.022860566
137 15.853748322 0 -0.000015259 0.006242119 -0.040507182 0.032854971
138 15.151852608 0.000003815 -0.000001907 0.004443157 -0.010949182 0.104036117
139 11.149954796 0.000003815 -0.000003815 0.036605549 0.053975625 0.198127803
140 5.893135071 -17.075361252 -12.477554321 1.61035197 -0.004524169 2.924113419
141 -15.606678009 -0.000005722 0.000007629 -0.017652091 -0.029065808 0.002846443
142 -15.853736877 0 -0.000015259 -0.029915713 -0.122316295 0.110774352
143 -15.151853561 0.000001907 0 0.022009912 -0.020342036 -0.074654449
144 -11.14994812 -0.000003815 -0.000007629 -0.370744488 -0.130647261 -0.232169942
145 4.260475159 20.773920059 -3.218490601 0.023101859 -0.035501231 -2.90636479
146 -15.606685638 0.000003815 0 0.022067997 0.152038243 -0.00463887
147 -15.853746414 0.000003815 -0.000003815 0.006545237 -0.019223787 -0.158108823
148 -15.151837349 -0.000003815 0.000003815 -0.0075673 0.000837723 0.084353913
149 -11.149954796 0.000001907 0 -0.01022957 0.299857428 -0.226108714
150 7.528266907 -8.043748856 -1.232803345 -0.628039895 -0.244480193 0.020267395
151 54.911247253 0.649684906 0.176696777 1.976146326 0.573601647 0.173921819
152 61.183197021 0.000001907 -0.000013351 0.542701548 0.211647802 0.109075119
153 -0.364088595 36.477970123 12.189170837 0.340633688 -0.000040147 0.000233438
154 -0.364086866 -2.758006096 4.994803905 0 0 0.000244115
155 -0.364086866 -2.758006096 4.994803905 0 0 0.000244115
156 -0.364086866 -2.758006096 4.994803905 0 0 0.000244115
157 -0.364086866 -2.758006096 4.994803905 0 0 0.000244115
158 -0.364086866 -2.758006096 4.994803905 0 0 0.000244115
159 -0.364086866 -2.758006096 4.994803905 0 0 0.000244115
160 -0.364086866 -2.758006096 4.994803905 0 0 0.000244115
161 -0.364086866 -2.758006096 4.994803905 0 0 0.000244115
162 -0.498048782 -4.95163393 0.510848999 0 0 0.000244115
163 -0.364086866 -2.758006096 4.994803905 0 0 0.000244115
end
