version 1
nodes
0 "Bone000" -1
1 "Bone001" 0
2 "Bone079" 1
3 "Bone080" 2
4 "Bone0126" 3
5 "Bone0127" 4
6 "Bone0128" 5
7 "Bone0148" 6
8 "Bone0168" 7
9 "ReimuGusset" -1
10 "Bone002" 1
11 "Bone003" 10
12 "Bone004" 11
13 "Bone005" 12
14 "Bone006" 10
15 "Bone007" 14
16 "Bone008" 15
17 "Bone009" 10
18 "Bone010" 17
19 "Bone011" 18
20 "Bone012" 19
21 "Bone013" 20
22 "Bone014" 10
23 "Bone015" 22
24 "Bone016" 23
25 "Bone017" 24
26 "Bone018" 25
27 "Bone019" 10
28 "Bone020" 27
29 "Bone021" 28
30 "Bone022" 29
31 "Bone023" 30
32 "Bone024" 10
33 "Bone025" 32
34 "Bone026" 33
35 "Bone027" 34
36 "Bone028" 35
37 "Bone029" 10
38 "Bone030" 37
39 "Bone031" 38
40 "Bone032" 39
41 "Bone033" 40
42 "Bone034" 10
43 "Bone035" 42
44 "Bone036" 43
45 "Bone037" 44
46 "Bone038" 45
47 "Bone039" 10
48 "Bone040" 47
49 "Bone041" 48
50 "Bone042" 49
51 "Bone043" 50
52 "Bone044" 10
53 "Bone045" 52
54 "Bone046" 53
55 "Bone047" 54
56 "Bone048" 55
57 "Bone049" 10
58 "Bone050" 57
59 "Bone051" 58
60 "Bone052" 59
61 "Bone053" 60
62 "Bone054" 10
63 "Bone055" 62
64 "Bone056" 63
65 "Bone057" 64
66 "Bone058" 65
67 "Bone059" 10
68 "Bone060" 67
69 "Bone061" 68
70 "Bone062" 69
71 "Bone063" 70
72 "Bone064" 10
73 "Bone065" 72
74 "Bone066" 73
75 "Bone067" 74
76 "Bone068" 75
77 "Bone069" 10
78 "Bone070" 77
79 "Bone071" 78
80 "Bone072" 79
81 "Bone073" 80
82 "Bone074" 10
83 "Bone075" 82
84 "Bone076" 83
85 "Bone077" 84
86 "Bone078" 85
87 "Bone081" 3
88 "Bone082" 87
89 "Bone083" 88
90 "Bone084" 88
91 "Bone085" 90
92 "Bone086" 88
93 "Bone087" 92
94 "Bone088" 93
95 "Bone089" 94
96 "Bone090" 95
97 "Bone091" 96
98 "Bone092" 97
99 "Bone093" 98
100 "Bone094" 93
101 "Bone095" 100
102 "Bone096" 101
103 "Bone097" 102
104 "Bone098" 103
105 "Bone099" 93
106 "Bone0100" 105
107 "Bone0101" 106
108 "Bone0102" 107
109 "Bone0103" 93
110 "Bone0104" 109
111 "Bone0105" 110
112 "Bone0106" 92
113 "Bone0107" 112
114 "Bone0108" 113
115 "Bone0109" 114
116 "Bone0110" 115
117 "Bone0111" 112
118 "Bone0112" 117
119 "Bone0113" 118
120 "Bone0114" 119
121 "Bone0115" 112
122 "Bone0116" 121
123 "Bone0117" 122
124 "Bone0118" 123
125 "Bone0119" 112
126 "Bone0120" 125
127 "Bone0121" 126
128 "Bone0122" 127
129 "Bone0123" 112
130 "Bone0124" 129
131 "Bone0125" 130
132 "Bone0129" 6
133 "Bone0130" 132
134 "Bone0131" 133
135 "Bone0132" 134
136 "Bone0133" 135
137 "Bone0134" 136
138 "Bone0135" 137
139 "Bone0136" 132
140 "Bone0137" 139
141 "Bone0138" 140
142 "Bone0139" 141
143 "Bone0140" 142
144 "Bone0141" 132
145 "Bone0142" 144
146 "Bone0143" 145
147 "Bone0144" 146
148 "Bone0145" 132
149 "Bone0146" 148
150 "Bone0147" 149
151 "Bone0149" 7
152 "Bone0150" 151
153 "Bone0151" 152
154 "Bone0152" 153
155 "Bone0153" 7
156 "Bone0154" 155
157 "Bone0155" 156
158 "Bone0156" 157
159 "Bone0157" 7
160 "Bone0158" 159
161 "Bone0159" 160
162 "Bone0160" 161
163 "Bone0161" 7
164 "Bone0162" 163
165 "Bone0163" 164
166 "Bone0164" 165
167 "Bone0165" 7
168 "Bone0166" 167
169 "Bone0167" 168
170 "Bone0169" 8
171 "Bone0170" 170
172 "Bone0171" 171
173 "Bone0172" 172
174 "Bone0173" 173
175 "Bone0174" 174
176 "Bone0175" 175
177 "Bone0176" 176
178 "Bone0177" 177
179 "Bone0178" 178
180 "Bone0179" 8
181 "Bone0180" 180
182 "Bone0181" 181
183 "Bone0182" 182
184 "Bone0183" 183
185 "Bone0184" 184
186 "Bone0185" 185
187 "Bone0186" 186
188 "Bone0187" 187
189 "Bone0188" 188
190 "Bone0189" 5
191 "Bone0190" 190
192 "Bone0191" 5
193 "Bone0192" 3
194 "Bone0193" 193
195 "Bone0194" 194
196 "Bone0195" 3
197 "Bone0196" 196
198 "Bone0197" 197
199 "Bone0198" 197
200 "Bone0199" 197
201 "Bone0200" 200
202 "Bone0201" 201
203 "Bone0202" 202
204 "Bone0203" 197
205 "Bone0204" 197
206 "Bone0205" 197
207 "Bone0206" 197
208 "Bone0207" 197
209 "Bone0208" 197
210 "Bone0209" 197
211 "Bone0210" 197
212 "Bon" -1
213 "ReimuSkirt" -1
214 "ReimuColth" -1
215 "ReimuBody" -1
216 "ReimuShoes" -1
217 "ReimuHand" -1
218 "ReimuFrontHair" -1
219 "ReimuFace" -1
220 "ReimuHair" -1
221 "ReimuRibon" -1
222 "ReimuRibon001" -1
223 "_M3_Anim_Data" -1
end
skeleton
time 0
0 -0.000000000 0.000007000 0.883060992 2.573223156 -1.533262590 2.139226870
1 88.476776123 -0.000062061 -0.000010272 3.003554736 -0.003053205 3.137477572
2 -43.495697021 -0.000050783 4.662868023 -0.000431821 0.038240646 3.141584396
3 9.507705688 0.000008076 -0.000020981 0.291350921 0.331217232 0.276954309
4 23.267890930 2.189104080 -3.705398560 1.456154893 -0.000364046 1.571112984
5 11.648437500 0.000019073 0.000015259 0.012848548 -0.291716337 2.270032474
6 29.776130676 -0.000032425 -0.000122070 1.049373392 -0.223451513 1.217160902
7 25.612236023 0.000019073 0.000091553 0.489789983 -0.109576285 -0.323399539
8 8.674331665 -1.907150269 -2.936546326 -0.551336544 -0.109697996 1.608018152
9 0.000000000 -0.000000000 0.000000000 0.000000000 0.000000000 0.000244115
10 -43.495697021 -0.000050783 4.662868023 0.000000000 0.000000000 0.000000000
11 21.580322266 10.273416519 -4.495086193 -0.001137123 -0.055497221 0.044073620
12 45.674186707 0.000022888 0.000018120 -3.115777366 0.502941469 0.007167288
13 55.039104462 -0.000032425 -0.000024796 -3.103804510 1.141052449 0.033789948
14 21.580268860 -10.273574829 -4.495070934 0.299166407 -0.581882756 -0.066071768
15 45.674209595 0.000012636 -0.000041962 -3.128140973 0.820446818 -0.038770189
16 55.039146423 -0.000030041 -0.000012398 3.118900152 0.754761404 -0.014380769
17 0.161682129 -1.532184362 -10.638454437 2.806097940 0.504769668 -0.217079904
18 14.463745117 -0.000010490 0.000007629 -0.201983397 0.121135808 0.170314156
19 20.708938599 -0.000022888 -0.000045776 0.021727747 -0.015250720 -0.217960615
20 20.709026337 -0.000004768 -0.000015259 0.059058415 -0.160653414 -0.363255746
21 20.709554672 -0.000007629 0.000000000 0.082831653 -0.154984765 0.012887985
22 0.118835449 -3.636024952 -10.382871628 2.301263409 0.369846532 -0.476133491
23 14.125000000 -0.000022411 -0.000022888 -0.152292912 0.095618306 0.191230499
24 20.265335083 -0.000008583 -0.000022888 0.041646648 -0.028564974 -0.220872524
25 20.265331268 -0.000009298 -0.000015259 0.087589971 -0.182176988 -0.391834888
26 20.265625000 -0.000025749 -0.000030518 0.123441198 -0.110923635 0.012539870
27 0.430786133 -8.824711800 -7.827316761 2.154521269 0.307904583 -0.551259562
28 12.544487000 0.000007629 -0.000015259 -0.336160584 0.136526718 0.342196981
29 19.343734741 -0.000009537 -0.000022888 0.054907310 -0.028271087 -0.215876582
30 19.343750000 0.000000477 -0.000038147 0.098840164 -0.162084298 -0.397990144
31 19.343750000 -0.000011444 -0.000015259 0.093342565 -0.103909232 0.054682139
32 -0.019668579 -12.396470070 -3.323644400 1.886888261 0.080709262 -0.537632783
33 11.042068481 0.000009537 -0.000015259 -0.390709676 0.047872328 0.368505966
34 19.073440552 -0.000001907 -0.000038147 0.059086123 -0.030886207 -0.196321467
35 19.073348999 0.000000000 -0.000038147 0.095477668 -0.128945890 -0.388293964
36 19.073877335 0.000003338 -0.000045776 -0.027780791 -0.121876130 0.149460383
37 0.143402100 -12.177965164 2.328495502 1.390168649 -0.213554102 -0.460810692
38 10.827301025 0.000015259 -0.000030518 -0.246910427 -0.056160535 0.266648796
39 18.731544495 0.000005722 -0.000007629 0.055041717 -0.053789630 -0.188248243
40 18.731605530 0.000007629 -0.000030518 0.080758360 -0.097645387 -0.380057523
41 18.732204437 0.000014305 -0.000030518 -0.175404907 -0.195814121 0.242546335
42 0.706604004 -9.159463882 6.887689114 0.832608254 -0.255083827 -0.147954736
43 10.843421936 0.000003815 -0.000026703 -0.199400663 -0.240763473 0.202503204
44 18.864501953 0.000017166 -0.000022888 0.037942774 -0.049976729 -0.149363411
45 18.864482880 0.000011444 0.000007629 0.055716798 -0.065081899 -0.328896597
46 18.864948273 0.000018120 -0.000030518 -0.285204721 -0.282617522 0.289021106
47 0.843017578 -2.753788710 9.486446381 0.564918579 -0.160619924 -0.008032556
48 10.832740784 0.000012398 0.000003815 -0.496149538 -0.265053504 0.271929921
49 19.399497986 0.000001907 -0.000030518 0.020878622 -0.051249278 -0.129112191
50 19.399696350 0.000017643 -0.000015259 0.026834461 -0.018232965 -0.290635708
51 19.400085449 0.000020027 0.000000000 -0.179936730 -0.428399075 0.185958615
52 0.161651611 1.532161474 -10.638372421 3.110158893 0.545189623 -0.047334107
53 14.463714600 -0.000010490 -0.000015259 -0.016660195 0.091985024 0.032330163
54 20.708969116 -0.000022888 -0.000007629 0.001186073 -0.008725790 -0.230986250
55 20.709014893 -0.000004768 -0.000007629 0.025167605 -0.119588058 -0.347938229
56 20.709592819 0.000015259 -0.000045776 -0.064421769 -0.144651026 0.083224303
57 0.118759155 3.636007071 -10.383041382 -2.468359471 0.487370956 0.353023771
58 14.125000000 -0.000013828 -0.000022888 -0.060520454 0.061435321 0.032009044
59 20.265319824 -0.000000477 -0.000007629 -0.018806506 0.006448760 -0.247222080
60 20.265342712 0.000005722 -0.000015259 -0.011325055 -0.035499113 -0.351160721
61 20.265625000 -0.000003815 -0.000015259 -0.105205472 -0.089332292 0.085107503
62 0.430786133 8.824709892 -7.827404499 -2.306430007 0.445186721 0.452665318
63 12.544555664 0.000013828 0.000000000 0.136024465 0.057165217 -0.110155732
64 19.343750000 -0.000008106 -0.000007629 -0.035840329 0.037859153 -0.250870773
65 19.343750000 0.000015259 -0.000022888 -0.046540810 0.079808518 -0.351168172
66 19.343750000 0.000003815 -0.000053406 -0.082675344 -0.079576628 0.044623398
67 -0.019577026 12.396468163 -3.323732376 -2.010581712 0.234887816 0.488839347
68 11.042076111 -0.000007629 0.000000000 0.172481230 -0.053688670 -0.134217952
69 19.073402405 0.000000954 -0.000045776 -0.040419948 0.036728858 -0.247810254
70 19.073383331 0.000007629 -0.000022888 -0.057826411 0.112700492 -0.354924156
71 19.073938370 0.000011444 -0.000038147 0.024702754 -0.107571286 -0.047670449
72 0.143447876 12.177960396 2.328406334 -1.632350238 0.013818575 0.495737234
73 10.827331543 -0.000015259 0.000007629 0.005950365 -0.125982938 -0.013435200
74 18.731575012 0.000006676 -0.000007629 -0.033412400 0.019647329 -0.232828241
75 18.731582642 -0.000001907 -0.000068665 -0.048064888 0.088535849 -0.337827667
76 18.732156754 0.000026703 0.000030518 0.151081217 -0.198904426 -0.136094813
77 0.706573486 9.159471512 6.887772083 -1.119518553 -0.134314773 0.268205947
78 10.843391418 0.000002861 0.000007629 -0.095551922 -0.283955638 0.057404944
79 18.864524841 -0.000005722 -0.000038147 -0.022009802 -0.001065509 -0.190790176
80 18.864490509 0.000011444 0.000000000 -0.035435630 0.082401610 -0.293941662
81 18.865070343 0.000007629 -0.000030518 0.240280501 -0.303775304 -0.175747099
82 0.842941284 2.753787041 9.486444473 -0.850109874 -0.097124005 0.127376192
83 10.832794189 -0.000000477 0.000022888 0.186549396 -0.355785183 -0.036100739
84 19.399604797 -0.000003338 -0.000045776 -0.007761638 -0.037092716 -0.145973805
85 19.399612427 0.000001907 0.000007629 -0.012861773 0.030302087 -0.272103022
86 19.400196075 0.000013351 0.000000000 0.109390643 -0.442391243 -0.056873656
87 23.268287659 -2.187744141 -3.705848694 -1.456154893 0.000364046 -1.570479669
88 11.648437500 -0.000026703 0.000015259 -1.191969815 0.174103543 0.718415489
89 19.962633133 1.182586670 -0.494768620 2.827724317 1.210077460 -0.137379431
90 25.357299805 1.346649170 -0.632635593 -1.954084047 1.324571048 1.286688287
91 10.585937500 0.000000000 -0.000007629 -0.623342345 0.227380332 0.017522868
92 29.775829315 0.000030518 -0.000046253 0.509916794 0.827154160 -1.160381106
93 22.736793518 -0.004581451 -0.007385254 -0.567665312 -0.170646603 -2.892178389
94 0.073730469 -0.706542969 -0.275878906 -0.079480966 0.899973448 1.897545896
95 13.120185852 -0.000007629 -0.000015259 -1.116390294 0.022962545 -0.423544622
96 12.350067139 0.000000000 -0.000007629 -1.091283709 0.807248546 -0.539604925
97 15.541221619 -0.000030518 0.000007629 2.954971940 1.452964249 -2.976740299
98 14.906250000 -0.000001907 0.000000000 -0.355889205 0.341202821 -0.189678053
99 14.182815552 -0.000007629 0.000000000 -0.283436883 0.565158333 0.005035658
100 6.140625000 -0.523925781 -0.378906250 1.321639244 0.897956672 1.825144947
101 11.348457336 -0.000007629 -0.000022888 -2.677921741 -0.461699038 0.026331197
102 12.005233765 0.000007629 -0.000011444 -0.789087757 0.827827220 -0.691711588
103 15.865589142 -0.000030518 0.000015259 -1.545387646 1.240179779 -1.354946726
104 14.851562500 -0.000015259 -0.000015259 -0.602971193 0.548619168 -0.005326657
105 12.538963318 -0.414989471 -0.272308350 1.469284194 0.909560824 1.796162172
106 10.619369507 -0.000015259 0.000015259 3.004702000 -0.448326167 0.159024136
107 12.043014526 -0.000015259 0.000009537 -0.434732416 1.081861976 -0.416049200
108 15.310379028 -0.000022888 -0.000007629 -0.421142219 0.518417852 -0.022033187
109 19.857894897 -0.000003815 -0.000015259 1.498828160 0.935679995 1.876400787
110 10.617187500 -0.000015259 0.000015259 -0.442717923 -0.477092154 0.178636312
111 11.091690063 -0.000015259 -0.000038147 -2.957031938 -0.407219133 -0.279420241
112 25.612243652 -0.000019073 -0.000137329 -0.964860271 -0.260129499 0.118751330
113 0.732421875 0.378173828 -0.043365479 -0.298448110 -0.042506783 0.541930270
114 9.421432495 0.000015259 -0.000019073 0.360626545 0.925566292 -0.183090914
115 3.208984375 0.000007629 0.000000000 -0.000856051 0.860846357 0.001031658
116 2.421092987 -0.000007629 0.000015259 -0.043036392 0.622439362 -0.041870117
117 0.783203125 0.134643555 -0.023925781 -0.156336213 -0.123510422 0.279151765
118 9.940948486 -0.000015259 0.000005722 0.156940826 0.930343403 -0.089257890
119 3.403709412 -0.000007629 -0.000015259 -0.006048037 0.656683852 -0.005707954
120 2.546609879 0.000007629 0.000000000 -0.038110356 0.644835858 -0.012733087
121 0.805175781 -0.000007629 -0.000011444 -0.007963538 -0.147251916 0.014089588
122 9.898437500 -0.000022888 0.000041962 -0.013519539 0.842282569 -0.001043158
123 3.537033081 -0.000015259 0.000000000 0.014337229 0.546778080 0.002854942
124 2.507812500 -0.000007629 0.000000000 0.001189873 0.577239660 0.007646629
125 0.821777344 -0.246826172 -0.028762817 0.155124828 -0.087466036 -0.272238366
126 9.687484741 -0.000015259 0.000007629 -0.211718941 0.781722057 0.168207529
127 3.679679871 -0.000007629 0.000015259 -0.002077321 0.581831668 -0.002424027
128 2.700599670 -0.000015259 -0.000030518 0.024996218 0.626238431 0.030959007
129 0.519042969 -0.395996094 -0.161987305 0.477878787 0.316754060 -0.763355711
130 6.753906250 -0.000007629 -0.000053406 -0.574483850 0.626140537 0.006934877
131 4.462646484 -0.000028610 -0.000015259 -0.077791836 0.010175756 0.138879881
132 22.736747742 0.004577637 -0.007293701 0.499457106 -0.036266121 -2.529443436
133 0.073730469 0.706542969 -0.276367188 2.298826680 0.711673125 0.516857786
134 13.119331360 0.000015259 0.000015259 0.603926109 -0.104105799 0.704545101
135 12.350997925 0.000003815 -0.000015259 0.421007973 0.256428340 0.604358834
136 15.540870667 0.000001907 0.000000000 -0.216679836 0.192845785 0.417283456
137 14.906250000 0.000003815 0.000015259 -0.264701336 -0.125780981 0.270640925
138 14.182882309 0.000007629 0.000000000 -0.295865260 -0.119988718 0.037047962
139 6.140625000 0.523925781 -0.378662109 0.334083065 0.747032392 0.249868914
140 11.348968506 -0.000007629 0.000011444 2.221106405 -0.698950171 -0.389412103
141 12.004653931 -0.000022888 -0.000015259 -0.146984503 -0.058285404 0.684481530
142 15.865951538 0.000015259 0.000000000 -0.140864012 -0.229173673 0.316641254
143 14.851562500 0.000000000 0.000007629 0.012331675 -0.134700030 -0.062180221
144 12.539047241 0.414970398 -0.272766113 -0.039759654 0.689261822 0.079962860
145 10.619094849 0.000007629 -0.000015259 2.800723686 -0.495337311 -0.686136111
146 12.043624878 -0.000015259 -0.000007629 -0.419333873 0.062820753 0.672692764
147 15.309890747 -0.000015259 0.000007629 -0.211953117 -0.157239039 -0.002917584
148 19.857978821 0.000007629 0.000045776 -0.268151243 0.687246465 -0.197581138
149 10.617187500 -0.000003815 -0.000007629 0.292380870 -0.560208869 -0.576598938
150 11.091804504 0.000005245 0.000000000 1.474112712 0.418694860 -1.463267307
151 0.732421875 -0.378417969 -0.043029785 0.298829922 -0.043211786 -0.541974052
152 9.421354294 -0.000015259 0.000003815 -0.470241755 1.108872100 0.050969701
153 3.208984375 0.000015259 0.000015259 0.000857873 1.057455893 -0.001098300
154 2.421081543 -0.000015259 -0.000017166 0.043174526 0.819359608 0.045011662
155 0.783203125 -0.134643555 -0.023727417 0.156625597 -0.124254089 -0.279237635
156 9.941059113 -0.000015259 -0.000038147 -0.258870176 1.208138449 -0.026394740
157 3.403720856 0.000000000 0.000038147 -0.009093961 0.939657871 -0.001132441
158 2.546592712 -0.000015259 -0.000030518 0.050622334 0.928087349 0.026112669
159 0.805175781 0.000000000 0.000000000 0.007970885 -0.148203970 -0.014094421
160 9.898437500 0.000015259 0.000022888 0.008520768 1.208195160 -0.016983373
161 3.537109375 0.000015259 0.000000000 -0.000193491 0.912542382 0.000193491
162 2.507812500 -0.000015259 0.000011444 0.000320821 0.943623568 -0.000320821
163 0.821777344 0.246826172 -0.027450562 -0.155297577 -0.088051341 0.272296809
164 9.687316895 0.000022888 -0.000053406 0.342851519 1.121789534 -0.008737843
165 3.679668427 -0.000015259 0.000030518 -0.002974323 0.934332562 -0.000146806
166 2.700630188 -0.000015259 -0.000019073 -0.032371169 0.978263485 -0.042071145
167 0.519531250 0.395996094 -0.161743164 -0.478495596 0.316187846 0.763124936
168 6.753906250 0.000005722 -0.000015259 0.300769486 0.115172368 -0.360966190
169 4.462753296 0.000007629 0.000030518 0.078557963 0.005930337 -0.087042230
170 86.264892578 -0.000015259 -0.000001907 0.414234879 -1.202080529 2.815177402
171 2.875000000 0.000015259 0.000015259 0.768884428 0.587559737 0.914544312
172 8.134399414 -0.000015259 -0.000015259 0.140330984 0.225749989 0.159915549
173 8.134380341 0.000000000 0.000001907 0.126500572 -0.085579162 0.026088846
174 8.134401321 0.000000000 0.000017166 0.111502008 -0.181508165 0.024132943
175 8.134383202 -0.000030518 0.000011444 0.031130870 -0.211806612 0.051042406
176 8.134395599 0.000000000 -0.000015259 0.016545388 -0.243097574 0.047551910
177 8.134382248 0.000000000 0.000000000 -0.005052116 -0.257977162 0.040957600
178 8.134397507 -0.000015259 -0.000007629 -0.032165857 -0.256930260 0.034709410
179 8.132812500 -0.000015259 -0.000007629 -0.068334582 0.178608529 0.127167520
180 86.264892578 -0.000015259 -0.000001907 -1.580974946 -0.346747177 -1.752334302
181 2.875000000 0.000007629 -0.000030518 -0.188689745 0.512312721 -0.090506472
182 8.134384155 0.000000000 -0.000045776 -0.083784964 -0.059872547 0.215012196
183 8.134407043 0.000000000 -0.000015259 -0.083885770 0.014422378 -0.080714832
184 8.134418488 0.000000000 -0.000030518 -0.091542122 0.055702791 -0.159603231
185 8.134395599 0.000007629 0.000000000 -0.310896928 0.095794950 -0.232371912
186 8.134393692 0.000000000 0.000030518 -0.274608940 0.158150391 -0.206320062
187 8.134375572 0.000015259 -0.000030518 -0.235042850 0.204156774 -0.154189574
188 8.134401321 0.000000000 -0.000007629 -0.175520039 0.230723115 -0.100746523
189 8.132812500 0.000015259 -0.000003815 -0.260945607 0.229749111 -0.175072315
190 25.357383728 -1.346624374 -0.631866455 2.105760162 1.146037407 -1.174681245
191 10.586959839 0.000000000 -0.000030518 0.718517120 -0.526689017 -0.592603091
192 19.962806702 -1.182567596 -0.493774414 -2.827724317 1.210077460 0.137379431
193 26.542930603 -0.000061035 5.258399963 -0.000098679 -0.575889304 -3.141563427
194 5.210937500 -0.000001907 0.000015259 -0.001371509 0.016635057 -0.040325462
195 11.580818176 -0.000003815 0.000000000 0.000000000 0.373150501 0.000000000
196 30.590766907 -0.110170364 0.305751801 -0.085298892 -0.411021005 0.067568696
197 7.470642090 0.014274597 0.148304462 -0.004235768 0.290942749 -0.012834017
198 9.857986450 6.173837662 -12.156152725 2.343721255 0.103353816 3.040407058
199 9.858200073 -6.068101883 -12.208473206 -2.352349825 0.104146931 -3.041265021
200 20.049377441 0.061208725 -14.093132019 3.134587295 0.926499159 3.136067236
201 5.580169678 -0.000003815 0.000015259 -0.403091505 0.954690340 -0.535644499
202 6.841293335 0.000000000 -0.000015259 -0.015274399 0.201995258 -0.023151974
203 6.916397095 0.000007629 0.000000000 -0.284057675 0.169796178 -0.000010178
204 24.600051880 -1.878301620 -11.667308807 -2.002800253 -0.732025296 -0.963281651
205 24.600051880 -1.878301620 -11.667308807 -1.536345236 -0.230748013 -1.702389711
206 24.600051880 -1.878301620 -11.667308807 -1.665549243 0.097947933 -2.370679697
207 24.599975586 1.980123520 -11.650838852 2.009399481 -0.739004495 0.958897021
208 24.599975586 1.980123520 -11.650838852 1.535182712 -0.239155086 1.702686470
209 24.599975586 1.980123520 -11.650838852 1.659403831 0.091981346 2.370144970
210 7.570632935 3.876308441 6.930503845 -2.049238070 1.047095500 -0.535595520
211 7.418075562 -3.974512100 7.604160309 1.014907748 -1.024031318 -2.618339091
212 -86.807075500 0.000003206 0.000005000 0.000000000 0.000000000 0.000244115
213 0.000000000 -0.000000000 0.000000000 0.000000000 0.000000000 0.000244115
214 0.000000000 -0.000000000 0.000000000 0.000000000 0.000000000 0.000244115
215 0.000000000 -0.000000000 0.000000000 0.000000000 0.000000000 0.000244115
216 0.000000000 -0.000000000 0.000000000 0.000000000 0.000000000 0.000244115
217 0.000000000 -0.000000000 0.000000000 0.000000000 0.000000000 0.000244115
218 0.000000000 -0.000000000 0.000000000 0.000000000 0.000000000 0.000244115
219 0.000000000 -0.000000000 0.000000000 0.000000000 0.000000000 0.000244115
220 0.000000000 -0.000000000 0.000000000 0.000000000 0.000000000 0.000244115
221 0.000000000 -0.000000000 0.000000000 0.000000000 0.000000000 0.000244115
222 0.000000000 -0.000000000 0.000000000 0.000000000 0.000000000 0.000244115
223 0.000000000 -0.000000000 0.000000000 0.000000000 0.000000000 0.000244115
time 1
0 0.000000007 -0.163871005 0.879299998 2.607509244 -1.547372313 2.114829190
1 88.476776123 -0.000062061 -0.000010272 3.003554736 -0.003053205 3.137477572
2 -43.495697021 -0.000050783 4.662868023 0.031652615 0.037323225 3.139852210
3 9.507705688 0.000008076 -0.000020981 0.248478266 0.298312797 0.239979373
4 23.267890930 2.189104080 -3.705398560 1.457307051 0.006448761 1.570078851
5 11.648437500 0.000019073 0.000015259 -0.019873247 -0.250523351 2.215775064
6 29.776130676 -0.000032425 -0.000122070 1.005649734 -0.183067515 1.110968738
7 25.612236023 0.000019073 0.000091553 0.498800319 -0.101277942 -0.331373342
8 8.674331665 -1.907150269 -2.936546326 -0.551336544 -0.109697996 1.608018152
9 0.000000000 -0.000000000 0.000000000 0.000000000 0.000000000 0.000244115
10 -43.495697021 -0.000050783 4.662868023 0.022098997 0.007592567 0.000342866
11 21.580322266 10.273416519 -4.495086193 -0.005707453 -0.055224071 0.044026958
12 45.674186707 0.000022888 0.000018120 -3.121059477 0.502790325 0.004649823
13 55.039104462 -0.000032425 -0.000024796 -3.112929593 1.140212518 0.027913349
14 21.580268860 -10.273574829 -4.495070934 0.291743577 -0.581729203 -0.063246554
15 45.674209595 0.000012636 -0.000041962 -3.133459369 0.819069071 -0.043052577
16 55.039146423 -0.000030041 -0.000012398 3.112693897 0.747751507 -0.017644149
17 0.161682129 -1.532184362 -10.638454437 2.830761450 0.515346683 -0.206651599
18 14.463745117 -0.000010490 0.000007629 -0.183125360 0.112926367 0.164431772
19 20.708938599 -0.000022888 -0.000045776 0.030254259 -0.012236483 -0.099503406
20 20.709026337 -0.000004768 -0.000015259 0.064819164 -0.128172665 -0.354531913
21 20.709554672 -0.000007629 0.000000000 0.082469488 -0.154816665 0.013096169
22 0.118835449 -3.636024952 -10.382871628 2.320173463 0.385834031 -0.470505547
23 14.125000000 -0.000022411 -0.000022888 -0.136068539 0.086620495 0.181679849
24 20.265335083 -0.000008583 -0.000022888 0.045843270 -0.024099902 -0.102657488
25 20.265331268 -0.000009298 -0.000015259 0.087608585 -0.147485811 -0.365597608
26 20.265625000 -0.000025749 -0.000030518 0.123079247 -0.110764859 0.012829405
27 0.430786133 -8.824711800 -7.827316761 2.171348799 0.325360551 -0.547373644
28 12.544487000 0.000007629 -0.000015259 -0.322790499 0.123308945 0.331823281
29 19.343734741 -0.000009537 -0.000022888 0.056464221 -0.028165233 -0.104905899
30 19.343750000 0.000000477 -0.000038147 0.096114933 -0.131247528 -0.362403798
31 19.343750000 -0.000011444 -0.000015259 0.093079284 -0.103651249 0.054880274
32 -0.019668579 -12.396470070 -3.323644400 1.902310620 0.098271873 -0.537681378
33 11.042068481 0.000009537 -0.000015259 -0.377639233 0.034943319 0.356639067
34 19.073440552 -0.000001907 -0.000038147 0.059218463 -0.037319352 -0.097358349
35 19.073348999 0.000000000 -0.000038147 0.093498241 -0.109012185 -0.350203184
36 19.073877335 0.000003338 -0.000045776 -0.028036399 -0.121594454 0.149731197
37 0.143402100 -12.177965164 2.328495502 1.406109370 -0.196676736 -0.465591551
38 10.827301025 0.000015259 -0.000030518 -0.232484028 -0.064087771 0.251981479
39 18.731544495 0.000005722 -0.000007629 0.053798698 -0.065746598 -0.095023198
40 18.731605530 0.000007629 -0.000030518 0.083964291 -0.097023976 -0.348469265
41 18.732204437 0.000014305 -0.000030518 -0.175663815 -0.195494943 0.242893101
42 0.706604004 -9.159463882 6.887689114 0.853097908 -0.241985864 -0.154746424
43 10.843421936 0.000003815 -0.000026703 -0.180207877 -0.243457609 0.183539606
44 18.864501953 0.000017166 -0.000022888 0.038146954 -0.072800112 -0.060315604
45 18.864482880 0.000011444 0.000007629 0.063334096 -0.077800820 -0.306469547
46 18.864948273 0.000018120 -0.000030518 -0.285486521 -0.282359397 0.289379593
47 0.843017578 -2.753788710 9.486446381 0.586603675 -0.146115318 -0.013467482
48 10.832740784 0.000012398 0.000003815 -0.474747025 -0.267537483 0.255066216
49 19.399497986 0.000001907 -0.000030518 0.023618160 -0.086232848 -0.048631591
50 19.399696350 0.000017643 -0.000015259 0.040961091 -0.049145754 -0.280952268
51 19.400085449 0.000020027 0.000000000 -0.180188952 -0.428263370 0.186356181
52 0.161651611 1.532161474 -10.638372421 3.136819584 0.552080857 -0.035534521
53 14.463714600 -0.000010490 -0.000015259 0.004442246 0.087242898 0.026546407
54 20.708969116 -0.000022888 -0.000007629 0.012341759 -0.006175573 -0.105741527
55 20.709014893 -0.000004768 -0.000007629 0.038240867 -0.101506658 -0.364657775
56 20.709592819 0.000015259 -0.000045776 -0.064865109 -0.144540969 0.083426432
57 0.118759155 3.636007071 -10.383041382 -2.442205260 0.483873672 0.361850259
58 14.125000000 -0.000013828 -0.000022888 -0.037960881 0.060015091 0.027277477
59 20.265319824 -0.000000477 -0.000007629 -0.005267111 -0.001674821 -0.110624178
60 20.265342712 0.000005722 -0.000015259 0.007944863 -0.041636098 -0.397414813
61 20.265625000 -0.000003815 -0.000015259 -0.105646244 -0.089304768 0.085299888
62 0.430786133 8.824709892 -7.827404499 -2.281361640 0.439560108 0.459723040
63 12.544555664 0.000013828 0.000000000 0.158514577 0.059351157 -0.114813781
64 19.343750000 -0.000008106 -0.000007629 -0.020510211 0.017721387 -0.109609701
65 19.343750000 0.000015259 -0.000022888 -0.027094515 0.055398241 -0.420325179
66 19.343750000 0.000003815 -0.000053406 -0.083031936 -0.079558156 0.044896574
67 -0.019577026 12.396468163 -3.323732376 -1.987128330 0.229704860 0.490445186
68 11.042076111 -0.000007629 0.000000000 0.194641400 -0.047882374 -0.138981471
69 19.073402405 0.000000954 -0.000045776 -0.026857759 0.008793776 -0.111189596
70 19.073383331 0.000007629 -0.000022888 -0.037666461 0.079539792 -0.430917268
71 19.073938370 0.000011444 -0.000038147 0.024337389 -0.107583736 -0.047304955
72 0.143447876 12.177960396 2.328406334 -1.609382145 0.010247619 0.491595727
73 10.827331543 -0.000015259 0.000007629 0.027998328 -0.119358780 -0.019920368
74 18.731575012 0.000006676 -0.000007629 -0.022659950 -0.016310135 -0.104316173
75 18.731582642 -0.000001907 -0.000068665 -0.026802592 0.056936508 -0.411785377
76 18.732156754 0.000026703 0.000030518 0.150783663 -0.198948342 -0.135718625
77 0.706573486 9.159471512 6.887772083 -1.096319172 -0.129168832 0.262283320
78 10.843391418 0.000002861 0.000007629 -0.073108996 -0.275497432 0.048770983
79 18.864524841 -0.000005722 -0.000038147 -0.013652208 -0.037613961 -0.091980640
80 18.864490509 0.000011444 0.000000000 -0.014007980 0.043638164 -0.349068702
81 18.865070343 0.000007629 -0.000030518 0.239946802 -0.303754128 -0.175337114
82 0.842941284 2.753787041 9.486444473 -0.827423816 -0.087951430 0.122814517
83 10.832794189 -0.000000477 0.000022888 0.208495842 -0.345378640 -0.044775382
84 19.399604797 -0.000003338 -0.000045776 -0.002135683 -0.066760089 -0.067997366
85 19.399612427 0.000001907 0.000007629 0.007443338 -0.013731969 -0.293989782
86 19.400196075 0.000013351 0.000000000 0.109027429 -0.442418078 -0.056438640
87 23.268287659 -2.187744141 -3.705848694 -1.456154893 0.000364046 -1.570479669
88 11.648437500 -0.000026703 0.000015259 -1.191969815 0.174103543 0.718415489
89 19.962633133 1.182586670 -0.494768620 2.827724317 1.210077460 -0.137379431
90 25.357299805 1.346649170 -0.632635593 -2.470655196 1.198111283 0.790198419
91 10.585937500 0.000000000 -0.000007629 -0.623342345 0.227380332 0.017522868
92 29.775829315 0.000030518 -0.000046253 0.509916794 0.827154160 -1.160381106
93 22.736793518 -0.004581451 -0.007385254 -0.567665312 -0.170646603 -2.892178389
94 0.073730469 -0.706542969 -0.275878906 -0.011538053 1.200439758 1.900704535
95 13.120185852 -0.000007629 -0.000015259 -1.097257953 -0.314121264 -0.496174281
96 12.350067139 0.000000000 -0.000007629 -1.113159123 0.732551244 -0.476082955
97 15.541221619 -0.000030518 0.000007629 0.329747337 1.422091808 0.828323829
98 14.906250000 -0.000001907 0.000000000 -0.344304849 0.664073802 0.055116293
99 14.182815552 -0.000007629 0.000000000 -0.283436904 0.565158316 0.005035665
100 6.140625000 -0.523925781 -0.378906250 1.260732128 1.234976788 1.681254539
101 11.348457336 -0.000007629 -0.000022888 -2.843166839 -0.489444510 0.415887916
102 12.005233765 0.000007629 -0.000011444 -0.796567527 0.761457346 -0.602780867
103 15.865589142 -0.000030518 0.000015259 -1.028891761 1.298107602 -0.625344504
104 14.851562500 -0.000015259 -0.000015259 -0.602971311 0.548619226 -0.005326680
105 12.538963318 -0.414989471 -0.272308350 1.302536811 1.258073834 1.527490070
106 10.619369507 -0.000015259 0.000015259 2.898083951 -0.348407855 0.531206578
107 12.043014526 -0.000015259 0.000009537 -0.484829994 1.013566079 -0.386454776
108 15.310379028 -0.000022888 -0.000007629 -0.421142253 0.518417883 -0.022033194
109 19.857894897 -0.000003815 -0.000015259 1.361251612 1.285629991 1.634643527
110 10.617187500 -0.000015259 0.000015259 -0.574995312 -0.374147247 0.546407637
111 11.091690063 -0.000015259 -0.000038147 -2.957140067 -0.407144775 -0.279387558
112 25.612243652 -0.000019073 -0.000137329 -0.964860271 -0.260129499 0.118751330
113 0.732421875 0.378173828 -0.043365479 -0.298448110 -0.042506783 0.541930270
114 9.421432495 0.000015259 -0.000019073 0.360626545 0.925566292 -0.183090914
115 3.208984375 0.000007629 0.000000000 -0.000856051 0.860846357 0.001031658
116 2.421092987 -0.000007629 0.000015259 -0.043040126 0.622529976 -0.041873882
117 0.783203125 0.134643555 -0.023925781 -0.156336213 -0.123510422 0.279151765
118 9.940948486 -0.000015259 0.000005722 0.156940826 0.930343403 -0.089257890
119 3.403709412 -0.000007629 -0.000015259 -0.006048037 0.656683852 -0.005707954
120 2.546609879 0.000007629 0.000000000 -0.038110356 0.644835858 -0.012733087
121 0.805175781 -0.000007629 -0.000011444 -0.007963538 -0.147251916 0.014089588
122 9.898437500 -0.000022888 0.000041962 -0.013519539 0.842282569 -0.001043158
123 3.537033081 -0.000015259 0.000000000 0.014337229 0.546778080 0.002854942
124 2.507812500 -0.000007629 0.000000000 0.001189873 0.577239660 0.007646629
125 0.821777344 -0.246826172 -0.028762817 0.155124828 -0.087466036 -0.272238366
126 9.687484741 -0.000015259 0.000007629 -0.211718941 0.781722057 0.168207529
127 3.679679871 -0.000007629 0.000015259 -0.002077321 0.581831668 -0.002424027
128 2.700599670 -0.000015259 -0.000030518 0.024996218 0.626238431 0.030959007
129 0.519042969 -0.395996094 -0.161987305 0.477878787 0.316754060 -0.763355711
130 6.753906250 -0.000007629 -0.000053406 -0.574483850 0.626140537 0.006934877
131 4.462646484 -0.000028610 -0.000015259 -0.077791836 0.010175756 0.138879881
132 22.736747742 0.004577637 -0.007293701 0.392121638 -0.001250245 -2.544065888
133 0.073730469 0.706542969 -0.276367188 1.376430043 1.535061378 -0.421516161
134 13.119331360 0.000015259 0.000015259 0.638158485 0.270942649 1.376789392
135 12.350997925 0.000003815 -0.000015259 0.316322944 0.229195541 0.572045108
136 15.540870667 0.000001907 0.000000000 -0.354733381 -0.070582270 0.435844832
137 14.906250000 0.000003815 0.000015259 -0.371413001 -0.321604542 0.193535502
138 14.182882309 0.000007629 0.000000000 -0.294486857 -0.118302888 0.036709542
139 6.140625000 0.523925781 -0.378662109 -1.174433583 1.362400156 -1.369216699
140 11.348968506 -0.000007629 0.000011444 1.673570609 -1.354242368 0.207873883
141 12.004653931 -0.000022888 -0.000015259 -0.274110837 -0.102438964 0.634684477
142 15.865951538 0.000015259 0.000000000 -0.247140400 -0.408081691 0.128391693
143 14.851562500 0.000000000 0.000007629 0.013494691 -0.133019508 -0.062244054
144 12.539047241 0.414970398 -0.272766113 -1.136316982 1.326367466 -1.130844152
145 10.619094849 0.000007629 -0.000015259 3.052830290 -1.118738426 -0.976616134
146 12.043624878 -0.000015259 -0.000007629 -0.547334041 0.012675133 0.627448684
147 15.309890747 -0.000015259 0.000007629 -0.210869067 -0.155524586 -0.003271111
148 19.857978821 0.000007629 0.000045776 -1.072961951 1.254788964 -1.121050978
149 10.617187500 -0.000003815 -0.000007629 0.706154552 -1.275837903 -0.796027283
150 11.091804504 0.000005245 0.000000000 1.477586173 0.416756185 -1.457614781
151 0.732421875 -0.378417969 -0.043029785 0.298829922 -0.043211786 -0.541974052
152 9.421354294 -0.000015259 0.000003815 -0.470241755 1.108872100 0.050969701
153 3.208984375 0.000015259 0.000015259 0.000857873 1.057455893 -0.001098300
154 2.421081543 -0.000015259 -0.000017166 0.043174526 0.819359608 0.045011662
155 0.783203125 -0.134643555 -0.023727417 0.156625597 -0.124254089 -0.279237635
156 9.941059113 -0.000015259 -0.000038147 -0.258870176 1.208138449 -0.026394740
157 3.403720856 0.000000000 0.000038147 -0.009093961 0.939657871 -0.001132441
158 2.546592712 -0.000015259 -0.000030518 0.050622334 0.928087349 0.026112669
159 0.805175781 0.000000000 0.000000000 0.007970885 -0.148203970 -0.014094421
160 9.898437500 0.000015259 0.000022888 0.008520768 1.208195160 -0.016983373
161 3.537109375 0.000015259 0.000000000 -0.000193491 0.912542382 0.000193491
162 2.507812500 -0.000015259 0.000011444 0.000320821 0.943623568 -0.000320821
163 0.821777344 0.246826172 -0.027450562 -0.156036888 -0.088436172 0.270446228
164 9.687316895 0.000022888 -0.000053406 0.342851519 1.121789534 -0.008737843
165 3.679668427 -0.000015259 0.000030518 -0.002974323 0.934332562 -0.000146806
166 2.700630188 -0.000015259 -0.000019073 -0.032371169 0.978263485 -0.042071145
167 0.519531250 0.395996094 -0.161743164 -0.478495596 0.316187846 0.763124936
168 6.753906250 0.000005722 -0.000015259 0.300769486 0.115172368 -0.360966190
169 4.462753296 0.000007629 0.000030518 0.078557963 0.005930337 -0.087042230
170 86.264892578 -0.000015259 -0.000001907 0.427548982 -1.177487685 2.794597054
171 2.875000000 0.000015259 0.000015259 0.756633242 0.612629268 0.898780229
172 8.134399414 -0.000015259 -0.000015259 -1.498974802 0.609839581 -2.323201007
173 8.134380341 0.000000000 0.000001907 0.567966720 0.143933473 2.092992044
174 8.134401321 0.000000000 0.000017166 -0.096815413 -0.156596007 0.898199241
175 8.134383202 -0.000030518 0.000011444 -0.125317768 -0.098864942 0.080434160
176 8.134395599 0.000000000 -0.000015259 -0.086218141 0.061843242 0.051016103
177 8.134382248 0.000000000 0.000000000 -0.051293337 0.046633772 0.234008810
178 8.134397507 -0.000015259 -0.000007629 -0.055746603 -0.011490017 0.296552430
179 8.132812500 -0.000015259 -0.000007629 -0.068503169 0.179167596 0.127832089
180 86.264892578 -0.000015259 -0.000001907 -1.581432414 -0.340397455 -1.749979873
181 2.875000000 0.000007629 -0.000030518 -0.183982521 0.532504755 -0.083274247
182 8.134384155 0.000000000 -0.000045776 1.268066087 0.684611858 2.412602833
183 8.134407043 0.000000000 -0.000015259 -2.429239721 -1.113273949 2.840282461
184 8.134418488 0.000000000 -0.000030518 0.049195282 -0.894066691 -0.554188093
185 8.134395599 0.000007629 0.000000000 -0.479799026 -0.047798347 -0.185059982
186 8.134393692 0.000000000 0.000030518 -0.369352189 -0.127008061 -0.001142755
187 8.134375572 0.000015259 -0.000030518 -0.299082496 -0.195485555 -0.168982882
188 8.134401321 0.000000000 -0.000007629 -0.240490894 -0.080485323 -0.264614385
189 8.132812500 0.000015259 -0.000003815 -0.261193605 0.229945539 -0.175482946
190 25.357383728 -1.346624374 -0.631866455 2.187758108 1.480673639 -1.048508426
191 10.586959839 0.000000000 -0.000030518 0.718206788 -0.524234978 -0.590720796
192 19.962806702 -1.182567596 -0.493774414 -2.827724317 1.210077460 0.137379431
193 26.542930603 -0.000061035 5.258399963 -0.000098679 -0.575889309 -3.141563427
194 5.210937500 -0.000001907 0.000015259 0.002096603 -0.072621310 0.011238856
195 11.580818176 -0.000003815 0.000000000 0.000000000 0.373150501 0.000000000
196 30.590766907 -0.110170364 0.305751801 -0.162519891 -0.406997075 0.087104892
197 7.470642090 0.014274597 0.148304462 0.002321692 0.293865681 -0.013792147
198 9.857986450 6.173837662 -12.156152725 2.343721255 0.103353816 3.040407058
199 9.858200073 -6.068101883 -12.208473206 -2.352349825 0.104146931 -3.041265021
200 20.049377441 0.061208725 -14.093132019 3.134587295 0.926499159 3.136067236
201 5.580169678 -0.000003815 0.000015259 -0.502467083 0.983288784 -0.639545236
202 6.841293335 0.000000000 -0.000015259 -0.045829244 0.354954159 -0.123105608
203 6.916397095 0.000007629 0.000000000 -0.284057675 0.169796178 -0.000010178
204 24.600051880 -1.878301620 -11.667308807 -2.002800253 -0.732025296 -0.963281651
205 24.600051880 -1.878301620 -11.667308807 -1.536345236 -0.230748013 -1.702389711
206 24.600051880 -1.878301620 -11.667308807 -1.665549243 0.097947933 -2.370679697
207 24.599975586 1.980123520 -11.650838852 2.009399481 -0.739004495 0.958897021
208 24.599975586 1.980123520 -11.650838852 1.535182712 -0.239155086 1.702686470
209 24.599975586 1.980123520 -11.650838852 1.659403831 0.091981346 2.370144970
210 7.570632935 3.876308441 6.930503845 -2.049238070 1.047095500 -0.535595520
211 7.418075562 -3.974512100 7.604160309 1.014907748 -1.024031318 -2.618339091
212 -86.807075500 0.000003206 0.000005000 0.000000000 0.000000000 0.000244115
213 0.000000000 -0.000000000 0.000000000 0.000000000 0.000000000 0.000244115
214 0.000000000 -0.000000000 0.000000000 0.000000000 0.000000000 0.000244115
215 0.000000000 -0.000000000 0.000000000 0.000000000 0.000000000 0.000244115
216 0.000000000 -0.000000000 0.000000000 0.000000000 0.000000000 0.000244115
217 0.000000000 -0.000000000 0.000000000 0.000000000 0.000000000 0.000244115
218 0.000000000 -0.000000000 0.000000000 0.000000000 0.000000000 0.000244115
219 0.000000000 -0.000000000 0.000000000 0.000000000 0.000000000 0.000244115
220 0.000000000 -0.000000000 0.000000000 0.000000000 0.000000000 0.000244115
221 0.000000000 -0.000000000 0.000000000 0.000000000 0.000000000 0.000244115
222 0.000000000 -0.000000000 0.000000000 0.000000000 0.000000000 0.000244115
223 0.000000000 -0.000000000 0.000000000 0.000000000 0.000000000 0.000244115
time 2
0 0.000000027 -0.608682990 0.868671000 2.704377456 -1.562882895 2.043963447
1 88.476776123 -0.000062061 -0.000010272 3.003554736 -0.003053205 3.137477572
2 -43.495697021 -0.000050783 4.662868023 0.118747419 0.034802540 3.135099890
3 9.507705688 0.000008076 -0.000020981 0.138244009 0.215992370 0.147565351
4 23.267890930 2.189104080 -3.705398560 1.460353816 0.024379135 1.568546177
5 11.648437500 0.000019073 0.000015259 -0.102642682 -0.210390648 2.068434614
6 29.776130676 -0.000032425 -0.000122070 0.896408873 -0.082151070 0.845501289
7 25.612236023 0.000019073 0.000091553 0.524169791 -0.077809548 -0.340074757
8 8.674331665 -1.907150269 -2.936546326 -0.551336544 -0.109697996 1.608018152
9 0.000000000 -0.000000000 0.000000000 0.000000000 0.000000000 0.000244115
10 -43.495697021 -0.000050783 4.662868023 0.077296904 0.026729006 0.001292778
11 21.580322266 10.273416519 -4.495086193 -0.018728785 -0.054596263 0.043777485
12 45.674186707 0.000022888 0.000018120 -3.135850236 0.502552362 -0.002625232
13 55.039104462 -0.000032425 -0.000024796 -3.138376354 1.137899563 0.011277964
14 21.580268860 -10.273574829 -4.495070934 0.271211351 -0.581245816 -0.055315031
15 45.674209595 0.000012636 -0.000041962 3.134615273 0.815103721 -0.047956603
16 55.039146423 -0.000030041 -0.000012398 3.095588495 0.741718299 -0.026599079
17 0.161682129 -1.532184362 -10.638454437 2.892455844 0.541578125 -0.180619846
18 14.463745117 -0.000010490 0.000007629 -0.135811761 0.091560380 0.149123565
19 20.708938599 -0.000022888 -0.000045776 0.041453398 0.055177874 0.068091920
20 20.709026337 -0.000004768 -0.000015259 0.070281406 -0.119970556 -0.313396802
21 20.709554672 -0.000007629 0.000000000 0.081296014 -0.154484352 0.013720118
22 0.118835449 -3.636024952 -10.382871628 2.367476453 0.425893799 -0.456415090
23 14.125000000 -0.000022411 -0.000022888 -0.095545119 0.063273993 0.157179888
24 20.265335083 -0.000008583 -0.000022888 0.052233057 0.040149735 0.087612282
25 20.265331268 -0.000009298 -0.000015259 0.088213003 -0.132294696 -0.312361422
26 20.265625000 -0.000025749 -0.000030518 0.122008017 -0.110185787 0.013443214
27 0.430786133 -8.824711800 -7.827316761 2.213508880 0.368843605 -0.537694247
28 12.544487000 0.000007629 -0.000015259 -0.289473960 0.090319260 0.304948663
29 19.343734741 -0.000009537 -0.000022888 0.058167994 0.021197666 0.097461994
30 19.343750000 0.000000477 -0.000038147 0.095090232 -0.116045191 -0.305980201
31 19.343750000 -0.000011444 -0.000015259 0.092109874 -0.102962488 0.055566026
32 -0.019668579 -12.396470070 -3.323644400 1.940824783 0.142244134 -0.537846921
33 11.042068481 0.000009537 -0.000015259 -0.345023920 0.002897248 0.326092833
34 19.073440552 -0.000001907 -0.000038147 0.056599835 -0.008624673 0.106018952
35 19.073348999 0.000000000 -0.000038147 0.094718194 -0.103505180 -0.298868631
36 19.073877335 0.000003338 -0.000045776 -0.028809411 -0.120835242 0.150545150
37 0.143402100 -12.177965164 2.328495502 1.446086658 -0.154445067 -0.477487635
38 10.827301025 0.000015259 -0.000030518 -0.196485737 -0.084037712 0.214393937
39 18.731544495 0.000005722 -0.000007629 0.045651008 -0.060672516 0.111744848
40 18.731605530 0.000007629 -0.000030518 0.090682925 -0.110538639 -0.309509079
41 18.732204437 0.000014305 -0.000030518 -0.176348092 -0.194648568 0.243758882
42 0.706604004 -9.159463882 6.887689114 0.904320038 -0.212922424 -0.171775691
43 10.843421936 0.000003815 -0.000026703 -0.132158957 -0.250339164 0.136254487
44 18.864501953 0.000017166 -0.000022888 0.028518981 -0.098358225 0.140287079
45 18.864482880 0.000011444 0.000007629 0.075170165 -0.105649302 -0.274502054
46 18.864948273 0.000018120 -0.000030518 -0.286124913 -0.281537325 0.290324639
47 0.843017578 -2.753788710 9.486446381 0.641035235 -0.123609517 -0.027141543
48 10.832740784 0.000012398 0.000003815 -0.421163986 -0.273918304 0.212954116
49 19.399497986 0.000001907 -0.000030518 0.014960694 -0.137419909 0.123818085
50 19.399696350 0.000017643 -0.000015259 0.058934196 -0.099087508 -0.257369667
51 19.400085449 0.000020027 0.000000000 -0.181017606 -0.427855435 0.187475953
52 0.161651611 1.532161474 -10.638372421 -3.079443047 0.568708162 -0.005851866
53 14.463714600 -0.000010490 -0.000015259 0.057553294 0.074800129 0.012005202
54 20.708969116 -0.000022888 -0.000007629 0.026250306 0.057631524 0.050591574
55 20.709014893 -0.000004768 -0.000007629 0.050580262 -0.113945174 -0.340566609
56 20.709592819 0.000015259 -0.000045776 -0.066018866 -0.144306923 0.083936374
57 0.118759155 3.636007071 -10.383041382 -2.377400884 0.478113559 0.383731553
58 14.125000000 -0.000013828 -0.000022888 0.018225841 0.057100545 0.015287437
59 20.265319824 -0.000000477 -0.000007629 0.009232978 0.036133105 0.047394687
60 20.265342712 0.000005722 -0.000015259 0.030083580 -0.087333679 -0.394937300
61 20.265625000 -0.000003815 -0.000015259 -0.106712519 -0.089228207 0.085951873
62 0.430786133 8.824709892 -7.827404499 -2.219068711 0.428663222 0.477264536
63 12.544555664 0.000013828 0.000000000 0.214649841 0.064967885 -0.126429455
64 19.343750000 -0.000008106 -0.000007629 -0.005817362 0.030211136 0.055082040
65 19.343750000 0.000015259 -0.000022888 0.002825948 -0.016440586 -0.443977174
66 19.343750000 0.000003815 -0.000053406 -0.084100544 -0.079592082 0.045633406
67 -0.019577026 12.396468163 -3.323732376 -1.928983735 0.218866038 0.494613767
68 11.042076111 -0.000007629 0.000000000 0.250242722 -0.033438223 -0.150773195
69 19.073402405 0.000000954 -0.000045776 -0.015823677 -0.009734977 0.057488021
70 19.073383331 0.000007629 -0.000022888 -0.003675534 -0.003186471 -0.469455749
71 19.073938370 0.000011444 -0.000038147 0.023341954 -0.107615308 -0.046473257
72 0.143447876 12.177960396 2.328406334 -1.551661161 0.001195908 0.482985389
73 10.827331543 -0.000015259 0.000007629 0.082968089 -0.102925771 -0.036111331
74 18.731575012 0.000006676 -0.000007629 -0.017190902 -0.058938400 0.067273450
75 18.731582642 -0.000001907 -0.000068665 0.006786246 -0.021732601 -0.453515147
76 18.732156754 0.000026703 0.000030518 0.149803172 -0.199085351 -0.134581265
77 0.706573486 9.159471512 6.887772083 -1.038314881 -0.123033632 0.247385654
78 10.843391418 0.000002861 0.000007629 -0.017002697 -0.257654115 0.027097055
79 18.864524841 -0.000005722 -0.000038147 -0.011903907 -0.097179203 0.059871856
80 18.864490509 0.000011444 0.000000000 0.016358544 -0.030857982 -0.382953158
81 18.865070343 0.000007629 -0.000030518 0.239057930 -0.303854666 -0.174147585
82 0.842941284 2.753787041 9.486444473 -0.770900583 -0.073858816 0.111369242
83 10.832794189 -0.000000477 0.000022888 0.263383538 -0.320494992 -0.066533974
84 19.399604797 -0.000003338 -0.000045776 -0.003690583 -0.126574368 0.071862943
85 19.399612427 0.000001907 0.000007629 0.032788450 -0.081272928 -0.297206870
86 19.400196075 0.000013351 0.000000000 0.108021091 -0.442318917 -0.055141617
87 23.268287659 -2.187744141 -3.705848694 -1.456154893 0.000364046 -1.570479669
88 11.648437500 -0.000026703 0.000015259 -1.191969815 0.174103543 0.718415489
89 19.962633133 1.182586670 -0.494768620 2.827724317 1.210077460 -0.137379431
90 25.357299805 1.346649170 -0.632635593 -2.690075566 0.969115959 0.575060729
91 10.585937500 0.000000000 -0.000007629 -0.623342345 0.227380332 0.017522868
92 29.775829315 0.000030518 -0.000046253 0.509916794 0.827154160 -1.160381106
93 22.736793518 -0.004581451 -0.007385254 -0.567665312 -0.170646603 -2.892178389
94 0.073730469 -0.706542969 -0.275878906 -0.029296379 1.502622841 1.908478565
95 13.120185852 -0.000007629 -0.000015259 -1.107732792 -0.524232706 -0.594010947
96 12.350067139 0.000000000 -0.000007629 -1.115341665 0.679502045 -0.447770614
97 15.541221619 -0.000030518 0.000007629 0.302521387 1.108113239 0.912595929
98 14.906250000 -0.000001907 0.000000000 -0.135068821 0.755011702 0.356163836
99 14.182815552 -0.000007629 0.000000000 -0.283401486 0.565082092 0.005147559
100 6.140625000 -0.523925781 -0.378906250 -0.173773819 1.481236333 0.255603544
101 11.348457336 -0.000007629 -0.000022888 -2.979251890 -0.506439829 0.629688359
102 12.005233765 0.000007629 -0.000011444 -0.795817295 0.722772768 -0.570673776
103 15.865589142 -0.000030518 0.000015259 -0.221235727 1.220216224 0.323826338
104 14.851562500 -0.000015259 -0.000015259 -0.602914468 0.548474560 -0.005171680
105 12.538963318 -0.414989471 -0.272308350 -0.208944424 1.420095185 0.008345752
106 10.619369507 -0.000015259 0.000015259 2.841286331 -0.288404541 0.693548775
107 12.043014526 -0.000015259 0.000009537 -0.504745652 0.974374642 -0.387955240
108 15.310379028 -0.000022888 -0.000007629 -0.421193020 0.518260988 -0.021921533
109 19.857894897 -0.000003815 -0.000015259 -0.280319188 1.444978326 -0.014917928
110 10.617187500 -0.000015259 0.000015259 -0.615493426 -0.305764956 0.665065714
111 11.091690063 -0.000015259 -0.000038147 -2.957248213 -0.407070420 -0.279354904
112 25.612243652 -0.000019073 -0.000137329 -0.964860271 -0.260129499 0.118751330
113 0.732421875 0.378173828 -0.043365479 -0.298448110 -0.042506783 0.541930270
114 9.421432495 0.000015259 -0.000019073 0.360626545 0.925566292 -0.183090914
115 3.208984375 0.000007629 0.000000000 -0.000856051 0.860846357 0.001031658
116 2.421092987 -0.000007629 0.000015259 -0.043036401 0.622439442 -0.041870124
117 0.783203125 0.134643555 -0.023925781 -0.156336213 -0.123510422 0.279151765
118 9.940948486 -0.000015259 0.000005722 0.156940826 0.930343403 -0.089257890
119 3.403709412 -0.000007629 -0.000015259 -0.006048037 0.656683852 -0.005707954
120 2.546609879 0.000007629 0.000000000 -0.038110356 0.644835858 -0.012733087
121 0.805175781 -0.000007629 -0.000011444 -0.007963538 -0.147251916 0.014089588
122 9.898437500 -0.000022888 0.000041962 -0.013519539 0.842282569 -0.001043158
123 3.537033081 -0.000015259 0.000000000 0.014337229 0.546778080 0.002854942
124 2.507812500 -0.000007629 0.000000000 0.001189873 0.577239660 0.007646629
125 0.821777344 -0.246826172 -0.028762817 0.155124828 -0.087466036 -0.272238366
126 9.687484741 -0.000015259 0.000007629 -0.211718941 0.781722057 0.168207529
127 3.679679871 -0.000007629 0.000015259 -0.002077321 0.581831668 -0.002424027
128 2.700599670 -0.000015259 -0.000030518 0.024996218 0.626238431 0.030959007
129 0.519042969 -0.395996094 -0.161987305 0.477878787 0.316754060 -0.763355711
130 6.753906250 -0.000007629 -0.000053406 -0.574483850 0.626140537 0.006934877
131 4.462646484 -0.000028610 -0.000015259 -0.077791836 0.010175756 0.138879881
132 22.736747742 0.004577637 -0.007293701 0.168089340 0.074775054 -2.566288710
133 0.073730469 0.706542969 -0.276367188 -0.287155891 0.901636113 -2.039719493
134 13.119331360 0.000015259 0.000015259 0.610130050 0.057039773 0.748264809
135 12.350997925 0.000003815 -0.000015259 0.724516915 0.671009348 1.420188436
136 15.540870667 0.000001907 0.000000000 -0.341014886 0.067274066 0.459951007
137 14.906250000 0.000003815 0.000015259 -0.295606358 -0.443872884 -0.123297769
138 14.182882309 0.000007629 0.000000000 -0.290725924 -0.113566689 0.035865873
139 6.140625000 0.523925781 -0.378662109 -1.801631805 0.839222311 -2.001637179
140 11.348968506 -0.000007629 0.000011444 2.019160571 -0.759056245 -0.035681829
141 12.004653931 -0.000022888 -0.000015259 -0.153081411 0.258623672 1.272023576
142 15.865951538 0.000015259 0.000000000 -0.275391615 -0.281871933 0.292188606
143 14.851562500 0.000000000 0.000007629 0.016735200 -0.128071462 -0.062582232
144 12.539047241 0.414970398 -0.272766113 -2.038807773 0.890591843 -2.066195180
145 10.619094849 0.000007629 -0.000015259 2.709673564 -0.779307136 -0.408169243
146 12.043624878 -0.000015259 -0.000007629 -0.318797251 0.444718453 1.159697616
147 15.309890747 -0.000015259 0.000007629 -0.207800987 -0.150552469 -0.004288492
148 19.857978821 0.000007629 0.000045776 -2.110954725 0.945364478 -2.192186101
149 10.617187500 -0.000003815 -0.000007629 0.170849255 -1.078762667 -0.105453360
150 11.091804504 0.000005245 0.000000000 1.487776683 0.411217813 -1.441180467
151 0.732421875 -0.378417969 -0.043029785 0.298829922 -0.043211786 -0.541974052
152 9.421354294 -0.000015259 0.000003815 -0.470241755 1.108872100 0.050969701
153 3.208984375 0.000015259 0.000015259 0.000857873 1.057455893 -0.001098300
154 2.421081543 -0.000015259 -0.000017166 0.043174526 0.819359608 0.045011662
155 0.783203125 -0.134643555 -0.023727417 0.156625597 -0.124254089 -0.279237635
156 9.941059113 -0.000015259 -0.000038147 -0.258870176 1.208138449 -0.026394740
157 3.403720856 0.000000000 0.000038147 -0.009093961 0.939657871 -0.001132441
158 2.546592712 -0.000015259 -0.000030518 0.050622334 0.928087349 0.026112669
159 0.805175781 0.000000000 0.000000000 0.007970885 -0.148203970 -0.014094421
160 9.898437500 0.000015259 0.000022888 0.008520768 1.208195160 -0.016983373
161 3.537109375 0.000015259 0.000000000 -0.000193491 0.912542382 0.000193491
162 2.507812500 -0.000015259 0.000011444 0.000320821 0.943623568 -0.000320821
163 0.821777344 0.246826172 -0.027450562 -0.157819534 -0.089232770 0.265891458
164 9.687316895 0.000022888 -0.000053406 0.342851519 1.121789534 -0.008737843
165 3.679668427 -0.000015259 0.000030518 -0.002974323 0.934332562 -0.000146806
166 2.700630188 -0.000015259 -0.000019073 -0.032371169 0.978263485 -0.042071145
167 0.519531250 0.395996094 -0.161743164 -0.478495596 0.316187846 0.763124936
168 6.753906250 0.000005722 -0.000015259 0.300769486 0.115172368 -0.360966190
169 4.462753296 0.000007629 0.000030518 0.078557963 0.005930337 -0.087042230
170 86.264892578 -0.000015259 -0.000001907 0.465771012 -1.109396987 2.736332627
171 2.875000000 0.000015259 0.000015259 0.722992886 0.642849521 0.855359025
172 8.134399414 -0.000015259 -0.000015259 0.570917786 -0.432450147 -1.921623996
173 8.134380341 0.000000000 0.000001907 -0.032492565 -0.217231174 -0.601175496
174 8.134401321 0.000000000 0.000017166 0.070163607 -0.152932834 -0.303071999
175 8.134383202 -0.000030518 0.000011444 0.997947871 -0.721901415 -1.605570223
176 8.134395599 0.000000000 -0.000015259 0.506653242 -1.015349092 -1.072161143
177 8.134382248 0.000000000 0.000000000 -0.138481521 -0.278004309 -0.012134637
178 8.134397507 -0.000015259 -0.000007629 -0.133823277 -0.143612288 0.244968628
179 8.132812500 -0.000015259 -0.000007629 -0.069188958 0.180600547 0.129903641
180 86.264892578 -0.000015259 -0.000001907 -1.582570651 -0.323011855 -1.743605333
181 2.875000000 0.000007629 -0.000030518 -0.170885087 0.558032911 -0.063210837
182 8.134384155 0.000000000 -0.000045776 -2.262248149 0.966195053 -2.489833794
183 8.134407043 0.000000000 -0.000015259 -0.285757738 0.643790476 -0.057770668
184 8.134418488 0.000000000 -0.000030518 -0.333797258 0.260919668 0.017946324
185 8.134395599 0.000007629 0.000000000 1.885780883 1.431433072 2.300950667
186 8.134393692 0.000000000 0.000030518 1.664355042 1.268423694 2.091876689
187 8.134375572 0.000015259 -0.000030518 -0.324471483 0.138009873 -0.071459736
188 8.134401321 0.000000000 -0.000007629 -0.297310959 -0.022185380 -0.437176826
189 8.132812500 0.000015259 -0.000003815 -0.261830535 0.230661733 -0.176456001
190 25.357383728 -1.346624374 -0.631866455 -1.114167075 0.919275409 2.048943393
191 10.586959839 0.000000000 -0.000030518 0.717301075 -0.517125399 -0.585306425
192 19.962806702 -1.182567596 -0.493774414 -2.827724317 1.210077460 0.137379431
193 26.542930603 -0.000061035 5.258399963 -0.000098679 -0.575889309 -3.141563427
194 5.210937500 -0.000001907 0.000015259 -0.003083667 -0.304734405 0.101992927
195 11.580818176 -0.000003815 0.000000000 0.000000000 0.373150501 0.000000000
196 30.590766907 -0.110170364 0.305751801 -0.251480759 -0.396079905 0.113449428
197 7.470642090 0.014274597 0.148304462 0.021121810 0.302076279 -0.016693463
198 9.857986450 6.173837662 -12.156152725 2.343721255 0.103353816 3.040407058
199 9.858200073 -6.068101883 -12.208473206 -2.352349825 0.104146931 -3.041265021
200 20.049377441 0.061208725 -14.093132019 3.134587295 0.926499159 3.136067236
201 5.580169678 -0.000003815 0.000015259 -0.355772040 0.875972738 -0.482632700
202 6.841293335 0.000000000 -0.000015259 -0.088979336 0.588584041 -0.273701536
203 6.916397095 0.000007629 0.000000000 -0.284057675 0.169796178 -0.000010178
204 24.600051880 -1.878301620 -11.667308807 -2.002800253 -0.732025296 -0.963281651
205 24.600051880 -1.878301620 -11.667308807 -1.536345236 -0.230748013 -1.702389711
206 24.600051880 -1.878301620 -11.667308807 -1.665549243 0.097947933 -2.370679697
207 24.599975586 1.980123520 -11.650838852 2.009399481 -0.739004495 0.958897021
208 24.599975586 1.980123520 -11.650838852 1.535182712 -0.239155086 1.702686470
209 24.599975586 1.980123520 -11.650838852 1.659403831 0.091981346 2.370144970
210 7.570632935 3.876308441 6.930503845 -2.049238070 1.047095500 -0.535595520
211 7.418075562 -3.974512100 7.604160309 1.014907748 -1.024031318 -2.618339091
212 -86.807075500 0.000003206 0.000005000 0.000000000 0.000000000 0.000244115
213 0.000000000 -0.000000000 0.000000000 0.000000000 0.000000000 0.000244115
214 0.000000000 -0.000000000 0.000000000 0.000000000 0.000000000 0.000244115
215 0.000000000 -0.000000000 0.000000000 0.000000000 0.000000000 0.000244115
216 0.000000000 -0.000000000 0.000000000 0.000000000 0.000000000 0.000244115
217 0.000000000 -0.000000000 0.000000000 0.000000000 0.000000000 0.000244115
218 0.000000000 -0.000000000 0.000000000 0.000000000 0.000000000 0.000244115
219 0.000000000 -0.000000000 0.000000000 0.000000000 0.000000000 0.000244115
220 0.000000000 -0.000000000 0.000000000 0.000000000 0.000000000 0.000244115
221 0.000000000 -0.000000000 0.000000000 0.000000000 0.000000000 0.000244115
222 0.000000000 -0.000000000 0.000000000 0.000000000 0.000000000 0.000244115
223 0.000000000 -0.000000000 0.000000000 0.000000000 0.000000000 0.000244115
time 3
0 0.000000055 -1.264194012 0.852154016 -0.329078977 -1.561918382 -1.168702369
1 88.476776123 -0.000062061 -0.000010272 3.003554736 -0.003053205 3.137477572
2 -43.495697021 -0.000050783 4.662868023 0.247148439 0.031082427 3.128055328
3 9.507705688 0.000008076 -0.000020981 -0.011642990 0.108984761 0.027460953
4 23.267890930 2.189104080 -3.705398560 1.465256438 0.052099966 1.566367638
5 11.648437500 0.000019073 0.000015259 -0.222917277 -0.172158529 1.851418665
6 29.776130676 -0.000032425 -0.000122070 0.754499001 0.049100292 0.500405846
7 25.612236023 0.000019073 0.000091553 0.563357369 -0.041503721 -0.349385229
8 8.674331665 -1.907150269 -2.936546326 -0.551336544 -0.109697996 1.608018152
9 0.000000000 -0.000000000 0.000000000 0.000000000 0.000000000 0.000244115
10 -43.495697021 -0.000050783 4.662868023 0.149149541 0.051490071 0.002549052
11 21.580322266 10.273416519 -4.495086193 -0.038477213 -0.053573218 0.043438800
12 45.674186707 0.000022888 0.000018120 3.124785774 0.502189610 -0.013757333
13 55.039104462 -0.000032425 -0.000024796 3.105852728 1.134396391 -0.014170964
14 21.580268860 -10.273574829 -4.495070934 0.239818856 -0.580463606 -0.043194142
15 45.674209595 0.000012636 -0.000041962 3.111796137 0.808985628 -0.053137362
16 55.039146423 -0.000030041 -0.000012398 3.069594294 0.736448052 -0.040285690
17 0.161682129 -1.532184362 -10.638454437 2.972617212 0.575764520 -0.146818770
18 14.463745117 -0.000010490 0.000007629 -0.074268293 0.061988919 0.128193268
19 20.708938599 -0.000022888 -0.000045776 0.055902372 0.165502921 0.203037475
20 20.709026337 -0.000004768 -0.000015259 0.059535867 -0.080323958 -0.223659130
21 20.709554672 -0.000007629 0.000000000 0.079405748 -0.153897224 0.014668716
22 0.118835449 -3.636024952 -10.382871628 2.429003098 0.477902942 -0.438048260
23 14.125000000 -0.000022411 -0.000022888 -0.042865785 0.031371848 0.123574615
24 20.265335083 -0.000008583 -0.000022888 0.065843392 0.147740982 0.255106479
25 20.265331268 -0.000009298 -0.000015259 0.072967289 -0.086037492 -0.205096322
26 20.265625000 -0.000025749 -0.000030518 0.120223590 -0.109363141 0.014456165
27 0.430786133 -8.824711800 -7.827316761 2.268262327 0.425359028 -0.525085832
28 12.544487000 0.000007629 -0.000015259 -0.246068381 0.047323118 0.268265757
29 19.343734741 -0.000009537 -0.000022888 0.066650719 0.110282081 0.289046444
30 19.343750000 0.000000477 -0.000038147 0.078897390 -0.075062888 -0.191346233
31 19.343750000 -0.000011444 -0.000015259 0.090524315 -0.101757764 0.056737247
32 -0.019668579 -12.396470070 -3.323644400 1.990974843 0.199345059 -0.538035189
33 11.042068481 0.000009537 -0.000015259 -0.302660845 -0.038923234 0.284283989
34 19.073440552 -0.000001907 -0.000038147 0.057582940 0.058274008 0.311498499
35 19.073348999 0.000000000 -0.000038147 0.080479689 -0.079563134 -0.187702118
36 19.073877335 0.000003338 -0.000045776 -0.030186609 -0.119678313 0.151821404
37 0.143402100 -12.177965164 2.328495502 1.498000312 -0.099646121 -0.492928037
38 10.827301025 0.000015259 -0.000030518 -0.149617281 -0.109933256 0.163055361
39 18.731544495 0.000005722 -0.000007629 0.035995717 -0.016031946 0.333119528
40 18.731605530 0.000007629 -0.000030518 0.079975569 -0.113149618 -0.207867268
41 18.732204437 0.000014305 -0.000030518 -0.177369107 -0.193284643 0.245134129
42 0.706604004 -9.159463882 6.887689114 0.970840649 -0.176086764 -0.193905369
43 10.843421936 0.000003815 -0.000026703 -0.069778227 -0.259240026 0.074783808
44 18.864501953 0.000017166 -0.000022888 0.009874181 -0.083537237 0.362878002
45 18.864482880 0.000011444 0.000007629 0.068687676 -0.131985288 -0.179260032
46 18.864948273 0.000018120 -0.000030518 -0.287139784 -0.280333162 0.291799793
47 0.843017578 -2.753788710 9.486446381 0.711622232 -0.097928846 -0.044714386
48 10.832740784 0.000012398 0.000003815 -0.351604751 -0.282255382 0.158244826
49 19.399497986 0.000001907 -0.000030518 -0.009884640 -0.152040510 0.324982614
50 19.399696350 0.000017643 -0.000015259 0.058173681 -0.155074564 -0.175530660
51 19.400085449 0.000020027 0.000000000 -0.182361980 -0.427261603 0.189402161
52 0.161651611 1.532161474 -10.638372421 -2.992488653 0.590181488 0.032736517
53 14.463714600 -0.000010490 -0.000015259 0.126649953 0.057104128 -0.007020714
54 20.708969116 -0.000022888 -0.000007629 0.040575358 0.160279880 0.166183937
55 20.709014893 -0.000004768 -0.000007629 0.045343642 -0.096536064 -0.263985195
56 20.709592819 0.000015259 -0.000045776 -0.067976035 -0.143941227 0.084846968
57 0.118759155 3.636007071 -10.383041382 -2.293227004 0.471271732 0.412123877
58 14.125000000 -0.000013828 -0.000022888 0.091470428 0.052632452 -0.000097282
59 20.265319824 -0.000000477 -0.000007629 0.021777490 0.111013245 0.168262390
60 20.265342712 0.000005722 -0.000015259 0.034549121 -0.112574462 -0.327195740
61 20.265625000 -0.000003815 -0.000015259 -0.108573661 -0.089098506 0.086984590
62 0.430786133 8.824709892 -7.827404499 -2.138166043 0.415213351 0.500037468
63 12.544555664 0.000013828 0.000000000 0.287638157 0.072294556 -0.141527224
64 19.343750000 -0.000008106 -0.000007629 0.004616811 0.079266164 0.190256513
65 19.343750000 0.000015259 -0.000022888 0.019231379 -0.081837854 -0.391518554
66 19.343750000 0.000003815 -0.000053406 -0.085792422 -0.079592702 0.046826735
67 -0.019577026 12.396468163 -3.323732376 -1.853364494 0.205464306 0.499979377
68 11.042076111 -0.000007629 0.000000000 0.322387659 -0.014599445 -0.166181038
69 19.073402405 0.000000954 -0.000045776 -0.012913777 0.005890958 0.212447057
70 19.073383331 0.000007629 -0.000022888 0.020088492 -0.094610900 -0.428865262
71 19.073938370 0.000011444 -0.000038147 0.021793749 -0.107664520 -0.045006569
72 0.143447876 12.177960396 2.328406334 -1.477323268 -0.010431807 0.472065654
73 10.827331543 -0.000015259 0.000007629 0.154501654 -0.081602644 -0.057186980
74 18.731575012 0.000006676 -0.000007629 -0.024015369 -0.067111508 0.240020857
75 18.731582642 -0.000001907 -0.000068665 0.029947110 -0.117716937 -0.416619171
76 18.732156754 0.000026703 0.000030518 0.148332321 -0.199288978 -0.132875076
77 0.706573486 9.159471512 6.887772083 -0.962873100 -0.116737655 0.228067725
78 10.843391418 0.000002861 0.000007629 0.055763715 -0.234950567 -0.001105040
79 18.864524841 -0.000005722 -0.000038147 -0.027302464 -0.130411341 0.231709854
80 18.864490509 0.000011444 0.000000000 0.035796106 -0.125607895 -0.351849699
81 18.865070343 0.000007629 -0.000030518 0.237539873 -0.303975821 -0.172329342
82 0.842941284 2.753787041 9.486444473 -0.697416084 -0.057957025 0.096525909
83 10.832794189 -0.000000477 0.000022888 0.334720497 -0.288283836 -0.094755723
84 19.399604797 -0.000003338 -0.000045776 -0.023387687 -0.162831750 0.239517175
85 19.399612427 0.000001907 0.000007629 0.042068041 -0.161941586 -0.245151142
86 19.400196075 0.000013351 0.000000000 0.106402744 -0.442263551 -0.053088799
87 23.268287659 -2.187744141 -3.705848694 -1.456154893 0.000364046 -1.570479669
88 11.648437500 -0.000026703 0.000015259 -1.191969815 0.174103543 0.718415489
89 19.962633133 1.182586670 -0.494768620 2.827724317 1.210077460 -0.137379431
90 25.357299805 1.346649170 -0.632635593 -2.870596485 0.747581377 0.396881900
91 10.585937500 0.000000000 -0.000007629 -0.623342345 0.227380332 0.017522868
92 29.775829315 0.000030518 -0.000046253 0.509916794 0.827154160 -1.160381106
93 22.736793518 -0.004581451 -0.007385254 -0.567665312 -0.170646603 -2.892178389
94 0.073730469 -0.706542969 -0.275878906 3.042150460 1.336272123 -1.297348040
95 13.120185852 -0.000007629 -0.000015259 -1.067555885 -0.656996461 -0.707567984
96 12.350067139 0.000000000 -0.000007629 -1.180673514 0.632891429 -0.564910842
97 15.541221619 -0.000030518 0.000007629 0.200194531 0.850039862 0.899478746
98 14.906250000 -0.000001907 0.000000000 0.009946152 0.673324065 0.629199163
99 14.182815552 -0.000007629 0.000000000 -0.283485072 0.564904321 0.005148540
100 6.140625000 -0.523925781 -0.378906250 -1.368812821 1.247132357 -0.950681849
101 11.348457336 -0.000007629 -0.000022888 -3.015645618 -0.502254552 0.724438586
102 12.005233765 0.000007629 -0.000011444 -0.857890030 0.666893706 -0.697735083
103 15.865589142 -0.000030518 0.000015259 -0.059847251 1.055152647 0.582346084
104 14.851562500 -0.000015259 -0.000015259 -0.602936078 0.548356378 -0.004953195
105 12.538963318 -0.414989471 -0.272308350 -0.991656482 1.207478027 -0.799545278
106 10.619369507 -0.000015259 0.000015259 2.876692533 -0.225519060 0.721280513
107 12.043014526 -0.000015259 0.000009537 -0.640894749 0.925408738 -0.593008575
108 15.310379028 -0.000022888 -0.000007629 -0.421267658 0.518085582 -0.021903479
109 19.857894897 -0.000003815 -0.000015259 -1.029513954 1.250862530 -0.788121934
110 10.617187500 -0.000015259 0.000015259 -0.559405793 -0.233396732 0.643130843
111 11.091690063 -0.000015259 -0.000038147 -2.957536822 -0.406925808 -0.279363393
112 25.612243652 -0.000019073 -0.000137329 -0.964860271 -0.260129499 0.118751330
113 0.732421875 0.378173828 -0.043365479 -0.298448110 -0.042506783 0.541930270
114 9.421432495 0.000015259 -0.000019073 0.360626545 0.925566292 -0.183090914
115 3.208984375 0.000007629 0.000000000 -0.000856051 0.860846357 0.001031658
116 2.421092987 -0.000007629 0.000015259 -0.043036401 0.622439442 -0.041870124
117 0.783203125 0.134643555 -0.023925781 -0.156336213 -0.123510422 0.279151765
118 9.940948486 -0.000015259 0.000005722 0.156940826 0.930343403 -0.089257890
119 3.403709412 -0.000007629 -0.000015259 -0.006048037 0.656683852 -0.005707954
120 2.546609879 0.000007629 0.000000000 -0.038110356 0.644835858 -0.012733087
121 0.805175781 -0.000007629 -0.000011444 -0.007963538 -0.147251916 0.014089588
122 9.898437500 -0.000022888 0.000041962 -0.013519539 0.842282569 -0.001043158
123 3.537033081 -0.000015259 0.000000000 0.014337229 0.546778080 0.002854942
124 2.507812500 -0.000007629 0.000000000 0.001189873 0.577239660 0.007646629
125 0.821777344 -0.246826172 -0.028762817 0.155124828 -0.087466036 -0.272238366
126 9.687484741 -0.000015259 0.000007629 -0.211718941 0.781722057 0.168207529
127 3.679679871 -0.000007629 0.000015259 -0.002077321 0.581831668 -0.002424027
128 2.700599670 -0.000015259 -0.000030518 0.024996218 0.626238431 0.030959007
129 0.519042969 -0.395996094 -0.161987305 0.477878787 0.316754060 -0.763355711
130 6.753906250 -0.000007629 -0.000053406 -0.574483850 0.626140537 0.006934877
131 4.462646484 -0.000028610 -0.000015259 -0.077791836 0.010175756 0.138879881
132 22.736747742 0.004577637 -0.007293701 -0.053491926 0.150731206 -2.586609713
133 0.073730469 0.706542969 -0.276367188 0.076653820 0.650265520 -1.680027058
134 13.119331360 0.000015259 0.000015259 0.789824541 -0.136955036 0.322621231
135 12.350997925 0.000003815 -0.000015259 0.415192309 0.742163661 0.476611043
136 15.540870667 0.000001907 0.000000000 0.185491160 0.918527961 1.129762928
137 14.906250000 0.000003815 0.000015259 -0.329785320 -0.041562165 0.236377742
138 14.182882309 0.000007629 0.000000000 -0.284517141 -0.105948904 0.034573366
139 6.140625000 0.523925781 -0.378662109 -1.509887416 0.610430121 -1.704051859
140 11.348968506 -0.000007629 0.000011444 2.224006034 -0.338804216 -0.126711366
141 12.004653931 -0.000022888 -0.000015259 -0.037488339 0.556702596 0.747906330
142 15.865951538 0.000015259 0.000000000 -0.141433119 0.158427502 1.019529883
143 14.851562500 0.000000000 0.000007629 0.021964963 -0.120031290 -0.063161234
144 12.539047241 0.414970398 -0.272766113 -1.714657151 0.663314710 -1.762943160
145 10.619094849 0.000007629 -0.000015259 2.784892111 -0.332424126 -0.204589826
146 12.043624878 -0.000015259 -0.000007629 -0.233678529 0.832162144 0.725929016
147 15.309890747 -0.000015259 0.000007629 -0.202774876 -0.142482701 -0.005833843
148 19.857978821 0.000007629 0.000045776 -1.806929023 0.731004062 -1.910245172
149 10.617187500 -0.000003815 -0.000007629 0.096512145 -0.446142015 0.050144039
150 11.091804504 0.000005245 0.000000000 1.504122275 0.402072170 -1.414768838
151 0.732421875 -0.378417969 -0.043029785 0.298829922 -0.043211786 -0.541974052
152 9.421354294 -0.000015259 0.000003815 -0.470241755 1.108872100 0.050969701
153 3.208984375 0.000015259 0.000015259 0.000857873 1.057455893 -0.001098300
154 2.421081543 -0.000015259 -0.000017166 0.043174526 0.819359608 0.045011662
155 0.783203125 -0.134643555 -0.023727417 0.156625597 -0.124254089 -0.279237635
156 9.941059113 -0.000015259 -0.000038147 -0.258870176 1.208138449 -0.026394740
157 3.403720856 0.000000000 0.000038147 -0.009093961 0.939657871 -0.001132441
158 2.546592712 -0.000015259 -0.000030518 0.050622334 0.928087349 0.026112669
159 0.805175781 0.000000000 0.000000000 0.007970885 -0.148203970 -0.014094421
160 9.898437500 0.000015259 0.000022888 0.008520768 1.208195160 -0.016983373
161 3.537109375 0.000015259 0.000000000 -0.000193491 0.912542382 0.000193491
162 2.507812500 -0.000015259 0.000011444 0.000320821 0.943623568 -0.000320821
163 0.821777344 0.246826172 -0.027450562 -0.160077671 -0.090252252 0.259986420
164 9.687316895 0.000022888 -0.000053406 0.342851519 1.121789534 -0.008737843
165 3.679668427 -0.000015259 0.000030518 -0.002974323 0.934332562 -0.000146806
166 2.700630188 -0.000015259 -0.000019073 -0.032371169 0.978263485 -0.042071145
167 0.519531250 0.395996094 -0.161743164 -0.478495596 0.316187846 0.763124936
168 6.753906250 0.000005722 -0.000015259 0.300769486 0.115172368 -0.360966190
169 4.462753296 0.000007629 0.000030518 0.078557963 0.005930337 -0.087042230
170 86.264892578 -0.000015259 -0.000001907 0.524567540 -1.006509382 2.647338785
171 2.875000000 0.000015259 0.000015259 0.672124677 0.676734721 0.789695943
172 8.134399414 -0.000015259 -0.000015259 0.965045001 -1.000330654 -1.392603472
173 8.134380341 0.000000000 0.000001907 0.115180625 -0.289212849 -0.171150474
174 8.134401321 0.000000000 0.000017166 0.054419882 -0.093647447 -0.041625536
175 8.134383202 -0.000030518 0.000011444 -0.048616263 -0.141870253 0.056695648
176 8.134395599 0.000000000 -0.000015259 0.643283022 -0.085255010 0.065945796
177 8.134382248 0.000000000 0.000000000 0.114958823 0.056046136 0.179815248
178 8.134397507 -0.000015259 -0.000007629 0.288257453 0.525116906 0.651285826
179 8.132812500 -0.000015259 -0.000007629 -0.070326199 0.182979560 0.133037298
180 86.264892578 -0.000015259 -0.000001907 -1.584517508 -0.296550515 -1.733695267
181 2.875000000 0.000007629 -0.000030518 -0.151157704 0.587643679 -0.032977361
182 8.134384155 0.000000000 -0.000045776 -0.967590401 0.671066199 -1.738181752
183 8.134407043 0.000000000 -0.000015259 -0.125042240 0.296835540 -0.255192324
184 8.134418488 0.000000000 -0.000030518 -0.160401198 0.091270198 -0.058056740
185 8.134395599 0.000007629 0.000000000 -0.372758352 0.055482738 -0.183433899
186 8.134393692 0.000000000 0.000030518 0.541749222 -0.022134442 -0.074247207
187 8.134375572 0.000015259 -0.000030518 -0.335526222 -0.132377240 0.071497917
188 8.134401321 0.000000000 -0.000007629 -0.047169850 -0.613810138 -0.267662061
189 8.132812500 0.000015259 -0.000003815 -0.262946021 0.231791981 -0.178077145
190 25.357383728 -1.346624374 -0.631866455 -1.019342288 0.509671179 2.195436258
191 10.586959839 0.000000000 -0.000030518 0.715837342 -0.505569938 -0.576506485
192 19.962806702 -1.182567596 -0.493774414 -2.827724317 1.210077460 0.137379431
193 26.542930603 -0.000061035 5.258399963 -0.000098679 -0.575889309 -3.141563427
194 5.210937500 -0.000001907 0.000015259 -0.048905838 -0.534113839 0.259810499
195 11.580818176 -0.000003815 0.000000000 0.000000000 0.373150501 0.000000000
196 30.590766907 -0.110170364 0.305751801 -0.347789719 -0.380076229 0.144640420
197 7.470642090 0.014274597 0.148304462 0.050213658 0.315014490 -0.021224440
198 9.857986450 6.173837662 -12.156152725 2.343721255 0.103353816 3.040407058
199 9.858200073 -6.068101883 -12.208473206 -2.352349825 0.104146931 -3.041265021
200 20.049377441 0.061208725 -14.093132019 3.134587295 0.926499159 3.136067236
201 5.580169678 -0.000003815 0.000015259 -0.165358392 0.650781596 -0.261029519
202 6.841293335 0.000000000 -0.000015259 -0.119510484 0.638357025 -0.383128962
203 6.916397095 0.000007629 0.000000000 -0.284057675 0.169796178 -0.000010178
204 24.600051880 -1.878301620 -11.667308807 -2.002800253 -0.732025296 -0.963281651
205 24.600051880 -1.878301620 -11.667308807 -1.536345236 -0.230748013 -1.702389711
206 24.600051880 -1.878301620 -11.667308807 -1.665549243 0.097947933 -2.370679697
207 24.599975586 1.980123520 -11.650838852 2.009399481 -0.739004495 0.958897021
208 24.599975586 1.980123520 -11.650838852 1.535182712 -0.239155086 1.702686470
209 24.599975586 1.980123520 -11.650838852 1.659403831 0.091981346 2.370144970
210 7.570632935 3.876308441 6.930503845 -2.049238070 1.047095500 -0.535595520
211 7.418075562 -3.974512100 7.604160309 1.014907748 -1.024031318 -2.618339091
212 -86.807075500 0.000003206 0.000005000 0.000000000 0.000000000 0.000244115
213 0.000000000 -0.000000000 0.000000000 0.000000000 0.000000000 0.000244115
214 0.000000000 -0.000000000 0.000000000 0.000000000 0.000000000 0.000244115
215 0.000000000 -0.000000000 0.000000000 0.000000000 0.000000000 0.000244115
216 0.000000000 -0.000000000 0.000000000 0.000000000 0.000000000 0.000244115
217 0.000000000 -0.000000000 0.000000000 0.000000000 0.000000000 0.000244115
218 0.000000000 -0.000000000 0.000000000 0.000000000 0.000000000 0.000244115
219 0.000000000 -0.000000000 0.000000000 0.000000000 0.000000000 0.000244115
220 0.000000000 -0.000000000 0.000000000 0.000000000 0.000000000 0.000244115
221 0.000000000 -0.000000000 0.000000000 0.000000000 0.000000000 0.000244115
222 0.000000000 -0.000000000 0.000000000 0.000000000 0.000000000 0.000244115
223 0.000000000 -0.000000000 0.000000000 0.000000000 0.000000000 0.000244115
time 4
0 0.000000090 -2.060173035 0.830731988 -0.186800411 -1.545614354 -1.267954827
1 88.476776123 -0.000062061 -0.000010272 3.003554736 -0.003053205 3.137477572
2 -43.495697021 -0.000050783 4.662868023 0.403003574 0.026619512 3.119540475
3 9.507705688 0.000008076 -0.000020981 -0.173738090 0.002072626 -0.092662079
4 23.267890930 2.189104080 -3.705398560 1.471550018 0.088206843 1.563516460
5 11.648437500 0.000019073 0.000015259 -0.367988156 -0.136573159 1.587160219
6 29.776130676 -0.000032425 -0.000122070 0.612504638 0.180351421 0.155245253
7 25.612236023 0.000019073 0.000091553 0.613840985 0.005133078 -0.358986370
8 8.674331665 -1.907150269 -2.936546326 -0.551336544 -0.109697996 1.608018152
9 0.000000000 -0.000000000 0.000000000 0.000000000 0.000000000 0.000244115
10 -43.495697021 -0.000050783 4.662868023 0.221034868 0.076371263 0.003785861
11 21.580322266 10.273416519 -4.495086193 -0.063580597 -0.052365827 0.043049408
12 45.674186707 0.000022888 0.000018120 3.096151996 0.501736476 -0.027779067
13 55.039104462 -0.000032425 -0.000024796 3.056553724 1.129944171 -0.046256421
14 21.580268860 -10.273574829 -4.495070934 0.200083946 -0.579393433 -0.027791440
15 45.674209595 0.000012636 -0.000041962 3.082745326 0.800973892 -0.058583914
16 55.039146423 -0.000030041 -0.000012398 3.036540475 0.731984741 -0.057600576
17 0.161682129 -1.532184362 -10.638454437 3.052876312 0.609877755 -0.113013101
18 14.463745117 -0.000010490 0.000007629 -0.012810365 0.029201090 0.105354391
19 20.708938599 -0.000022888 -0.000045776 0.069209955 0.268379156 0.265749886
20 20.709026337 -0.000004768 -0.000015259 0.043942033 0.005676311 -0.116497546
21 20.709554672 -0.000007629 0.000000000 0.076786131 -0.153146677 0.016111288
22 0.118835449 -3.636024952 -10.382871628 2.490463457 0.529841252 -0.419721692
23 14.125000000 -0.000022411 -0.000022888 0.009707234 -0.003272967 0.086847213
24 20.265335083 -0.000008583 -0.000022888 0.083854752 0.253157616 0.347292694
25 20.265331268 -0.000009298 -0.000015259 0.056051418 0.002723820 -0.072474169
26 20.265625000 -0.000025749 -0.000030518 0.117901132 -0.108123703 0.015867315
27 0.430786133 -8.824711800 -7.827316761 2.323014637 0.481769816 -0.512486873
28 12.544487000 0.000007629 -0.000015259 -0.202729133 0.004261445 0.228074691
29 19.343734741 -0.000009537 -0.000022888 0.082992811 0.200655633 0.406214515
30 19.343750000 0.000000477 -0.000038147 0.062250758 0.000337741 -0.041358194
31 19.343750000 -0.000011444 -0.000015259 0.088415827 -0.100202534 0.058206789
32 -0.019668579 -12.396470070 -3.323644400 2.041148933 0.256401933 -0.538229648
33 11.042068481 0.000009537 -0.000015259 -0.260286507 -0.080640822 0.238530372
34 19.073440552 -0.000001907 -0.000038147 0.068713951 0.134990829 0.447218887
35 19.073348999 0.000000000 -0.000038147 0.063005695 -0.026687107 -0.030206978
36 19.073877335 0.000003338 -0.000045776 -0.031893000 -0.117969228 0.153538424
37 0.143402100 -12.177965164 2.328495502 1.549936782 -0.044837909 -0.508393440
38 10.827301025 0.000015259 -0.000030518 -0.102818707 -0.135850585 0.107274016
39 18.731544495 0.000005722 -0.000007629 0.039335207 0.051575363 0.490107604
40 18.731605530 0.000007629 -0.000030518 0.059123812 -0.089531015 -0.046305417
41 18.732204437 0.000014305 -0.000030518 -0.178824215 -0.191476892 0.247035577
42 0.706604004 -9.159463882 6.887689114 1.037429903 -0.139654800 -0.216006450
43 10.843421936 0.000003815 -0.000026703 -0.007377103 -0.268171053 0.013363293
44 18.864501953 0.000017166 -0.000022888 0.004091252 -0.029699497 0.524674321
45 18.864482880 0.000011444 0.000007629 0.047120279 -0.137542239 -0.019516903
46 18.864948273 0.000018120 -0.000030518 -0.288613094 -0.278635120 0.293887617
47 0.843017578 -2.753788710 9.486446381 0.782312183 -0.073668951 -0.062437976
48 10.832740784 0.000012398 0.000003815 -0.282021881 -0.290525384 0.103553599
49 19.399497986 0.000001907 -0.000030518 -0.026624289 -0.117720613 0.483023891
50 19.399696350 0.000017643 -0.000015259 0.037460839 -0.194168620 -0.031059517
51 19.400085449 0.000020027 0.000000000 -0.184147895 -0.426416491 0.191843420
52 0.161651611 1.532161474 -10.638372421 -2.905564441 0.611655034 0.071282479
53 14.463714600 -0.000010490 -0.000015259 0.195645939 0.036845840 -0.026312165
54 20.708969116 -0.000022888 -0.000007629 0.049999819 0.251366492 0.211459296
55 20.709014893 -0.000004768 -0.000007629 0.030421247 -0.027558043 -0.170098161
56 20.709592819 0.000015259 -0.000045776 -0.070556067 -0.143452408 0.086057973
57 0.118759155 3.636007071 -10.383041382 -2.209077175 0.464791706 0.440477263
58 14.125000000 -0.000013828 -0.000022888 0.164739997 0.046500992 -0.015566584
59 20.265319824 -0.000000477 -0.000007629 0.030488713 0.182381671 0.226560243
60 20.265342712 0.000005722 -0.000015259 0.021997292 -0.083525767 -0.227853202
61 20.265625000 -0.000003815 -0.000015259 -0.111048316 -0.088839759 0.088298472
62 0.430786133 8.824709892 -7.827404499 -2.057198720 0.402109639 0.522875916
63 12.544555664 0.000013828 0.000000000 0.360603081 0.079569472 -0.156656124
64 19.343750000 -0.000008106 -0.000007629 0.012369888 0.133960920 0.267384224
65 19.343750000 0.000015259 -0.000022888 0.013362046 -0.095701502 -0.286182098
66 19.343750000 0.000003815 -0.000053406 -0.088194173 -0.079555727 0.048479970
67 -0.019577026 12.396468163 -3.323732376 -1.777782512 0.192230563 0.505417098
68 11.042076111 -0.000007629 0.000000000 0.394638022 0.004218587 -0.181532973
69 19.073402405 0.000000954 -0.000045776 -0.010557458 0.042694351 0.317799538
70 19.073383331 0.000007629 -0.000022888 0.018227963 -0.145393390 -0.317420139
71 19.073938370 0.000011444 -0.000038147 0.019615380 -0.107728999 -0.043073605
72 0.143447876 12.177960396 2.328406334 -1.403030574 -0.022065642 0.461375722
73 10.827331543 -0.000015259 0.000007629 0.226051784 -0.060246477 -0.078208832
74 18.731575012 0.000006676 -0.000007629 -0.029442452 -0.040519569 0.369473016
75 18.731582642 -0.000001907 -0.000068665 0.026564066 -0.183264995 -0.300186015
76 18.732156754 0.000026703 0.000030518 0.146362051 -0.199563261 -0.130512252
77 0.706573486 9.159471512 6.887772083 -0.887378540 -0.111220832 0.208645970
78 10.843391418 0.000002861 0.000007629 0.128720941 -0.211667924 -0.029262501
79 18.864524841 -0.000005722 -0.000038147 -0.043578726 -0.120984990 0.376395649
80 18.864490509 0.000011444 0.000000000 0.031604117 -0.203751269 -0.245498065
81 18.865070343 0.000007629 -0.000030518 0.235544899 -0.304120502 -0.169731746
82 0.842941284 2.753787041 9.486444473 -0.623859568 -0.043014580 0.081647178
83 10.832794189 -0.000000477 0.000022888 0.406084530 -0.256232084 -0.123038639
84 19.399604797 -0.000003338 -0.000045776 -0.043624967 -0.152379828 0.384192798
85 19.399612427 0.000001907 0.000007629 0.029162872 -0.229155941 -0.130657416
86 19.400196075 0.000013351 0.000000000 0.104281911 -0.442154044 -0.050388029
87 23.268287659 -2.187744141 -3.705848694 -1.456154893 0.000364046 -1.570479669
88 11.648437500 -0.000026703 0.000015259 -1.191969815 0.174103543 0.718415489
89 19.962633133 1.182586670 -0.494768620 2.827724317 1.210077460 -0.137379431
90 25.357299805 1.346649170 -0.632635593 -3.106499591 0.581460065 0.134301664
91 10.585937500 0.000000000 -0.000007629 -0.623342345 0.227380332 0.017522868
92 29.775829315 0.000030518 -0.000046253 0.509916794 0.827154160 -1.160381106
93 22.736793518 -0.004581451 -0.007385254 -0.567665312 -0.170646603 -2.892178389
94 0.073730469 -0.706542969 -0.275878906 2.981921247 1.029334956 -1.348007647
95 13.120185852 -0.000007629 -0.000015259 -1.022014956 -0.714202619 -0.852663442
96 12.350067139 0.000000000 -0.000007629 -1.287890828 0.647154702 -0.724057524
97 15.541221619 -0.000030518 0.000007629 0.096348147 0.629252305 0.859361157
98 14.906250000 -0.000001907 0.000000000 0.055984424 0.476841782 0.808448004
99 14.182815552 -0.000007629 0.000000000 -0.283434151 0.564650085 0.005290185
100 6.140625000 -0.523925781 -0.378906250 -1.532487884 0.968086128 -1.122872010
101 11.348457336 -0.000007629 -0.000022888 -3.024367523 -0.501772508 0.757102930
102 12.005233765 0.000007629 -0.000011444 -0.950122851 0.638888846 -0.865246100
103 15.865589142 -0.000030518 0.000015259 -0.077796651 0.925840903 0.614612035
104 14.851562500 -0.000015259 -0.000015259 -0.602924731 0.548066965 -0.004672060
105 12.538963318 -0.414989471 -0.272308350 -1.168276173 0.969443319 -0.997770830
106 10.619369507 -0.000015259 0.000015259 2.922377905 -0.164800444 0.703637589
107 12.043014526 -0.000015259 0.000009537 -0.787800347 0.878137797 -0.817844540
108 15.310379028 -0.000022888 -0.000007629 -0.421306720 0.517841388 -0.021769745
109 19.857894897 -0.000003815 -0.000015259 -1.203430345 1.053116355 -0.982057126
110 10.617187500 -0.000015259 0.000015259 -0.503372831 -0.168854851 0.590694521
111 11.091690063 -0.000015259 -0.000038147 -2.957952358 -0.406715008 -0.279247091
112 25.612243652 -0.000019073 -0.000137329 -0.964860271 -0.260129499 0.118751330
113 0.732421875 0.378173828 -0.043365479 -0.298448110 -0.042506783 0.541930270
114 9.421432495 0.000015259 -0.000019073 0.360626545 0.925566292 -0.183090914
115 3.208984375 0.000007629 0.000000000 -0.000856051 0.860846357 0.001031658
116 2.421092987 -0.000007629 0.000015259 -0.043040126 0.622529976 -0.041873882
117 0.783203125 0.134643555 -0.023925781 -0.156336213 -0.123510422 0.279151765
118 9.940948486 -0.000015259 0.000005722 0.156940826 0.930343403 -0.089257890
119 3.403709412 -0.000007629 -0.000015259 -0.006048037 0.656683852 -0.005707954
120 2.546609879 0.000007629 0.000000000 -0.038110356 0.644835858 -0.012733087
121 0.805175781 -0.000007629 -0.000011444 -0.007963538 -0.147251916 0.014089588
122 9.898437500 -0.000022888 0.000041962 -0.013519539 0.842282569 -0.001043158
123 3.537033081 -0.000015259 0.000000000 0.014337229 0.546778080 0.002854942
124 2.507812500 -0.000007629 0.000000000 0.001189873 0.577239660 0.007646629
125 0.821777344 -0.246826172 -0.028762817 0.155124828 -0.087466036 -0.272238366
126 9.687484741 -0.000015259 0.000007629 -0.211718941 0.781722057 0.168207529
127 3.679679871 -0.000007629 0.000015259 -0.002077321 0.581831668 -0.002424027
128 2.700599670 -0.000015259 -0.000030518 0.024996218 0.626238431 0.030959007
129 0.519042969 -0.395996094 -0.161987305 0.477878787 0.316754060 -0.763355711
130 6.753906250 -0.000007629 -0.000053406 -0.574483850 0.626140537 0.006934877
131 4.462646484 -0.000028610 -0.000015259 -0.077791836 0.010175756 0.138879881
132 22.736747742 0.004577637 -0.007293701 -0.153898413 0.185222871 -2.595475274
133 0.073730469 0.706542969 -0.276367188 0.316453885 0.506719649 -1.451276876
134 13.119331360 0.000015259 0.000015259 0.748755352 -0.290548775 0.353069623
135 12.350997925 0.000003815 -0.000015259 0.409558116 0.467458020 0.110308569
136 15.540870667 0.000001907 0.000000000 -0.289076182 0.944095813 0.058880137
137 14.906250000 0.000003815 0.000015259 0.018183127 0.761606650 0.741565612
138 14.182882309 0.000007629 0.000000000 -0.276231278 -0.095632657 0.032758756
139 6.140625000 0.523925781 -0.378662109 -1.299039368 0.482389991 -1.485796247
140 11.348968506 -0.000007629 0.000011444 2.241253978 -0.330362178 -0.273044278
141 12.004653931 -0.000022888 -0.000015259 -0.049859157 0.470925638 0.323284327
142 15.865951538 0.000015259 0.000000000 0.107008313 0.603802014 0.795195772
143 14.851562500 0.000000000 0.000007629 0.029007279 -0.109250899 -0.063843714
144 12.539047241 0.414970398 -0.272766113 -1.454770632 0.546863629 -1.511277734
145 10.619094849 0.000007629 -0.000015259 2.791084637 -0.261649934 -0.318726978
146 12.043624878 -0.000015259 -0.000007629 -0.409870802 0.701230751 0.167580067
147 15.309890747 -0.000015259 0.000007629 -0.195981748 -0.131586442 -0.007993660
148 19.857978821 0.000007629 0.000045776 -1.512403682 0.637300688 -1.622290420
149 10.617187500 -0.000003815 -0.000007629 0.138504092 -0.310774896 -0.118713192
150 11.091804504 0.000005245 0.000000000 1.526196867 0.389881158 -1.379136891
151 0.732421875 -0.378417969 -0.043029785 0.298829922 -0.043211786 -0.541974052
152 9.421354294 -0.000015259 0.000003815 -0.470241755 1.108872100 0.050969701
153 3.208984375 0.000015259 0.000015259 0.000857873 1.057455893 -0.001098300
154 2.421081543 -0.000015259 -0.000017166 0.043174526 0.819359608 0.045011662
155 0.783203125 -0.134643555 -0.023727417 0.156625597 -0.124254089 -0.279237635
156 9.941059113 -0.000015259 -0.000038147 -0.258870176 1.208138449 -0.026394740
157 3.403720856 0.000000000 0.000038147 -0.009093961 0.939657871 -0.001132441
158 2.546592712 -0.000015259 -0.000030518 0.050622334 0.928087349 0.026112669
159 0.805175781 0.000000000 0.000000000 0.007970885 -0.148203970 -0.014094421
160 9.898437500 0.000015259 0.000022888 0.008520768 1.208195160 -0.016983373
161 3.537109375 0.000015259 0.000000000 -0.000193491 0.912542382 0.000193491
162 2.507812500 -0.000015259 0.000011444 0.000320821 0.943623568 -0.000320821
163 0.821777344 0.246826172 -0.027450562 -0.162343484 -0.091371157 0.254094196
164 9.687316895 0.000022888 -0.000053406 0.342851519 1.121789534 -0.008737843
165 3.679668427 -0.000015259 0.000030518 -0.002974323 0.934332562 -0.000146806
166 2.700630188 -0.000015259 -0.000019073 -0.032371169 0.978263485 -0.042071145
167 0.519531250 0.395996094 -0.161743164 -0.478495596 0.316187846 0.763124936
168 6.753906250 0.000005722 -0.000015259 0.300769486 0.115172368 -0.360966190
169 4.462753296 0.000007629 0.000030518 0.078557963 0.005930337 -0.087042230
170 86.264892578 -0.000015259 -0.000001907 0.600676460 -0.877592599 2.533388404
171 2.875000000 0.000015259 0.000015259 0.608400919 0.712959788 0.707435467
172 8.134399414 -0.000015259 -0.000015259 0.509424389 -1.163755744 -0.595267309
173 8.134380341 0.000000000 0.000001907 0.084264519 -0.223641633 -0.035375001
174 8.134401321 0.000000000 0.000017166 0.060629162 -0.007396222 -0.006701071
175 8.134383202 -0.000030518 0.000011444 -0.009297514 0.031911097 0.012455709
176 8.134395599 0.000000000 -0.000015259 -0.132930332 0.021783486 0.017929150
177 8.134382248 0.000000000 0.000000000 -0.166807582 0.015237004 0.035108744
178 8.134397507 -0.000015259 -0.000007629 -0.177786857 0.008303667 0.121265691
179 8.132812500 -0.000015259 -0.000007629 -0.071809205 0.186223238 0.137417371
180 86.264892578 -0.000015259 -0.000001907 -1.586949716 -0.263407146 -1.721370487
181 2.875000000 0.000007629 -0.000030518 -0.126348663 0.619845893 0.005073646
182 8.134384155 0.000000000 -0.000045776 -0.685553087 0.513429407 -1.513394196
183 8.134407043 0.000000000 -0.000015259 -0.090964865 0.205336403 -0.220149549
184 8.134418488 0.000000000 -0.000030518 -0.027042117 0.038688714 -0.005444639
185 8.134395599 0.000007629 0.000000000 -0.233079804 -0.000252963 -0.025173861
186 8.134393692 0.000000000 0.000030518 -0.344279796 -0.024410962 -0.018449222
187 8.134375572 0.000015259 -0.000030518 -0.329629349 -0.051811168 -0.016327717
188 8.134401321 0.000000000 -0.000007629 -0.345663284 -0.106436347 -0.073564372
189 8.132812500 0.000015259 -0.000003815 -0.264443729 0.233256604 -0.180324774
190 25.357383728 -1.346624374 -0.631866455 -0.875870125 0.405681239 2.328664377
191 10.586959839 0.000000000 -0.000030518 0.713888152 -0.490029137 -0.564705022
192 19.962806702 -1.182567596 -0.493774414 -2.827724317 1.210077460 0.137379431
193 26.542930603 -0.000061035 5.258399963 -0.000098679 -0.575889309 -3.141563427
194 5.210937500 -0.000001907 0.000015259 -0.092713927 -0.581696958 0.402531299
195 11.580818176 -0.000003815 0.000000000 0.000000000 0.373150501 0.000000000
196 30.590766907 -0.110170364 0.305751801 -0.446454450 -0.360637369 0.178494738
197 7.470642090 0.014274597 0.148304462 0.087914824 0.331651816 -0.027152746
198 9.857986450 6.173837662 -12.156152725 2.343721255 0.103353816 3.040407058
199 9.858200073 -6.068101883 -12.208473206 -2.352349825 0.104146931 -3.041265021
200 20.049377441 0.061208725 -14.093132019 3.134587295 0.926499159 3.136067236
201 5.580169678 -0.000003815 0.000015259 -0.069070847 0.466143299 -0.126794051
202 6.841293335 0.000000000 -0.000015259 -0.075500974 0.486646485 -0.350535061
203 6.916397095 0.000007629 0.000000000 -0.284057675 0.169796178 -0.000010178
204 24.600051880 -1.878301620 -11.667308807 -2.002800253 -0.732025296 -0.963281651
205 24.600051880 -1.878301620 -11.667308807 -1.536345236 -0.230748013 -1.702389711
206 24.600051880 -1.878301620 -11.667308807 -1.665549243 0.097947933 -2.370679697
207 24.599975586 1.980123520 -11.650838852 2.009399481 -0.739004495 0.958897021
208 24.599975586 1.980123520 -11.650838852 1.535182712 -0.239155086 1.702686470
209 24.599975586 1.980123520 -11.650838852 1.659403831 0.091981346 2.370144970
210 7.570632935 3.876308441 6.930503845 -2.049238070 1.047095500 -0.535595520
211 7.418075562 -3.974512100 7.604160309 1.014907748 -1.024031318 -2.618339091
212 -86.807075500 0.000003206 0.000005000 0.000000000 0.000000000 0.000244115
213 0.000000000 -0.000000000 0.000000000 0.000000000 0.000000000 0.000244115
214 0.000000000 -0.000000000 0.000000000 0.000000000 0.000000000 0.000244115
215 0.000000000 -0.000000000 0.000000000 0.000000000 0.000000000 0.000244115
216 0.000000000 -0.000000000 0.000000000 0.000000000 0.000000000 0.000244115
217 0.000000000 -0.000000000 0.000000000 0.000000000 0.000000000 0.000244115
218 0.000000000 -0.000000000 0.000000000 0.000000000 0.000000000 0.000244115
219 0.000000000 -0.000000000 0.000000000 0.000000000 0.000000000 0.000244115
220 0.000000000 -0.000000000 0.000000000 0.000000000 0.000000000 0.000244115
221 0.000000000 -0.000000000 0.000000000 0.000000000 0.000000000 0.000244115
222 0.000000000 -0.000000000 0.000000000 0.000000000 0.000000000 0.000244115
223 0.000000000 -0.000000000 0.000000000 0.000000000 0.000000000 0.000244115
time 5
0 0.000000128 -2.926383972 0.805384994 -0.026240147 -1.529867162 -1.384868304
1 88.476776123 -0.000062061 -0.000010272 3.003554736 -0.003053205 3.137477572
2 -43.495697021 -0.000050783 4.662868023 0.572596050 0.021667913 3.110176040
3 9.507705688 0.000008076 -0.000020981 -0.320136958 -0.080184900 -0.185039835
4 23.267890930 2.189104080 -3.705398560 1.479007275 0.130745573 1.560134902
5 11.648437500 0.000019073 0.000015259 -0.525428751 -0.104208025 1.300282096
6 29.776130676 -0.000032425 -0.000122070 0.503303474 0.281229677 -0.110105900
7 25.612236023 0.000019073 0.000091553 0.673108888 0.060040771 -0.368791769
8 8.674331665 -1.907150269 -2.936546326 -0.551336544 -0.109697996 1.608018152
9 0.000000000 -0.000000000 0.000000000 0.000000000 0.000000000 0.000244115
10 -43.495697021 -0.000050783 4.662868023 0.276247264 0.095416274 0.004723630
11 21.580322266 10.273416519 -4.495086193 -0.092400765 -0.050846545 0.042547141
12 45.674186707 0.000022888 0.000018120 3.063118154 0.501245258 -0.043996187
13 55.039104462 -0.000032425 -0.000024796 2.999604652 1.124895046 -0.083463464
14 21.580268860 -10.273574829 -4.495070934 0.154351202 -0.577966584 -0.010123406
15 45.674209595 0.000012636 -0.000041962 3.049423285 0.791435907 -0.063994228
16 55.039146423 -0.000030041 -0.000012398 2.998540104 0.728301243 -0.077563355
17 0.161682129 -1.532184362 -10.638454437 3.114470200 0.636171816 -0.087019253
18 14.463745117 -0.000010490 0.000007629 0.034400485 -0.001712372 0.084425943
19 20.708938599 -0.000022888 -0.000045776 0.064080464 0.313668904 0.254595694
20 20.709026337 -0.000004768 -0.000015259 0.031289698 0.116227401 -0.019538744
21 20.709554672 -0.000007629 0.000000000 0.073632557 -0.152221459 0.017771878
22 0.118835449 -3.636024952 -10.382871628 2.537751248 0.569888325 -0.405600384
23 14.125000000 -0.000022411 -0.000022888 0.050195670 -0.035277687 0.053007844
24 20.265335083 -0.000008583 -0.000022888 0.084694300 0.308511284 0.348467320
25 20.265331268 -0.000009298 -0.000015259 0.047024928 0.111247685 0.053903751
26 20.265625000 -0.000025749 -0.000030518 0.114959784 -0.106718312 0.017577385
27 0.430786133 -8.824711800 -7.827316761 2.365149375 0.525279692 -0.502763623
28 12.544487000 0.000007629 -0.000015259 -0.169316719 -0.029177063 0.190928614
29 19.343734741 -0.000009537 -0.000022888 0.086938330 0.249374196 0.420656304
30 19.343750000 0.000000477 -0.000038147 0.055034707 0.089807462 0.109533071
31 19.343750000 -0.000011444 -0.000015259 0.085866627 -0.098218531 0.060144627
32 -0.019668579 -12.396470070 -3.323644400 2.079645131 0.300351760 -0.538402338
33 11.042068481 0.000009537 -0.000015259 -0.227669522 -0.112716754 0.196324698
34 19.073440552 -0.000001907 -0.000038147 0.074280701 0.183171096 0.476308148
35 19.073348999 0.000000000 -0.000038147 0.052319892 0.040607260 0.138316534
36 19.073877335 0.000003338 -0.000045776 -0.034028094 -0.115959500 0.155618670
37 0.143402100 -12.177965164 2.328495502 1.590434522 -0.002542186 -0.520239535
38 10.827301025 0.000015259 -0.000030518 -0.066783062 -0.155781308 0.056503200
39 18.731544495 0.000005722 -0.000007629 0.045592615 0.105885966 0.539005108
40 18.731605530 0.000007629 -0.000030518 0.038801292 -0.047250629 0.137883908
41 18.732204437 0.000014305 -0.000030518 -0.180623536 -0.189234002 0.249452740
42 0.706604004 -9.159463882 6.887689114 1.088548925 -0.111759553 -0.233003880
43 10.843421936 0.000003815 -0.000026703 0.040505539 -0.275028760 -0.033845998
44 18.864501953 0.000017166 -0.000022888 0.009329679 0.029737128 0.574749485
45 18.864482880 0.000011444 0.000007629 0.018878919 -0.122750873 0.166901859
46 18.864948273 0.000018120 -0.000030518 -0.290357428 -0.276577188 0.296401062
47 0.843017578 -2.753788710 9.486446381 0.836679232 -0.055734786 -0.076004233
48 10.832740784 0.000012398 0.000003815 -0.228446287 -0.296870757 0.061448900
49 19.399497986 0.000001907 -0.000030518 -0.027647308 -0.060673020 0.545512770
50 19.399696350 0.000017643 -0.000015259 0.002321620 -0.209344765 0.140823004
51 19.400085449 0.000020027 0.000000000 -0.186426198 -0.425388670 0.194995734
52 0.161651611 1.532161474 -10.638372421 -2.838674705 0.628064658 0.100893532
53 14.463714600 -0.000010490 -0.000015259 0.248782630 0.016503621 -0.041522731
54 20.708969116 -0.000022888 -0.000007629 0.041409097 0.282583046 0.195669480
55 20.709014893 -0.000004768 -0.000007629 0.013186918 0.074310442 -0.089459873
56 20.709592819 0.000015259 -0.000045776 -0.073760390 -0.142748765 0.087651711
57 0.118759155 3.636007071 -10.383041382 -2.144353255 0.459935193 0.462333075
58 14.125000000 -0.000013828 -0.000022888 0.221039761 0.038750257 -0.027492363
59 20.265319824 -0.000000477 -0.000007629 0.024016137 0.207119211 0.230897235
60 20.265342712 0.000005722 -0.000015259 0.001074835 -0.008145848 -0.136232353
61 20.265625000 -0.000003815 -0.000015259 -0.114065912 -0.088616190 0.090072647
62 0.430786133 8.824709892 -7.827404499 -1.995007187 0.392254184 0.540390528
63 12.544555664 0.000013828 0.000000000 0.416741315 0.085156955 -0.168304870
64 19.343750000 -0.000008106 -0.000007629 0.006830907 0.153638060 0.289032797
65 19.343750000 0.000015259 -0.000022888 -0.008406349 -0.051601046 -0.174250957
66 19.343750000 0.000003815 -0.000053406 -0.091045159 -0.079574652 0.050500355
67 -0.019577026 12.396468163 -3.323732376 -1.719678797 0.182126661 0.509555582
68 11.042076111 -0.000007629 0.000000000 0.450134160 0.018690128 -0.193339943
69 19.073402405 0.000000954 -0.000045776 -0.015625643 0.066749030 0.361606101
70 19.073383331 0.000007629 -0.000022888 -0.006981760 -0.134136887 -0.182672778
71 19.073938370 0.000011444 -0.000038147 0.016975457 -0.107802785 -0.040596951
72 0.143447876 12.177960396 2.328406334 -1.345787957 -0.030983816 0.453265576
73 10.827331543 -0.000015259 0.000007629 0.281123603 -0.043879761 -0.094481855
74 18.731575012 0.000006676 -0.000007629 -0.035245549 -0.009269588 0.429938881
75 18.731582642 -0.000001907 -0.000068665 -0.003047773 -0.191134460 -0.151165918
76 18.732156754 0.000026703 0.000030518 0.143907688 -0.199985022 -0.127587569
77 0.706573486 9.159471512 6.887772083 -0.829339681 -0.107226418 0.193811865
78 10.843391418 0.000002861 0.000007629 0.184810797 -0.192349293 -0.050973587
79 18.864524841 -0.000005722 -0.000038147 -0.053620535 -0.088599592 0.453569577
80 18.864490509 0.000011444 0.000000000 0.001481817 -0.238071812 -0.100364708
81 18.865070343 0.000007629 -0.000030518 0.233100066 -0.304264877 -0.166532835
82 0.842941284 2.753787041 9.486444473 -0.567280046 -0.031979431 0.070207795
83 10.832794189 -0.000000477 0.000022888 0.460916119 -0.231631759 -0.144725997
84 19.399604797 -0.000003338 -0.000045776 -0.052916067 -0.109105327 0.458570671
85 19.399612427 0.000001907 0.000007629 -0.004789206 -0.265312746 0.013701480
86 19.400196075 0.000013351 0.000000000 0.101565990 -0.441989415 -0.047018909
87 23.268287659 -2.187744141 -3.705848694 -1.456154893 0.000364046 -1.570479669
88 11.648437500 -0.000026703 0.000015259 -1.191969815 0.174103543 0.718415489
89 19.962633133 1.182586670 -0.494768620 2.827724317 1.210077460 -0.137379431
90 25.357299805 1.346649170 -0.632635593 2.875303508 0.546929713 -0.223649505
91 10.585937500 0.000000000 -0.000007629 -0.623342345 0.227380332 0.017522868
92 29.775829315 0.000030518 -0.000046253 0.509916794 0.827154160 -1.160381106
93 22.736793518 -0.004581451 -0.007385254 -0.567665312 -0.170646603 -2.892178389
94 0.073730469 -0.706542969 -0.275878906 2.828660935 0.774114122 -1.494329466
95 13.120185852 -0.000007629 -0.000015259 -0.989306564 -0.652103121 -1.042451214
96 12.350067139 0.000000000 -0.000007629 -1.398004745 0.706508473 -0.876446316
97 15.541221619 -0.000030518 0.000007629 0.007669713 0.505220477 0.758852392
98 14.906250000 -0.000001907 0.000000000 0.027450588 0.276719418 0.874680637
99 14.182815552 -0.000007629 0.000000000 -0.283482536 0.564396171 0.005403029
100 6.140625000 -0.523925781 -0.378906250 -1.694606772 0.737889513 -1.294918897
101 11.348457336 -0.000007629 -0.000022888 -3.048739152 -0.572393991 0.753094612
102 12.005233765 0.000007629 -0.000011444 -1.034713185 0.644383505 -1.014450238
103 15.865589142 -0.000030518 0.000015259 -0.157509129 0.863225430 0.516356711
104 14.851562500 -0.000015259 -0.000015259 -0.602975289 0.547718397 -0.004296123
105 12.538963318 -0.414989471 -0.272308350 -1.332749555 0.772696594 -1.185299236
106 10.619369507 -0.000015259 0.000015259 2.937826035 -0.164162301 0.683872895
107 12.043014526 -0.000015259 0.000009537 -0.911889444 0.854176626 -1.010929720
108 15.310379028 -0.000022888 -0.000007629 -0.421432165 0.517508956 -0.021639997
109 19.857894897 -0.000003815 -0.000015259 -1.394273377 0.894881634 -1.193707270
110 10.617187500 -0.000015259 0.000015259 -0.481466564 -0.168943130 0.545847519
111 11.091690063 -0.000015259 -0.000038147 -2.958567115 -0.406441995 -0.279079838
112 25.612243652 -0.000019073 -0.000137329 -0.964860271 -0.260129499 0.118751330
113 0.732421875 0.378173828 -0.043365479 -0.298448110 -0.042506783 0.541930270
114 9.421432495 0.000015259 -0.000019073 0.360626545 0.925566292 -0.183090914
115 3.208984375 0.000007629 0.000000000 -0.000856051 0.860846357 0.001031658
116 2.421092987 -0.000007629 0.000015259 -0.043040134 0.622530049 -0.041873887
117 0.783203125 0.134643555 -0.023925781 -0.156336213 -0.123510422 0.279151765
118 9.940948486 -0.000015259 0.000005722 0.156940826 0.930343403 -0.089257890
119 3.403709412 -0.000007629 -0.000015259 -0.006048037 0.656683852 -0.005707954
120 2.546609879 0.000007629 0.000000000 -0.038110356 0.644835858 -0.012733087
121 0.805175781 -0.000007629 -0.000011444 -0.007963538 -0.147251916 0.014089588
122 9.898437500 -0.000022888 0.000041962 -0.013519539 0.842282569 -0.001043158
123 3.537033081 -0.000015259 0.000000000 0.014337229 0.546778080 0.002854942
124 2.507812500 -0.000007629 0.000000000 0.001189873 0.577239660 0.007646629
125 0.821777344 -0.246826172 -0.028762817 0.155124828 -0.087466036 -0.272238366
126 9.687484741 -0.000015259 0.000007629 -0.211718941 0.781722057 0.168207529
127 3.679679871 -0.000007629 0.000015259 -0.002077321 0.581831668 -0.002424027
128 2.700599670 -0.000015259 -0.000030518 0.024996218 0.626238431 0.030959007
129 0.519042969 -0.395996094 -0.161987305 0.477878787 0.316754060 -0.763355711
130 6.753906250 -0.000007629 -0.000053406 -0.574483850 0.626140537 0.006934877
131 4.462646484 -0.000028610 -0.000015259 -0.077791836 0.010175756 0.138879881
132 22.736747742 0.004577637 -0.007293701 -0.102919386 0.164116355 -2.590547672
133 0.073730469 0.706542969 -0.276367188 0.383190641 0.458522798 -1.387494060
134 13.119331360 0.000015259 0.000015259 0.671768327 -0.397356611 0.476213180
135 12.350997925 0.000003815 -0.000015259 0.400376571 0.347895955 0.195403700
136 15.540870667 0.000001907 0.000000000 -0.294170635 0.638128149 -0.151510363
137 14.906250000 0.000003815 0.000015259 -0.112023792 0.975778010 0.295925633
138 14.182882309 0.000007629 0.000000000 -0.265992881 -0.082864267 0.030529149
139 6.140625000 0.523925781 -0.378662109 -1.240656836 0.447040852 -1.422080362
140 11.348968506 -0.000007629 0.000011444 2.255526959 -0.418917645 -0.411496966
141 12.004653931 -0.000022888 -0.000015259 -0.073938005 0.348500601 0.330350015
142 15.865951538 0.000015259 0.000000000 0.039213653 0.638490480 0.457607486
143 14.851562500 0.000000000 0.000007629 0.037694236 -0.095905511 -0.064741588
144 12.539047241 0.414970398 -0.272766113 -1.365415900 0.525411557 -1.421000552
145 10.619094849 0.000007629 -0.000015259 2.791033912 -0.324412065 -0.471630111
146 12.043624878 -0.000015259 -0.000007629 -0.415273384 0.570915156 0.165068577
147 15.309890747 -0.000015259 0.000007629 -0.187629834 -0.118115082 -0.010672890
148 19.857978821 0.000007629 0.000045776 -1.386393659 0.628378494 -1.493167828
149 10.617187500 -0.000003815 -0.000007629 0.191262785 -0.379377992 -0.296311353
150 11.091804504 0.000005245 0.000000000 1.553565723 0.374804295 -1.335078654
151 0.732421875 -0.378417969 -0.043029785 0.298829922 -0.043211786 -0.541974052
152 9.421354294 -0.000015259 0.000003815 -0.470241755 1.108872100 0.050969701
153 3.208984375 0.000015259 0.000015259 0.000857873 1.057455893 -0.001098300
154 2.421081543 -0.000015259 -0.000017166 0.043174526 0.819359608 0.045011662
155 0.783203125 -0.134643555 -0.023727417 0.156625597 -0.124254089 -0.279237635
156 9.941059113 -0.000015259 -0.000038147 -0.258870176 1.208138449 -0.026394740
157 3.403720856 0.000000000 0.000038147 -0.009093961 0.939657871 -0.001132441
158 2.546592712 -0.000015259 -0.000030518 0.050622334 0.928087349 0.026112669
159 0.805175781 0.000000000 0.000000000 0.007970885 -0.148203970 -0.014094421
160 9.898437500 0.000015259 0.000022888 0.008520768 1.208195160 -0.016983373
161 3.537109375 0.000015259 0.000000000 -0.000193491 0.912542382 0.000193491
162 2.507812500 -0.000015259 0.000011444 0.000320821 0.943623568 -0.000320821
163 0.821777344 0.246826172 -0.027450562 -0.164117215 -0.092198113 0.249549658
164 9.687316895 0.000022888 -0.000053406 0.342851519 1.121789534 -0.008737843
165 3.679668427 -0.000015259 0.000030518 -0.002974323 0.934332562 -0.000146806
166 2.700630188 -0.000015259 -0.000019073 -0.032371169 0.978263485 -0.042071145
167 0.519531250 0.395996094 -0.161743164 -0.478495596 0.316187846 0.763124936
168 6.753906250 0.000005722 -0.000015259 0.300769486 0.115172368 -0.360966190
169 4.462753296 0.000007629 0.000030518 0.078557963 0.005930337 -0.087042230
170 86.264892578 -0.000015259 -0.000001907 0.690324535 -0.731270131 2.401001124
171 2.875000000 0.000015259 0.000015259 0.536050268 0.750149027 0.614012016
172 8.134399414 -0.000015259 -0.000015259 0.334759647 -1.178238153 -0.297917366
173 8.134380341 0.000000000 0.000001907 0.042148724 -0.198788172 0.060359794
174 8.134401321 0.000000000 0.000017166 0.005934861 0.040068656 0.059093899
175 8.134383202 -0.000030518 0.000011444 -0.084735544 0.099040016 0.058001568
176 8.134395599 0.000000000 -0.000015259 -0.082052474 0.090378234 0.051553717
177 8.134382248 0.000000000 0.000000000 -0.077584694 0.074523127 0.051744207
178 8.134397507 -0.000015259 -0.000007629 -0.076290290 0.057183766 0.073534566
179 8.132812500 -0.000015259 -0.000007629 -0.073657882 0.190241854 0.142782410
180 86.264892578 -0.000015259 -0.000001907 -1.589633134 -0.225894220 -1.707376577
181 2.875000000 0.000007629 -0.000030518 -0.098229437 0.653329371 0.048190072
182 8.134384155 0.000000000 -0.000045776 -0.817640272 0.587556235 -1.601489131
183 8.134407043 0.000000000 -0.000015259 -0.146240121 0.179462026 -0.216781503
184 8.134418488 0.000000000 -0.000030518 -0.121187328 -0.030018054 0.005540133
185 8.134395599 0.000007629 0.000000000 -0.373586691 -0.072940100 -0.007041629
186 8.134393692 0.000000000 0.000030518 -0.366261663 -0.092367044 -0.029283558
187 8.134375572 0.000015259 -0.000030518 -0.356315792 -0.092860891 -0.052201072
188 8.134401321 0.000000000 -0.000007629 -0.325104185 -0.080970244 -0.088391197
189 8.132812500 0.000015259 -0.000003815 -0.266218234 0.235084331 -0.183015839
190 25.357383728 -1.346624374 -0.631866455 -0.870148420 0.429154356 2.324981535
191 10.586959839 0.000000000 -0.000030518 0.711522371 -0.470844943 -0.550049423
192 19.962806702 -1.182567596 -0.493774414 -2.827724317 1.210077460 0.137379431
193 26.542930603 -0.000061035 5.258399963 -0.000098679 -0.575889309 -3.141563427
194 5.210937500 -0.000001907 0.000015259 -0.076690058 -0.472389364 0.420066382
195 11.580818176 -0.000003815 0.000000000 0.000000000 0.373150501 0.000000000
196 30.590766907 -0.110170364 0.305751801 -0.542890846 -0.339479527 0.212891543
197 7.470642090 0.014274597 0.148304462 0.132595025 0.351407680 -0.034066152
198 9.857986450 6.173837662 -12.156152725 2.343721255 0.103353816 3.040407058
199 9.858200073 -6.068101883 -12.208473206 -2.352349825 0.104146931 -3.041265021
200 20.049377441 0.061208725 -14.093132019 3.134587295 0.926499159 3.136067236
201 5.580169678 -0.000003815 0.000015259 -0.023938932 0.366990300 -0.049486346
202 6.841293335 0.000000000 -0.000015259 -0.032350659 0.307663859 -0.276841500
203 6.916397095 0.000007629 0.000000000 -0.284057675 0.169796178 -0.000010178
204 24.600051880 -1.878301620 -11.667308807 -2.002800253 -0.732025296 -0.963281651
205 24.600051880 -1.878301620 -11.667308807 -1.536345236 -0.230748013 -1.702389711
206 24.600051880 -1.878301620 -11.667308807 -1.665549243 0.097947933 -2.370679697
207 24.599975586 1.980123520 -11.650838852 2.009399481 -0.739004495 0.958897021
208 24.599975586 1.980123520 -11.650838852 1.535182712 -0.239155086 1.702686470
209 24.599975586 1.980123520 -11.650838852 1.659403831 0.091981346 2.370144970
210 7.570632935 3.876308441 6.930503845 -2.049238070 1.047095500 -0.535595520
211 7.418075562 -3.974512100 7.604160309 1.014907748 -1.024031318 -2.618339091
212 -86.807075500 0.000003206 0.000005000 0.000000000 0.000000000 0.000244115
213 0.000000000 -0.000000000 0.000000000 0.000000000 0.000000000 0.000244115
214 0.000000000 -0.000000000 0.000000000 0.000000000 0.000000000 0.000244115
215 0.000000000 -0.000000000 0.000000000 0.000000000 0.000000000 0.000244115
216 0.000000000 -0.000000000 0.000000000 0.000000000 0.000000000 0.000244115
217 0.000000000 -0.000000000 0.000000000 0.000000000 0.000000000 0.000244115
218 0.000000000 -0.000000000 0.000000000 0.000000000 0.000000000 0.000244115
219 0.000000000 -0.000000000 0.000000000 0.000000000 0.000000000 0.000244115
220 0.000000000 -0.000000000 0.000000000 0.000000000 0.000000000 0.000244115
221 0.000000000 -0.000000000 0.000000000 0.000000000 0.000000000 0.000244115
222 0.000000000 -0.000000000 0.000000000 0.000000000 0.000000000 0.000244115
223 0.000000000 -0.000000000 0.000000000 0.000000000 0.000000000 0.000244115
time 6
0 0.000000166 -3.792596102 0.777094007 0.134764508 -1.515479020 -1.506670916
1 88.476776123 -0.000062061 -0.000010272 3.003554736 -0.003053205 3.137477572
2 -43.495697021 -0.000050783 4.662868023 0.742273296 0.016773580 3.100877096
3 9.507705688 0.000008076 -0.000020981 -0.423420288 -0.113103278 -0.222015213
4 23.267890930 2.189104080 -3.705398560 1.487296088 0.178328312 1.556358557
5 11.648437500 0.000019073 0.000015259 -0.682547829 -0.075997202 1.013422035
6 29.776130676 -0.000032425 -0.000122070 0.459670648 0.321624960 -0.216291342
7 25.612236023 0.000019073 0.000091553 0.738641994 0.120700741 -0.378590994
8 8.674331665 -1.907150269 -2.936546326 -0.551336544 -0.109697996 1.608018152
9 0.000000000 -0.000000000 0.000000000 0.000000000 0.000000000 0.000244115
10 -43.495697021 -0.000050783 4.662868023 0.298345044 0.103063353 0.005102108
11 21.580322266 10.273416519 -4.495086193 -0.123488956 -0.049305148 0.042066276
12 45.674186707 0.000022888 0.000018120 3.027509807 0.500643999 -0.061501233
13 55.039104462 -0.000032425 -0.000024796 2.938414751 1.119400260 -0.123374593
14 21.580268860 -10.273574829 -4.495070934 0.105002963 -0.576187607 0.008882491
15 45.674209595 0.000012636 -0.000041962 3.013328809 0.780521993 -0.069464957
16 55.039146423 -0.000030041 -0.000012398 2.957529080 0.725338841 -0.099108322
17 0.161682129 -1.532184362 -10.638454437 3.139148501 0.646707034 -0.076578022
18 14.463745117 -0.000010490 0.000007629 0.053354674 -0.025948037 0.069009963
19 20.708938599 -0.000022888 -0.000045776 0.035320658 0.264419443 0.179011146
20 20.709026337 -0.000004768 -0.000015259 0.024243762 0.221213361 0.074275422
21 20.709554672 -0.000007629 0.000000000 0.069939991 -0.151036105 0.019738774
22 0.118835449 -3.636024952 -10.382871628 2.556745512 0.585839755 -0.399919236
23 14.125000000 -0.000022411 -0.000022888 0.066383325 -0.058802788 0.027856620
24 20.265335083 -0.000008583 -0.000022888 0.056074100 0.275403718 0.252473358
25 20.265331268 -0.000009298 -0.000015259 0.047432232 0.210308277 0.176513720
26 20.265625000 -0.000025749 -0.000030518 0.111575337 -0.104973351 0.019584617
27 0.430786133 -8.824711800 -7.827316761 2.381982822 0.542660812 -0.498890399
28 12.544487000 0.000007629 -0.000015259 -0.155969638 -0.043152764 0.163406792
29 19.343734741 -0.000009537 -0.000022888 0.062881546 0.217901709 0.311244268
30 19.343750000 0.000000477 -0.000038147 0.057962773 0.169109534 0.258823028
31 19.343750000 -0.000011444 -0.000015259 0.082796745 -0.095965683 0.062371978
32 -0.019668579 -12.396470070 -3.323644400 2.095044487 0.317854889 -0.538491185
33 11.042068481 0.000009537 -0.000015259 -0.214595348 -0.125617612 0.164873274
34 19.073440552 -0.000001907 -0.000038147 0.057796338 0.167848051 0.369630650
35 19.073348999 0.000000000 -0.000038147 0.049848919 0.099333895 0.308844014
36 19.073877335 0.000003338 -0.000045776 -0.036587557 -0.113559063 0.158144543
37 0.143402100 -12.177965164 2.328495502 1.606405302 0.014311519 -0.525087085
38 10.827301025 0.000015259 -0.000030518 -0.052391869 -0.163729490 0.019894326
39 18.731544495 0.000005722 -0.000007629 0.037765116 0.113220247 0.447592562
40 18.731605530 0.000007629 -0.000030518 0.022650834 -0.011178147 0.327379461
41 18.732204437 0.000014305 -0.000030518 -0.182672991 -0.186666162 0.252209996
42 0.706604004 -9.159463882 6.887689114 1.109091173 -0.100696599 -0.239845273
43 10.843421936 0.000003815 -0.000026703 0.059778384 -0.277749809 -0.052743352
44 18.864501953 0.000017166 -0.000022888 0.009587863 0.061996265 0.477632871
45 18.864482880 0.000011444 0.000007629 -0.011128418 -0.113740252 0.355236548
46 18.864948273 0.000018120 -0.000030518 -0.292470412 -0.274131754 0.299438510
47 0.843017578 -2.753788710 9.486446381 0.858441291 -0.048618044 -0.081417217
48 10.832740784 0.000012398 0.000003815 -0.207098946 -0.299389756 0.044595564
49 19.399497986 0.000001907 -0.000030518 -0.023588375 -0.010658835 0.480905906
50 19.399696350 0.000017643 -0.000015259 -0.038890221 -0.225308194 0.304140040
51 19.400085449 0.000020027 0.000000000 -0.188957032 -0.424121628 0.198619894
52 0.161651611 1.532161474 -10.638372421 -2.811887934 0.634649610 0.112752378
53 14.463714600 -0.000010490 -0.000015259 0.269975620 -0.001177190 -0.048423055
54 20.708969116 -0.000022888 -0.000007629 0.013857605 0.223089447 0.136720194
55 20.709014893 -0.000004768 -0.000007629 -0.002520625 0.178467417 -0.014611476
56 20.709592819 0.000015259 -0.000045776 -0.077578231 -0.142010061 0.089373460
57 0.118759155 3.636007071 -10.383041382 -2.118534448 0.457918737 0.471094098
58 14.125000000 -0.000013828 -0.000022888 0.243603212 0.029268306 -0.032337702
59 20.265319824 -0.000000477 -0.000007629 -0.001575164 0.158085071 0.195875696
60 20.265342712 0.000005722 -0.000015259 -0.021393749 0.081980937 -0.055917546
61 20.265625000 -0.000003815 -0.000015259 -0.117697342 -0.088349548 0.092046154
62 0.430786133 8.824709892 -7.827404499 -1.970055337 0.388289768 0.547463373
63 12.544555664 0.000013828 0.000000000 0.439185485 0.087443928 -0.173036242
64 19.343750000 -0.000008106 -0.000007629 -0.018545357 0.110432447 0.265691748
65 19.343750000 0.000015259 -0.000022888 -0.034805117 0.020554790 -0.074795173
66 19.343750000 0.000003815 -0.000053406 -0.094423632 -0.079475932 0.052796694
67 -0.019577026 12.396468163 -3.323732376 -1.696528608 0.178129844 0.511160284
68 11.042076111 -0.000007629 0.000000000 0.472358378 0.024529743 -0.198039543
69 19.073402405 0.000000954 -0.000045776 -0.036759116 0.050280804 0.343620971
70 19.073383331 0.000007629 -0.000022888 -0.039490157 -0.084805128 -0.063489881
71 19.073938370 0.000011444 -0.000038147 0.013802974 -0.107968481 -0.037832793
72 0.143447876 12.177960396 2.328406334 -1.322963088 -0.034547227 0.450012473
73 10.827331543 -0.000015259 0.000007629 0.303147626 -0.037295557 -0.100925998
74 18.731575012 0.000006676 -0.000007629 -0.050941170 -0.003649086 0.411750208
75 18.731582642 -0.000001907 -0.000068665 -0.040411077 -0.162803980 -0.019571191
76 18.732156754 0.000026703 0.000030518 0.141051216 -0.200366221 -0.124181838
77 0.706573486 9.159471512 6.887772083 -0.806119482 -0.105697051 0.187831568
78 10.843391418 0.000002861 0.000007629 0.207280226 -0.181344750 -0.059609015
79 18.864524841 -0.000005722 -0.000038147 -0.063304007 -0.062363722 0.441577084
80 18.864490509 0.000011444 0.000000000 -0.038661566 -0.242461276 0.030367775
81 18.865070343 0.000007629 -0.000030518 0.230140178 -0.304488636 -0.162820867
82 0.842941284 2.753787041 9.486444473 -0.544730241 -0.027640603 0.065718275
83 10.832794189 -0.000000477 0.000022888 0.482878802 -0.221839200 -0.153408774
84 19.399604797 -0.000003338 -0.000045776 -0.055423846 -0.058686589 0.434958034
85 19.399612427 0.000001907 0.000007629 -0.046672278 -0.286633309 0.141440347
86 19.400196075 0.000013351 0.000000000 0.098442308 -0.441761270 -0.043024029
87 23.268287659 -2.187744141 -3.705848694 -1.456154893 0.000364046 -1.570479669
88 11.648437500 -0.000026703 0.000015259 -1.191969815 0.174103543 0.718415489
89 19.962633133 1.182586670 -0.494768620 2.827724317 1.210077460 -0.137379431
90 25.357299805 1.346649170 -0.632635593 2.582749035 0.734714756 -0.547823959
91 10.585937500 0.000000000 -0.000007629 -0.623342345 0.227380332 0.017522868
92 29.775829315 0.000030518 -0.000046253 0.509916794 0.827154160 -1.160381106
93 22.736793518 -0.004581451 -0.007385254 -0.567665312 -0.170646603 -2.892178389
94 0.073730469 -0.706542969 -0.275878906 2.371435421 0.664008787 -1.961976473
95 13.120185852 -0.000007629 -0.000015259 -1.084886577 -0.329205916 -1.307163179
96 12.350067139 0.000000000 -0.000007629 -1.447683545 0.768429922 -0.950368087
97 15.541221619 -0.000030518 0.000007629 -0.074658842 0.504880244 0.581853458
98 14.906250000 -0.000001907 0.000000000 -0.028186289 0.154153081 0.836398690
99 14.182815552 -0.000007629 0.000000000 -0.283416230 0.563963999 0.005574343
100 6.140625000 -0.523925781 -0.378906250 -2.148605763 0.653448200 -1.766032617
101 11.348457336 -0.000007629 -0.000022888 -3.130582439 -0.940977644 0.594877968
102 12.005233765 0.000007629 -0.000011444 -1.078211847 0.732098211 -1.044864498
103 15.865589142 -0.000030518 0.000015259 -0.263849070 0.814210500 0.366684320
104 14.851562500 -0.000015259 -0.000015259 -0.602924295 0.547370042 -0.003891640
105 12.538963318 -0.414989471 -0.272308350 -1.787503944 0.715081859 -1.665204153
106 10.619369507 -0.000015259 0.000015259 2.827010878 -0.458168209 0.606342130
107 12.043014526 -0.000015259 0.000009537 -1.005961541 0.965783924 -1.074516975
108 15.310379028 -0.000022888 -0.000007629 -0.421510525 0.517020900 -0.021372654
109 19.857894897 -0.000003815 -0.000015259 -1.903888212 0.849462026 -1.721573036
110 10.617187500 -0.000015259 0.000015259 -0.524137112 -0.417290496 0.403776296
111 11.091690063 -0.000015259 -0.000038147 -2.959181727 -0.406168949 -0.278912879
112 25.612243652 -0.000019073 -0.000137329 -0.964860271 -0.260129499 0.118751330
113 0.732421875 0.378173828 -0.043365479 -0.298448110 -0.042506783 0.541930270
114 9.421432495 0.000015259 -0.000019073 0.360626545 0.925566292 -0.183090914
115 3.208984375 0.000007629 0.000000000 -0.000856051 0.860846357 0.001031658
116 2.421092987 -0.000007629 0.000015259 -0.043040126 0.622529976 -0.041873882
117 0.783203125 0.134643555 -0.023925781 -0.156336213 -0.123510422 0.279151765
118 9.940948486 -0.000015259 0.000005722 0.156940826 0.930343403 -0.089257890
119 3.403709412 -0.000007629 -0.000015259 -0.006048037 0.656683852 -0.005707954
120 2.546609879 0.000007629 0.000000000 -0.038110356 0.644835858 -0.012733087
121 0.805175781 -0.000007629 -0.000011444 -0.007963538 -0.147251916 0.014089588
122 9.898437500 -0.000022888 0.000041962 -0.013519539 0.842282569 -0.001043158
123 3.537033081 -0.000015259 0.000000000 0.014337229 0.546778080 0.002854942
124 2.507812500 -0.000007629 0.000000000 0.001189873 0.577239660 0.007646629
125 0.821777344 -0.246826172 -0.028762817 0.155124828 -0.087466036 -0.272238366
126 9.687484741 -0.000015259 0.000007629 -0.211718941 0.781722057 0.168207529
127 3.679679871 -0.000007629 0.000015259 -0.002077321 0.581831668 -0.002424027
128 2.700599670 -0.000015259 -0.000030518 0.024996218 0.626238431 0.030959007
129 0.519042969 -0.395996094 -0.161987305 0.477878787 0.316754060 -0.763355711
130 6.753906250 -0.000007629 -0.000053406 -0.574483850 0.626140537 0.006934877
131 4.462646484 -0.000028610 -0.000015259 -0.077791836 0.010175756 0.138879881
132 22.736747742 0.004577637 -0.007293701 0.024537702 0.110780002 -2.578071973
133 0.073730469 0.706542969 -0.276367188 0.321764521 0.431778179 -1.421442965
134 13.119331360 0.000015259 0.000015259 0.620120749 -0.481529173 0.508855714
135 12.350997925 0.000003815 -0.000015259 0.382670347 0.277598891 0.311459877
136 15.540870667 0.000001907 0.000000000 -0.283546143 0.508709704 -0.037448305
137 14.906250000 0.000003815 0.000015259 -0.220480242 0.802844660 0.134752757
138 14.182882309 0.000007629 0.000000000 -0.253921242 -0.067814236 0.027901526
139 6.140625000 0.523925781 -0.378662109 -1.290101144 0.413623624 -1.446632975
140 11.348968506 -0.000007629 0.000011444 2.256116133 -0.420504251 -0.498652295
141 12.004653931 -0.000022888 -0.000015259 -0.107851851 0.246546308 0.405591193
142 15.865951538 0.000015259 0.000000000 -0.036433185 0.507892059 0.393369810
143 14.851562500 0.000000000 0.000007629 0.047937246 -0.080254661 -0.065793627
144 12.539047241 0.414970398 -0.272766113 -1.388522746 0.488564451 -1.423559091
145 10.619094849 0.000007629 -0.000015259 2.778030163 -0.311959299 -0.544943989
146 12.043624878 -0.000015259 -0.000007629 -0.419720770 0.485154271 0.266793028
147 15.309890747 -0.000015259 0.000007629 -0.177753507 -0.102317764 -0.013782563
148 19.857978821 0.000007629 0.000045776 -1.379013997 0.581156959 -1.465247549
149 10.617187500 -0.000003815 -0.000007629 0.185926980 -0.384321291 -0.361868147
150 11.091804504 0.000005245 0.000000000 1.585881843 0.357071273 -1.283368596
151 0.732421875 -0.378417969 -0.043029785 0.298829922 -0.043211786 -0.541974052
152 9.421354294 -0.000015259 0.000003815 -0.470241755 1.108872100 0.050969701
153 3.208984375 0.000015259 0.000015259 0.000857873 1.057455893 -0.001098300
154 2.421081543 -0.000015259 -0.000017166 0.043174526 0.819359608 0.045011662
155 0.783203125 -0.134643555 -0.023727417 0.156625597 -0.124254089 -0.279237635
156 9.941059113 -0.000015259 -0.000038147 -0.258870176 1.208138449 -0.026394740
157 3.403720856 0.000000000 0.000038147 -0.009093961 0.939657871 -0.001132441
158 2.546592712 -0.000015259 -0.000030518 0.050622334 0.928087349 0.026112669
159 0.805175781 0.000000000 0.000000000 0.007970885 -0.148203970 -0.014094421
160 9.898437500 0.000015259 0.000022888 0.008520768 1.208195160 -0.016983373
161 3.537109375 0.000015259 0.000000000 -0.000193491 0.912542382 0.000193491
162 2.507812500 -0.000015259 0.000011444 0.000320821 0.943623568 -0.000320821
163 0.821777344 0.246826172 -0.027450562 -0.164839339 -0.092514906 0.247697022
164 9.687316895 0.000022888 -0.000053406 0.342851519 1.121789534 -0.008737843
165 3.679668427 -0.000015259 0.000030518 -0.002974323 0.934332562 -0.000146806
166 2.700630188 -0.000015259 -0.000019073 -0.032371169 0.978263485 -0.042071145
167 0.519531250 0.395996094 -0.161743164 -0.478495596 0.316187846 0.763124936
168 6.753906250 0.000005722 -0.000015259 0.300769486 0.115172368 -0.360966190
169 4.462753296 0.000007629 0.000030518 0.078557963 0.005930337 -0.087042230
170 86.264892578 -0.000015259 -0.000001907 0.789880549 -0.576263594 2.256187987
171 2.875000000 0.000015259 0.000015259 0.459478445 0.786929841 0.515159931
172 8.134399414 -0.000015259 -0.000015259 0.438686731 -1.111924822 -0.523326825
173 8.134380341 0.000000000 0.000001907 -0.002916557 -0.240096844 0.102031485
174 8.134401321 0.000000000 0.000017166 -0.031709658 0.004226242 0.151583532
175 8.134383202 -0.000030518 0.000011444 -0.105106479 0.075636960 0.164456652
176 8.134395599 0.000000000 -0.000015259 -0.116250493 0.071168822 0.152613741
177 8.134382248 0.000000000 0.000000000 -0.136129417 0.056474059 0.139861582
178 8.134397507 -0.000015259 -0.000007629 -0.163236001 0.033720483 0.137155807
179 8.132812500 -0.000015259 -0.000007629 -0.075788268 0.194946246 0.149054266
180 86.264892578 -0.000015259 -0.000001907 -1.592443482 -0.186104404 -1.692712056
181 2.875000000 0.000007629 -0.000030518 -0.068384228 0.686698086 0.093923686
182 8.134384155 0.000000000 -0.000045776 -1.511063338 0.907391678 -1.935720355
183 8.134407043 0.000000000 -0.000015259 -0.238075840 0.268666372 -0.230172460
184 8.134418488 0.000000000 -0.000030518 -0.189926605 -0.048232404 -0.097967649
185 8.134395599 0.000007629 0.000000000 -0.417833813 -0.104056374 -0.142967358
186 8.134393692 0.000000000 0.000030518 -0.401334134 -0.078994343 -0.168950735
187 8.134375572 0.000015259 -0.000030518 -0.383436726 -0.034765380 -0.169624688
188 8.134401321 0.000000000 -0.000007629 -0.348607586 0.014266429 -0.161320052
189 8.132812500 0.000015259 -0.000003815 -0.268350443 0.237179460 -0.186149600
190 25.357383728 -1.346624374 -0.631866455 -0.965083752 0.406691093 2.256538345
191 10.586959839 0.000000000 -0.000030518 0.708640943 -0.448264728 -0.532788644
192 19.962806702 -1.182567596 -0.493774414 -2.827724317 1.210077460 0.137379431
193 26.542930603 -0.000061035 5.258399963 -0.000098679 -0.575889309 -3.141563427
194 5.210937500 -0.000001907 0.000015259 -0.031169762 -0.273089789 0.310372756
195 11.580818176 -0.000003815 0.000000000 0.000000000 0.373150501 0.000000000
196 30.590766907 -0.110170364 0.305751801 -0.632357010 -0.318332563 0.245773396
197 7.470642090 0.014274597 0.148304462 0.182519866 0.373521034 -0.041816144
198 9.857986450 6.173837662 -12.156152725 2.343721255 0.103353816 3.040407058
199 9.858200073 -6.068101883 -12.208473206 -2.352349825 0.104146931 -3.041265021
200 20.049377441 0.061208725 -14.093132019 3.134587295 0.926499159 3.136067236
201 5.580169678 -0.000003815 0.000015259 0.005302979 0.334638329 0.008073925
202 6.841293335 0.000000000 -0.000015259 -0.010524489 0.165002502 -0.224362356
203 6.916397095 0.000007629 0.000000000 -0.284057675 0.169796178 -0.000010178
204 24.600051880 -1.878301620 -11.667308807 -2.002800253 -0.732025296 -0.963281651
205 24.600051880 -1.878301620 -11.667308807 -1.536345236 -0.230748013 -1.702389711
206 24.600051880 -1.878301620 -11.667308807 -1.665549243 0.097947933 -2.370679697
207 24.599975586 1.980123520 -11.650838852 2.009399481 -0.739004495 0.958897021
208 24.599975586 1.980123520 -11.650838852 1.535182712 -0.239155086 1.702686470
209 24.599975586 1.980123520 -11.650838852 1.659403831 0.091981346 2.370144970
210 7.570632935 3.876308441 6.930503845 -2.049238070 1.047095500 -0.535595520
211 7.418075562 -3.974512100 7.604160309 1.014907748 -1.024031318 -2.618339091
212 -86.807075500 0.000003206 0.000005000 0.000000000 0.000000000 0.000244115
213 0.000000000 -0.000000000 0.000000000 0.000000000 0.000000000 0.000244115
214 0.000000000 -0.000000000 0.000000000 0.000000000 0.000000000 0.000244115
215 0.000000000 -0.000000000 0.000000000 0.000000000 0.000000000 0.000244115
216 0.000000000 -0.000000000 0.000000000 0.000000000 0.000000000 0.000244115
217 0.000000000 -0.000000000 0.000000000 0.000000000 0.000000000 0.000244115
218 0.000000000 -0.000000000 0.000000000 0.000000000 0.000000000 0.000244115
219 0.000000000 -0.000000000 0.000000000 0.000000000 0.000000000 0.000244115
220 0.000000000 -0.000000000 0.000000000 0.000000000 0.000000000 0.000244115
221 0.000000000 -0.000000000 0.000000000 0.000000000 0.000000000 0.000244115
222 0.000000000 -0.000000000 0.000000000 0.000000000 0.000000000 0.000244115
223 0.000000000 -0.000000000 0.000000000 0.000000000 0.000000000 0.000244115
time 7
0 0.000000201 -4.588573933 0.746842027 0.283569266 -1.503057224 -1.625894019
1 88.476776123 -0.000062061 -0.000010272 3.003554736 -0.003053205 3.137477572
2 -43.495697021 -0.000050783 4.662868023 0.898150093 0.012375247 3.092453913
3 9.507705688 0.000008076 -0.000020981 -0.494503802 -0.103170757 -0.215724467
4 23.267890930 2.189104080 -3.705398560 1.496153012 0.229267075 1.552259819
5 11.648437500 0.000019073 0.000015259 -0.826648932 -0.052799495 0.749823611
6 29.776130676 -0.000032425 -0.000122070 0.462666772 0.318887769 -0.209042125
7 25.612236023 0.000019073 0.000091553 0.807974518 0.184769531 -0.388260055
8 8.674331665 -1.907150269 -2.936546326 -0.551336544 -0.109697996 1.608018152
9 0.000000000 -0.000000000 0.000000000 0.000000000 0.000000000 0.000244115
10 -43.495697021 -0.000050783 4.662868023 0.294919302 0.101836941 0.005003950
11 21.580322266 10.273416519 -4.495086193 -0.155383425 -0.047688344 0.041560655
12 45.674186707 0.000022888 0.000018120 2.991167060 0.500032172 -0.079303668
13 55.039104462 -0.000032425 -0.000024796 2.875626010 1.113707418 -0.164343670
14 21.580268860 -10.273574829 -4.495070934 0.054422080 -0.574152907 0.028497968
15 45.674209595 0.000012636 -0.000041962 2.976397348 0.768758751 -0.074605746
16 55.039146423 -0.000030041 -0.000012398 2.915528545 0.722841199 -0.121217193
17 0.161682129 -1.532184362 -10.638454437 3.135197392 0.645026177 -0.078239402
18 14.463745117 -0.000010490 0.000007629 0.048339709 -0.044970492 0.059203722
19 20.708938599 -0.000022888 -0.000045776 0.012694510 0.168849455 0.077237850
20 20.709026337 -0.000004768 -0.000015259 0.030015837 0.284297124 0.155043173
21 20.709554672 -0.000007629 0.000000000 0.065708587 -0.149847063 0.022001185
22 0.118835449 -3.636024952 -10.382871628 2.553750562 0.583314539 -0.400839025
23 14.125000000 -0.000022411 -0.000022888 0.059532141 -0.073674210 0.011458818
24 20.265335083 -0.000008583 -0.000022888 0.029248348 0.190231368 0.114367634
25 20.265331268 -0.000009298 -0.000015259 0.057823568 0.269917504 0.276455729
26 20.265625000 -0.000025749 -0.000030518 0.107662829 -0.102971537 0.021885859
27 0.430786133 -8.824711800 -7.827316761 2.379331194 0.539887037 -0.499567412
28 12.544487000 0.000007629 -0.000015259 -0.163507541 -0.043831483 0.145258384
29 19.343734741 -0.000009537 -0.000022888 0.039495237 0.139659901 0.143947425
30 19.343750000 0.000000477 -0.000038147 0.067079033 0.211245317 0.377377529
31 19.343750000 -0.000011444 -0.000015259 0.079384223 -0.093360373 0.064880854
32 -0.019668579 -12.396470070 -3.323644400 2.092645142 0.315136518 -0.538508491
33 11.042068481 0.000009537 -0.000015259 -0.221378646 -0.124257457 0.144093130
34 19.073440552 -0.000001907 -0.000038147 0.040345926 0.112719288 0.194105068
35 19.073348999 0.000000000 -0.000038147 0.053209658 0.127590837 0.445136149
36 19.073877335 0.000003338 -0.000045776 -0.039392696 -0.110868289 0.160931979
37 0.143402100 -12.177965164 2.328495502 1.603802519 0.011642794 -0.524564206
38 10.827301025 0.000015259 -0.000030518 -0.057907198 -0.158752748 -0.001456372
39 18.731544495 0.000005722 -0.000007629 0.027900900 0.084776123 0.277600985
40 18.731605530 0.000007629 -0.000030518 0.013869057 0.002899840 0.482371508
41 18.732204437 0.000014305 -0.000030518 -0.185052076 -0.183666829 0.255390541
42 0.706604004 -9.159463882 6.887689114 1.105860958 -0.102449150 -0.238799282
43 10.843421936 0.000003815 -0.000026703 0.057418462 -0.273322937 -0.050524830
44 18.864501953 0.000017166 -0.000022888 0.008791370 0.068438806 0.302966061
45 18.864482880 0.000011444 0.000007629 -0.031863009 -0.115786567 0.500585142
46 18.864948273 0.000018120 -0.000030518 -0.294836197 -0.271335181 0.302808226
47 0.843017578 -2.753788710 9.486446381 0.855057011 -0.049928530 -0.080636309
48 10.832740784 0.000012398 0.000003815 -0.209191986 -0.295057670 0.047342201
49 19.399497986 0.000001907 -0.000030518 -0.016559801 0.024395541 0.349120393
50 19.399696350 0.000017643 -0.000015259 -0.067566007 -0.241481303 0.420975897
51 19.400085449 0.000020027 0.000000000 -0.191935885 -0.422682206 0.202766219
52 0.161651611 1.532161474 -10.638372421 -2.816144363 0.633550674 0.110843728
53 14.463714600 -0.000010490 -0.000015259 0.266526042 -0.019490030 -0.049560292
54 20.708969116 -0.000022888 -0.000007629 -0.005644996 0.126332017 0.059848787
55 20.709014893 -0.000004768 -0.000007629 -0.003192738 0.243315188 0.052139279
56 20.709592819 0.000015259 -0.000045776 -0.081849501 -0.141145202 0.091467014
57 0.118759155 3.636007071 -10.383041382 -2.122523929 0.458330242 0.469716129
58 14.125000000 -0.000013828 -0.000022888 0.242280942 0.014116295 -0.028804286
59 20.265319824 -0.000000477 -0.000007629 -0.021239996 0.080528393 0.134536970
60 20.265342712 0.000005722 -0.000015259 -0.026968109 0.142157323 0.015042440
61 20.265625000 -0.000003815 -0.000015259 -0.121691030 -0.088130169 0.094299338
62 0.430786133 8.824709892 -7.827404499 -1.974020472 0.388933227 0.546339758
63 12.544555664 0.000013828 0.000000000 0.435675427 0.087099444 -0.172219318
64 19.343750000 -0.000008106 -0.000007629 -0.039761036 0.035169714 0.217327060
65 19.343750000 0.000015259 -0.000022888 -0.044243373 0.072223755 0.009114261
66 19.343750000 0.000003815 -0.000053406 -0.098257769 -0.079509140 0.055551179
67 -0.019577026 12.396468163 -3.323732376 -1.700091233 0.178754495 0.511066065
68 11.042076111 -0.000007629 0.000000000 0.468874380 0.023559382 -0.197337836
69 19.073402405 0.000000954 -0.000045776 -0.054050608 0.009236055 0.291172824
70 19.073383331 0.000007629 -0.000022888 -0.054588748 -0.042300422 0.029139238
71 19.073938370 0.000011444 -0.000038147 0.010258295 -0.108047748 -0.034615319
72 0.143447876 12.177960396 2.328406334 -1.326500827 -0.033979204 0.450482838
73 10.827331543 -0.000015259 0.000007629 0.302983205 -0.039902763 -0.093016852
74 18.731575012 0.000006676 -0.000007629 -0.060828351 -0.018142054 0.339232292
75 18.731582642 -0.000001907 -0.000068665 -0.059469095 -0.133706923 0.078604585
76 18.732156754 0.000026703 0.000030518 0.137718269 -0.200881117 -0.120300722
77 0.706573486 9.159471512 6.887772083 -0.809739206 -0.106067617 0.188799811
78 10.843391418 0.000002861 0.000007629 0.206565919 -0.176838005 -0.050872614
79 18.864524841 -0.000005722 -0.000038147 -0.064375767 -0.050173145 0.369631377
80 18.864490509 0.000011444 0.000000000 -0.062217844 -0.236103195 0.124936541
81 18.865070343 0.000007629 -0.000030518 0.226844005 -0.304773489 -0.158622775
82 0.842941284 2.753787041 9.486444473 -0.548272600 -0.028428662 0.066380672
83 10.832794189 -0.000000477 0.000022888 0.480388927 -0.223139015 -0.147686455
84 19.399604797 -0.000003338 -0.000045776 -0.050272340 -0.017211061 0.354927994
85 19.399612427 0.000001907 0.000007629 -0.072153389 -0.295634402 0.227034628
86 19.400196075 0.000013351 0.000000000 0.094839501 -0.441463136 -0.038476363
87 23.268287659 -2.187744141 -3.705848694 -1.456154893 0.000364046 -1.570479669
88 11.648437500 -0.000026703 0.000015259 -1.191969815 0.174103543 0.718415489
89 19.962633133 1.182586670 -0.494768620 2.827724317 1.210077460 -0.137379431
90 25.357299805 1.346649170 -0.632635593 2.396906683 0.967359115 -0.730367132
91 10.585937500 0.000000000 -0.000007629 -0.623342345 0.227380332 0.017522868
92 29.775829315 0.000030518 -0.000046253 0.509916794 0.827154160 -1.160381106
93 22.736793518 -0.004581451 -0.007385254 -0.567665312 -0.170646603 -2.892178389
94 0.073730469 -0.706542969 -0.275878906 1.703978031 0.628571471 -2.658717630
95 13.120185852 -0.000007629 -0.000015259 -1.269717661 0.134787623 -1.281468962
96 12.350067139 0.000000000 -0.000007629 -1.618870857 0.815325028 -1.218673653
97 15.541221619 -0.000030518 0.000007629 -0.165657425 0.690272703 0.323358101
98 14.906250000 -0.000001907 0.000000000 -0.067021511 0.211565290 0.661322394
99 14.182815552 -0.000007629 0.000000000 -0.283421593 0.563544706 0.005813819
100 6.140625000 -0.523925781 -0.378906250 -2.889456242 0.643397282 -2.519530825
101 11.348457336 -0.000007629 -0.000022888 -2.399711734 -1.051294989 -0.494890991
102 12.005233765 0.000007629 -0.000011444 -1.222517993 0.855246526 -1.211310207
103 15.865589142 -0.000030518 0.000015259 -0.421596068 0.866361670 0.095856471
104 14.851562500 -0.000015259 -0.000015259 -0.602918914 0.546877027 -0.003361135
105 12.538963318 -0.414989471 -0.272308350 -2.553206671 0.710276616 -2.431915929
106 10.619369507 -0.000015259 0.000015259 3.029842746 -0.749423348 -0.002080873
107 12.043014526 -0.000015259 0.000009537 -1.210278377 1.196367876 -1.188473611
108 15.310379028 -0.000022888 -0.000007629 -0.421589014 0.516532808 -0.021105329
109 19.857894897 -0.000003815 -0.000015259 -2.651327473 0.800756396 -2.465145949
110 10.617187500 -0.000015259 0.000015259 -0.341509949 -0.563985016 -0.101429671
111 11.091690063 -0.000015259 -0.000038147 -2.960012144 -0.405747082 -0.278681256
112 25.612243652 -0.000019073 -0.000137329 -0.964860271 -0.260129499 0.118751330
113 0.732421875 0.378173828 -0.043365479 -0.298448110 -0.042506783 0.541930270
114 9.421432495 0.000015259 -0.000019073 0.360626545 0.925566292 -0.183090914
115 3.208984375 0.000007629 0.000000000 -0.000856051 0.860846357 0.001031658
116 2.421092987 -0.000007629 0.000015259 -0.043040126 0.622529976 -0.041873875
117 0.783203125 0.134643555 -0.023925781 -0.156336213 -0.123510422 0.279151765
118 9.940948486 -0.000015259 0.000005722 0.156940826 0.930343403 -0.089257890
119 3.403709412 -0.000007629 -0.000015259 -0.006048037 0.656683852 -0.005707954
120 2.546609879 0.000007629 0.000000000 -0.038110356 0.644835858 -0.012733087
121 0.805175781 -0.000007629 -0.000011444 -0.007963538 -0.147251916 0.014089588
122 9.898437500 -0.000022888 0.000041962 -0.013519539 0.842282569 -0.001043158
123 3.537033081 -0.000015259 0.000000000 0.014337229 0.546778080 0.002854942
124 2.507812500 -0.000007629 0.000000000 0.001189873 0.577239660 0.007646629
125 0.821777344 -0.246826172 -0.028762817 0.155124828 -0.087466036 -0.272238366
126 9.687484741 -0.000015259 0.000007629 -0.211718941 0.781722057 0.168207529
127 3.679679871 -0.000007629 0.000015259 -0.002077321 0.581831668 -0.002424027
128 2.700599670 -0.000015259 -0.000030518 0.024996218 0.626238431 0.030959007
129 0.519042969 -0.395996094 -0.161987305 0.477878787 0.316754060 -0.763355711
130 6.753906250 -0.000007629 -0.000053406 -0.574483850 0.626140537 0.006934877
131 4.462646484 -0.000028610 -0.000015259 -0.077791836 0.010175756 0.138879881
132 22.736747742 0.004577637 -0.007293701 0.190732970 0.040319458 -2.561916796
133 0.073730469 0.706542969 -0.276367188 0.247994704 0.293389161 -1.451198862
134 13.119331360 0.000015259 0.000015259 0.630782189 -0.534055324 0.466388157
135 12.350997925 0.000003815 -0.000015259 0.379247169 0.234849565 0.305606989
136 15.540870667 0.000001907 0.000000000 -0.267179623 0.433771587 0.014261410
137 14.906250000 0.000003815 0.000015259 -0.229672851 0.647937083 0.088355489
138 14.182882309 0.000007629 0.000000000 -0.240226523 -0.050820457 0.024921015
139 6.140625000 0.523925781 -0.378662109 -1.335313521 0.260471867 -1.459626938
140 11.348968506 -0.000007629 0.000011444 2.260530446 -0.366255412 -0.520342317
141 12.004653931 -0.000022888 -0.000015259 -0.111997231 0.202458910 0.370754054
142 15.865951538 0.000015259 0.000000000 -0.060906761 0.425070312 0.342896348
143 14.851562500 0.000000000 0.000007629 0.059560483 -0.062384696 -0.067013861
144 12.539047241 0.414970398 -0.272766113 -1.397652161 0.332558693 -1.415489513
145 10.619094849 0.000007629 -0.000015259 2.778048533 -0.249303263 -0.543399207
146 12.043624878 -0.000015259 -0.000007629 -0.427032001 0.420400047 0.234767363
147 15.309890747 -0.000015259 0.000007629 -0.166555602 -0.084364594 -0.017315342
148 19.857978821 0.000007629 0.000045776 -1.370754964 0.423191719 -1.441627326
149 10.617187500 -0.000003815 -0.000007629 0.157993119 -0.326482736 -0.356002744
150 11.091804504 0.000005245 0.000000000 1.622690865 0.336875143 -1.224653810
151 0.732421875 -0.378417969 -0.043029785 0.298829922 -0.043211786 -0.541974052
152 9.421354294 -0.000015259 0.000003815 -0.470241755 1.108872100 0.050969701
153 3.208984375 0.000015259 0.000015259 0.000857873 1.057455893 -0.001098300
154 2.421081543 -0.000015259 -0.000017166 0.043174526 0.819359608 0.045011662
155 0.783203125 -0.134643555 -0.023727417 0.156625597 -0.124254089 -0.279237635
156 9.941059113 -0.000015259 -0.000038147 -0.258870176 1.208138449 -0.026394740
157 3.403720856 0.000000000 0.000038147 -0.009093961 0.939657871 -0.001132441
158 2.546592712 -0.000015259 -0.000030518 0.050622334 0.928087349 0.026112669
159 0.805175781 0.000000000 0.000000000 0.007970885 -0.148203970 -0.014094421
160 9.898437500 0.000015259 0.000022888 0.008520768 1.208195160 -0.016983373
161 3.537109375 0.000015259 0.000000000 -0.000193491 0.912542382 0.000193491
162 2.507812500 -0.000015259 0.000011444 0.000320821 0.943623568 -0.000320821
163 0.821777344 0.246826172 -0.027450562 -0.164839339 -0.092514906 0.247697022
164 9.687316895 0.000022888 -0.000053406 0.342851519 1.121789534 -0.008737843
165 3.679668427 -0.000015259 0.000030518 -0.002974323 0.934332562 -0.000146806
166 2.700630188 -0.000015259 -0.000019073 -0.032371169 0.978263485 -0.042071145
167 0.519531250 0.395996094 -0.161743164 -0.478495596 0.316187846 0.763124936
168 6.753906250 0.000005722 -0.000015259 0.300769486 0.115172368 -0.360966190
169 4.462753296 0.000007629 0.000030518 0.078557963 0.005930337 -0.087042230
170 86.264892578 -0.000015259 -0.000001907 0.895691676 -0.421203711 2.105433632
171 2.875000000 0.000015259 0.000015259 0.382867606 0.821795534 0.416249663
172 8.134399414 -0.000015259 -0.000015259 0.275756753 -1.067306199 -0.295545903
173 8.134380341 0.000000000 0.000001907 0.031241078 -0.243067622 0.076216521
174 8.134401321 0.000000000 0.000017166 0.016389511 -0.019322050 0.120509025
175 8.134383202 -0.000030518 0.000011444 -0.042645021 0.054494512 0.147528196
176 8.134395599 0.000000000 -0.000015259 -0.032924521 0.062426769 0.151910305
177 8.134382248 0.000000000 0.000000000 -0.026299893 0.064795480 0.153037155
178 8.134397507 -0.000015259 -0.000007629 -0.023527091 0.063791056 0.158331617
179 8.132812500 -0.000015259 -0.000007629 -0.078282288 0.200263845 0.156225915
180 86.264892578 -0.000015259 -0.000001907 -1.595223632 -0.146365090 -1.677901938
181 2.875000000 0.000007629 -0.000030518 -0.038604324 0.718636921 0.139657764
182 8.134384155 0.000000000 -0.000045776 -1.948862969 1.057177477 -2.143532556
183 8.134407043 0.000000000 -0.000015259 -0.208410689 0.378595531 -0.147552839
184 8.134418488 0.000000000 -0.000030518 -0.157701015 0.029178621 -0.084767426
185 8.134395599 0.000007629 0.000000000 -0.381213536 -0.041296656 -0.154787133
186 8.134393692 0.000000000 0.000030518 -0.364578368 -0.024379657 -0.180540816
187 8.134375572 0.000015259 -0.000030518 -0.342212437 0.014767630 -0.180259558
188 8.134401321 0.000000000 -0.000007629 -0.296627950 0.059258988 -0.168808562
189 8.132812500 0.000015259 -0.000003815 -0.270777408 0.239621647 -0.189820437
190 25.357383728 -1.346624374 -0.631866455 -0.998117297 0.322725405 2.256727320
191 10.586959839 0.000000000 -0.000030518 0.705465484 -0.422711911 -0.513352496
192 19.962806702 -1.182567596 -0.493774414 -2.827724317 1.210077460 0.137379431
193 26.542930603 -0.000061035 5.258399963 -0.000098679 -0.575889309 -3.141563427
194 5.210937500 -0.000001907 0.000015259 -0.002104987 -0.042357861 0.168512925
195 11.580818176 -0.000003815 0.000000000 0.000000000 0.373150501 0.000000000
196 30.590766907 -0.110170364 0.305751801 -0.710143935 -0.298882931 0.275037495
197 7.470642090 0.014274597 0.148304462 0.235810452 0.397084197 -0.050149966
198 9.857986450 6.173837662 -12.156152725 2.343721255 0.103353816 3.040407058
199 9.858200073 -6.068101883 -12.208473206 -2.352349825 0.104146931 -3.041265021
200 20.049377441 0.061208725 -14.093132019 3.134587295 0.926499159 3.136067236
201 5.580169678 -0.000003815 0.000015259 0.038097108 0.327234264 0.073766068
202 6.841293335 0.000000000 -0.000015259 0.006651274 0.021101195 -0.190905265
203 6.916397095 0.000007629 0.000000000 -0.284057675 0.169796178 -0.000010178
204 24.600051880 -1.878301620 -11.667308807 -2.002800253 -0.732025296 -0.963281651
205 24.600051880 -1.878301620 -11.667308807 -1.536345236 -0.230748013 -1.702389711
206 24.600051880 -1.878301620 -11.667308807 -1.665549243 0.097947933 -2.370679697
207 24.599975586 1.980123520 -11.650838852 2.009399481 -0.739004495 0.958897021
208 24.599975586 1.980123520 -11.650838852 1.535182712 -0.239155086 1.702686470
209 24.599975586 1.980123520 -11.650838852 1.659403831 0.091981346 2.370144970
210 7.570632935 3.876308441 6.930503845 -2.049238070 1.047095500 -0.535595520
211 7.418075562 -3.974512100 7.604160309 1.014907748 -1.024031318 -2.618339091
212 -86.807075500 0.000003206 0.000005000 0.000000000 0.000000000 0.000244115
213 0.000000000 -0.000000000 0.000000000 0.000000000 0.000000000 0.000244115
214 0.000000000 -0.000000000 0.000000000 0.000000000 0.000000000 0.000244115
215 0.000000000 -0.000000000 0.000000000 0.000000000 0.000000000 0.000244115
216 0.000000000 -0.000000000 0.000000000 0.000000000 0.000000000 0.000244115
217 0.000000000 -0.000000000 0.000000000 0.000000000 0.000000000 0.000244115
218 0.000000000 -0.000000000 0.000000000 0.000000000 0.000000000 0.000244115
219 0.000000000 -0.000000000 0.000000000 0.000000000 0.000000000 0.000244115
220 0.000000000 -0.000000000 0.000000000 0.000000000 0.000000000 0.000244115
221 0.000000000 -0.000000000 0.000000000 0.000000000 0.000000000 0.000244115
222 0.000000000 -0.000000000 0.000000000 0.000000000 0.000000000 0.000244115
223 0.000000000 -0.000000000 0.000000000 0.000000000 0.000000000 0.000244115
time 8
0 0.000000229 -5.244085789 0.715608001 0.405660359 -1.493470367 -1.733306275
1 88.476776123 -0.000062061 -0.000010272 3.003554736 -0.003053205 3.137477572
2 -43.495697021 -0.000050783 4.662868023 1.026517498 0.008666274 3.085431896
3 9.507705688 0.000008076 -0.000020981 -0.562322574 -0.076332220 -0.198387192
4 23.267890930 2.189104080 -3.705398560 1.505379534 0.281787913 1.548139583
5 11.648437500 0.000019073 0.000015259 -0.945273444 -0.035192124 0.532674352
6 29.776130676 -0.000032425 -0.000122070 0.471259664 0.310901608 -0.188088815
7 25.612236023 0.000019073 0.000091553 0.878552014 0.250087437 -0.397401814
8 8.674331665 -1.907150269 -2.936546326 -0.551336544 -0.109697996 1.608018152
9 0.000000000 -0.000000000 0.000000000 0.000000000 0.000000000 0.000244115
10 -43.495697021 -0.000050783 4.662868023 0.286586936 0.099020863 0.004868312
11 21.580322266 10.273416519 -4.495086193 -0.186537718 -0.046107623 0.041083497
12 45.674186707 0.000022888 0.000018120 2.955572365 0.499474496 -0.096772902
13 55.039104462 -0.000032425 -0.000024796 2.814327670 1.108151299 -0.204222274
14 21.580268860 -10.273574829 -4.495070934 0.005103002 -0.571768791 0.047537836
15 45.674209595 0.000012636 -0.000041962 2.940293832 0.756253360 -0.079446297
16 55.039146423 -0.000030041 -0.000012398 2.874577086 0.721033825 -0.142733355
17 0.161682129 -1.532184362 -10.638454437 3.125950371 0.641151580 -0.082158806
18 14.463745117 -0.000010490 0.000007629 0.036288969 -0.062449978 0.052424073
19 20.708938599 -0.000022888 -0.000045776 0.009566823 0.102050361 0.004550799
20 20.709026337 -0.000004768 -0.000015259 0.037085250 0.294442983 0.184566544
21 20.709554672 -0.000007629 0.000000000 0.061034719 -0.148389860 0.024472135
22 0.118835449 -3.636024952 -10.382871628 2.546588317 0.577346165 -0.403026334
23 14.125000000 -0.000022411 -0.000022888 0.043229010 -0.084015543 -0.000693935
24 20.265335083 -0.000008583 -0.000022888 0.023605244 0.123657800 0.018067301
25 20.265331268 -0.000009298 -0.000015259 0.064315290 0.281202502 0.306843785
26 20.265625000 -0.000025749 -0.000030518 0.103401225 -0.100879830 0.024373829
27 0.430786133 -8.824711800 -7.827316761 2.372955214 0.533403762 -0.501059882
28 12.544487000 0.000007629 -0.000015259 -0.181487928 -0.044288822 0.131731639
29 19.343734741 -0.000009537 -0.000022888 0.035521814 0.082941975 0.027309831
30 19.343750000 0.000000477 -0.000038147 0.070429191 0.210429076 0.409390429
31 19.343750000 -0.000011444 -0.000015259 0.075542698 -0.090483478 0.067668959
32 -0.019668579 -12.396470070 -3.323644400 2.086871785 0.308507155 -0.538408545
33 11.042068481 0.000009537 -0.000015259 -0.237684334 -0.121146411 0.128542073
34 19.073440552 -0.000001907 -0.000038147 0.038161296 0.070554148 0.069864584
35 19.073348999 0.000000000 -0.000038147 0.055186598 0.125027120 0.486142100
36 19.073877335 0.000003338 -0.000045776 -0.042611313 -0.107783121 0.164072431
37 0.143402100 -12.177965164 2.328495502 1.597893919 0.005360569 -0.523262396
38 10.827301025 0.000015259 -0.000030518 -0.071051855 -0.146960284 -0.014427064
39 18.731544495 0.000005722 -0.000007629 0.028322764 0.054414269 0.149528961
40 18.731605530 0.000007629 -0.000030518 0.013479225 0.003077940 0.539739001
41 18.732204437 0.000014305 -0.000030518 -0.187667057 -0.180346468 0.258818644
42 0.706604004 -9.159463882 6.887689114 1.098146424 -0.106750863 -0.236218825
43 10.843421936 0.000003815 -0.000026703 0.051684654 -0.262849051 -0.045071052
44 18.864501953 0.000017166 -0.000022888 0.012910633 0.062997861 0.175425558
45 18.864482880 0.000011444 0.000007629 -0.032463842 -0.108505060 0.545855774
46 18.864948273 0.000018120 -0.000030518 -0.297469011 -0.268270297 0.306524758
47 0.843017578 -2.753788710 9.486446381 0.846879172 -0.053082059 -0.078580529
48 10.832740784 0.000012398 0.000003815 -0.214295354 -0.284775151 0.053812292
49 19.399497986 0.000001907 -0.000030518 -0.007828393 0.041250386 0.247651443
50 19.399696350 0.000017643 -0.000015259 -0.069189819 -0.229585283 0.459637485
51 19.400085449 0.000020027 0.000000000 -0.195234334 -0.420997037 0.207306923
52 0.161651611 1.532161474 -10.638372421 -2.826167005 0.631065305 0.106399014
53 14.463714600 -0.000010490 -0.000015259 0.258222530 -0.040481872 -0.050356861
54 20.708969116 -0.000022888 -0.000007629 -0.006926796 0.065102048 0.002106247
55 20.709014893 -0.000004768 -0.000007629 0.003932545 0.254858718 0.081631069
56 20.709592819 0.000015259 -0.000045776 -0.086559621 -0.140248184 0.093674479
57 0.118759155 3.636007071 -10.383041382 -2.132326901 0.459101441 0.466390729
58 14.125000000 -0.000013828 -0.000022888 0.239059422 -0.006833886 -0.020555913
59 20.265319824 -0.000000477 -0.000007629 -0.023070767 0.034048739 0.075859461
60 20.265342712 0.000005722 -0.000015259 -0.019642450 0.159086915 0.055681124
61 20.265625000 -0.000003815 -0.000015259 -0.126211209 -0.087774691 0.096828488
62 0.430786133 8.824709892 -7.827404499 -1.983317328 0.390544536 0.543712397
63 12.544555664 0.000013828 0.000000000 0.427252987 0.086262911 -0.170474265
64 19.343750000 -0.000008106 -0.000007629 -0.043510584 -0.020892682 0.174567015
65 19.343750000 0.000015259 -0.000022888 -0.038991889 0.086353938 0.063914916
66 19.343750000 0.000003815 -0.000053406 -0.102529456 -0.079424518 0.058491543
67 -0.019577026 12.396468163 -3.323732376 -1.708886943 0.180368219 0.510674651
68 11.042076111 -0.000007629 0.000000000 0.460501342 0.021388947 -0.195519034
69 19.073402405 0.000000954 -0.000045776 -0.055833313 -0.023339237 0.244086224
70 19.073383331 0.000007629 -0.000022888 -0.052732264 -0.019677052 0.089576184
71 19.073938370 0.000011444 -0.000038147 0.006347900 -0.108122743 -0.031032148
72 0.143447876 12.177960396 2.328406334 -1.335085103 -0.032661746 0.451804442
73 10.827331543 -0.000015259 0.000007629 0.302566944 -0.046180042 -0.074215877
74 18.731575012 0.000006676 -0.000007629 -0.056920994 -0.032937846 0.261106611
75 18.731582642 -0.000001907 -0.000068665 -0.059523425 -0.106889961 0.138887384
76 18.732156754 0.000026703 0.000030518 0.134173200 -0.201417800 -0.116050308
77 0.706573486 9.159471512 6.887772083 -0.818437955 -0.106865607 0.191003845
78 10.843391418 0.000002861 0.000007629 0.205044406 -0.174000989 -0.030053290
79 18.864524841 -0.000005722 -0.000038147 -0.055701736 -0.047996805 0.293022495
80 18.864490509 0.000011444 0.000000000 -0.065671962 -0.212206919 0.181528582
81 18.865070343 0.000007629 -0.000030518 0.223201151 -0.305029216 -0.153925957
82 0.842941284 2.753787041 9.486444473 -0.556736877 -0.030378642 0.068126949
83 10.832794189 -0.000000477 0.000022888 0.474527246 -0.226171124 -0.134000987
84 19.399604797 -0.000003338 -0.000045776 -0.040383987 0.004808380 0.283686350
85 19.399612427 0.000001907 0.000007629 -0.074259828 -0.271494062 0.266715635
86 19.400196075 0.000013351 0.000000000 0.090876432 -0.441172953 -0.033496081
87 23.268287659 -2.187744141 -3.705848694 -1.456154893 0.000364046 -1.570479669
88 11.648437500 -0.000026703 0.000015259 -1.191969815 0.174103543 0.718415489
89 19.962633133 1.182586670 -0.494768620 2.827724317 1.210077460 -0.137379431
90 25.357299805 1.346649170 -0.632635593 2.370398480 1.102521019 -0.746847623
91 10.585937500 0.000000000 -0.000007629 -0.623342345 0.227380332 0.017522868
92 29.775829315 0.000030518 -0.000046253 0.509916794 0.827154160 -1.160381106
93 22.736793518 -0.004581451 -0.007385254 -0.567665312 -0.170646603 -2.892178389
94 0.073730469 -0.706542969 -0.275878906 1.309754401 0.655248634 -3.069244413
95 13.120185852 -0.000007629 -0.000015259 -1.209907162 0.363461406 -0.810468074
96 12.350067139 0.000000000 -0.000007629 -1.930866596 0.910210404 -1.547516457
97 15.541221619 -0.000030518 0.000007629 -0.265509283 0.924852245 0.134070043
98 14.906250000 -0.000001907 0.000000000 -0.143892780 0.359335800 0.427743165
99 14.182815552 -0.000007629 0.000000000 -0.283419415 0.563036500 0.006068074
100 6.140625000 -0.523925781 -0.378906250 2.932777633 0.675013646 -2.973793258
101 11.348457336 -0.000007629 -0.000022888 -2.386059045 -0.552355229 -0.622967965
102 12.005233765 0.000007629 -0.000011444 -1.504226878 1.004117736 -1.490368431
103 15.865589142 -0.000030518 0.000015259 -0.635735488 1.010241467 -0.250886398
104 14.851562500 -0.000015259 -0.000015259 -0.602976074 0.546325003 -0.002735959
105 12.538963318 -0.414989471 -0.272308350 -3.038188600 0.728821133 -2.892340435
106 10.619369507 -0.000015259 0.000015259 -3.081687381 -0.409461333 -0.371561596
107 12.043014526 -0.000015259 0.000009537 -1.424164142 1.394810783 -1.341852402
108 15.310379028 -0.000022888 -0.000007629 -0.421754081 0.515956588 -0.020841933
109 19.857894897 -0.000003815 -0.000015259 -3.084458596 0.780476947 -2.879156473
110 10.617187500 -0.000015259 0.000015259 -0.247712583 -0.274230730 -0.332039921
111 11.091690063 -0.000015259 -0.000038147 -2.960933457 -0.405337324 -0.278431721
112 25.612243652 -0.000019073 -0.000137329 -0.964860271 -0.260129499 0.118751330
113 0.732421875 0.378173828 -0.043365479 -0.298448110 -0.042506783 0.541930270
114 9.421432495 0.000015259 -0.000019073 0.360626545 0.925566292 -0.183090914
115 3.208984375 0.000007629 0.000000000 -0.000856051 0.860846357 0.001031658
116 2.421092987 -0.000007629 0.000015259 -0.043040126 0.622529976 -0.041873882
117 0.783203125 0.134643555 -0.023925781 -0.156336213 -0.123510422 0.279151765
118 9.940948486 -0.000015259 0.000005722 0.156940826 0.930343403 -0.089257890
119 3.403709412 -0.000007629 -0.000015259 -0.006048037 0.656683852 -0.005707954
120 2.546609879 0.000007629 0.000000000 -0.038110356 0.644835858 -0.012733087
121 0.805175781 -0.000007629 -0.000011444 -0.007963538 -0.147251916 0.014089588
122 9.898437500 -0.000022888 0.000041962 -0.013519539 0.842282569 -0.001043158
123 3.537033081 -0.000015259 0.000000000 0.014337229 0.546778080 0.002854942
124 2.507812500 -0.000007629 0.000000000 0.001189873 0.577239660 0.007646629
125 0.821777344 -0.246826172 -0.028762817 0.155124828 -0.087466036 -0.272238366
126 9.687484741 -0.000015259 0.000007629 -0.211718941 0.781722057 0.168207529
127 3.679679871 -0.000007629 0.000015259 -0.002077321 0.581831668 -0.002424027
128 2.700599670 -0.000015259 -0.000030518 0.024996218 0.626238431 0.030959007
129 0.519042969 -0.395996094 -0.161987305 0.477878787 0.316754060 -0.763355711
130 6.753906250 -0.000007629 -0.000053406 -0.574483850 0.626140537 0.006934877
131 4.462646484 -0.000028610 -0.000015259 -0.077791836 0.010175756 0.138879881
132 22.736747742 0.004577637 -0.007293701 0.357683133 -0.032354821 -2.545814479
133 0.073730469 0.706542969 -0.276367188 0.219419845 0.094593102 -1.454264925
134 13.119331360 0.000015259 0.000015259 0.649168484 -0.558615292 0.438133637
135 12.350997925 0.000003815 -0.000015259 0.380495787 0.230318421 0.240190561
136 15.540870667 0.000001907 0.000000000 -0.264925843 0.384463869 -0.019484989
137 14.906250000 0.000003815 0.000015259 -0.239463848 0.543952194 0.038059408
138 14.182882309 0.000007629 0.000000000 -0.225113224 -0.032037598 0.021692405
139 6.140625000 0.523925781 -0.378662109 -1.340235451 0.052092506 -1.446992996
140 11.348968506 -0.000007629 0.000011444 2.267761826 -0.334183472 -0.523086449
141 12.004653931 -0.000022888 -0.000015259 -0.106060374 0.208506465 0.284940759
142 15.865951538 0.000015259 0.000000000 -0.073694254 0.405891945 0.254692135
143 14.851562500 0.000000000 0.000007629 0.072402398 -0.042813684 -0.068345102
144 12.539047241 0.414970398 -0.272766113 -1.358368579 0.128744786 -1.381933928
145 10.619094849 0.000007629 -0.000015259 2.786011847 -0.214317333 -0.531688995
146 12.043624878 -0.000015259 -0.000007629 -0.437594380 0.380217473 0.128549841
147 15.309890747 -0.000015259 0.000007629 -0.154240518 -0.064502851 -0.021173562
148 19.857978821 0.000007629 0.000045776 -1.332002008 0.232135305 -1.408602911
149 10.617187500 -0.000003815 -0.000007629 0.152220290 -0.289711287 -0.347257971
150 11.091804504 0.000005245 0.000000000 1.663413038 0.314638314 -1.159802261
151 0.732421875 -0.378417969 -0.043029785 0.298829922 -0.043211786 -0.541974052
152 9.421354294 -0.000015259 0.000003815 -0.470241755 1.108872100 0.050969701
153 3.208984375 0.000015259 0.000015259 0.000857873 1.057455893 -0.001098300
154 2.421081543 -0.000015259 -0.000017166 0.043174526 0.819359608 0.045011662
155 0.783203125 -0.134643555 -0.023727417 0.156625597 -0.124254089 -0.279237635
156 9.941059113 -0.000015259 -0.000038147 -0.258870176 1.208138449 -0.026394740
157 3.403720856 0.000000000 0.000038147 -0.009093961 0.939657871 -0.001132441
158 2.546592712 -0.000015259 -0.000030518 0.050622334 0.928087349 0.026112669
159 0.805175781 0.000000000 0.000000000 0.007970885 -0.148203970 -0.014094421
160 9.898437500 0.000015259 0.000022888 0.008520768 1.208195160 -0.016983373
161 3.537109375 0.000015259 0.000000000 -0.000193491 0.912542382 0.000193491
162 2.507812500 -0.000015259 0.000011444 0.000320821 0.943623568 -0.000320821
163 0.821777344 0.246826172 -0.027450562 -0.164753166 -0.092525614 0.247693104
164 9.687316895 0.000022888 -0.000053406 0.342851519 1.121789534 -0.008737843
165 3.679668427 -0.000015259 0.000030518 -0.002974323 0.934332562 -0.000146806
166 2.700630188 -0.000015259 -0.000019073 -0.032371169 0.978263485 -0.042071145
167 0.519531250 0.395996094 -0.161743164 -0.478495596 0.316187846 0.763124936
168 6.753906250 0.000005722 -0.000015259 0.300769486 0.115172368 -0.360966190
169 4.462753296 0.000007629 0.000030518 0.078557963 0.005930337 -0.087042230
170 86.264892578 -0.000015259 -0.000001907 1.004174207 -0.274851546 1.954896583
171 2.875000000 0.000015259 0.000015259 0.310608603 0.853457680 0.322928291
172 8.134399414 -0.000015259 -0.000015259 0.055368377 -1.030249053 0.114127087
173 8.134380341 0.000000000 0.000001907 0.050456971 -0.207997257 0.084179609
174 8.134401321 0.000000000 0.000017166 0.030912396 -0.002726104 0.070156241
175 8.134383202 -0.000030518 0.000011444 -0.043000345 0.061065229 0.086473649
176 8.134395599 0.000000000 -0.000015259 -0.049071924 0.066463838 0.097585193
177 8.134382248 0.000000000 0.000000000 -0.064056770 0.066693243 0.113022849
178 8.134397507 -0.000015259 -0.000007629 -0.089749893 0.062780821 0.136384232
179 8.132812500 -0.000015259 -0.000007629 -0.080970746 0.206182426 0.164138419
180 86.264892578 -0.000015259 -0.000001907 -1.598073342 -0.108760099 -1.663859483
181 2.875000000 0.000007629 -0.000030518 -0.010467066 0.747871419 0.182820920
182 8.134384155 0.000000000 -0.000045776 -2.046830172 1.071041029 -2.204661777
183 8.134407043 0.000000000 -0.000015259 -0.155887443 0.403326547 -0.086456339
184 8.134418488 0.000000000 -0.000030518 -0.105057303 0.048986612 -0.031887692
185 8.134395599 0.000007629 0.000000000 -0.321717187 -0.029505671 -0.100819222
186 8.134393692 0.000000000 0.000030518 -0.300300089 -0.034821834 -0.129380691
187 8.134375572 0.000015259 -0.000030518 -0.276020412 -0.014165268 -0.143260676
188 8.134401321 0.000000000 -0.000007629 -0.233099676 0.019638933 -0.153580942
189 8.132812500 0.000015259 -0.000003815 -0.273471814 0.242346044 -0.193842548
190 25.357383728 -1.346624374 -0.631866455 -0.995104591 0.235359059 2.283396989
191 10.586959839 0.000000000 -0.000030518 0.701917367 -0.394379841 -0.491779848
192 19.962806702 -1.182567596 -0.493774414 -2.827724317 1.210077460 0.137379431
193 26.542930603 -0.000061035 5.258399963 -0.000098679 -0.575889309 -3.141563427
194 5.210937500 -0.000001907 0.000015259 0.003949062 0.130804669 0.066877397
195 11.580818176 -0.000003815 0.000000000 0.000000000 0.373150501 0.000000000
196 30.590766907 -0.110170364 0.305751801 -0.771595126 -0.282863007 0.298510911
197 7.470642090 0.014274597 0.148304462 0.290870226 0.421367425 -0.058714438
198 9.857986450 6.173837662 -12.156152725 2.343721255 0.103353816 3.040407058
199 9.858200073 -6.068101883 -12.208473206 -2.352349825 0.104146931 -3.041265021
200 20.049377441 0.061208725 -14.093132019 3.134587295 0.926499159 3.136067236
201 5.580169678 -0.000003815 0.000015259 0.062673808 0.332256842 0.125195564
202 6.841293335 0.000000000 -0.000015259 0.016137188 -0.117463349 -0.145910751
203 6.916397095 0.000007629 0.000000000 -0.284057675 0.169796178 -0.000010178
204 24.600051880 -1.878301620 -11.667308807 -2.002800253 -0.732025296 -0.963281651
205 24.600051880 -1.878301620 -11.667308807 -1.536345236 -0.230748013 -1.702389711
206 24.600051880 -1.878301620 -11.667308807 -1.665549243 0.097947933 -2.370679697
207 24.599975586 1.980123520 -11.650838852 2.009399481 -0.739004495 0.958897021
208 24.599975586 1.980123520 -11.650838852 1.535182712 -0.239155086 1.702686470
209 24.599975586 1.980123520 -11.650838852 1.659403831 0.091981346 2.370144970
210 7.570632935 3.876308441 6.930503845 -2.049238070 1.047095500 -0.535595520
211 7.418075562 -3.974512100 7.604160309 1.014907748 -1.024031318 -2.618339091
212 -86.807075500 0.000003206 0.000005000 0.000000000 0.000000000 0.000244115
213 0.000000000 -0.000000000 0.000000000 0.000000000 0.000000000 0.000244115
214 0.000000000 -0.000000000 0.000000000 0.000000000 0.000000000 0.000244115
215 0.000000000 -0.000000000 0.000000000 0.000000000 0.000000000 0.000244115
216 0.000000000 -0.000000000 0.000000000 0.000000000 0.000000000 0.000244115
217 0.000000000 -0.000000000 0.000000000 0.000000000 0.000000000 0.000244115
218 0.000000000 -0.000000000 0.000000000 0.000000000 0.000000000 0.000244115
219 0.000000000 -0.000000000 0.000000000 0.000000000 0.000000000 0.000244115
220 0.000000000 -0.000000000 0.000000000 0.000000000 0.000000000 0.000244115
221 0.000000000 -0.000000000 0.000000000 0.000000000 0.000000000 0.000244115
222 0.000000000 -0.000000000 0.000000000 0.000000000 0.000000000 0.000244115
223 0.000000000 -0.000000000 0.000000000 0.000000000 0.000000000 0.000244115
time 9
0 0.000000249 -5.688898087 0.684373975 0.488475289 -1.487122207 -1.821381819
1 88.476776123 -0.000062061 -0.000010272 3.003554736 -0.003053205 3.137477572
2 -43.495697021 -0.000050783 4.662868023 1.113595825 0.006123903 3.080626608
3 9.507705688 0.000008076 -0.000020981 -0.625779340 -0.036496247 -0.172918431
4 23.267890930 2.189104080 -3.705398560 1.514625618 0.334247293 1.544062661
5 11.648437500 0.000019073 0.000015259 -1.025580300 -0.024046533 0.385379121
6 29.776130676 -0.000032425 -0.000122070 0.485003801 0.298198994 -0.154716059
7 25.612236023 0.000019073 0.000091553 0.947924696 0.314249711 -0.405992862
8 8.674331665 -1.907150269 -2.936546326 -0.551336544 -0.109697996 1.608018152
9 0.000000000 -0.000000000 0.000000000 0.000000000 0.000000000 0.000244115
10 -43.495697021 -0.000050783 4.662868023 0.276683181 0.095598324 0.004682705
11 21.580322266 10.273416519 -4.495086193 -0.215395130 -0.044676741 0.040611538
12 45.674186707 0.000022888 0.000018120 2.922565493 0.498958429 -0.112992936
13 55.039104462 -0.000032425 -0.000024796 2.757475561 1.103096332 -0.241318455
14 21.580268860 -10.273574829 -4.495070934 -0.040589389 -0.569148434 0.065221521
15 45.674209595 0.000012636 -0.000041962 2.906810238 0.743571532 -0.083796684
16 55.039146423 -0.000030041 -0.000012398 2.836529485 0.719659212 -0.162675636
17 0.161682129 -1.532184362 -10.638454437 3.114899377 0.636370271 -0.086792257
18 14.463745117 -0.000010490 0.000007629 0.021913607 -0.076875837 0.048056439
19 20.708938599 -0.000022888 -0.000045776 0.011767403 0.063943508 -0.023632960
20 20.709026337 -0.000004768 -0.000015259 0.035233459 0.275662631 0.172249094
21 20.709554672 -0.000007629 0.000000000 0.056004942 -0.146922474 0.027135393
22 0.118835449 -3.636024952 -10.382871628 2.538191271 0.570172795 -0.405455561
23 14.125000000 -0.000022411 -0.000022888 0.023645226 -0.090652652 -0.008849593
24 20.265335083 -0.000008583 -0.000022888 0.025965036 0.077900804 -0.020931465
25 20.265331268 -0.000009298 -0.000015259 0.060257473 0.266173152 0.282680515
26 20.265625000 -0.000025749 -0.000030518 0.098788950 -0.098527488 0.027141700
27 0.430786133 -8.824711800 -7.827316761 2.365419671 0.525638314 -0.502735154
28 12.544487000 0.000007629 -0.000015259 -0.202975140 -0.044621227 0.122553526
29 19.343734741 -0.000009537 -0.000022888 0.038636941 0.044537746 -0.021505571
30 19.343750000 0.000000477 -0.000038147 0.065616904 0.190953228 0.374833944
31 19.343750000 -0.000011444 -0.000015259 0.071449044 -0.087421080 0.070635879
32 -0.019668579 -12.396470070 -3.323644400 2.079910212 0.300663765 -0.538512740
33 11.042068481 0.000009537 -0.000015259 -0.257133944 -0.117438869 0.117946237
34 19.073440552 -0.000001907 -0.000038147 0.041398024 0.038097134 0.015727625
35 19.073348999 0.000000000 -0.000038147 0.053045054 0.111645646 0.452466475
36 19.073877335 0.000003338 -0.000045776 -0.045998402 -0.104582129 0.167470067
37 0.143402100 -12.177965164 2.328495502 1.590701707 -0.002203794 -0.521753167
38 10.827301025 0.000015259 -0.000030518 -0.086701473 -0.132942941 -0.020981453
39 18.731544495 0.000005722 -0.000007629 0.031783570 0.023686487 0.086304935
40 18.731605530 0.000007629 -0.000030518 0.015922466 0.000796666 0.516122811
41 18.732204437 0.000014305 -0.000030518 -0.190448690 -0.176791518 0.262582246
42 0.706604004 -9.159463882 6.887689114 1.089000465 -0.111931131 -0.233165514
43 10.843421936 0.000003815 -0.000026703 0.044891654 -0.250394073 -0.038632576
44 18.864501953 0.000017166 -0.000022888 0.016622063 0.045858153 0.110091082
45 18.864482880 0.000011444 0.000007629 -0.023432971 -0.090451294 0.514073243
46 18.864948273 0.000018120 -0.000030518 -0.300288832 -0.264934975 0.310662421
47 0.843017578 -2.753788710 9.486446381 0.837116793 -0.056806214 -0.076123224
48 10.832740784 0.000012398 0.000003815 -0.220300132 -0.272379606 0.061600284
49 19.399497986 0.000001907 -0.000030518 -0.002960167 0.038857041 0.186259747
50 19.399696350 0.000017643 -0.000015259 -0.058052370 -0.194965551 0.441023102
51 19.400085449 0.000020027 0.000000000 -0.198712669 -0.419247229 0.212320285
52 0.161651611 1.532161474 -10.638372421 -2.838147943 0.628130882 0.101079433
53 14.463714600 -0.000010490 -0.000015259 0.248262740 -0.060241252 -0.050773468
54 20.708969116 -0.000022888 -0.000007629 -0.004982861 0.037844049 -0.021505160
55 20.709014893 -0.000004768 -0.000007629 0.004608095 0.237591759 0.080111618
56 20.709592819 0.000015259 -0.000045776 -0.091622784 -0.139230874 0.096071527
57 0.118759155 3.636007071 -10.383041382 -2.143926850 0.460127170 0.462494196
58 14.125000000 -0.000013828 -0.000022888 0.235243288 -0.028552595 -0.010676006
59 20.265319824 -0.000000477 -0.000007629 -0.021823113 0.018646028 0.039249909
60 20.265342712 0.000005722 -0.000015259 -0.017186580 0.152145192 0.068826318
61 20.265625000 -0.000003815 -0.000015259 -0.131085202 -0.087379817 0.099544623
62 0.430786133 8.824709892 -7.827404499 -1.994565533 0.392420835 0.540559426
63 12.544555664 0.000013828 0.000000000 0.417175486 0.085230012 -0.168456251
64 19.343750000 -0.000008106 -0.000007629 -0.043265936 -0.048745440 0.147830275
65 19.343750000 0.000015259 -0.000022888 -0.036762402 0.076181130 0.095051934
66 19.343750000 0.000003815 -0.000053406 -0.107074566 -0.079392215 0.061706313
67 -0.019577026 12.396468163 -3.323732376 -1.719329070 0.182281347 0.510145619
68 11.042076111 -0.000007629 0.000000000 0.450566119 0.018835979 -0.193401231
69 19.073402405 0.000000954 -0.000045776 -0.054542945 -0.038682902 0.211048806
70 19.073383331 0.000007629 -0.000022888 -0.051797764 -0.012031380 0.126548864
71 19.073938370 0.000011444 -0.000038147 0.002077629 -0.108275951 -0.027170212
72 0.143447876 12.177960396 2.328406334 -1.345359270 -0.031027691 0.453328344
73 10.827331543 -0.000015259 0.000007629 0.302076687 -0.053704126 -0.051762413
74 18.731575012 0.000006676 -0.000007629 -0.052294187 -0.040028401 0.197494345
75 18.731582642 -0.000001907 -0.000068665 -0.058686708 -0.084352422 0.167748053
76 18.732156754 0.000026703 0.000030518 0.130240347 -0.201982954 -0.111412612
77 0.706573486 9.159471512 6.887772083 -0.828826347 -0.107812827 0.193644257
78 10.843391418 0.000002861 0.000007629 0.203182111 -0.172436499 -0.005168634
79 18.864524841 -0.000005722 -0.000038147 -0.049024483 -0.049215975 0.228674202
80 18.864490509 0.000011444 0.000000000 -0.065079644 -0.179302603 0.207535235
81 18.865070343 0.000007629 -0.000030518 0.219338577 -0.305312274 -0.148934588
82 0.842941284 2.753787041 9.486444473 -0.566858518 -0.032730149 0.070145921
83 10.832794189 -0.000000477 0.000022888 0.467472887 -0.229876074 -0.117647629
84 19.399604797 -0.000003338 -0.000045776 -0.034410249 0.009792619 0.229717668
85 19.399612427 0.000001907 0.000007629 -0.069145055 -0.225343493 0.274588821
86 19.400196075 0.000013351 0.000000000 0.086643340 -0.440797068 -0.028099431
87 23.268287659 -2.187744141 -3.705848694 -1.456154893 0.000364046 -1.570479669
88 11.648437500 -0.000026703 0.000015259 -1.191969815 0.174103543 0.718415489
89 19.962633133 1.182586670 -0.494768620 2.827724317 1.210077460 -0.137379431
90 25.357299805 1.346649170 -0.632635593 2.581513289 1.165356279 -0.519948309
91 10.585937500 0.000000000 -0.000007629 -0.623342345 0.227380332 0.017522868
92 29.775829315 0.000030518 -0.000046253 0.509916794 0.827154160 -1.160381106
93 22.736793518 -0.004581451 -0.007385254 -0.567665312 -0.170646603 -2.892178389
94 0.073730469 -0.706542969 -0.275878906 1.150377290 0.811146592 3.053940831
95 13.120185852 -0.000007629 -0.000015259 -1.065468944 0.295210300 -0.350502647
96 12.350067139 0.000000000 -0.000007629 -1.880559151 0.968479275 -1.444494709
97 15.541221619 -0.000030518 0.000007629 -0.331340995 1.184811544 0.047162194
98 14.906250000 -0.000001907 0.000000000 -0.201366392 0.545852664 0.259878903
99 14.182815552 -0.000007629 0.000000000 -0.283417469 0.562528456 0.006322229
100 6.140625000 -0.523925781 -0.378906250 2.741202367 0.833547259 3.127413671
101 11.348457336 -0.000007629 -0.000022888 -2.491845704 -0.175235579 -0.422327935
102 12.005233765 0.000007629 -0.000011444 -1.402218542 1.081429958 -1.324695295
103 15.865589142 -0.000030518 0.000015259 -0.983655617 1.172005361 -0.670598328
104 14.851562500 -0.000015259 -0.000015259 -0.602915760 0.545687601 -0.002051352
105 12.538963318 -0.414989471 -0.272308350 3.040489657 0.874214800 -3.077510757
106 10.619369507 -0.000015259 0.000015259 -3.103318163 -0.072219071 -0.331590578
107 12.043014526 -0.000015259 0.000009537 -0.480508800 1.381406041 -0.350747384
108 15.310379028 -0.000022888 -0.000007629 -0.421884130 0.515311884 -0.020463052
109 19.857894897 -0.000003815 -0.000015259 3.020228860 0.894519673 -3.042860058
110 10.617187500 -0.000015259 0.000015259 -0.259698538 -0.009331840 -0.285022155
111 11.091690063 -0.000015259 -0.000038147 -2.961962306 -0.404853030 -0.278150518
112 25.612243652 -0.000019073 -0.000137329 -0.964860271 -0.260129499 0.118751330
113 0.732421875 0.378173828 -0.043365479 -0.298448110 -0.042506783 0.541930270
114 9.421432495 0.000015259 -0.000019073 0.360626545 0.925566292 -0.183090914
115 3.208984375 0.000007629 0.000000000 -0.000856051 0.860846357 0.001031658
116 2.421092987 -0.000007629 0.000015259 -0.043040126 0.622529976 -0.041873882
117 0.783203125 0.134643555 -0.023925781 -0.156336213 -0.123510422 0.279151765
118 9.940948486 -0.000015259 0.000005722 0.156940826 0.930343403 -0.089257890
119 3.403709412 -0.000007629 -0.000015259 -0.006048037 0.656683852 -0.005707954
120 2.546609879 0.000007629 0.000000000 -0.038110356 0.644835858 -0.012733087
121 0.805175781 -0.000007629 -0.000011444 -0.007963538 -0.147251916 0.014089588
122 9.898437500 -0.000022888 0.000041962 -0.013519539 0.842282569 -0.001043158
123 3.537033081 -0.000015259 0.000000000 0.014337229 0.546778080 0.002854942
124 2.507812500 -0.000007629 0.000000000 0.001189873 0.577239660 0.007646629
125 0.821777344 -0.246826172 -0.028762817 0.155124828 -0.087466036 -0.272238366
126 9.687484741 -0.000015259 0.000007629 -0.211718941 0.781722057 0.168207529
127 3.679679871 -0.000007629 0.000015259 -0.002077321 0.581831668 -0.002424027
128 2.700599670 -0.000015259 -0.000030518 0.024996218 0.626238431 0.030959007
129 0.519042969 -0.395996094 -0.161987305 0.477878787 0.316754060 -0.763355711
130 6.753906250 -0.000007629 -0.000053406 -0.574483850 0.626140537 0.006934877
131 4.462646484 -0.000028610 -0.000015259 -0.077791836 0.010175756 0.138879881
132 22.736747742 0.004577637 -0.007293701 0.487553100 -0.092311733 -2.533386915
133 0.073730469 0.706542969 -0.276367188 0.230757925 -0.076414476 -1.416956506
134 13.119331360 0.000015259 0.000015259 0.658493313 -0.591186261 0.422604306
135 12.350997925 0.000003815 -0.000015259 0.380271593 0.227755456 0.156676905
136 15.540870667 0.000001907 0.000000000 -0.267457239 0.340685622 -0.105564582
137 14.906250000 0.000003815 0.000015259 -0.248209827 0.477949662 -0.045193938
138 14.182882309 0.000007629 0.000000000 -0.208779290 -0.011724635 0.018152792
139 6.140625000 0.523925781 -0.378662109 -1.312466015 -0.126645464 -1.392273748
140 11.348968506 -0.000007629 0.000011444 2.275845387 -0.308819961 -0.540592238
141 12.004653931 -0.000022888 -0.000015259 -0.100739465 0.215566101 0.180104253
142 15.865951538 0.000015259 0.000000000 -0.084818095 0.418201646 0.126599711
143 14.851562500 0.000000000 0.000007629 0.086284726 -0.021455045 -0.069715879
144 12.539047241 0.414970398 -0.272766113 -1.274692336 -0.046888096 -1.295116301
145 10.619094849 0.000007629 -0.000015259 2.792290741 -0.182519802 -0.540314128
146 12.043624878 -0.000015259 -0.000007629 -0.443666113 0.317829853 0.007462620
147 15.309890747 -0.000015259 0.000007629 -0.140914695 -0.043076954 -0.025435789
148 19.857978821 0.000007629 0.000045776 -1.262302217 0.066483887 -1.334786189
149 10.617187500 -0.000003815 -0.000007629 0.145335113 -0.250336195 -0.357852617
150 11.091804504 0.000005245 0.000000000 1.707702564 0.290553068 -1.089660210
151 0.732421875 -0.378417969 -0.043029785 0.298829922 -0.043211786 -0.541974052
152 9.421354294 -0.000015259 0.000003815 -0.470241755 1.108872100 0.050969701
153 3.208984375 0.000015259 0.000015259 0.000857873 1.057455893 -0.001098300
154 2.421081543 -0.000015259 -0.000017166 0.043174526 0.819359608 0.045011662
155 0.783203125 -0.134643555 -0.023727417 0.156625597 -0.124254089 -0.279237635
156 9.941059113 -0.000015259 -0.000038147 -0.258870176 1.208138449 -0.026394740
157 3.403720856 0.000000000 0.000038147 -0.009093961 0.939657871 -0.001132441
158 2.546592712 -0.000015259 -0.000030518 0.050622334 0.928087349 0.026112669
159 0.805175781 0.000000000 0.000000000 0.007970885 -0.148203970 -0.014094421
160 9.898437500 0.000015259 0.000022888 0.008520768 1.208195160 -0.016983373
161 3.537109375 0.000015259 0.000000000 -0.000193491 0.912542382 0.000193491
162 2.507812500 -0.000015259 0.000011444 0.000320821 0.943623568 -0.000320821
163 0.821777344 0.246826172 -0.027450562 -0.164757182 -0.092518460 0.247780053
164 9.687316895 0.000022888 -0.000053406 0.342851519 1.121789534 -0.008737843
165 3.679668427 -0.000015259 0.000030518 -0.002974323 0.934332562 -0.000146806
166 2.700630188 -0.000015259 -0.000019073 -0.032371169 0.978263485 -0.042071145
167 0.519531250 0.395996094 -0.161743164 -0.478495596 0.316187846 0.763124936
168 6.753906250 0.000005722 -0.000015259 0.300769486 0.115172368 -0.360966190
169 4.462753296 0.000007629 0.000030518 0.078557963 0.005930337 -0.087042230
170 86.264892578 -0.000015259 -0.000001907 1.111518198 -0.145980683 1.810832341
171 2.875000000 0.000015259 0.000015259 0.246884011 0.880473244 0.240657346
172 8.134399414 -0.000015259 -0.000015259 -0.093663287 -0.931675874 0.441551824
173 8.134380341 0.000000000 0.000001907 0.048504031 -0.175700527 0.111417626
174 8.134401321 0.000000000 0.000017166 0.026024021 0.010353769 0.040364990
175 8.134383202 -0.000030518 0.000011444 -0.053135408 0.066932187 0.038570147
176 8.134395599 0.000000000 -0.000015259 -0.058979634 0.071379657 0.044558765
177 8.134382248 0.000000000 0.000000000 -0.068356644 0.071389823 0.060743143
178 8.134397507 -0.000015259 -0.000007629 -0.081200280 0.068212488 0.088711399
179 8.132812500 -0.000015259 -0.000007629 -0.083951902 0.212540114 0.172699052
180 86.264892578 -0.000015259 -0.000001907 -1.600420503 -0.075683137 -1.651587916
181 2.875000000 0.000007629 -0.000030518 0.014401910 0.772936529 0.220895662
182 8.134384155 0.000000000 -0.000045776 -2.047949295 1.056272364 -2.210389288
183 8.134407043 0.000000000 -0.000015259 -0.148957751 0.412922799 -0.063618467
184 8.134418488 0.000000000 -0.000030518 -0.104415282 0.055726671 0.001064775
185 8.134395599 0.000007629 0.000000000 -0.328904080 -0.025299909 -0.060653107
186 8.134393692 0.000000000 0.000030518 -0.320073835 -0.042284810 -0.086782466
187 8.134375572 0.000015259 -0.000030518 -0.312455435 -0.030356401 -0.104861079
188 8.134401321 0.000000000 -0.000007629 -0.289194771 0.000746502 -0.121953028
189 8.132812500 0.000015259 -0.000003815 -0.276415413 0.245276527 -0.198117131
190 25.357383728 -1.346624374 -0.631866455 -0.992796266 0.165193042 2.308466128
191 10.586959839 0.000000000 -0.000030518 0.698023049 -0.363831238 -0.468386144
192 19.962806702 -1.182567596 -0.493774414 -2.827724317 1.210077460 0.137379431
193 26.542930603 -0.000061035 5.258399963 -0.000098679 -0.575889309 -3.141563427
194 5.210937500 -0.000001907 0.000015259 -0.002928819 0.241754878 -0.001920886
195 11.580818176 -0.000003815 0.000000000 0.000000000 0.373150501 0.000000000
196 30.590766907 -0.110170364 0.305751801 -0.811883138 -0.272023964 0.314161245
197 7.470642090 0.014274597 0.148304462 0.345980866 0.445707374 -0.067220242
198 9.857986450 6.173837662 -12.156152725 2.343721255 0.103353816 3.040407058
199 9.858200073 -6.068101883 -12.208473206 -2.352349825 0.104146931 -3.041265021
200 20.049377441 0.061208725 -14.093132019 3.134587295 0.926499159 3.136067236
201 5.580169678 -0.000003815 0.000015259 0.082337539 0.349278075 0.164241022
202 6.841293335 0.000000000 -0.000015259 0.016832013 -0.241960048 -0.086853241
203 6.916397095 0.000007629 0.000000000 -0.284057675 0.169796178 -0.000010178
204 24.600051880 -1.878301620 -11.667308807 -2.002800253 -0.732025296 -0.963281651
205 24.600051880 -1.878301620 -11.667308807 -1.536345236 -0.230748013 -1.702389711
206 24.600051880 -1.878301620 -11.667308807 -1.665549243 0.097947933 -2.370679697
207 24.599975586 1.980123520 -11.650838852 2.009399481 -0.739004495 0.958897021
208 24.599975586 1.980123520 -11.650838852 1.535182712 -0.239155086 1.702686470
209 24.599975586 1.980123520 -11.650838852 1.659403831 0.091981346 2.370144970
210 7.570632935 3.876308441 6.930503845 -2.049238070 1.047095500 -0.535595520
211 7.418075562 -3.974512100 7.604160309 1.014907748 -1.024031318 -2.618339091
212 -86.807075500 0.000003206 0.000005000 0.000000000 0.000000000 0.000244115
213 0.000000000 -0.000000000 0.000000000 0.000000000 0.000000000 0.000244115
214 0.000000000 -0.000000000 0.000000000 0.000000000 0.000000000 0.000244115
215 0.000000000 -0.000000000 0.000000000 0.000000000 0.000000000 0.000244115
216 0.000000000 -0.000000000 0.000000000 0.000000000 0.000000000 0.000244115
217 0.000000000 -0.000000000 0.000000000 0.000000000 0.000000000 0.000244115
218 0.000000000 -0.000000000 0.000000000 0.000000000 0.000000000 0.000244115
219 0.000000000 -0.000000000 0.000000000 0.000000000 0.000000000 0.000244115
220 0.000000000 -0.000000000 0.000000000 0.000000000 0.000000000 0.000244115
221 0.000000000 -0.000000000 0.000000000 0.000000000 0.000000000 0.000244115
222 0.000000000 -0.000000000 0.000000000 0.000000000 0.000000000 0.000244115
223 0.000000000 -0.000000000 0.000000000 0.000000000 0.000000000 0.000244115
time 10
0 0.000000256 -5.852776051 0.654120982 0.519022443 -1.484853471 -1.882469346
1 88.476776123 -0.000062061 -0.000010272 3.003554736 -0.003053205 3.137477572
2 -43.495697021 -0.000050783 4.662868023 1.145756357 0.005207631 3.078893299
3 9.507705688 0.000008076 -0.000020981 -0.683962045 0.012366673 -0.142038308
4 23.267890930 2.189104080 -3.705398560 1.523386978 0.385195758 1.539945266
5 11.648437500 0.000019073 0.000015259 -1.055183888 -0.020136734 0.331084866
6 29.776130676 -0.000032425 -0.000122070 0.503303474 0.281229677 -0.110105900
7 25.612236023 0.000019073 0.000091553 1.013463348 0.374852974 -0.413753134
8 8.674331665 -1.907150269 -2.936546326 -0.551336544 -0.109697996 1.608018152
9 0.000000000 -0.000000000 0.000000000 0.000000000 0.000000000 0.000244115
10 -43.495697021 -0.000050783 4.662868023 0.268367331 0.092698493 0.004588164
11 21.580322266 10.273416519 -4.495086193 -0.240474984 -0.043409983 0.040207192
12 45.674186707 0.000022888 0.000018120 2.893917683 0.498456148 -0.127046849
13 55.039104462 -0.000032425 -0.000024796 2.708187671 1.098593629 -0.273467659
14 21.580268860 -10.273574829 -4.495070934 -0.080289616 -0.566130778 0.080498534
15 45.674209595 0.000012636 -0.000041962 2.877792631 0.730810335 -0.087369206
16 55.039146423 -0.000030041 -0.000012398 2.803552601 0.718641435 -0.180025085
17 0.161682129 -1.532184362 -10.638454437 3.105716973 0.632457577 -0.090694460
18 14.463745117 -0.000010490 0.000007629 0.009939658 -0.086681364 0.045796490
19 20.708938599 -0.000022888 -0.000045776 0.018033275 0.051539888 0.009531499
20 20.709026337 -0.000004768 -0.000015259 0.032057432 0.244151682 0.128300659
21 20.709554672 -0.000007629 0.000000000 0.050708866 -0.145270471 0.029987816
22 0.118835449 -3.636024952 -10.382871628 2.531062302 0.564168256 -0.407635146
23 14.125000000 -0.000022411 -0.000022888 0.007288348 -0.094073641 -0.013477929
24 20.265335083 -0.000008583 -0.000022888 0.032904933 0.050018720 0.014035653
25 20.265331268 -0.000009298 -0.000015259 0.054203579 0.240943630 0.218578704
26 20.265625000 -0.000025749 -0.000030518 0.093831814 -0.095993602 0.030095839
27 0.430786133 -8.824711800 -7.827316761 2.359200309 0.519063521 -0.504156114
28 12.544487000 0.000007629 -0.000015259 -0.220920781 -0.044751985 0.117256159
29 19.343734741 -0.000009537 -0.000022888 0.044741883 0.016099279 0.013656857
30 19.343750000 0.000000477 -0.000038147 0.061097664 0.169367780 0.293662753
31 19.343750000 -0.000011444 -0.000015259 0.067017903 -0.084084428 0.073872127
32 -0.019668579 -12.396470070 -3.323644400 2.074156473 0.294084862 -0.538475620
33 11.042068481 0.000009537 -0.000015259 -0.273465774 -0.114282375 0.111774657
34 19.073440552 -0.000001907 -0.000038147 0.046555423 0.007883785 0.047157271
35 19.073348999 0.000000000 -0.000038147 0.053829815 0.102045501 0.366590186
36 19.073877335 0.000003338 -0.000045776 -0.049618778 -0.101085845 0.171035143
37 0.143402100 -12.177965164 2.328495502 1.584692555 -0.008553624 -0.520455131
38 10.827301025 0.000015259 -0.000030518 -0.099808346 -0.121118527 -0.023382439
39 18.731544495 0.000005722 -0.000007629 0.036020167 -0.008789267 0.103918210
40 18.731605530 0.000007629 -0.000030518 0.025188026 0.007159130 0.435398796
41 18.732204437 0.000014305 -0.000030518 -0.193473331 -0.172996849 0.266599417
42 0.706604004 -9.159463882 6.887689114 1.081310424 -0.116143178 -0.230597250
43 10.843421936 0.000003815 -0.000026703 0.039225616 -0.239880646 -0.033251155
44 18.864501953 0.000017166 -0.000022888 0.020777983 0.018428395 0.115326355
45 18.864482880 0.000011444 0.000007629 -0.005489130 -0.057754880 0.434111971
46 18.864948273 0.000018120 -0.000030518 -0.303346124 -0.261352868 0.314965066
47 0.843017578 -2.753788710 9.486446381 0.828962512 -0.059888692 -0.074093991
48 10.832740784 0.000012398 0.000003815 -0.225440535 -0.262026784 0.068117673
49 19.399497986 0.000001907 -0.000030518 0.001400211 0.019372772 0.170964225
50 19.399696350 0.000017643 -0.000015259 -0.037037054 -0.140034462 0.391019011
51 19.400085449 0.000020027 0.000000000 -0.202466242 -0.417263438 0.217538953
52 0.161651611 1.532161474 -10.638372421 -2.848217270 0.625610590 0.096597487
53 14.463714600 -0.000010490 -0.000015259 0.239911279 -0.074942468 -0.050888180
54 20.708969116 -0.000022888 -0.000007629 0.000099254 0.041780224 0.004750535
55 20.709014893 -0.000004768 -0.000007629 0.005574750 0.206416875 0.054647227
56 20.709592819 0.000015259 -0.000045776 -0.097125170 -0.138086554 0.098662781
57 0.118759155 3.636007071 -10.383041382 -2.153642294 0.460916224 0.459239160
58 14.125000000 -0.000013828 -0.000022888 0.232052628 -0.045506804 -0.002523168
59 20.265319824 -0.000000477 -0.000007629 -0.017319853 0.033446516 0.043484169
60 20.265342712 0.000005722 -0.000015259 -0.013496985 0.132984585 0.061138743
61 20.265625000 -0.000003815 -0.000015259 -0.136231265 -0.087033360 0.102449962
62 0.430786133 8.824709892 -7.827404499 -2.003822939 0.393983891 0.537929381
63 12.544555664 0.000013828 0.000000000 0.408769095 0.084430566 -0.166702510
64 19.343750000 -0.000008106 -0.000007629 -0.038306332 -0.042248023 0.149038469
65 19.343750000 0.000015259 -0.000022888 -0.031922205 0.053289628 0.109830743
66 19.343750000 0.000003815 -0.000053406 -0.111973616 -0.079325000 0.065107977
67 -0.019577026 12.396468163 -3.323732376 -1.728055723 0.183876017 0.509751602
68 11.042076111 -0.000007629 0.000000000 0.442212532 0.016636867 -0.191654848
69 19.073402405 0.000000954 -0.000045776 -0.048842569 -0.030722627 0.201859207
70 19.073383331 0.000007629 -0.000022888 -0.046895621 -0.012425629 0.149196480
71 19.073938370 0.000011444 -0.000038147 -0.002289351 -0.108414368 -0.023129681
72 0.143447876 12.177960396 2.328406334 -1.354005612 -0.029726860 0.454576009
73 10.827331543 -0.000015259 0.000007629 0.301641521 -0.059967220 -0.032962255
74 18.731575012 0.000006676 -0.000007629 -0.045943714 -0.033505774 0.166668867
75 18.731582642 -0.000001907 -0.000068665 -0.052748383 -0.064950100 0.176622098
76 18.732156754 0.000026703 0.000030518 0.126021685 -0.202648439 -0.106490236
77 0.706573486 9.159471512 6.887772083 -0.837568003 -0.108569679 0.195873923
78 10.843391418 0.000002861 0.000007629 0.201560046 -0.171839043 0.015670699
79 18.864524841 -0.000005722 -0.000038147 -0.042031440 -0.047396925 0.191709207
80 18.864490509 0.000011444 0.000000000 -0.057843336 -0.141611733 0.215815184
81 18.865070343 0.000007629 -0.000030518 0.215063299 -0.305641763 -0.143531921
82 0.842941284 2.753787041 9.486444473 -0.575354875 -0.034672669 0.071849124
83 10.832794189 -0.000000477 0.000022888 0.461573295 -0.232945396 -0.103878664
84 19.399604797 -0.000003338 -0.000045776 -0.028755263 0.002197169 0.200406790
85 19.399612427 0.000001907 0.000007629 -0.056363997 -0.164529617 0.267589505
86 19.400196075 0.000013351 0.000000000 0.082072144 -0.440417526 -0.022364279
87 23.268287659 -2.187744141 -3.705848694 -1.456154893 0.000364046 -1.570479669
88 11.648437500 -0.000026703 0.000015259 -1.191969815 0.174103543 0.718415489
89 19.962633133 1.182586670 -0.494768620 2.827724317 1.210077460 -0.137379431
90 25.357299805 1.346649170 -0.632635593 3.036509589 1.096402836 -0.037378947
91 10.585937500 0.000000000 -0.000007629 -0.623342345 0.227380332 0.017522868
92 29.775829315 0.000030518 -0.000046253 0.509916794 0.827154160 -1.160381106
93 22.736793518 -0.004581451 -0.007385254 -0.567665312 -0.170646603 -2.892178389
94 0.073730469 -0.706542969 -0.275878906 1.287248611 1.107913507 -3.082909595
95 13.120185852 -0.000007629 -0.000015259 -1.010567196 0.116431473 -0.113349294
96 12.350067139 0.000000000 -0.000007629 -1.458318280 0.860638696 -0.964779812
97 15.541221619 -0.000030518 0.000007629 -0.400315441 1.376295700 -0.007960952
98 14.906250000 -0.000001907 0.000000000 -0.221755021 0.737341447 0.204715553
99 14.182815552 -0.000007629 0.000000000 -0.283372972 0.561855192 0.006702778
100 6.140625000 -0.523925781 -0.378906250 2.892113103 1.138333693 -2.999128382
101 11.348457336 -0.000007629 -0.000022888 -2.522569256 0.014587741 -0.197045655
102 12.005233765 0.000007629 -0.000011444 -0.930118378 0.919755722 -0.804678505
103 15.865589142 -0.000030518 0.000015259 -1.408798411 1.227867837 -1.136021510
104 14.851562500 -0.000015259 -0.000015259 -0.602934199 0.545076725 -0.001303344
105 12.538963318 -0.414989471 -0.272308350 -3.077808594 1.168539461 -2.908236781
106 10.619369507 -0.000015259 0.000015259 -3.104608456 0.124026500 -0.195934455
107 12.043014526 -0.000015259 0.000009537 -0.295057094 1.056133580 -0.190051359
108 15.310379028 -0.000022888 -0.000007629 -0.422100846 0.514579222 -0.020088068
109 19.857894897 -0.000003815 -0.000015259 -3.117282460 1.163236935 -2.895450473
110 10.617187500 -0.000015259 0.000015259 -0.256945577 0.149239768 -0.171228184
111 11.091690063 -0.000015259 -0.000038147 -2.963098561 -0.404294084 -0.277837792
112 25.612243652 -0.000019073 -0.000137329 -0.964860271 -0.260129499 0.118751330
113 0.732421875 0.378173828 -0.043365479 -0.298448110 -0.042506783 0.541930270
114 9.421432495 0.000015259 -0.000019073 0.360626545 0.925566292 -0.183090914
115 3.208984375 0.000007629 0.000000000 -0.000856051 0.860846357 0.001031658
116 2.421092987 -0.000007629 0.000015259 -0.043040126 0.622529976 -0.041873882
117 0.783203125 0.134643555 -0.023925781 -0.156336213 -0.123510422 0.279151765
118 9.940948486 -0.000015259 0.000005722 0.156940826 0.930343403 -0.089257890
119 3.403709412 -0.000007629 -0.000015259 -0.006048037 0.656683852 -0.005707954
120 2.546609879 0.000007629 0.000000000 -0.038110356 0.644835858 -0.012733087
121 0.805175781 -0.000007629 -0.000011444 -0.007963538 -0.147251916 0.014089588
122 9.898437500 -0.000022888 0.000041962 -0.013519539 0.842282569 -0.001043158
123 3.537033081 -0.000015259 0.000000000 0.014337229 0.546778080 0.002854942
124 2.507812500 -0.000007629 0.000000000 0.001189873 0.577239660 0.007646629
125 0.821777344 -0.246826172 -0.028762817 0.155124828 -0.087466036 -0.272238366
126 9.687484741 -0.000015259 0.000007629 -0.211718941 0.781722057 0.168207529
127 3.679679871 -0.000007629 0.000015259 -0.002077321 0.581831668 -0.002424027
128 2.700599670 -0.000015259 -0.000030518 0.024996218 0.626238431 0.030959007
129 0.519042969 -0.395996094 -0.161987305 0.477878787 0.316754060 -0.763355711
130 6.753906250 -0.000007629 -0.000053406 -0.574483850 0.626140537 0.006934877
131 4.462646484 -0.000028610 -0.000015259 -0.077791836 0.010175756 0.138879881
132 22.736747742 0.004577637 -0.007293701 0.542266136 -0.124533788 -2.528383030
133 0.073730469 0.706542969 -0.276367188 0.230514328 -0.156415900 -1.398276889
134 13.119331360 0.000015259 0.000015259 0.641939875 -0.637554199 0.415971608
135 12.350997925 0.000003815 -0.000015259 0.362821470 0.198888344 0.114037637
136 15.540870667 0.000001907 0.000000000 -0.287910893 0.298957277 -0.157558875
137 14.906250000 0.000003815 0.000015259 -0.277605166 0.433431546 -0.082370718
138 14.182882309 0.000007629 0.000000000 -0.191333889 0.009871787 0.014314561
139 6.140625000 0.523925781 -0.378662109 -1.301580924 -0.221108221 -1.358347165
140 11.348968506 -0.000007629 0.000011444 2.266126991 -0.291117692 -0.574298229
141 12.004653931 -0.000022888 -0.000015259 -0.118140054 0.189617291 0.114690596
142 15.865951538 0.000015259 0.000000000 -0.120241891 0.407224778 0.036692502
143 14.851562500 0.000000000 0.000007629 0.101141988 0.001186666 -0.071257542
144 12.539047241 0.414970398 -0.272766113 -1.206367143 -0.151143228 -1.216481900
145 10.619094849 0.000007629 -0.000015259 2.778527304 -0.160062099 -0.563836098
146 12.043624878 -0.000015259 -0.000007629 -0.456825417 0.235318988 -0.052446897
147 15.309890747 -0.000015259 0.000007629 -0.126688624 -0.020237574 -0.029942131
148 19.857978821 0.000007629 0.000045776 -1.206690268 -0.045726795 -1.270320120
149 10.617187500 -0.000003815 -0.000007629 0.128740544 -0.227997387 -0.374684912
150 11.091804504 0.000005245 0.000000000 1.755210672 0.264974563 -1.014803409
151 0.732421875 -0.378417969 -0.043029785 0.298829922 -0.043211786 -0.541974052
152 9.421354294 -0.000015259 0.000003815 -0.470241755 1.108872100 0.050969701
153 3.208984375 0.000015259 0.000015259 0.000857873 1.057455893 -0.001098300
154 2.421081543 -0.000015259 -0.000017166 0.043174526 0.819359608 0.045011662
155 0.783203125 -0.134643555 -0.023727417 0.156625597 -0.124254089 -0.279237635
156 9.941059113 -0.000015259 -0.000038147 -0.258870176 1.208138449 -0.026394740
157 3.403720856 0.000000000 0.000038147 -0.009093961 0.939657871 -0.001132441
158 2.546592712 -0.000015259 -0.000030518 0.050622334 0.928087349 0.026112669
159 0.805175781 0.000000000 0.000000000 0.007970885 -0.148203970 -0.014094421
160 9.898437500 0.000015259 0.000022888 0.008520768 1.208195160 -0.016983373
161 3.537109375 0.000015259 0.000000000 -0.000193491 0.912542382 0.000193491
162 2.507812500 -0.000015259 0.000011444 0.000320821 0.943623568 -0.000320821
163 0.821777344 0.246826172 -0.027450562 -0.164667553 -0.092429433 0.247941764
164 9.687316895 0.000022888 -0.000053406 0.342851519 1.121789534 -0.008737843
165 3.679668427 -0.000015259 0.000030518 -0.002974323 0.934332562 -0.000146806
166 2.700630188 -0.000015259 -0.000019073 -0.032371169 0.978263485 -0.042071145
167 0.519531250 0.395996094 -0.161743164 -0.478495596 0.316187846 0.763124936
168 6.753906250 0.000005722 -0.000015259 0.300769486 0.115172368 -0.360966190
169 4.462753296 0.000007629 0.000030518 0.078557963 0.005930337 -0.087042230
170 86.264892578 -0.000015259 -0.000001907 1.214321988 -0.043156578 1.679436584
171 2.875000000 0.000015259 0.000015259 0.196017923 0.901550025 0.175016266
172 8.134399414 -0.000015259 -0.000015259 -0.109192883 -0.824661279 0.529062378
173 8.134380341 0.000000000 0.000001907 0.036856713 -0.147893489 0.134674025
174 8.134401321 0.000000000 0.000017166 0.011966052 0.019615645 0.040432679
175 8.134383202 -0.000030518 0.000011444 -0.069742401 0.070894096 0.026219376
176 8.134395599 0.000000000 -0.000015259 -0.078111558 0.073925098 0.023302565
177 8.134382248 0.000000000 0.000000000 -0.091155832 0.073266547 0.033406287
178 8.134397507 -0.000015259 -0.000007629 -0.110471965 0.068945740 0.057957022
179 8.132812500 -0.000015259 -0.000007629 -0.087049740 0.219325793 0.181838011
180 86.264892578 -0.000015259 -0.000001907 -1.602164559 -0.049375328 -1.641851649
181 2.875000000 0.000007629 -0.000030518 0.034165661 0.792509133 0.251227959
182 8.134384155 0.000000000 -0.000045776 -2.310881084 1.103507406 -2.366350123
183 8.134407043 0.000000000 -0.000015259 -0.173262223 0.423183972 -0.031282069
184 8.134418488 0.000000000 -0.000030518 -0.141807199 0.055863643 0.006679277
185 8.134395599 0.000007629 0.000000000 -0.370475825 -0.022570807 -0.059014562
186 8.134393692 0.000000000 0.000030518 -0.361925070 -0.036632833 -0.081615912
187 8.134375572 0.000015259 -0.000030518 -0.351393657 -0.023718152 -0.093495035
188 8.134401321 0.000000000 -0.000007629 -0.321170239 0.006693763 -0.102911047
189 8.132812500 0.000015259 -0.000003815 -0.279433005 0.248330941 -0.202698371
190 25.357383728 -1.346624374 -0.631866455 -1.070084605 0.105565560 2.263257970
191 10.586959839 0.000000000 -0.000030518 0.693933442 -0.331182080 -0.443512429
192 19.962806702 -1.182567596 -0.493774414 -2.827724317 1.210077460 0.137379431
193 26.542930603 -0.000061035 5.258399963 -0.000098679 -0.575889309 -3.141563427
194 5.210937500 -0.000001907 0.000015259 -0.009390242 0.296594455 -0.041814210
195 11.580818176 -0.000003815 0.000000000 0.000000000 0.373150501 0.000000000
196 30.590766907 -0.110170364 0.305751801 -0.826360368 -0.267985399 0.319853866
197 7.470642090 0.014274597 0.148304462 0.399240039 0.469333445 -0.075572811
198 9.857986450 6.173837662 -12.156152725 2.343721255 0.103353816 3.040407058
199 9.858200073 -6.068101883 -12.208473206 -2.352349825 0.104146931 -3.041265021
200 20.049377441 0.061208725 -14.093132019 3.134587295 0.926499159 3.136067236
201 5.580169678 -0.000003815 0.000015259 0.093627976 0.380741115 0.184386425
202 6.841293335 0.000000000 -0.000015259 0.006394868 -0.332163934 -0.017263598
203 6.916397095 0.000007629 0.000000000 -0.284057675 0.169796178 -0.000010178
204 24.600051880 -1.878301620 -11.667308807 -2.002800253 -0.732025296 -0.963281651
205 24.600051880 -1.878301620 -11.667308807 -1.536345236 -0.230748013 -1.702389711
206 24.600051880 -1.878301620 -11.667308807 -1.665549243 0.097947933 -2.370679697
207 24.599975586 1.980123520 -11.650838852 2.009399481 -0.739004495 0.958897021
208 24.599975586 1.980123520 -11.650838852 1.535182712 -0.239155086 1.702686470
209 24.599975586 1.980123520 -11.650838852 1.659403831 0.091981346 2.370144970
210 7.570632935 3.876308441 6.930503845 -2.049238070 1.047095500 -0.535595520
211 7.418075562 -3.974512100 7.604160309 1.014907748 -1.024031318 -2.618339091
212 -86.807075500 0.000003206 0.000005000 0.000000000 0.000000000 0.000244115
213 0.000000000 -0.000000000 0.000000000 0.000000000 0.000000000 0.000244115
214 0.000000000 -0.000000000 0.000000000 0.000000000 0.000000000 0.000244115
215 0.000000000 -0.000000000 0.000000000 0.000000000 0.000000000 0.000244115
216 0.000000000 -0.000000000 0.000000000 0.000000000 0.000000000 0.000244115
217 0.000000000 -0.000000000 0.000000000 0.000000000 0.000000000 0.000244115
218 0.000000000 -0.000000000 0.000000000 0.000000000 0.000000000 0.000244115
219 0.000000000 -0.000000000 0.000000000 0.000000000 0.000000000 0.000244115
220 0.000000000 -0.000000000 0.000000000 0.000000000 0.000000000 0.000244115
221 0.000000000 -0.000000000 0.000000000 0.000000000 0.000000000 0.000244115
222 0.000000000 -0.000000000 0.000000000 0.000000000 0.000000000 0.000244115
223 0.000000000 -0.000000000 0.000000000 0.000000000 0.000000000 0.000244115
time 11
0 0.000000254 -5.810342789 0.622812986 0.513413734 -1.486014772 -1.920734416
1 88.476776123 -0.000062061 -0.000010272 3.003554736 -0.003053205 3.137477572
2 -43.495697021 -0.000050783 4.662868023 1.137427586 0.005481980 3.079316953
3 9.507705688 0.000008076 -0.000020981 -0.735895396 0.066037564 -0.108415561
4 23.267890930 2.189104080 -3.705398560 1.531701965 0.432800638 1.536121442
5 11.648437500 0.000019073 0.000015259 -1.043336359 -0.024502688 0.333145117
6 29.776130676 -0.000032425 -0.000122070 0.525800055 0.260494505 -0.055560592
7 25.612236023 0.000019073 0.000091553 1.072752016 0.429726672 -0.420597930
8 8.674331665 -1.907150269 -2.936546326 -0.551336544 -0.109697996 1.608018152
9 0.000000000 -0.000000000 0.000000000 0.000000000 0.000000000 0.000244115
10 -43.495697021 -0.000050783 4.662868023 0.264954054 0.091472820 0.004526879
11 21.580322266 10.273416519 -4.495086193 -0.260199976 -0.042415771 0.039858380
12 45.674186707 0.000022888 0.000018120 2.871270847 0.498153271 -0.138157023
13 55.039104462 -0.000032425 -0.000024796 2.669192684 1.095094971 -0.298845199
14 21.580268860 -10.273574829 -4.495070934 -0.111649324 -0.562792993 0.092690061
15 45.674209595 0.000012636 -0.000041962 2.854889488 0.718327736 -0.090047840
16 55.039146423 -0.000030041 -0.000012398 2.777471162 0.718054171 -0.193709046
17 0.161682129 -1.532184362 -10.638454437 3.101795443 0.630840311 -0.092378581
18 14.463745117 -0.000010490 0.000007629 0.004874550 -0.090278511 0.045146339
19 20.708938599 -0.000022888 -0.000045776 0.024506885 0.055849144 0.082141628
20 20.709026337 -0.000004768 -0.000015259 0.029618128 0.208965810 0.080290008
21 20.709554672 -0.000007629 0.000000000 0.045065010 -0.143601101 0.032942902
22 0.118835449 -3.636024952 -10.382871628 2.528107901 0.561636866 -0.408485038
23 14.125000000 -0.000022411 -0.000022888 0.000535450 -0.095069188 -0.014888879
24 20.265335083 -0.000008583 -0.000022888 0.039108719 0.038120740 0.097148346
25 20.265331268 -0.000009298 -0.000015259 0.049217369 0.210518063 0.148407704
26 20.265625000 -0.000025749 -0.000030518 0.088621246 -0.093359281 0.033139237
27 0.430786133 -8.824711800 -7.827316761 2.356428238 0.516339994 -0.504852077
28 12.544487000 0.000007629 -0.000015259 -0.228444432 -0.044782492 0.115563039
29 19.343734741 -0.000009537 -0.000022888 0.048566889 -0.001921975 0.103956261
30 19.343750000 0.000000477 -0.000038147 0.058208002 0.146854554 0.205067664
31 19.343750000 -0.000011444 -0.000015259 0.062426102 -0.080644156 0.077189301
32 -0.019668579 -12.396470070 -3.323644400 2.071771538 0.291252220 -0.538476878
33 11.042068481 0.000009537 -0.000015259 -0.280250789 -0.112998029 0.109845239
34 19.073440552 -0.000001907 -0.000038147 0.048556567 -0.015202968 0.134084390
35 19.073348999 0.000000000 -0.000038147 0.055187901 0.093687954 0.271373728
36 19.073877335 0.000003338 -0.000045776 -0.053489722 -0.097462017 0.174858002
37 0.143402100 -12.177965164 2.328495502 1.582253074 -0.011226458 -0.519954159
38 10.827301025 0.000015259 -0.000030518 -0.105377351 -0.116192993 -0.023650825
39 18.731544495 0.000005722 -0.000007629 0.035891786 -0.032210406 0.176481132
40 18.731605530 0.000007629 -0.000030518 0.033662768 0.016344519 0.342434610
41 18.732204437 0.000014305 -0.000030518 -0.196651290 -0.168971791 0.270860480
42 0.706604004 -9.159463882 6.887689114 1.078012152 -0.117949676 -0.229549629
43 10.843421936 0.000003815 -0.000026703 0.036872031 -0.235517263 -0.030965034
44 18.864501953 0.000017166 -0.000022888 0.020835905 -0.006618758 0.169237809
45 18.864482880 0.000011444 0.000007629 0.008644179 -0.023242465 0.346055497
46 18.864948273 0.000018120 -0.000030518 -0.306491255 -0.257621169 0.319513955
47 0.843017578 -2.753788710 9.486446381 0.825497071 -0.061213747 -0.073195323
48 10.832740784 0.000012398 0.000003815 -0.227525880 -0.257737637 0.070870333
49 19.399497986 0.000001907 -0.000030518 0.002109175 -0.006013089 0.191998931
50 19.399696350 0.000017643 -0.000015259 -0.019761816 -0.082566874 0.335250947
51 19.400085449 0.000020027 0.000000000 -0.206453108 -0.415121571 0.223139406
52 0.161651611 1.532161474 -10.638372421 -2.852396531 0.624564124 0.094776759
53 14.463714600 -0.000010490 -0.000015259 0.236433400 -0.080659397 -0.050996787
54 20.708969116 -0.000022888 -0.000007629 0.005859945 0.061570568 0.064009888
55 20.709014893 -0.000004768 -0.000007629 0.006161165 0.173215181 0.027048142
56 20.709592819 0.000015259 -0.000045776 -0.102809382 -0.137002313 0.101352024
57 0.118759155 3.636007071 -10.383041382 -2.157751817 0.461240246 0.457787310
58 14.125000000 -0.000013828 -0.000022888 0.230774325 -0.052332402 0.000887133
59 20.265319824 -0.000000477 -0.000007629 -0.012440895 0.060460799 0.080131063
60 20.265342712 0.000005722 -0.000015259 -0.011444027 0.113629305 0.049672767
61 20.265625000 -0.000003815 -0.000015259 -0.141731346 -0.086642183 0.105542162
62 0.430786133 8.824709892 -7.827404499 -2.007812442 0.394687201 0.536848596
63 12.544555664 0.000013828 0.000000000 0.405184316 0.084038916 -0.165985644
64 19.343750000 -0.000008106 -0.000007629 -0.032407581 -0.013573540 0.167030337
65 19.343750000 0.000015259 -0.000022888 -0.028702019 0.031334685 0.122138112
66 19.343750000 0.000003815 -0.000053406 -0.117143340 -0.079308953 0.068698237
67 -0.019577026 12.396468163 -3.323732376 -1.731720346 0.184457792 0.509583664
68 11.042076111 -0.000007629 0.000000000 0.438728746 0.015774148 -0.190911985
69 19.073402405 0.000000954 -0.000045776 -0.042836313 -0.010470146 0.207460126
70 19.073383331 0.000007629 -0.000022888 -0.043249656 -0.011505187 0.168721484
71 19.073938370 0.000011444 -0.000038147 -0.007104541 -0.108539288 -0.018805045
72 0.143447876 12.177960396 2.328406334 -1.357585989 -0.029078454 0.455111309
73 10.827331543 -0.000015259 0.000007629 0.301518927 -0.062564188 -0.025055529
74 18.731575012 0.000006676 -0.000007629 -0.042021027 -0.020535158 0.168648106
75 18.731582642 -0.000001907 -0.000068665 -0.048511255 -0.046117390 0.178399512
76 18.732156754 0.000026703 0.000030518 0.121685953 -0.203315505 -0.101293718
77 0.706573486 9.159471512 6.887772083 -0.841217600 -0.108911092 0.196860353
78 10.843391418 0.000002861 0.000007629 0.200900214 -0.171675843 0.024452024
79 18.864524841 -0.000005722 -0.000038147 -0.038500603 -0.043854076 0.185297842
80 18.864490509 0.000011444 0.000000000 -0.051737441 -0.104044178 0.216317074
81 18.865070343 0.000007629 -0.000030518 0.210671120 -0.305976194 -0.137937016
82 0.842941284 2.753787041 9.486444473 -0.578921154 -0.035415154 0.072621171
83 10.832794189 -0.000000477 0.000022888 0.459149869 -0.234219918 -0.098159658
84 19.399604797 -0.000003338 -0.000045776 -0.026425406 -0.013792391 0.196284443
85 19.399612427 0.000001907 0.000007629 -0.045367861 -0.103381614 0.255643861
86 19.400196075 0.000013351 0.000000000 0.077274735 -0.439937850 -0.016400673
87 23.268287659 -2.187744141 -3.705848694 -1.456154893 0.000364046 -1.570479669
88 11.648437500 -0.000026703 0.000015259 -1.191969815 0.174103543 0.718415489
89 19.962633133 1.182586670 -0.494768620 2.827724317 1.210077460 -0.137379431
90 25.357299805 1.346649170 -0.632635593 -2.892174495 0.880881544 0.362197441
91 10.585937500 0.000000000 -0.000007629 -0.623342345 0.227380332 0.017522868
92 29.775829315 0.000030518 -0.000046253 0.509916794 0.827154160 -1.160381106
93 22.736793518 -0.004581451 -0.007385254 -0.567665312 -0.170646603 -2.892178389
94 0.073730469 -0.706542969 -0.275878906 2.048008604 1.346435382 -2.304924433
95 13.120185852 -0.000007629 -0.000015259 -1.005842673 0.032654817 -0.038260920
96 12.350067139 0.000000000 -0.000007629 -1.129098754 0.561992541 -0.586767355
97 15.541221619 -0.000030518 0.000007629 -0.629997269 1.398357512 -0.243041232
98 14.906250000 -0.000001907 0.000000000 -0.160652218 0.966375432 0.268160516
99 14.182815552 -0.000007629 0.000000000 -0.283427819 0.561182283 0.007054585
100 6.140625000 -0.523925781 -0.378906250 -2.453004721 1.363379360 -2.050187946
101 11.348457336 -0.000007629 -0.000022888 -2.532289542 0.068777487 -0.080167377
102 12.005233765 0.000007629 -0.000011444 -0.644199273 0.573376005 -0.469461849
103 15.865589142 -0.000030518 0.000015259 -1.443633565 1.173676296 -1.190751410
104 14.851562500 -0.000015259 -0.000015259 -0.602921272 0.544294949 -0.000493423
105 12.538963318 -0.414989471 -0.272308350 -2.006745059 1.371242145 -1.829793007
106 10.619369507 -0.000015259 0.000015259 -3.105348208 0.183765693 -0.111596120
107 12.043014526 -0.000015259 0.000009537 -0.244155160 0.652030155 -0.178976902
108 15.310379028 -0.000022888 -0.000007629 -0.422196795 0.513673230 -0.019643387
109 19.857894897 -0.000003815 -0.000015259 -2.132981130 1.381747015 -1.905464264
110 10.617187500 -0.000015259 0.000015259 -0.256970228 0.198403173 -0.102347090
111 11.091690063 -0.000015259 -0.000038147 -2.964342011 -0.403660476 -0.277493897
112 25.612243652 -0.000019073 -0.000137329 -0.964860271 -0.260129499 0.118751330
113 0.732421875 0.378173828 -0.043365479 -0.298448110 -0.042506783 0.541930270
114 9.421432495 0.000015259 -0.000019073 0.360626545 0.925566292 -0.183090914
115 3.208984375 0.000007629 0.000000000 -0.000856051 0.860846357 0.001031658
116 2.421092987 -0.000007629 0.000015259 -0.043036401 0.622439442 -0.041870124
117 0.783203125 0.134643555 -0.023925781 -0.156336213 -0.123510422 0.279151765
118 9.940948486 -0.000015259 0.000005722 0.156940826 0.930343403 -0.089257890
119 3.403709412 -0.000007629 -0.000015259 -0.006048037 0.656683852 -0.005707954
120 2.546609879 0.000007629 0.000000000 -0.038110356 0.644835858 -0.012733087
121 0.805175781 -0.000007629 -0.000011444 -0.007963538 -0.147251916 0.014089588
122 9.898437500 -0.000022888 0.000041962 -0.013519539 0.842282569 -0.001043158
123 3.537033081 -0.000015259 0.000000000 0.014337229 0.546778080 0.002854942
124 2.507812500 -0.000007629 0.000000000 0.001189873 0.577239660 0.007646629
125 0.821777344 -0.246826172 -0.028762817 0.155124828 -0.087466036 -0.272238366
126 9.687484741 -0.000015259 0.000007629 -0.211718941 0.781722057 0.168207529
127 3.679679871 -0.000007629 0.000015259 -0.002077321 0.581831668 -0.002424027
128 2.700599670 -0.000015259 -0.000030518 0.024996218 0.626238431 0.030959007
129 0.519042969 -0.395996094 -0.161987305 0.477878787 0.316754060 -0.763355711
130 6.753906250 -0.000007629 -0.000053406 -0.574483850 0.626140537 0.006934877
131 4.462646484 -0.000028610 -0.000015259 -0.077791836 0.010175756 0.138879881
132 22.736747742 0.004577637 -0.007293701 0.545556730 -0.133762705 -2.528429647
133 0.073730469 0.706542969 -0.276367188 0.146631777 -0.168510032 -1.457210789
134 13.119331360 0.000015259 0.000015259 0.619859340 -0.696670922 0.381516957
135 12.350997925 0.000003815 -0.000015259 0.333681860 0.147695816 0.130810526
136 15.540870667 0.000001907 0.000000000 -0.315532359 0.276091646 -0.130944496
137 14.906250000 0.000003815 0.000015259 -0.305910857 0.406400887 -0.035519473
138 14.182882309 0.000007629 0.000000000 -0.172965238 0.032608994 0.010343785
139 6.140625000 0.523925781 -0.378662109 -1.362075184 -0.253405493 -1.405947813
140 11.348968506 -0.000007629 0.000011444 2.239271601 -0.263697183 -0.614324856
141 12.004653931 -0.000022888 -0.000015259 -0.148628441 0.144589501 0.111306431
142 15.865951538 0.000015259 0.000000000 -0.155078878 0.372657630 0.033881332
143 14.851562500 0.000000000 0.000007629 0.116636929 0.024933446 -0.072839385
144 12.539047241 0.414970398 -0.272766113 -1.212756382 -0.205856850 -1.212756382
145 10.619094849 0.000007629 -0.000015259 2.746631583 -0.139291543 -0.582194831
146 12.043624878 -0.000015259 -0.000007629 -0.481442152 0.175477363 -0.051565537
147 15.309890747 -0.000015259 0.000007629 -0.111747949 0.003765265 -0.034706585
148 19.857978821 0.000007629 0.000045776 -1.212332785 -0.121818639 -1.269530678
149 10.617187500 -0.000003815 -0.000007629 0.104659845 -0.225321723 -0.385977857
150 11.091804504 0.000005245 0.000000000 1.805342107 0.237910046 -0.936173270
151 0.732421875 -0.378417969 -0.043029785 0.298829922 -0.043211786 -0.541974052
152 9.421354294 -0.000015259 0.000003815 -0.470241755 1.108872100 0.050969701
153 3.208984375 0.000015259 0.000015259 0.000857873 1.057455893 -0.001098300
154 2.421081543 -0.000015259 -0.000017166 0.043174526 0.819359608 0.045011662
155 0.783203125 -0.134643555 -0.023727417 0.156625597 -0.124254089 -0.279237635
156 9.941059113 -0.000015259 -0.000038147 -0.258870176 1.208138449 -0.026394740
157 3.403720856 0.000000000 0.000038147 -0.009093961 0.939657871 -0.001132441
158 2.546592712 -0.000015259 -0.000030518 0.050622334 0.928087349 0.026112669
159 0.805175781 0.000000000 0.000000000 0.007970885 -0.148203970 -0.014094421
160 9.898437500 0.000015259 0.000022888 0.008520768 1.208195160 -0.016983373
161 3.537109375 0.000015259 0.000000000 -0.000193491 0.912542382 0.000193491
162 2.507812500 -0.000015259 0.000011444 0.000320821 0.943623568 -0.000320821
163 0.821777344 0.246826172 -0.027450562 -0.164593353 -0.092418695 0.248198618
164 9.687316895 0.000022888 -0.000053406 0.342851519 1.121789534 -0.008737843
165 3.679668427 -0.000015259 0.000030518 -0.002974323 0.934332562 -0.000146806
166 2.700630188 -0.000015259 -0.000019073 -0.032371169 0.978263485 -0.042071145
167 0.519531250 0.395996094 -0.161743164 -0.478495596 0.316187846 0.763124936
168 6.753906250 0.000005722 -0.000015259 0.300769486 0.115172368 -0.360966190
169 4.462753296 0.000007629 0.000030518 0.078557963 0.005930337 -0.087042230
170 86.264892578 -0.000015259 -0.000001907 1.308614475 0.025429605 1.566325174
171 2.875000000 0.000015259 0.000015259 0.162275215 0.915144119 0.131458074
172 8.134399414 -0.000015259 -0.000015259 -0.060970302 -0.736631099 0.438862165
173 8.134380341 0.000000000 0.000001907 0.029515969 -0.127169626 0.133944887
174 8.134401321 0.000000000 0.000017166 0.005922574 0.024711729 0.052995797
175 8.134383202 -0.000030518 0.000011444 -0.073202094 0.072750688 0.037614777
176 8.134395599 0.000000000 -0.000015259 -0.079305265 0.074657865 0.028244527
177 8.134382248 0.000000000 0.000000000 -0.089348345 0.074221423 0.030402416
178 8.134397507 -0.000015259 -0.000007629 -0.103861458 0.071026095 0.047166914
179 8.132812500 -0.000015259 -0.000007629 -0.090369117 0.226459682 0.191372079
180 86.264892578 -0.000015259 -0.000001907 -1.604093780 -0.031290899 -1.635315987
181 2.875000000 0.000007629 -0.000030518 0.047181218 0.805333343 0.271222966
182 8.134384155 0.000000000 -0.000045776 -2.994526168 1.193398375 -2.810024935
183 8.134407043 0.000000000 -0.000015259 -0.183732241 0.433269656 0.035254952
184 8.134418488 0.000000000 -0.000030518 -0.170448179 0.064346123 -0.003418821
185 8.134395599 0.000007629 0.000000000 -0.395035655 -0.006482266 -0.082971160
186 8.134393692 0.000000000 0.000030518 -0.379664011 -0.011043264 -0.097242559
187 8.134375572 0.000015259 -0.000030518 -0.362666819 0.003554408 -0.094584830
188 8.134401321 0.000000000 -0.000007629 -0.326689958 0.028658558 -0.090139807
189 8.132812500 0.000015259 -0.000003815 -0.282717520 0.251575129 -0.207625397
190 25.357383728 -1.346624374 -0.631866455 -1.236075847 0.051742721 2.134870967
191 10.586959839 0.000000000 -0.000030518 0.689652557 -0.296880294 -0.417387742
192 19.962806702 -1.182567596 -0.493774414 -2.827724317 1.210077460 0.137379431
193 26.542930603 -0.000061035 5.258399963 -0.000098679 -0.575889309 -3.141563427
194 5.210937500 -0.000001907 0.000015259 -0.011267161 0.305698609 -0.056677186
195 11.580818176 -0.000003815 0.000000000 0.000000000 0.373150501 0.000000000
196 30.590766907 -0.110170364 0.305751801 -0.822106618 -0.268993830 0.318492944
197 7.470642090 0.014274597 0.148304462 0.449120843 0.491376254 -0.083287132
198 9.857986450 6.173837662 -12.156152725 2.343721255 0.103353816 3.040407058
199 9.858200073 -6.068101883 -12.208473206 -2.352349825 0.104146931 -3.041265021
200 20.049377441 0.061208725 -14.093132019 3.134587295 0.926499159 3.136067236
201 5.580169678 -0.000003815 0.000015259 0.092583765 0.425293789 0.179107332
202 6.841293335 0.000000000 -0.000015259 -0.009085836 -0.367862314 0.046471290
203 6.916397095 0.000007629 0.000000000 -0.284057675 0.169796178 -0.000010178
204 24.600051880 -1.878301620 -11.667308807 -2.002800253 -0.732025296 -0.963281651
205 24.600051880 -1.878301620 -11.667308807 -1.536345236 -0.230748013 -1.702389711
206 24.600051880 -1.878301620 -11.667308807 -1.665549243 0.097947933 -2.370679697
207 24.599975586 1.980123520 -11.650838852 2.009399481 -0.739004495 0.958897021
208 24.599975586 1.980123520 -11.650838852 1.535182712 -0.239155086 1.702686470
209 24.599975586 1.980123520 -11.650838852 1.659403831 0.091981346 2.370144970
210 7.570632935 3.876308441 6.930503845 -2.049238070 1.047095500 -0.535595520
211 7.418075562 -3.974512100 7.604160309 1.014907748 -1.024031318 -2.618339091
212 -86.807075500 0.000003206 0.000005000 0.000000000 0.000000000 0.000244115
213 0.000000000 -0.000000000 0.000000000 0.000000000 0.000000000 0.000244115
214 0.000000000 -0.000000000 0.000000000 0.000000000 0.000000000 0.000244115
215 0.000000000 -0.000000000 0.000000000 0.000000000 0.000000000 0.000244115
216 0.000000000 -0.000000000 0.000000000 0.000000000 0.000000000 0.000244115
217 0.000000000 -0.000000000 0.000000000 0.000000000 0.000000000 0.000244115
218 0.000000000 -0.000000000 0.000000000 0.000000000 0.000000000 0.000244115
219 0.000000000 -0.000000000 0.000000000 0.000000000 0.000000000 0.000244115
220 0.000000000 -0.000000000 0.000000000 0.000000000 0.000000000 0.000244115
221 0.000000000 -0.000000000 0.000000000 0.000000000 0.000000000 0.000244115
222 0.000000000 -0.000000000 0.000000000 0.000000000 0.000000000 0.000244115
223 0.000000000 -0.000000000 0.000000000 0.000000000 0.000000000 0.000244115
time 12
0 0.000000249 -5.688898087 0.588119984 0.496153069 -1.489091861 -1.946353414
1 88.476776123 -0.000062061 -0.000010272 3.003554736 -0.003053205 3.137477572
2 -43.495697021 -0.000050783 4.662868023 1.113595825 0.006123903 3.080626608
3 9.507705688 0.000008076 -0.000020981 -0.780586378 0.120560800 -0.074794328
4 23.267890930 2.189104080 -3.705398560 1.539126915 0.475378967 1.532764030
5 11.648437500 0.000019073 0.000015259 -1.011294982 -0.036008942 0.342520393
6 29.776130676 -0.000032425 -0.000122070 0.551830830 0.236468561 0.007731819
7 25.612236023 0.000019073 0.000091553 1.123161922 0.476449253 -0.426265047
8 8.674331665 -1.907150269 -2.936546326 -0.551336544 -0.109697996 1.608018152
9 0.000000000 -0.000000000 0.000000000 0.000000000 0.000000000 0.000244115
10 -43.495697021 -0.000050783 4.662868023 0.264954054 0.091472820 0.004526879
11 21.580322266 10.273416519 -4.495086193 -0.273248990 -0.041785761 0.039647504
12 45.674186707 0.000022888 0.000018120 2.856425018 0.497910517 -0.145448857
13 55.039104462 -0.000032425 -0.000024796 2.643652642 1.092795501 -0.315570042
14 21.580268860 -10.273574829 -4.495070934 -0.132246752 -0.559172081 0.100568978
15 45.674209595 0.000012636 -0.000041962 2.839870951 0.706558469 -0.091832580
16 55.039146423 -0.000030041 -0.000012398 2.760462559 0.717723701 -0.202629016
17 0.161682129 -1.532184362 -10.638454437 3.101795443 0.630840311 -0.092378581
18 14.463745117 -0.000010490 0.000007629 0.004874550 -0.090278511 0.045146339
19 20.708938599 -0.000022888 -0.000045776 0.028673461 0.067237423 0.154256268
20 20.709026337 -0.000004768 -0.000015259 0.028360055 0.177768568 0.056528000
21 20.709554672 -0.000007629 0.000000000 0.039155973 -0.141828859 0.036081988
22 0.118835449 -3.636024952 -10.382871628 2.528107901 0.561636866 -0.408485038
23 14.125000000 -0.000022411 -0.000022888 0.000535450 -0.095069188 -0.014888879
24 20.265335083 -0.000008583 -0.000022888 0.041932795 0.037703614 0.181943778
25 20.265331268 -0.000009298 -0.000015259 0.046072957 0.179445549 0.106829553
26 20.265625000 -0.000025749 -0.000030518 0.083241018 -0.090627934 0.036352753
27 0.430786133 -8.824711800 -7.827316761 2.356428238 0.516339994 -0.504852077
28 12.544487000 0.000007629 -0.000015259 -0.228444432 -0.044782492 0.115563039
29 19.343734741 -0.000009537 -0.000022888 0.048118804 -0.009023455 0.197657405
30 19.343750000 0.000000477 -0.000038147 0.055695558 0.122266096 0.148791128
31 19.343750000 -0.000011444 -0.000015259 0.057584795 -0.077014082 0.080764563
32 -0.019668579 -12.396470070 -3.323644400 2.071771538 0.291252220 -0.538476878
33 11.042068481 0.000009537 -0.000015259 -0.280250789 -0.112998029 0.109845239
34 19.073440552 -0.000001907 -0.000038147 0.045865807 -0.027770786 0.224862743
35 19.073348999 0.000000000 -0.000038147 0.054492672 0.081670797 0.208272762
36 19.073877335 0.000003338 -0.000045776 -0.057510737 -0.093631971 0.178842591
37 0.143402100 -12.177965164 2.328495502 1.582253074 -0.011226458 -0.519954159
38 10.827301025 0.000015259 -0.000030518 -0.105377351 -0.116192993 -0.023650825
39 18.731544495 0.000005722 -0.000007629 0.031564153 -0.043734943 0.254904466
40 18.731605530 0.000007629 -0.000030518 0.036719123 0.020760826 0.277542500
41 18.732204437 0.000014305 -0.000030518 -0.199899325 -0.164820217 0.275279720
42 0.706604004 -9.159463882 6.887689114 1.078012152 -0.117949676 -0.229549629
43 10.843421936 0.000003815 -0.000026703 0.036872031 -0.235517263 -0.030965034
44 18.864501953 0.000017166 -0.000022888 0.016703806 -0.024613642 0.230451307
45 18.864482880 0.000011444 0.000007629 0.014880049 0.001627842 0.283221317
46 18.864948273 0.000018120 -0.000030518 -0.309798982 -0.253737652 0.324230361
47 0.843017578 -2.753788710 9.486446381 0.825497071 -0.061213747 -0.073195323
48 10.832740784 0.000012398 0.000003815 -0.227525880 -0.257737637 0.070870333
49 19.399497986 0.000001907 -0.000030518 -0.001186624 -0.030093397 0.222247724
50 19.399696350 0.000017643 -0.000015259 -0.010944213 -0.037998589 0.293671872
51 19.400085449 0.000020027 0.000000000 -0.210521209 -0.412856392 0.228824127
52 0.161651611 1.532161474 -10.638372421 -2.852396531 0.624564124 0.094776759
53 14.463714600 -0.000010490 -0.000015259 0.236433400 -0.080659397 -0.050996787
54 20.708969116 -0.000022888 -0.000007629 0.010094329 0.083119620 0.121875787
55 20.709014893 -0.000004768 -0.000007629 0.006668336 0.147767301 0.018756593
56 20.709592819 0.000015259 -0.000045776 -0.108758156 -0.135794998 0.104221736
57 0.118759155 3.636007071 -10.383041382 -2.157751817 0.461240246 0.457787310
58 14.125000000 -0.000013828 -0.000022888 0.230774325 -0.052332402 0.000887133
59 20.265319824 -0.000000477 -0.000007629 -0.009156099 0.084275923 0.119341610
60 20.265342712 0.000005722 -0.000015259 -0.011013705 0.102563109 0.051558899
61 20.265625000 -0.000003815 -0.000015259 -0.147317947 -0.086230073 0.108636789
62 0.430786133 8.824709892 -7.827404499 -2.007812442 0.394687201 0.536848596
63 12.544555664 0.000013828 0.000000000 0.405184316 0.084038916 -0.165985644
64 19.343750000 -0.000008106 -0.000007629 -0.028803985 0.016913062 0.180775924
65 19.343750000 0.000015259 -0.000022888 -0.028598059 0.020200870 0.141497337
66 19.343750000 0.000003815 -0.000053406 -0.122487174 -0.079177395 0.072376757
67 -0.019577026 12.396468163 -3.323732376 -1.731720346 0.184457792 0.509583664
68 11.042076111 -0.000007629 0.000000000 0.438728746 0.015774148 -0.190911985
69 19.073402405 0.000000954 -0.000045776 -0.039901906 0.007671664 0.209679308
70 19.073383331 0.000007629 -0.000022888 -0.042749463 -0.004484927 0.191277316
71 19.073938370 0.000011444 -0.000038147 -0.012015915 -0.108730562 -0.014301400
72 0.143447876 12.177960396 2.328406334 -1.357585989 -0.029078454 0.455111309
73 10.827331543 -0.000015259 0.000007629 0.301518927 -0.062564188 -0.025055529
74 18.731575012 0.000006676 -0.000007629 -0.041290855 -0.011033410 0.178836239
75 18.731582642 -0.000001907 -0.000068665 -0.047345912 -0.027171420 0.185000208
76 18.732156754 0.000026703 0.000030518 0.117163051 -0.203975754 -0.095989124
77 0.706573486 9.159471512 6.887772083 -0.841217600 -0.108911092 0.196860353
78 10.843391418 0.000002861 0.000007629 0.200900214 -0.171675843 0.024452024
79 18.864524841 -0.000005722 -0.000038147 -0.038580397 -0.043783895 0.188940868
80 18.864490509 0.000011444 0.000000000 -0.048997479 -0.071074676 0.218765692
81 18.865070343 0.000007629 -0.000030518 0.206148258 -0.306322507 -0.132060588
82 0.842941284 2.753787041 9.486444473 -0.578921154 -0.035415154 0.072621171
83 10.832794189 -0.000000477 0.000022888 0.459149869 -0.234219918 -0.098159658
84 19.399604797 -0.000003338 -0.000045776 -0.027954158 -0.033710908 0.200936944
85 19.399612427 0.000001907 0.000007629 -0.039486810 -0.054525175 0.246974424
86 19.400196075 0.000013351 0.000000000 0.072327033 -0.439446031 -0.010141511
87 23.268287659 -2.187744141 -3.705848694 -1.456154893 0.000364046 -1.570479669
88 11.648437500 -0.000026703 0.000015259 -1.191969815 0.174103543 0.718415489
89 19.962633133 1.182586670 -0.494768620 2.827724317 1.210077460 -0.137379431
90 25.357299805 1.346649170 -0.632635593 -2.719594421 0.666350911 0.582038162
91 10.585937500 0.000000000 -0.000007629 -0.623342345 0.227380332 0.017522868
92 29.775829315 0.000030518 -0.000046253 0.509916794 0.827154160 -1.160381106
93 22.736793518 -0.004581451 -0.007385254 -0.567665312 -0.170646603 -2.892178389
94 0.073730469 -0.706542969 -0.275878906 3.022091802 1.317827855 -1.315596954
95 13.120185852 -0.000007629 -0.000015259 -1.010684827 0.064733354 -0.079839018
96 12.350067139 0.000000000 -0.000007629 -0.982120034 0.305358489 -0.395580600
97 15.541221619 -0.000030518 0.000007629 -0.677804599 1.202337529 -0.332130874
98 14.906250000 -0.000001907 0.000000000 -0.027588630 1.185976741 0.412985637
99 14.182815552 -0.000007629 0.000000000 -0.283376448 0.560420217 0.007449534
100 6.140625000 -0.523925781 -0.378906250 -1.498313148 1.288271288 -1.083529150
101 11.348457336 -0.000007629 -0.000022888 -2.543607353 0.013674894 -0.087136242
102 12.005233765 0.000007629 -0.000011444 -0.532919391 0.295357300 -0.306972540
103 15.865589142 -0.000030518 0.000015259 -1.115331707 1.013378898 -0.863968435
104 14.851562500 -0.000015259 -0.000015259 -0.602971581 0.543454420 0.000410792
105 12.538963318 -0.414989471 -0.272308350 -1.101958583 1.261664828 -0.914330343
106 10.619369507 -0.000015259 0.000015259 -3.117502180 0.115913354 -0.102497162
107 12.043014526 -0.000015259 0.000009537 -0.203433840 0.355146997 -0.156215795
108 15.310379028 -0.000022888 -0.000007629 -0.422465716 0.512784323 -0.019156889
109 19.857894897 -0.000003815 -0.000015259 -1.100224838 1.283151125 -0.862475149
110 10.617187500 -0.000015259 0.000015259 -0.267617229 0.129366221 -0.099586658
111 11.091690063 -0.000015259 -0.000038147 -2.965766972 -0.403051079 -0.277114641
112 25.612243652 -0.000019073 -0.000137329 -0.964860271 -0.260129499 0.118751330
113 0.732421875 0.378173828 -0.043365479 -0.298448110 -0.042506783 0.541930270
114 9.421432495 0.000015259 -0.000019073 0.360626545 0.925566292 -0.183090914
115 3.208984375 0.000007629 0.000000000 -0.000856051 0.860846357 0.001031658
116 2.421092987 -0.000007629 0.000015259 -0.043036401 0.622439516 -0.041870124
117 0.783203125 0.134643555 -0.023925781 -0.156336213 -0.123510422 0.279151765
118 9.940948486 -0.000015259 0.000005722 0.156940826 0.930343403 -0.089257890
119 3.403709412 -0.000007629 -0.000015259 -0.006048037 0.656683852 -0.005707954
120 2.546609879 0.000007629 0.000000000 -0.038110356 0.644835858 -0.012733087
121 0.805175781 -0.000007629 -0.000011444 -0.007963538 -0.147251916 0.014089588
122 9.898437500 -0.000022888 0.000041962 -0.013519539 0.842282569 -0.001043158
123 3.537033081 -0.000015259 0.000000000 0.014337229 0.546778080 0.002854942
124 2.507812500 -0.000007629 0.000000000 0.001189873 0.577239660 0.007646629
125 0.821777344 -0.246826172 -0.028762817 0.155124828 -0.087466036 -0.272238366
126 9.687484741 -0.000015259 0.000007629 -0.211718941 0.781722057 0.168207529
127 3.679679871 -0.000007629 0.000015259 -0.002077321 0.581831668 -0.002424027
128 2.700599670 -0.000015259 -0.000030518 0.024996218 0.626238431 0.030959007
129 0.519042969 -0.395996094 -0.161987305 0.477878787 0.316754060 -0.763355711
130 6.753906250 -0.000007629 -0.000053406 -0.574483850 0.626140537 0.006934877
131 4.462646484 -0.000028610 -0.000015259 -0.077791836 0.010175756 0.138879881
132 22.736747742 0.004577637 -0.007293701 0.547007474 -0.137151156 -2.528427772
133 0.073730469 0.706542969 -0.276367188 -0.012645813 -0.153776455 -1.588622211
134 13.119331360 0.000015259 0.000015259 0.632404428 -0.762086988 0.308458401
135 12.350997925 0.000003815 -0.000015259 0.321804312 0.083960894 0.171512494
136 15.540870667 0.000001907 0.000000000 -0.315504079 0.248719967 -0.064863963
137 14.906250000 0.000003815 0.000015259 -0.301765517 0.367034776 0.029704793
138 14.182882309 0.000007629 0.000000000 -0.153941795 0.056326937 0.006220872
139 6.140625000 0.523925781 -0.378662109 -1.479119711 -0.252882729 -1.521934205
140 11.348968506 -0.000007629 0.000011444 2.223349210 -0.221403519 -0.660555462
141 12.004653931 -0.000022888 -0.000015259 -0.161241499 0.092960585 0.141122338
142 15.865951538 0.000015259 0.000000000 -0.161050238 0.321608154 0.066137754
143 14.851562500 0.000000000 0.000007629 0.132864881 0.049718219 -0.074505423
144 12.539047241 0.414970398 -0.272766113 -1.289114500 -0.226757312 -1.286173381
145 10.619094849 0.000007629 -0.000015259 2.722587587 -0.118599293 -0.606256716
146 12.043624878 -0.000015259 -0.000007629 -0.495414113 0.147298996 -0.020891040
147 15.309890747 -0.000015259 0.000007629 -0.096185617 0.028693273 -0.039583511
148 19.857978821 0.000007629 0.000045776 -1.279735661 -0.162459871 -1.336969892
149 10.617187500 -0.000003815 -0.000007629 0.096074036 -0.231387081 -0.415054540
150 11.091804504 0.000005245 0.000000000 1.857756321 0.209936298 -0.854406532
151 0.732421875 -0.378417969 -0.043029785 0.298829922 -0.043211786 -0.541974052
152 9.421354294 -0.000015259 0.000003815 -0.470241755 1.108872100 0.050969701
153 3.208984375 0.000015259 0.000015259 0.000857873 1.057455893 -0.001098300
154 2.421081543 -0.000015259 -0.000017166 0.043174526 0.819359608 0.045011662
155 0.783203125 -0.134643555 -0.023727417 0.156625597 -0.124254089 -0.279237635
156 9.941059113 -0.000015259 -0.000038147 -0.258870176 1.208138449 -0.026394740
157 3.403720856 0.000000000 0.000038147 -0.009093961 0.939657871 -0.001132441
158 2.546592712 -0.000015259 -0.000030518 0.050622334 0.928087349 0.026112669
159 0.805175781 0.000000000 0.000000000 0.007970885 -0.148203970 -0.014094421
160 9.898437500 0.000015259 0.000022888 0.008520768 1.208195160 -0.016983373
161 3.537109375 0.000015259 0.000000000 -0.000193491 0.912542382 0.000193491
162 2.507812500 -0.000015259 0.000011444 0.000320821 0.943623568 -0.000320821
163 0.821777344 0.246826172 -0.027450562 -0.164511714 -0.092315415 0.248534262
164 9.687316895 0.000022888 -0.000053406 0.342851519 1.121789534 -0.008737843
165 3.679668427 -0.000015259 0.000030518 -0.002974323 0.934332562 -0.000146806
166 2.700630188 -0.000015259 -0.000019073 -0.032371169 0.978263485 -0.042071145
167 0.519531250 0.395996094 -0.161743164 -0.478495596 0.316187846 0.763124936
168 6.753906250 0.000005722 -0.000015259 0.300769486 0.115172368 -0.360966190
169 4.462753296 0.000007629 0.000030518 0.078557963 0.005930337 -0.087042230
170 86.264892578 -0.000015259 -0.000001907 1.391163537 0.049975184 1.479221122
171 2.875000000 0.000015259 0.000015259 0.150164951 0.920052715 0.115830127
172 8.134399414 -0.000015259 -0.000015259 -0.007135896 -0.658338699 0.287350850
173 8.134380341 0.000000000 0.000001907 0.030007111 -0.112714504 0.104880671
174 8.134401321 0.000000000 0.000017166 0.008526513 0.025073453 0.053288951
175 8.134383202 -0.000030518 0.000011444 -0.067580169 0.070772728 0.046179545
176 8.134395599 0.000000000 -0.000015259 -0.072279479 0.072448912 0.036966846
177 8.134382248 0.000000000 0.000000000 -0.081919828 0.072586513 0.035667674
178 8.134397507 -0.000015259 -0.000007629 -0.097108653 0.071034939 0.047311892
179 8.132812500 -0.000015259 -0.000007629 -0.093734618 0.233844793 0.201323460
180 86.264892578 -0.000015259 -0.000001907 -1.604487675 -0.024966330 -1.632898529
181 2.875000000 0.000007629 -0.000030518 0.051905901 0.809818880 0.278457644
182 8.134384155 0.000000000 -0.000045776 2.488219778 1.209349209 2.899053087
183 8.134407043 0.000000000 -0.000015259 -0.156668963 0.430264837 0.111328706
184 8.134418488 0.000000000 -0.000030518 -0.161081179 0.082022084 -0.003330662
185 8.134395599 0.000007629 0.000000000 -0.380242189 0.019189027 -0.095937464
186 8.134393692 0.000000000 0.000030518 -0.357501071 0.017583511 -0.101899461
187 8.134375572 0.000015259 -0.000030518 -0.333016142 0.027820149 -0.088822316
188 8.134401321 0.000000000 -0.000007629 -0.289547151 0.043440156 -0.078068674
189 8.132812500 0.000015259 -0.000003815 -0.286138700 0.254967311 -0.212611767
190 25.357383728 -1.346624374 -0.631866455 -1.419408986 0.017464214 1.975557289
191 10.586959839 0.000000000 -0.000030518 0.685200896 -0.261266366 -0.390187477
192 19.962806702 -1.182567596 -0.493774414 -2.827724317 1.210077460 0.137379431
193 26.542930603 -0.000061035 5.258399963 -0.000098679 -0.575889309 -3.141563427
194 5.210937500 -0.000001907 0.000015259 0.000000000 0.072781085 0.000000000
195 11.580818176 -0.000003815 0.000000000 0.000000000 0.373150501 0.000000000
196 30.590766907 -0.110170364 0.305751801 -0.809980663 -0.272022478 0.314630359
197 7.470642090 0.014274597 0.148304462 0.493838631 0.511160541 -0.090264072
198 9.857986450 6.173837662 -12.156152725 2.343721255 0.103353816 3.040407058
199 9.858200073 -6.068101883 -12.208473206 -2.352349825 0.104146931 -3.041265021
200 20.049377441 0.061208725 -14.093132019 3.134587295 0.926499159 3.136067236
201 5.580169678 -0.000003815 0.000015259 0.000000000 0.630581480 0.000000000
202 6.841293335 0.000000000 -0.000015259 0.000000000 -0.052313914 0.000000000
203 6.916397095 0.000007629 0.000000000 -0.284057675 0.169796178 -0.000010178
204 24.600051880 -1.878301620 -11.667308807 -2.002800253 -0.732025296 -0.963281651
205 24.600051880 -1.878301620 -11.667308807 -1.536345236 -0.230748013 -1.702389711
206 24.600051880 -1.878301620 -11.667308807 -1.665549243 0.097947933 -2.370679697
207 24.599975586 1.980123520 -11.650838852 2.009399481 -0.739004495 0.958897021
208 24.599975586 1.980123520 -11.650838852 1.535182712 -0.239155086 1.702686470
209 24.599975586 1.980123520 -11.650838852 1.659403831 0.091981346 2.370144970
210 7.570632935 3.876308441 6.930503845 -2.049238070 1.047095500 -0.535595520
211 7.418075562 -3.974512100 7.604160309 1.014907748 -1.024031318 -2.618339091
212 -86.807075500 0.000003206 0.000005000 0.000000000 0.000000000 0.000244115
213 0.000000000 -0.000000000 0.000000000 0.000000000 0.000000000 0.000244115
214 0.000000000 -0.000000000 0.000000000 0.000000000 0.000000000 0.000244115
215 0.000000000 -0.000000000 0.000000000 0.000000000 0.000000000 0.000244115
216 0.000000000 -0.000000000 0.000000000 0.000000000 0.000000000 0.000244115
217 0.000000000 -0.000000000 0.000000000 0.000000000 0.000000000 0.000244115
218 0.000000000 -0.000000000 0.000000000 0.000000000 0.000000000 0.000244115
219 0.000000000 -0.000000000 0.000000000 0.000000000 0.000000000 0.000244115
220 0.000000000 -0.000000000 0.000000000 0.000000000 0.000000000 0.000244115
221 0.000000000 -0.000000000 0.000000000 0.000000000 0.000000000 0.000244115
222 0.000000000 -0.000000000 0.000000000 0.000000000 0.000000000 0.000244115
223 0.000000000 -0.000000000 0.000000000 0.000000000 0.000000000 0.000244115
time 13
0 0.000000240 -5.497220039 0.550581992 0.469475478 -1.493595912 -1.962802166
1 88.476776123 -0.000062061 -0.000010272 3.003554736 -0.003053205 3.137477572
2 -43.495697021 -0.000050783 4.662868023 1.076111763 0.007221097 3.082664589
3 9.507705688 0.000008076 -0.000020981 -0.817019448 0.171850083 -0.043969185
4 23.267890930 2.189104080 -3.705398560 1.545446946 0.511378525 1.529886596
5 11.648437500 0.000019073 0.000015259 -0.964849768 -0.052185168 0.363498146
6 29.776130676 -0.000032425 -0.000122070 0.580879758 0.209604584 0.078341650
7 25.612236023 0.000019073 0.000091553 1.162365683 0.512706073 -0.430467219
8 8.674331665 -1.907150269 -2.936546326 -0.551336544 -0.109697996 1.608018152
9 0.000000000 -0.000000000 0.000000000 0.000000000 0.000000000 0.000244115
10 -43.495697021 -0.000050783 4.662868023 0.264954054 0.091472820 0.004526879
11 21.580322266 10.273416519 -4.495086193 -0.277861390 -0.041547035 0.039548723
12 45.674186707 0.000022888 0.000018120 2.851146033 0.497834400 -0.148090759
13 55.039104462 -0.000032425 -0.000024796 2.634459112 1.091996775 -0.321527861
14 21.580268860 -10.273574829 -4.495070934 -0.139641744 -0.555175999 0.103457815
15 45.674209595 0.000012636 -0.000041962 2.834425094 0.695699435 -0.092477219
16 55.039146423 -0.000030041 -0.000012398 2.754214403 0.717687067 -0.205913823
17 0.161682129 -1.532184362 -10.638454437 3.101795443 0.630840311 -0.092378581
18 14.463745117 -0.000010490 0.000007629 0.004874550 -0.090278511 0.045146339
19 20.708938599 -0.000022888 -0.000045776 0.032219697 0.082031279 0.218788935
20 20.709026337 -0.000004768 -0.000015259 0.028488462 0.153503845 0.056223704
21 20.709554672 -0.000007629 0.000000000 0.033162935 -0.139953066 0.039304276
22 0.118835449 -3.636024952 -10.382871628 2.528107901 0.561636866 -0.408485038
23 14.125000000 -0.000022411 -0.000022888 0.000535450 -0.095069188 -0.014888879
24 20.265335083 -0.000008583 -0.000022888 0.043329704 0.041298304 0.258514179
25 20.265331268 -0.000009298 -0.000015259 0.044989999 0.152732945 0.095174852
26 20.265625000 -0.000025749 -0.000030518 0.077698624 -0.087877025 0.039558664
27 0.430786133 -8.824711800 -7.827316761 2.356428238 0.516339994 -0.504852077
28 12.544487000 0.000007629 -0.000015259 -0.228444432 -0.044782492 0.115563039
29 19.343734741 -0.000009537 -0.000022888 0.046073098 -0.012033736 0.281958243
30 19.343750000 0.000000477 -0.000038147 0.054369635 0.100148994 0.127304024
31 19.343750000 -0.000011444 -0.000015259 0.052675534 -0.073277843 0.084327287
32 -0.019668579 -12.396470070 -3.323644400 2.071771538 0.291252220 -0.538476878
33 11.042068481 0.000009537 -0.000015259 -0.280250789 -0.112998029 0.109845239
34 19.073440552 -0.000001907 -0.000038147 0.041520777 -0.036705469 0.305507570
35 19.073348999 0.000000000 -0.000038147 0.053591758 0.069042657 0.180156065
36 19.073877335 0.000003338 -0.000045776 -0.061601932 -0.089779125 0.182816097
37 0.143402100 -12.177965164 2.328495502 1.582253074 -0.011226458 -0.519954159
38 10.827301025 0.000015259 -0.000030518 -0.105377351 -0.116192993 -0.023650825
39 18.731544495 0.000005722 -0.000007629 0.026167556 -0.053601392 0.323249611
40 18.731605530 0.000007629 -0.000030518 0.037601969 0.022863270 0.244681452
41 18.732204437 0.000014305 -0.000030518 -0.203295505 -0.160537717 0.279775618
42 0.706604004 -9.159463882 6.887689114 1.078012152 -0.117949676 -0.229549629
43 10.843421936 0.000003815 -0.000026703 0.036872031 -0.235517263 -0.030965034
44 18.864501953 0.000017166 -0.000022888 0.011710226 -0.042123238 0.282586602
45 18.864482880 0.000011444 0.000007629 0.017697050 0.019102385 0.248557144
46 18.864948273 0.000018120 -0.000030518 -0.313161025 -0.249630505 0.329084037
47 0.843017578 -2.753788710 9.486446381 0.825497071 -0.061213747 -0.073195323
48 10.832740784 0.000012398 0.000003815 -0.227525880 -0.257737637 0.070870333
49 19.399497986 0.000001907 -0.000030518 -0.005330822 -0.054838363 0.247041593
50 19.399696350 0.000017643 -0.000015259 -0.006252798 -0.006296131 0.269105826
51 19.400085449 0.000020027 0.000000000 -0.214814012 -0.410524453 0.234809404
52 0.161651611 1.532161474 -10.638372421 -2.852396531 0.624564124 0.094776759
53 14.463714600 -0.000010490 -0.000015259 0.236433400 -0.080659397 -0.050996787
54 20.708969116 -0.000022888 -0.000007629 0.013978191 0.106887143 0.171679273
55 20.709014893 -0.000004768 -0.000007629 0.007574925 0.130596453 0.028522811
56 20.709592819 0.000015259 -0.000045776 -0.114877391 -0.134562815 0.107096476
57 0.118759155 3.636007071 -10.383041382 -2.157751817 0.461240246 0.457787310
58 14.125000000 -0.000013828 -0.000022888 0.230774325 -0.052332402 0.000887133
59 20.265319824 -0.000000477 -0.000007629 -0.006325794 0.108467782 0.149865029
60 20.265342712 0.000005722 -0.000015259 -0.010212708 0.098317977 0.066573797
61 20.265625000 -0.000003815 -0.000015259 -0.153171885 -0.085773752 0.111914030
62 0.430786133 8.824709892 -7.827404499 -2.007812442 0.394687201 0.536848596
63 12.544555664 0.000013828 0.000000000 0.405184316 0.084038916 -0.165985644
64 19.343750000 -0.000008106 -0.000007629 -0.026412665 0.044627838 0.187663092
65 19.343750000 0.000015259 -0.000022888 -0.029006853 0.018948279 0.165322003
66 19.343750000 0.000003815 -0.000053406 -0.128015462 -0.079095458 0.076240673
67 -0.019577026 12.396468163 -3.323732376 -1.731720346 0.184457792 0.509583664
68 11.042076111 -0.000007629 0.000000000 0.438728746 0.015774148 -0.190911985
69 19.073402405 0.000000954 -0.000045776 -0.038425812 0.022890235 0.205842603
70 19.073383331 0.000007629 -0.000022888 -0.042516228 0.005891610 0.215008554
71 19.073938370 0.000011444 -0.000038147 -0.017106451 -0.108901019 -0.009700758
72 0.143447876 12.177960396 2.328406334 -1.357585989 -0.029078454 0.455111309
73 10.827331543 -0.000015259 0.000007629 0.301518927 -0.062564188 -0.025055529
74 18.731575012 0.000006676 -0.000007629 -0.040865105 -0.004271105 0.180773033
75 18.731582642 -0.000001907 -0.000068665 -0.046467308 -0.009250495 0.198693105
76 18.732156754 0.000026703 0.000030518 0.112434950 -0.204636992 -0.090401068
77 0.706573486 9.159471512 6.887772083 -0.841217600 -0.108911092 0.196860353
78 10.843391418 0.000002861 0.000007629 0.200900214 -0.171675843 0.024452024
79 18.864524841 -0.000005722 -0.000038147 -0.038721509 -0.047035456 0.185718290
80 18.864490509 0.000011444 0.000000000 -0.046930510 -0.043589741 0.226470788
81 18.865070343 0.000007629 -0.000030518 0.201418629 -0.306675079 -0.125977895
82 0.842941284 2.753787041 9.486444473 -0.578921154 -0.035415154 0.072621171
83 10.832794189 -0.000000477 0.000022888 0.459149869 -0.234219918 -0.098159658
84 19.399604797 -0.000003338 -0.000045776 -0.029925058 -0.054950906 0.200817606
85 19.399612427 0.000001907 0.000007629 -0.035848908 -0.019256927 0.244327201
86 19.400196075 0.000013351 0.000000000 0.067250199 -0.438936646 -0.003680067
87 23.268287659 -2.187744141 -3.705848694 -1.456154893 0.000364046 -1.570479669
88 11.648437500 -0.000026703 0.000015259 -1.191969815 0.174103543 0.718415489
89 19.962633133 1.182586670 -0.494768620 2.827724317 1.210077460 -0.137379431
90 25.357299805 1.346649170 -0.632635593 -2.621873363 0.484003767 0.723150230
91 10.585937500 0.000000000 -0.000007629 -0.623342345 0.227380332 0.017522868
92 29.775829315 0.000030518 -0.000046253 0.509916794 0.827154160 -1.160381106
93 22.736793518 -0.004581451 -0.007385254 -0.567665312 -0.170646603 -2.892178389
94 0.073730469 -0.706542969 -0.275878906 -2.908270340 1.206272508 -0.953941508
95 13.120185852 -0.000007629 -0.000015259 -1.019814898 0.125259570 -0.161847610
96 12.350067139 0.000000000 -0.000007629 -0.917126666 0.167735426 -0.293653889
97 15.541221619 -0.000030518 0.000007629 -0.626546820 0.915811749 -0.350095975
98 14.906250000 -0.000001907 0.000000000 -0.063628233 1.298974061 0.358398667
99 14.182815552 -0.000007629 0.000000000 -0.283389628 0.559582415 0.007927304
100 6.140625000 -0.523925781 -0.378906250 -1.212529324 1.158035894 -0.791181286
101 11.348457336 -0.000007629 -0.000022888 -2.546329521 -0.078069244 -0.131886895
102 12.005233765 0.000007629 -0.000011444 -0.487489332 0.143648483 -0.227773640
103 15.865589142 -0.000030518 0.000015259 -0.866739909 0.750636591 -0.624292385
104 14.851562500 -0.000015259 -0.000015259 -0.602905312 0.542528361 0.001373859
105 12.538963318 -0.414989471 -0.272308350 -0.852231018 1.116062603 -0.658598477
106 10.619369507 -0.000015259 0.000015259 -3.123525970 0.004515191 -0.116817310
107 12.043014526 -0.000015259 0.000009537 -0.177450853 0.194549042 -0.142207822
108 15.310379028 -0.000022888 -0.000007629 -0.422625755 0.511809377 -0.018622866
109 19.857894897 -0.000003815 -0.000015259 -0.817512657 1.125611771 -0.573411879
110 10.617187500 -0.000015259 0.000015259 -0.272259628 0.013095477 -0.118345323
111 11.091690063 -0.000015259 -0.000038147 -2.967205527 -0.402260140 -0.276801535
112 25.612243652 -0.000019073 -0.000137329 -0.964860271 -0.260129499 0.118751330
113 0.732421875 0.378173828 -0.043365479 -0.298448110 -0.042506783 0.541930270
114 9.421432495 0.000015259 -0.000019073 0.360626545 0.925566292 -0.183090914
115 3.208984375 0.000007629 0.000000000 -0.000856051 0.860846357 0.001031658
116 2.421092987 -0.000007629 0.000015259 -0.043036405 0.622439516 -0.041870129
117 0.783203125 0.134643555 -0.023925781 -0.156336213 -0.123510422 0.279151765
118 9.940948486 -0.000015259 0.000005722 0.156940826 0.930343403 -0.089257890
119 3.403709412 -0.000007629 -0.000015259 -0.006048037 0.656683852 -0.005707954
120 2.546609879 0.000007629 0.000000000 -0.038110356 0.644835858 -0.012733087
121 0.805175781 -0.000007629 -0.000011444 -0.007963538 -0.147251916 0.014089588
122 9.898437500 -0.000022888 0.000041962 -0.013519539 0.842282569 -0.001043158
123 3.537033081 -0.000015259 0.000000000 0.014337229 0.546778080 0.002854942
124 2.507812500 -0.000007629 0.000000000 0.001189873 0.577239660 0.007646629
125 0.821777344 -0.246826172 -0.028762817 0.155124828 -0.087466036 -0.272238366
126 9.687484741 -0.000015259 0.000007629 -0.211718941 0.781722057 0.168207529
127 3.679679871 -0.000007629 0.000015259 -0.002077321 0.581831668 -0.002424027
128 2.700599670 -0.000015259 -0.000030518 0.024996218 0.626238431 0.030959007
129 0.519042969 -0.395996094 -0.161987305 0.477878787 0.316754060 -0.763355711
130 6.753906250 -0.000007629 -0.000053406 -0.574483850 0.626140537 0.006934877
131 4.462646484 -0.000028610 -0.000015259 -0.077791836 0.010175756 0.138879881
132 22.736747742 0.004577637 -0.007293701 0.547775443 -0.138375321 -2.528636475
133 0.073730469 0.706542969 -0.276367188 -0.233086486 -0.105535996 -1.782479374
134 13.119331360 0.000015259 0.000015259 0.686392404 -0.832535281 0.179234206
135 12.350997925 0.000003815 -0.000015259 0.309341498 -0.001039103 0.216037084
136 15.540870667 0.000001907 0.000000000 -0.316497542 0.200736349 0.022855223
137 14.906250000 0.000003815 0.000015259 -0.306871473 0.299965102 0.110445180
138 14.182882309 0.000007629 0.000000000 -0.134351858 0.080699866 0.002013879
139 6.140625000 0.523925781 -0.378662109 -1.648841120 -0.215506870 -1.698063746
140 11.348968506 -0.000007629 0.000011444 2.203546990 -0.150778427 -0.714164930
141 12.004653931 -0.000022888 -0.000015259 -0.177292315 0.023125480 0.184278910
142 15.865951538 0.000015259 0.000000000 -0.174087020 0.246446017 0.121070104
143 14.851562500 0.000000000 0.000007629 0.149499696 0.075196683 -0.076244073
144 12.539047241 0.414970398 -0.272766113 -1.449649002 -0.210485272 -1.439747856
145 10.619094849 0.000007629 -0.000015259 2.691838337 -0.073731101 -0.644675208
146 12.043624878 -0.000015259 -0.000007629 -0.516313891 0.136959097 0.037165435
147 15.309890747 -0.000015259 0.000007629 -0.080178838 0.054379028 -0.044702611
148 19.857978821 0.000007629 0.000045776 -1.423420160 -0.164062947 -1.478313075
149 10.617187500 -0.000003815 -0.000007629 0.084299926 -0.217120801 -0.468421854
150 11.091804504 0.000005245 0.000000000 1.911955348 0.181110466 -0.770322460
151 0.732421875 -0.378417969 -0.043029785 0.298829922 -0.043211786 -0.541974052
152 9.421354294 -0.000015259 0.000003815 -0.470241755 1.108872100 0.050969701
153 3.208984375 0.000015259 0.000015259 0.000857873 1.057455893 -0.001098300
154 2.421081543 -0.000015259 -0.000017166 0.043174526 0.819359608 0.045011662
155 0.783203125 -0.134643555 -0.023727417 0.156625597 -0.124254089 -0.279237635
156 9.941059113 -0.000015259 -0.000038147 -0.258870176 1.208138449 -0.026394740
157 3.403720856 0.000000000 0.000038147 -0.009093961 0.939657871 -0.001132441
158 2.546592712 -0.000015259 -0.000030518 0.050622334 0.928087349 0.026112669
159 0.805175781 0.000000000 0.000000000 0.007970885 -0.148203970 -0.014094421
160 9.898437500 0.000015259 0.000022888 0.008520768 1.208195160 -0.016983373
161 3.537109375 0.000015259 0.000000000 -0.000193491 0.912542382 0.000193491
162 2.507812500 -0.000015259 0.000011444 0.000320821 0.943623568 -0.000320821
163 0.821777344 0.246826172 -0.027450562 -0.164277143 -0.092304805 0.249044092
164 9.687316895 0.000022888 -0.000053406 0.342851519 1.121789534 -0.008737843
165 3.679668427 -0.000015259 0.000030518 -0.002974323 0.934332562 -0.000146806
166 2.700630188 -0.000015259 -0.000019073 -0.032371169 0.978263485 -0.042071145
167 0.519531250 0.395996094 -0.161743164 -0.478495596 0.316187846 0.763124936
168 6.753906250 0.000005722 -0.000015259 0.300769486 0.115172368 -0.360966190
169 4.462753296 0.000007629 0.000030518 0.078557963 0.005930337 -0.087042230
170 86.264892578 -0.000015259 -0.000001907 1.469610644 0.031481340 1.406963202
171 2.875000000 0.000015259 0.000015259 0.152386967 0.915758423 0.119574485
172 8.134399414 -0.000015259 -0.000015259 0.041997221 -0.584891813 0.081337441
173 8.134380341 0.000000000 0.000001907 0.025656624 -0.101769447 0.059899306
174 8.134401321 0.000000000 0.000017166 0.004453741 0.023724231 0.047880358
175 8.134383202 -0.000030518 0.000011444 -0.071517844 0.067205926 0.052392433
176 8.134395599 0.000000000 -0.000015259 -0.077668141 0.067741321 0.046378500
177 8.134382248 0.000000000 0.000000000 -0.089727113 0.067387759 0.045391791
178 8.134397507 -0.000015259 -0.000007629 -0.107859735 0.065550068 0.055886706
179 8.132812500 -0.000015259 -0.000007629 -0.097237398 0.241490557 0.211594781
180 86.264892578 -0.000015259 -0.000001907 -1.604268229 -0.028529044 -1.634307550
181 2.875000000 0.000007629 -0.000030518 0.050292656 0.806129238 0.275556185
182 8.134384155 0.000000000 -0.000045776 1.831232027 1.138832721 2.438783253
183 8.134407043 0.000000000 -0.000015259 -0.132562573 0.413554853 0.184577869
184 8.134418488 0.000000000 -0.000030518 -0.156649840 0.096035428 0.007452889
185 8.134395599 0.000007629 0.000000000 -0.376722211 0.042742932 -0.096947274
186 8.134393692 0.000000000 0.000030518 -0.353900916 0.043460914 -0.096648327
187 8.134375572 0.000015259 -0.000030518 -0.331481377 0.050514475 -0.075522217
188 8.134401321 0.000000000 -0.000007629 -0.292798127 0.059499219 -0.058884404
189 8.132812500 0.000015259 -0.000003815 -0.289632351 0.258490684 -0.217824021
190 25.357383728 -1.346624374 -0.631866455 -1.603809951 0.006611604 1.800282816
191 10.586959839 0.000000000 -0.000030518 0.680583038 -0.224584541 -0.362313222
192 19.962806702 -1.182567596 -0.493774414 -2.827724317 1.210077460 0.137379431
193 26.542930603 -0.000061035 5.258399963 -0.000285421 -0.577149704 -3.141237804
194 5.210937500 -0.000001907 0.000015259 -0.009814153 0.273624291 -0.056076834
195 11.580818176 -0.000003815 0.000000000 0.000000000 0.373150501 0.000000000
196 30.590766907 -0.110170364 0.305751801 -0.790539533 -0.276682737 0.308379434
197 7.470642090 0.014274597 0.148304462 0.531583344 0.527833223 -0.096146252
198 9.857986450 6.173837662 -12.156152725 2.343721255 0.103353816 3.040407058
199 9.858200073 -6.068101883 -12.208473206 -2.352349825 0.104146931 -3.041265021
200 20.049377441 0.061208725 -14.093132019 3.134587295 0.926499159 3.136067236
201 5.580169678 -0.000003815 0.000015259 0.076698171 0.503603281 0.141290235
202 6.841293335 0.000000000 -0.000015259 -0.023843778 -0.347021608 0.118873527
203 6.916397095 0.000007629 0.000000000 -0.284057675 0.169796178 -0.000010178
204 24.600051880 -1.878301620 -11.667308807 -2.002800253 -0.732025296 -0.963281651
205 24.600051880 -1.878301620 -11.667308807 -1.536345236 -0.230748013 -1.702389711
206 24.600051880 -1.878301620 -11.667308807 -1.665549243 0.097947933 -2.370679697
207 24.599975586 1.980123520 -11.650838852 2.009399481 -0.739004495 0.958897021
208 24.599975586 1.980123520 -11.650838852 1.535182712 -0.239155086 1.702686470
209 24.599975586 1.980123520 -11.650838852 1.659403831 0.091981346 2.370144970
210 7.570632935 3.876308441 6.930503845 -2.049238070 1.047095500 -0.535595520
211 7.418075562 -3.974512100 7.604160309 1.014907748 -1.024031318 -2.618339091
212 -86.807075500 0.000003206 0.000005000 0.000000000 0.000000000 0.000244115
213 0.000000000 -0.000000000 0.000000000 0.000000000 0.000000000 0.000244115
214 0.000000000 -0.000000000 0.000000000 0.000000000 0.000000000 0.000244115
215 0.000000000 -0.000000000 0.000000000 0.000000000 0.000000000 0.000244115
216 0.000000000 -0.000000000 0.000000000 0.000000000 0.000000000 0.000244115
217 0.000000000 -0.000000000 0.000000000 0.000000000 0.000000000 0.000244115
218 0.000000000 -0.000000000 0.000000000 0.000000000 0.000000000 0.000244115
219 0.000000000 -0.000000000 0.000000000 0.000000000 0.000000000 0.000244115
220 0.000000000 -0.000000000 0.000000000 0.000000000 0.000000000 0.000244115
221 0.000000000 -0.000000000 0.000000000 0.000000000 0.000000000 0.000244115
222 0.000000000 -0.000000000 0.000000000 0.000000000 0.000000000 0.000244115
223 0.000000000 -0.000000000 0.000000000 0.000000000 0.000000000 0.000244115
time 14
0 0.000000229 -5.244087219 0.510738015 0.433300062 -1.499047999 -1.971481186
1 88.476776123 -0.000062061 -0.000010272 3.003554736 -0.003053205 3.137477572
2 -43.495697021 -0.000050783 4.662868023 1.026517498 0.008666274 3.085431896
3 9.507705688 0.000008076 -0.000020981 -0.844227789 0.215850693 -0.018509324
4 23.267890930 2.189104080 -3.705398560 1.550344476 0.539199663 1.527751308
5 11.648437500 0.000019073 0.000015259 -0.909464572 -0.070598941 0.400695162
6 29.776130676 -0.000032425 -0.000122070 0.612504638 0.180351421 0.155245253
7 25.612236023 0.000019073 0.000091553 1.187693489 0.536128269 -0.433152182
8 8.674331665 -1.907150269 -2.936546326 -0.551336544 -0.109697996 1.608018152
9 0.000000000 -0.000000000 0.000000000 0.000000000 0.000000000 0.000244115
10 -43.495697021 -0.000050783 4.662868023 0.264954054 0.091472820 0.004526879
11 21.580322266 10.273416519 -4.495086193 -0.275160493 -0.041588578 0.039578120
12 45.674186707 0.000022888 0.000018120 2.854246847 0.497872119 -0.146557674
13 55.039104462 -0.000032425 -0.000024796 2.639921978 1.092486948 -0.318031925
14 21.580268860 -10.273574829 -4.495070934 -0.138016678 -0.551403910 0.102493999
15 45.674209595 0.000012636 -0.000041962 2.837596057 0.684734434 -0.091398704
16 55.039146423 -0.000030041 -0.000012398 2.757856727 0.717713652 -0.204022830
17 0.161682129 -1.532184362 -10.638454437 3.101795443 0.630840311 -0.092378581
18 14.463745117 -0.000010490 0.000007629 0.004874550 -0.090278511 0.045146339
19 20.708938599 -0.000022888 -0.000045776 0.037145569 0.099204947 0.277153261
20 20.709026337 -0.000004768 -0.000015259 0.030542860 0.137125674 0.072807358
21 20.709554672 -0.000007629 0.000000000 0.026996386 -0.138143768 0.042612784
22 0.118835449 -3.636024952 -10.382871628 2.528107901 0.561636866 -0.408485038
23 14.125000000 -0.000022411 -0.000022888 0.000535450 -0.095069188 -0.014888879
24 20.265335083 -0.000008583 -0.000022888 0.045696961 0.048189898 0.327975603
25 20.265331268 -0.000009298 -0.000015259 0.046315268 0.131925010 0.105640670
26 20.265625000 -0.000025749 -0.000030518 0.072074941 -0.085027539 0.042928553
27 0.430786133 -8.824711800 -7.827316761 2.356428238 0.516339994 -0.504852077
28 12.544487000 0.000007629 -0.000015259 -0.228444432 -0.044782492 0.115563039
29 19.343734741 -0.000009537 -0.000022888 0.044847893 -0.011533167 0.357803119
30 19.343750000 0.000000477 -0.000038147 0.054886482 0.082239061 0.132156277
31 19.343750000 -0.000011444 -0.000015259 0.047692138 -0.069523404 0.087961162
32 -0.019668579 -12.396470070 -3.323644400 2.071771538 0.291252220 -0.538476878
33 11.042068481 0.000009537 -0.000015259 -0.280250789 -0.112998029 0.109845239
34 19.073440552 -0.000001907 -0.000038147 0.037702158 -0.041920586 0.377432394
35 19.073348999 0.000000000 -0.000038147 0.053640417 0.057709546 0.178694020
36 19.073877335 0.000003338 -0.000045776 -0.065762449 -0.085811359 0.186948346
37 0.143402100 -12.177965164 2.328495502 1.582253074 -0.011226458 -0.519954159
38 10.827301025 0.000015259 -0.000030518 -0.105377351 -0.116192993 -0.023650825
39 18.731544495 0.000005722 -0.000007629 0.021339290 -0.060870441 0.383689030
40 18.731605530 0.000007629 -0.000030518 0.038244361 0.023467739 0.235571681
41 18.732204437 0.000014305 -0.000030518 -0.206665325 -0.156147583 0.284333504
42 0.706604004 -9.159463882 6.887689114 1.078012152 -0.117949676 -0.229549629
43 10.843421936 0.000003815 -0.000026703 0.036872031 -0.235517263 -0.030965034
44 18.864501953 0.000017166 -0.000022888 0.006887295 -0.057147426 0.328732681
45 18.864482880 0.000011444 0.000007629 0.019306364 0.029627820 0.234256293
46 18.864948273 0.000018120 -0.000030518 -0.316619921 -0.245565660 0.334039159
47 0.843017578 -2.753788710 9.486446381 0.825497071 -0.061213747 -0.073195323
48 10.832740784 0.000012398 0.000003815 -0.227525880 -0.257737637 0.070870333
49 19.399497986 0.000001907 -0.000030518 -0.009225609 -0.077688872 0.269387781
50 19.399696350 0.000017643 -0.000015259 -0.003282018 0.013737056 0.255659356
51 19.400085449 0.000020027 0.000000000 -0.219077289 -0.407989645 0.240842262
52 0.161651611 1.532161474 -10.638372421 -2.852396531 0.624564124 0.094776759
53 14.463714600 -0.000010490 -0.000015259 0.236433400 -0.080659397 -0.050996787
54 20.708969116 -0.000022888 -0.000007629 0.019184199 0.131994442 0.215701921
55 20.709014893 -0.000004768 -0.000007629 0.009717268 0.121924229 0.050063814
56 20.709592819 0.000015259 -0.000045776 -0.121085984 -0.133304573 0.110056928
57 0.118759155 3.636007071 -10.383041382 -2.157751817 0.461240246 0.457787310
58 14.125000000 -0.000013828 -0.000022888 0.230774325 -0.052332402 0.000887133
59 20.265319824 -0.000000477 -0.000007629 -0.002629960 0.132988388 0.175228347
60 20.265342712 0.000005722 -0.000015259 -0.008510382 0.100646045 0.088620523
61 20.265625000 -0.000003815 -0.000015259 -0.159116037 -0.085287261 0.115279745
62 0.430786133 8.824709892 -7.827404499 -2.007812442 0.394687201 0.536848596
63 12.544555664 0.000013828 0.000000000 0.405184316 0.084038916 -0.165985644
64 19.343750000 -0.000008106 -0.000007629 -0.023634990 0.070097805 0.191480870
65 19.343750000 0.000015259 -0.000022888 -0.027818789 0.025789368 0.188991658
66 19.343750000 0.000003815 -0.000053406 -0.133635275 -0.079075645 0.080114376
67 -0.019577026 12.396468163 -3.323732376 -1.731720346 0.184457792 0.509583664
68 11.042076111 -0.000007629 0.000000000 0.438728746 0.015774148 -0.190911985
69 19.073402405 0.000000954 -0.000045776 -0.036815008 0.036060504 0.200080647
70 19.073383331 0.000007629 -0.000022888 -0.040900953 0.019450423 0.235769418
71 19.073938370 0.000011444 -0.000038147 -0.022289429 -0.109048604 -0.005007879
72 0.143447876 12.177960396 2.328406334 -1.357585989 -0.029078454 0.455111309
73 10.827331543 -0.000015259 0.000007629 0.301518927 -0.062564188 -0.025055529
74 18.731575012 0.000006676 -0.000007629 -0.040147759 0.000753757 0.179541999
75 18.731582642 -0.000001907 -0.000068665 -0.044913966 0.007842589 0.213053654
76 18.732156754 0.000026703 0.000030518 0.107708564 -0.205361000 -0.084815780
77 0.706573486 9.159471512 6.887772083 -0.841217600 -0.108911092 0.196860353
78 10.843391418 0.000002861 0.000007629 0.200900214 -0.171675843 0.024452024
79 18.864524841 -0.000005722 -0.000038147 -0.038534007 -0.052081438 0.180705849
80 18.864490509 0.000011444 0.000000000 -0.044711797 -0.020999168 0.233953148
81 18.865070343 0.000007629 -0.000030518 0.196607309 -0.307095222 -0.119891389
82 0.842941284 2.753787041 9.486444473 -0.578921154 -0.035415154 0.072621171
83 10.832794189 -0.000000477 0.000022888 0.459149869 -0.234219918 -0.098159658
84 19.399604797 -0.000003338 -0.000045776 -0.031311552 -0.075741523 0.200210055
85 19.399612427 0.000001907 0.000007629 -0.032915056 0.004629895 0.243106110
86 19.400196075 0.000013351 0.000000000 0.062064141 -0.438316231 0.002893374
87 23.268287659 -2.187744141 -3.705848694 -1.456154893 0.000364046 -1.570479669
88 11.648437500 -0.000026703 0.000015259 -1.191969815 0.174103543 0.718415489
89 19.962633133 1.182586670 -0.494768620 2.827724317 1.210077460 -0.137379431
90 25.357299805 1.346649170 -0.632635593 -2.562474643 0.337886708 0.820950074
91 10.585937500 0.000000000 -0.000007629 -0.623342345 0.227380332 0.017522868
92 29.775829315 0.000030518 -0.000046253 0.509916794 0.827154160 -1.160381106
93 22.736793518 -0.004581451 -0.007385254 -0.567665312 -0.170646603 -2.892178389
94 0.073730469 -0.706542969 -0.275878906 -2.785119279 1.102401651 -0.824421368
95 13.120185852 -0.000007629 -0.000015259 -1.035522714 0.182447887 -0.247187861
96 12.350067139 0.000000000 -0.000007629 -0.890071782 0.124561924 -0.236693178
97 15.541221619 -0.000030518 0.000007629 -0.571225099 0.665844350 -0.355950543
98 14.906250000 -0.000001907 0.000000000 -0.358503535 1.252322585 0.026330081
99 14.182815552 -0.000007629 0.000000000 -0.283395862 0.558655779 0.008419561
100 6.140625000 -0.523925781 -0.378906250 -1.110429038 1.044455776 -0.684909678
101 11.348457336 -0.000007629 -0.000022888 -2.544148217 -0.169341475 -0.180651957
102 12.005233765 0.000007629 -0.000011444 -0.471627621 0.089452470 -0.190091728
103 15.865589142 -0.000030518 0.000015259 -0.740677490 0.506900958 -0.502723910
104 14.851562500 -0.000015259 -0.000015259 -0.602903076 0.541543833 0.002431014
105 12.538963318 -0.414989471 -0.272308350 -0.758437052 0.991876302 -0.561140891
106 10.619369507 -0.000015259 0.000015259 -3.127205329 -0.106880931 -0.134335888
107 12.043014526 -0.000015259 0.000009537 -0.167127566 0.136138962 -0.131649760
108 15.310379028 -0.000022888 -0.000007629 -0.422849608 0.510765409 -0.017999351
109 19.857894897 -0.000003815 -0.000015259 -0.710686604 0.989065525 -0.462082583
110 10.617187500 -0.000015259 0.000015259 -0.274730515 -0.108623701 -0.138967990
111 11.091690063 -0.000015259 -0.000038147 -2.968843941 -0.401501098 -0.276361500
112 25.612243652 -0.000019073 -0.000137329 -0.964860271 -0.260129499 0.118751330
113 0.732421875 0.378173828 -0.043365479 -0.298448110 -0.042506783 0.541930270
114 9.421432495 0.000015259 -0.000019073 0.360626545 0.925566292 -0.183090914
115 3.208984375 0.000007629 0.000000000 -0.000856051 0.860846357 0.001031658
116 2.421092987 -0.000007629 0.000015259 -0.043036401 0.622439442 -0.041870124
117 0.783203125 0.134643555 -0.023925781 -0.156336213 -0.123510422 0.279151765
118 9.940948486 -0.000015259 0.000005722 0.156940826 0.930343403 -0.089257890
119 3.403709412 -0.000007629 -0.000015259 -0.006048037 0.656683852 -0.005707954
120 2.546609879 0.000007629 0.000000000 -0.038110356 0.644835858 -0.012733087
121 0.805175781 -0.000007629 -0.000011444 -0.007963538 -0.147251916 0.014089588
122 9.898437500 -0.000022888 0.000041962 -0.013519539 0.842282569 -0.001043158
123 3.537033081 -0.000015259 0.000000000 0.014337229 0.546778080 0.002854942
124 2.507812500 -0.000007629 0.000000000 0.001189873 0.577239660 0.007646629
125 0.821777344 -0.246826172 -0.028762817 0.155124828 -0.087466036 -0.272238366
126 9.687484741 -0.000015259 0.000007629 -0.211718941 0.781722057 0.168207529
127 3.679679871 -0.000007629 0.000015259 -0.002077321 0.581831668 -0.002424027
128 2.700599670 -0.000015259 -0.000030518 0.024996218 0.626238431 0.030959007
129 0.519042969 -0.395996094 -0.161987305 0.477878787 0.316754060 -0.763355711
130 6.753906250 -0.000007629 -0.000053406 -0.574483850 0.626140537 0.006934877
131 4.462646484 -0.000028610 -0.000015259 -0.077791836 0.010175756 0.138879881
132 22.736747742 0.004577637 -0.007293701 0.548734026 -0.140868076 -2.528888501
133 0.073730469 0.706542969 -0.276367188 -0.468920645 -0.011897532 -2.009928856
134 13.119331360 0.000015259 0.000015259 0.793265364 -0.887324761 -0.000544805
135 12.350997925 0.000003815 -0.000015259 0.308274285 -0.104245901 0.248717347
136 15.540870667 0.000001907 0.000000000 -0.304868947 0.126217709 0.096673936
137 14.906250000 0.000003815 0.000015259 -0.299317138 0.215642602 0.155686234
138 14.182882309 0.000007629 0.000000000 -0.114367924 0.105481580 -0.002321166
139 6.140625000 0.523925781 -0.378662109 -1.843672087 -0.130577065 -1.907358793
140 11.348968506 -0.000007629 0.000011444 2.185495841 -0.053774506 -0.766186243
141 12.004653931 -0.000022888 -0.000015259 -0.182469701 -0.069337242 0.218448764
142 15.865951538 0.000015259 0.000000000 -0.176935523 0.151676714 0.158104758
143 14.851562500 0.000000000 0.000007629 0.166390018 0.101109862 -0.077967890
144 12.539047241 0.414970398 -0.272766113 -1.673826391 -0.143718118 -1.653548845
145 10.619094849 0.000007629 -0.000015259 2.663159770 0.008344300 -0.698934009
146 12.043624878 -0.000015259 -0.000007629 -0.521988601 0.107613749 0.118262123
147 15.309890747 -0.000015259 0.000007629 -0.063892470 0.080584088 -0.049858727
148 19.857978821 0.000007629 0.000045776 -1.628870996 -0.115852657 -1.676513338
149 10.617187500 -0.000003815 -0.000007629 0.069683811 -0.159270600 -0.540082174
150 11.091804504 0.000005245 0.000000000 1.967549742 0.151758703 -0.684790690
151 0.732421875 -0.378417969 -0.043029785 0.298829922 -0.043211786 -0.541974052
152 9.421354294 -0.000015259 0.000003815 -0.470241755 1.108872100 0.050969701
153 3.208984375 0.000015259 0.000015259 0.000857873 1.057455893 -0.001098300
154 2.421081543 -0.000015259 -0.000017166 0.043174526 0.819359608 0.045011662
155 0.783203125 -0.134643555 -0.023727417 0.156625597 -0.124254089 -0.279237635
156 9.941059113 -0.000015259 -0.000038147 -0.258870176 1.208138449 -0.026394740
157 3.403720856 0.000000000 0.000038147 -0.009093961 0.939657871 -0.001132441
158 2.546592712 -0.000015259 -0.000030518 0.050622334 0.928087349 0.026112669
159 0.805175781 0.000000000 0.000000000 0.007970885 -0.148203970 -0.014094421
160 9.898437500 0.000015259 0.000022888 0.008520768 1.208195160 -0.016983373
161 3.537109375 0.000015259 0.000000000 -0.000193491 0.912542382 0.000193491
162 2.507812500 -0.000015259 0.000011444 0.000320821 0.943623568 -0.000320821
163 0.821777344 0.246826172 -0.027450562 -0.164035035 -0.092201772 0.249632703
164 9.687316895 0.000022888 -0.000053406 0.342851519 1.121789534 -0.008737843
165 3.679668427 -0.000015259 0.000030518 -0.002974323 0.934332562 -0.000146806
166 2.700630188 -0.000015259 -0.000019073 -0.032371169 0.978263485 -0.042071145
167 0.519531250 0.395996094 -0.161743164 -0.478495596 0.316187846 0.763124936
168 6.753906250 0.000005722 -0.000015259 0.300769486 0.115172368 -0.360966190
169 4.462753296 0.000007629 0.000030518 0.078557963 0.005930337 -0.087042230
170 86.264892578 -0.000015259 -0.000001907 1.554521954 -0.021758187 1.335696051
171 2.875000000 0.000015259 0.000015259 0.158708860 0.903766611 0.130350956
172 8.134399414 -0.000015259 -0.000015259 0.082484457 -0.499427204 -0.169530648
173 8.134380341 0.000000000 0.000001907 0.022146168 -0.091396273 0.003221418
174 8.134401321 0.000000000 0.000017166 0.003640827 0.021335535 0.041821635
175 8.134383202 -0.000030518 0.000011444 -0.069312234 0.063095300 0.060038116
176 8.134395599 0.000000000 -0.000015259 -0.073412595 0.062653255 0.056384191
177 8.134382248 0.000000000 0.000000000 -0.083255596 0.061666356 0.054829796
178 8.134397507 -0.000015259 -0.000007629 -0.098091634 0.059702403 0.064086968
179 8.132812500 -0.000015259 -0.000007629 -0.100822948 0.249211313 0.222024126
180 86.264892578 -0.000015259 -0.000001907 -1.602935717 -0.039317396 -1.638183701
181 2.875000000 0.000007629 -0.000030518 0.045587330 0.795452925 0.267293872
182 8.134384155 0.000000000 -0.000045776 1.350489350 1.020467988 2.136228574
183 8.134407043 0.000000000 -0.000015259 -0.114259148 0.389645736 0.255993965
184 8.134418488 0.000000000 -0.000030518 -0.153250518 0.107224200 0.025832582
185 8.134395599 0.000007629 0.000000000 -0.372895903 0.062628254 -0.091282867
186 8.134393692 0.000000000 0.000030518 -0.347631662 0.063476870 -0.086659856
187 8.134375572 0.000015259 -0.000030518 -0.322760822 0.066348412 -0.059022270
188 8.134401321 0.000000000 -0.000007629 -0.281257604 0.068861736 -0.038451071
189 8.132812500 0.000015259 -0.000003815 -0.293151841 0.261998891 -0.223056776
190 25.357383728 -1.346624374 -0.631866455 -1.765368247 0.027391342 1.627847749
191 10.586959839 0.000000000 -0.000030518 0.675915550 -0.187267806 -0.333774436
192 19.962806702 -1.182567596 -0.493774414 -2.827724317 1.210077460 0.137379431
193 26.542930603 -0.000061035 5.258399963 -0.000948145 -0.580661848 -3.140228330
194 5.210937500 -0.000001907 0.000015259 -0.008399822 0.254239747 -0.052769006
195 11.580818176 -0.000003815 0.000000000 0.000000000 0.373150501 0.000000000
196 30.590766907 -0.110170364 0.305751801 -0.764668506 -0.282885229 0.300141098
197 7.470642090 0.014274597 0.148304462 0.560654349 0.540670075 -0.100632209
198 9.857986450 6.173837662 -12.156152725 2.343721255 0.103353816 3.040407058
199 9.858200073 -6.068101883 -12.208473206 -2.352349825 0.104146931 -3.041265021
200 20.049377441 0.061208725 -14.093132019 3.134587295 0.926499159 3.136067236
201 5.580169678 -0.000003815 0.000015259 0.068390377 0.530839690 0.123536693
202 6.841293335 0.000000000 -0.000015259 -0.025548244 -0.324166730 0.134600632
203 6.916397095 0.000007629 0.000000000 -0.284057675 0.169796178 -0.000010178
204 24.600051880 -1.878301620 -11.667308807 -2.002800253 -0.732025296 -0.963281651
205 24.600051880 -1.878301620 -11.667308807 -1.536345236 -0.230748013 -1.702389711
206 24.600051880 -1.878301620 -11.667308807 -1.665549243 0.097947933 -2.370679697
207 24.599975586 1.980123520 -11.650838852 2.009399481 -0.739004495 0.958897021
208 24.599975586 1.980123520 -11.650838852 1.535182712 -0.239155086 1.702686470
209 24.599975586 1.980123520 -11.650838852 1.659403831 0.091981346 2.370144970
210 7.570632935 3.876308441 6.930503845 -2.049238070 1.047095500 -0.535595520
211 7.418075562 -3.974512100 7.604160309 1.014907748 -1.024031318 -2.618339091
212 -86.807075500 0.000003206 0.000005000 0.000000000 0.000000000 0.000244115
213 0.000000000 -0.000000000 0.000000000 0.000000000 0.000000000 0.000244115
214 0.000000000 -0.000000000 0.000000000 0.000000000 0.000000000 0.000244115
215 0.000000000 -0.000000000 0.000000000 0.000000000 0.000000000 0.000244115
216 0.000000000 -0.000000000 0.000000000 0.000000000 0.000000000 0.000244115
217 0.000000000 -0.000000000 0.000000000 0.000000000 0.000000000 0.000244115
218 0.000000000 -0.000000000 0.000000000 0.000000000 0.000000000 0.000244115
219 0.000000000 -0.000000000 0.000000000 0.000000000 0.000000000 0.000244115
220 0.000000000 -0.000000000 0.000000000 0.000000000 0.000000000 0.000244115
221 0.000000000 -0.000000000 0.000000000 0.000000000 0.000000000 0.000244115
222 0.000000000 -0.000000000 0.000000000 0.000000000 0.000000000 0.000244115
223 0.000000000 -0.000000000 0.000000000 0.000000000 0.000000000 0.000244115
time 15
0 0.000000216 -4.938279152 0.469128996 0.387990971 -1.505207867 -1.973932304
1 88.476776123 -0.000062061 -0.000010272 3.003554736 -0.003053205 3.137477572
2 -43.495697021 -0.000050783 4.662868023 0.966666358 0.010427730 3.088664311
3 9.507705688 0.000008076 -0.000020981 -0.861344413 0.248563061 -0.001255350
4 23.267890930 2.189104080 -3.705398560 1.553464683 0.557084560 1.526306824
5 11.648437500 0.000019073 0.000015259 -0.850808440 -0.088794715 0.458489399
6 29.776130676 -0.000032425 -0.000122070 0.646193983 0.149192860 0.237193923
7 25.612236023 0.000019073 0.000091553 1.196648893 0.544465726 -0.434105925
8 8.674331665 -1.907150269 -2.936546326 -0.551336544 -0.109697996 1.608018152
9 0.000000000 -0.000000000 0.000000000 0.000000000 0.000000000 0.000244115
10 -43.495697021 -0.000050783 4.662868023 0.264954054 0.091472820 0.004526879
11 21.580322266 10.273416519 -4.495086193 -0.267319901 -0.041623365 0.039660008
12 45.674186707 0.000022888 0.000018120 2.863221552 0.498022222 -0.142144630
13 55.039104462 -0.000032425 -0.000024796 2.655411928 1.093857930 -0.307870628
14 21.580268860 -10.273574829 -4.495070934 -0.133588896 -0.547995318 0.099782287
15 45.674209595 0.000012636 -0.000041962 2.846429589 0.672682248 -0.088625841
16 55.039146423 -0.000030041 -0.000012398 2.768157128 0.717992834 -0.198646917
17 0.161682129 -1.532184362 -10.638454437 3.101795443 0.630840311 -0.092378581
18 14.463745117 -0.000010490 0.000007629 0.004874550 -0.090278511 0.045146339
19 20.708938599 -0.000022888 -0.000045776 0.042910540 0.117915988 0.330401095
20 20.709026337 -0.000004768 -0.000015259 0.033056463 0.128763538 0.101569707
21 20.709554672 -0.000007629 0.000000000 0.020750833 -0.136313928 0.045915544
22 0.118835449 -3.636024952 -10.382871628 2.528107901 0.561636866 -0.408485038
23 14.125000000 -0.000022411 -0.000022888 0.000535450 -0.095069188 -0.014888879
24 20.265335083 -0.000008583 -0.000022888 0.048843754 0.057668690 0.391192574
25 20.265331268 -0.000009298 -0.000015259 0.048108568 0.117680948 0.132402669
26 20.265625000 -0.000025749 -0.000030518 0.066376537 -0.082158269 0.046285546
27 0.430786133 -8.824711800 -7.827316761 2.356428238 0.516339994 -0.504852077
28 12.544487000 0.000007629 -0.000015259 -0.228444432 -0.044782492 0.115563039
29 19.343734741 -0.000009537 -0.000022888 0.044323568 -0.007821574 0.426017741
30 19.343750000 0.000000477 -0.000038147 0.055590605 0.069286352 0.156221105
31 19.343750000 -0.000011444 -0.000015259 0.042552489 -0.065659544 0.091670174
32 -0.019668579 -12.396470070 -3.323644400 2.071771538 0.291252220 -0.538476878
33 11.042068481 0.000009537 -0.000015259 -0.280250789 -0.112998029 0.109845239
34 19.073440552 -0.000001907 -0.000038147 0.034610808 -0.043264168 0.442211834
35 19.073348999 0.000000000 -0.000038147 0.053641693 0.048695495 0.196127439
36 19.073877335 0.000003338 -0.000045776 -0.069987174 -0.081730250 0.191151526
37 0.143402100 -12.177965164 2.328495502 1.582253074 -0.011226458 -0.519954159
38 10.827301025 0.000015259 -0.000030518 -0.105377351 -0.116192993 -0.023650825
39 18.731544495 0.000005722 -0.000007629 0.017186145 -0.064596626 0.438589849
40 18.731605530 0.000007629 -0.000030518 0.038409020 0.023225134 0.243221335
41 18.732204437 0.000014305 -0.000030518 -0.210208904 -0.151794701 0.288988245
42 0.706604004 -9.159463882 6.887689114 1.078012152 -0.117949676 -0.229549629
43 10.843421936 0.000003815 -0.000026703 0.036872031 -0.235517263 -0.030965034
44 18.864501953 0.000017166 -0.000022888 0.002344466 -0.067990423 0.371180091
45 18.864482880 0.000011444 0.000007629 0.020136154 0.034486811 0.234066886
46 18.864948273 0.000018120 -0.000030518 -0.320138246 -0.241373404 0.339059477
47 0.843017578 -2.753788710 9.486446381 0.825497071 -0.061213747 -0.073195323
48 10.832740784 0.000012398 0.000003815 -0.227525880 -0.257737637 0.070870333
49 19.399497986 0.000001907 -0.000030518 -0.013092601 -0.096703552 0.291945951
50 19.399696350 0.000017643 -0.000015259 -0.001498095 0.024111843 0.249672037
51 19.400085449 0.000020027 0.000000000 -0.223413682 -0.405424335 0.246878403
52 0.161651611 1.532161474 -10.638372421 -2.852396531 0.624564124 0.094776759
53 14.463714600 -0.000010490 -0.000015259 0.236433400 -0.080659397 -0.050996787
54 20.708969116 -0.000022888 -0.000007629 0.025402522 0.157833959 0.255801424
55 20.709014893 -0.000004768 -0.000007629 0.012192802 0.121655696 0.079371597
56 20.709592819 0.000015259 -0.000045776 -0.127383752 -0.132110835 0.113022208
57 0.118759155 3.636007071 -10.383041382 -2.157751817 0.461240246 0.457787310
58 14.125000000 -0.000013828 -0.000022888 0.230774325 -0.052332402 0.000887133
59 20.265319824 -0.000000477 -0.000007629 0.001492291 0.157537232 0.197941126
60 20.265342712 0.000005722 -0.000015259 -0.006308851 0.109522576 0.113825904
61 20.265625000 -0.000003815 -0.000015259 -0.165062184 -0.084874728 0.118564889
62 0.430786133 8.824709892 -7.827404499 -2.007812442 0.394687201 0.536848596
63 12.544555664 0.000013828 0.000000000 0.405184316 0.084038916 -0.165985644
64 19.343750000 -0.000008106 -0.000007629 -0.020870717 0.093664905 0.195068280
65 19.343750000 0.000015259 -0.000022888 -0.025963281 0.039537687 0.209681724
66 19.343750000 0.000003815 -0.000053406 -0.139255726 -0.078942841 0.084068888
67 -0.019577026 12.396468163 -3.323732376 -1.731720346 0.184457792 0.509583664
68 11.042076111 -0.000007629 0.000000000 0.438728746 0.015774148 -0.190911985
69 19.073402405 0.000000954 -0.000045776 -0.035129093 0.047781956 0.195847965
70 19.073383331 0.000007629 -0.000022888 -0.038593239 0.035504275 0.251161562
71 19.073938370 0.000011444 -0.000038147 -0.027473364 -0.109173181 -0.000314264
72 0.143447876 12.177960396 2.328406334 -1.357585989 -0.029078454 0.455111309
73 10.827331543 -0.000015259 0.000007629 0.301518927 -0.062564188 -0.025055529
74 18.731575012 0.000006676 -0.000007629 -0.039331602 0.005009280 0.179284331
75 18.731582642 -0.000001907 -0.000068665 -0.043015175 0.024570972 0.224437940
76 18.732156754 0.000026703 0.000030518 0.102872915 -0.206073746 -0.079042959
77 0.706573486 9.159471512 6.887772083 -0.841217600 -0.108911092 0.196860353
78 10.843391418 0.000002861 0.000007629 0.200900214 -0.171675843 0.024452024
79 18.864524841 -0.000005722 -0.000038147 -0.038310571 -0.057266790 0.177776907
80 18.864490509 0.000011444 0.000000000 -0.042387119 -0.002578417 0.238214380
81 18.865070343 0.000007629 -0.000030518 0.191759954 -0.307420676 -0.113615138
82 0.842941284 2.753787041 9.486444473 -0.578921154 -0.035415154 0.072621171
83 10.832794189 -0.000000477 0.000022888 0.459149869 -0.234219918 -0.098159658
84 19.399604797 -0.000003338 -0.000045776 -0.032582914 -0.094264738 0.202117825
85 19.399612427 0.000001907 0.000007629 -0.030794596 0.019292838 0.240891557
86 19.400196075 0.000013351 0.000000000 0.056771193 -0.437671746 0.009574800
87 23.268287659 -2.187744141 -3.705848694 -1.456154893 0.000364046 -1.570479669
88 11.648437500 -0.000026703 0.000015259 -1.191969815 0.174103543 0.718415489
89 19.962633133 1.182586670 -0.494768620 2.827724317 1.210077460 -0.137379431
90 25.357299805 1.346649170 -0.632635593 -2.527410444 0.220142691 0.889374582
91 10.585937500 0.000000000 -0.000007629 -0.623342345 0.227380332 0.017522868
92 29.775829315 0.000030518 -0.000046253 0.509916794 0.827154160 -1.160381106
93 22.736793518 -0.004581451 -0.007385254 -0.567665312 -0.170646603 -2.892178389
94 0.073730469 -0.706542969 -0.275878906 -2.739177647 1.005844935 -0.773509692
95 13.120185852 -0.000007629 -0.000015259 -1.053144064 0.228947285 -0.323082571
96 12.350067139 0.000000000 -0.000007629 -0.880593541 0.131853098 -0.209995283
97 15.541221619 -0.000030518 0.000007629 -0.529770173 0.493154151 -0.356970041
98 14.906250000 -0.000001907 0.000000000 -0.518026456 1.090117002 -0.180731168
99 14.182815552 -0.000007629 0.000000000 -0.283375573 0.557741975 0.009008182
100 6.140625000 -0.523925781 -0.378906250 -1.069560191 0.940822729 -0.641597943
101 11.348457336 -0.000007629 -0.000022888 -2.538162267 -0.247395037 -0.223306688
102 12.005233765 0.000007629 -0.000011444 -0.468271675 0.087932006 -0.179515464
103 15.865589142 -0.000030518 0.000015259 -0.676760128 0.332634901 -0.441946754
104 14.851562500 -0.000015259 -0.000015259 -0.602886724 0.540474107 0.003518303
105 12.538963318 -0.414989471 -0.272308350 -0.716427876 0.880382923 -0.517428548
106 10.619369507 -0.000015259 0.000015259 -3.128234192 -0.202680628 -0.148207908
107 12.043014526 -0.000015259 0.000009537 -0.165949958 0.136094939 -0.128689255
108 15.310379028 -0.000022888 -0.000007629 -0.423051491 0.509547420 -0.017332237
109 19.857894897 -0.000003815 -0.000015259 -0.658534195 0.868604397 -0.406969783
110 10.617187500 -0.000015259 0.000015259 -0.274896342 -0.217915842 -0.154414728
111 11.091690063 -0.000015259 -0.000038147 -2.970588687 -0.400667017 -0.275891667
112 25.612243652 -0.000019073 -0.000137329 -0.964860271 -0.260129499 0.118751330
113 0.732421875 0.378173828 -0.043365479 -0.298448110 -0.042506783 0.541930270
114 9.421432495 0.000015259 -0.000019073 0.360626545 0.925566292 -0.183090914
115 3.208984375 0.000007629 0.000000000 -0.000856051 0.860846357 0.001031658
116 2.421092987 -0.000007629 0.000015259 -0.043040126 0.622529976 -0.041873882
117 0.783203125 0.134643555 -0.023925781 -0.156336213 -0.123510422 0.279151765
118 9.940948486 -0.000015259 0.000005722 0.156940826 0.930343403 -0.089257890
119 3.403709412 -0.000007629 -0.000015259 -0.006048037 0.656683852 -0.005707954
120 2.546609879 0.000007629 0.000000000 -0.038110356 0.644835858 -0.012733087
121 0.805175781 -0.000007629 -0.000011444 -0.007963538 -0.147251916 0.014089588
122 9.898437500 -0.000022888 0.000041962 -0.013519539 0.842282569 -0.001043158
123 3.537033081 -0.000015259 0.000000000 0.014337229 0.546778080 0.002854942
124 2.507812500 -0.000007629 0.000000000 0.001189873 0.577239660 0.007646629
125 0.821777344 -0.246826172 -0.028762817 0.155124828 -0.087466036 -0.272238366
126 9.687484741 -0.000015259 0.000007629 -0.211718941 0.781722057 0.168207529
127 3.679679871 -0.000007629 0.000015259 -0.002077321 0.581831668 -0.002424027
128 2.700599670 -0.000015259 -0.000030518 0.024996218 0.626238431 0.030959007
129 0.519042969 -0.395996094 -0.161987305 0.477878787 0.316754060 -0.763355711
130 6.753906250 -0.000007629 -0.000053406 -0.574483850 0.626140537 0.006934877
131 4.462646484 -0.000028610 -0.000015259 -0.077791836 0.010175756 0.138879881
132 22.736747742 0.004577637 -0.007293701 0.550878618 -0.148308741 -2.529274342
133 0.073730469 0.706542969 -0.276367188 -0.691085000 0.138911980 -2.245747530
134 13.119331360 0.000015259 0.000015259 0.930796242 -0.913580695 -0.204568600
135 12.350997925 0.000003815 -0.000015259 0.313148561 -0.218233854 0.267604486
136 15.540870667 0.000001907 0.000000000 -0.292746282 0.038059873 0.149876895
137 14.906250000 0.000003815 0.000015259 -0.291239574 0.134597281 0.167876721
138 14.182882309 0.000007629 0.000000000 -0.094232967 0.130525335 -0.006596166
139 6.140625000 0.523925781 -0.378662109 -2.042677420 0.010688568 -2.125039519
140 11.348968506 -0.000007629 0.000011444 2.165515065 0.061474203 -0.811260497
141 12.004653931 -0.000022888 -0.000015259 -0.181042883 -0.180338486 0.231599125
142 15.865951538 0.000015259 0.000000000 -0.177738908 0.049306446 0.166496063
143 14.851562500 0.000000000 0.000007629 0.183548657 0.127304634 -0.079759283
144 12.539047241 0.414970398 -0.272766113 -1.929419072 -0.014719869 -1.894546789
145 10.619094849 0.000007629 -0.000015259 2.632579228 0.131688759 -0.757411672
146 12.043624878 -0.000015259 -0.000007629 -0.518880816 0.031586721 0.200188563
147 15.309890747 -0.000015259 0.000007629 -0.047484307 0.106972036 -0.055032719
148 19.857978821 0.000007629 0.000045776 -1.868337077 -0.008533403 -1.901366465
149 10.617187500 -0.000003815 -0.000007629 0.039512262 -0.050348593 -0.605259711
150 11.091804504 0.000005245 0.000000000 2.024006998 0.122133771 -0.598437748
151 0.732421875 -0.378417969 -0.043029785 0.298829922 -0.043211786 -0.541974052
152 9.421354294 -0.000015259 0.000003815 -0.470241755 1.108872100 0.050969701
153 3.208984375 0.000015259 0.000015259 0.000857873 1.057455893 -0.001098300
154 2.421081543 -0.000015259 -0.000017166 0.043174526 0.819359608 0.045011662
155 0.783203125 -0.134643555 -0.023727417 0.156625597 -0.124254089 -0.279237635
156 9.941059113 -0.000015259 -0.000038147 -0.258870176 1.208138449 -0.026394740
157 3.403720856 0.000000000 0.000038147 -0.009093961 0.939657871 -0.001132441
158 2.546592712 -0.000015259 -0.000030518 0.050622334 0.928087349 0.026112669
159 0.805175781 0.000000000 0.000000000 0.007970885 -0.148203970 -0.014094421
160 9.898437500 0.000015259 0.000022888 0.008520768 1.208195160 -0.016983373
161 3.537109375 0.000015259 0.000000000 -0.000193491 0.912542382 0.000193491
162 2.507812500 -0.000015259 0.000011444 0.000320821 0.943623568 -0.000320821
163 0.821777344 0.246826172 -0.027450562 -0.163707158 -0.092002953 0.250470137
164 9.687316895 0.000022888 -0.000053406 0.342851519 1.121789534 -0.008737843
165 3.679668427 -0.000015259 0.000030518 -0.002974323 0.934332562 -0.000146806
166 2.700630188 -0.000015259 -0.000019073 -0.032371169 0.978263485 -0.042071145
167 0.519531250 0.395996094 -0.161743164 -0.478495596 0.316187846 0.763124936
168 6.753906250 0.000005722 -0.000015259 0.300769486 0.115172368 -0.360966190
169 4.462753296 0.000007629 0.000030518 0.078557963 0.005930337 -0.087042230
170 86.264892578 -0.000015259 -0.000001907 1.643259632 -0.104425692 1.265676001
171 2.875000000 0.000015259 0.000015259 0.168675611 0.884972903 0.147223642
172 8.134399414 -0.000015259 -0.000015259 0.104379020 -0.397391323 -0.475454596
173 8.134380341 0.000000000 0.000001907 0.015252057 -0.082258752 -0.066038317
174 8.134401321 0.000000000 0.000017166 -0.000615061 0.015726458 0.042553855
175 8.134383202 -0.000030518 0.000011444 -0.071768583 0.056425453 0.078699578
176 8.134395599 0.000000000 -0.000015259 -0.077029738 0.054353864 0.075609557
177 8.134382248 0.000000000 0.000000000 -0.089411133 0.052375313 0.070967734
178 8.134397507 -0.000015259 -0.000007629 -0.107616744 0.049423894 0.077514942
179 8.132812500 -0.000015259 -0.000007629 -0.104403211 0.257082053 0.232532215
180 86.264892578 -0.000015259 -0.000001907 -1.601787124 -0.055211576 -1.644301933
181 2.875000000 0.000007629 -0.000030518 0.038199934 0.778743085 0.254287135
182 8.134384155 0.000000000 -0.000045776 0.936204420 0.859840928 1.900202465
183 8.134407043 0.000000000 -0.000015259 -0.101843337 0.365388306 0.340359109
184 8.134418488 0.000000000 -0.000030518 -0.155728047 0.123466261 0.057333112
185 8.134395599 0.000007629 0.000000000 -0.376648239 0.086108670 -0.078522481
186 8.134393692 0.000000000 0.000030518 -0.351022766 0.083710786 -0.070749671
187 8.134375572 0.000015259 -0.000030518 -0.327069883 0.079148523 -0.036968713
188 8.134401321 0.000000000 -0.000007629 -0.288584084 0.073058223 -0.012976685
189 8.132812500 0.000015259 -0.000003815 -0.296722499 0.265563925 -0.228414213
190 25.357383728 -1.346624374 -0.631866455 -1.897356234 0.086974800 1.468419404
191 10.586959839 0.000000000 -0.000030518 0.671132091 -0.149575536 -0.305118755
192 19.962806702 -1.182567596 -0.493774414 -2.827724317 1.210077460 0.137379431
193 26.542930603 -0.000061035 5.258399963 -0.001899353 -0.586157823 -3.138585130
194 5.210937500 -0.000001907 0.000015259 -0.007614473 0.234689195 -0.048357730
195 11.580818176 -0.000003815 0.000000000 0.000000000 0.373150501 0.000000000
196 30.590766907 -0.110170364 0.305751801 -0.733155585 -0.290362548 0.290021466
197 7.470642090 0.014274597 0.148304462 0.579381617 0.548983359 -0.103568949
198 9.857986450 6.173837662 -12.156152725 2.343721255 0.103353816 3.040407058
199 9.858200073 -6.068101883 -12.208473206 -2.352349825 0.104146931 -3.041265021
200 20.049377441 0.061208725 -14.093132019 3.134587295 0.926499159 3.136067236
201 5.580169678 -0.000003815 0.000015259 0.060198716 0.552164235 0.107111294
202 6.841293335 0.000000000 -0.000015259 -0.024925854 -0.298354578 0.141166058
203 6.916397095 0.000007629 0.000000000 -0.284057675 0.169796178 -0.000010178
204 24.600051880 -1.878301620 -11.667308807 -2.002800253 -0.732025296 -0.963281651
205 24.600051880 -1.878301620 -11.667308807 -1.536345236 -0.230748013 -1.702389711
206 24.600051880 -1.878301620 -11.667308807 -1.665549243 0.097947933 -2.370679697
207 24.599975586 1.980123520 -11.650838852 2.009399481 -0.739004495 0.958897021
208 24.599975586 1.980123520 -11.650838852 1.535182712 -0.239155086 1.702686470
209 24.599975586 1.980123520 -11.650838852 1.659403831 0.091981346 2.370144970
210 7.570632935 3.876308441 6.930503845 -2.049238070 1.047095500 -0.535595520
211 7.418075562 -3.974512100 7.604160309 1.014907748 -1.024031318 -2.618339091
212 -86.807075500 0.000003206 0.000005000 0.000000000 0.000000000 0.000244115
213 0.000000000 -0.000000000 0.000000000 0.000000000 0.000000000 0.000244115
214 0.000000000 -0.000000000 0.000000000 0.000000000 0.000000000 0.000244115
215 0.000000000 -0.000000000 0.000000000 0.000000000 0.000000000 0.000244115
216 0.000000000 -0.000000000 0.000000000 0.000000000 0.000000000 0.000244115
217 0.000000000 -0.000000000 0.000000000 0.000000000 0.000000000 0.000244115
218 0.000000000 -0.000000000 0.000000000 0.000000000 0.000000000 0.000244115
219 0.000000000 -0.000000000 0.000000000 0.000000000 0.000000000 0.000244115
220 0.000000000 -0.000000000 0.000000000 0.000000000 0.000000000 0.000244115
221 0.000000000 -0.000000000 0.000000000 0.000000000 0.000000000 0.000244115
222 0.000000000 -0.000000000 0.000000000 0.000000000 0.000000000 0.000244115
223 0.000000000 -0.000000000 0.000000000 0.000000000 0.000000000 0.000244115
time 16
0 0.000000201 -4.588574886 0.426292002 0.337524523 -1.511381997 -1.975562890
1 88.476776123 -0.000062061 -0.000010272 3.003554736 -0.003053205 3.137477572
2 -43.495697021 -0.000050783 4.662868023 0.898150093 0.012375247 3.092453913
3 9.507705688 0.000008076 -0.000020981 -0.867286443 0.265868310 0.005143652
4 23.267890930 2.189104080 -3.705398560 1.554633928 0.563377189 1.525850579
5 11.648437500 0.000019073 0.000015259 -0.794436615 -0.104529104 0.541351724
6 29.776130676 -0.000032425 -0.000122070 0.681470826 0.116565869 0.322864909
7 25.612236023 0.000019073 0.000091553 1.190628377 0.536142482 -0.432757457
8 8.674331665 -1.907150269 -2.936546326 -0.551336544 -0.109697996 1.608018152
9 0.000000000 -0.000000000 0.000000000 0.000000000 0.000000000 0.000244115
10 -43.495697021 -0.000050783 4.662868023 0.261543344 0.090332913 0.004481185
11 21.580322266 10.273416519 -4.495086193 -0.255045026 -0.041833080 0.039660803
12 45.674186707 0.000022888 0.000018120 2.877236876 0.498247213 -0.135254342
13 55.039104462 -0.000032425 -0.000024796 2.679323526 1.096006451 -0.292326168
14 21.580268860 -10.273574829 -4.495070934 -0.126569921 -0.544925330 0.095396382
15 45.674209595 0.000012636 -0.000041962 2.860120268 0.659723593 -0.084323865
16 55.039146423 -0.000030041 -0.000012398 2.784353479 0.718403342 -0.190069306
17 0.161682129 -1.532184362 -10.638454437 3.098117416 0.629230482 -0.093885867
18 14.463745117 -0.000010490 0.000007629 -0.071030145 -0.117295870 0.041464486
19 20.708938599 -0.000022888 -0.000045776 0.034269687 0.142349929 0.389123296
20 20.709026337 -0.000004768 -0.000015259 0.016709593 0.110892548 0.152364177
21 20.709554672 -0.000007629 0.000000000 0.014602126 -0.134380944 0.049200909
22 0.118835449 -3.636024952 -10.382871628 2.525216686 0.559205340 -0.409343955
23 14.125000000 -0.000022411 -0.000022888 -0.072875800 -0.100688871 -0.024088484
24 20.265335083 -0.000008583 -0.000022888 0.031977428 0.038487663 0.456121132
25 20.265331268 -0.000009298 -0.000015259 0.031914054 0.094133353 0.181506955
26 20.265625000 -0.000025749 -0.000030518 0.060686535 -0.079273661 0.049712347
27 0.430786133 -8.824711800 -7.827316761 2.353872751 0.513697252 -0.505405435
28 12.544487000 0.000007629 -0.000015259 -0.300972903 -0.045016352 0.104932430
29 19.343734741 -0.000009537 -0.000022888 0.021812553 -0.043009714 0.490286350
30 19.343750000 0.000000477 -0.000038147 0.038008795 0.045044681 0.199712136
31 19.343750000 -0.000011444 -0.000015259 0.037508688 -0.061869608 0.095442007
32 -0.019668579 -12.396470070 -3.323644400 2.069407160 0.288628339 -0.538493193
33 11.042068481 0.000009537 -0.000015259 -0.345929212 -0.080771281 0.097188673
34 19.073440552 -0.000001907 -0.000038147 0.005192406 -0.125206944 0.488772654
35 19.073348999 0.000000000 -0.000038147 0.037730961 0.029938662 0.231871799
36 19.073877335 0.000003338 -0.000045776 -0.074208261 -0.077807456 0.195259283
37 0.143402100 -12.177965164 2.328495502 1.579775190 -0.013781641 -0.519447291
38 10.827301025 0.000015259 -0.000030518 -0.165875086 -0.068593344 -0.029916965
39 18.731544495 0.000005722 -0.000007629 -0.012956870 -0.163022840 0.473458210
40 18.731605530 0.000007629 -0.000030518 0.023832747 0.010830118 0.266274276
41 18.732204437 0.000014305 -0.000030518 -0.213631769 -0.147354719 0.293610517
42 0.706604004 -9.159463882 6.887689114 1.074915396 -0.119729845 -0.228508665
43 10.843421936 0.000003815 -0.000026703 -0.011295636 -0.193331364 0.011849026
44 18.864501953 0.000017166 -0.000022888 -0.009915787 -0.153791941 0.336337342
45 18.864482880 0.000011444 0.000007629 0.011747954 0.032003203 0.254160147
46 18.864948273 0.000018120 -0.000030518 -0.323635473 -0.237166168 0.344063875
47 0.843017578 -2.753788710 9.486446381 0.822223708 -0.062494474 -0.072377460
48 10.832740784 0.000012398 0.000003815 -0.275759704 -0.216011226 0.117761296
49 19.399497986 0.000001907 -0.000030518 -0.015441042 -0.164443836 0.219273031
50 19.399696350 0.000017643 -0.000015259 -0.009619116 0.021548883 0.261247957
51 19.400085449 0.000020027 0.000000000 -0.227825008 -0.402731231 0.252993425
52 0.161651611 1.532161474 -10.638372421 -2.856484188 0.623611621 0.092915375
53 14.463714600 -0.000010490 -0.000015259 0.173017055 -0.126077989 -0.051318774
54 20.708969116 -0.000022888 -0.000007629 0.022282921 0.226675176 0.287859726
55 20.709014893 -0.000004768 -0.000007629 -0.001345507 0.113277837 0.127358727
56 20.709592819 0.000015259 -0.000045776 -0.133678313 -0.130808081 0.116061076
57 0.118759155 3.636007071 -10.383041382 -2.161698178 0.461568814 0.456497609
58 14.125000000 -0.000013828 -0.000022888 0.187601088 -0.107667541 0.034231252
59 20.265319824 -0.000000477 -0.000007629 -0.006570015 0.243262035 0.155012281
60 20.265342712 0.000005722 -0.000015259 -0.015084155 0.108849656 0.155720974
61 20.265625000 -0.000003815 -0.000015259 -0.171012161 -0.084436151 0.121935129
62 0.430786133 8.824709892 -7.827404499 -2.011596916 0.395333365 0.535804987
63 12.544555664 0.000013828 0.000000000 0.401771080 0.083749209 -0.165243835
64 19.343750000 -0.000008106 -0.000007629 -0.020622206 0.110512650 0.196640768
65 19.343750000 0.000015259 -0.000022888 -0.025652998 0.057513953 0.228269510
66 19.343750000 0.000003815 -0.000053406 -0.144963804 -0.078784859 0.088026951
67 -0.019577026 12.396468163 -3.323732376 -1.735233097 0.185126406 0.509421146
68 11.042076111 -0.000007629 0.000000000 0.435341922 0.014838735 -0.190184700
69 19.073402405 0.000000954 -0.000045776 -0.035758119 0.057017929 0.190486208
70 19.073383331 0.000007629 -0.000022888 -0.038483929 0.050891441 0.262578106
71 19.073938370 0.000011444 -0.000038147 -0.032658549 -0.109361207 0.004381454
72 0.143447876 12.177960396 2.328406334 -1.361090062 -0.028570486 0.455632230
73 10.827331543 -0.000015259 0.000007629 0.290183964 -0.100725483 0.050700546
74 18.731575012 0.000006676 -0.000007629 -0.035986263 0.031305177 0.045633319
75 18.731582642 -0.000001907 -0.000068665 -0.043277244 0.036571451 0.249155016
76 18.732156754 0.000026703 0.000030518 0.098046939 -0.206843815 -0.073359547
77 0.706573486 9.159471512 6.887772083 -0.844759671 -0.109215709 0.197727772
78 10.843391418 0.000002861 0.000007629 0.166633362 -0.170333427 0.108563657
79 18.864524841 -0.000005722 -0.000038147 -0.031801308 -0.088690174 0.044707367
80 18.864490509 0.000011444 0.000000000 -0.046091101 0.008428562 0.254768347
81 18.865070343 0.000007629 -0.000030518 0.186933688 -0.307799014 -0.107437510
82 0.842941284 2.753787041 9.486444473 -0.582398579 -0.036183026 0.073311771
83 10.832794189 -0.000000477 0.000022888 0.407174716 -0.257974807 -0.042970394
84 19.399604797 -0.000003338 -0.000045776 -0.030192372 -0.114467442 0.106750625
85 19.399612427 0.000001907 0.000007629 -0.039876477 0.015708998 0.249764233
86 19.400196075 0.000013351 0.000000000 0.051506009 -0.436997719 0.016157310
87 23.268287659 -2.187744141 -3.705848694 -1.456154893 0.000364046 -1.570479669
88 11.648437500 -0.000026703 0.000015259 -1.191969815 0.174103543 0.718415489
89 19.962633133 1.182586670 -0.494768620 2.827724317 1.210077460 -0.137379431
90 25.357299805 1.346649170 -0.632635593 -2.512177173 0.117905920 0.933830354
91 10.585937500 0.000000000 -0.000007629 -0.623342345 0.227380332 0.017522868
92 29.775829315 0.000030518 -0.000046253 0.509916794 0.827154160 -1.160381106
93 22.736793518 -0.004581451 -0.007385254 -0.567665312 -0.170646603 -2.892178389
94 0.073730469 -0.706542969 -0.275878906 -2.728188495 0.906142127 -0.758033224
95 13.120185852 -0.000007629 -0.000015259 -1.070534088 0.264679022 -0.386546653
96 12.350067139 0.000000000 -0.000007629 -0.882293523 0.158356126 -0.205697951
97 15.541221619 -0.000030518 0.000007629 -0.504601257 0.391809278 -0.353930956
98 14.906250000 -0.000001907 0.000000000 -0.554912956 0.908019625 -0.261267274
99 14.182815552 -0.000007629 0.000000000 -0.283420298 0.556752654 0.009679488
100 6.140625000 -0.523925781 -0.378906250 -1.056811202 0.835282652 -0.627381963
101 11.348457336 -0.000007629 -0.000022888 -2.531259818 -0.310327093 -0.256814685
102 12.005233765 0.000007629 -0.000011444 -0.473322049 0.107188066 -0.188585475
103 15.865589142 -0.000030518 0.000015259 -0.646219794 0.226804139 -0.412334487
104 14.851562500 -0.000015259 -0.000015259 -0.602919079 0.539260163 0.004730404
105 12.538963318 -0.414989471 -0.272308350 -0.698318729 0.770311120 -0.499170967
106 10.619369507 -0.000015259 0.000015259 -3.128990729 -0.279504873 -0.155776868
107 12.043014526 -0.000015259 0.000009537 -0.172875307 0.162275775 -0.136993467
108 15.310379028 -0.000022888 -0.000007629 -0.423329094 0.508347761 -0.016597609
109 19.857894897 -0.000003815 -0.000015259 -0.631008055 0.755105664 -0.377942133
110 10.617187500 -0.000015259 0.000015259 -0.275752165 -0.308691895 -0.161480807
111 11.091690063 -0.000015259 -0.000038147 -2.972530545 -0.399770044 -0.275374439
112 25.612243652 -0.000019073 -0.000137329 -0.964860271 -0.260129499 0.118751330
113 0.732421875 0.378173828 -0.043365479 -0.298448110 -0.042506783 0.541930270
114 9.421432495 0.000015259 -0.000019073 0.360626545 0.925566292 -0.183090914
115 3.208984375 0.000007629 0.000000000 -0.000856051 0.860846357 0.001031658
116 2.421092987 -0.000007629 0.000015259 -0.043036401 0.622439442 -0.041870124
117 0.783203125 0.134643555 -0.023925781 -0.156336213 -0.123510422 0.279151765
118 9.940948486 -0.000015259 0.000005722 0.156940826 0.930343403 -0.089257890
119 3.403709412 -0.000007629 -0.000015259 -0.006048037 0.656683852 -0.005707954
120 2.546609879 0.000007629 0.000000000 -0.038110356 0.644835858 -0.012733087
121 0.805175781 -0.000007629 -0.000011444 -0.007963538 -0.147251916 0.014089588
122 9.898437500 -0.000022888 0.000041962 -0.013519539 0.842282569 -0.001043158
123 3.537033081 -0.000015259 0.000000000 0.014337229 0.546778080 0.002854942
124 2.507812500 -0.000007629 0.000000000 0.001189873 0.577239660 0.007646629
125 0.821777344 -0.246826172 -0.028762817 0.155124828 -0.087466036 -0.272238366
126 9.687484741 -0.000015259 0.000007629 -0.211718941 0.781722057 0.168207529
127 3.679679871 -0.000007629 0.000015259 -0.002077321 0.581831668 -0.002424027
128 2.700599670 -0.000015259 -0.000030518 0.024996218 0.626238431 0.030959007
129 0.519042969 -0.395996094 -0.161987305 0.477878787 0.316754060 -0.763355711
130 6.753906250 -0.000007629 -0.000053406 -0.574483850 0.626140537 0.006934877
131 4.462646484 -0.000028610 -0.000015259 -0.077791836 0.010175756 0.138879881
132 22.736747742 0.004577637 -0.007293701 0.555075893 -0.163263168 -2.532463760
133 0.073730469 0.706542969 -0.276367188 -0.902273013 0.362447042 -2.489014995
134 13.119331360 0.000015259 0.000015259 1.075310367 -0.915552981 -0.411115401
135 12.350997925 0.000003815 -0.000015259 0.320171590 -0.345899546 0.280566985
136 15.540870667 0.000001907 0.000000000 -0.281972390 -0.056281819 0.193589462
137 14.906250000 0.000003815 0.000015259 -0.280217473 0.065060699 0.162673963
138 14.182882309 0.000007629 0.000000000 -0.074117657 0.155489277 -0.010974765
139 6.140625000 0.523925781 -0.378662109 -2.243624326 0.225631812 -2.344479844
140 11.348968506 -0.000007629 0.000011444 2.139984945 0.191189221 -0.857871151
141 12.004653931 -0.000022888 -0.000015259 -0.172603818 -0.310618954 0.222768197
142 15.865951538 0.000015259 0.000000000 -0.173644600 -0.054302375 0.149601277
143 14.851562500 0.000000000 0.000007629 0.200569020 0.153501282 -0.081487121
144 12.539047241 0.414970398 -0.272766113 -2.188496119 0.189974388 -2.135924288
145 10.619094849 0.000007629 -0.000015259 2.595864697 0.287520969 -0.814949172
146 12.043624878 -0.000015259 -0.000007629 -0.513914347 -0.092844257 0.260811112
147 15.309890747 -0.000015259 0.000007629 -0.031027174 0.133379506 -0.060221670
148 19.857978821 0.000007629 0.000045776 -2.111286050 0.167114031 -2.125752574
149 10.617187500 -0.000003815 -0.000007629 -0.008131204 0.094839779 -0.649003770
150 11.091804504 0.000005245 0.000000000 2.081106895 0.092565885 -0.512050542
151 0.732421875 -0.378417969 -0.043029785 0.298829922 -0.043211786 -0.541974052
152 9.421354294 -0.000015259 0.000003815 -0.470241755 1.108872100 0.050969701
153 3.208984375 0.000015259 0.000015259 0.000857873 1.057455893 -0.001098300
154 2.421081543 -0.000015259 -0.000017166 0.043174526 0.819359608 0.045011662
155 0.783203125 -0.134643555 -0.023727417 0.156625597 -0.124254089 -0.279237635
156 9.941059113 -0.000015259 -0.000038147 -0.258870176 1.208138449 -0.026394740
157 3.403720856 0.000000000 0.000038147 -0.009093961 0.939657871 -0.001132441
158 2.546592712 -0.000015259 -0.000030518 0.050622334 0.928087349 0.026112669
159 0.805175781 0.000000000 0.000000000 0.007970885 -0.148203970 -0.014094421
160 9.898437500 0.000015259 0.000022888 0.008520768 1.208195160 -0.016983373
161 3.537109375 0.000015259 0.000000000 -0.000193491 0.912542382 0.000193491
162 2.507812500 -0.000015259 0.000011444 0.000320821 0.943623568 -0.000320821
163 0.821777344 0.246826172 -0.027450562 -0.163300934 -0.091801091 0.251477689
164 9.687316895 0.000022888 -0.000053406 0.342851519 1.121789534 -0.008737843
165 3.679668427 -0.000015259 0.000030518 -0.002974323 0.934332562 -0.000146806
166 2.700630188 -0.000015259 -0.000019073 -0.032371169 0.978263485 -0.042071145
167 0.519531250 0.395996094 -0.161743164 -0.478495596 0.316187846 0.763124936
168 6.753906250 0.000005722 -0.000015259 0.300769486 0.115172368 -0.360966190
169 4.462753296 0.000007629 0.000030518 0.078557963 0.005930337 -0.087042230
170 86.264892578 -0.000015259 -0.000001907 1.735314047 -0.212716996 1.197422745
171 2.875000000 0.000015259 0.000015259 0.181869789 0.860330741 0.169500801
172 8.134399414 -0.000015259 -0.000015259 0.075045193 -0.238379018 -0.882899475
173 8.134380341 0.000000000 0.000001907 0.001256913 -0.080766684 -0.146608225
174 8.134401321 0.000000000 0.000017166 -0.011380119 -0.010887287 0.075263901
175 8.134383202 -0.000030518 0.000011444 -0.079768450 0.031404721 0.133713384
176 8.134395599 0.000000000 -0.000015259 -0.087485326 0.030057694 0.119038395
177 8.134382248 0.000000000 0.000000000 -0.102634359 0.029690919 0.099479776
178 8.134397507 -0.000015259 -0.000007629 -0.122425456 0.027484055 0.096604041
179 8.132812500 -0.000015259 -0.000007629 -0.108006822 0.264926885 0.243035323
180 86.264892578 -0.000015259 -0.000001907 -1.600246415 -0.076081608 -1.652158448
181 2.875000000 0.000007629 -0.000030518 0.028443691 0.756876211 0.237251805
182 8.134384155 0.000000000 -0.000045776 0.453380277 0.591474018 1.604753206
183 8.134407043 0.000000000 -0.000015259 -0.086774309 0.351833661 0.500535467
184 8.134418488 0.000000000 -0.000030518 -0.164941959 0.160461351 0.148933469
185 8.134395599 0.000007629 0.000000000 -0.390801614 0.122730349 -0.036662065
186 8.134393692 0.000000000 0.000030518 -0.366260036 0.106460804 -0.036085568
187 8.134375572 0.000015259 -0.000030518 -0.344231855 0.085728316 0.000609655
188 8.134401321 0.000000000 -0.000007629 -0.308891664 0.063905156 0.023785609
189 8.132812500 0.000015259 -0.000003815 -0.300322852 0.269211440 -0.233721478
190 25.357383728 -1.346624374 -0.631866455 -2.005924703 0.193107161 1.320622649
191 10.586959839 0.000000000 -0.000030518 0.666445070 -0.111963910 -0.276431583
192 19.962806702 -1.182567596 -0.493774414 -2.827724317 1.210077460 0.137379431
193 26.542930603 -0.000061035 5.258399963 -0.003261460 -0.593371172 -3.136533883
194 5.210937500 -0.000001907 0.000015259 -0.007808997 0.224688282 -0.049182642
195 11.580818176 -0.000003815 0.000000000 0.000000000 0.373150501 0.000000000
196 30.590766907 -0.110170364 0.305751801 -0.696626228 -0.298918545 0.278215357
197 7.470642090 0.014274597 0.148304462 0.586072732 0.551902004 -0.104613149
198 9.857986450 6.173837662 -12.156152725 2.343721255 0.103353816 3.040407058
199 9.858200073 -6.068101883 -12.208473206 -2.352349825 0.104146931 -3.041265021
200 20.049377441 0.061208725 -14.093132019 3.134587295 0.926499159 3.136067236
201 5.580169678 -0.000003815 0.000015259 0.058395533 0.568267024 0.100922707
202 6.841293335 0.000000000 -0.000015259 -0.023770607 -0.289149636 0.149181363
203 6.916397095 0.000007629 0.000000000 -0.284057675 0.169796178 -0.000010178
204 24.600051880 -1.878301620 -11.667308807 -2.002800253 -0.732025296 -0.963281651
205 24.600051880 -1.878301620 -11.667308807 -1.536345236 -0.230748013 -1.702389711
206 24.600051880 -1.878301620 -11.667308807 -1.665549243 0.097947933 -2.370679697
207 24.599975586 1.980123520 -11.650838852 2.009399481 -0.739004495 0.958897021
208 24.599975586 1.980123520 -11.650838852 1.535182712 -0.239155086 1.702686470
209 24.599975586 1.980123520 -11.650838852 1.659403831 0.091981346 2.370144970
210 7.570632935 3.876308441 6.930503845 -2.049238070 1.047095500 -0.535595520
211 7.418075562 -3.974512100 7.604160309 1.014907748 -1.024031318 -2.618339091
212 -86.807075500 0.000003206 0.000005000 0.000000000 0.000000000 0.000244115
213 0.000000000 -0.000000000 0.000000000 0.000000000 0.000000000 0.000244115
214 0.000000000 -0.000000000 0.000000000 0.000000000 0.000000000 0.000244115
215 0.000000000 -0.000000000 0.000000000 0.000000000 0.000000000 0.000244115
216 0.000000000 -0.000000000 0.000000000 0.000000000 0.000000000 0.000244115
217 0.000000000 -0.000000000 0.000000000 0.000000000 0.000000000 0.000244115
218 0.000000000 -0.000000000 0.000000000 0.000000000 0.000000000 0.000244115
219 0.000000000 -0.000000000 0.000000000 0.000000000 0.000000000 0.000244115
220 0.000000000 -0.000000000 0.000000000 0.000000000 0.000000000 0.000244115
221 0.000000000 -0.000000000 0.000000000 0.000000000 0.000000000 0.000244115
222 0.000000000 -0.000000000 0.000000000 0.000000000 0.000000000 0.000244115
223 0.000000000 -0.000000000 0.000000000 0.000000000 0.000000000 0.000244115
time 17
0 0.000000184 -4.203753948 0.382768989 0.280037111 -1.518164923 -1.964520417
1 88.476776123 -0.000062061 -0.000010272 3.003554736 -0.003053205 3.137477572
2 -43.495697021 -0.000050783 4.662868023 0.822837794 0.014579021 3.096527385
3 9.507705688 0.000008076 -0.000020981 -0.856610445 0.273674313 0.003186759
4 23.267890930 2.189104080 -3.705398560 1.553089188 0.555193464 1.526406026
5 11.648437500 0.000019073 0.000015259 -0.736606464 -0.118958926 0.650073094
6 29.776130676 -0.000032425 -0.000122070 0.717744764 0.083075951 0.410977767
7 25.612236023 0.000019073 0.000091553 1.173381718 0.512727345 -0.428761998
8 8.674331665 -1.907150269 -2.936546326 -0.551336544 -0.109697996 1.608018152
9 0.000000000 -0.000000000 0.000000000 0.000000000 0.000000000 0.000244115
10 -43.495697021 -0.000050783 4.662868023 0.252014072 0.087009106 0.004323245
11 21.580322266 10.273416519 -4.495086193 -0.239127823 -0.042010236 0.039745023
12 45.674186707 0.000022888 0.000018120 2.895458300 0.498496967 -0.126290112
13 55.039104462 -0.000032425 -0.000024796 2.710840570 1.098836771 -0.271764298
14 21.580268860 -10.273574829 -4.495070934 -0.117504034 -0.542049383 0.089670691
15 45.674209595 0.000012636 -0.000041962 2.878046023 0.646023612 -0.078675797
16 55.039146423 -0.000030041 -0.000012398 2.805381319 0.719016688 -0.179016669
17 0.161682129 -1.532184362 -10.638454437 3.087475283 0.624672578 -0.098345513
18 14.463745117 -0.000010490 0.000007629 -0.086008129 -0.104473285 0.045510336
19 20.708938599 -0.000022888 -0.000045776 0.042777416 0.103526805 0.391985192
20 20.709026337 -0.000004768 -0.000015259 0.041262399 0.128868958 0.207454402
21 20.709554672 -0.000007629 0.000000000 0.008459360 -0.132516068 0.052473884
22 0.118835449 -3.636024952 -10.382871628 2.517062513 0.552292425 -0.411756074
23 14.125000000 -0.000022411 -0.000022888 -0.074058026 -0.090610719 -0.015490496
24 20.265335083 -0.000008583 -0.000022888 0.043560074 0.013834032 0.450998425
25 20.265331268 -0.000009298 -0.000015259 0.056871907 0.096257498 0.239826711
26 20.265625000 -0.000025749 -0.000030518 0.055011770 -0.076368274 0.053035937
27 0.430786133 -8.824711800 -7.827316761 2.346617231 0.506214675 -0.507098825
28 12.544487000 0.000007629 -0.000015259 -0.298514611 -0.036926950 0.114822404
29 19.343734741 -0.000009537 -0.000022888 0.035863532 -0.055655306 0.481432342
30 19.343750000 0.000000477 -0.000038147 0.060356599 0.041615591 0.258672356
31 19.343750000 -0.000011444 -0.000015259 0.032483354 -0.058060180 0.099108486
32 -0.019668579 -12.396470070 -3.323644400 2.062714703 0.281070512 -0.538486408
33 11.042068481 0.000009537 -0.000015259 -0.344059420 -0.063425843 0.109146333
34 19.073440552 -0.000001907 -0.000038147 0.017423234 -0.138066756 0.471373263
35 19.073348999 0.000000000 -0.000038147 0.054867753 0.011834045 0.281981144
36 19.073877335 0.000003338 -0.000045776 -0.078321067 -0.073787610 0.199431189
37 0.143402100 -12.177965164 2.328495502 1.572260308 -0.021206597 -0.517897421
38 10.827301025 0.000015259 -0.000030518 -0.167080599 -0.069863402 -0.016942664
39 18.731544495 0.000005722 -0.000007629 0.000798121 -0.148468282 0.455514840
40 18.731605530 0.000007629 -0.000030518 0.035670393 -0.014554841 0.304376628
41 18.732204437 0.000014305 -0.000030518 -0.217063345 -0.143070468 0.298240992
42 0.706604004 -9.159463882 6.887689114 1.066110974 -0.124671590 -0.225595711
43 10.843421936 0.000003815 -0.000026703 -0.031394760 -0.196476376 0.027210216
44 18.864501953 0.000017166 -0.000022888 -0.007159198 -0.149203091 0.320606282
45 18.864482880 0.000011444 0.000007629 0.013003434 0.000903434 0.261257690
46 18.864948273 0.000018120 -0.000030518 -0.327101987 -0.232958490 0.348964833
47 0.843017578 -2.753788710 9.486446381 0.812877541 -0.066043851 -0.070085152
48 10.832740784 0.000012398 0.000003815 -0.298885870 -0.219096062 0.131585970
49 19.399497986 0.000001907 -0.000030518 -0.013798859 -0.159111847 0.205119735
50 19.399696350 0.000017643 -0.000015259 -0.008643811 -0.005193417 0.246044060
51 19.400085449 0.000020027 0.000000000 -0.232125247 -0.400028885 0.259073792
52 0.161651611 1.532161474 -10.638372421 -2.867960591 0.620744973 0.087984436
53 14.463714600 -0.000010490 -0.000015259 0.151116906 -0.113262622 -0.050029882
54 20.708969116 -0.000022888 -0.000007629 0.028621884 0.183218546 0.302569695
55 20.709014893 -0.000004768 -0.000007629 0.017701517 0.149196175 0.172489551
56 20.709592819 0.000015259 -0.000045776 -0.139882852 -0.129585118 0.119006912
57 0.118759155 3.636007071 -10.383041382 -2.172787537 0.462492765 0.452765720
58 14.125000000 -0.000013828 -0.000022888 0.159380110 -0.097606664 0.029999945
59 20.265319824 -0.000000477 -0.000007629 -0.002780832 0.206733019 0.181854140
60 20.265342712 0.000005722 -0.000015259 -0.007079785 0.150568249 0.174111246
61 20.265625000 -0.000003815 -0.000015259 -0.176958777 -0.083986054 0.125217625
62 0.430786133 8.824709892 -7.827404499 -2.022338713 0.397139330 0.532708904
63 12.544555664 0.000013828 0.000000000 0.392164867 0.082728013 -0.163209600
64 19.343750000 -0.000008106 -0.000007629 -0.025729754 0.110026302 0.180127642
65 19.343750000 0.000015259 -0.000022888 -0.027953573 0.074334148 0.253880701
66 19.343750000 0.000003815 -0.000053406 -0.150500551 -0.078705645 0.091898710
67 -0.019577026 12.396468163 -3.323732376 -1.745240666 0.186924740 0.508916626
68 11.042076111 -0.000007629 0.000000000 0.425784697 0.012311023 -0.188116996
69 19.073402405 0.000000954 -0.000045776 -0.040490787 0.055961193 0.166010879
70 19.073383331 0.000007629 -0.000022888 -0.042007849 0.061391069 0.280450774
71 19.073938370 0.000011444 -0.000038147 -0.037840276 -0.109527846 0.008991558
72 0.143447876 12.177960396 2.328406334 -1.370926667 -0.027055122 0.457071437
73 10.827331543 -0.000015259 0.000007629 0.264845533 -0.105573510 0.042262174
74 18.731575012 0.000006676 -0.000007629 -0.043881095 0.032084799 0.064587029
75 18.731582642 -0.000001907 -0.000068665 -0.051287035 0.047561847 0.220773280
76 18.732156754 0.000026703 0.000030518 0.093310007 -0.207495688 -0.067764482
77 0.706573486 9.159471512 6.887772083 -0.854743585 -0.110177893 0.200305395
78 10.843391418 0.000002861 0.000007629 0.139198480 -0.176628963 0.101072050
79 18.864524841 -0.000005722 -0.000038147 -0.039226962 -0.078231686 0.059344637
80 18.864490509 0.000011444 0.000000000 -0.051103404 -0.001976861 0.217463376
81 18.865070343 0.000007629 -0.000030518 0.182106830 -0.308152283 -0.101258880
82 0.842941284 2.753787041 9.486444473 -0.592118955 -0.038442379 0.075279491
83 10.832794189 -0.000000477 0.000022888 0.384487175 -0.266241790 -0.044226212
84 19.399604797 -0.000003338 -0.000045776 -0.030126493 -0.113207875 0.103780217
85 19.399612427 0.000001907 0.000007629 -0.037420582 0.006358615 0.222820739
86 19.400196075 0.000013351 0.000000000 0.046320630 -0.436211710 0.022807915
87 23.268287659 -2.187744141 -3.705848694 -1.456154893 0.000364046 -1.570479669
88 11.648437500 -0.000026703 0.000015259 -1.191969815 0.174103543 0.718415489
89 19.962633133 1.182586670 -0.494768620 2.827724317 1.210077460 -0.137379431
90 25.357299805 1.346649170 -0.632635593 -2.501069681 0.070455459 0.964140194
91 10.585937500 0.000000000 -0.000007629 -0.623342345 0.227380332 0.017522868
92 29.775829315 0.000030518 -0.000046253 0.509916794 0.827154160 -1.160381106
93 22.736793518 -0.004581451 -0.007385254 -0.567665312 -0.170646603 -2.892178389
94 0.073730469 -0.706542969 -0.275878906 -2.723726304 0.830042040 -0.747150790
95 13.120185852 -0.000007629 -0.000015259 -1.088242988 0.312939134 -0.445811065
96 12.350067139 0.000000000 -0.000007629 -0.885377184 0.190939645 -0.207848353
97 15.541221619 -0.000030518 0.000007629 -0.493881759 0.340186328 -0.358717825
98 14.906250000 -0.000001907 0.000000000 -0.563697438 0.762258632 -0.309617070
99 14.182815552 -0.000007629 0.000000000 -0.283359848 0.555674203 0.010393201
100 6.140625000 -0.523925781 -0.378906250 -1.044928138 0.752513620 -0.611315197
101 11.348457336 -0.000007629 -0.000022888 -2.516629537 -0.362490358 -0.305144694
102 12.005233765 0.000007629 -0.000011444 -0.479157860 0.132949901 -0.201362137
103 15.865589142 -0.000030518 0.000015259 -0.634152015 0.168548908 -0.407375866
104 14.851562500 -0.000015259 -0.000015259 -0.602829261 0.538073199 0.006061357
105 12.538963318 -0.414989471 -0.272308350 -0.679585433 0.682946184 -0.476410329
106 10.619369507 -0.000015259 0.000015259 -3.124133395 -0.345100346 -0.178949922
107 12.043014526 -0.000015259 0.000009537 -0.180944192 0.197060265 -0.146132210
108 15.310379028 -0.000022888 -0.000007629 -0.423585385 0.506974387 -0.015819487
109 19.857894897 -0.000003815 -0.000015259 -0.604766948 0.667151495 -0.346175792
110 10.617187500 -0.000015259 0.000015259 -0.271032375 -0.387199131 -0.181723743
111 11.091690063 -0.000015259 -0.000038147 -2.974470872 -0.398872538 -0.274859653
112 25.612243652 -0.000019073 -0.000137329 -0.964860271 -0.260129499 0.118751330
113 0.732421875 0.378173828 -0.043365479 -0.298448110 -0.042506783 0.541930270
114 9.421432495 0.000015259 -0.000019073 0.360626545 0.925566292 -0.183090914
115 3.208984375 0.000007629 0.000000000 -0.000856051 0.860846357 0.001031658
116 2.421092987 -0.000007629 0.000015259 -0.043040126 0.622529976 -0.041873882
117 0.783203125 0.134643555 -0.023925781 -0.156336213 -0.123510422 0.279151765
118 9.940948486 -0.000015259 0.000005722 0.156940826 0.930343403 -0.089257890
119 3.403709412 -0.000007629 -0.000015259 -0.006048037 0.656683852 -0.005707954
120 2.546609879 0.000007629 0.000000000 -0.038110356 0.644835858 -0.012733087
121 0.805175781 -0.000007629 -0.000011444 -0.007963538 -0.147251916 0.014089588
122 9.898437500 -0.000022888 0.000041962 -0.013519539 0.842282569 -0.001043158
123 3.537033081 -0.000015259 0.000000000 0.014337229 0.546778080 0.002854942
124 2.507812500 -0.000007629 0.000000000 0.001189873 0.577239660 0.007646629
125 0.821777344 -0.246826172 -0.028762817 0.155124828 -0.087466036 -0.272238366
126 9.687484741 -0.000015259 0.000007629 -0.211718941 0.781722057 0.168207529
127 3.679679871 -0.000007629 0.000015259 -0.002077321 0.581831668 -0.002424027
128 2.700599670 -0.000015259 -0.000030518 0.024996218 0.626238431 0.030959007
129 0.519042969 -0.395996094 -0.161987305 0.477878787 0.316754060 -0.763355711
130 6.753906250 -0.000007629 -0.000053406 -0.574483850 0.626140537 0.006934877
131 4.462646484 -0.000028610 -0.000015259 -0.077791836 0.010175756 0.138879881
132 22.736747742 0.004577637 -0.007293701 0.560526844 -0.183469591 -2.539631920
133 0.073730469 0.706542969 -0.276367188 -1.158227631 0.704097796 -2.791375742
134 13.119331360 0.000015259 0.000015259 1.248079132 -0.912086159 -0.655240378
135 12.350997925 0.000003815 -0.000015259 0.324578955 -0.506619679 0.295704638
136 15.540870667 0.000001907 0.000000000 -0.274858573 -0.155703053 0.239277685
137 14.906250000 0.000003815 0.000015259 -0.267299538 0.010871357 0.152674282
138 14.182882309 0.000007629 0.000000000 -0.054172220 0.180304724 -0.015302292
139 6.140625000 0.523925781 -0.378662109 -2.470284950 0.564227788 -2.584194713
140 11.348968506 -0.000007629 0.000011444 2.091211225 0.358096885 -0.947389254
141 12.004653931 -0.000022888 -0.000015259 -0.152188242 -0.471216108 0.186192381
142 15.865951538 0.000015259 0.000000000 -0.162080659 -0.153238500 0.111263303
143 14.851562500 0.000000000 0.000007629 0.217556377 0.179453196 -0.083176261
144 12.539047241 0.414970398 -0.272766113 -2.427961780 0.510019934 -2.354570981
145 10.619094849 0.000007629 -0.000015259 2.536106403 0.485162626 -0.903474341
146 12.043624878 -0.000015259 -0.000007629 -0.505819674 -0.254655586 0.290477669
147 15.309890747 -0.000015259 0.000007629 -0.014757052 0.159550279 -0.065357293
148 19.857978821 0.000007629 0.000045776 -2.320984363 0.435354170 -2.311790573
149 10.617187500 -0.000003815 -0.000007629 -0.075578625 0.275041828 -0.684848937
150 11.091804504 0.000005245 0.000000000 2.138120137 0.063237457 -0.426511599
151 0.732421875 -0.378417969 -0.043029785 0.298829922 -0.043211786 -0.541974052
152 9.421354294 -0.000015259 0.000003815 -0.470241755 1.108872100 0.050969701
153 3.208984375 0.000015259 0.000015259 0.000857873 1.057455893 -0.001098300
154 2.421081543 -0.000015259 -0.000017166 0.043174526 0.819359608 0.045011662
155 0.783203125 -0.134643555 -0.023727417 0.156625597 -0.124254089 -0.279237635
156 9.941059113 -0.000015259 -0.000038147 -0.258870176 1.208138449 -0.026394740
157 3.403720856 0.000000000 0.000038147 -0.009093961 0.939657871 -0.001132441
158 2.546592712 -0.000015259 -0.000030518 0.050622334 0.928087349 0.026112669
159 0.805175781 0.000000000 0.000000000 0.007970885 -0.148203970 -0.014094421
160 9.898437500 0.000015259 0.000022888 0.008520768 1.208195160 -0.016983373
161 3.537109375 0.000015259 0.000000000 -0.000193491 0.912542382 0.000193491
162 2.507812500 -0.000015259 0.000011444 0.000320821 0.943623568 -0.000320821
163 0.821777344 0.246826172 -0.027450562 -0.162824282 -0.091582258 0.252829308
164 9.687316895 0.000022888 -0.000053406 0.342851519 1.121789534 -0.008737843
165 3.679668427 -0.000015259 0.000030518 -0.002974323 0.934332562 -0.000146806
166 2.700630188 -0.000015259 -0.000019073 -0.032371169 0.978263485 -0.042071145
167 0.519531250 0.395996094 -0.161743164 -0.478495596 0.316187846 0.763124936
168 6.753906250 0.000005722 -0.000015259 0.300769486 0.115172368 -0.360966190
169 4.462753296 0.000007629 0.000030518 0.078557963 0.005930337 -0.087042230
170 86.264892578 -0.000015259 -0.000001907 1.829375832 -0.342352375 1.131229550
171 2.875000000 0.000015259 0.000015259 0.197443698 0.830814049 0.196003463
172 8.134399414 -0.000015259 -0.000015259 -0.288838148 0.167163628 -1.489942953
173 8.134380341 0.000000000 0.000001907 -0.040649964 -0.145211543 -0.284291863
174 8.134401321 0.000000000 0.000017166 -0.070498023 -0.208205159 0.152083423
175 8.134383202 -0.000030518 0.000011444 -0.138797993 -0.130808261 0.230405948
176 8.134395599 0.000000000 -0.000015259 -0.146748973 -0.083752110 0.158855086
177 8.134382248 0.000000000 0.000000000 -0.162751467 -0.051505831 0.102134656
178 8.134397507 -0.000015259 -0.000007629 -0.180633840 -0.044721120 0.086691263
179 8.132812500 -0.000015259 -0.000007629 -0.111657097 0.272655567 0.253446604
180 86.264892578 -0.000015259 -0.000001907 -1.598375944 -0.101189086 -1.661743165
181 2.875000000 0.000007629 -0.000030518 0.016928884 0.730686511 0.216932093
182 8.134384155 0.000000000 -0.000045776 -0.091792979 0.030742701 0.961305555
183 8.134407043 0.000000000 -0.000015259 -0.026118488 0.274104016 1.012476133
184 8.134418488 0.000000000 -0.000030518 -0.146774656 0.141004974 0.490161546
185 8.134395599 0.000007629 0.000000000 -0.394526240 0.121415258 0.071328307
186 8.134393692 0.000000000 0.000030518 -0.377569653 0.116662113 -0.002860615
187 8.134375572 0.000015259 -0.000030518 -0.355541820 0.081635476 0.035885544
188 8.134401321 0.000000000 -0.000007629 -0.322880314 0.032927204 0.056047490
189 8.132812500 0.000015259 -0.000003815 -0.303847172 0.272768241 -0.239022171
190 25.357383728 -1.346624374 -0.631866455 -2.113449413 0.366751231 1.163099088
191 10.586959839 0.000000000 -0.000030518 0.661712699 -0.074606918 -0.247916717
192 19.962806702 -1.182567596 -0.493774414 -2.827724317 1.210077460 0.137379431
193 26.542930603 -0.000061035 5.258399963 -0.004780494 -0.601945152 -3.134053329
194 5.210937500 -0.000001907 0.000015259 -0.009874641 0.226883050 -0.056906775
195 11.580818176 -0.000003815 0.000000000 0.000000000 0.373150501 0.000000000
196 30.590766907 -0.110170364 0.305751801 -0.655890712 -0.308312949 0.265027068
197 7.470642090 0.014274597 0.148304462 0.577418860 0.549644621 -0.103247509
198 9.857986450 6.173837662 -12.156152725 2.343721255 0.103353816 3.040407058
199 9.858200073 -6.068101883 -12.208473206 -2.352349825 0.104146931 -3.041265021
200 20.049377441 0.061208725 -14.093132019 3.134587295 0.926499159 3.136067236
201 5.580169678 -0.000003815 0.000015259 0.066572576 0.580658070 0.110691152
202 6.841293335 0.000000000 -0.000015259 -0.026378981 -0.309520260 0.169254389
203 6.916397095 0.000007629 0.000000000 -0.284057675 0.169796178 -0.000010178
204 24.600051880 -1.878301620 -11.667308807 -2.002800253 -0.732025296 -0.963281651
205 24.600051880 -1.878301620 -11.667308807 -1.536345236 -0.230748013 -1.702389711
206 24.600051880 -1.878301620 -11.667308807 -1.665549243 0.097947933 -2.370679697
207 24.599975586 1.980123520 -11.650838852 2.009399481 -0.739004495 0.958897021
208 24.599975586 1.980123520 -11.650838852 1.535182712 -0.239155086 1.702686470
209 24.599975586 1.980123520 -11.650838852 1.659403831 0.091981346 2.370144970
210 7.570632935 3.876308441 6.930503845 -2.049238070 1.047095500 -0.535595520
211 7.418075562 -3.974512100 7.604160309 1.014907748 -1.024031318 -2.618339091
212 -86.807075500 0.000003206 0.000005000 0.000000000 0.000000000 0.000244115
213 0.000000000 -0.000000000 0.000000000 0.000000000 0.000000000 0.000244115
214 0.000000000 -0.000000000 0.000000000 0.000000000 0.000000000 0.000244115
215 0.000000000 -0.000000000 0.000000000 0.000000000 0.000000000 0.000244115
216 0.000000000 -0.000000000 0.000000000 0.000000000 0.000000000 0.000244115
217 0.000000000 -0.000000000 0.000000000 0.000000000 0.000000000 0.000244115
218 0.000000000 -0.000000000 0.000000000 0.000000000 0.000000000 0.000244115
219 0.000000000 -0.000000000 0.000000000 0.000000000 0.000000000 0.000244115
220 0.000000000 -0.000000000 0.000000000 0.000000000 0.000000000 0.000244115
221 0.000000000 -0.000000000 0.000000000 0.000000000 0.000000000 0.000244115
222 0.000000000 -0.000000000 0.000000000 0.000000000 0.000000000 0.000244115
223 0.000000000 -0.000000000 0.000000000 0.000000000 0.000000000 0.000244115
time 18
0 0.000000166 -3.792597055 0.339098006 0.218065922 -1.525813203 -1.933495043
1 88.476776123 -0.000062061 -0.000010272 3.003554736 -0.003053205 3.137477572
2 -43.495697021 -0.000050783 4.662868023 0.742273296 0.016773580 3.100877096
3 9.507705688 0.000008076 -0.000020981 -0.826642777 0.280508452 -0.002094087
4 23.267890930 2.189104080 -3.705398560 1.549082325 0.532159147 1.528271824
5 11.648437500 0.000019073 0.000015259 -0.671231694 -0.134818736 0.779475521
6 29.776130676 -0.000032425 -0.000122070 0.754499001 0.049100292 0.500405846
7 25.612236023 0.000019073 0.000091553 1.146184422 0.476440836 -0.422642008
8 8.674331665 -1.907150269 -2.936546326 -0.551336544 -0.109697996 1.608018152
9 0.000000000 -0.000000000 0.000000000 0.000000000 0.000000000 0.000244115
10 -43.495697021 -0.000050783 4.662868023 0.237341569 0.081950332 0.004034400
11 21.580322266 10.273416519 -4.495086193 -0.220101817 -0.042329613 0.039858645
12 45.674186707 0.000022888 0.000018120 2.917125003 0.498902429 -0.115659091
13 55.039104462 -0.000032425 -0.000024796 2.748283449 1.102239283 -0.247287364
14 21.580268860 -10.273574829 -4.495070934 -0.106651094 -0.539157293 0.082584158
15 45.674209595 0.000012636 -0.000041962 2.899372438 0.631913351 -0.071944180
16 55.039146423 -0.000030041 -0.000012398 2.830289023 0.719851192 -0.165966244
17 0.161682129 -1.532184362 -10.638454437 3.071139983 0.617721933 -0.105279135
18 14.463745117 -0.000010490 0.000007629 -0.094605176 -0.072849356 0.055684262
19 20.708938599 -0.000022888 -0.000045776 0.025899626 0.031841305 0.346176873
20 20.709026337 -0.000004768 -0.000015259 0.036805420 0.133212923 0.268781384
21 20.709554672 -0.000007629 0.000000000 0.002414470 -0.130721646 0.055642678
22 0.118835449 -3.636024952 -10.382871628 2.504433127 0.541674467 -0.415565794
23 14.125000000 -0.000022411 -0.000022888 -0.074484407 -0.065783857 0.005908887
24 20.265335083 -0.000008583 -0.000022888 0.030539017 -0.037142050 0.387816554
25 20.265331268 -0.000009298 -0.000015259 0.047970279 0.089076963 0.301428133
26 20.265625000 -0.000025749 -0.000030518 0.049517032 -0.073622616 0.056332566
27 0.430786133 -8.824711800 -7.827316761 2.335442923 0.494684882 -0.509664809
28 12.544487000 0.000007629 -0.000015259 -0.292596021 -0.016761786 0.139475114
29 19.343734741 -0.000009537 -0.000022888 0.030262027 -0.082266789 0.407940849
30 19.343750000 0.000000477 -0.000038147 0.049099062 0.031915539 0.317994067
31 19.343750000 -0.000011444 -0.000015259 0.027557775 -0.054322663 0.102666412
32 -0.019668579 -12.396470070 -3.323644400 2.052503346 0.269369238 -0.538431734
33 11.042068481 0.000009537 -0.000015259 -0.339437904 -0.046836839 0.138905402
34 19.073440552 -0.000001907 -0.000038147 0.019814021 -0.143587249 0.390438433
35 19.073348999 0.000000000 -0.000038147 0.041095379 -0.012289562 0.330891494
36 19.073877335 0.000003338 -0.000045776 -0.082428926 -0.069930345 0.203422479
37 0.143402100 -12.177965164 2.328495502 1.561736618 -0.032371348 -0.515444024
38 10.827301025 0.000015259 -0.000030518 -0.167540315 -0.072981217 0.015145211
39 18.731544495 0.000005722 -0.000007629 0.007736604 -0.135396354 0.371030514
40 18.731605530 0.000007629 -0.000030518 0.021907219 -0.035865090 0.343359534
41 18.732204437 0.000014305 -0.000030518 -0.220469598 -0.138781487 0.302770239
42 0.706604004 -9.159463882 6.887689114 1.052497887 -0.132261083 -0.221081769
43 10.843421936 0.000003815 -0.000026703 -0.049011890 -0.204147964 0.039567079
44 18.864501953 0.000017166 -0.000022888 -0.005036286 -0.145830914 0.275327542
45 18.864482880 0.000011444 0.000007629 0.004434313 -0.024997016 0.270879333
46 18.864948273 0.000018120 -0.000030518 -0.330479888 -0.228835777 0.353859205
47 0.843017578 -2.753788710 9.486446381 0.798415028 -0.071531201 -0.066463109
48 10.832740784 0.000012398 0.000003815 -0.319903049 -0.226721665 0.141918227
49 19.399497986 0.000001907 -0.000030518 -0.013022776 -0.154463827 0.170120270
50 19.399696350 0.000017643 -0.000015259 -0.015795128 -0.027501645 0.237135877
51 19.400085449 0.000020027 0.000000000 -0.236335503 -0.397154616 0.264922491
52 0.161651611 1.532161474 -10.638372421 -2.885675215 0.616361525 0.080132295
53 14.463714600 -0.000010490 -0.000015259 0.133172730 -0.081719807 -0.046581093
54 20.708969116 -0.000022888 -0.000007629 0.012066231 0.100160242 0.280677392
55 20.709014893 -0.000004768 -0.000007629 0.016203593 0.167861079 0.229942793
56 20.709592819 0.000015259 -0.000045776 -0.146078854 -0.128351713 0.121859226
57 0.118759155 3.636007071 -10.383041382 -2.189942795 0.463978898 0.446974264
58 14.125000000 -0.000013828 -0.000022888 0.131610907 -0.072964431 0.020033213
59 20.265319824 -0.000000477 -0.000007629 -0.013223195 0.133320946 0.182691170
60 20.265342712 0.000005722 -0.000015259 -0.007409776 0.175343584 0.214308053
61 20.265625000 -0.000003815 -0.000015259 -0.182738422 -0.083614276 0.128499849
62 0.430786133 8.824709892 -7.827404499 -2.038827734 0.399898943 0.528084151
63 12.544555664 0.000013828 0.000000000 0.377241433 0.081238250 -0.160160747
64 19.343750000 -0.000008106 -0.000007629 -0.033950109 0.091010570 0.134841715
65 19.343750000 0.000015259 -0.000022888 -0.030481514 0.084086619 0.288227594
66 19.343750000 0.000003815 -0.000053406 -0.156038560 -0.078605842 0.095770983
67 -0.019577026 12.396468163 -3.323732376 -1.760661625 0.189698149 0.508148262
68 11.042076111 -0.000007629 0.000000000 0.411025136 0.008476452 -0.184990093
69 19.073402405 0.000000954 -0.000045776 -0.046523926 0.041697033 0.111960766
70 19.073383331 0.000007629 -0.000022888 -0.046196784 0.064262392 0.305869328
71 19.073938370 0.000011444 -0.000038147 -0.042936508 -0.109672517 0.013597913
72 0.143447876 12.177960396 2.328406334 -1.386054526 -0.024680602 0.459353285
73 10.827331543 -0.000015259 0.000007629 0.236830116 -0.108920678 0.022199996
74 18.731575012 0.000006676 -0.000007629 -0.048380665 0.020925402 0.065042592
75 18.731582642 -0.000001907 -0.000068665 -0.053635999 0.053269385 0.219804857
76 18.732156754 0.000026703 0.000030518 0.088582616 -0.208206636 -0.062258624
77 0.706573486 9.159471512 6.887772083 -0.870211221 -0.111607815 0.204263658
78 10.843391418 0.000002861 0.000007629 0.111475825 -0.192158865 0.083165066
79 18.864524841 -0.000005722 -0.000038147 -0.042871045 -0.062556073 0.055766934
80 18.864490509 0.000011444 0.000000000 -0.055615272 -0.011747515 0.204210482
81 18.865070343 0.000007629 -0.000030518 0.177403622 -0.308547536 -0.095281113
82 0.842941284 2.753787041 9.486444473 -0.607102205 -0.041835866 0.078255939
83 10.832794189 -0.000000477 0.000022888 0.364496683 -0.272799652 -0.047301573
84 19.399604797 -0.000003338 -0.000045776 -0.031686816 -0.118059351 0.077818867
85 19.399612427 0.000001907 0.000007629 -0.043545547 -0.003816033 0.210703697
86 19.400196075 0.000013351 0.000000000 0.041184627 -0.435395552 0.029265723
87 23.268287659 -2.187744141 -3.705848694 -1.456154893 0.000364046 -1.570479669
88 11.648437500 -0.000026703 0.000015259 -1.191969815 0.174103543 0.718415489
89 19.962633133 1.182586670 -0.494768620 2.827724317 1.210077460 -0.137379431
90 25.357299805 1.346649170 -0.632635593 -2.474331196 0.117264481 0.989623445
91 10.585937500 0.000000000 -0.000007629 -0.623342345 0.227380332 0.017522868
92 29.775829315 0.000030518 -0.000046253 0.509916794 0.827154160 -1.160381106
93 22.736793518 -0.004581451 -0.007385254 -0.567665312 -0.170646603 -2.892178389
94 0.073730469 -0.706542969 -0.275878906 -2.707116248 0.797139919 -0.724281907
95 13.120185852 -0.000007629 -0.000015259 -1.111563726 0.385726242 -0.516169208
96 12.350067139 0.000000000 -0.000007629 -0.883354427 0.223957992 -0.205103304
97 15.541221619 -0.000030518 0.000007629 -0.494947491 0.311578516 -0.382144622
98 14.906250000 -0.000001907 0.000000000 -0.578048771 0.662891699 -0.364804490
99 14.182815552 -0.000007629 0.000000000 -0.283391925 0.554507503 0.011092854
100 6.140625000 -0.523925781 -0.378906250 -1.014925532 0.709286014 -0.574355204
101 11.348457336 -0.000007629 -0.000022888 -2.486588086 -0.411914472 -0.383559183
102 12.005233765 0.000007629 -0.000011444 -0.478951731 0.157606682 -0.205658432
103 15.865589142 -0.000030518 0.000015259 -0.630403598 0.128224199 -0.424573478
104 14.851562500 -0.000015259 -0.000015259 -0.602850768 0.536774710 0.007302092
105 12.538963318 -0.414989471 -0.272308350 -0.641633463 0.631484462 -0.429463028
106 10.619369507 -0.000015259 0.000015259 -3.105918126 -0.408827353 -0.231008850
107 12.043014526 -0.000015259 0.000009537 -0.181883239 0.229263173 -0.146273730
108 15.310379028 -0.000022888 -0.000007629 -0.423819927 0.505620182 -0.014948587
109 19.857894897 -0.000003815 -0.000015259 -0.560467149 0.615182615 -0.291461199
110 10.617187500 -0.000015259 0.000015259 -0.251753669 -0.463367468 -0.229119621
111 11.091690063 -0.000015259 -0.000038147 -2.976642383 -0.397832449 -0.274193164
112 25.612243652 -0.000019073 -0.000137329 -0.964860271 -0.260129499 0.118751330
113 0.732421875 0.378173828 -0.043365479 -0.298448110 -0.042506783 0.541930270
114 9.421432495 0.000015259 -0.000019073 0.360626545 0.925566292 -0.183090914
115 3.208984375 0.000007629 0.000000000 -0.000856051 0.860846357 0.001031658
116 2.421092987 -0.000007629 0.000015259 -0.043036401 0.622439442 -0.041870124
117 0.783203125 0.134643555 -0.023925781 -0.156336213 -0.123510422 0.279151765
118 9.940948486 -0.000015259 0.000005722 0.156940826 0.930343403 -0.089257890
119 3.403709412 -0.000007629 -0.000015259 -0.006048037 0.656683852 -0.005707954
120 2.546609879 0.000007629 0.000000000 -0.038110356 0.644835858 -0.012733087
121 0.805175781 -0.000007629 -0.000011444 -0.007963538 -0.147251916 0.014089588
122 9.898437500 -0.000022888 0.000041962 -0.013519539 0.842282569 -0.001043158
123 3.537033081 -0.000015259 0.000000000 0.014337229 0.546778080 0.002854942
124 2.507812500 -0.000007629 0.000000000 0.001189873 0.577239660 0.007646629
125 0.821777344 -0.246826172 -0.028762817 0.155124828 -0.087466036 -0.272238366
126 9.687484741 -0.000015259 0.000007629 -0.211718941 0.781722057 0.168207529
127 3.679679871 -0.000007629 0.000015259 -0.002077321 0.581831668 -0.002424027
128 2.700599670 -0.000015259 -0.000030518 0.024996218 0.626238431 0.030959007
129 0.519042969 -0.395996094 -0.161987305 0.477878787 0.316754060 -0.763355711
130 6.753906250 -0.000007629 -0.000053406 -0.574483850 0.626140537 0.006934877
131 4.462646484 -0.000028610 -0.000015259 -0.077791836 0.010175756 0.138879881
132 22.736747742 0.004577637 -0.007293701 0.566394809 -0.205502969 -2.548687407
133 0.073730469 0.706542969 -0.276367188 -1.713221973 1.124917574 2.878800767
134 13.119331360 0.000015259 0.000015259 1.325329378 -0.835848256 -0.805302976
135 12.350997925 0.000003815 -0.000015259 0.304272988 -0.753757351 0.342071575
136 15.540870667 0.000001907 0.000000000 -0.287101646 -0.291713465 0.324529611
137 14.906250000 0.000003815 0.000015259 -0.261402325 -0.049494392 0.151981329
138 14.182882309 0.000007629 0.000000000 -0.034633445 0.204631574 -0.019524633
139 6.140625000 0.523925781 -0.378662109 -2.847381947 1.065143979 -2.970701695
140 11.348968506 -0.000007629 0.000011444 2.007308093 0.560545056 -1.047284764
141 12.004653931 -0.000022888 -0.000015259 -0.111078140 -0.707592249 0.122165756
142 15.865951538 0.000015259 0.000000000 -0.143852990 -0.281642994 0.060372093
143 14.851562500 0.000000000 0.000007629 0.234172259 0.204895108 -0.084899648
144 12.539047241 0.414970398 -0.272766113 -2.652538017 1.013262403 -2.562484528
145 10.619094849 0.000007629 -0.000015259 2.414130476 0.721742359 -1.056548466
146 12.043624878 -0.000015259 -0.000007629 -0.502162803 -0.472411185 0.319220166
147 15.309890747 -0.000015259 0.000007629 0.001172217 0.185224781 -0.070470009
148 19.857978821 0.000007629 0.000045776 -2.450184841 0.854499827 -2.419488423
149 10.617187500 -0.000003815 -0.000007629 -0.186665395 0.510293995 -0.740844359
150 11.091804504 0.000005245 0.000000000 2.194826574 0.034401795 -0.342421069
151 0.732421875 -0.378417969 -0.043029785 0.298829922 -0.043211786 -0.541974052
152 9.421354294 -0.000015259 0.000003815 -0.470241755 1.108872100 0.050969701
153 3.208984375 0.000015259 0.000015259 0.000857873 1.057455893 -0.001098300
154 2.421081543 -0.000015259 -0.000017166 0.043174526 0.819359608 0.045011662
155 0.783203125 -0.134643555 -0.023727417 0.156625597 -0.124254089 -0.279237635
156 9.941059113 -0.000015259 -0.000038147 -0.258870176 1.208138449 -0.026394740
157 3.403720856 0.000000000 0.000038147 -0.009093961 0.939657871 -0.001132441
158 2.546592712 -0.000015259 -0.000030518 0.050622334 0.928087349 0.026112669
159 0.805175781 0.000000000 0.000000000 0.007970885 -0.148203970 -0.014094421
160 9.898437500 0.000015259 0.000022888 0.008520768 1.208195160 -0.016983373
161 3.537109375 0.000015259 0.000000000 -0.000193491 0.912542382 0.000193491
162 2.507812500 -0.000015259 0.000011444 0.000320821 0.943623568 -0.000320821
163 0.821777344 0.246826172 -0.027450562 -0.162175338 -0.091279520 0.254426218
164 9.687316895 0.000022888 -0.000053406 0.342851519 1.121789534 -0.008737843
165 3.679668427 -0.000015259 0.000030518 -0.002974323 0.934332562 -0.000146806
166 2.700630188 -0.000015259 -0.000019073 -0.032371169 0.978263485 -0.042071145
167 0.519531250 0.395996094 -0.161743164 -0.478495596 0.316187846 0.763124936
168 6.753906250 0.000005722 -0.000015259 0.300769486 0.115172368 -0.360966190
169 4.462753296 0.000007629 0.000030518 0.078557963 0.005930337 -0.087042230
170 86.264892578 -0.000015259 -0.000001907 1.924227993 -0.489173315 1.067572053
171 2.875000000 0.000015259 0.000015259 0.215241775 0.797411727 0.226115559
172 8.134399414 -0.000015259 -0.000015259 3.127946081 1.129440041 -3.059059639
173 8.134380341 0.000000000 0.000001907 0.130950903 0.730757506 -0.568803866
174 8.134401321 0.000000000 0.000017166 0.256153868 0.016571472 -0.512582137
175 8.134383202 -0.000030518 0.000011444 0.107217794 -0.234123070 -0.289755338
176 8.134395599 0.000000000 -0.000015259 0.016441021 -0.231714908 -0.153703504
177 8.134382248 0.000000000 0.000000000 -0.053435088 -0.162207767 -0.083789049
178 8.134397507 -0.000015259 -0.000007629 -0.102732505 -0.110662060 -0.046075280
179 8.132812500 -0.000015259 -0.000007629 -0.115094361 0.280315671 0.263711076
180 86.264892578 -0.000015259 -0.000001907 -1.596224950 -0.129493904 -1.672580303
181 2.875000000 0.000007629 -0.000030518 0.003784010 0.701035582 0.193854162
182 8.134384155 0.000000000 -0.000045776 -0.123650923 -0.343184936 0.112675236
183 8.134407043 0.000000000 -0.000015259 -0.172489253 -0.105275404 0.652165382
184 8.134418488 0.000000000 -0.000030518 -0.234177368 -0.178162578 1.137535828
185 8.134395599 0.000007629 0.000000000 -0.390536157 -0.101100328 0.581764659
186 8.134393692 0.000000000 0.000030518 -0.356216515 0.007358856 0.148087702
187 8.134375572 0.000015259 -0.000030518 -0.332464113 0.085073018 0.060195473
188 8.134401321 0.000000000 -0.000007629 -0.297239085 0.048135110 0.064832721
189 8.132812500 0.000015259 -0.000003815 -0.307371540 0.276237729 -0.244239193
190 25.357383728 -1.346624374 -0.631866455 -2.252587067 0.617774724 0.961142549
191 10.586959839 0.000000000 -0.000030518 0.657166990 -0.037929215 -0.219984974
192 19.962806702 -1.182567596 -0.493774414 -2.827724317 1.210077460 0.137379431
193 26.542930603 -0.000061035 5.258399963 -0.006640888 -0.611702867 -3.131168042
194 5.210937500 -0.000001907 0.000015259 -0.011786363 0.231763274 -0.066124592
195 11.580818176 -0.000003815 0.000000000 0.000000000 0.373150501 0.000000000
196 30.590766907 -0.110170364 0.305751801 -0.611732848 -0.318361557 0.250682717
197 7.470642090 0.014274597 0.148304462 0.553344735 0.543010471 -0.099491070
198 9.857986450 6.173837662 -12.156152725 2.343721255 0.103353816 3.040407058
199 9.858200073 -6.068101883 -12.208473206 -2.352349825 0.104146931 -3.041265021
200 20.049377441 0.061208725 -14.093132019 3.134587295 0.926499159 3.136067236
201 5.580169678 -0.000003815 0.000015259 0.080721315 0.591242904 0.131287420
202 6.841293335 0.000000000 -0.000015259 -0.034917668 -0.349459092 0.205580495
203 6.916397095 0.000007629 0.000000000 -0.284057675 0.169796178 -0.000010178
204 24.600051880 -1.878301620 -11.667308807 -2.002800253 -0.732025296 -0.963281651
205 24.600051880 -1.878301620 -11.667308807 -1.536345236 -0.230748013 -1.702389711
206 24.600051880 -1.878301620 -11.667308807 -1.665549243 0.097947933 -2.370679697
207 24.599975586 1.980123520 -11.650838852 2.009399481 -0.739004495 0.958897021
208 24.599975586 1.980123520 -11.650838852 1.535182712 -0.239155086 1.702686470
209 24.599975586 1.980123520 -11.650838852 1.659403831 0.091981346 2.370144970
210 7.570632935 3.876308441 6.930503845 -2.049238070 1.047095500 -0.535595520
211 7.418075562 -3.974512100 7.604160309 1.014907748 -1.024031318 -2.618339091
212 -86.807075500 0.000003206 0.000005000 0.000000000 0.000000000 0.000244115
213 0.000000000 -0.000000000 0.000000000 0.000000000 0.000000000 0.000244115
214 0.000000000 -0.000000000 0.000000000 0.000000000 0.000000000 0.000244115
215 0.000000000 -0.000000000 0.000000000 0.000000000 0.000000000 0.000244115
216 0.000000000 -0.000000000 0.000000000 0.000000000 0.000000000 0.000244115
217 0.000000000 -0.000000000 0.000000000 0.000000000 0.000000000 0.000244115
218 0.000000000 -0.000000000 0.000000000 0.000000000 0.000000000 0.000244115
219 0.000000000 -0.000000000 0.000000000 0.000000000 0.000000000 0.000244115
220 0.000000000 -0.000000000 0.000000000 0.000000000 0.000000000 0.000244115
221 0.000000000 -0.000000000 0.000000000 0.000000000 0.000000000 0.000244115
222 0.000000000 -0.000000000 0.000000000 0.000000000 0.000000000 0.000244115
223 0.000000000 -0.000000000 0.000000000 0.000000000 0.000000000 0.000244115
time 19
0 0.000000147 -3.363879919 0.295819998 0.151389212 -1.534226775 -1.884255147
1 88.476776123 -0.000062061 -0.000010272 3.003554736 -0.003053205 3.137477572
2 -43.495697021 -0.000050783 4.662868023 0.658315169 0.019241332 3.105563679
3 9.507705688 0.000008076 -0.000020981 -0.780264620 0.286415143 -0.010242068
4 23.267890930 2.189104080 -3.705398560 1.542986384 0.496815977 1.531123787
5 11.648437500 0.000019073 0.000015259 -0.600139758 -0.151811991 0.924884520
6 29.776130676 -0.000032425 -0.000122070 0.791266045 0.015102215 0.589852955
7 25.612236023 0.000019073 0.000091553 1.110152860 0.429737031 -0.414645036
8 8.674331665 -1.907150269 -2.936546326 -0.551336544 -0.109697996 1.608018152
9 0.000000000 -0.000000000 0.000000000 0.000000000 0.000000000 0.000244115
10 -43.495697021 -0.000050783 4.662868023 0.218420743 0.075412803 0.003754086
11 21.580322266 10.273416519 -4.495086193 -0.198756342 -0.042778675 0.040014795
12 45.674186707 0.000022888 0.000018120 2.941528846 0.499250916 -0.103704678
13 55.039104462 -0.000032425 -0.000024796 2.790275330 1.106046616 -0.219885062
14 21.580268860 -10.273574829 -4.495070934 -0.094400651 -0.536286562 0.074527622
15 45.674209595 0.000012636 -0.000041962 2.923297024 0.617530088 -0.064413057
16 55.039146423 -0.000030041 -0.000012398 2.858499531 0.720970978 -0.151156326
17 0.161682129 -1.532184362 -10.638454437 3.049943662 0.608720476 -0.114231756
18 14.463745117 -0.000010490 0.000007629 -0.099727310 -0.032610191 0.069146606
19 20.708938599 -0.000022888 -0.000045776 0.014782934 -0.051129909 0.268714231
20 20.709026337 -0.000004768 -0.000015259 0.038700310 0.115382756 0.320076472
21 20.709554672 -0.000007629 0.000000000 -0.003452191 -0.129001275 0.058789640
22 0.118835449 -3.636024952 -10.382871628 2.488227802 0.527987089 -0.420416236
23 14.125000000 -0.000022411 -0.000022888 -0.074932536 -0.034159080 0.033678184
24 20.265335083 -0.000008583 -0.000022888 0.025237754 -0.098637403 0.290010210
25 20.265331268 -0.000009298 -0.000015259 0.047350870 0.066388689 0.347641572
26 20.265625000 -0.000025749 -0.000030518 0.044122553 -0.070860470 0.059524425
27 0.430786133 -8.824711800 -7.827316761 2.321046882 0.479727767 -0.512963028
28 12.544487000 0.000007629 -0.000015259 -0.285571718 0.009108843 0.171309117
29 19.343734741 -0.000009537 -0.000022888 0.032231087 -0.115410898 0.298020515
30 19.343750000 0.000000477 -0.000038147 0.047337633 0.013362497 0.358302833
31 19.343750000 -0.000011444 -0.000015259 0.022724024 -0.050745426 0.106202734
32 -0.019668579 -12.396470070 -3.323644400 2.039299386 0.254396543 -0.538427148
33 11.042068481 0.000009537 -0.000015259 -0.333925771 -0.031775994 0.177066689
34 19.073440552 -0.000001907 -0.000038147 0.029698556 -0.145949807 0.275702918
35 19.073348999 0.000000000 -0.000038147 0.036948703 -0.037748767 0.358183149
36 19.073877335 0.000003338 -0.000045776 -0.086435165 -0.066066416 0.207396286
37 0.143402100 -12.177965164 2.328495502 1.548076538 -0.046838853 -0.512195422
38 10.827301025 0.000015259 -0.000030518 -0.167935312 -0.076709893 0.056655498
39 18.731544495 0.000005722 -0.000007629 0.019483850 -0.124288212 0.252966976
40 18.731605530 0.000007629 -0.000030518 0.018222249 -0.052719715 0.360170163
41 18.732204437 0.000014305 -0.000030518 -0.223773838 -0.134596153 0.307117190
42 0.706604004 -9.159463882 6.887689114 1.034993444 -0.142049830 -0.215267703
43 10.843421936 0.000003815 -0.000026703 -0.064727755 -0.213808055 0.050380600
44 18.864501953 0.000017166 -0.000022888 0.000862773 -0.143253780 0.210355356
45 18.864482880 0.000011444 0.000007629 0.000734920 -0.046362724 0.271056229
46 18.864948273 0.000018120 -0.000030518 -0.333731417 -0.224743829 0.358553896
47 0.843017578 -2.753788710 9.486446381 0.779801935 -0.078662993 -0.061755577
48 10.832740784 0.000012398 0.000003815 -0.339149646 -0.236201928 0.150363003
49 19.399497986 0.000001907 -0.000030518 -0.008828500 -0.150335516 0.120538461
50 19.399696350 0.000017643 -0.000015259 -0.018326145 -0.044673989 0.224329797
51 19.400085449 0.000020027 0.000000000 -0.240434557 -0.394273512 0.270736619
52 0.161651611 1.532161474 -10.638372421 -2.908621579 0.610700091 0.069910417
53 14.463714600 -0.000010490 -0.000015259 0.117946471 -0.041829915 -0.041564197
54 20.708969116 -0.000022888 -0.000007629 -0.001864997 0.003429032 0.228803820
55 20.709014893 -0.000004768 -0.000007629 0.019851342 0.158832610 0.285959008
56 20.709592819 0.000015259 -0.000045776 -0.152017576 -0.127204343 0.124695564
57 0.118759155 3.636007071 -10.383041382 -2.212154946 0.465793365 0.439476558
58 14.125000000 -0.000013828 -0.000022888 0.105383081 -0.041746496 0.008086205
59 20.265319824 -0.000000477 -0.000007629 -0.023377526 0.046215462 0.153479876
60 20.265342712 0.000005722 -0.000015259 -0.004634305 0.173667028 0.263497740
61 20.265625000 -0.000003815 -0.000015259 -0.188421902 -0.083152375 0.131682615
62 0.430786133 8.824709892 -7.827404499 -2.060125073 0.403523529 0.522121691
63 12.544555664 0.000013828 0.000000000 0.357988928 0.079339911 -0.156147058
64 19.343750000 -0.000008106 -0.000007629 -0.041131241 0.061688582 0.067240369
65 19.343750000 0.000015259 -0.000022888 -0.033398990 0.082779240 0.319159084
66 19.343750000 0.000003815 -0.000053406 -0.161392871 -0.078421991 0.099456948
67 -0.019577026 12.396468163 -3.323732376 -1.780657569 0.193338561 0.507043423
68 11.042076111 -0.000007629 0.000000000 0.392033118 0.003608203 -0.180993751
69 19.073402405 0.000000954 -0.000045776 -0.050714933 0.021915611 0.036663002
70 19.073383331 0.000007629 -0.000022888 -0.050762713 0.058194999 0.324759948
71 19.073938370 0.000011444 -0.000038147 -0.047855665 -0.109798624 0.018108971
72 0.143447876 12.177960396 2.328406334 -1.405665017 -0.021646521 0.462267810
73 10.827331543 -0.000015259 0.000007629 0.208390857 -0.111215584 -0.001820111
74 18.731575012 0.000006676 -0.000007629 -0.051577381 0.002776890 0.040686287
75 18.731582642 -0.000001907 -0.000068665 -0.057416064 0.050980341 0.233077382
76 18.732156754 0.000026703 0.000030518 0.084036356 -0.208885703 -0.056855425
77 0.706573486 9.159471512 6.887772083 -0.890042664 -0.113367573 0.209383786
78 10.843391418 0.000002861 0.000007629 0.084733745 -0.211743689 0.061811958
79 18.864524841 -0.000005722 -0.000038147 -0.044128398 -0.047992292 0.032323825
80 18.864490509 0.000011444 0.000000000 -0.059364554 -0.018005148 0.202698032
81 18.865070343 0.000007629 -0.000030518 0.172796476 -0.308820743 -0.089396003
82 0.842941284 2.753787041 9.486444473 -0.626489367 -0.046273475 0.082251887
83 10.832794189 -0.000000477 0.000022888 0.346345869 -0.278455182 -0.050873752
84 19.399604797 -0.000003338 -0.000045776 -0.029534064 -0.124146077 0.035396502
85 19.399612427 0.000001907 0.000007629 -0.046072398 -0.014726428 0.200034636
86 19.400196075 0.000013351 0.000000000 0.036190847 -0.434552302 0.035510223
87 23.268287659 -2.187744141 -3.705848694 -1.456154893 0.000364046 -1.570479669
88 11.648437500 -0.000026703 0.000015259 -1.191969815 0.174103543 0.718415489
89 19.962633133 1.182586670 -0.494768620 2.827724317 1.210077460 -0.137379431
90 25.357299805 1.346649170 -0.632635593 -2.430194412 0.253211611 1.010770029
91 10.585937500 0.000000000 -0.000007629 -0.623342345 0.227380332 0.017522868
92 29.775829315 0.000030518 -0.000046253 0.509916794 0.827154160 -1.160381106
93 22.736793518 -0.004581451 -0.007385254 -0.567665312 -0.170646603 -2.892178389
94 0.073730469 -0.706542969 -0.275878906 -2.676361511 0.792196413 -0.690200339
95 13.120185852 -0.000007629 -0.000015259 -1.147543177 0.467430445 -0.604983458
96 12.350067139 0.000000000 -0.000007629 -0.879014505 0.256022471 -0.197319719
97 15.541221619 -0.000030518 0.000007629 -0.504889853 0.290305286 -0.420536586
98 14.906250000 -0.000001907 0.000000000 -0.602438656 0.598366622 -0.429564798
99 14.182815552 -0.000007629 0.000000000 -0.283364113 0.553277612 0.011999532
100 6.140625000 -0.523925781 -0.378906250 -0.964393792 0.689469503 -0.517463134
101 11.348457336 -0.000007629 -0.000022888 -2.445763624 -0.463129677 -0.477957704
102 12.005233765 0.000007629 -0.000011444 -0.475058964 0.178366090 -0.201596848
103 15.865589142 -0.000030518 0.000015259 -0.631026920 0.089131277 -0.455281929
104 14.851562500 -0.000015259 -0.000015259 -0.602915175 0.535444858 0.008728147
105 12.538963318 -0.414989471 -0.272308350 -0.582052800 0.600531212 -0.359216493
106 10.619369507 -0.000015259 0.000015259 -3.077850343 -0.472137470 -0.297213082
107 12.043014526 -0.000015259 0.000009537 -0.176801564 0.254911690 -0.137304634
108 15.310379028 -0.000022888 -0.000007629 -0.424108624 0.504110555 -0.013966691
109 19.857894897 -0.000003815 -0.000015259 -0.495227552 0.585618090 -0.214172915
110 10.617187500 -0.000015259 0.000015259 -0.222471832 -0.538979351 -0.288922751
111 11.091690063 -0.000015259 -0.000038147 -2.978884408 -0.396796369 -0.273603979
112 25.612243652 -0.000019073 -0.000137329 -0.964860271 -0.260129499 0.118751330
113 0.732421875 0.378173828 -0.043365479 -0.298448110 -0.042506783 0.541930270
114 9.421432495 0.000015259 -0.000019073 0.360626545 0.925566292 -0.183090914
115 3.208984375 0.000007629 0.000000000 -0.000856051 0.860846357 0.001031658
116 2.421092987 -0.000007629 0.000015259 -0.043040126 0.622529976 -0.041873882
117 0.783203125 0.134643555 -0.023925781 -0.156336213 -0.123510422 0.279151765
118 9.940948486 -0.000015259 0.000005722 0.156940826 0.930343403 -0.089257890
119 3.403709412 -0.000007629 -0.000015259 -0.006048037 0.656683852 -0.005707954
120 2.546609879 0.000007629 0.000000000 -0.038110356 0.644835858 -0.012733087
121 0.805175781 -0.000007629 -0.000011444 -0.007963538 -0.147251916 0.014089588
122 9.898437500 -0.000022888 0.000041962 -0.013519539 0.842282569 -0.001043158
123 3.537033081 -0.000015259 0.000000000 0.014337229 0.546778080 0.002854942
124 2.507812500 -0.000007629 0.000000000 0.001189873 0.577239660 0.007646629
125 0.821777344 -0.246826172 -0.028762817 0.155124828 -0.087466036 -0.272238366
126 9.687484741 -0.000015259 0.000007629 -0.211718941 0.781722057 0.168207529
127 3.679679871 -0.000007629 0.000015259 -0.002077321 0.581831668 -0.002424027
128 2.700599670 -0.000015259 -0.000030518 0.024996218 0.626238431 0.030959007
129 0.519042969 -0.395996094 -0.161987305 0.477878787 0.316754060 -0.763355711
130 6.753906250 -0.000007629 -0.000053406 -0.574483850 0.626140537 0.006934877
131 4.462646484 -0.000028610 -0.000015259 -0.077791836 0.010175756 0.138879881
132 22.736747742 0.004577637 -0.007293701 0.571727094 -0.225707110 -2.557716878
133 0.073730469 0.706542969 -0.276367188 -3.013961162 1.222139885 1.528703860
134 13.119331360 0.000015259 0.000015259 1.067570764 -0.585995847 -0.553964700
135 12.350997925 0.000003815 -0.000015259 0.299592582 -1.092542764 0.288511779
136 15.540870667 0.000001907 0.000000000 -0.373012339 -0.561370057 0.461318641
137 14.906250000 0.000003815 0.000015259 -0.290074773 -0.194827941 0.162470792
138 14.182882309 0.000007629 0.000000000 -0.015575840 0.228384526 -0.023681954
139 6.140625000 0.523925781 -0.378662109 1.775893853 1.371081044 1.648956187
140 11.348968506 -0.000007629 0.000011444 2.047826405 0.645356731 -0.800859292
141 12.004653931 -0.000022888 -0.000015259 0.065665786 -1.065601806 -0.140821773
142 15.865951538 0.000015259 0.000000000 -0.119073781 -0.520956134 -0.058899608
143 14.851562500 0.000000000 0.000007629 0.250341110 0.229646769 -0.086628305
144 12.539047241 0.414970398 -0.272766113 1.256036204 1.538531395 1.353255139
145 10.619094849 0.000007629 -0.000015259 2.393618799 0.868492281 -0.993910124
146 12.043624878 -0.000015259 -0.000007629 -0.554370500 -0.817358174 0.401613827
147 15.309890747 -0.000015259 0.000007629 0.016719576 0.210141542 -0.075332824
148 19.857978821 0.000007629 0.000045776 -2.094157039 1.385666179 -2.050264456
149 10.617187500 -0.000003815 -0.000007629 -0.289942890 0.719159202 -0.714067063
150 11.091804504 0.000005245 0.000000000 2.250586441 0.006392992 -0.260689887
151 0.732421875 -0.378417969 -0.043029785 0.298829922 -0.043211786 -0.541974052
152 9.421354294 -0.000015259 0.000003815 -0.470241755 1.108872100 0.050969701
153 3.208984375 0.000015259 0.000015259 0.000857873 1.057455893 -0.001098300
154 2.421081543 -0.000015259 -0.000017166 0.043174526 0.819359608 0.045011662
155 0.783203125 -0.134643555 -0.023727417 0.156625597 -0.124254089 -0.279237635
156 9.941059113 -0.000015259 -0.000038147 -0.258870176 1.208138449 -0.026394740
157 3.403720856 0.000000000 0.000038147 -0.009093961 0.939657871 -0.001132441
158 2.546592712 -0.000015259 -0.000030518 0.050622334 0.928087349 0.026112669
159 0.805175781 0.000000000 0.000000000 0.007970885 -0.148203970 -0.014094421
160 9.898437500 0.000015259 0.000022888 0.008520768 1.208195160 -0.016983373
161 3.537109375 0.000015259 0.000000000 -0.000193491 0.912542382 0.000193491
162 2.507812500 -0.000015259 0.000011444 0.000320821 0.943623568 -0.000320821
163 0.821777344 0.246826172 -0.027450562 -0.161533936 -0.090963841 0.256197446
164 9.687316895 0.000022888 -0.000053406 0.342851519 1.121789534 -0.008737843
165 3.679668427 -0.000015259 0.000030518 -0.002974323 0.934332562 -0.000146806
166 2.700630188 -0.000015259 -0.000019073 -0.032371169 0.978263485 -0.042071145
167 0.519531250 0.395996094 -0.161743164 -0.478495596 0.316187846 0.763124936
168 6.753906250 0.000005722 -0.000015259 0.300769486 0.115172368 -0.360966190
169 4.462753296 0.000007629 0.000030518 0.078557963 0.005930337 -0.087042230
170 86.264892578 -0.000015259 -0.000001907 2.018660309 -0.648882028 1.006674586
171 2.875000000 0.000015259 0.000015259 0.234391429 0.761075247 0.258695678
172 8.134399414 -0.000015259 -0.000015259 0.690219672 0.748816304 1.489725099
173 8.134380341 0.000000000 0.000001907 0.345883893 0.505071892 0.435976605
174 8.134401321 0.000000000 0.000017166 0.330368673 0.466360262 0.142692791
175 8.134383202 -0.000030518 0.000011444 0.118052058 0.465057270 -0.089807631
176 8.134395599 0.000000000 -0.000015259 0.010738367 0.376440912 -0.229127341
177 8.134382248 0.000000000 0.000000000 -0.040427935 0.259881892 -0.245735192
178 8.134397507 -0.000015259 -0.000007629 -0.071186781 0.157691403 -0.188171300
179 8.132812500 -0.000015259 -0.000007629 -0.118545622 0.287743900 0.273629952
180 86.264892578 -0.000015259 -0.000001907 -1.594010449 -0.160246582 -1.684278458
181 2.875000000 0.000007629 -0.000030518 -0.010537343 0.668826505 0.168803528
182 8.134384155 0.000000000 -0.000045776 -0.069058183 -0.307948998 -0.272793879
183 8.134407043 0.000000000 -0.000015259 -0.128401370 -0.088941182 0.114173230
184 8.134418488 0.000000000 -0.000030518 -0.148811661 -0.176929147 0.350050797
185 8.134395599 0.000007629 0.000000000 -0.485749459 -0.409850474 0.657488861
186 8.134393692 0.000000000 0.000030518 -0.662009338 -0.706677668 0.759908454
187 8.134375572 0.000015259 -0.000030518 -0.399291441 -0.388506479 0.211862077
188 8.134401321 0.000000000 -0.000007629 -0.311064170 -0.077697810 0.084076538
189 8.132812500 0.000015259 -0.000003815 -0.310688865 0.279570513 -0.249241445
190 25.357383728 -1.346624374 -0.631866455 -2.493107825 0.910092094 0.653259624
191 10.586959839 0.000000000 -0.000030518 0.652676634 -0.002293842 -0.192800766
192 19.962806702 -1.182567596 -0.493774414 -2.827724317 1.210077460 0.137379431
193 26.542930603 -0.000061035 5.258399963 -0.008489760 -0.622288249 -3.128163181
194 5.210937500 -0.000001907 0.000015259 -0.013254905 0.233957933 -0.073536845
195 11.580818176 -0.000003815 0.000000000 0.000000000 0.373150501 0.000000000
196 30.590766907 -0.110170364 0.305751801 -0.564807063 -0.328838378 0.235370731
197 7.470642090 0.014274597 0.148304462 0.516323249 0.532634411 -0.093762487
198 9.857986450 6.173837662 -12.156152725 2.343721255 0.103353816 3.040407058
199 9.858200073 -6.068101883 -12.208473206 -2.352349825 0.104146931 -3.041265021
200 20.049377441 0.061208725 -14.093132019 3.134587295 0.926499159 3.136067236
201 5.580169678 -0.000003815 0.000015259 0.097638618 0.600215824 0.156229840
202 6.841293335 0.000000000 -0.000015259 -0.049970667 -0.395686807 0.261122456
203 6.916397095 0.000007629 0.000000000 -0.284057675 0.169796178 -0.000010178
204 24.600051880 -1.878301620 -11.667308807 -2.002800253 -0.732025296 -0.963281651
205 24.600051880 -1.878301620 -11.667308807 -1.536345236 -0.230748013 -1.702389711
206 24.600051880 -1.878301620 -11.667308807 -1.665549243 0.097947933 -2.370679697
207 24.599975586 1.980123520 -11.650838852 2.009399481 -0.739004495 0.958897021
208 24.599975586 1.980123520 -11.650838852 1.535182712 -0.239155086 1.702686470
209 24.599975586 1.980123520 -11.650838852 1.659403831 0.091981346 2.370144970
210 7.570632935 3.876308441 6.930503845 -2.049238070 1.047095500 -0.535595520
211 7.418075562 -3.974512100 7.604160309 1.014907748 -1.024031318 -2.618339091
212 -86.807075500 0.000003206 0.000005000 0.000000000 0.000000000 0.000244115
213 0.000000000 -0.000000000 0.000000000 0.000000000 0.000000000 0.000244115
214 0.000000000 -0.000000000 0.000000000 0.000000000 0.000000000 0.000244115
215 0.000000000 -0.000000000 0.000000000 0.000000000 0.000000000 0.000244115
216 0.000000000 -0.000000000 0.000000000 0.000000000 0.000000000 0.000244115
217 0.000000000 -0.000000000 0.000000000 0.000000000 0.000000000 0.000244115
218 0.000000000 -0.000000000 0.000000000 0.000000000 0.000000000 0.000244115
219 0.000000000 -0.000000000 0.000000000 0.000000000 0.000000000 0.000244115
220 0.000000000 -0.000000000 0.000000000 0.000000000 0.000000000 0.000244115
221 0.000000000 -0.000000000 0.000000000 0.000000000 0.000000000 0.000244115
222 0.000000000 -0.000000000 0.000000000 0.000000000 0.000000000 0.000244115
223 0.000000000 -0.000000000 0.000000000 0.000000000 0.000000000 0.000244115
time 20
0 0.000000128 -2.926383972 0.253475010 0.082114954 -1.543101067 -1.820787988
1 88.476776123 -0.000062061 -0.000010272 3.003554736 -0.003053205 3.137477572
2 -43.495697021 -0.000050783 4.662868023 0.572596050 0.021667913 3.110176040
3 9.507705688 0.000008076 -0.000020981 -0.720776350 0.291524716 -0.020764320
4 23.267890930 2.189104080 -3.705398560 1.535082474 0.451709868 1.534650382
5 11.648437500 0.000019073 0.000015259 -0.525361366 -0.169329790 1.081802706
6 29.776130676 -0.000032425 -0.000122070 0.827484836 -0.018427625 0.677929284
7 25.612236023 0.000019073 0.000091553 1.066637792 0.374898035 -0.405437128
8 8.674331665 -1.907150269 -2.936546326 -0.551336544 -0.109697996 1.608018152
9 0.000000000 -0.000000000 0.000000000 0.000000000 0.000000000 0.000244115
10 -43.495697021 -0.000050783 4.662868023 0.196221221 0.067767144 0.003374857
11 21.580322266 10.273416519 -4.495086193 -0.175701312 -0.043262654 0.040214891
12 45.674186707 0.000022888 0.000018120 2.967944885 0.499705878 -0.090728863
13 55.039104462 -0.000032425 -0.000024796 2.835583661 1.110145417 -0.190468589
14 21.580268860 -10.273574829 -4.495070934 -0.081201532 -0.533132854 0.065527882
15 45.674209595 0.000012636 -0.000041962 2.949136635 0.603196234 -0.056316407
16 55.039146423 -0.000030041 -0.000012398 2.888852854 0.722300543 -0.135202700
17 0.161682129 -1.532184362 -10.638454437 3.025172821 0.598120507 -0.124704717
18 14.463745117 -0.000010490 0.000007629 -0.104343653 0.005723345 0.083048306
19 20.708938599 -0.000022888 -0.000045776 0.010331054 -0.125045540 0.172890624
20 20.709026337 -0.000004768 -0.000015259 0.031141497 0.069534823 0.351939223
21 20.709554672 -0.000007629 0.000000000 -0.009040657 -0.127272831 0.061735969
22 0.118835449 -3.636024952 -10.382871628 2.469296080 0.511946728 -0.426005883
23 14.125000000 -0.000022411 -0.000022888 -0.075867737 -0.003721908 0.061307147
24 20.265335083 -0.000008583 -0.000022888 0.026422202 -0.153796465 0.176643234
25 20.265331268 -0.000009298 -0.000015259 0.038985638 0.022591581 0.368591905
26 20.265625000 -0.000025749 -0.000030518 0.038912042 -0.068256684 0.062519465
27 0.430786133 -8.824711800 -7.827316761 2.304115956 0.462282315 -0.516820971
28 12.544487000 0.000007629 -0.000015259 -0.279731005 0.034337212 0.202766185
29 19.343734741 -0.000009537 -0.000022888 0.037805060 -0.146006272 0.175269605
30 19.343750000 0.000000477 -0.000038147 0.039993219 -0.019074557 0.369786971
31 19.343750000 -0.000011444 -0.000015259 0.018162229 -0.047250633 0.109542654
32 -0.019668579 -12.396470070 -3.323644400 2.023781350 0.236702131 -0.538429476
33 11.042068481 0.000009537 -0.000015259 -0.329373374 -0.018511179 0.214530603
34 19.073440552 -0.000001907 -0.000038147 0.039973331 -0.147333388 0.152076148
35 19.073348999 0.000000000 -0.000038147 0.030843417 -0.066392692 0.354198819
36 19.073877335 0.000003338 -0.000045776 -0.090276711 -0.062470701 0.211190489
37 0.143402100 -12.177965164 2.328495502 1.531961829 -0.063770593 -0.508330700
38 10.827301025 0.000015259 -0.000030518 -0.168920789 -0.079812716 0.097300183
39 18.731544495 0.000005722 -0.000007629 0.030635859 -0.116306074 0.128450201
40 18.731605530 0.000007629 -0.000030518 0.015320135 -0.067683058 0.344155189
41 18.732204437 0.000014305 -0.000030518 -0.226912184 -0.130604178 0.311376540
42 0.706604004 -9.159463882 6.887689114 1.014393687 -0.153531137 -0.208403602
43 10.843421936 0.000003815 -0.000026703 -0.078995582 -0.222844610 0.061263163
44 18.864501953 0.000017166 -0.000022888 0.008527436 -0.141260778 0.133016945
45 18.864482880 0.000011444 0.000007629 -0.001447223 -0.064051196 0.255766751
46 18.864948273 0.000018120 -0.000030518 -0.336906538 -0.220837073 0.363175111
47 0.843017578 -2.753788710 9.486446381 0.757999254 -0.087005905 -0.056334501
48 10.832740784 0.000012398 0.000003815 -0.356870761 -0.245191643 0.158559578
49 19.399497986 0.000001907 -0.000030518 -0.002969506 -0.145982370 0.060722918
50 19.399696350 0.000017643 -0.000015259 -0.019346046 -0.057218965 0.202191208
51 19.400085449 0.000020027 0.000000000 -0.244369100 -0.391418650 0.276242433
52 0.161651611 1.532161474 -10.638372421 -2.935597275 0.603993400 0.057928585
53 14.463714600 -0.000010490 -0.000015259 0.104233462 -0.004018641 -0.035649538
54 20.708969116 -0.000022888 -0.000007629 -0.009906105 -0.083153608 0.152436422
55 20.709014893 -0.000004768 -0.000007629 0.014810333 0.117402326 0.329542809
56 20.709592819 0.000015259 -0.000045776 -0.157687611 -0.126064906 0.127422848
57 0.118759155 3.636007071 -10.383041382 -2.238216242 0.467986323 0.430648361
58 14.125000000 -0.000013828 -0.000022888 0.081777880 -0.012276605 -0.001884513
59 20.265319824 -0.000000477 -0.000007629 -0.030050520 -0.032823097 0.093167217
60 20.265342712 0.000005722 -0.000015259 -0.007526712 0.142005711 0.307886324
61 20.265625000 -0.000003815 -0.000015259 -0.193848462 -0.082784847 0.134775876
62 0.430786133 8.824709892 -7.827404499 -2.085235431 0.407784169 0.515044098
63 12.544555664 0.000013828 0.000000000 0.335387891 0.077054524 -0.151487702
64 19.343750000 -0.000008106 -0.000007629 -0.045754515 0.030704849 -0.016591098
65 19.343750000 0.000015259 -0.000022888 -0.038254580 0.069448434 0.335607439
66 19.343750000 0.000003815 -0.000053406 -0.166576302 -0.078321233 0.103057312
67 -0.019577026 12.396468163 -3.323732376 -1.803925393 0.197577994 0.505765434
68 11.042076111 -0.000007629 0.000000000 0.369703591 -0.002232825 -0.176181500
69 19.073402405 0.000000954 -0.000045776 -0.052431177 0.003816446 -0.052086565
70 19.073383331 0.000007629 -0.000022888 -0.056154156 0.044330918 0.326008220
71 19.073938370 0.000011444 -0.000038147 -0.052594136 -0.109996671 0.022440349
72 0.143447876 12.177960396 2.328406334 -1.428705374 -0.018029817 0.465681848
73 10.827331543 -0.000015259 0.000007629 0.181574080 -0.112924575 -0.021837109
74 18.731575012 0.000006676 -0.000007629 -0.051785838 -0.015781205 -0.012543626
75 18.731582642 -0.000001907 -0.000068665 -0.060656741 0.040595885 0.246866225
76 18.732156754 0.000026703 0.000030518 0.079680710 -0.209531428 -0.051642915
77 0.706573486 9.159471512 6.887772083 -0.913424366 -0.115521170 0.215382915
78 10.843391418 0.000002861 0.000007629 0.060289645 -0.230550456 0.043878004
79 18.864524841 -0.000005722 -0.000038147 -0.043011181 -0.037752834 -0.013004327
80 18.864490509 0.000011444 0.000000000 -0.061375564 -0.019894979 0.202348099
81 18.865070343 0.000007629 -0.000030518 0.168408677 -0.309222996 -0.083734495
82 0.842941284 2.753787041 9.486444473 -0.649215906 -0.051449967 0.086839940
83 10.832794189 -0.000000477 0.000022888 0.329748121 -0.284085037 -0.053941371
84 19.399604797 -0.000003338 -0.000045776 -0.025411434 -0.127387079 -0.017928281
85 19.399612427 0.000001907 0.000007629 -0.048078929 -0.026116809 0.182643886
86 19.400196075 0.000013351 0.000000000 0.031411472 -0.433687278 0.041614001
87 23.268287659 -2.187744141 -3.705848694 -1.456154893 0.000364046 -1.570479669
88 11.648437500 -0.000026703 0.000015259 -1.191969815 0.174103543 0.718415489
89 19.962633133 1.182586670 -0.494768620 2.827724317 1.210077460 -0.137379431
90 25.357299805 1.346649170 -0.632635593 -2.373474566 0.481977225 1.026049098
91 10.585937500 0.000000000 -0.000007629 -0.623342345 0.227380332 0.017522868
92 29.775829315 0.000030518 -0.000046253 0.509916794 0.827154160 -1.160381106
93 22.736793518 -0.004581451 -0.007385254 -0.567665312 -0.170646603 -2.892178389
94 0.073730469 -0.706542969 -0.275878906 -2.629103079 0.812683765 -0.641397063
95 13.120185852 -0.000007629 -0.000015259 -1.203633810 0.553333798 -0.722817917
96 12.350067139 0.000000000 -0.000007629 -0.872060069 0.288221511 -0.185241579
97 15.541221619 -0.000030518 0.000007629 -0.517935043 0.266532267 -0.470164670
98 14.906250000 -0.000001907 0.000000000 -0.635717026 0.553798917 -0.507546398
99 14.182815552 -0.000007629 0.000000000 -0.283357561 0.551946663 0.012823519
100 6.140625000 -0.523925781 -0.378906250 -0.889225861 0.689418673 -0.435505184
101 11.348457336 -0.000007629 -0.000022888 -2.391850695 -0.520019170 -0.589208857
102 12.005233765 0.000007629 -0.000011444 -0.466981529 0.196249208 -0.189810679
103 15.865589142 -0.000030518 0.000015259 -0.629985495 0.040731904 -0.493486301
104 14.851562500 -0.000015259 -0.000015259 -0.602850586 0.533944116 0.010241967
105 12.538963318 -0.414989471 -0.272308350 -0.497912516 0.585951350 -0.261656482
106 10.619369507 -0.000015259 0.000015259 -3.039682287 -0.539625504 -0.375879857
107 12.043014526 -0.000015259 0.000009537 -0.166015821 0.275477426 -0.119020058
108 15.310379028 -0.000022888 -0.000007629 -0.424290599 0.502514988 -0.012938443
109 19.857894897 -0.000003815 -0.000015259 -0.406410771 0.574671130 -0.110898288
110 10.617187500 -0.000015259 0.000015259 -0.184232092 -0.618779597 -0.356935693
111 11.091690063 -0.000015259 -0.000038147 -2.981231341 -0.395684805 -0.272987410
112 25.612243652 -0.000019073 -0.000137329 -0.964860271 -0.260129499 0.118751330
113 0.732421875 0.378173828 -0.043365479 -0.298448110 -0.042506783 0.541930270
114 9.421432495 0.000015259 -0.000019073 0.360626545 0.925566292 -0.183090914
115 3.208984375 0.000007629 0.000000000 -0.000856051 0.860846357 0.001031658
116 2.421092987 -0.000007629 0.000015259 -0.043040126 0.622529976 -0.041873882
117 0.783203125 0.134643555 -0.023925781 -0.156336213 -0.123510422 0.279151765
118 9.940948486 -0.000015259 0.000005722 0.156940826 0.930343403 -0.089257890
119 3.403709412 -0.000007629 -0.000015259 -0.006048037 0.656683852 -0.005707954
120 2.546609879 0.000007629 0.000000000 -0.038110356 0.644835858 -0.012733087
121 0.805175781 -0.000007629 -0.000011444 -0.007963538 -0.147251916 0.014089588
122 9.898437500 -0.000022888 0.000041962 -0.013519539 0.842282569 -0.001043158
123 3.537033081 -0.000015259 0.000000000 0.014337229 0.546778080 0.002854942
124 2.507812500 -0.000007629 0.000000000 0.001189873 0.577239660 0.007646629
125 0.821777344 -0.246826172 -0.028762817 0.155124828 -0.087466036 -0.272238366
126 9.687484741 -0.000015259 0.000007629 -0.211718941 0.781722057 0.168207529
127 3.679679871 -0.000007629 0.000015259 -0.002077321 0.581831668 -0.002424027
128 2.700599670 -0.000015259 -0.000030518 0.024996218 0.626238431 0.030959007
129 0.519042969 -0.395996094 -0.161987305 0.477878787 0.316754060 -0.763355711
130 6.753906250 -0.000007629 -0.000053406 -0.574483850 0.626140537 0.006934877
131 4.462646484 -0.000028610 -0.000015259 -0.077791836 0.010175756 0.138879881
132 22.736747742 0.004577637 -0.007293701 0.575639770 -0.240451948 -2.564667333
133 0.073730469 0.706542969 -0.276367188 2.625536489 1.025691334 0.854830278
134 13.119331360 0.000015259 0.000015259 0.826357657 -0.292201975 -0.183801252
135 12.350997925 0.000003815 -0.000015259 0.595346487 -1.068619849 -0.217622198
136 15.540870667 0.000001907 0.000000000 -0.549857329 -1.010976674 0.575959418
137 14.906250000 0.000003815 0.000015259 -0.312159413 -0.504065321 0.106242666
138 14.182882309 0.000007629 0.000000000 0.002683954 0.251125314 -0.027676698
139 6.140625000 0.523925781 -0.378662109 0.765005089 1.101617484 0.642621185
140 11.348968506 -0.000007629 0.000011444 2.164965728 0.395843425 -0.330099261
141 12.004653931 -0.000022888 -0.000015259 0.599533626 -1.092357337 -0.908092152
142 15.865951538 0.000015259 0.000000000 0.080163871 -0.810700787 -0.490061258
143 14.851562500 0.000000000 0.000007629 0.265917460 0.253497112 -0.088177389
144 12.539047241 0.414970398 -0.272766113 0.254646031 1.116041705 0.354171650
145 10.619094849 0.000007629 -0.000015259 2.643595986 0.696829622 -0.490923354
146 12.043624878 -0.000015259 -0.000007629 -0.570281791 -1.243194157 0.321320246
147 15.309890747 -0.000015259 0.000007629 0.031718413 0.234204645 -0.080086390
148 19.857978821 0.000007629 0.000045776 -0.103136347 1.192013641 -0.053289781
149 10.617187500 -0.000003815 -0.000007629 -0.176791769 0.644062658 -0.393229576
150 11.091804504 0.000005245 0.000000000 2.305219675 -0.020604384 -0.182038644
151 0.732421875 -0.378417969 -0.043029785 0.298829922 -0.043211786 -0.541974052
152 9.421354294 -0.000015259 0.000003815 -0.470241755 1.108872100 0.050969701
153 3.208984375 0.000015259 0.000015259 0.000857873 1.057455893 -0.001098300
154 2.421081543 -0.000015259 -0.000017166 0.043174526 0.819359608 0.045011662
155 0.783203125 -0.134643555 -0.023727417 0.156625597 -0.124254089 -0.279237635
156 9.941059113 -0.000015259 -0.000038147 -0.258870176 1.208138449 -0.026394740
157 3.403720856 0.000000000 0.000038147 -0.009093961 0.939657871 -0.001132441
158 2.546592712 -0.000015259 -0.000030518 0.050622334 0.928087349 0.026112669
159 0.805175781 0.000000000 0.000000000 0.007970885 -0.148203970 -0.014094421
160 9.898437500 0.000015259 0.000022888 0.008520768 1.208195160 -0.016983373
161 3.537109375 0.000015259 0.000000000 -0.000193491 0.912542382 0.000193491
162 2.507812500 -0.000015259 0.000011444 0.000320821 0.943623568 -0.000320821
163 0.821777344 0.246826172 -0.027450562 -0.160813904 -0.090646502 0.258139182
164 9.687316895 0.000022888 -0.000053406 0.342851519 1.121789534 -0.008737843
165 3.679668427 -0.000015259 0.000030518 -0.002974323 0.934332562 -0.000146806
166 2.700630188 -0.000015259 -0.000019073 -0.032371169 0.978263485 -0.042071145
167 0.519531250 0.395996094 -0.161743164 -0.478495596 0.316187846 0.763124936
168 6.753906250 0.000005722 -0.000015259 0.300769486 0.115172368 -0.360966190
169 4.462753296 0.000007629 0.000030518 0.078557963 0.005930337 -0.087042230
170 86.264892578 -0.000015259 -0.000001907 2.111484485 -0.817037358 0.949018003
171 2.875000000 0.000015259 0.000015259 0.254786749 0.722760927 0.293227226
172 8.134399414 -0.000015259 -0.000015259 0.307082247 0.421883823 1.026345883
173 8.134380341 0.000000000 0.000001907 -0.020492389 0.231704865 0.273715549
174 8.134401321 0.000000000 0.000017166 -0.046627310 0.171968263 0.174042014
175 8.134383202 -0.000030518 0.000011444 -0.057253074 0.187774507 0.219373797
176 8.134395599 0.000000000 -0.000015259 -0.020086245 0.212757547 0.275502041
177 8.134382248 0.000000000 0.000000000 -0.011774047 0.262298014 0.322529581
178 8.134397507 -0.000015259 -0.000007629 -0.025360304 0.287575201 0.334887576
179 8.132812500 -0.000015259 -0.000007629 -0.121852450 0.294827211 0.283229476
180 86.264892578 -0.000015259 -0.000001907 -1.591492512 -0.192717540 -1.696600242
181 2.875000000 0.000007629 -0.000030518 -0.025591307 0.634841994 0.142293347
182 8.134384155 0.000000000 -0.000045776 -0.073049409 -0.235171809 -0.399048796
183 8.134407043 0.000000000 -0.000015259 -0.121307507 -0.018611515 -0.068499785
184 8.134418488 0.000000000 -0.000030518 -0.116712941 -0.024538146 0.073132990
185 8.134395599 0.000007629 0.000000000 -0.350330766 -0.120132273 0.130225848
186 8.134393692 0.000000000 0.000030518 -0.394939438 -0.320064166 0.140248651
187 8.134375572 0.000015259 -0.000030518 -0.435670243 -0.647966612 0.057776961
188 8.134401321 0.000000000 -0.000007629 -0.297408090 -0.828132271 -0.321294113
189 8.132812500 0.000015259 -0.000003815 -0.313990161 0.282831848 -0.254068786
190 25.357383728 -1.346624374 -0.631866455 -2.998144911 1.144248491 0.088047511
191 10.586959839 0.000000000 -0.000030518 0.648339864 0.031986960 -0.166614100
192 19.962806702 -1.182567596 -0.493774414 -2.827724317 1.210077460 0.137379431
193 26.542930603 -0.000061035 5.258399963 -0.010536897 -0.633522497 -3.124967181
194 5.210937500 -0.000001907 0.000015259 -0.013998998 0.231136982 -0.077853544
195 11.580818176 -0.000003815 0.000000000 0.000000000 0.373150501 0.000000000
196 30.590766907 -0.110170364 0.305751801 -0.516015308 -0.339432940 0.219314607
197 7.470642090 0.014274597 0.148304462 0.469056479 0.518754639 -0.086361966
198 9.857986450 6.173837662 -12.156152725 2.343721255 0.103353816 3.040407058
199 9.858200073 -6.068101883 -12.208473206 -2.352349825 0.104146931 -3.041265021
200 20.049377441 0.061208725 -14.093132019 3.134587295 0.926499159 3.136067236
201 5.580169678 -0.000003815 0.000015259 0.112229611 0.609050077 0.177228356
202 6.841293335 0.000000000 -0.000015259 -0.071157420 -0.433199880 0.333420742
203 6.916397095 0.000007629 0.000000000 -0.284057675 0.169796178 -0.000010178
204 24.600051880 -1.878301620 -11.667308807 -2.002800253 -0.732025296 -0.963281651
205 24.600051880 -1.878301620 -11.667308807 -1.536345236 -0.230748013 -1.702389711
206 24.600051880 -1.878301620 -11.667308807 -1.665549243 0.097947933 -2.370679697
207 24.599975586 1.980123520 -11.650838852 2.009399481 -0.739004495 0.958897021
208 24.599975586 1.980123520 -11.650838852 1.535182712 -0.239155086 1.702686470
209 24.599975586 1.980123520 -11.650838852 1.659403831 0.091981346 2.370144970
210 7.570632935 3.876308441 6.930503845 -2.049238070 1.047095500 -0.535595520
211 7.418075562 -3.974512100 7.604160309 1.014907748 -1.024031318 -2.618339091
212 -86.807075500 0.000003206 0.000005000 0.000000000 0.000000000 0.000244115
213 0.000000000 -0.000000000 0.000000000 0.000000000 0.000000000 0.000244115
214 0.000000000 -0.000000000 0.000000000 0.000000000 0.000000000 0.000244115
215 0.000000000 -0.000000000 0.000000000 0.000000000 0.000000000 0.000244115
216 0.000000000 -0.000000000 0.000000000 0.000000000 0.000000000 0.000244115
217 0.000000000 -0.000000000 0.000000000 0.000000000 0.000000000 0.000244115
218 0.000000000 -0.000000000 0.000000000 0.000000000 0.000000000 0.000244115
219 0.000000000 -0.000000000 0.000000000 0.000000000 0.000000000 0.000244115
220 0.000000000 -0.000000000 0.000000000 0.000000000 0.000000000 0.000244115
221 0.000000000 -0.000000000 0.000000000 0.000000000 0.000000000 0.000244115
222 0.000000000 -0.000000000 0.000000000 0.000000000 0.000000000 0.000244115
223 0.000000000 -0.000000000 0.000000000 0.000000000 0.000000000 0.000244115
time 21
0 0.000000109 -2.488888979 0.212601006 0.010312355 -1.552245305 -1.744995362
1 88.476776123 -0.000062061 -0.000010272 3.003554736 -0.003053205 3.137477572
2 -43.495697021 -0.000050783 4.662868023 0.486988052 0.024142994 3.114945814
3 9.507705688 0.000008076 -0.000020981 -0.650880459 0.295848249 -0.032948269
4 23.267890930 2.189104080 -3.705398560 1.525887004 0.399192316 1.538851999
5 11.648437500 0.000019073 0.000015259 -0.448650986 -0.187185408 1.245487698
6 29.776130676 -0.000032425 -0.000122070 0.862778282 -0.051054929 0.763586059
7 25.612236023 0.000019073 0.000091553 1.016809462 0.314237803 -0.395094908
8 8.674331665 -1.907150269 -2.936546326 -0.551336544 -0.109697996 1.608018152
9 0.000000000 -0.000000000 0.000000000 0.000000000 0.000000000 0.000244115
10 -43.495697021 -0.000050783 4.662868023 0.171625067 0.059275098 0.002933717
11 21.580322266 10.273416519 -4.495086193 -0.151632170 -0.043863510 0.040393460
12 45.674186707 0.000022888 0.000018120 2.995447516 0.500162720 -0.077227140
13 55.039104462 -0.000032425 -0.000024796 2.882906499 1.114400872 -0.159580882
14 21.580268860 -10.273574829 -4.495070934 -0.067476797 -0.529571049 0.055797576
15 45.674209595 0.000012636 -0.000041962 2.976191540 0.589151438 -0.047753770
16 55.039146423 -0.000030041 -0.000012398 2.920525526 0.724010004 -0.118527105
17 0.161682129 -1.532184362 -10.638454437 2.997699742 0.586454276 -0.136274856
18 14.463745117 -0.000010490 0.000007629 -0.111494759 0.032193011 0.094472919
19 20.708938599 -0.000022888 -0.000045776 0.013348653 -0.169787652 0.070262860
20 20.709026337 -0.000004768 -0.000015259 0.018522536 -0.000890104 0.357445736
21 20.709554672 -0.000007629 0.000000000 -0.014359940 -0.125624792 0.064570242
22 0.118835449 -3.636024952 -10.382871628 2.448232509 0.494169578 -0.432291729
23 14.125000000 -0.000022411 -0.000022888 -0.077918770 0.017473978 0.082272823
24 20.265335083 -0.000008583 -0.000022888 0.033429240 -0.186548577 0.065470123
25 20.265331268 -0.000009298 -0.000015259 0.028458927 -0.039473454 0.359177344
26 20.265625000 -0.000025749 -0.000030518 0.033967193 -0.065732889 0.065491186
27 0.430786133 -8.824711800 -7.827316761 2.285427169 0.442986355 -0.521106721
28 12.544487000 0.000007629 -0.000015259 -0.277200979 0.052822698 0.226198763
29 19.343734741 -0.000009537 -0.000022888 0.045836159 -0.164492111 0.061033151
30 19.343750000 0.000000477 -0.000038147 0.032847762 -0.064435649 0.348631530
31 19.343750000 -0.000011444 -0.000015259 0.013691479 -0.043917862 0.112778047
32 -0.019668579 -12.396470070 -3.323644400 2.006624515 0.217157302 -0.538412455
33 11.042068481 0.000009537 -0.000015259 -0.327434550 -0.007853008 0.242030650
34 19.073440552 -0.000001907 -0.000038147 0.049021798 -0.149090650 0.041538318
35 19.073348999 0.000000000 -0.000038147 0.028048315 -0.097178859 0.316818664
36 19.073877335 0.000003338 -0.000045776 -0.093937082 -0.058973463 0.214798137
37 0.143402100 -12.177965164 2.328495502 1.514198323 -0.082553349 -0.503921785
38 10.827301025 0.000015259 -0.000030518 -0.170947721 -0.081048486 0.127191952
39 18.731544495 0.000005722 -0.000007629 0.039210932 -0.113307651 0.020604996
40 18.731605530 0.000007629 -0.000030518 0.016136986 -0.081302829 0.294663117
41 18.732204437 0.000014305 -0.000030518 -0.229875517 -0.126826835 0.315375694
42 0.706604004 -9.159463882 6.887689114 0.991700203 -0.166267097 -0.200814592
43 10.843421936 0.000003815 -0.000026703 -0.092633476 -0.228671029 0.073539268
44 18.864501953 0.000017166 -0.000022888 0.017421876 -0.140161653 0.048971095
45 18.864482880 0.000011444 0.000007629 -0.000551770 -0.077953729 0.222743370
46 18.864948273 0.000018120 -0.000030518 -0.339939891 -0.216993280 0.367423576
47 0.843017578 -2.753788710 9.486446381 0.733758144 -0.096194270 -0.050225993
48 10.832740784 0.000012398 0.000003815 -0.373191830 -0.251069010 0.168269442
49 19.399497986 0.000001907 -0.000030518 0.004320146 -0.141406323 -0.006017155
50 19.399696350 0.000017643 -0.000015259 -0.017765490 -0.064784453 0.168061256
51 19.400085449 0.000020027 0.000000000 -0.248122950 -0.388409424 0.281498911
52 0.161651611 1.532161474 -10.638372421 -2.965312829 0.596668030 0.044820000
53 14.463714600 -0.000010490 -0.000015259 0.090883737 0.021219199 -0.029539256
54 20.708969116 -0.000022888 -0.000007629 -0.009496637 -0.137569904 0.057420526
55 20.709014893 -0.000004768 -0.000007629 0.003116394 0.048279677 0.350602386
56 20.709592819 0.000015259 -0.000045776 -0.163176042 -0.124929553 0.130046948
57 0.118759155 3.636007071 -10.383041382 -2.267093775 0.470418145 0.420889522
58 14.125000000 -0.000013828 -0.000022888 0.061877345 0.007355829 -0.006076540
59 20.265319824 -0.000000477 -0.000007629 -0.029874910 -0.084051911 0.003675629
60 20.265342712 0.000005722 -0.000015259 -0.016062297 0.085706547 0.333324508
61 20.265625000 -0.000003815 -0.000015259 -0.199084742 -0.082353247 0.137593136
62 0.430786133 8.824709892 -7.827404499 -2.112931318 0.412483820 0.507172194
63 12.544555664 0.000013828 0.000000000 0.310494981 0.074536433 -0.146298678
64 19.343750000 -0.000008106 -0.000007629 -0.047267278 0.005883132 -0.109501568
65 19.343750000 0.000015259 -0.000022888 -0.044579680 0.047380936 0.328261311
66 19.343750000 0.000003815 -0.000053406 -0.171488847 -0.078145256 0.106467546
67 -0.019577026 12.396468163 -3.323732376 -1.829898591 0.202197517 0.504299281
68 11.042076111 -0.000007629 0.000000000 0.344989652 -0.008653821 -0.170988105
69 19.073402405 0.000000954 -0.000045776 -0.052133959 -0.006749287 -0.145706372
70 19.073383331 0.000007629 -0.000022888 -0.061009357 0.027201349 0.302260417
71 19.073938370 0.000011444 -0.000038147 -0.057144798 -0.110098638 0.026500730
72 0.143447876 12.177960396 2.328406334 -1.454131237 -0.014037161 0.469454692
73 10.827331543 -0.000015259 0.000007629 0.158577879 -0.114569100 -0.030275606
74 18.731575012 0.000006676 -0.000007629 -0.048539849 -0.029560816 -0.095947448
75 18.731582642 -0.000001907 -0.000068665 -0.063274107 0.025711223 0.247437691
76 18.732156754 0.000026703 0.000030518 0.075437391 -0.210145016 -0.046699855
77 0.706573486 9.159471512 6.887772083 -0.939210098 -0.117870132 0.221997762
78 10.843391418 0.000002861 0.000007629 0.039385372 -0.243344790 0.036413149
79 18.864524841 -0.000005722 -0.000038147 -0.039365167 -0.034787153 -0.081540194
80 18.864490509 0.000011444 0.000000000 -0.061167518 -0.017136045 0.193666852
81 18.865070343 0.000007629 -0.000030518 0.164145089 -0.309492507 -0.078344624
82 0.842941284 2.753787041 9.486444473 -0.674404191 -0.057151057 0.091884912
83 10.832794189 -0.000000477 0.000022888 0.313823628 -0.290405970 -0.055181170
84 19.399604797 -0.000003338 -0.000045776 -0.020009544 -0.124902085 -0.077214957
85 19.399612427 0.000001907 0.000007629 -0.047947316 -0.035527010 0.154196226
86 19.400196075 0.000013351 0.000000000 0.026909279 -0.432711048 0.047299022
87 23.268287659 -2.187744141 -3.705848694 -1.456154893 0.000364046 -1.570479669
88 11.648437500 -0.000026703 0.000015259 -1.191969815 0.174103543 0.718415489
89 19.962633133 1.182586670 -0.494768620 2.827724317 1.210077460 -0.137379431
90 25.357299805 1.346649170 -0.632635593 -2.315297885 0.783804831 1.031985776
91 10.585937500 0.000000000 -0.000007629 -0.623342345 0.227380332 0.017522868
92 29.775829315 0.000030518 -0.000046253 0.509916794 0.827154160 -1.160381106
93 22.736793518 -0.004581451 -0.007385254 -0.567665312 -0.170646603 -2.892178389
94 0.073730469 -0.706542969 -0.275878906 -2.558339962 0.862860355 -0.571279019
95 13.120185852 -0.000007629 -0.000015259 -1.288751056 0.634566935 -0.881396903
96 12.350067139 0.000000000 -0.000007629 -0.861725619 0.326715424 -0.168234454
97 15.541221619 -0.000030518 0.000007629 -0.526732642 0.233630376 -0.521599032
98 14.906250000 -0.000001907 0.000000000 -0.675723672 0.515306130 -0.600254759
99 14.182815552 -0.000007629 0.000000000 -0.283298944 0.550641143 0.013839523
100 6.140625000 -0.523925781 -0.378906250 -0.780700808 0.710794099 -0.319825289
101 11.348457336 -0.000007629 -0.000022888 -2.319709570 -0.586755081 -0.719903718
102 12.005233765 0.000007629 -0.000011444 -0.454290664 0.218455985 -0.169427733
103 15.865589142 -0.000030518 0.000015259 -0.620936139 -0.022876708 -0.529041796
104 14.851562500 -0.000015259 -0.000015259 -0.602890824 0.532444428 0.011726468
105 12.538963318 -0.414989471 -0.272308350 -0.383266227 0.588400880 -0.130916828
106 10.619369507 -0.000015259 0.000015259 -2.989380351 -0.617761124 -0.465815859
107 12.043014526 -0.000015259 0.000009537 -0.148301594 0.297502919 -0.088175375
108 15.310379028 -0.000022888 -0.000007629 -0.424647062 0.500937842 -0.011867914
109 19.857894897 -0.000003815 -0.000015259 -0.289635677 0.582711501 0.022271528
110 10.617187500 -0.000015259 0.000015259 -0.137811419 -0.707945650 -0.428563433
111 11.091690063 -0.000015259 -0.000038147 -2.983682818 -0.394497731 -0.272344108
112 25.612243652 -0.000019073 -0.000137329 -0.964860271 -0.260129499 0.118751330
113 0.732421875 0.378173828 -0.043365479 -0.298448110 -0.042506783 0.541930270
114 9.421432495 0.000015259 -0.000019073 0.360626545 0.925566292 -0.183090914
115 3.208984375 0.000007629 0.000000000 -0.000856051 0.860846357 0.001031658
116 2.421092987 -0.000007629 0.000015259 -0.043036401 0.622439442 -0.041870124
117 0.783203125 0.134643555 -0.023925781 -0.156336213 -0.123510422 0.279151765
118 9.940948486 -0.000015259 0.000005722 0.156940826 0.930343403 -0.089257890
119 3.403709412 -0.000007629 -0.000015259 -0.006048037 0.656683852 -0.005707954
120 2.546609879 0.000007629 0.000000000 -0.038110356 0.644835858 -0.012733087
121 0.805175781 -0.000007629 -0.000011444 -0.007963538 -0.147251916 0.014089588
122 9.898437500 -0.000022888 0.000041962 -0.013519539 0.842282569 -0.001043158
123 3.537033081 -0.000015259 0.000000000 0.014337229 0.546778080 0.002854942
124 2.507812500 -0.000007629 0.000000000 0.001189873 0.577239660 0.007646629
125 0.821777344 -0.246826172 -0.028762817 0.155124828 -0.087466036 -0.272238366
126 9.687484741 -0.000015259 0.000007629 -0.211718941 0.781722057 0.168207529
127 3.679679871 -0.000007629 0.000015259 -0.002077321 0.581831668 -0.002424027
128 2.700599670 -0.000015259 -0.000030518 0.024996218 0.626238431 0.030959007
129 0.519042969 -0.395996094 -0.161987305 0.477878787 0.316754060 -0.763355711
130 6.753906250 -0.000007629 -0.000053406 -0.574483850 0.626140537 0.006934877
131 4.462646484 -0.000028610 -0.000015259 -0.077791836 0.010175756 0.138879881
132 22.736747742 0.004577637 -0.007293701 0.577100545 -0.246186442 -2.567469876
133 0.073730469 0.706542969 -0.276367188 2.379893483 0.860073786 0.593620589
134 13.119331360 0.000015259 0.000015259 0.729214497 -0.146506947 0.096753775
135 12.350997925 0.000003815 -0.000015259 0.487113881 -0.635085124 -0.263236578
136 15.540870667 0.000001907 0.000000000 -0.137783227 -1.270891414 -0.096515744
137 14.906250000 0.000003815 0.000015259 -0.119344525 -0.885796362 -0.313380656
138 14.182882309 0.000007629 0.000000000 0.020164854 0.272846227 -0.031475762
139 6.140625000 0.523925781 -0.378662109 0.499046284 0.884219193 0.386009969
140 11.348968506 -0.000007629 0.000011444 2.151277213 0.050269640 -0.139460694
141 12.004653931 -0.000022888 -0.000015259 0.276665365 -0.702047111 -0.790839698
142 15.865951538 0.000015259 0.000000000 0.396078537 -0.711996891 -1.224808813
143 14.851562500 0.000000000 0.000007629 0.280710910 0.276188290 -0.089735925
144 12.539047241 0.414970398 -0.272766113 0.102931140 0.844076332 0.204121884
145 10.619094849 0.000007629 -0.000015259 2.706347438 0.296753327 -0.234767239
146 12.043624878 -0.000015259 -0.000007629 -0.020812282 -1.198428163 -0.480865690
147 15.309890747 -0.000015259 0.000007629 0.045944175 0.257135086 -0.084630205
148 19.857978821 0.000007629 0.000045776 -0.089195904 0.862180036 -0.036672458
149 10.617187500 -0.000003815 -0.000007629 -0.064512899 0.279039325 -0.146086783
150 11.091804504 0.000005245 0.000000000 2.358095733 -0.046109895 -0.107233279
151 0.732421875 -0.378417969 -0.043029785 0.298829922 -0.043211786 -0.541974052
152 9.421354294 -0.000015259 0.000003815 -0.470241755 1.108872100 0.050969701
153 3.208984375 0.000015259 0.000015259 0.000857873 1.057455893 -0.001098300
154 2.421081543 -0.000015259 -0.000017166 0.043174526 0.819359608 0.045011662
155 0.783203125 -0.134643555 -0.023727417 0.156625597 -0.124254089 -0.279237635
156 9.941059113 -0.000015259 -0.000038147 -0.258870176 1.208138449 -0.026394740
157 3.403720856 0.000000000 0.000038147 -0.009093961 0.939657871 -0.001132441
158 2.546592712 -0.000015259 -0.000030518 0.050622334 0.928087349 0.026112669
159 0.805175781 0.000000000 0.000000000 0.007970885 -0.148203970 -0.014094421
160 9.898437500 0.000015259 0.000022888 0.008520768 1.208195160 -0.016983373
161 3.537109375 0.000015259 0.000000000 -0.000193491 0.912542382 0.000193491
162 2.507812500 -0.000015259 0.000011444 0.000320821 0.943623568 -0.000320821
163 0.821777344 0.246826172 -0.027450562 -0.159995488 -0.090256532 0.260069608
164 9.687316895 0.000022888 -0.000053406 0.342851519 1.121789534 -0.008737843
165 3.679668427 -0.000015259 0.000030518 -0.002974323 0.934332562 -0.000146806
166 2.700630188 -0.000015259 -0.000019073 -0.032371169 0.978263485 -0.042071145
167 0.519531250 0.395996094 -0.161743164 -0.478495596 0.316187846 0.763124936
168 6.753906250 0.000005722 -0.000015259 0.300769486 0.115172368 -0.360966190
169 4.462753296 0.000007629 0.000030518 0.078557963 0.005930337 -0.087042230
170 86.264892578 -0.000015259 -0.000001907 2.201285750 -0.989556021 0.895007808
171 2.875000000 0.000015259 0.000015259 0.275499631 0.683473868 0.328419065
172 8.134399414 -0.000015259 -0.000015259 0.162756101 0.246558339 0.730241632
173 8.134380341 0.000000000 0.000001907 0.028742986 0.112097825 0.148903226
174 8.134401321 0.000000000 0.000017166 0.005381016 0.082789124 0.044372298
175 8.134383202 -0.000030518 0.000011444 -0.069213315 0.102523802 0.067117909
176 8.134395599 0.000000000 -0.000015259 -0.073747907 0.114017121 0.113085445
177 8.134382248 0.000000000 0.000000000 -0.080103858 0.134230518 0.176596636
178 8.134397507 -0.000015259 -0.000007629 -0.088114629 0.156253177 0.257587515
179 8.132812500 -0.000015259 -0.000007629 -0.124949617 0.301623839 0.292340809
180 86.264892578 -0.000015259 -0.000001907 -1.589022221 -0.225933362 -1.709237230
181 2.875000000 0.000007629 -0.000030518 -0.040992121 0.600050573 0.115187281
182 8.134384155 0.000000000 -0.000045776 -0.087151502 -0.176947236 -0.450684910
183 8.134407043 0.000000000 -0.000015259 -0.123182363 0.018035332 -0.120444795
184 8.134418488 0.000000000 -0.000030518 -0.116918382 0.041536092 -0.014279529
185 8.134395599 0.000007629 0.000000000 -0.326701578 0.021213895 -0.007171007
186 8.134393692 0.000000000 0.000030518 -0.304395634 -0.063659040 0.026892114
187 8.134375572 0.000015259 -0.000030518 -0.299408484 -0.190891671 0.013709135
188 8.134401321 0.000000000 -0.000007629 -0.296393388 -0.306282592 -0.080428185
189 8.132812500 0.000015259 -0.000003815 -0.317079375 0.285960246 -0.258677289
190 25.357383728 -1.346624374 -0.631866455 2.524996595 1.187061867 -0.718795987
191 10.586959839 0.000000000 -0.000030518 0.644307379 0.064539136 -0.141776886
192 19.962806702 -1.182567596 -0.493774414 -2.827724317 1.210077460 0.137379431
193 26.542930603 -0.000061035 5.258399963 -0.012581756 -0.644955690 -3.121643708
194 5.210937500 -0.000001907 0.000015259 -0.013971210 0.223136219 -0.078888902
195 11.580818176 -0.000003815 0.000000000 0.000000000 0.373150501 0.000000000
196 30.590766907 -0.110170364 0.305751801 -0.465923721 -0.350184010 0.202693253
197 7.470642090 0.014274597 0.148304462 0.413964510 0.502048616 -0.077788415
198 9.857986450 6.173837662 -12.156152725 2.343721255 0.103353816 3.040407058
199 9.858200073 -6.068101883 -12.208473206 -2.352349825 0.104146931 -3.041265021
200 20.049377441 0.061208725 -14.093132019 3.134587295 0.926499159 3.136067236
201 5.580169678 -0.000003815 0.000015259 0.117947473 0.621773389 0.183624930
202 6.841293335 0.000000000 -0.000015259 -0.093291805 -0.449535683 0.410782355
203 6.916397095 0.000007629 0.000000000 -0.284057675 0.169796178 -0.000010178
204 24.600051880 -1.878301620 -11.667308807 -2.002800253 -0.732025296 -0.963281651
205 24.600051880 -1.878301620 -11.667308807 -1.536345236 -0.230748013 -1.702389711
206 24.600051880 -1.878301620 -11.667308807 -1.665549243 0.097947933 -2.370679697
207 24.599975586 1.980123520 -11.650838852 2.009399481 -0.739004495 0.958897021
208 24.599975586 1.980123520 -11.650838852 1.535182712 -0.239155086 1.702686470
209 24.599975586 1.980123520 -11.650838852 1.659403831 0.091981346 2.370144970
210 7.570632935 3.876308441 6.930503845 -2.049238070 1.047095500 -0.535595520
211 7.418075562 -3.974512100 7.604160309 1.014907748 -1.024031318 -2.618339091
212 -86.807075500 0.000003206 0.000005000 0.000000000 0.000000000 0.000244115
213 0.000000000 -0.000000000 0.000000000 0.000000000 0.000000000 0.000244115
214 0.000000000 -0.000000000 0.000000000 0.000000000 0.000000000 0.000244115
215 0.000000000 -0.000000000 0.000000000 0.000000000 0.000000000 0.000244115
216 0.000000000 -0.000000000 0.000000000 0.000000000 0.000000000 0.000244115
217 0.000000000 -0.000000000 0.000000000 0.000000000 0.000000000 0.000244115
218 0.000000000 -0.000000000 0.000000000 0.000000000 0.000000000 0.000244115
219 0.000000000 -0.000000000 0.000000000 0.000000000 0.000000000 0.000244115
220 0.000000000 -0.000000000 0.000000000 0.000000000 0.000000000 0.000244115
221 0.000000000 -0.000000000 0.000000000 0.000000000 0.000000000 0.000244115
222 0.000000000 -0.000000000 0.000000000 0.000000000 0.000000000 0.000244115
223 0.000000000 -0.000000000 0.000000000 0.000000000 0.000000000 0.000244115
time 22
0 0.000000090 -2.060173035 0.173738003 -0.056423843 -1.561457538 -1.666437113
1 88.476776123 -0.000062061 -0.000010272 3.003554736 -0.003053205 3.137477572
2 -43.495697021 -0.000050783 4.662868023 0.403003574 0.026619512 3.119540475
3 9.507705688 0.000008076 -0.000020981 -0.573884820 0.299455411 -0.046234817
4 23.267890930 2.189104080 -3.705398560 1.515797189 0.341747609 1.543363132
5 11.648437500 0.000019073 0.000015259 -0.372069126 -0.204828615 1.411465773
6 29.776130676 -0.000032425 -0.000122070 0.896408873 -0.082151070 0.845501289
7 25.612236023 0.000019073 0.000091553 0.961902693 0.250085069 -0.384247835
8 8.674331665 -1.907150269 -2.936546326 -0.551336544 -0.109697996 1.608018152
9 0.000000000 -0.000000000 0.000000000 0.000000000 0.000000000 0.000244115
10 -43.495697021 -0.000050783 4.662868023 0.145680245 0.050282508 0.002457816
11 21.580322266 10.273416519 -4.495086193 -0.127242410 -0.044562141 0.040647878
12 45.674186707 0.000022888 0.000018120 3.023326203 0.500561654 -0.063554203
13 55.039104462 -0.000032425 -0.000024796 2.930894244 1.118683575 -0.128318571
14 21.580268860 -10.273574829 -4.495070934 -0.053554738 -0.525486381 0.045524675
15 45.674209595 0.000012636 -0.000041962 3.003590282 0.575519591 -0.039190390
16 55.039146423 -0.000030041 -0.000012398 2.952586868 0.725908367 -0.101717133
17 0.161682129 -1.532184362 -10.638454437 2.968767569 0.574112374 -0.148434795
18 14.463745117 -0.000010490 0.000007629 -0.122042189 0.048642350 0.104342956
19 20.708938599 -0.000022888 -0.000045776 0.020235328 -0.186836463 -0.034582971
20 20.709026337 -0.000004768 -0.000015259 0.004980511 -0.082096213 0.334211443
21 20.709554672 -0.000007629 0.000000000 -0.019413923 -0.124145319 0.067295031
22 0.118835449 -3.636024952 -10.382871628 2.425980821 0.475309718 -0.438975701
23 14.125000000 -0.000022411 -0.000022888 -0.082675952 0.031221345 0.098110669
24 20.265335083 -0.000008583 -0.000022888 0.042444711 -0.198504432 -0.041103616
25 20.265331268 -0.000009298 -0.000015259 0.018923754 -0.109540176 0.321346496
26 20.265625000 -0.000025749 -0.000030518 0.029379080 -0.063375719 0.068177951
27 0.430786133 -8.824711800 -7.827316761 2.265620697 0.422563718 -0.525711989
28 12.544487000 0.000007629 -0.000015259 -0.279255986 0.065928406 0.243619931
29 19.343734741 -0.000009537 -0.000022888 0.054354524 -0.170462463 -0.043819268
30 19.343750000 0.000000477 -0.000038147 0.027906202 -0.115585931 0.299833942
31 19.343750000 -0.000011444 -0.000015259 0.009567524 -0.040848483 0.115732024
32 -0.019668579 -12.396470070 -3.323644400 1.988556997 0.196566307 -0.538324646
33 11.042068481 0.000009537 -0.000015259 -0.329625399 0.001314234 0.261636344
34 19.073440552 -0.000001907 -0.000038147 0.057002987 -0.148768377 -0.056036349
35 19.073348999 0.000000000 -0.000038147 0.028689782 -0.128192618 0.254040506
36 19.073877335 0.000003338 -0.000045776 -0.097348781 -0.055761627 0.218140983
37 0.143402100 -12.177965164 2.328495502 1.495488923 -0.102357932 -0.499070346
38 10.827301025 0.000015259 -0.000030518 -0.175809900 -0.080394871 0.148735948
39 18.731544495 0.000005722 -0.000007629 0.046234364 -0.112365764 -0.071362907
40 18.731605530 0.000007629 -0.000030518 0.019870295 -0.093712866 0.222485491
41 18.732204437 0.000014305 -0.000030518 -0.232752789 -0.123252271 0.319121731
42 0.706604004 -9.159463882 6.887689114 0.967580064 -0.179682366 -0.192818876
43 10.843421936 0.000003815 -0.000026703 -0.106931975 -0.231750107 0.088795182
44 18.864501953 0.000017166 -0.000022888 0.026499659 -0.136985059 -0.036863276
45 18.864482880 0.000011444 0.000007629 0.002758257 -0.088464857 0.172375992
46 18.864948273 0.000018120 -0.000030518 -0.342824327 -0.213451882 0.371523528
47 0.843017578 -2.753788710 9.486446381 0.708219102 -0.105984276 -0.043912349
48 10.832740784 0.000012398 0.000003815 -0.389872409 -0.254285104 0.180551723
49 19.399497986 0.000001907 -0.000030518 0.011489368 -0.133730935 -0.074580451
50 19.399696350 0.000017643 -0.000015259 -0.014340402 -0.067891803 0.121476997
51 19.400085449 0.000020027 0.000000000 -0.251714553 -0.385431075 0.286448665
52 0.161651611 1.532161474 -10.638372421 -2.996720161 0.588833379 0.030889471
53 14.463714600 -0.000010490 -0.000015259 0.076536045 0.035944557 -0.022728140
54 20.708969116 -0.000022888 -0.000007629 -0.003846105 -0.161120362 -0.047842490
55 20.709014893 -0.000004768 -0.000007629 -0.011910497 -0.033510575 0.341477195
56 20.709592819 0.000015259 -0.000045776 -0.168310574 -0.123904431 0.132478867
57 0.118759155 3.636007071 -10.383041382 -2.297532806 0.473012328 0.410691915
58 14.125000000 -0.000013828 -0.000022888 0.043723747 0.018580906 -0.004774183
59 20.265319824 -0.000000477 -0.000007629 -0.025540400 -0.106887076 -0.101724352
60 20.265342712 0.000005722 -0.000015259 -0.028638708 0.018376606 0.327176881
61 20.265625000 -0.000003815 -0.000015259 -0.203890912 -0.082032482 0.140314597
62 0.430786133 8.824709892 -7.827404499 -2.142181351 0.417414443 0.498946339
63 12.544555664 0.000013828 0.000000000 0.284093670 0.071918756 -0.140797048
64 19.343750000 -0.000008106 -0.000007629 -0.046835582 -0.007884575 -0.202545841
65 19.343750000 0.000015259 -0.000022888 -0.050297593 0.022922318 0.291633132
66 19.343750000 0.000003815 -0.000053406 -0.176048688 -0.077987397 0.109691698
67 -0.019577026 12.396468163 -3.323732376 -1.857193430 0.207144213 0.502672841
68 11.042076111 -0.000007629 0.000000000 0.318853494 -0.015543869 -0.165382891
69 19.073402405 0.000000954 -0.000045776 -0.051402438 -0.007118155 -0.235220784
70 19.073383331 0.000007629 -0.000022888 -0.063749722 0.013370570 0.251467716
71 19.073938370 0.000011444 -0.000038147 -0.061339854 -0.110193747 0.030369341
72 0.143447876 12.177960396 2.328406334 -1.480949617 -0.009808474 0.473391589
73 10.827331543 -0.000015259 0.000007629 0.137336050 -0.116400905 -0.029681713
74 18.731575012 0.000006676 -0.000007629 -0.044329026 -0.033392190 -0.191077891
75 18.731582642 -0.000001907 -0.000068665 -0.065259404 0.010731115 0.221368069
76 18.732156754 0.000026703 0.000030518 0.071579484 -0.210720209 -0.042142089
77 0.706573486 9.159471512 6.887772083 -0.966547251 -0.120397537 0.228970927
78 10.843391418 0.000002861 0.000007629 0.019945935 -0.251141390 0.037072377
79 18.864524841 -0.000005722 -0.000038147 -0.035136355 -0.032859848 -0.159411692
80 18.864490509 0.000011444 0.000000000 -0.059796723 -0.011633659 0.166950111
81 18.865070343 0.000007629 -0.000030518 0.160287234 -0.309795774 -0.073286154
82 0.842941284 2.753787041 9.486444473 -0.700979914 -0.063184415 0.097229564
83 10.832794189 -0.000000477 0.000022888 0.296994371 -0.298178853 -0.054550543
84 19.399604797 -0.000003338 -0.000045776 -0.015096711 -0.114955181 -0.136540993
85 19.399612427 0.000001907 0.000007629 -0.046140645 -0.040451475 0.113343655
86 19.400196075 0.000013351 0.000000000 0.022551091 -0.431627043 0.052770898
87 23.268287659 -2.187744141 -3.705848694 -1.456154893 0.000364046 -1.570479669
88 11.648437500 -0.000026703 0.000015259 -1.191969815 0.174103543 0.718415489
89 19.962633133 1.182586670 -0.494768620 2.827724317 1.210077460 -0.137379431
90 25.357299805 1.346649170 -0.632635593 -2.273140307 1.095484403 1.023095166
91 10.585937500 0.000000000 -0.000007629 -0.623342345 0.227380332 0.017522868
92 29.775829315 0.000030518 -0.000046253 0.509916794 0.827154160 -1.160381106
93 22.736793518 -0.004581451 -0.007385254 -0.567665312 -0.170646603 -2.892178389
94 0.073730469 -0.706542969 -0.275878906 -2.449029038 0.949911306 -0.465502311
95 13.120185852 -0.000007629 -0.000015259 -1.405076887 0.692909297 -1.083891005
96 12.350067139 0.000000000 -0.000007629 -0.848514648 0.384116714 -0.147149482
97 15.541221619 -0.000030518 0.000007629 -0.521458964 0.190189137 -0.555656960
98 14.906250000 -0.000001907 0.000000000 -0.715843684 0.467771252 -0.704807980
99 14.182815552 -0.000007629 0.000000000 -0.283333724 0.549248055 0.014841277
100 6.140625000 -0.523925781 -0.378906250 -0.625194360 0.756188629 -0.157628815
101 11.348457336 -0.000007629 -0.000022888 -2.225086304 -0.667383535 -0.867792957
102 12.005233765 0.000007629 -0.000011444 -0.437764754 0.260277409 -0.141315441
103 15.865589142 -0.000030518 0.000015259 -0.598821571 -0.098847632 -0.543626463
104 14.851562500 -0.000015259 -0.000015259 -0.602882039 0.530800985 0.013362101
105 12.538963318 -0.414989471 -0.272308350 -0.231733335 0.609536114 0.038295171
106 10.619369507 -0.000015259 0.000015259 -2.926650299 -0.712383608 -0.560874092
107 12.043014526 -0.000015259 0.000009537 -0.123396270 0.334400054 -0.041286368
108 15.310379028 -0.000022888 -0.000007629 -0.424886648 0.499187982 -0.010729644
109 19.857894897 -0.000003815 -0.000015259 -0.140803543 0.610335705 0.187841015
110 10.617187500 -0.000015259 0.000015259 -0.087620322 -0.809034160 -0.493985523
111 11.091690063 -0.000015259 -0.000038147 -2.986256691 -0.393241841 -0.271582585
112 25.612243652 -0.000019073 -0.000137329 -0.964860271 -0.260129499 0.118751330
113 0.732421875 0.378173828 -0.043365479 -0.298448110 -0.042506783 0.541930270
114 9.421432495 0.000015259 -0.000019073 0.360626545 0.925566292 -0.183090914
115 3.208984375 0.000007629 0.000000000 -0.000856051 0.860846357 0.001031658
116 2.421092987 -0.000007629 0.000015259 -0.043036401 0.622439442 -0.041870124
117 0.783203125 0.134643555 -0.023925781 -0.156336213 -0.123510422 0.279151765
118 9.940948486 -0.000015259 0.000005722 0.156940826 0.930343403 -0.089257890
119 3.403709412 -0.000007629 -0.000015259 -0.006048037 0.656683852 -0.005707954
120 2.546609879 0.000007629 0.000000000 -0.038110356 0.644835858 -0.012733087
121 0.805175781 -0.000007629 -0.000011444 -0.007963538 -0.147251916 0.014089588
122 9.898437500 -0.000022888 0.000041962 -0.013519539 0.842282569 -0.001043158
123 3.537033081 -0.000015259 0.000000000 0.014337229 0.546778080 0.002854942
124 2.507812500 -0.000007629 0.000000000 0.001189873 0.577239660 0.007646629
125 0.821777344 -0.246826172 -0.028762817 0.155124828 -0.087466036 -0.272238366
126 9.687484741 -0.000015259 0.000007629 -0.211718941 0.781722057 0.168207529
127 3.679679871 -0.000007629 0.000015259 -0.002077321 0.581831668 -0.002424027
128 2.700599670 -0.000015259 -0.000030518 0.024996218 0.626238431 0.030959007
129 0.519042969 -0.395996094 -0.161987305 0.477878787 0.316754060 -0.763355711
130 6.753906250 -0.000007629 -0.000053406 -0.574483850 0.626140537 0.006934877
131 4.462646484 -0.000028610 -0.000015259 -0.077791836 0.010175756 0.138879881
132 22.736747742 0.004577637 -0.007293701 0.560374477 -0.218235564 -2.564737759
133 0.073730469 0.706542969 -0.276367188 2.266651954 0.714521583 0.466957708
134 13.119331360 0.000015259 0.000015259 0.689941951 -0.105154655 0.277178516
135 12.350997925 0.000003815 -0.000015259 0.382099695 -0.298436644 -0.111906985
136 15.540870667 0.000001907 0.000000000 -0.047208941 -0.892868727 -0.379136481
137 14.906250000 0.000003815 0.000015259 0.300255265 -0.883425123 -1.041684342
138 14.182882309 0.000007629 0.000000000 0.036456966 0.293179023 -0.035023831
139 6.140625000 0.523925781 -0.378662109 0.372300220 0.710163809 0.267553531
140 11.348968506 -0.000007629 0.000011444 2.127529138 -0.183883626 -0.116552009
141 12.004653931 -0.000022888 -0.000015259 -0.010496117 -0.354184946 -0.454370147
142 15.865951538 0.000015259 0.000000000 0.125320008 -0.330278405 -1.241013745
143 14.851562500 0.000000000 0.000007629 0.294656864 0.297502732 -0.091129862
144 12.539047241 0.414970398 -0.272766113 0.016904861 0.642057252 0.120029249
145 10.619094849 0.000007629 -0.000015259 2.691897466 0.000476498 -0.210081952
146 12.043624878 -0.000015259 -0.000007629 -0.252587739 -0.758921514 -0.423281503
147 15.309890747 -0.000015259 0.000007629 0.059264817 0.278562059 -0.088866528
148 19.857978821 0.000007629 0.000045776 -0.134709561 0.621281810 -0.079734172
149 10.617187500 -0.000003815 -0.000007629 -0.019695660 -0.037617200 -0.106478207
150 11.091804504 0.000005245 0.000000000 2.408747102 -0.070262354 -0.037050121
151 0.732421875 -0.378417969 -0.043029785 0.298829922 -0.043211786 -0.541974052
152 9.421354294 -0.000015259 0.000003815 -0.470241755 1.108872100 0.050969701
153 3.208984375 0.000015259 0.000015259 0.000857873 1.057455893 -0.001098300
154 2.421081543 -0.000015259 -0.000017166 0.043174526 0.819359608 0.045011662
155 0.783203125 -0.134643555 -0.023727417 0.156625597 -0.124254089 -0.279237635
156 9.941059113 -0.000015259 -0.000038147 -0.258870176 1.208138449 -0.026394740
157 3.403720856 0.000000000 0.000038147 -0.009093961 0.939657871 -0.001132441
158 2.546592712 -0.000015259 -0.000030518 0.050622334 0.928087349 0.026112669
159 0.805175781 0.000000000 0.000000000 0.007970885 -0.148203970 -0.014094421
160 9.898437500 0.000015259 0.000022888 0.008520768 1.208195160 -0.016983373
161 3.537109375 0.000015259 0.000000000 -0.000193491 0.912542382 0.000193491
162 2.507812500 -0.000015259 0.000011444 0.000320821 0.943623568 -0.000320821
163 0.821777344 0.246826172 -0.027450562 -0.159278522 -0.089935316 0.262099402
164 9.687316895 0.000022888 -0.000053406 0.342851519 1.121789534 -0.008737843
165 3.679668427 -0.000015259 0.000030518 -0.002974323 0.934332562 -0.000146806
166 2.700630188 -0.000015259 -0.000019073 -0.032371169 0.978263485 -0.042071145
167 0.519531250 0.395996094 -0.161743164 -0.478495596 0.316187846 0.763124936
168 6.753906250 0.000005722 -0.000015259 0.300769486 0.115172368 -0.360966190
169 4.462753296 0.000007629 0.000030518 0.078557963 0.005930337 -0.087042230
170 86.264892578 -0.000015259 -0.000001907 2.287226002 -1.162011602 0.844829933
171 2.875000000 0.000015259 0.000015259 0.296348790 0.644226277 0.363769833
172 8.134399414 -0.000015259 -0.000015259 0.089341165 0.113978013 0.485254169
173 8.134380341 0.000000000 0.000001907 0.019887763 0.050100653 0.069590536
174 8.134401321 0.000000000 0.000017166 -0.008015001 0.037826919 -0.017504737
175 8.134383202 -0.000030518 0.000011444 -0.087951629 0.054945436 -0.010110978
176 8.134395599 0.000000000 -0.000015259 -0.092839944 0.061668054 0.012176993
177 8.134382248 0.000000000 0.000000000 -0.101149179 0.070587438 0.053424228
178 8.134397507 -0.000015259 -0.000007629 -0.112786197 0.075125448 0.115478717
179 8.132812500 -0.000015259 -0.000007629 -0.127883179 0.307949061 0.300876552
180 86.264892578 -0.000015259 -0.000001907 -1.586408454 -0.259261671 -1.721946116
181 2.875000000 0.000007629 -0.000030518 -0.056461856 0.565231015 0.088129250
182 8.134384155 0.000000000 -0.000045776 -0.100068672 -0.132488603 -0.482835193
183 8.134407043 0.000000000 -0.000015259 -0.124886954 0.038026563 -0.137595238
184 8.134418488 0.000000000 -0.000030518 -0.117548891 0.065475940 -0.039758632
185 8.134395599 0.000007629 0.000000000 -0.324716663 0.070176266 -0.049747814
186 8.134393692 0.000000000 0.000030518 -0.295812956 0.037301842 -0.009137065
187 8.134375572 0.000015259 -0.000030518 -0.280735526 -0.022076653 0.011575911
188 8.134401321 0.000000000 -0.000007629 -0.255174819 -0.088657718 -0.013184427
189 8.132812500 0.000015259 -0.000003815 -0.319937314 0.288872701 -0.263046202
190 25.357383728 -1.346624374 -0.631866455 2.035258480 1.087135502 -1.241280767
191 10.586959839 0.000000000 -0.000030518 0.640407028 0.095145454 -0.118404166
192 19.962806702 -1.182567596 -0.493774414 -2.827724317 1.210077460 0.137379431
193 26.542930603 -0.000061035 5.258399963 -0.014693344 -0.656406066 -3.118260571
194 5.210937500 -0.000001907 0.000015259 -0.013315889 0.210825674 -0.077377570
195 11.580818176 -0.000003815 0.000000000 0.000000000 0.373150501 0.000000000
196 30.590766907 -0.110170364 0.305751801 -0.415494196 -0.360656384 0.185828457
197 7.470642090 0.014274597 0.148304462 0.353743669 0.482703788 -0.068474601
198 9.857986450 6.173837662 -12.156152725 2.343721255 0.103353816 3.040407058
199 9.858200073 -6.068101883 -12.208473206 -2.352349825 0.104146931 -3.041265021
200 20.049377441 0.061208725 -14.093132019 3.134587295 0.926499159 3.136067236
201 5.580169678 -0.000003815 0.000015259 0.109716509 0.642748991 0.167192780
202 6.841293335 0.000000000 -0.000015259 -0.108146168 -0.440375685 0.474166769
203 6.916397095 0.000007629 0.000000000 -0.284057675 0.169796178 -0.000010178
204 24.600051880 -1.878301620 -11.667308807 -2.002800253 -0.732025296 -0.963281651
205 24.600051880 -1.878301620 -11.667308807 -1.536345236 -0.230748013 -1.702389711
206 24.600051880 -1.878301620 -11.667308807 -1.665549243 0.097947933 -2.370679697
207 24.599975586 1.980123520 -11.650838852 2.009399481 -0.739004495 0.958897021
208 24.599975586 1.980123520 -11.650838852 1.535182712 -0.239155086 1.702686470
209 24.599975586 1.980123520 -11.650838852 1.659403831 0.091981346 2.370144970
210 7.570632935 3.876308441 6.930503845 -2.049238070 1.047095500 -0.535595520
211 7.418075562 -3.974512100 7.604160309 1.014907748 -1.024031318 -2.618339091
212 -86.807075500 0.000003206 0.000005000 0.000000000 0.000000000 0.000244115
213 0.000000000 -0.000000000 0.000000000 0.000000000 0.000000000 0.000244115
214 0.000000000 -0.000000000 0.000000000 0.000000000 0.000000000 0.000244115
215 0.000000000 -0.000000000 0.000000000 0.000000000 0.000000000 0.000244115
216 0.000000000 -0.000000000 0.000000000 0.000000000 0.000000000 0.000244115
217 0.000000000 -0.000000000 0.000000000 0.000000000 0.000000000 0.000244115
218 0.000000000 -0.000000000 0.000000000 0.000000000 0.000000000 0.000244115
219 0.000000000 -0.000000000 0.000000000 0.000000000 0.000000000 0.000244115
220 0.000000000 -0.000000000 0.000000000 0.000000000 0.000000000 0.000244115
221 0.000000000 -0.000000000 0.000000000 0.000000000 0.000000000 0.000244115
222 0.000000000 -0.000000000 0.000000000 0.000000000 0.000000000 0.000244115
223 0.000000000 -0.000000000 0.000000000 0.000000000 0.000000000 0.000244115
time 23
0 0.000000072 -1.649013996 0.137426004 -0.067128044 -1.570540158 -1.637924371
1 88.476776123 -0.000062061 -0.000010272 3.003554736 -0.003053205 3.137477572
2 -43.495697021 -0.000050783 4.662868023 0.322459824 0.028938225 3.123909345
3 9.507705688 0.000008076 -0.000020981 -0.492547038 0.302485325 -0.060121698
4 23.267890930 2.189104080 -3.705398560 1.505379534 0.281787913 1.548139583
5 11.648437500 0.000019073 0.000015259 -0.297268451 -0.221933497 1.575074547
6 29.776130676 -0.000032425 -0.000122070 0.928108416 -0.111416203 0.922431919
7 25.612236023 0.000019073 0.000091553 0.903245652 0.184710941 -0.373248721
8 8.674331665 -1.907150269 -2.936546326 -0.551336544 -0.109697996 1.608018152
9 0.000000000 -0.000000000 0.000000000 0.000000000 0.000000000 0.000244115
10 -43.495697021 -0.000050783 4.662868023 0.119168030 0.041128644 0.002021417
11 21.580322266 10.273416519 -4.495086193 -0.103221069 -0.045438427 0.040908498
12 45.674186707 0.000022888 0.000018120 3.050765453 0.501045009 -0.050102701
13 55.039104462 -0.000032425 -0.000024796 2.978385674 1.122959093 -0.097279491
14 21.580268860 -10.273574829 -4.495070934 -0.039793778 -0.520859515 0.034997518
15 45.674209595 0.000012636 -0.000041962 3.030606987 0.562644441 -0.030663949
16 55.039146423 -0.000030041 -0.000012398 2.984273850 0.728237831 -0.085069491
17 0.161682129 -1.532184362 -10.638454437 2.939244410 0.561478846 -0.160927207
18 14.463745117 -0.000010490 0.000007629 -0.134218508 0.063998397 0.115215030
19 20.708938599 -0.000022888 -0.000045776 0.028375832 -0.189644041 -0.139120555
20 20.709026337 -0.000004768 -0.000015259 -0.003263904 -0.159146151 0.280343800
21 20.709554672 -0.000007629 0.000000000 -0.024103225 -0.122754852 0.069731897
22 0.118835449 -3.636024952 -10.382871628 2.403355456 0.456149791 -0.445710754
23 14.125000000 -0.000022411 -0.000022888 -0.090628494 0.044326198 0.114645347
24 20.265335083 -0.000008583 -0.000022888 0.051730462 -0.199140198 -0.146643702
25 20.265331268 -0.000009298 -0.000015259 0.015029028 -0.176315386 0.256579879
26 20.265625000 -0.000025749 -0.000030518 0.025051043 -0.061273774 0.070756897
27 0.430786133 -8.824711800 -7.827316761 2.245396402 0.401741640 -0.530351868
28 12.544487000 0.000007629 -0.000015259 -0.284634218 0.079075435 0.261338681
29 19.343734741 -0.000009537 -0.000022888 0.062961250 -0.168336708 -0.146783870
30 19.343750000 0.000000477 -0.000038147 0.028503852 -0.164096704 0.228046189
31 19.343750000 -0.000011444 -0.000015259 0.005791126 -0.037959665 0.118494315
32 -0.019668579 -12.396470070 -3.323644400 1.970059355 0.175490575 -0.538270588
33 11.042068481 0.000009537 -0.000015259 -0.335424681 0.010300234 0.281450438
34 19.073440552 -0.000001907 -0.000038147 0.064412545 -0.142444284 -0.149573562
35 19.073348999 0.000000000 -0.000038147 0.033847448 -0.155957368 0.173711923
36 19.073877335 0.000003338 -0.000045776 -0.100507040 -0.052747574 0.221303423
37 0.143402100 -12.177965164 2.328495502 1.476344784 -0.122550032 -0.494028363
38 10.827301025 0.000015259 -0.000030518 -0.183976323 -0.078492250 0.170427753
39 18.731544495 0.000005722 -0.000007629 0.052866555 -0.107955479 -0.157971740
40 18.731605530 0.000007629 -0.000030518 0.026212243 -0.103607802 0.137575336
41 18.732204437 0.000014305 -0.000030518 -0.235287872 -0.119923676 0.322600722
42 0.706604004 -9.159463882 6.887689114 0.943092150 -0.193346016 -0.184694662
43 10.843421936 0.000003815 -0.000026703 -0.122327215 -0.234294249 0.106308266
44 18.864501953 0.000017166 -0.000022888 0.034374904 -0.127613928 -0.117485688
45 18.864482880 0.000011444 0.000007629 0.008584127 -0.095060865 0.106884310
46 18.864948273 0.000018120 -0.000030518 -0.345417470 -0.210093502 0.375254962
47 0.843017578 -2.753788710 9.486446381 0.682194128 -0.115882481 -0.037414427
48 10.832740784 0.000012398 0.000003815 -0.407757595 -0.256983939 0.194702875
49 19.399497986 0.000001907 -0.000030518 0.017202940 -0.120023591 -0.137511576
50 19.399696350 0.000017643 -0.000015259 -0.009461184 -0.066208488 0.063888692
51 19.400085449 0.000020027 0.000000000 -0.254946054 -0.382425547 0.291041493
52 0.161651611 1.532161474 -10.638372421 -3.028825415 0.580967637 0.016600864
53 14.463714600 -0.000010490 -0.000015259 0.060873183 0.048979686 -0.014489425
54 20.708969116 -0.000022888 -0.000007629 0.003159292 -0.167814650 -0.152954628
55 20.709014893 -0.000004768 -0.000007629 -0.023638503 -0.111653038 0.297219295
56 20.709592819 0.000015259 -0.000045776 -0.173004977 -0.122997935 0.134714589
57 0.118759155 3.636007071 -10.383041382 -2.328555902 0.475587332 0.400195404
58 14.125000000 -0.000013828 -0.000022888 0.025016833 0.028244823 -0.001286970
59 20.265319824 -0.000000477 -0.000007629 -0.020661456 -0.112028397 -0.204278319
60 20.265342712 0.000005722 -0.000015259 -0.039123900 -0.044491313 0.282714101
61 20.265625000 -0.000003815 -0.000015259 -0.208430324 -0.081735797 0.142852390
62 0.430786133 8.824709892 -7.827404499 -2.172054442 0.422453960 0.490511904
63 12.544555664 0.000013828 0.000000000 0.257227310 0.069246365 -0.135207593
64 19.343750000 -0.000008106 -0.000007629 -0.046376271 -0.009233968 -0.287079201
65 19.343750000 0.000015259 -0.000022888 -0.053403800 0.004084176 0.226780978
66 19.343750000 0.000003815 -0.000053406 -0.180246942 -0.077772451 0.112635435
67 -0.019577026 12.396468163 -3.323732376 -1.885059201 0.212223930 0.500951578
68 11.042076111 -0.000007629 0.000000000 0.292310215 -0.022390737 -0.159724463
69 19.073402405 0.000000954 -0.000045776 -0.051628574 0.002078171 -0.313037093
70 19.073383331 0.000007629 -0.000022888 -0.063591557 0.009058769 0.178024986
71 19.073938370 0.000011444 -0.000038147 -0.065258196 -0.110375603 0.033880537
72 0.143447876 12.177960396 2.328406334 -1.508297042 -0.005598619 0.477423446
73 10.827331543 -0.000015259 0.000007629 0.114753050 -0.118209911 -0.028190835
74 18.731575012 0.000006676 -0.000007629 -0.042133048 -0.025599959 -0.274290974
75 18.731582642 -0.000001907 -0.000068665 -0.065357234 0.001630154 0.166127329
76 18.732156754 0.000026703 0.000030518 0.067922536 -0.211267567 -0.037863743
77 0.706573486 9.159471512 6.887772083 -0.994338610 -0.122901204 0.236091130
78 10.843391418 0.000002861 0.000007629 -0.000280722 -0.258243464 0.039033438
79 18.864524841 -0.000005722 -0.000038147 -0.032777967 -0.023384171 -0.227600861
80 18.864490509 0.000011444 0.000000000 -0.057455347 -0.003388401 0.119766975
81 18.865070343 0.000007629 -0.000030518 0.156587886 -0.310045618 -0.068687174
82 0.842941284 2.753787041 9.486444473 -0.728030482 -0.069367161 0.102699862
83 10.832794189 -0.000000477 0.000022888 0.278623873 -0.307086968 -0.052741505
84 19.399604797 -0.000003338 -0.000045776 -0.011629968 -0.098517650 -0.189671233
85 19.399612427 0.000001907 0.000007629 -0.042570243 -0.038413248 0.062137538
86 19.400196075 0.000013351 0.000000000 0.018674276 -0.430530888 0.057689941
87 23.268287659 -2.187744141 -3.705848694 -1.456154893 0.000364046 -1.570479669
88 11.648437500 -0.000026703 0.000015259 -1.191969815 0.174103543 0.718415489
89 19.962633133 1.182586670 -0.494768620 2.827724317 1.210077460 -0.137379431
90 25.357299805 1.346649170 -0.632635593 -2.278567214 1.351519017 0.976437564
91 10.585937500 0.000000000 -0.000007629 -0.623342345 0.227380332 0.017522868
92 29.775829315 0.000030518 -0.000046253 0.509916794 0.827154160 -1.160381106
93 22.736793518 -0.004581451 -0.007385254 -0.567665312 -0.170646603 -2.892178389
94 0.073730469 -0.706542969 -0.275878906 -2.264880803 1.076506843 -0.288183433
95 13.120185852 -0.000007629 -0.000015259 -1.531653414 0.706290804 -1.307078584
96 12.350067139 0.000000000 -0.000007629 -0.836234442 0.473844440 -0.128993621
97 15.541221619 -0.000030518 0.000007629 -0.495137017 0.144776784 -0.547431409
98 14.906250000 -0.000001907 0.000000000 -0.740982209 0.395596859 -0.808610351
99 14.182815552 -0.000007629 0.000000000 -0.283336899 0.547779140 0.015952825
100 6.140625000 -0.523925781 -0.378906250 -0.405236254 0.822799514 0.067839949
101 11.348457336 -0.000007629 -0.000022888 -2.108546275 -0.764757372 -1.020439552
102 12.005233765 0.000007629 -0.000011444 -0.421139669 0.339597578 -0.113264502
103 15.865589142 -0.000030518 0.000015259 -0.565297358 -0.168223907 -0.513167537
104 14.851562500 -0.000015259 -0.000015259 -0.602877378 0.529158505 0.014995867
105 12.538963318 -0.414989471 -0.272308350 -0.039292865 0.647963472 0.247636297
106 10.619369507 -0.000015259 0.000015259 -2.858726434 -0.824937916 -0.643452027
107 12.043014526 -0.000015259 0.000009537 -0.092774562 0.402841050 0.019584232
108 15.310379028 -0.000022888 -0.000007629 -0.425182285 0.497283188 -0.009480903
109 19.857894897 -0.000003815 -0.000015259 0.041719502 0.655034483 0.385122955
110 10.617187500 -0.000015259 0.000015259 -0.046971646 -0.919408215 -0.533802478
111 11.091690063 -0.000015259 -0.000038147 -2.989006862 -0.391915176 -0.270869945
112 25.612243652 -0.000019073 -0.000137329 -0.964860271 -0.260129499 0.118751330
113 0.732421875 0.378173828 -0.043365479 -0.298448110 -0.042506783 0.541930270
114 9.421432495 0.000015259 -0.000019073 0.360626545 0.925566292 -0.183090914
115 3.208984375 0.000007629 0.000000000 -0.000856051 0.860846357 0.001031658
116 2.421092987 -0.000007629 0.000015259 -0.043036401 0.622439442 -0.041870124
117 0.783203125 0.134643555 -0.023925781 -0.156336213 -0.123510422 0.279151765
118 9.940948486 -0.000015259 0.000005722 0.156940826 0.930343403 -0.089257890
119 3.403709412 -0.000007629 -0.000015259 -0.006048037 0.656683852 -0.005707954
120 2.546609879 0.000007629 0.000000000 -0.038110356 0.644835858 -0.012733087
121 0.805175781 -0.000007629 -0.000011444 -0.007963538 -0.147251916 0.014089588
122 9.898437500 -0.000022888 0.000041962 -0.013519539 0.842282569 -0.001043158
123 3.537033081 -0.000015259 0.000000000 0.014337229 0.546778080 0.002854942
124 2.507812500 -0.000007629 0.000000000 0.001189873 0.577239660 0.007646629
125 0.821777344 -0.246826172 -0.028762817 0.155124828 -0.087466036 -0.272238366
126 9.687484741 -0.000015259 0.000007629 -0.211718941 0.781722057 0.168207529
127 3.679679871 -0.000007629 0.000015259 -0.002077321 0.581831668 -0.002424027
128 2.700599670 -0.000015259 -0.000030518 0.024996218 0.626238431 0.030959007
129 0.519042969 -0.395996094 -0.161987305 0.477878787 0.316754060 -0.763355711
130 6.753906250 -0.000007629 -0.000053406 -0.574483850 0.626140537 0.006934877
131 4.462646484 -0.000028610 -0.000015259 -0.077791836 0.010175756 0.138879881
132 22.736747742 0.004577637 -0.007293701 0.520508634 -0.151697395 -2.558117192
133 0.073730469 0.706542969 -0.276367188 2.225285554 0.565473909 0.410890614
134 13.119331360 0.000015259 0.000015259 0.666862047 -0.093464263 0.388849151
135 12.350997925 0.000003815 -0.000015259 0.350139056 -0.125950722 0.034611684
136 15.540870667 0.000001907 0.000000000 -0.191432626 -0.518304524 -0.219867767
137 14.906250000 0.000003815 0.000015259 0.084292823 -0.599785906 -0.945928527
138 14.182882309 0.000007629 0.000000000 0.051576055 0.311930835 -0.038304879
139 6.140625000 0.523925781 -0.378662109 0.310088046 0.545453389 0.213255442
140 11.348968506 -0.000007629 0.000011444 2.118478165 -0.319072692 -0.138512827
141 12.004653931 -0.000022888 -0.000015259 -0.103706520 -0.191382088 -0.183533394
142 15.865951538 0.000015259 0.000000000 -0.095136793 -0.083634396 -0.865088814
143 14.851562500 0.000000000 0.000007629 0.307470080 0.317160351 -0.092496563
144 12.539047241 0.414970398 -0.272766113 -0.029992414 0.462585876 0.076859142
145 10.619094849 0.000007629 -0.000015259 2.684268054 -0.166239220 -0.248695569
146 12.043624878 -0.000015259 -0.000007629 -0.413861463 -0.408173774 -0.224399583
147 15.309890747 -0.000015259 0.000007629 0.071614763 0.298375998 -0.092776842
148 19.857978821 0.000007629 0.000045776 -0.170283082 0.423445408 -0.111122286
149 10.617187500 -0.000003815 -0.000007629 0.011921220 -0.225056644 -0.140708796
150 11.091804504 0.000005245 0.000000000 2.456919952 -0.092404209 0.027814058
151 0.732421875 -0.378417969 -0.043029785 0.298829922 -0.043211786 -0.541974052
152 9.421354294 -0.000015259 0.000003815 -0.470241755 1.108872100 0.050969701
153 3.208984375 0.000015259 0.000015259 0.000857873 1.057455893 -0.001098300
154 2.421081543 -0.000015259 -0.000017166 0.043174526 0.819359608 0.045011662
155 0.783203125 -0.134643555 -0.023727417 0.156625597 -0.124254089 -0.279237635
156 9.941059113 -0.000015259 -0.000038147 -0.258870176 1.208138449 -0.026394740
157 3.403720856 0.000000000 0.000038147 -0.009093961 0.939657871 -0.001132441
158 2.546592712 -0.000015259 -0.000030518 0.050622334 0.928087349 0.026112669
159 0.805175781 0.000000000 0.000000000 0.007970885 -0.148203970 -0.014094421
160 9.898437500 0.000015259 0.000022888 0.008520768 1.208195160 -0.016983373
161 3.537109375 0.000015259 0.000000000 -0.000193491 0.912542382 0.000193491
162 2.507812500 -0.000015259 0.000011444 0.000320821 0.943623568 -0.000320821
163 0.821777344 0.246826172 -0.027450562 -0.158545132 -0.089537186 0.264034643
164 9.687316895 0.000022888 -0.000053406 0.342851519 1.121789534 -0.008737843
165 3.679668427 -0.000015259 0.000030518 -0.002974323 0.934332562 -0.000146806
166 2.700630188 -0.000015259 -0.000019073 -0.032371169 0.978263485 -0.042071145
167 0.519531250 0.395996094 -0.161743164 -0.478495596 0.316187846 0.763124936
168 6.753906250 0.000005722 -0.000015259 0.300769486 0.115172368 -0.360966190
169 4.462753296 0.000007629 0.000030518 0.078557963 0.005930337 -0.087042230
170 86.264892578 -0.000015259 -0.000001907 2.367641897 -1.330267305 0.799096165
171 2.875000000 0.000015259 0.000015259 0.316670250 0.605901689 0.398200507
172 8.134399414 -0.000015259 -0.000015259 0.049642246 -0.012162376 0.277411522
173 8.134380341 0.000000000 0.000001907 0.022475754 0.006183451 0.010514577
174 8.134401321 0.000000000 0.000017166 0.002684421 0.013536678 -0.049879273
175 8.134383202 -0.000030518 0.000011444 -0.072778228 0.031179313 -0.047786993
176 8.134395599 0.000000000 -0.000015259 -0.074213307 0.037382096 -0.042685886
177 8.134382248 0.000000000 0.000000000 -0.080179575 0.047548290 -0.022992144
178 8.134397507 -0.000015259 -0.000007629 -0.089914066 0.056359533 0.015702597
179 8.132812500 -0.000015259 -0.000007629 -0.130651511 0.313883091 0.308833715
180 86.264892578 -0.000015259 -0.000001907 -1.583959294 -0.291681789 -1.734344503
181 2.875000000 0.000007629 -0.000030518 -0.071489891 0.531237984 0.061659114
182 8.134384155 0.000000000 -0.000045776 -0.108876880 -0.100743388 -0.506866753
183 8.134407043 0.000000000 -0.000015259 -0.125706780 0.051076836 -0.148776525
184 8.134418488 0.000000000 -0.000030518 -0.117167012 0.076563379 -0.050183575
185 8.134395599 0.000007629 0.000000000 -0.323113645 0.087819643 -0.064836199
186 8.134393692 0.000000000 0.000030518 -0.289144160 0.073715531 -0.022869498
187 8.134375572 0.000015259 -0.000030518 -0.264835268 0.041789508 0.010372024
188 8.134401321 0.000000000 -0.000007629 -0.230615562 0.002978137 0.015209227
189 8.132812500 0.000015259 -0.000003815 -0.322624494 0.291587942 -0.267008543
190 25.357383728 -1.346624374 -0.631866455 1.807599288 0.972772248 -1.491017599
191 10.586959839 0.000000000 -0.000030518 0.636904639 0.123418144 -0.096846490
192 19.962806702 -1.182567596 -0.493774414 -2.827724317 1.210077460 0.137379431
193 26.542930603 -0.000061035 5.258399963 -0.016795748 -0.667601956 -3.115028540
194 5.210937500 -0.000001907 0.000015259 -0.012330625 0.195587925 -0.074341764
195 11.580818176 -0.000003815 0.000000000 0.000000000 0.373150501 0.000000000
196 30.590766907 -0.110170364 0.305751801 -0.365244094 -0.370705178 0.168876107
197 7.470642090 0.014274597 0.148304462 0.290936658 0.461394305 -0.058645560
198 9.857986450 6.173837662 -12.156152725 2.343721255 0.103353816 3.040407058
199 9.858200073 -6.068101883 -12.208473206 -2.352349825 0.104146931 -3.041265021
200 20.049377441 0.061208725 -14.093132019 3.134587295 0.926499159 3.136067236
201 5.580169678 -0.000003815 0.000015259 0.085372190 0.673269704 0.125478590
202 6.841293335 0.000000000 -0.000015259 -0.109987843 -0.409101785 0.506833969
203 6.916397095 0.000007629 0.000000000 -0.284057675 0.169796178 -0.000010178
204 24.600051880 -1.878301620 -11.667308807 -2.002800253 -0.732025296 -0.963281651
205 24.600051880 -1.878301620 -11.667308807 -1.536345236 -0.230748013 -1.702389711
206 24.600051880 -1.878301620 -11.667308807 -1.665549243 0.097947933 -2.370679697
207 24.599975586 1.980123520 -11.650838852 2.009399481 -0.739004495 0.958897021
208 24.599975586 1.980123520 -11.650838852 1.535182712 -0.239155086 1.702686470
209 24.599975586 1.980123520 -11.650838852 1.659403831 0.091981346 2.370144970
210 7.570632935 3.876308441 6.930503845 -2.049238070 1.047095500 -0.535595520
211 7.418075562 -3.974512100 7.604160309 1.014907748 -1.024031318 -2.618339091
212 -86.807075500 0.000003206 0.000005000 0.000000000 0.000000000 0.000244115
213 0.000000000 -0.000000000 0.000000000 0.000000000 0.000000000 0.000244115
214 0.000000000 -0.000000000 0.000000000 0.000000000 0.000000000 0.000244115
215 0.000000000 -0.000000000 0.000000000 0.000000000 0.000000000 0.000244115
216 0.000000000 -0.000000000 0.000000000 0.000000000 0.000000000 0.000244115
217 0.000000000 -0.000000000 0.000000000 0.000000000 0.000000000 0.000244115
218 0.000000000 -0.000000000 0.000000000 0.000000000 0.000000000 0.000244115
219 0.000000000 -0.000000000 0.000000000 0.000000000 0.000000000 0.000244115
220 0.000000000 -0.000000000 0.000000000 0.000000000 0.000000000 0.000244115
221 0.000000000 -0.000000000 0.000000000 0.000000000 0.000000000 0.000244115
222 0.000000000 -0.000000000 0.000000000 0.000000000 0.000000000 0.000244115
223 0.000000000 -0.000000000 0.000000000 0.000000000 0.000000000 0.000244115
time 24
0 0.000000055 -1.264194012 0.104204997 2.938661300 -1.562032457 1.661423944
1 88.476776123 -0.000062061 -0.000010272 3.003554736 -0.003053205 3.137477572
2 -43.495697021 -0.000050783 4.662868023 0.247148439 0.031082427 3.128055328
3 9.507705688 0.000008076 -0.000020981 -0.410022285 0.304833880 -0.073843596
4 23.267890930 2.189104080 -3.705398560 1.494929313 0.221828095 1.553000702
5 11.648437500 0.000019073 0.000015259 -0.226428226 -0.237923477 1.732323410
6 29.776130676 -0.000032425 -0.000122070 0.957221539 -0.138360607 0.993201113
7 25.612236023 0.000019073 0.000091553 0.842004099 0.120652280 -0.362346004
8 8.674331665 -1.907150269 -2.936546326 -0.551336544 -0.109697996 1.608018152
9 0.000000000 -0.000000000 0.000000000 0.000000000 0.000000000 0.000244115
10 -43.495697021 -0.000050783 4.662868023 0.093205680 0.032162590 0.001500083
11 21.580322266 10.273416519 -4.495086193 -0.080168792 -0.046390277 0.041266064
12 45.674186707 0.000022888 0.000018120 3.077093765 0.501432648 -0.037116902
13 55.039104462 -0.000032425 -0.000024796 3.023907360 1.127009868 -0.067562194
14 21.580268860 -10.273574829 -4.495070934 -0.026633021 -0.515416864 0.024160454
15 45.674209595 0.000012636 -0.000041962 3.056446499 0.550676395 -0.022542251
16 55.039146423 -0.000030041 -0.000012398 3.014704080 0.730788242 -0.069059763
17 0.161682129 -1.532184362 -10.638454437 2.910227874 0.549185021 -0.173144616
18 14.463745117 -0.000010490 0.000007629 -0.147460315 0.077963011 0.126426113
19 20.708938599 -0.000022888 -0.000045776 0.034155639 -0.178087117 -0.232978249
20 20.709026337 -0.000004768 -0.000015259 -0.002217782 -0.222276758 0.195978210
21 20.709554672 -0.000007629 0.000000000 -0.028266029 -0.121460248 0.072045439
22 0.118835449 -3.636024952 -10.382871628 2.381160938 0.437373888 -0.452255044
23 14.125000000 -0.000022411 -0.000022888 -0.100881207 0.056430068 0.131005517
24 20.265335083 -0.000008583 -0.000022888 0.058590745 -0.187961286 -0.241473294
25 20.265331268 -0.000009298 -0.000015259 0.020022607 -0.231259373 0.165067840
26 20.265625000 -0.000025749 -0.000030518 0.021165628 -0.059260536 0.073053946
27 0.430786133 -8.824711800 -7.827316761 2.225573451 0.381340515 -0.534891067
28 12.544487000 0.000007629 -0.000015259 -0.292540716 0.091823336 0.278864701
29 19.343734741 -0.000009537 -0.000022888 0.069250168 -0.157412953 -0.238872005
30 19.343750000 0.000000477 -0.000038147 0.035788398 -0.203668510 0.134693330
31 19.343750000 -0.000011444 -0.000015259 0.002355311 -0.035339972 0.121067437
32 -0.019668579 -12.396470070 -3.323644400 1.951873665 0.154852137 -0.538246868
33 11.042068481 0.000009537 -0.000015259 -0.343823148 0.018826669 0.300597927
34 19.073440552 -0.000001907 -0.000038147 0.069612801 -0.130258319 -0.231710820
35 19.073348999 0.000000000 -0.000038147 0.043305388 -0.175871803 0.079323587
36 19.073877335 0.000003338 -0.000045776 -0.103333273 -0.050037557 0.224116650
37 0.143402100 -12.177965164 2.328495502 1.457590813 -0.142349552 -0.488788490
38 10.827301025 0.000015259 -0.000030518 -0.194384338 -0.075733841 0.191637891
39 18.731544495 0.000005722 -0.000007629 0.057939167 -0.100209708 -0.232881262
40 18.731605530 0.000007629 -0.000030518 0.034593557 -0.108758870 0.044375628
41 18.732204437 0.000014305 -0.000030518 -0.237666005 -0.116910434 0.325749954
42 0.706604004 -9.159463882 6.887689114 0.919074784 -0.206796174 -0.176701263
43 10.843421936 0.000003815 -0.000026703 -0.138186099 -0.236326184 0.125132614
44 18.864501953 0.000017166 -0.000022888 0.040102544 -0.113718138 -0.186820322
45 18.864482880 0.000011444 0.000007629 0.016219534 -0.095684766 0.031286032
46 18.864948273 0.000018120 -0.000030518 -0.347742202 -0.207004328 0.378639243
47 0.843017578 -2.753788710 9.486446381 0.656603178 -0.125594302 -0.031047038
48 10.832740784 0.000012398 0.000003815 -0.426040260 -0.259339679 0.209849102
49 19.399497986 0.000001907 -0.000030518 0.021015154 -0.102792813 -0.190224779
50 19.399696350 0.000017643 -0.000015259 -0.003541011 -0.058531175 0.000017306
51 19.400085449 0.000020027 0.000000000 -0.257911185 -0.379480438 0.295222554
52 0.161651611 1.532161474 -10.638372421 -3.060227376 0.573116131 0.002734652
53 14.463714600 -0.000010490 -0.000015259 0.044916860 0.060310097 -0.005468749
54 20.708969116 -0.000022888 -0.000007629 0.008427190 -0.158381749 -0.246768794
55 20.709014893 -0.000004768 -0.000007629 -0.026419209 -0.175101640 0.218687943
56 20.709592819 0.000015259 -0.000045776 -0.177252929 -0.122126767 0.136746960
57 0.118759155 3.636007071 -10.383041382 -2.359050951 0.478147495 0.389856809
58 14.125000000 -0.000013828 -0.000022888 0.006456518 0.036329523 0.003743217
59 20.265319824 -0.000000477 -0.000007629 -0.017735842 -0.101694375 -0.293159720
60 20.265342712 0.000005722 -0.000015259 -0.042338570 -0.091859789 0.204184661
61 20.265625000 -0.000003815 -0.000015259 -0.212432105 -0.081407790 0.145100153
62 0.430786133 8.824709892 -7.827404499 -2.201276069 0.427422686 0.482291783
63 12.544555664 0.000013828 0.000000000 0.230839583 0.066618033 -0.129751161
64 19.343750000 -0.000008106 -0.000007629 -0.047154238 -0.000675791 -0.355943765
65 19.343750000 0.000015259 -0.000022888 -0.053151579 -0.002637055 0.141538597
66 19.343750000 0.000003815 -0.000053406 -0.184088715 -0.077589457 0.115306661
67 -0.019577026 12.396468163 -3.323732376 -1.912401177 0.217084026 0.499188994
68 11.042076111 -0.000007629 0.000000000 0.266146737 -0.029194613 -0.154203005
69 19.073402405 0.000000954 -0.000045776 -0.053352197 0.017764700 -0.373861685
70 19.073383331 0.000007629 -0.000022888 -0.061512896 0.017431371 0.091643373
71 19.073938370 0.000011444 -0.000038147 -0.068814343 -0.110473482 0.037110348
72 0.143447876 12.177960396 2.328406334 -1.535182677 -0.001388953 0.481433239
73 10.827331543 -0.000015259 0.000007629 0.091955222 -0.119951592 -0.025868334
74 18.731575012 0.000006676 -0.000007629 -0.041762444 -0.009793056 -0.339783781
75 18.731582642 -0.000001907 -0.000068665 -0.062488672 0.003643949 0.091631588
76 18.732156754 0.000026703 0.000030518 0.064651818 -0.211783912 -0.033971525
77 0.706573486 9.159471512 6.887772083 -1.021576197 -0.125427768 0.243064857
78 10.843391418 0.000002861 0.000007629 -0.020552024 -0.264719657 0.041839075
79 18.864524841 -0.000005722 -0.000038147 -0.031565653 -0.009187185 -0.281873942
80 18.864490509 0.000011444 0.000000000 -0.053664837 0.010578648 0.059392125
81 18.865070343 0.000007629 -0.000030518 0.153293831 -0.310336764 -0.064419372
82 0.842941284 2.753787041 9.486444473 -0.754614590 -0.075423847 0.108146504
83 10.832794189 -0.000000477 0.000022888 0.259811240 -0.316675177 -0.050263049
84 19.399604797 -0.000003338 -0.000045776 -0.009803422 -0.078420481 -0.232340910
85 19.399612427 0.000001907 0.000007629 -0.038056059 -0.028482962 0.004945478
86 19.400196075 0.000013351 0.000000000 0.015071811 -0.429423057 0.062190552
87 23.268287659 -2.187744141 -3.705848694 -1.456154893 0.000364046 -1.570479669
88 11.648437500 -0.000026703 0.000015259 -1.191969815 0.174103543 0.718415489
89 19.962633133 1.182586670 -0.494768620 2.827724317 1.210077460 -0.137379431
90 25.357299805 1.346649170 -0.632635593 -2.695458153 1.524195136 0.530043964
91 10.585937500 0.000000000 -0.000007629 -0.623342345 0.227380332 0.017522868
92 29.775829315 0.000030518 -0.000046253 0.509916794 0.827154160 -1.160381106
93 22.736793518 -0.004581451 -0.007385254 -0.567665312 -0.170646603 -2.892178389
94 0.073730469 -0.706542969 -0.275878906 -1.902834525 1.222595709 0.063843305
95 13.120185852 -0.000007629 -0.000015259 -1.623672434 0.666474512 -1.498467684
96 12.350067139 0.000000000 -0.000007629 -0.835355229 0.599374017 -0.129661510
97 15.541221619 -0.000030518 0.000007629 -0.454522104 0.120381409 -0.483068462
98 14.906250000 -0.000001907 0.000000000 -0.732810615 0.295060286 -0.884829308
99 14.182815552 -0.000007629 0.000000000 -0.283335449 0.546221972 0.017077671
100 6.140625000 -0.523925781 -0.378906250 -0.107076948 0.894333423 0.368279270
101 11.348457336 -0.000007629 -0.000022888 -1.983325594 -0.877203631 -1.152426091
102 12.005233765 0.000007629 -0.000011444 -0.414312259 0.463370999 -0.104155562
103 15.865589142 -0.000030518 0.000015259 -0.533755534 -0.192227041 -0.427755603
104 14.851562500 -0.000015259 -0.000015259 -0.602825039 0.527372262 0.016779888
105 12.538963318 -0.414989471 -0.272308350 0.190644000 0.696510377 0.490690424
106 10.619369507 -0.000015259 0.000015259 -2.808525085 -0.947766518 -0.681922531
107 12.043014526 -0.000015259 0.000009537 -0.060819136 0.511980058 0.082573693
108 15.310379028 -0.000022888 -0.000007629 -0.425458598 0.495398316 -0.008140323
109 19.857894897 -0.000003815 -0.000015259 0.253907683 0.709498507 0.607778254
110 10.617187500 -0.000015259 0.000015259 -0.043337238 -1.027848956 -0.516862269
111 11.091690063 -0.000015259 -0.000038147 -2.991862853 -0.390605901 -0.270052718
112 25.612243652 -0.000019073 -0.000137329 -0.964860271 -0.260129499 0.118751330
113 0.732421875 0.378173828 -0.043365479 -0.298448110 -0.042506783 0.541930270
114 9.421432495 0.000015259 -0.000019073 0.360626545 0.925566292 -0.183090914
115 3.208984375 0.000007629 0.000000000 -0.000856051 0.860846357 0.001031658
116 2.421092987 -0.000007629 0.000015259 -0.043040130 0.622530021 -0.041873882
117 0.783203125 0.134643555 -0.023925781 -0.156336213 -0.123510422 0.279151765
118 9.940948486 -0.000015259 0.000005722 0.156940826 0.930343403 -0.089257890
119 3.403709412 -0.000007629 -0.000015259 -0.006048037 0.656683852 -0.005707954
120 2.546609879 0.000007629 0.000000000 -0.038110356 0.644835858 -0.012733087
121 0.805175781 -0.000007629 -0.000011444 -0.007963538 -0.147251916 0.014089588
122 9.898437500 -0.000022888 0.000041962 -0.013519539 0.842282569 -0.001043158
123 3.537033081 -0.000015259 0.000000000 0.014337229 0.546778080 0.002854942
124 2.507812500 -0.000007629 0.000000000 0.001189873 0.577239660 0.007646629
125 0.821777344 -0.246826172 -0.028762817 0.155124828 -0.087466036 -0.272238366
126 9.687484741 -0.000015259 0.000007629 -0.211718941 0.781722057 0.168207529
127 3.679679871 -0.000007629 0.000015259 -0.002077321 0.581831668 -0.002424027
128 2.700599670 -0.000015259 -0.000030518 0.024996218 0.626238431 0.030959007
129 0.519042969 -0.395996094 -0.161987305 0.477878787 0.316754060 -0.763355711
130 6.753906250 -0.000007629 -0.000053406 -0.574483850 0.626140537 0.006934877
131 4.462646484 -0.000028610 -0.000015259 -0.077791836 0.010175756 0.138879881
132 22.736747742 0.004577637 -0.007293701 0.472872586 -0.072137192 -2.549652661
133 0.073730469 0.706542969 -0.276367188 2.209676056 0.426802027 0.381052470
134 13.119331360 0.000015259 0.000015259 0.648851960 -0.088351590 0.464088995
135 12.350997925 0.000003815 -0.000015259 0.341980500 -0.050729998 0.138487785
136 15.540870667 0.000001907 0.000000000 -0.249011910 -0.301319730 -0.065329310
137 14.906250000 0.000003815 0.000015259 -0.127069204 -0.374306602 -0.606875809
138 14.182882309 0.000007629 0.000000000 0.065280845 0.328898366 -0.041256752
139 6.140625000 0.523925781 -0.378662109 0.262380235 0.401331998 0.173637646
140 11.348968506 -0.000007629 0.000011444 2.116096453 -0.398204852 -0.168627168
141 12.004653931 -0.000022888 -0.000015259 -0.133487659 -0.145649642 -0.009243113
142 15.865951538 0.000015259 0.000000000 -0.135677096 -0.028662227 -0.516766074
143 14.851562500 0.000000000 0.000007629 0.319078622 0.334932919 -0.093677395
144 12.539047241 0.414970398 -0.272766113 -0.074276579 0.315360399 0.036029799
145 10.619094849 0.000007629 -0.000015259 2.683285992 -0.253642795 -0.295263910
146 12.043624878 -0.000015259 -0.000007629 -0.467285115 -0.225953789 -0.054875537
147 15.309890747 -0.000015259 0.000007629 0.082767419 0.316278194 -0.096286346
148 19.857978821 0.000007629 0.000045776 -0.216989356 0.276399586 -0.154932537
149 10.617187500 -0.000003815 -0.000007629 0.035477414 -0.322662808 -0.188306342
150 11.091804504 0.000005245 0.000000000 2.502040432 -0.112547612 0.086387482
151 0.732421875 -0.378417969 -0.043029785 0.298829922 -0.043211786 -0.541974052
152 9.421354294 -0.000015259 0.000003815 -0.470241755 1.108872100 0.050969701
153 3.208984375 0.000015259 0.000015259 0.000857873 1.057455893 -0.001098300
154 2.421081543 -0.000015259 -0.000017166 0.043174526 0.819359608 0.045011662
155 0.783203125 -0.134643555 -0.023727417 0.156625597 -0.124254089 -0.279237635
156 9.941059113 -0.000015259 -0.000038147 -0.258870176 1.208138449 -0.026394740
157 3.403720856 0.000000000 0.000038147 -0.009093961 0.939657871 -0.001132441
158 2.546592712 -0.000015259 -0.000030518 0.050622334 0.928087349 0.026112669
159 0.805175781 0.000000000 0.000000000 0.007970885 -0.148203970 -0.014094421
160 9.898437500 0.000015259 0.000022888 0.008520768 1.208195160 -0.016983373
161 3.537109375 0.000015259 0.000000000 -0.000193491 0.912542382 0.000193491
162 2.507812500 -0.000015259 0.000011444 0.000320821 0.943623568 -0.000320821
163 0.821777344 0.246826172 -0.027450562 -0.157819534 -0.089232770 0.265891458
164 9.687316895 0.000022888 -0.000053406 0.342851519 1.121789534 -0.008737843
165 3.679668427 -0.000015259 0.000030518 -0.002974323 0.934332562 -0.000146806
166 2.700630188 -0.000015259 -0.000019073 -0.032371169 0.978263485 -0.042071145
167 0.519531250 0.395996094 -0.161743164 -0.478495596 0.316187846 0.763124936
168 6.753906250 0.000005722 -0.000015259 0.300769486 0.115172368 -0.360966190
169 4.462753296 0.000007629 0.000030518 0.078557963 0.005930337 -0.087042230
170 86.264892578 -0.000015259 -0.000001907 2.442507139 -1.489871923 0.757002589
171 2.875000000 0.000015259 0.000015259 0.335900069 0.569619053 0.430901018
172 8.134399414 -0.000015259 -0.000015259 0.036250279 -0.137078065 0.110584942
173 8.134380341 0.000000000 0.000001907 0.025170538 -0.034496201 -0.037561003
174 8.134401321 0.000000000 0.000017166 0.006255580 -0.005821023 -0.071936222
175 8.134383202 -0.000030518 0.000011444 -0.071442700 0.015291173 -0.067844791
176 8.134395599 0.000000000 -0.000015259 -0.077399351 0.021831104 -0.070141202
177 8.134382248 0.000000000 0.000000000 -0.090253116 0.032480404 -0.061794427
178 8.134397507 -0.000015259 -0.000007629 -0.109303672 0.043215027 -0.036693163
179 8.132812500 -0.000015259 -0.000007629 -0.133065759 0.319188354 0.315983603
180 86.264892578 -0.000015259 -0.000001907 -1.581443883 -0.322495700 -1.746126273
181 2.875000000 0.000007629 -0.000030518 -0.085759696 0.498964504 0.036628159
182 8.134384155 0.000000000 -0.000045776 -0.112697026 -0.081618626 -0.521189647
183 8.134407043 0.000000000 -0.000015259 -0.125510195 0.059984731 -0.160976488
184 8.134418488 0.000000000 -0.000030518 -0.116613891 0.084484207 -0.060241035
185 8.134395599 0.000007629 0.000000000 -0.322244029 0.097715432 -0.075350058
186 8.134393692 0.000000000 0.000030518 -0.287376978 0.090256980 -0.031139450
187 8.134375572 0.000015259 -0.000030518 -0.261669093 0.068380302 0.007462784
188 8.134401321 0.000000000 -0.000007629 -0.224897552 0.042123316 0.023741567
189 8.132812500 0.000015259 -0.000003815 -0.325043635 0.294020997 -0.270618429
190 25.357383728 -1.346624374 -0.631866455 1.694562798 0.879191513 -1.619748622
191 10.586959839 0.000000000 -0.000030518 0.633672397 0.148988548 -0.077366511
192 19.962806702 -1.182567596 -0.493774414 -2.827724317 1.210077460 0.137379431
193 26.542930603 -0.000061035 5.258399963 -0.018664710 -0.678179073 -3.112034148
194 5.210937500 -0.000001907 0.000015259 -0.011251758 0.178371556 -0.070523518
195 11.580818176 -0.000003815 0.000000000 0.000000000 0.373150501 0.000000000
196 30.590766907 -0.110170364 0.305751801 -0.316162620 -0.380074817 0.152175881
197 7.470642090 0.014274597 0.148304462 0.228054321 0.438382685 -0.048954028
198 9.857986450 6.173837662 -12.156152725 2.343721255 0.103353816 3.040407058
199 9.858200073 -6.068101883 -12.208473206 -2.352349825 0.104146931 -3.041265021
200 20.049377441 0.061208725 -14.093132019 3.134587295 0.926499159 3.136067236
201 5.580169678 -0.000003815 0.000015259 0.046422414 0.711245639 0.062469289
202 6.841293335 0.000000000 -0.000015259 -0.098302309 -0.361770305 0.501384319
203 6.916397095 0.000007629 0.000000000 -0.284057675 0.169796178 -0.000010178
204 24.600051880 -1.878301620 -11.667308807 -2.002800253 -0.732025296 -0.963281651
205 24.600051880 -1.878301620 -11.667308807 -1.536345236 -0.230748013 -1.702389711
206 24.600051880 -1.878301620 -11.667308807 -1.665549243 0.097947933 -2.370679697
207 24.599975586 1.980123520 -11.650838852 2.009399481 -0.739004495 0.958897021
208 24.599975586 1.980123520 -11.650838852 1.535182712 -0.239155086 1.702686470
209 24.599975586 1.980123520 -11.650838852 1.659403831 0.091981346 2.370144970
210 7.570632935 3.876308441 6.930503845 -2.049238070 1.047095500 -0.535595520
211 7.418075562 -3.974512100 7.604160309 1.014907748 -1.024031318 -2.618339091
212 -86.807075500 0.000003206 0.000005000 0.000000000 0.000000000 0.000244115
213 0.000000000 -0.000000000 0.000000000 0.000000000 0.000000000 0.000244115
214 0.000000000 -0.000000000 0.000000000 0.000000000 0.000000000 0.000244115
215 0.000000000 -0.000000000 0.000000000 0.000000000 0.000000000 0.000244115
216 0.000000000 -0.000000000 0.000000000 0.000000000 0.000000000 0.000244115
217 0.000000000 -0.000000000 0.000000000 0.000000000 0.000000000 0.000244115
218 0.000000000 -0.000000000 0.000000000 0.000000000 0.000000000 0.000244115
219 0.000000000 -0.000000000 0.000000000 0.000000000 0.000000000 0.000244115
220 0.000000000 -0.000000000 0.000000000 0.000000000 0.000000000 0.000244115
221 0.000000000 -0.000000000 0.000000000 0.000000000 0.000000000 0.000244115
222 0.000000000 -0.000000000 0.000000000 0.000000000 0.000000000 0.000244115
223 0.000000000 -0.000000000 0.000000000 0.000000000 0.000000000 0.000244115
time 25
0 0.000000040 -0.914489985 0.074615002 2.871361506 -1.554193868 1.752922218
1 88.476776123 -0.000062061 -0.000010272 3.003554736 -0.003053205 3.137477572
2 -43.495697021 -0.000050783 4.662868023 0.178605687 0.033115404 3.131816964
3 9.507705688 0.000008076 -0.000020981 -0.329439115 0.306721127 -0.087226028
4 23.267890930 2.189104080 -3.705398560 1.484798217 0.164371710 1.557470521
5 11.648437500 0.000019073 0.000015259 -0.161263878 -0.252674592 1.877450978
6 29.776130676 -0.000032425 -0.000122070 0.983276808 -0.162363836 1.056448203
7 25.612236023 0.000019073 0.000091553 0.779458808 0.060011639 -0.352085506
8 8.674331665 -1.907150269 -2.936546326 -0.551336544 -0.109697996 1.608018152
9 0.000000000 -0.000000000 0.000000000 0.000000000 0.000000000 0.000244115
10 -43.495697021 -0.000050783 4.662868023 0.068652864 0.023714796 0.001073523
11 21.580322266 10.273416519 -4.495086193 -0.058772190 -0.047494544 0.041651378
12 45.674186707 0.000022888 0.000018120 3.101548910 0.501825673 -0.025148875
13 55.039104462 -0.000032425 -0.000024796 3.065904172 1.130785680 -0.040162370
14 21.580268860 -10.273574829 -4.495070934 -0.014358833 -0.508979468 0.013367942
15 45.674209595 0.000012636 -0.000041962 3.080486863 0.539970078 -0.014944205
16 55.039146423 -0.000030041 -0.000012398 3.042829807 0.733747074 -0.054269864
17 0.161682129 -1.532184362 -10.638454437 2.882755341 0.537421678 -0.184760553
18 14.463745117 -0.000010490 0.000007629 -0.160785040 0.090272414 0.137437571
19 20.708938599 -0.000022888 -0.000045776 0.035994863 -0.155423982 -0.307923296
20 20.709026337 -0.000004768 -0.000015259 0.008386503 -0.262144161 0.089036491
21 20.709554672 -0.000007629 0.000000000 -0.031977547 -0.120351164 0.073983746
22 0.118835449 -3.636024952 -10.382871628 2.360055552 0.419588545 -0.458612507
23 14.125000000 -0.000022411 -0.000022888 -0.112367684 0.067393225 0.146690783
24 20.265335083 -0.000008583 -0.000022888 0.061391662 -0.167055368 -0.317779943
25 20.265331268 -0.000009298 -0.000015259 0.033389232 -0.266644596 0.054410637
26 20.265625000 -0.000025749 -0.000030518 0.017798242 -0.057601124 0.075066713
27 0.430786133 -8.824711800 -7.827316761 2.206849378 0.361953152 -0.539255093
28 12.544487000 0.000007629 -0.000015259 -0.301760309 0.103760405 0.295469795
29 19.343734741 -0.000009537 -0.000022888 0.072154484 -0.139407300 -0.313194051
30 19.343750000 0.000000477 -0.000038147 0.048891637 -0.228334684 0.026810793
31 19.343750000 -0.000011444 -0.000015259 -0.000658127 -0.033083114 0.123279782
32 -0.019668579 -12.396470070 -3.323644400 1.934781777 0.135355704 -0.538136937
33 11.042068481 0.000009537 -0.000015259 -0.353812935 0.026719089 0.318638772
34 19.073440552 -0.000001907 -0.000038147 0.072015493 -0.113662780 -0.297037450
35 19.073348999 0.000000000 -0.000038147 0.055359081 -0.184976079 -0.021959913
36 19.073877335 0.000003338 -0.000045776 -0.105916072 -0.047624544 0.226585018
37 0.143402100 -12.177965164 2.328495502 1.439829196 -0.161108073 -0.483433350
38 10.827301025 0.000015259 -0.000030518 -0.206139276 -0.072399041 0.211557308
39 18.731544495 0.000005722 -0.000007629 0.061152024 -0.090380762 -0.291807015
40 18.731605530 0.000007629 -0.000030518 0.043652099 -0.108110925 -0.050786624
41 18.732204437 0.000014305 -0.000030518 -0.239733410 -0.114327267 0.328573707
42 0.706604004 -9.159463882 6.887689114 0.896250123 -0.219524511 -0.169088019
43 10.843421936 0.000003815 -0.000026703 -0.153751719 -0.237846322 0.144122811
44 18.864501953 0.000017166 -0.000022888 0.043543344 -0.097828595 -0.241016128
45 18.864482880 0.000011444 0.000007629 0.024199679 -0.090203611 -0.047844811
46 18.864948273 0.000018120 -0.000030518 -0.349868297 -0.204086441 0.381667861
47 0.843017578 -2.753788710 9.486446381 0.632438079 -0.134820496 -0.024970612
48 10.832740784 0.000012398 0.000003815 -0.443855456 -0.261218673 0.225111661
49 19.399497986 0.000001907 -0.000030518 0.023067377 -0.084521197 -0.229828744
50 19.399696350 0.000017643 -0.000015259 0.001923928 -0.045713464 -0.065241725
51 19.400085449 0.000020027 0.000000000 -0.260467549 -0.376451455 0.298850829
52 0.161651611 1.532161474 -10.638372421 -3.089995082 0.565748118 -0.010536164
53 14.463714600 -0.000010490 -0.000015259 0.029234144 0.069971939 0.003614640
54 20.708969116 -0.000022888 -0.000007629 0.010008050 -0.136909880 -0.320880131
55 20.709014893 -0.000004768 -0.000007629 -0.019525023 -0.213978962 0.115280294
56 20.709592819 0.000015259 -0.000045776 -0.181056415 -0.121387058 0.138498718
57 0.118759155 3.636007071 -10.383041382 -2.387752489 0.480585994 0.380208838
58 14.125000000 -0.000013828 -0.000022888 -0.011013087 0.043130399 0.009777727
59 20.265319824 -0.000000477 -0.000007629 -0.017820014 -0.081362168 -0.360802289
60 20.265342712 0.000005722 -0.000015259 -0.038312227 -0.115910684 0.103618477
61 20.265625000 -0.000003815 -0.000015259 -0.216080111 -0.081115388 0.147160801
62 0.430786133 8.824709892 -7.827404499 -2.229013735 0.432022262 0.474491205
63 12.544555664 0.000013828 0.000000000 0.205872027 0.064099522 -0.124568745
64 19.343750000 -0.000008106 -0.000007629 -0.048981213 0.013653915 -0.404936597
65 19.343750000 0.000015259 -0.000022888 -0.051091109 0.004840316 0.047457003
66 19.343750000 0.000003815 -0.000053406 -0.187481633 -0.077360627 0.117693738
67 -0.019577026 12.396468163 -3.323732376 -1.938269599 0.221830814 0.497306161
68 11.042076111 -0.000007629 0.000000000 0.241471691 -0.035702399 -0.148904118
69 19.073402405 0.000000954 -0.000045776 -0.055903236 0.035438542 -0.415123097
70 19.073383331 0.000007629 -0.000022888 -0.059353155 0.037476181 0.002774027
71 19.073938370 0.000011444 -0.000038147 -0.072005050 -0.110579937 0.039974847
72 0.143447876 12.177960396 2.328406334 -1.560593053 0.002568129 0.485171642
73 10.827331543 -0.000015259 0.000007629 0.069919825 -0.121572131 -0.023207287
74 18.731575012 0.000006676 -0.000007629 -0.043091582 0.009022495 -0.384689039
75 18.731582642 -0.000001907 -0.000068665 -0.058880926 0.017556118 0.009673205
76 18.732156754 0.000026703 0.000030518 0.061775168 -0.212183536 -0.030550608
77 0.706573486 9.159471512 6.887772083 -1.047391120 -0.127752083 0.249735474
78 10.843391418 0.000002861 0.000007629 -0.039952125 -0.270308502 0.045166608
79 18.864524841 -0.000005722 -0.000038147 -0.031486665 0.006028972 -0.319657307
80 18.864490509 0.000011444 0.000000000 -0.050170957 0.030495572 -0.006291875
81 18.865070343 0.000007629 -0.000030518 0.150441484 -0.310566214 -0.060742660
82 0.842941284 2.753787041 9.486444473 -0.779757682 -0.081162571 0.113230402
83 10.832794189 -0.000000477 0.000022888 0.241233101 -0.326294585 -0.047210271
84 19.399604797 -0.000003338 -0.000045776 -0.009439409 -0.057845239 -0.262305382
85 19.399612427 0.000001907 0.000007629 -0.033704850 -0.011951665 -0.053243539
86 19.400196075 0.000013351 0.000000000 0.011934038 -0.428135835 0.066231650
87 23.268287659 -2.187744141 -3.705848694 -1.456154893 0.000364046 -1.570479669
88 11.648437500 -0.000026703 0.000015259 -1.191969815 0.174103543 0.718415489
89 19.962633133 1.182586670 -0.494768620 2.827724317 1.210077460 -0.137379431
90 25.357299805 1.346649170 -0.632635593 1.446624173 1.493363229 -1.630394678
91 10.585937500 0.000000000 -0.000007629 -0.623342345 0.227380332 0.017522868
92 29.775829315 0.000030518 -0.000046253 0.509916794 0.827154160 -1.160381106
93 22.736793518 -0.004581451 -0.007385254 -0.567665312 -0.170646603 -2.892178389
94 0.073730469 -0.706542969 -0.275878906 -1.171198098 1.307171341 0.783324237
95 13.120185852 -0.000007629 -0.000015259 -1.648648370 0.588633920 -1.610578035
96 12.350067139 0.000000000 -0.000007629 -0.860683501 0.749404785 -0.166400806
97 15.541221619 -0.000030518 0.000007629 -0.415665326 0.142794109 -0.376412846
98 14.906250000 -0.000001907 0.000000000 -0.689734047 0.186392509 -0.909232353
99 14.182815552 -0.000007629 0.000000000 -0.283277043 0.544602026 0.018407894
100 6.140625000 -0.523925781 -0.378906250 0.252965229 0.943529132 0.727082728
101 11.348457336 -0.000007629 -0.000022888 -1.885166715 -0.996983016 -1.223461207
102 12.005233765 0.000007629 -0.000011444 -0.431479089 0.617110957 -0.132906391
103 15.865589142 -0.000030518 0.000015259 -0.514797307 -0.135912985 -0.312910024
104 14.851562500 -0.000015259 -0.000015259 -0.602777585 0.525586773 0.018561711
105 12.538963318 -0.414989471 -0.272308350 0.442847988 0.744569078 0.749802187
106 10.619369507 -0.000015259 0.000015259 -2.820620562 -1.061269758 -0.631007398
107 12.043014526 -0.000015259 0.000009537 -0.034653726 0.653690773 0.131211120
108 15.310379028 -0.000022888 -0.000007629 -0.425824926 0.493427108 -0.006803671
109 19.857894897 -0.000003815 -0.000015259 0.483906386 0.764214625 0.842301005
110 10.617187500 -0.000015259 0.000015259 -0.115391558 -1.114598099 -0.406306269
111 11.091690063 -0.000015259 -0.000038147 -2.994803823 -0.389213902 -0.269303188
112 25.612243652 -0.000019073 -0.000137329 -0.964860271 -0.260129499 0.118751330
113 0.732421875 0.378173828 -0.043365479 -0.298448110 -0.042506783 0.541930270
114 9.421432495 0.000015259 -0.000019073 0.360626545 0.925566292 -0.183090914
115 3.208984375 0.000007629 0.000000000 -0.000856051 0.860846357 0.001031658
116 2.421092987 -0.000007629 0.000015259 -0.043040130 0.622530021 -0.041873882
117 0.783203125 0.134643555 -0.023925781 -0.156336213 -0.123510422 0.279151765
118 9.940948486 -0.000015259 0.000005722 0.156940826 0.930343403 -0.089257890
119 3.403709412 -0.000007629 -0.000015259 -0.006048037 0.656683852 -0.005707954
120 2.546609879 0.000007629 0.000000000 -0.038110356 0.644835858 -0.012733087
121 0.805175781 -0.000007629 -0.000011444 -0.007963538 -0.147251916 0.014089588
122 9.898437500 -0.000022888 0.000041962 -0.013519539 0.842282569 -0.001043158
123 3.537033081 -0.000015259 0.000000000 0.014337229 0.546778080 0.002854942
124 2.507812500 -0.000007629 0.000000000 0.001189873 0.577239660 0.007646629
125 0.821777344 -0.246826172 -0.028762817 0.155124828 -0.087466036 -0.272238366
126 9.687484741 -0.000015259 0.000007629 -0.211718941 0.781722057 0.168207529
127 3.679679871 -0.000007629 0.000015259 -0.002077321 0.581831668 -0.002424027
128 2.700599670 -0.000015259 -0.000030518 0.024996218 0.626238431 0.030959007
129 0.519042969 -0.395996094 -0.161987305 0.477878787 0.316754060 -0.763355711
130 6.753906250 -0.000007629 -0.000053406 -0.574483850 0.626140537 0.006934877
131 4.462646484 -0.000028610 -0.000015259 -0.077791836 0.010175756 0.138879881
132 22.736747742 0.004577637 -0.007293701 0.432981745 -0.005512139 -2.541276902
133 0.073730469 0.706542969 -0.276367188 2.197082793 0.319194945 0.355422953
134 13.119331360 0.000015259 0.000015259 0.634061322 -0.088456711 0.522084929
135 12.350997925 0.000003815 -0.000015259 0.340429740 -0.022232922 0.205985316
136 15.540870667 0.000001907 0.000000000 -0.267830326 -0.195855290 0.049746733
137 14.906250000 0.000003815 0.000015259 -0.207614343 -0.264405765 -0.340281701
138 14.182882309 0.000007629 0.000000000 0.077310306 0.343963611 -0.043910691
139 6.140625000 0.523925781 -0.378662109 0.211089746 0.296572641 0.128300622
140 11.348968506 -0.000007629 0.000011444 2.119964855 -0.447986532 -0.203089980
141 12.004653931 -0.000022888 -0.000015259 -0.144531661 -0.149476124 0.088879221
142 15.865951538 0.000015259 0.000000000 -0.134864518 -0.070682514 -0.300606845
143 14.851562500 0.000000000 0.000007629 0.329290148 0.350610467 -0.094708247
144 12.539047241 0.414970398 -0.272766113 -0.125291151 0.216296623 -0.015273574
145 10.619094849 0.000007629 -0.000015259 2.687354280 -0.296875837 -0.341293673
146 12.043624878 -0.000015259 -0.000007629 -0.480603487 -0.153647107 0.060979083
147 15.309890747 -0.000015259 0.000007629 0.092652422 0.332152081 -0.099381746
148 19.857978821 0.000007629 0.000045776 -0.274808989 0.190093233 -0.214558065
149 10.617187500 -0.000003815 -0.000007629 0.055001681 -0.368094490 -0.234594358
150 11.091804504 0.000005245 0.000000000 2.543682698 -0.130283252 0.138160305
151 0.732421875 -0.378417969 -0.043029785 0.298829922 -0.043211786 -0.541974052
152 9.421354294 -0.000015259 0.000003815 -0.470241755 1.108872100 0.050969701
153 3.208984375 0.000015259 0.000015259 0.000857873 1.057455893 -0.001098300
154 2.421081543 -0.000015259 -0.000017166 0.043174526 0.819359608 0.045011662
155 0.783203125 -0.134643555 -0.023727417 0.156625597 -0.124254089 -0.279237635
156 9.941059113 -0.000015259 -0.000038147 -0.258870176 1.208138449 -0.026394740
157 3.403720856 0.000000000 0.000038147 -0.009093961 0.939657871 -0.001132441
158 2.546592712 -0.000015259 -0.000030518 0.050622334 0.928087349 0.026112669
159 0.805175781 0.000000000 0.000000000 0.007970885 -0.148203970 -0.014094421
160 9.898437500 0.000015259 0.000022888 0.008520768 1.208195160 -0.016983373
161 3.537109375 0.000015259 0.000000000 -0.000193491 0.912542382 0.000193491
162 2.507812500 -0.000015259 0.000011444 0.000320821 0.943623568 -0.000320821
163 0.821777344 0.246826172 -0.027450562 -0.157175713 -0.088925033 0.267665418
164 9.687316895 0.000022888 -0.000053406 0.342851519 1.121789534 -0.008737843
165 3.679668427 -0.000015259 0.000030518 -0.002974323 0.934332562 -0.000146806
166 2.700630188 -0.000015259 -0.000019073 -0.032371169 0.978263485 -0.042071145
167 0.519531250 0.395996094 -0.161743164 -0.478495596 0.316187846 0.763124936
168 6.753906250 0.000005722 -0.000015259 0.300769486 0.115172368 -0.360966190
169 4.462753296 0.000007629 0.000030518 0.078557963 0.005930337 -0.087042230
170 86.264892578 -0.000015259 -0.000001907 -0.633587753 -1.504485725 -2.419976223
171 2.875000000 0.000015259 0.000015259 0.353636212 0.536187826 0.460919005
172 8.134399414 -0.000015259 -0.000015259 0.041689537 -0.253880635 -0.009586194
173 8.134380341 0.000000000 0.000001907 0.030690138 -0.077382059 -0.075934209
174 8.134401321 0.000000000 0.000017166 0.012417190 -0.028039359 -0.090502738
175 8.134383202 -0.000030518 0.000011444 -0.064398459 -0.001450010 -0.082538386
176 8.134395599 0.000000000 -0.000015259 -0.068550175 0.006421638 -0.087479469
177 8.134382248 0.000000000 0.000000000 -0.078767681 0.017236304 -0.084758460
178 8.134397507 -0.000015259 -0.000007629 -0.093184011 0.029177674 -0.067743038
179 8.132812500 -0.000015259 -0.000007629 -0.135241322 0.323863885 0.322219507
180 86.264892578 -0.000015259 -0.000001907 -1.579149734 -0.350845236 -1.756876299
181 2.875000000 0.000007629 -0.000030518 -0.098861583 0.469306112 0.013579108
182 8.134384155 0.000000000 -0.000045776 -0.111467217 -0.074106510 -0.520846099
183 8.134407043 0.000000000 -0.000015259 -0.124768861 0.065338256 -0.175537559
184 8.134418488 0.000000000 -0.000030518 -0.116227069 0.091840949 -0.074257299
185 8.134395599 0.000007629 0.000000000 -0.322234034 0.106601149 -0.088814091
186 8.134393692 0.000000000 0.000030518 -0.286603632 0.102780507 -0.040691579
187 8.134375572 0.000015259 -0.000030518 -0.259459033 0.084437265 0.002482096
188 8.134401321 0.000000000 -0.000007629 -0.220510877 0.062850286 0.024754814
189 8.132812500 0.000015259 -0.000003815 -0.327190646 0.296174000 -0.273872431
190 25.357383728 -1.346624374 -0.631866455 1.637479899 0.808711060 -1.689004861
191 10.586959839 0.000000000 -0.000030518 0.630849718 0.171548006 -0.060109594
192 19.962806702 -1.182567596 -0.493774414 -2.827724317 1.210077460 0.137379431
193 26.542930603 -0.000061035 5.258399963 -0.020529949 -0.687948404 -3.109114073
194 5.210937500 -0.000001907 0.000015259 -0.010023800 0.160046265 -0.066627899
195 11.580818176 -0.000003815 0.000000000 0.000000000 0.373150501 0.000000000
196 30.590766907 -0.110170364 0.305751801 -0.268746181 -0.388619673 0.135748083
197 7.470642090 0.014274597 0.148304462 0.167823859 0.414190500 -0.039547293
198 9.857986450 6.173837662 -12.156152725 2.343721255 0.103353816 3.040407058
199 9.858200073 -6.068101883 -12.208473206 -2.352349825 0.104146931 -3.041265021
200 20.049377441 0.061208725 -14.093132019 3.134587295 0.926499159 3.136067236
201 5.580169678 -0.000003815 0.000015259 -0.003535994 0.752992787 -0.014578225
202 6.841293335 0.000000000 -0.000015259 -0.077339736 -0.302533279 0.461013266
203 6.916397095 0.000007629 0.000000000 -0.284057675 0.169796178 -0.000010178
204 24.600051880 -1.878301620 -11.667308807 -2.002800253 -0.732025296 -0.963281651
205 24.600051880 -1.878301620 -11.667308807 -1.536345236 -0.230748013 -1.702389711
206 24.600051880 -1.878301620 -11.667308807 -1.665549243 0.097947933 -2.370679697
207 24.599975586 1.980123520 -11.650838852 2.009399481 -0.739004495 0.958897021
208 24.599975586 1.980123520 -11.650838852 1.535182712 -0.239155086 1.702686470
209 24.599975586 1.980123520 -11.650838852 1.659403831 0.091981346 2.370144970
210 7.570632935 3.876308441 6.930503845 -2.049238070 1.047095500 -0.535595520
211 7.418075562 -3.974512100 7.604160309 1.014907748 -1.024031318 -2.618339091
212 -86.807075500 0.000003206 0.000005000 0.000000000 0.000000000 0.000244115
213 0.000000000 -0.000000000 0.000000000 0.000000000 0.000000000 0.000244115
214 0.000000000 -0.000000000 0.000000000 0.000000000 0.000000000 0.000244115
215 0.000000000 -0.000000000 0.000000000 0.000000000 0.000000000 0.000244115
216 0.000000000 -0.000000000 0.000000000 0.000000000 0.000000000 0.000244115
217 0.000000000 -0.000000000 0.000000000 0.000000000 0.000000000 0.000244115
218 0.000000000 -0.000000000 0.000000000 0.000000000 0.000000000 0.000244115
219 0.000000000 -0.000000000 0.000000000 0.000000000 0.000000000 0.000244115
220 0.000000000 -0.000000000 0.000000000 0.000000000 0.000000000 0.000244115
221 0.000000000 -0.000000000 0.000000000 0.000000000 0.000000000 0.000244115
222 0.000000000 -0.000000000 0.000000000 0.000000000 0.000000000 0.000244115
223 0.000000000 -0.000000000 0.000000000 0.000000000 0.000000000 0.000244115
time 26
0 0.000000027 -0.608681977 0.049194001 2.803775426 -1.547293979 1.844999804
1 88.476776123 -0.000062061 -0.000010272 3.003554736 -0.003053205 3.137477572
2 -43.495697021 -0.000050783 4.662868023 0.118747419 0.034802540 3.135099890
3 9.507705688 0.000008076 -0.000020981 -0.253624127 0.308079505 -0.099376119
4 23.267890930 2.189104080 -3.705398560 1.475656850 0.111803615 1.561647164
5 11.648437500 0.000019073 0.000015259 -0.103591351 -0.265661585 2.006532831
6 29.776130676 -0.000032425 -0.000122070 1.005649734 -0.183067515 1.110968738
7 25.612236023 0.000019073 0.000091553 0.716791094 0.005150348 -0.342752622
8 8.674331665 -1.907150269 -2.936546326 -0.551336544 -0.109697996 1.608018152
9 0.000000000 -0.000000000 0.000000000 0.000000000 0.000000000 0.000244115
10 -43.495697021 -0.000050783 4.662868023 0.046449836 0.016042740 0.000718038
11 21.580322266 10.273416519 -4.495086193 -0.039802355 -0.048735664 0.041993844
12 45.674186707 0.000022888 0.000018120 3.123257115 0.502176996 -0.014505858
13 55.039104462 -0.000032425 -0.000024796 3.103281373 1.134180404 -0.015803963
14 21.580268860 -10.273574829 -4.495070934 -0.003564601 -0.501558470 0.002784339
15 45.674209595 0.000012636 -0.000041962 3.101787174 0.530703260 -0.008224414
16 55.039146423 -0.000030041 -0.000012398 3.067834634 0.737152486 -0.041182444
17 0.161682129 -1.532184362 -10.638454437 2.858047846 0.526910114 -0.195151323
18 14.463745117 -0.000010490 0.000007629 -0.173554042 0.100829716 0.147794907
19 20.708938599 -0.000022888 -0.000045776 0.034016215 -0.126761205 -0.358970108
20 20.709026337 -0.000004768 -0.000015259 0.024378165 -0.274906106 -0.026291910
21 20.709554672 -0.000007629 0.000000000 -0.035157593 -0.119432492 0.075630326
22 0.118835449 -3.636024952 -10.382871628 2.340992269 0.403543199 -0.464318447
23 14.125000000 -0.000022411 -0.000022888 -0.124048608 0.076925313 0.160974008
24 20.265335083 -0.000008583 -0.000022888 0.060098375 -0.140704783 -0.370126336
25 20.265331268 -0.000009298 -0.000015259 0.050775771 -0.278620241 -0.062318650
26 20.265625000 -0.000025749 -0.000030518 0.014867068 -0.056122487 0.076801573
27 0.430786133 -8.824711800 -7.827316761 2.189892002 0.344526364 -0.543106627
28 12.544487000 0.000007629 -0.000015259 -0.311538406 0.114411277 0.310529599
29 19.343734741 -0.000009537 -0.000022888 0.071544582 -0.117492443 -0.364701723
30 19.343750000 0.000000477 -0.000038147 0.064389040 -0.235632809 -0.084518856
31 19.343750000 -0.000011444 -0.000015259 -0.003160167 -0.031111263 0.125132631
32 -0.019668579 -12.396470070 -3.323644400 1.919252093 0.117647637 -0.538004822
33 11.042068481 0.000009537 -0.000015259 -0.364310639 0.033688867 0.334893850
34 19.073440552 -0.000001907 -0.000038147 0.071868304 -0.095186065 -0.341838861
35 19.073348999 0.000000000 -0.000038147 0.067619303 -0.182787424 -0.121698267
36 19.073877335 0.000003338 -0.000045776 -0.107999949 -0.045540270 0.228704557
37 0.143402100 -12.177965164 2.328495502 1.423794129 -0.178110252 -0.478282903
38 10.827301025 0.000015259 -0.000030518 -0.217998874 -0.068684172 0.229438298
39 18.731544495 0.000005722 -0.000007629 0.062766097 -0.080321866 -0.331658511
40 18.731605530 0.000007629 -0.000030518 0.052058378 -0.102489970 -0.141289601
41 18.732204437 0.000014305 -0.000030518 -0.241553740 -0.112098492 0.330892190
42 0.706604004 -9.159463882 6.887689114 0.875640550 -0.230979892 -0.162255761
43 10.843421936 0.000003815 -0.000026703 -0.168101158 -0.239097869 0.162124865
44 18.864501953 0.000017166 -0.000022888 0.045000013 -0.082405938 -0.277255609
45 18.864482880 0.000011444 0.000007629 0.031498953 -0.080403482 -0.124461065
46 18.864948273 0.000018120 -0.000030518 -0.351667500 -0.201656322 0.384207776
47 0.843017578 -2.753788710 9.486446381 0.610605596 -0.143225822 -0.019536106
48 10.832740784 0.000012398 0.000003815 -0.460424864 -0.262611512 0.239631856
49 19.399497986 0.000001907 -0.000030518 0.023775118 -0.068073772 -0.254475253
50 19.399696350 0.000017643 -0.000015259 0.006681562 -0.030193731 -0.127259956
51 19.400085449 0.000020027 0.000000000 -0.262728743 -0.373511943 0.301889407
52 0.161651611 1.532161474 -10.638372421 -3.116873782 0.559163784 -0.022451416
53 14.463714600 -0.000010490 -0.000015259 0.014736889 0.077875948 0.012408879
54 20.708969116 -0.000022888 -0.000007629 0.008229702 -0.109519203 -0.370477116
55 20.709014893 -0.000004768 -0.000007629 -0.006797777 -0.224890160 0.002504934
56 20.709592819 0.000015259 -0.000045776 -0.184247370 -0.120785572 0.140047051
57 0.118759155 3.636007071 -10.383041382 -2.413811126 0.482788613 0.371448320
58 14.125000000 -0.000013828 -0.000022888 -0.026980622 0.048651555 0.016095630
59 20.265319824 -0.000000477 -0.000007629 -0.020128244 -0.057523255 -0.403904542
60 20.265342712 0.000005722 -0.000015259 -0.030777308 -0.115962846 -0.003055797
61 20.265625000 -0.000003815 -0.000015259 -0.219107077 -0.080898969 0.148851641
62 0.430786133 8.824709892 -7.827404499 -2.254104967 0.436302070 0.467413256
63 12.544555664 0.000013828 0.000000000 0.183255758 0.061832709 -0.119885126
64 19.343750000 -0.000008106 -0.000007629 -0.050939284 0.028677764 -0.432564888
65 19.343750000 0.000015259 -0.000022888 -0.049240601 0.024031307 -0.044719800
66 19.343750000 0.000003815 -0.000053406 -0.190424574 -0.077191127 0.119632550
67 -0.019577026 12.396468163 -3.323732376 -1.961629545 0.226028985 0.495506927
68 11.042076111 -0.000007629 0.000000000 0.219124751 -0.041494720 -0.144169092
69 19.073402405 0.000000954 -0.000045776 -0.057851862 0.050686677 -0.436356954
70 19.073383331 0.000007629 -0.000022888 -0.058532731 0.064543161 -0.080619652
71 19.073938370 0.000011444 -0.000038147 -0.074649669 -0.110618618 0.042374265
72 0.143447876 12.177960396 2.328406334 -1.584185870 0.006357027 0.488581740
73 10.827331543 -0.000015259 0.000007629 0.049521252 -0.122963138 -0.020437145
74 18.731575012 0.000006676 -0.000007629 -0.044659928 0.026191428 -0.408630206
75 18.731582642 -0.000001907 -0.000068665 -0.056012978 0.040113496 -0.070232005
76 18.732156754 0.000026703 0.000030518 0.059295265 -0.212556822 -0.027604721
77 0.706573486 9.159471512 6.887772083 -1.070791606 -0.129886674 0.255738432
78 10.843391418 0.000002861 0.000007629 -0.057725910 -0.275021855 0.048616844
79 18.864524841 -0.000005722 -0.000038147 -0.031529538 0.018845292 -0.340351991
80 18.864490509 0.000011444 0.000000000 -0.047454623 0.053693237 -0.071336698
81 18.865070343 0.000007629 -0.000030518 0.147927483 -0.310747100 -0.057554081
82 0.842941284 2.753787041 9.486444473 -0.802558145 -0.086309411 0.117831097
83 10.832794189 -0.000000477 0.000022888 0.223997605 -0.335435837 -0.044068973
84 19.399604797 -0.000003338 -0.000045776 -0.009629044 -0.040139120 -0.278534595
85 19.399612427 0.000001907 0.000007629 -0.030185024 0.008213659 -0.108690704
86 19.400196075 0.000013351 0.000000000 0.009219170 -0.426933774 0.069557906
87 23.268287659 -2.187744141 -3.705848694 -1.456154893 0.000364046 -1.570479669
88 11.648437500 -0.000026703 0.000015259 -1.191969815 0.174103543 0.718415489
89 19.962633133 1.182586670 -0.494768620 2.827724317 1.210077460 -0.137379431
90 25.357299805 1.346649170 -0.632635593 1.377497099 1.431975190 -1.711534903
91 10.585937500 0.000000000 -0.000007629 -0.623342345 0.227380332 0.017522868
92 29.775829315 0.000030518 -0.000046253 0.509916794 0.827154160 -1.160381106
93 22.736793518 -0.004581451 -0.007385254 -0.567665312 -0.170646603 -2.892178389
94 0.073730469 -0.706542969 -0.275878906 -0.432289374 1.246748945 1.509969299
95 13.120185852 -0.000007629 -0.000015259 -1.607564021 0.496161977 -1.626036396
96 12.350067139 0.000000000 -0.000007629 -0.927450416 0.904473527 -0.251410656
97 15.541221619 -0.000030518 0.000007629 -0.385353486 0.219357242 -0.255566338
98 14.906250000 -0.000001907 0.000000000 -0.631574156 0.099058472 -0.878068254
99 14.182815552 -0.000007629 0.000000000 -0.283319690 0.542983389 0.019709312
100 6.140625000 -0.523925781 -0.378906250 0.612386481 0.956371623 1.081953664
101 11.348457336 -0.000007629 -0.000022888 -1.877538902 -1.109766372 -1.176066421
102 12.005233765 0.000007629 -0.000011444 -0.485210786 0.773222242 -0.208939452
103 15.865589142 -0.000030518 0.000015259 -0.505339400 0.000569165 -0.212627923
104 14.851562500 -0.000015259 -0.000015259 -0.602807540 0.523632294 0.020374501
105 12.538963318 -0.414989471 -0.272308350 0.692145332 0.785837497 0.999198573
106 10.619369507 -0.000015259 0.000015259 -2.942484087 -1.136849900 -0.450459544
107 12.043014526 -0.000015259 0.000009537 -0.022010064 0.805966959 0.154264654
108 15.310379028 -0.000022888 -0.000007629 -0.426129653 0.491320921 -0.005239815
109 19.857894897 -0.000003815 -0.000015259 0.712318750 0.813587344 1.069315561
110 10.617187500 -0.000015259 0.000015259 -0.276790610 -1.155422886 -0.194181981
111 11.091690063 -0.000015259 -0.000038147 -2.997865380 -0.387752099 -0.268438239
112 25.612243652 -0.000019073 -0.000137329 -0.964860271 -0.260129499 0.118751330
113 0.732421875 0.378173828 -0.043365479 -0.298448110 -0.042506783 0.541930270
114 9.421432495 0.000015259 -0.000019073 0.360626545 0.925566292 -0.183090914
115 3.208984375 0.000007629 0.000000000 -0.000856051 0.860846357 0.001031658
116 2.421092987 -0.000007629 0.000015259 -0.043040130 0.622530021 -0.041873882
117 0.783203125 0.134643555 -0.023925781 -0.156336213 -0.123510422 0.279151765
118 9.940948486 -0.000015259 0.000005722 0.156940826 0.930343403 -0.089257890
119 3.403709412 -0.000007629 -0.000015259 -0.006048037 0.656683852 -0.005707954
120 2.546609879 0.000007629 0.000000000 -0.038110356 0.644835858 -0.012733087
121 0.805175781 -0.000007629 -0.000011444 -0.007963538 -0.147251916 0.014089588
122 9.898437500 -0.000022888 0.000041962 -0.013519539 0.842282569 -0.001043158
123 3.537033081 -0.000015259 0.000000000 0.014337229 0.546778080 0.002854942
124 2.507812500 -0.000007629 0.000000000 0.001189873 0.577239660 0.007646629
125 0.821777344 -0.246826172 -0.028762817 0.155124828 -0.087466036 -0.272238366
126 9.687484741 -0.000015259 0.000007629 -0.211718941 0.781722057 0.168207529
127 3.679679871 -0.000007629 0.000015259 -0.002077321 0.581831668 -0.002424027
128 2.700599670 -0.000015259 -0.000030518 0.024996218 0.626238431 0.030959007
129 0.519042969 -0.395996094 -0.161987305 0.477878787 0.316754060 -0.763355711
130 6.753906250 -0.000007629 -0.000053406 -0.574483850 0.626140537 0.006934877
131 4.462646484 -0.000028610 -0.000015259 -0.077791836 0.010175756 0.138879881
132 22.736747742 0.004577637 -0.007293701 0.416303637 0.022325932 -2.535227598
133 0.073730469 0.706542969 -0.276367188 2.175240443 0.267348617 0.325634229
134 13.119331360 0.000015259 0.000015259 0.620919662 -0.097343902 0.571495429
135 12.350997925 0.000003815 -0.000015259 0.340626505 -0.012505883 0.251563946
136 15.540870667 0.000001907 0.000000000 -0.273527882 -0.150498859 0.128271000
137 14.906250000 0.000003815 0.000015259 -0.238878055 -0.228356530 -0.163687819
138 14.182882309 0.000007629 0.000000000 0.087614653 0.356741056 -0.046096160
139 6.140625000 0.523925781 -0.378662109 0.153594130 0.253536826 0.072766287
140 11.348968506 -0.000007629 0.000011444 2.131186176 -0.482438166 -0.242845537
141 12.004653931 -0.000022888 -0.000015259 -0.147989706 -0.166151057 0.143671997
142 15.865951538 0.000015259 0.000000000 -0.130671212 -0.132424773 -0.185990221
143 14.851562500 0.000000000 0.000007629 0.337999805 0.363986291 -0.095610831
144 12.539047241 0.414970398 -0.272766113 -0.181776589 0.184835489 -0.077484617
145 10.619094849 0.000007629 -0.000015259 2.696443568 -0.317707687 -0.386640214
146 12.043624878 -0.000015259 -0.000007629 -0.481396316 -0.129181304 0.134295398
147 15.309890747 -0.000015259 0.000007629 0.101025905 0.345609131 -0.102087414
148 19.857978821 0.000007629 0.000045776 -0.338045223 0.177914502 -0.285607232
149 10.617187500 -0.000003815 -0.000007629 0.074784996 -0.389579015 -0.275657754
150 11.091804504 0.000005245 0.000000000 2.581388734 -0.145408857 0.182196760
151 0.732421875 -0.378417969 -0.043029785 0.298829922 -0.043211786 -0.541974052
152 9.421354294 -0.000015259 0.000003815 -0.470241755 1.108872100 0.050969701
153 3.208984375 0.000015259 0.000015259 0.000857873 1.057455893 -0.001098300
154 2.421081543 -0.000015259 -0.000017166 0.043174526 0.819359608 0.045011662
155 0.783203125 -0.134643555 -0.023727417 0.156625597 -0.124254089 -0.279237635
156 9.941059113 -0.000015259 -0.000038147 -0.258870176 1.208138449 -0.026394740
157 3.403720856 0.000000000 0.000038147 -0.009093961 0.939657871 -0.001132441
158 2.546592712 -0.000015259 -0.000030518 0.050622334 0.928087349 0.026112669
159 0.805175781 0.000000000 0.000000000 0.007970885 -0.148203970 -0.014094421
160 9.898437500 0.000015259 0.000022888 0.008520768 1.208195160 -0.016983373
161 3.537109375 0.000015259 0.000000000 -0.000193491 0.912542382 0.000193491
162 2.507812500 -0.000015259 0.000011444 0.000320821 0.943623568 -0.000320821
163 0.821777344 0.246826172 -0.027450562 -0.156520028 -0.088638929 0.269178579
164 9.687316895 0.000022888 -0.000053406 0.342851519 1.121789534 -0.008737843
165 3.679668427 -0.000015259 0.000030518 -0.002974323 0.934332562 -0.000146806
166 2.700630188 -0.000015259 -0.000019073 -0.032371169 0.978263485 -0.042071145
167 0.519531250 0.395996094 -0.161743164 -0.478495596 0.316187846 0.763124936
168 6.753906250 0.000005722 -0.000015259 0.300769486 0.115172368 -0.360966190
169 4.462753296 0.000007629 0.000030518 0.078557963 0.005930337 -0.087042230
170 86.264892578 -0.000015259 -0.000001907 -0.578310393 -1.374846966 -2.448595053
171 2.875000000 0.000015259 0.000015259 0.369263095 0.506615895 0.487400624
172 8.134399414 -0.000015259 -0.000015259 0.055442290 -0.350119794 -0.079798725
173 8.134380341 0.000000000 0.000001907 0.037896458 -0.123124944 -0.103320007
174 8.134401321 0.000000000 0.000017166 0.018574297 -0.056327926 -0.106703109
175 8.134383202 -0.000030518 0.000011444 -0.058809937 -0.022857576 -0.095137220
176 8.134395599 0.000000000 -0.000015259 -0.063959957 -0.012139023 -0.100958229
177 8.134382248 0.000000000 0.000000000 -0.076166918 0.000145739 -0.100507069
178 8.134397507 -0.000015259 -0.000007629 -0.093941263 0.013631556 -0.087168234
179 8.132812500 -0.000015259 -0.000007629 -0.137085459 0.327894062 0.327644795
180 86.264892578 -0.000015259 -0.000001907 -1.577057030 -0.375863505 -1.766492667
181 2.875000000 0.000007629 -0.000030518 -0.110516128 0.443188703 -0.006846309
182 8.134384155 0.000000000 -0.000045776 -0.106518773 -0.075696668 -0.500494698
183 8.134407043 0.000000000 -0.000015259 -0.123609523 0.067421579 -0.192048897
184 8.134418488 0.000000000 -0.000030518 -0.116558826 0.098885532 -0.093583369
185 8.134395599 0.000007629 0.000000000 -0.323537383 0.116105612 -0.107475736
186 8.134393692 0.000000000 0.000030518 -0.287250797 0.115650804 -0.053872988
187 8.134375572 0.000015259 -0.000030518 -0.259287126 0.098619906 -0.005024161
188 8.134401321 0.000000000 -0.000007629 -0.219614089 0.078092756 0.022064644
189 8.132812500 0.000015259 -0.000003815 -0.329018759 0.297992788 -0.276571548
190 25.357383728 -1.346624374 -0.631866455 1.615636162 0.760548886 -1.721048895
191 10.586959839 0.000000000 -0.000030518 0.628369864 0.190771183 -0.045517121
192 19.962806702 -1.182567596 -0.493774414 -2.827724317 1.210077460 0.137379431
193 26.542930603 -0.000061035 5.258399963 -0.022044801 -0.696545111 -3.106680135
194 5.210937500 -0.000001907 0.000015259 -0.008956658 0.140687912 -0.063203653
195 11.580818176 -0.000003815 0.000000000 0.000000000 0.373150501 0.000000000
196 30.590766907 -0.110170364 0.305751801 -0.224020165 -0.396142768 0.120002533
197 7.470642090 0.014274597 0.148304462 0.112746214 0.389193416 -0.030981905
198 9.857986450 6.173837662 -12.156152725 2.343721255 0.103353816 3.040407058
199 9.858200073 -6.068101883 -12.208473206 -2.352349825 0.104146931 -3.041265021
200 20.049377441 0.061208725 -14.093132019 3.134587295 0.926499159 3.136067236
201 5.580169678 -0.000003815 0.000015259 -0.060936340 0.795780653 -0.098976274
202 6.841293335 0.000000000 -0.000015259 -0.053097397 -0.233634389 0.395212134
203 6.916397095 0.000007629 0.000000000 -0.284057675 0.169796178 -0.000010178
204 24.600051880 -1.878301620 -11.667308807 -2.002800253 -0.732025296 -0.963281651
205 24.600051880 -1.878301620 -11.667308807 -1.536345236 -0.230748013 -1.702389711
206 24.600051880 -1.878301620 -11.667308807 -1.665549243 0.097947933 -2.370679697
207 24.599975586 1.980123520 -11.650838852 2.009399481 -0.739004495 0.958897021
208 24.599975586 1.980123520 -11.650838852 1.535182712 -0.239155086 1.702686470
209 24.599975586 1.980123520 -11.650838852 1.659403831 0.091981346 2.370144970
210 7.570632935 3.876308441 6.930503845 -2.049238070 1.047095500 -0.535595520
211 7.418075562 -3.974512100 7.604160309 1.014907748 -1.024031318 -2.618339091
212 -86.807075500 0.000003206 0.000005000 0.000000000 0.000000000 0.000244115
213 0.000000000 -0.000000000 0.000000000 0.000000000 0.000000000 0.000244115
214 0.000000000 -0.000000000 0.000000000 0.000000000 0.000000000 0.000244115
215 0.000000000 -0.000000000 0.000000000 0.000000000 0.000000000 0.000244115
216 0.000000000 -0.000000000 0.000000000 0.000000000 0.000000000 0.000244115
217 0.000000000 -0.000000000 0.000000000 0.000000000 0.000000000 0.000244115
218 0.000000000 -0.000000000 0.000000000 0.000000000 0.000000000 0.000244115
219 0.000000000 -0.000000000 0.000000000 0.000000000 0.000000000 0.000244115
220 0.000000000 -0.000000000 0.000000000 0.000000000 0.000000000 0.000244115
221 0.000000000 -0.000000000 0.000000000 0.000000000 0.000000000 0.000244115
222 0.000000000 -0.000000000 0.000000000 0.000000000 0.000000000 0.000244115
223 0.000000000 -0.000000000 0.000000000 0.000000000 0.000000000 0.000244115
time 27
0 0.000000016 -0.355549008 0.028483000 2.737439575 -1.541456908 1.934292815
1 88.476776123 -0.000062061 -0.000010272 3.003554736 -0.003053205 3.137477572
2 -43.495697021 -0.000050783 4.662868023 0.069183292 0.036234003 3.137836491
3 9.507705688 0.000008076 -0.000020981 -0.185645932 0.309054962 -0.109817020
4 23.267890930 2.189104080 -3.705398560 1.467795554 0.066617190 1.565204303
5 11.648437500 0.000019073 0.000015259 -0.055519676 -0.276432113 2.114923351
6 29.776130676 -0.000032425 -0.000122070 1.024013485 -0.200021756 1.155633741
7 25.612236023 0.000019073 0.000091553 0.655225152 -0.041567657 -0.334916568
8 8.674331665 -1.907150269 -2.936546326 -0.551336544 -0.109697996 1.608018152
9 0.000000000 -0.000000000 0.000000000 0.000000000 0.000000000 0.000244115
10 -43.495697021 -0.000050783 4.662868023 0.027538070 0.009490413 0.000389661
11 21.580322266 10.273416519 -4.495086193 -0.023866715 -0.050181351 0.042481834
12 45.674186707 0.000022888 0.000018120 3.141410225 0.502454730 -0.005571909
13 55.039104462 -0.000032425 -0.000024796 3.134645688 1.137001611 0.004678012
14 21.580268860 -10.273574829 -4.495070934 0.005378988 -0.492998420 -0.007227947
15 45.674209595 0.000012636 -0.000041962 3.119733883 0.523070792 -0.002544739
16 55.039146423 -0.000030041 -0.000012398 3.088869221 0.740878928 -0.030113225
17 0.161682129 -1.532184362 -10.638454437 2.836913716 0.517889579 -0.204040059
18 14.463745117 -0.000010490 0.000007629 -0.184799874 0.109460057 0.156813238
19 20.708938599 -0.000022888 -0.000045776 0.030065922 -0.097622932 -0.383647742
20 20.709026337 -0.000004768 -0.000015259 0.039562881 -0.263850453 -0.134844169
21 20.709554672 -0.000007629 0.000000000 -0.037722100 -0.118622028 0.077066458
22 0.118835449 -3.636024952 -10.382871628 2.324822490 0.389840754 -0.469093940
23 14.125000000 -0.000022411 -0.000022888 -0.134893281 0.084690970 0.173237756
24 20.265335083 -0.000008583 -0.000022888 0.056150770 -0.113259113 -0.395767039
25 20.265331268 -0.000009298 -0.000015259 0.066785508 -0.270004519 -0.171364842
26 20.265625000 -0.000025749 -0.000030518 0.012542603 -0.054919372 0.078168716
27 0.430786133 -8.824711800 -7.827316761 2.175525104 0.329586981 -0.546455030
28 12.544487000 0.000007629 -0.000015259 -0.320836030 0.123469421 0.323417069
29 19.343734741 -0.000009537 -0.000022888 0.068715343 -0.095275332 -0.390463526
30 19.343750000 0.000000477 -0.000038147 0.078395555 -0.227756695 -0.188144050
31 19.343750000 -0.000011444 -0.000015259 -0.005245678 -0.029507557 0.126716587
32 -0.019668579 -12.396470070 -3.323644400 1.906118843 0.102670980 -0.537952083
33 11.042068481 0.000009537 -0.000015259 -0.374312953 0.039473987 0.348595195
34 19.073440552 -0.000001907 -0.000038147 0.070079069 -0.077769701 -0.363560036
35 19.073348999 0.000000000 -0.000038147 0.077866127 -0.172033449 -0.212042366
36 19.073877335 0.000003338 -0.000045776 -0.109777280 -0.043943450 0.230404929
37 0.143402100 -12.177965164 2.328495502 1.410057465 -0.192532396 -0.473304614
38 10.827301025 0.000015259 -0.000030518 -0.229102205 -0.064966257 0.244660185
39 18.731544495 0.000005722 -0.000007629 0.063329513 -0.072304081 -0.350315660
40 18.731605530 0.000007629 -0.000030518 0.059389391 -0.094298490 -0.222048921
41 18.732204437 0.000014305 -0.000030518 -0.242962439 -0.110244443 0.332785103
42 0.706604004 -9.159463882 6.887689114 0.858170077 -0.240825556 -0.156432395
43 10.843421936 0.000003815 -0.000026703 -0.180638421 -0.239902614 0.178155554
44 18.864501953 0.000017166 -0.000022888 0.045274408 -0.069857793 -0.294021896
45 18.864482880 0.000011444 0.000007629 0.037512791 -0.068969497 -0.193794158
46 18.864948273 0.000018120 -0.000030518 -0.353111016 -0.199533889 0.386310443
47 0.843017578 -2.753788710 9.486446381 0.591990212 -0.150294613 -0.014877905
48 10.832740784 0.000012398 0.000003815 -0.474773933 -0.263699313 0.252371640
49 19.399497986 0.000001907 -0.000030518 0.023919144 -0.055707220 -0.262991515
50 19.399696350 0.000017643 -0.000015259 0.010468899 -0.014902167 -0.182986680
51 19.400085449 0.000020027 0.000000000 -0.264532067 -0.370582208 0.304471675
52 0.161651611 1.532161474 -10.638372421 -3.139815798 0.553435457 -0.032607381
53 14.463714600 -0.000010490 -0.000015259 0.002149303 0.083993456 0.020306616
54 20.708969116 -0.000022888 -0.000007629 0.004931683 -0.082041887 -0.394000901
55 20.709014893 -0.000004768 -0.000007629 0.005706154 -0.212298577 -0.104039670
56 20.709592819 0.000015259 -0.000045776 -0.186813822 -0.120246750 0.141297617
57 0.118759155 3.636007071 -10.383041382 -2.436034874 0.484651379 0.363977722
58 14.125000000 -0.000013828 -0.000022888 -0.040604450 0.053123240 0.022153782
59 20.265319824 -0.000000477 -0.000007629 -0.022594308 -0.035912350 -0.421798872
60 20.265342712 0.000005722 -0.000015259 -0.023752112 -0.098329581 -0.102850109
61 20.265625000 -0.000003815 -0.000015259 -0.221516428 -0.080752086 0.150259227
62 0.430786133 8.824709892 -7.827404499 -2.275428344 0.439895227 0.461420549
63 12.544555664 0.000013828 0.000000000 0.164008217 0.059947280 -0.115930245
64 19.343750000 -0.000008106 -0.000007629 -0.051387342 0.040031932 -0.438745756
65 19.343750000 0.000015259 -0.000022888 -0.048752217 0.049044591 -0.128329436
66 19.343750000 0.000003815 -0.000053406 -0.192738838 -0.076906407 0.121271618
67 -0.019577026 12.396468163 -3.323732376 -1.981551477 0.229590394 0.493682900
68 11.042076111 -0.000007629 0.000000000 0.200138012 -0.046441797 -0.140134623
69 19.073402405 0.000000954 -0.000045776 -0.057864325 0.060029974 -0.437923803
70 19.073383331 0.000007629 -0.000022888 -0.059222406 0.092971607 -0.154791143
71 19.073938370 0.000011444 -0.000038147 -0.076750139 -0.110679512 0.044311761
72 0.143447876 12.177960396 2.328406334 -1.603801746 0.009412770 0.491549069
73 10.827331543 -0.000015259 0.000007629 0.031979558 -0.124200040 -0.017730812
74 18.731575012 0.000006676 -0.000007629 -0.044931811 0.037708557 -0.412283417
75 18.731582642 -0.000001907 -0.000068665 -0.054585270 0.065705919 -0.142995477
76 18.732156754 0.000026703 0.000030518 0.057319028 -0.212900790 -0.025319126
77 0.706573486 9.159471512 6.887772083 -1.090645423 -0.131719964 0.260793990
78 10.843391418 0.000002861 0.000007629 -0.073047370 -0.278883546 0.051950941
79 18.864524841 -0.000005722 -0.000038147 -0.030821217 0.026101351 -0.344061248
80 18.864490509 0.000011444 0.000000000 -0.045750107 0.076694514 -0.131710429
81 18.865070343 0.000007629 -0.000030518 0.145945539 -0.310871119 -0.054971321
82 0.842941284 2.753787041 9.486444473 -0.821906640 -0.090759283 0.121673245
83 10.832794189 -0.000000477 0.000022888 0.209001064 -0.343549320 -0.041054778
84 19.399604797 -0.000003338 -0.000045776 -0.009667493 -0.027865697 -0.280394596
85 19.399612427 0.000001907 0.000007629 -0.027466382 0.028471136 -0.158806212
86 19.400196075 0.000013351 0.000000000 0.007079949 -0.425562804 0.072313341
87 23.268287659 -2.187744141 -3.705848694 -1.456154893 0.000364046 -1.570479669
88 11.648437500 -0.000026703 0.000015259 -1.191969815 0.174103543 0.718415489
89 19.962633133 1.182586670 -0.494768620 2.827724317 1.210077460 -0.137379431
90 25.357299805 1.346649170 -0.632635593 1.448529098 1.399822653 -1.647484059
91 10.585937500 0.000000000 -0.000007629 -0.623342345 0.227380332 0.017522868
92 29.775829315 0.000030518 -0.000046253 0.509916794 0.827154160 -1.160381106
93 22.736793518 -0.004581451 -0.007385254 -0.567665312 -0.170646603 -2.892178389
94 0.073730469 -0.706542969 -0.275878906 -0.070371641 1.136551870 1.861268155
95 13.120185852 -0.000007629 -0.000015259 -1.524116508 0.401750642 -1.556392840
96 12.350067139 0.000000000 -0.000007629 -1.047843076 1.042516770 -0.391516120
97 15.541221619 -0.000030518 0.000007629 -0.357636683 0.338144387 -0.137663440
98 14.906250000 -0.000001907 0.000000000 -0.576403127 0.052111799 -0.797671309
99 14.182815552 -0.000007629 0.000000000 -0.283234309 0.541288299 0.021146858
100 6.140625000 -0.523925781 -0.378906250 0.908699585 0.948266412 1.371439818
101 11.348457336 -0.000007629 -0.000022888 -2.033071421 -1.190015285 -0.948853804
102 12.005233765 0.000007629 -0.000011444 -0.579062672 0.904889452 -0.328540593
103 15.865589142 -0.000030518 0.000015259 -0.501346805 0.185904894 -0.148060625
104 14.851562500 -0.000015259 -0.000015259 -0.602806491 0.521620070 0.022306334
105 12.538963318 -0.414989471 -0.272308350 0.914495959 0.823461984 1.215962357
106 10.619369507 -0.000015259 0.000015259 3.133115201 -1.147033765 -0.174388828
107 12.043014526 -0.000015259 0.000009537 -0.030384147 0.945618540 0.146755160
108 15.310379028 -0.000022888 -0.000007629 -0.426438632 0.489215991 -0.003677231
109 19.857894897 -0.000003815 -0.000015259 0.919396829 0.859367917 1.270122930
110 10.617187500 -0.000015259 0.000015259 -0.463934111 -1.137013948 0.049669254
111 11.091690063 -0.000015259 -0.000038147 -3.001119687 -0.386225536 -0.267533082
112 25.612243652 -0.000019073 -0.000137329 -0.964860271 -0.260129499 0.118751330
113 0.732421875 0.378173828 -0.043365479 -0.298448110 -0.042506783 0.541930270
114 9.421432495 0.000015259 -0.000019073 0.360626545 0.925566292 -0.183090914
115 3.208984375 0.000007629 0.000000000 -0.000856051 0.860846357 0.001031658
116 2.421092987 -0.000007629 0.000015259 -0.043040130 0.622530021 -0.041873882
117 0.783203125 0.134643555 -0.023925781 -0.156336213 -0.123510422 0.279151765
118 9.940948486 -0.000015259 0.000005722 0.156940826 0.930343403 -0.089257890
119 3.403709412 -0.000007629 -0.000015259 -0.006048037 0.656683852 -0.005707954
120 2.546609879 0.000007629 0.000000000 -0.038110356 0.644835858 -0.012733087
121 0.805175781 -0.000007629 -0.000011444 -0.007963538 -0.147251916 0.014089588
122 9.898437500 -0.000022888 0.000041962 -0.013519539 0.842282569 -0.001043158
123 3.537033081 -0.000015259 0.000000000 0.014337229 0.546778080 0.002854942
124 2.507812500 -0.000007629 0.000000000 0.001189873 0.577239660 0.007646629
125 0.821777344 -0.246826172 -0.028762817 0.155124828 -0.087466036 -0.272238366
126 9.687484741 -0.000015259 0.000007629 -0.211718941 0.781722057 0.168207529
127 3.679679871 -0.000007629 0.000015259 -0.002077321 0.581831668 -0.002424027
128 2.700599670 -0.000015259 -0.000030518 0.024996218 0.626238431 0.030959007
129 0.519042969 -0.395996094 -0.161987305 0.477878787 0.316754060 -0.763355711
130 6.753906250 -0.000007629 -0.000053406 -0.574483850 0.626140537 0.006934877
131 4.462646484 -0.000028610 -0.000015259 -0.077791836 0.010175756 0.138879881
132 22.736747742 0.004577637 -0.007293701 0.429309427 0.013224197 -2.531960617
133 0.073730469 0.706542969 -0.276367188 2.153262005 0.273522919 0.299260279
134 13.119331360 0.000015259 0.000015259 0.611882329 -0.108643915 0.620475300
135 12.350997925 0.000003815 -0.000015259 0.345711835 -0.001111448 0.287320945
136 15.540870667 0.000001907 0.000000000 -0.270442024 -0.127964039 0.181892867
137 14.906250000 0.000003815 0.000015259 -0.248787601 -0.227797842 -0.047140916
138 14.182882309 0.000007629 0.000000000 0.095929425 0.367020983 -0.047846896
139 6.140625000 0.523925781 -0.378662109 0.104455687 0.268146142 0.018549784
140 11.348968506 -0.000007629 0.000011444 2.149251768 -0.515571382 -0.282401335
141 12.004653931 -0.000022888 -0.000015259 -0.145728927 -0.176734739 0.183781098
142 15.865951538 0.000015259 0.000000000 -0.122846762 -0.185815679 -0.123611549
143 14.851562500 0.000000000 0.000007629 0.345116972 0.374751517 -0.096328102
144 12.539047241 0.414970398 -0.272766113 -0.229811346 0.208929846 -0.136691475
145 10.619094849 0.000007629 -0.000015259 2.711231007 -0.334387781 -0.430888217
146 12.043624878 -0.000015259 -0.000007629 -0.475681290 -0.115188571 0.186104572
147 15.309890747 -0.000015259 0.000007629 0.107753516 0.356516905 -0.104223117
148 19.857978821 0.000007629 0.000045776 -0.392790770 0.218156074 -0.353187559
149 10.617187500 -0.000003815 -0.000007629 0.098014665 -0.407310011 -0.309454724
150 11.091804504 0.000005245 0.000000000 2.614784096 -0.157658631 0.217834957
151 0.732421875 -0.378417969 -0.043029785 0.298829922 -0.043211786 -0.541974052
152 9.421354294 -0.000015259 0.000003815 -0.470241755 1.108872100 0.050969701
153 3.208984375 0.000015259 0.000015259 0.000857873 1.057455893 -0.001098300
154 2.421081543 -0.000015259 -0.000017166 0.043174526 0.819359608 0.045011662
155 0.783203125 -0.134643555 -0.023727417 0.156625597 -0.124254089 -0.279237635
156 9.941059113 -0.000015259 -0.000038147 -0.258870176 1.208138449 -0.026394740
157 3.403720856 0.000000000 0.000038147 -0.009093961 0.939657871 -0.001132441
158 2.546592712 -0.000015259 -0.000030518 0.050622334 0.928087349 0.026112669
159 0.805175781 0.000000000 0.000000000 0.007970885 -0.148203970 -0.014094421
160 9.898437500 0.000015259 0.000022888 0.008520768 1.208195160 -0.016983373
161 3.537109375 0.000015259 0.000000000 -0.000193491 0.912542382 0.000193491
162 2.507812500 -0.000015259 0.000011444 0.000320821 0.943623568 -0.000320821
163 0.821777344 0.246826172 -0.027450562 -0.156036888 -0.088436172 0.270446228
164 9.687316895 0.000022888 -0.000053406 0.342851519 1.121789534 -0.008737843
165 3.679668427 -0.000015259 0.000030518 -0.002974323 0.934332562 -0.000146806
166 2.700630188 -0.000015259 -0.000019073 -0.032371169 0.978263485 -0.042071145
167 0.519531250 0.395996094 -0.161743164 -0.478495596 0.316187846 0.763124936
168 6.753906250 0.000005722 -0.000015259 0.300769486 0.115172368 -0.360966190
169 4.462753296 0.000007629 0.000030518 0.078557963 0.005930337 -0.087042230
170 86.264892578 -0.000015259 -0.000001907 -0.532775714 -1.266495314 -2.472060872
171 2.875000000 0.000015259 0.000015259 0.382362391 0.482019806 0.509592222
172 8.134399414 -0.000015259 -0.000015259 0.066331755 -0.412171383 -0.102217872
173 8.134380341 0.000000000 0.000001907 0.045057375 -0.168953409 -0.118947453
174 8.134401321 0.000000000 0.000017166 0.024125514 -0.090775376 -0.119376374
175 8.134383202 -0.000030518 0.000011444 -0.053757144 -0.049789814 -0.105297997
176 8.134395599 0.000000000 -0.000015259 -0.059200089 -0.034706273 -0.111655207
177 8.134382248 0.000000000 0.000000000 -0.071620477 -0.019683731 -0.112248658
178 8.134397507 -0.000015259 -0.000007629 -0.088832446 -0.004290256 -0.100337351
179 8.132812500 -0.000015259 -0.000007629 -0.138591913 0.331146689 0.331908849
180 86.264892578 -0.000015259 -0.000001907 -1.575265744 -0.396732519 -1.774456487
181 2.875000000 0.000007629 -0.000030518 -0.120188939 0.421300377 -0.023871808
182 8.134384155 0.000000000 -0.000045776 -0.100353511 -0.082394380 -0.457438339
183 8.134407043 0.000000000 -0.000015259 -0.122410851 0.066318484 -0.208536566
184 8.134418488 0.000000000 -0.000030518 -0.118050590 0.105354325 -0.117640054
185 8.134395599 0.000007629 0.000000000 -0.326276846 0.126077027 -0.131534762
186 8.134393692 0.000000000 0.000030518 -0.289283998 0.129506872 -0.070990126
187 8.134375572 0.000015259 -0.000030518 -0.260248143 0.112758564 -0.014945746
188 8.134401321 0.000000000 -0.000007629 -0.219746570 0.091549045 0.017190533
189 8.132812500 0.000015259 -0.000003815 -0.330523958 0.299479802 -0.278712560
190 25.357383728 -1.346624374 -0.631866455 1.618124178 0.736538727 -1.726632939
191 10.586959839 0.000000000 -0.000030518 0.626476168 0.206309484 -0.033652166
192 19.962806702 -1.182567596 -0.493774414 -2.827724317 1.210077460 0.137379431
193 26.542930603 -0.000061035 5.258399963 -0.023328124 -0.703779091 -3.104611341
194 5.210937500 -0.000001907 0.000015259 -0.007888793 0.120301992 -0.060583442
195 11.580818176 -0.000003815 0.000000000 0.000000000 0.373150501 0.000000000
196 30.590766907 -0.110170364 0.305751801 -0.182509917 -0.402264933 0.105073182
197 7.470642090 0.014274597 0.148304462 0.065448843 0.363960714 -0.023605526
198 9.857986450 6.173837662 -12.156152725 2.343721255 0.103353816 3.040407058
199 9.858200073 -6.068101883 -12.208473206 -2.352349825 0.104146931 -3.041265021
200 20.049377441 0.061208725 -14.093132019 3.134587295 0.926499159 3.136067236
201 5.580169678 -0.000003815 0.000015259 -0.123204915 0.837675536 -0.186436494
202 6.841293335 0.000000000 -0.000015259 -0.030522207 -0.156070320 0.314861895
203 6.916397095 0.000007629 0.000000000 -0.284057675 0.169796178 -0.000010178
204 24.600051880 -1.878301620 -11.667308807 -2.002800253 -0.732025296 -0.963281651
205 24.600051880 -1.878301620 -11.667308807 -1.536345236 -0.230748013 -1.702389711
206 24.600051880 -1.878301620 -11.667308807 -1.665549243 0.097947933 -2.370679697
207 24.599975586 1.980123520 -11.650838852 2.009399481 -0.739004495 0.958897021
208 24.599975586 1.980123520 -11.650838852 1.535182712 -0.239155086 1.702686470
209 24.599975586 1.980123520 -11.650838852 1.659403831 0.091981346 2.370144970
210 7.570632935 3.876308441 6.930503845 -2.049238070 1.047095500 -0.535595520
211 7.418075562 -3.974512100 7.604160309 1.014907748 -1.024031318 -2.618339091
212 -86.807075500 0.000003206 0.000005000 0.000000000 0.000000000 0.000244115
213 0.000000000 -0.000000000 0.000000000 0.000000000 0.000000000 0.000244115
214 0.000000000 -0.000000000 0.000000000 0.000000000 0.000000000 0.000244115
215 0.000000000 -0.000000000 0.000000000 0.000000000 0.000000000 0.000244115
216 0.000000000 -0.000000000 0.000000000 0.000000000 0.000000000 0.000244115
217 0.000000000 -0.000000000 0.000000000 0.000000000 0.000000000 0.000244115
218 0.000000000 -0.000000000 0.000000000 0.000000000 0.000000000 0.000244115
219 0.000000000 -0.000000000 0.000000000 0.000000000 0.000000000 0.000244115
220 0.000000000 -0.000000000 0.000000000 0.000000000 0.000000000 0.000244115
221 0.000000000 -0.000000000 0.000000000 0.000000000 0.000000000 0.000244115
222 0.000000000 -0.000000000 0.000000000 0.000000000 0.000000000 0.000244115
223 0.000000000 -0.000000000 0.000000000 0.000000000 0.000000000 0.000244115
time 28
0 0.000000007 -0.163871005 0.013022000 2.678298995 -1.537027752 2.012968419
1 88.476776123 -0.000062061 -0.000010272 3.003554736 -0.003053205 3.137477572
2 -43.495697021 -0.000050783 4.662868023 0.031652615 0.037323225 3.139852210
3 9.507705688 0.000008076 -0.000020981 -0.128580128 0.309632903 -0.118000550
4 23.267890930 2.189104080 -3.705398560 1.461654500 0.031329541 1.568034319
5 11.648437500 0.000019073 0.000015259 -0.018860015 -0.284625789 2.198133664
6 29.776130676 -0.000032425 -0.000122070 1.037808100 -0.212718337 1.188973906
7 25.612236023 0.000019073 0.000091553 0.596058268 -0.077768476 -0.328776267
8 8.674331665 -1.907150269 -2.936546326 -0.551336544 -0.109697996 1.608018152
9 0.000000000 -0.000000000 0.000000000 0.000000000 0.000000000 0.000244115
10 -43.495697021 -0.000050783 4.662868023 0.012861758 0.004400957 0.000200940
11 21.580322266 10.273416519 -4.495086193 -0.011650133 -0.051817480 0.042960655
12 45.674186707 0.000022888 0.000018120 -3.127798321 0.502723800 0.001314360
13 55.039104462 -0.000032425 -0.000024796 -3.124578564 1.139167416 0.020325773
14 21.580268860 -10.273574829 -4.495070934 0.012437852 -0.482972005 -0.016931552
15 45.674209595 0.000012636 -0.000041962 3.133397607 0.517272181 0.001760530
16 55.039146423 -0.000030041 -0.000012398 3.104961106 0.745078858 -0.021638777
17 0.161682129 -1.532184362 -10.638454437 2.820511369 0.510924374 -0.211028896
18 14.463745117 -0.000010490 0.000007629 -0.193826354 0.115815145 0.163904125
19 20.708938599 -0.000022888 -0.000045776 0.026251653 -0.072142249 -0.381499174
20 20.709026337 -0.000004768 -0.000015259 0.050217590 -0.237956229 -0.225930169
21 20.709554672 -0.000007629 0.000000000 -0.039576750 -0.118102972 0.078031957
22 0.118835449 -3.636024952 -10.382871628 2.312307263 0.379211805 -0.472858407
23 14.125000000 -0.000022411 -0.000022888 -0.143856367 0.090567522 0.182776669
24 20.265335083 -0.000008583 -0.000022888 0.051700020 -0.088692470 -0.393549935
25 20.265331268 -0.000009298 -0.000015259 0.078243217 -0.248289327 -0.262718410
26 20.265625000 -0.000025749 -0.000030518 0.010823470 -0.053994199 0.079170142
27 0.430786133 -8.824711800 -7.827316761 2.164323249 0.318077276 -0.549031478
28 12.544487000 0.000007629 -0.000015259 -0.328720508 0.130502626 0.333440470
29 19.343734741 -0.000009537 -0.000022888 0.065135676 -0.075926239 -0.388682921
30 19.343750000 0.000000477 -0.000038147 0.088718658 -0.210488578 -0.275673907
31 19.343750000 -0.000011444 -0.000015259 -0.006831934 -0.028366331 0.127773317
32 -0.019668579 -12.396470070 -3.323644400 1.895865268 0.090976155 -0.537906682
33 11.042068481 0.000009537 -0.000015259 -0.382694434 0.043969224 0.359211776
34 19.073440552 -0.000001907 -0.000038147 0.067886087 -0.063763694 -0.360171771
35 19.073348999 0.000000000 -0.000038147 0.085523403 -0.156984522 -0.287746347
36 19.073877335 0.000003338 -0.000045776 -0.111057927 -0.042684689 0.231673688
37 0.143402100 -12.177965164 2.328495502 1.399515466 -0.203740587 -0.468627997
38 10.827301025 0.000015259 -0.000030518 -0.238290472 -0.061372295 0.256388403
39 18.731544495 0.000005722 -0.000007629 0.063392410 -0.068189875 -0.346039486
40 18.731605530 0.000007629 -0.000030518 0.065572403 -0.086736609 -0.289613174
41 18.732204437 0.000014305 -0.000030518 -0.243993063 -0.108936006 0.334278734
42 0.706604004 -9.159463882 6.887689114 0.844539755 -0.248437583 -0.151884722
43 10.843421936 0.000003815 -0.000026703 -0.190569902 -0.240421248 0.190880178
44 18.864501953 0.000017166 -0.000022888 0.044894875 -0.061870579 -0.289598846
45 18.864482880 0.000011444 0.000007629 0.042735965 -0.058898932 -0.252577020
46 18.864948273 0.000018120 -0.000030518 -0.354097455 -0.197768961 0.387794377
47 0.843017578 -2.753788710 9.486446381 0.577583176 -0.155762543 -0.011235486
48 10.832740784 0.000012398 0.000003815 -0.486031877 -0.264420215 0.262685797
49 19.399497986 0.000001907 -0.000030518 0.024069497 -0.049316009 -0.254537800
50 19.399696350 0.000017643 -0.000015259 0.013997539 -0.003073808 -0.230224241
51 19.400085449 0.000020027 0.000000000 -0.265849368 -0.367785438 0.306345590
52 0.161651611 1.532161474 -10.638372421 3.125717618 0.549105988 -0.040434363
53 14.463714600 -0.000010490 -0.000015259 -0.007808860 0.088443165 0.026612655
54 20.708969116 -0.000022888 -0.000007629 0.002172350 -0.058888155 -0.391497622
55 20.709014893 -0.000004768 -0.000007629 0.014832062 -0.186075731 -0.194752719
56 20.709592819 0.000015259 -0.000045776 -0.188758031 -0.119866702 0.142173371
57 0.118759155 3.636007071 -10.383041382 -2.453255000 0.486115523 0.358112939
58 14.125000000 -0.000013828 -0.000022888 -0.051222591 0.056661607 0.027227163
59 20.265319824 -0.000000477 -0.000007629 -0.023480020 -0.020467470 -0.414859648
60 20.265342712 0.000005722 -0.000015259 -0.019127671 -0.072839346 -0.188840751
61 20.265625000 -0.000003815 -0.000015259 -0.223384127 -0.080594493 0.151290809
62 0.430786133 8.824709892 -7.827404499 -2.291904798 0.442693787 0.456802020
63 12.544555664 0.000013828 0.000000000 0.149154758 0.058469270 -0.112859152
64 19.343750000 -0.000008106 -0.000007629 -0.049359421 0.044669339 -0.423978422
65 19.343750000 0.000015259 -0.000022888 -0.049317028 0.073145882 -0.201115472
66 19.343750000 0.000003815 -0.000053406 -0.194429462 -0.076697324 0.122455852
67 -0.019577026 12.396468163 -3.323732376 -1.997071400 0.232398371 0.491927021
68 11.042076111 -0.000007629 0.000000000 0.185361229 -0.050251833 -0.137010067
69 19.073402405 0.000000954 -0.000045776 -0.054996871 0.060769604 -0.420253362
70 19.073383331 0.000007629 -0.000022888 -0.060782540 0.117269417 -0.219472562
71 19.073938370 0.000011444 -0.000038147 -0.078393109 -0.110763517 0.045792117
72 0.143447876 12.177960396 2.328406334 -1.618922509 0.011753442 0.493768067
73 10.827331543 -0.000015259 0.000007629 0.018182070 -0.125109181 -0.015496263
74 18.731575012 0.000006676 -0.000007629 -0.043110934 0.040570104 -0.396448434
75 18.731582642 -0.000001907 -0.000068665 -0.054142212 0.088865835 -0.206833457
76 18.732156754 0.000026703 0.000030518 0.055922168 -0.213046676 -0.023610420
77 0.706573486 9.159471512 6.887772083 -1.106021372 -0.133154214 0.264744599
78 10.843391418 0.000002861 0.000007629 -0.084974856 -0.281671413 0.054813585
79 18.864524841 -0.000005722 -0.000038147 -0.028688475 0.025581447 -0.330795727
80 18.864490509 0.000011444 0.000000000 -0.044590941 0.095513320 -0.186068670
81 18.865070343 0.000007629 -0.000030518 0.144424450 -0.311024631 -0.053077287
82 0.842941284 2.753787041 9.486444473 -0.836868129 -0.094187191 0.124759709
83 10.832794189 -0.000000477 0.000022888 0.197180823 -0.349986448 -0.038582583
84 19.399604797 -0.000003338 -0.000045776 -0.008903058 -0.023147609 -0.267694681
85 19.399612427 0.000001907 0.000007629 -0.025028701 0.044749684 -0.202519026
86 19.400196075 0.000013351 0.000000000 0.005459419 -0.424110935 0.074334650
87 23.268287659 -2.187744141 -3.705848694 -1.456154893 0.000364046 -1.570479669
88 11.648437500 -0.000026703 0.000015259 -1.191969815 0.174103543 0.718415489
89 19.962633133 1.182586670 -0.494768620 2.827724317 1.210077460 -0.137379431
90 25.357299805 1.346649170 -0.632635593 1.577424177 1.385341035 -1.522054731
91 10.585937500 0.000000000 -0.000007629 -0.623342345 0.227380332 0.017522868
92 29.775829315 0.000030518 -0.000046253 0.509916794 0.827154160 -1.160381106
93 22.736793518 -0.004581451 -0.007385254 -0.567665312 -0.170646603 -2.892178389
94 0.073730469 -0.706542969 -0.275878906 0.110221540 1.056623109 2.033952782
95 13.120185852 -0.000007629 -0.000015259 -1.425693953 0.307472676 -1.428038409
96 12.350067139 0.000000000 -0.000007629 -1.219168167 1.143851041 -0.578558968
97 15.541221619 -0.000030518 0.000007629 -0.324254534 0.478419439 -0.024497113
98 14.906250000 -0.000001907 0.000000000 -0.532255663 0.056135852 -0.674996272
99 14.182815552 -0.000007629 0.000000000 -0.283237510 0.539417502 0.022583837
100 6.140625000 -0.523925781 -0.378906250 1.125990807 0.946335079 1.580974125
101 11.348457336 -0.000007629 -0.000022888 -2.330469506 -1.202505535 -0.573962570
102 12.005233765 0.000007629 -0.000011444 -0.698580856 0.995437427 -0.469638114
103 15.865589142 -0.000030518 0.000015259 -0.502102418 0.382896480 -0.113748735
104 14.851562500 -0.000015259 -0.000015259 -0.602775359 0.519550018 0.024356798
105 12.538963318 -0.414989471 -0.272308350 1.094957418 0.866967778 1.386892169
106 10.619369507 -0.000015259 0.000015259 2.952572212 -1.091538862 0.076117052
107 12.043014526 -0.000015259 0.000009537 -0.064080732 1.055417554 0.109589174
108 15.310379028 -0.000022888 -0.000007629 -0.426731717 0.486938595 -0.002073160
109 19.857894897 -0.000003815 -0.000015259 1.090794186 0.909357572 1.431819331
110 10.617187500 -0.000015259 0.000015259 -0.595256458 -1.070909698 0.238274785
111 11.091690063 -0.000015259 -0.000038147 -3.004369887 -0.384697316 -0.266634800
112 25.612243652 -0.000019073 -0.000137329 -0.964860271 -0.260129499 0.118751330
113 0.732421875 0.378173828 -0.043365479 -0.298448110 -0.042506783 0.541930270
114 9.421432495 0.000015259 -0.000019073 0.360626545 0.925566292 -0.183090914
115 3.208984375 0.000007629 0.000000000 -0.000856051 0.860846357 0.001031658
116 2.421092987 -0.000007629 0.000015259 -0.043040130 0.622530021 -0.041873882
117 0.783203125 0.134643555 -0.023925781 -0.156336213 -0.123510422 0.279151765
118 9.940948486 -0.000015259 0.000005722 0.156940826 0.930343403 -0.089257890
119 3.403709412 -0.000007629 -0.000015259 -0.006048037 0.656683852 -0.005707954
120 2.546609879 0.000007629 0.000000000 -0.038110356 0.644835858 -0.012733087
121 0.805175781 -0.000007629 -0.000011444 -0.007963538 -0.147251916 0.014089588
122 9.898437500 -0.000022888 0.000041962 -0.013519539 0.842282569 -0.001043158
123 3.537033081 -0.000015259 0.000000000 0.014337229 0.546778080 0.002854942
124 2.507812500 -0.000007629 0.000000000 0.001189873 0.577239660 0.007646629
125 0.821777344 -0.246826172 -0.028762817 0.155124828 -0.087466036 -0.272238366
126 9.687484741 -0.000015259 0.000007629 -0.211718941 0.781722057 0.168207529
127 3.679679871 -0.000007629 0.000015259 -0.002077321 0.581831668 -0.002424027
128 2.700599670 -0.000015259 -0.000030518 0.024996218 0.626238431 0.030959007
129 0.519042969 -0.395996094 -0.161987305 0.477878787 0.316754060 -0.763355711
130 6.753906250 -0.000007629 -0.000053406 -0.574483850 0.626140537 0.006934877
131 4.462646484 -0.000028610 -0.000015259 -0.077791836 0.010175756 0.138879881
132 22.736747742 0.004577637 -0.007293701 0.457868496 -0.006931338 -2.530173862
133 0.073730469 0.706542969 -0.276367188 2.149218696 0.320041372 0.291445589
134 13.119331360 0.000015259 0.000015259 0.604764234 -0.110228102 0.679167504
135 12.350997925 0.000003815 -0.000015259 0.352810099 0.024608980 0.320575183
136 15.540870667 0.000001907 0.000000000 -0.265459695 -0.107295165 0.217792343
137 14.906250000 0.000003815 0.000015259 -0.254086950 -0.235665236 0.031115798
138 14.182882309 0.000007629 0.000000000 0.102060848 0.374689966 -0.049262009
139 6.140625000 0.523925781 -0.378662109 0.078285600 0.317878169 -0.018415802
140 11.348968506 -0.000007629 0.000011444 2.168116891 -0.562226061 -0.317151797
141 12.004653931 -0.000022888 -0.000015259 -0.144633144 -0.173765789 0.225153291
142 15.865951538 0.000015259 0.000000000 -0.118256238 -0.221911271 -0.082285832
143 14.851562500 0.000000000 0.000007629 0.350261029 0.382772465 -0.096911253
144 12.539047241 0.414970398 -0.272766113 -0.256835999 0.259410596 -0.176499480
145 10.619094849 0.000007629 -0.000015259 2.728271103 -0.361204190 -0.475591225
146 12.043624878 -0.000015259 -0.000007629 -0.470295884 -0.096240678 0.230213027
147 15.309890747 -0.000015259 0.000007629 0.112770223 0.364494726 -0.105776189
148 19.857978821 0.000007629 0.000045776 -0.426649718 0.275114259 -0.400164791
149 10.617187500 -0.000003815 -0.000007629 0.123389378 -0.435520293 -0.339014742
150 11.091804504 0.000005245 0.000000000 2.643418846 -0.166701874 0.244245455
151 0.732421875 -0.378417969 -0.043029785 0.298829922 -0.043211786 -0.541974052
152 9.421354294 -0.000015259 0.000003815 -0.470241755 1.108872100 0.050969701
153 3.208984375 0.000015259 0.000015259 0.000857873 1.057455893 -0.001098300
154 2.421081543 -0.000015259 -0.000017166 0.043174526 0.819359608 0.045011662
155 0.783203125 -0.134643555 -0.023727417 0.156625597 -0.124254089 -0.279237635
156 9.941059113 -0.000015259 -0.000038147 -0.258870176 1.208138449 -0.026394740
157 3.403720856 0.000000000 0.000038147 -0.009093961 0.939657871 -0.001132441
158 2.546592712 -0.000015259 -0.000030518 0.050622334 0.928087349 0.026112669
159 0.805175781 0.000000000 0.000000000 0.007970885 -0.148203970 -0.014094421
160 9.898437500 0.000015259 0.000022888 0.008520768 1.208195160 -0.016983373
161 3.537109375 0.000015259 0.000000000 -0.000193491 0.912542382 0.000193491
162 2.507812500 -0.000015259 0.000011444 0.000320821 0.943623568 -0.000320821
163 0.821777344 0.246826172 -0.027450562 -0.155714123 -0.088230942 0.271460429
164 9.687316895 0.000022888 -0.000053406 0.342851519 1.121789534 -0.008737843
165 3.679668427 -0.000015259 0.000030518 -0.002974323 0.934332562 -0.000146806
166 2.700630188 -0.000015259 -0.000019073 -0.032371169 0.978263485 -0.042071145
167 0.519531250 0.395996094 -0.161743164 -0.478495596 0.316187846 0.763124936
168 6.753906250 0.000005722 -0.000015259 0.300769486 0.115172368 -0.360966190
169 4.462753296 0.000007629 0.000030518 0.078557963 0.005930337 -0.087042230
170 86.264892578 -0.000015259 -0.000001907 -0.498366297 -1.183771101 -2.489575569
171 2.875000000 0.000015259 0.000015259 0.392337716 0.463148398 0.526490097
172 8.134399414 -0.000015259 -0.000015259 0.067694154 -0.430316648 -0.087924218
173 8.134380341 0.000000000 0.000001907 0.049473145 -0.208249661 -0.122957712
174 8.134401321 0.000000000 0.000017166 0.027628544 -0.127387139 -0.127270121
175 8.134383202 -0.000030518 0.000011444 -0.051262073 -0.079351570 -0.112351468
176 8.134395599 0.000000000 -0.000015259 -0.057730015 -0.058914897 -0.119578174
177 8.134382248 0.000000000 0.000000000 -0.071461137 -0.039978607 -0.120887569
178 8.134397507 -0.000015259 -0.000007629 -0.089971858 -0.021541738 -0.109344255
179 8.132812500 -0.000015259 -0.000007629 -0.139663877 0.333526411 0.335208291
180 86.264892578 -0.000015259 -0.000001907 -1.573862222 -0.412627350 -1.780414250
181 2.875000000 0.000007629 -0.000030518 -0.127561826 0.404614016 -0.036792960
182 8.134384155 0.000000000 -0.000045776 -0.095614253 -0.089948647 -0.395396680
183 8.134407043 0.000000000 -0.000015259 -0.121179688 0.062601275 -0.220952027
184 8.134418488 0.000000000 -0.000030518 -0.120284399 0.110307740 -0.142896225
185 8.134395599 0.000007629 0.000000000 -0.330240587 0.135712882 -0.158693489
186 8.134393692 0.000000000 0.000030518 -0.292572817 0.143405058 -0.090541074
187 8.134375572 0.000015259 -0.000030518 -0.262331290 0.126252062 -0.026447730
188 8.134401321 0.000000000 -0.000007629 -0.221152350 0.103317285 0.011042251
189 8.132812500 0.000015259 -0.000003815 -0.331609138 0.300549817 -0.280349047
190 25.357383728 -1.346624374 -0.631866455 1.640279586 0.742256993 -1.709180616
191 10.586959839 0.000000000 -0.000030518 0.625038843 0.217802354 -0.024892917
192 19.962806702 -1.182567596 -0.493774414 -2.827724317 1.210077460 0.137379431
193 26.542930603 -0.000061035 5.258399963 -0.024311686 -0.709278709 -3.103040528
194 5.210937500 -0.000001907 0.000015259 -0.006778035 0.098025190 -0.058847853
195 11.580818176 -0.000003815 0.000000000 0.000000000 0.373150501 0.000000000
196 30.590766907 -0.110170364 0.305751801 -0.145077742 -0.406952809 0.091225792
197 7.470642090 0.014274597 0.148304462 0.028375143 0.338898097 -0.017916155
198 9.857986450 6.173837662 -12.156152725 2.343721255 0.103353816 3.040407058
199 9.858200073 -6.068101883 -12.208473206 -2.352349825 0.104146931 -3.041265021
200 20.049377441 0.061208725 -14.093132019 3.134587295 0.926499159 3.136067236
201 5.580169678 -0.000003815 0.000015259 -0.188930457 0.876940380 -0.274757125
202 6.841293335 0.000000000 -0.000015259 -0.012945846 -0.070296338 0.228713136
203 6.916397095 0.000007629 0.000000000 -0.284057675 0.169796178 -0.000010178
204 24.600051880 -1.878301620 -11.667308807 -2.002800253 -0.732025296 -0.963281651
205 24.600051880 -1.878301620 -11.667308807 -1.536345236 -0.230748013 -1.702389711
206 24.600051880 -1.878301620 -11.667308807 -1.665549243 0.097947933 -2.370679697
207 24.599975586 1.980123520 -11.650838852 2.009399481 -0.739004495 0.958897021
208 24.599975586 1.980123520 -11.650838852 1.535182712 -0.239155086 1.702686470
209 24.599975586 1.980123520 -11.650838852 1.659403831 0.091981346 2.370144970
210 7.570632935 3.876308441 6.930503845 -2.049238070 1.047095500 -0.535595520
211 7.418075562 -3.974512100 7.604160309 1.014907748 -1.024031318 -2.618339091
212 -86.807075500 0.000003206 0.000005000 0.000000000 0.000000000 0.000244115
213 0.000000000 -0.000000000 0.000000000 0.000000000 0.000000000 0.000244115
214 0.000000000 -0.000000000 0.000000000 0.000000000 0.000000000 0.000244115
215 0.000000000 -0.000000000 0.000000000 0.000000000 0.000000000 0.000244115
216 0.000000000 -0.000000000 0.000000000 0.000000000 0.000000000 0.000244115
217 0.000000000 -0.000000000 0.000000000 0.000000000 0.000000000 0.000244115
218 0.000000000 -0.000000000 0.000000000 0.000000000 0.000000000 0.000244115
219 0.000000000 -0.000000000 0.000000000 0.000000000 0.000000000 0.000244115
220 0.000000000 -0.000000000 0.000000000 0.000000000 0.000000000 0.000244115
221 0.000000000 -0.000000000 0.000000000 0.000000000 0.000000000 0.000244115
222 0.000000000 -0.000000000 0.000000000 0.000000000 0.000000000 0.000244115
223 0.000000000 -0.000000000 0.000000000 0.000000000 0.000000000 0.000244115
time 29
0 0.000000002 -0.042426001 0.003349000 2.620901253 -1.534256539 2.084528544
1 88.476776123 -0.000062061 -0.000010272 3.003554736 -0.003053205 3.137477572
2 -43.495697021 -0.000050783 4.662868023 0.007847615 0.037983736 3.141137382
3 9.507705688 0.000008076 -0.000020981 -0.085385940 0.309981059 -0.123318551
4 23.267890930 2.189104080 -3.705398560 1.457557290 0.008346655 1.569878502
5 11.648437500 0.000019073 0.000015259 0.004541077 -0.289890667 2.251345416
6 29.776130676 -0.000032425 -0.000122070 1.046327891 -0.220661875 1.209902145
7 25.612236023 0.000019073 0.000091553 0.540504154 -0.101248226 -0.324812899
8 8.674331665 -1.907150269 -2.936546326 -0.551336544 -0.109697996 1.608018152
9 0.000000000 -0.000000000 0.000000000 0.000000000 0.000000000 0.000244115
10 -43.495697021 -0.000050783 4.662868023 0.003366357 0.001122116 0.000001889
11 21.580322266 10.273416519 -4.495086193 -0.003841070 -0.053538411 0.043452856
12 45.674186707 0.000022888 0.000018120 -3.118836983 0.502869642 0.005667255
13 55.039104462 -0.000032425 -0.000024796 -3.109245305 1.140590949 0.030285684
14 21.580268860 -10.273574829 -4.495070934 0.016875737 -0.471606915 -0.025894301
15 45.674209595 0.000012636 -0.000041962 -3.140934150 0.513689587 0.004545927
16 55.039146423 -0.000030041 -0.000012398 3.115231366 0.749721135 -0.016309723
17 0.161682129 -1.532184362 -10.638454437 2.809914761 0.506436796 -0.215449900
18 14.463745117 -0.000010490 0.000007629 -0.199819363 0.119802104 0.168633932
19 20.708938599 -0.000022888 -0.000045776 0.024021097 -0.052634921 -0.352431921
20 20.709026337 -0.000004768 -0.000015259 0.056431778 -0.207567198 -0.295385147
21 20.709554672 -0.000007629 0.000000000 -0.040812145 -0.117697858 0.078702577
22 0.118835449 -3.636024952 -10.382871628 2.304137575 0.372300806 -0.475221643
23 14.125000000 -0.000022411 -0.000022888 -0.150062321 0.094346289 0.188972669
24 20.265335083 -0.000008583 -0.000022888 0.048188421 -0.069307144 -0.362680101
25 20.265331268 -0.000009298 -0.000015259 0.085057754 -0.222545886 -0.331854449
26 20.265625000 -0.000025749 -0.000030518 0.009701788 -0.053521313 0.079806921
27 0.430786133 -8.824711800 -7.827316761 2.157044144 0.310591911 -0.550718283
28 12.544487000 0.000007629 -0.000015259 -0.334100727 0.134926331 0.339853283
29 19.343734741 -0.000009537 -0.000022888 0.062296791 -0.061494749 -0.357945354
30 19.343750000 0.000000477 -0.000038147 0.095392856 -0.190638208 -0.342713106
31 19.343750000 -0.000011444 -0.000015259 -0.007831304 -0.027608299 0.128476115
32 -0.019668579 -12.396470070 -3.323644400 1.889218104 0.083434657 -0.537748265
33 11.042068481 0.000009537 -0.000015259 -0.388529155 0.046877460 0.366071754
34 19.073440552 -0.000001907 -0.000038147 0.066045690 -0.054845825 -0.330121897
35 19.073348999 0.000000000 -0.000038147 0.091014956 -0.142575990 -0.345884004
36 19.073877335 0.000003338 -0.000045776 -0.111863804 -0.041936921 0.232522857
37 0.143402100 -12.177965164 2.328495502 1.392566059 -0.210918782 -0.464423405
38 10.827301025 0.000015259 -0.000030518 -0.244546422 -0.058374195 0.263928524
39 18.731544495 0.000005722 -0.000007629 0.063341971 -0.069044606 -0.316812516
40 18.731605530 0.000007629 -0.000030518 0.071611456 -0.083019161 -0.342260511
41 18.732204437 0.000014305 -0.000030518 -0.244703734 -0.108107567 0.335105076
42 0.706604004 -9.159463882 6.887689114 0.835777704 -0.253326006 -0.149000433
43 10.843421936 0.000003815 -0.000026703 -0.197046756 -0.240630631 0.199373777
44 18.864501953 0.000017166 -0.000022888 0.044345692 -0.059475070 -0.262310750
45 18.864482880 0.000011444 0.000007629 0.047680840 -0.053335659 -0.298971556
46 18.864948273 0.000018120 -0.000030518 -0.354765129 -0.196497374 0.388795475
47 0.843017578 -2.753788710 9.486446381 0.568202065 -0.159342363 -0.008919469
48 10.832740784 0.000012398 0.000003815 -0.493457076 -0.264911476 0.269457204
49 19.399497986 0.000001907 -0.000030518 0.024503467 -0.050117695 -0.227684989
50 19.399696350 0.000017643 -0.000015259 0.018050000 0.002431998 -0.267853317
51 19.400085449 0.000020027 0.000000000 -0.266646783 -0.364952692 0.307478892
52 0.161651611 1.532161474 -10.638372421 3.114232932 0.546179353 -0.045496545
53 14.463714600 -0.000010490 -0.000015259 -0.014324352 0.091070184 0.030801275
54 20.708969116 -0.000022888 -0.000007629 0.001329702 -0.042146635 -0.363075422
55 20.709014893 -0.000004768 -0.000007629 0.020513565 -0.156799939 -0.266214157
56 20.709592819 0.000015259 -0.000045776 -0.189911586 -0.119651417 0.142751245
57 0.118759155 3.636007071 -10.383041382 -2.464374134 0.486969889 0.354371939
58 14.125000000 -0.000013828 -0.000022888 -0.058084978 0.059367428 0.030672943
59 20.265319824 -0.000000477 -0.000007629 -0.021929194 -0.012961725 -0.383410273
60 20.265342712 0.000005722 -0.000015259 -0.016208167 -0.048605001 -0.259545165
61 20.265625000 -0.000003815 -0.000015259 -0.224540393 -0.080536443 0.151863479
62 0.430786133 8.824709892 -7.827404499 -2.302689575 0.444556264 0.453755098
63 12.544555664 0.000013828 0.000000000 0.139458095 0.057496019 -0.110828380
64 19.343750000 -0.000008106 -0.000007629 -0.044497311 0.041061655 -0.388044119
65 19.343750000 0.000015259 -0.000022888 -0.049762741 0.090551513 -0.263764896
66 19.343750000 0.000003815 -0.000053406 -0.195580477 -0.076466476 0.123266166
67 -0.019577026 12.396468163 -3.323732376 -2.007062182 0.234223748 0.490299350
68 11.042076111 -0.000007629 0.000000000 0.175830377 -0.052800554 -0.134942587
69 19.073402405 0.000000954 -0.000045776 -0.049301547 0.051486076 -0.383013773
70 19.073383331 0.000007629 -0.000022888 -0.061610861 0.132801098 -0.275916969
71 19.073938370 0.000011444 -0.000038147 -0.079393005 -0.110797199 0.046628665
72 0.143447876 12.177960396 2.328406334 -1.628822408 0.013287920 0.495245504
73 10.827331543 -0.000015259 0.000007629 0.009183079 -0.125700235 -0.013983728
74 18.731575012 0.000006676 -0.000007629 -0.038810567 0.033286638 -0.361098460
75 18.731582642 -0.000001907 -0.000068665 -0.053435272 0.104834214 -0.262499662
76 18.732156754 0.000026703 0.000030518 0.054934259 -0.213259071 -0.022468423
77 0.706573486 9.159471512 6.887772083 -1.116061772 -0.134050715 0.267314109
78 10.843391418 0.000002861 0.000007629 -0.092815833 -0.283433366 0.056721949
79 18.864524841 -0.000005722 -0.000038147 -0.025010176 0.015861461 -0.300183284
80 18.864490509 0.000011444 0.000000000 -0.042844826 0.106727394 -0.233999815
81 18.865070343 0.000007629 -0.000030518 0.143534860 -0.311031393 -0.051885460
82 0.842941284 2.753787041 9.486444473 -0.846573594 -0.096356401 0.126660418
83 10.832794189 -0.000000477 0.000022888 0.189352621 -0.354219040 -0.036807861
84 19.399604797 -0.000003338 -0.000045776 -0.007296849 -0.027483827 -0.239768562
85 19.399612427 0.000001907 0.000007629 -0.021854020 0.053719191 -0.239315323
86 19.400196075 0.000013351 0.000000000 0.004444570 -0.422672076 0.075604846
87 23.268287659 -2.187744141 -3.705848694 -1.456154893 0.000364046 -1.570479669
88 11.648437500 -0.000026703 0.000015259 -1.191969815 0.174103543 0.718415489
89 19.962633133 1.182586670 -0.494768620 2.827724317 1.210077460 -0.137379431
90 25.357299805 1.346649170 -0.632635593 1.754465899 1.379834823 -1.345860803
91 10.585937500 0.000000000 -0.000007629 -0.623342345 0.227380332 0.017522868
92 29.775829315 0.000030518 -0.000046253 0.509916794 0.827154160 -1.160381106
93 22.736793518 -0.004581451 -0.007385254 -0.567665312 -0.170646603 -2.892178389
94 0.073730469 -0.706542969 -0.275878906 0.219230807 1.027874221 2.138295024
95 13.120185852 -0.000007629 -0.000015259 -1.332115117 0.212370709 -1.270761828
96 12.350067139 0.000000000 -0.000007629 -1.392987534 1.200403037 -0.759555577
97 15.541221619 -0.000030518 0.000007629 -0.277162162 0.617082601 0.092059440
98 14.906250000 -0.000001907 0.000000000 -0.497166509 0.111341922 -0.524681484
99 14.182815552 -0.000007629 0.000000000 -0.283290522 0.537573987 0.024183811
100 6.140625000 -0.523925781 -0.378906250 1.276463867 0.970954489 1.723882307
101 11.348457336 -0.000007629 -0.000022888 -2.594670141 -1.142694366 -0.233905490
102 12.005233765 0.000007629 -0.000011444 -0.807845105 1.044032600 -0.590971677
103 15.865589142 -0.000030518 0.000015259 -0.503227493 0.564269618 -0.090909907
104 14.851562500 -0.000015259 -0.000015259 -0.602737048 0.517395691 0.026434247
105 12.538963318 -0.414989471 -0.272308350 1.226861351 0.927842708 1.506777159
106 10.619369507 -0.000015259 0.000015259 2.853093891 -0.997698221 0.242235896
107 12.043014526 -0.000015259 0.000009537 -0.117326527 1.127988455 0.053111711
108 15.310379028 -0.000022888 -0.000007629 -0.427072902 0.484613420 -0.000288616
109 19.857894897 -0.000003815 -0.000015259 1.218191439 0.973774812 1.547207881
110 10.617187500 -0.000015259 0.000015259 -0.660185777 -0.980527342 0.357673575
111 11.091690063 -0.000015259 -0.000038147 -3.007827002 -0.383017159 -0.265686650
112 25.612243652 -0.000019073 -0.000137329 -0.964860271 -0.260129499 0.118751330
113 0.732421875 0.378173828 -0.043365479 -0.298448110 -0.042506783 0.541930270
114 9.421432495 0.000015259 -0.000019073 0.360626545 0.925566292 -0.183090914
115 3.208984375 0.000007629 0.000000000 -0.000856051 0.860846357 0.001031658
116 2.421092987 -0.000007629 0.000015259 -0.043040130 0.622530021 -0.041873882
117 0.783203125 0.134643555 -0.023925781 -0.156336213 -0.123510422 0.279151765
118 9.940948486 -0.000015259 0.000005722 0.156940826 0.930343403 -0.089257890
119 3.403709412 -0.000007629 -0.000015259 -0.006048037 0.656683852 -0.005707954
120 2.546609879 0.000007629 0.000000000 -0.038110356 0.644835858 -0.012733087
121 0.805175781 -0.000007629 -0.000011444 -0.007963538 -0.147251916 0.014089588
122 9.898437500 -0.000022888 0.000041962 -0.013519539 0.842282569 -0.001043158
123 3.537033081 -0.000015259 0.000000000 0.014337229 0.546778080 0.002854942
124 2.507812500 -0.000007629 0.000000000 0.001189873 0.577239660 0.007646629
125 0.821777344 -0.246826172 -0.028762817 0.155124828 -0.087466036 -0.272238366
126 9.687484741 -0.000015259 0.000007629 -0.211718941 0.781722057 0.168207529
127 3.679679871 -0.000007629 0.000015259 -0.002077321 0.581831668 -0.002424027
128 2.700599670 -0.000015259 -0.000030518 0.024996218 0.626238431 0.030959007
129 0.519042969 -0.395996094 -0.161987305 0.477878787 0.316754060 -0.763355711
130 6.753906250 -0.000007629 -0.000053406 -0.574483850 0.626140537 0.006934877
131 4.462646484 -0.000028610 -0.000015259 -0.077791836 0.010175756 0.138879881
132 22.736747742 0.004577637 -0.007293701 0.486439775 -0.027057917 -2.529495313
133 0.073730469 0.706542969 -0.276367188 2.166960169 0.411448405 0.308994443
134 13.119331360 0.000015259 0.000015259 0.595059749 -0.097538375 0.756227258
135 12.350997925 0.000003815 -0.000015259 0.358409621 0.068237767 0.354317341
136 15.540870667 0.000001907 0.000000000 -0.263415656 -0.083990472 0.238376462
137 14.906250000 0.000003815 0.000015259 -0.260215727 -0.244216488 0.079646784
138 14.182882309 0.000007629 0.000000000 0.105886165 0.379444856 -0.050072804
139 6.140625000 0.523925781 -0.378662109 0.075376396 0.411748548 -0.036142012
140 11.348968506 -0.000007629 0.000011444 2.184276677 -0.636589214 -0.346602100
141 12.004653931 -0.000022888 -0.000015259 -0.148138650 -0.152586190 0.275128417
142 15.865951538 0.000015259 0.000000000 -0.119037353 -0.239279316 -0.050741247
143 14.851562500 0.000000000 0.000007629 0.353549101 0.387735102 -0.097162566
144 12.539047241 0.414970398 -0.272766113 -0.263167817 0.347541904 -0.195687286
145 10.619094849 0.000007629 -0.000015259 2.747273534 -0.413856347 -0.526702045
146 12.043624878 -0.000015259 -0.000007629 -0.468055978 -0.061867387 0.275515640
147 15.309890747 -0.000015259 0.000007629 0.115890229 0.369516138 -0.106818687
148 19.857978821 0.000007629 0.000045776 -0.440305434 0.363806938 -0.426517206
149 10.617187500 -0.000003815 -0.000007629 0.157937808 -0.495758609 -0.371795078
150 11.091804504 0.000005245 0.000000000 2.666796834 -0.172312970 0.260656808
151 0.732421875 -0.378417969 -0.043029785 0.298829922 -0.043211786 -0.541974052
152 9.421354294 -0.000015259 0.000003815 -0.470241755 1.108872100 0.050969701
153 3.208984375 0.000015259 0.000015259 0.000857873 1.057455893 -0.001098300
154 2.421081543 -0.000015259 -0.000017166 0.043174526 0.819359608 0.045011662
155 0.783203125 -0.134643555 -0.023727417 0.156625597 -0.124254089 -0.279237635
156 9.941059113 -0.000015259 -0.000038147 -0.258870176 1.208138449 -0.026394740
157 3.403720856 0.000000000 0.000038147 -0.009093961 0.939657871 -0.001132441
158 2.546592712 -0.000015259 -0.000030518 0.050622334 0.928087349 0.026112669
159 0.805175781 0.000000000 0.000000000 0.007970885 -0.148203970 -0.014094421
160 9.898437500 0.000015259 0.000022888 0.008520768 1.208195160 -0.016983373
161 3.537109375 0.000015259 0.000000000 -0.000193491 0.912542382 0.000193491
162 2.507812500 -0.000015259 0.000011444 0.000320821 0.943623568 -0.000320821
163 0.821777344 0.246826172 -0.027450562 -0.155470498 -0.088133430 0.272050843
164 9.687316895 0.000022888 -0.000053406 0.342851519 1.121789534 -0.008737843
165 3.679668427 -0.000015259 0.000030518 -0.002974323 0.934332562 -0.000146806
166 2.700630188 -0.000015259 -0.000019073 -0.032371169 0.978263485 -0.042071145
167 0.519531250 0.395996094 -0.161743164 -0.478495596 0.316187846 0.763124936
168 6.753906250 0.000005722 -0.000015259 0.300769486 0.115172368 -0.360966190
169 4.462753296 0.000007629 0.000030518 0.078557963 0.005930337 -0.087042230
170 86.264892578 -0.000015259 -0.000001907 -0.476751908 -1.131054150 -2.500423501
171 2.875000000 0.000015259 0.000015259 0.398663343 0.451189810 0.537287636
172 8.134399414 -0.000015259 -0.000015259 0.060781123 -0.406563409 -0.055739308
173 8.134380341 0.000000000 0.000001907 0.048678060 -0.230415473 -0.117382119
174 8.134401321 0.000000000 0.000017166 0.027215984 -0.156869291 -0.130815459
175 8.134383202 -0.000030518 0.000011444 -0.052470794 -0.105007649 -0.116981721
176 8.134395599 0.000000000 -0.000015259 -0.059973996 -0.079861165 -0.126031693
177 8.134382248 0.000000000 0.000000000 -0.074955501 -0.056658484 -0.128016925
178 8.134397507 -0.000015259 -0.000007629 -0.094259590 -0.034828037 -0.116137153
179 8.132812500 -0.000015259 -0.000007629 -0.140369679 0.335003069 0.337176416
180 86.264892578 -0.000015259 -0.000001907 -1.572728259 -0.422822662 -1.784350574
181 2.875000000 0.000007629 -0.000030518 -0.132325937 0.393921956 -0.045053712
182 8.134384155 0.000000000 -0.000045776 -0.093487893 -0.094628487 -0.328692504
183 8.134407043 0.000000000 -0.000015259 -0.120062066 0.057007623 -0.221947245
184 8.134418488 0.000000000 -0.000030518 -0.122459967 0.112852622 -0.161168904
185 8.134395599 0.000007629 0.000000000 -0.334877482 0.143888408 -0.183376943
186 8.134393692 0.000000000 0.000030518 -0.296760178 0.156084122 -0.109627577
187 8.134375572 0.000015259 -0.000030518 -0.265226054 0.138013830 -0.037729606
188 8.134401321 0.000000000 -0.000007629 -0.223413933 0.112744085 0.004912935
189 8.132812500 0.000015259 -0.000003815 -0.332258395 0.301218804 -0.281390095
190 25.357383728 -1.346624374 -0.631866455 1.682335470 0.787600048 -1.665649244
191 10.586959839 0.000000000 -0.000030518 0.624069836 0.224924279 -0.019418875
192 19.962806702 -1.182567596 -0.493774414 -2.827724317 1.210077460 0.137379431
193 26.542930603 -0.000061035 5.258399963 -0.024969747 -0.712763678 -3.101991124
194 5.210937500 -0.000001907 0.000015259 -0.005668703 0.072819774 -0.058344605
195 11.580818176 -0.000003815 0.000000000 0.000000000 0.373150501 0.000000000
196 30.590766907 -0.110170364 0.305751801 -0.112390367 -0.409932489 0.078667938
197 7.470642090 0.014274597 0.148304462 0.004307945 0.314402921 -0.014174364
198 9.857986450 6.173837662 -12.156152725 2.343721255 0.103353816 3.040407058
199 9.858200073 -6.068101883 -12.208473206 -2.352349825 0.104146931 -3.041265021
200 20.049377441 0.061208725 -14.093132019 3.134587295 0.926499159 3.136067236
201 5.580169678 -0.000003815 0.000015259 -0.256072408 0.910748566 -0.361671005
202 6.841293335 0.000000000 -0.000015259 -0.002212038 0.023609313 0.142267568
203 6.916397095 0.000007629 0.000000000 -0.284057675 0.169796178 -0.000010178
204 24.600051880 -1.878301620 -11.667308807 -2.002800253 -0.732025296 -0.963281651
205 24.600051880 -1.878301620 -11.667308807 -1.536345236 -0.230748013 -1.702389711
206 24.600051880 -1.878301620 -11.667308807 -1.665549243 0.097947933 -2.370679697
207 24.599975586 1.980123520 -11.650838852 2.009399481 -0.739004495 0.958897021
208 24.599975586 1.980123520 -11.650838852 1.535182712 -0.239155086 1.702686470
209 24.599975586 1.980123520 -11.650838852 1.659403831 0.091981346 2.370144970
210 7.570632935 3.876308441 6.930503845 -2.049238070 1.047095500 -0.535595520
211 7.418075562 -3.974512100 7.604160309 1.014907748 -1.024031318 -2.618339091
212 -86.807075500 0.000003206 0.000005000 0.000000000 0.000000000 0.000244115
213 0.000000000 -0.000000000 0.000000000 0.000000000 0.000000000 0.000244115
214 0.000000000 -0.000000000 0.000000000 0.000000000 0.000000000 0.000244115
215 0.000000000 -0.000000000 0.000000000 0.000000000 0.000000000 0.000244115
216 0.000000000 -0.000000000 0.000000000 0.000000000 0.000000000 0.000244115
217 0.000000000 -0.000000000 0.000000000 0.000000000 0.000000000 0.000244115
218 0.000000000 -0.000000000 0.000000000 0.000000000 0.000000000 0.000244115
219 0.000000000 -0.000000000 0.000000000 0.000000000 0.000000000 0.000244115
220 0.000000000 -0.000000000 0.000000000 0.000000000 0.000000000 0.000244115
221 0.000000000 -0.000000000 0.000000000 0.000000000 0.000000000 0.000244115
222 0.000000000 -0.000000000 0.000000000 0.000000000 0.000000000 0.000244115
223 0.000000000 -0.000000000 0.000000000 0.000000000 0.000000000 0.000244115
time 30
0 -0.000000000 0.000007000 0.000005000 2.573223156 -1.533262590 2.139226870
1 88.476776123 -0.000062061 -0.000010272 3.003554736 -0.003053205 3.137477572
2 -43.495697021 -0.000050783 4.662868023 -0.000431821 0.038240646 3.141584396
3 9.507705688 0.000008076 -0.000020981 -0.059163025 0.310100463 -0.125210239
4 23.267890930 2.189104080 -3.705398560 1.456154893 -0.000364046 1.571112984
5 11.648437500 0.000019073 0.000015259 0.012848548 -0.291716337 2.270032474
6 29.776130676 -0.000032425 -0.000122070 1.049373392 -0.223451513 1.217160902
7 25.612236023 0.000019073 0.000091553 0.489789983 -0.109576285 -0.323399539
8 8.674331665 -1.907150269 -2.936546326 -0.551336544 -0.109697996 1.608018152
9 0.000000000 -0.000000000 0.000000000 0.000000000 0.000000000 0.000244115
10 -43.495697021 -0.000050783 4.662868023 0.000000000 0.000000000 0.000000000
11 21.580322266 10.273416519 -4.495086193 -0.001137123 -0.055497221 0.044073620
12 45.674186707 0.000022888 0.000018120 -3.115777366 0.502941469 0.007167288
13 55.039104462 -0.000032425 -0.000024796 -3.103804510 1.141052449 0.033789948
14 21.580268860 -10.273574829 -4.495070934 0.018488087 -0.458589868 -0.034010797
15 45.674209595 0.000012636 -0.000041962 -3.138013306 0.512433371 0.005488418
16 55.039146423 -0.000030041 -0.000012398 3.118900152 0.754761404 -0.014380769
17 0.161682129 -1.532184362 -10.638454437 2.806097940 0.504769668 -0.217079904
18 14.463745117 -0.000010490 0.000007629 -0.201983397 0.121135808 0.170314156
19 20.708938599 -0.000022888 -0.000045776 0.024000623 -0.039190086 -0.296049330
20 20.709026337 -0.000004768 -0.000015259 0.059989895 -0.180518332 -0.342674408
21 20.709554672 -0.000007629 0.000000000 -0.041165581 -0.117594312 0.078894413
22 0.118835449 -3.636024952 -10.382871628 2.301263409 0.369846532 -0.476133491
23 14.125000000 -0.000022411 -0.000022888 -0.152292912 0.095618306 0.191230499
24 20.265335083 -0.000008583 -0.000022888 0.046224577 -0.055150854 -0.302296192
25 20.265331268 -0.000009298 -0.000015259 0.089138064 -0.199774872 -0.377374526
26 20.265625000 -0.000025749 -0.000030518 0.009356356 -0.053336186 0.080076025
27 0.430786133 -8.824711800 -7.827316761 2.154521269 0.307904583 -0.551259562
28 12.544487000 0.000007629 -0.000015259 -0.336160584 0.136526718 0.342196981
29 19.343734741 -0.000009537 -0.000022888 0.060297189 -0.052285495 -0.296877915
30 19.343750000 0.000000477 -0.000038147 0.099932716 -0.173729914 -0.387291815
31 19.343750000 -0.000011444 -0.000015259 -0.008168408 -0.027412781 0.128739391
32 -0.019668579 -12.396470070 -3.323644400 1.886888261 0.080709262 -0.537632783
33 11.042068481 0.000009537 -0.000015259 -0.390709676 0.047872328 0.368505966
34 19.073440552 -0.000001907 -0.000038147 0.064602378 -0.051247420 -0.271144301
35 19.073348999 0.000000000 -0.000038147 0.095375567 -0.132543570 -0.384447387
36 19.073877335 0.000003338 -0.000045776 -0.112182136 -0.041625382 0.232774505
37 0.143402100 -12.177965164 2.328495502 1.390168649 -0.213554102 -0.460810692
38 10.827301025 0.000015259 -0.000030518 -0.246910427 -0.056160535 0.266648796
39 18.731544495 0.000005722 -0.000007629 0.062639124 -0.075173724 -0.260256577
40 18.731605530 0.000007629 -0.000030518 0.078158330 -0.085596079 -0.378365535
41 18.732204437 0.000014305 -0.000030518 -0.244933059 -0.107767851 0.335430277
42 0.706604004 -9.159463882 6.887689114 0.832608254 -0.255083827 -0.147954736
43 10.843421936 0.000003815 -0.000026703 -0.199400663 -0.240763473 0.202503204
44 18.864501953 0.000017166 -0.000022888 0.043101669 -0.062927975 -0.209822354
45 18.864482880 0.000011444 0.000007629 0.053207005 -0.054323277 -0.331178306
46 18.864948273 0.000018120 -0.000030518 -0.354991462 -0.195684803 0.389112177
47 0.843017578 -2.753788710 9.486446381 0.564918579 -0.160619924 -0.008032556
48 10.832740784 0.000012398 0.000003815 -0.496149538 -0.265053504 0.271929921
49 19.399497986 0.000001907 -0.000030518 0.024632310 -0.058451541 -0.180678363
50 19.399696350 0.000017643 -0.000015259 0.023345521 -0.000900689 -0.294483934
51 19.400085449 0.000020027 0.000000000 -0.266930849 -0.362182686 0.307801986
52 0.161651611 1.532161474 -10.638372421 3.110158893 0.545189623 -0.047334107
53 14.463714600 -0.000010490 -0.000015259 -0.016660195 0.091985024 0.032330163
54 20.708969116 -0.000022888 -0.000007629 0.002721862 -0.031549714 -0.308504206
55 20.709014893 -0.000004768 -0.000007629 0.024473036 -0.132564935 -0.318461622
56 20.709592819 0.000015259 -0.000045776 -0.190349204 -0.119518145 0.142941229
57 0.118759155 3.636007071 -10.383041382 -2.468359471 0.487370956 0.353023771
58 14.125000000 -0.000013828 -0.000022888 -0.060520454 0.061435321 0.032009044
59 20.265319824 -0.000000477 -0.000007629 -0.018159407 -0.012966220 -0.326682629
60 20.265342712 0.000005722 -0.000015259 -0.013127150 -0.032857232 -0.315683618
61 20.265625000 -0.000003815 -0.000015259 -0.224897847 -0.080480916 0.152135974
62 0.430786133 8.824709892 -7.827404499 -2.306430007 0.445186721 0.452665318
63 12.544555664 0.000013828 0.000000000 0.136024465 0.057165217 -0.110155732
64 19.343750000 -0.000008106 -0.000007629 -0.037458806 0.029478285 -0.329613611
65 19.343750000 0.000015259 -0.000022888 -0.048415662 0.096786408 -0.317523386
66 19.343750000 0.000003815 -0.000053406 -0.195919166 -0.076162371 0.123511398
67 -0.019577026 12.396468163 -3.323732376 -2.010581712 0.234887816 0.488839347
68 11.042076111 -0.000007629 0.000000000 0.172481230 -0.053688670 -0.134217952
69 19.073402405 0.000000954 -0.000045776 -0.041650818 0.032112484 -0.324587671
70 19.073383331 0.000007629 -0.000022888 -0.060439689 0.135989779 -0.325846747
71 19.073938370 0.000011444 -0.000038147 -0.079672456 -0.110777371 0.046989752
72 0.143447876 12.177960396 2.328406334 -1.632350238 0.013818575 0.495737234
73 10.827331543 -0.000015259 0.000007629 0.005950365 -0.125982938 -0.013435200
74 18.731575012 0.000006676 -0.000007629 -0.033054830 0.015621350 -0.304888795
75 18.731582642 -0.000001907 -0.000068665 -0.051065001 0.109520108 -0.311264843
76 18.732156754 0.000026703 0.000030518 0.054633176 -0.213271458 -0.022089079
77 0.706573486 9.159471512 6.887772083 -1.119518553 -0.134314773 0.268205947
78 10.843391418 0.000002861 0.000007629 -0.095551922 -0.283955638 0.057404944
79 18.864524841 -0.000005722 -0.000038147 -0.020756311 -0.003054286 -0.251045926
80 18.864490509 0.000011444 0.000000000 -0.039308152 0.107129656 -0.275646386
81 18.865070343 0.000007629 -0.000030518 0.143209853 -0.311063189 -0.051485927
82 0.842941284 2.753787041 9.486444473 -0.850109874 -0.097124005 0.127376192
83 10.832794189 -0.000000477 0.000022888 0.186549396 -0.355785183 -0.036100739
84 19.399604797 -0.000003338 -0.000045776 -0.005348535 -0.041029827 -0.195318694
85 19.399612427 0.000001907 0.000007629 -0.016906465 0.052249681 -0.268581768
86 19.400196075 0.000013351 0.000000000 0.004148815 -0.421163216 0.076012501
87 23.268287659 -2.187744141 -3.705848694 -1.456154893 0.000364046 -1.570479669
88 11.648437500 -0.000026703 0.000015259 -1.191969815 0.174103543 0.718415489
89 19.962633133 1.182586670 -0.494768620 2.827724317 1.210077460 -0.137379431
90 25.357299805 1.346649170 -0.632635593 1.997242704 1.375135098 -1.101600800
91 10.585937500 0.000000000 -0.000007629 -0.623342345 0.227380332 0.017522868
92 29.775829315 0.000030518 -0.000046253 0.509916794 0.827154160 -1.160381106
93 22.736793518 -0.004581451 -0.007385254 -0.567665312 -0.170646603 -2.892178389
94 0.073730469 -0.706542969 -0.275878906 0.298099658 1.054586154 2.215832371
95 13.120185852 -0.000007629 -0.000015259 -1.255086094 0.117387683 -1.110245980
96 12.350067139 0.000000000 -0.000007629 -1.493685120 1.222215434 -0.856332233
97 15.541221619 -0.000030518 0.000007629 -0.208517927 0.733512570 0.224132700
98 14.906250000 -0.000001907 0.000000000 -0.461096603 0.201284037 -0.362558731
99 14.182815552 -0.000007629 0.000000000 -0.283243297 0.535641351 0.025822893
100 6.140625000 -0.523925781 -0.378906250 1.374479154 1.034897274 1.814947957
101 11.348457336 -0.000007629 -0.000022888 -2.745797150 -1.045369227 -0.012202992
102 12.005233765 0.000007629 -0.000011444 -0.874348869 1.061738957 -0.658048982
103 15.865589142 -0.000030518 0.000015259 -0.493465338 0.716075096 -0.055926164
104 14.851562500 -0.000015259 -0.000015259 -0.602792465 0.515158490 0.028511966
105 12.538963318 -0.414989471 -0.272308350 1.303569438 1.016777564 1.569911699
106 10.619369507 -0.000015259 0.000015259 2.812443507 -0.889979739 0.344948470
107 12.043014526 -0.000015259 0.000009537 -0.175153281 1.164901055 -0.005267926
108 15.310379028 -0.000022888 -0.000007629 -0.427400001 0.482116190 0.001536855
109 19.857894897 -0.000003815 -0.000015259 1.291170040 1.062149289 1.606723932
110 10.617187500 -0.000015259 0.000015259 -0.682122676 -0.882650892 0.429893897
111 11.091690063 -0.000015259 -0.000038147 -3.011369853 -0.381346833 -0.264729287
112 25.612243652 -0.000019073 -0.000137329 -0.964860271 -0.260129499 0.118751330
113 0.732421875 0.378173828 -0.043365479 -0.298448110 -0.042506783 0.541930270
114 9.421432495 0.000015259 -0.000019073 0.360626545 0.925566292 -0.183090914
115 3.208984375 0.000007629 0.000000000 -0.000856051 0.860846357 0.001031658
116 2.421092987 -0.000007629 0.000015259 -0.043040130 0.622530021 -0.041873882
117 0.783203125 0.134643555 -0.023925781 -0.156336213 -0.123510422 0.279151765
118 9.940948486 -0.000015259 0.000005722 0.156940826 0.930343403 -0.089257890
119 3.403709412 -0.000007629 -0.000015259 -0.006048037 0.656683852 -0.005707954
120 2.546609879 0.000007629 0.000000000 -0.038110356 0.644835858 -0.012733087
121 0.805175781 -0.000007629 -0.000011444 -0.007963538 -0.147251916 0.014089588
122 9.898437500 -0.000022888 0.000041962 -0.013519539 0.842282569 -0.001043158
123 3.537033081 -0.000015259 0.000000000 0.014337229 0.546778080 0.002854942
124 2.507812500 -0.000007629 0.000000000 0.001189873 0.577239660 0.007646629
125 0.821777344 -0.246826172 -0.028762817 0.155124828 -0.087466036 -0.272238366
126 9.687484741 -0.000015259 0.000007629 -0.211718941 0.781722057 0.168207529
127 3.679679871 -0.000007629 0.000015259 -0.002077321 0.581831668 -0.002424027
128 2.700599670 -0.000015259 -0.000030518 0.024996218 0.626238431 0.030959007
129 0.519042969 -0.395996094 -0.161987305 0.477878787 0.316754060 -0.763355711
130 6.753906250 -0.000007629 -0.000053406 -0.574483850 0.626140537 0.006934877
131 4.462646484 -0.000028610 -0.000015259 -0.077791836 0.010175756 0.138879881
132 22.736747742 0.004577637 -0.007293701 0.499457106 -0.036266121 -2.529443436
133 0.073730469 0.706542969 -0.276367188 2.212815241 0.568979068 0.360800326
134 13.119331360 0.000015259 0.000015259 0.582856482 -0.062394897 0.867371488
135 12.350997925 0.000003815 -0.000015259 0.363509045 0.134498131 0.391554408
136 15.540870667 0.000001907 0.000000000 -0.264399161 -0.060109073 0.244278344
137 14.906250000 0.000003815 0.000015259 -0.265919811 -0.258138558 0.101018385
138 14.182882309 0.000007629 0.000000000 0.107216946 0.381092872 -0.050354996
139 6.140625000 0.523925781 -0.378662109 0.092620406 0.576555422 -0.037324245
140 11.348968506 -0.000007629 0.000011444 2.198108951 -0.760722240 -0.370803239
141 12.004653931 -0.000022888 -0.000015259 -0.155588107 -0.106904599 0.339228334
142 15.865951538 0.000015259 0.000000000 -0.124448821 -0.238509285 -0.028012906
143 14.851562500 0.000000000 0.000007629 0.354667615 0.389459817 -0.097286620
144 12.539047241 0.414970398 -0.272766113 -0.249744166 0.502110972 -0.194702262
145 10.619094849 0.000007629 -0.000015259 2.776768683 -0.513770395 -0.596531301
146 12.043624878 -0.000015259 -0.000007629 -0.467139935 -0.002286989 0.329513304
147 15.309890747 -0.000015259 0.000007629 0.116988235 0.371282167 -0.107148041
148 19.857978821 0.000007629 0.000045776 -0.434167690 0.515929714 -0.432331201
149 10.617187500 -0.000003815 -0.000007629 0.216232996 -0.616066426 -0.417363303
150 11.091804504 0.000005245 0.000000000 2.684566531 -0.174203493 0.266285752
151 0.732421875 -0.378417969 -0.043029785 0.298829922 -0.043211786 -0.541974052
152 9.421354294 -0.000015259 0.000003815 -0.470241755 1.108872100 0.050969701
153 3.208984375 0.000015259 0.000015259 0.000857873 1.057455893 -0.001098300
154 2.421081543 -0.000015259 -0.000017166 0.043174526 0.819359608 0.045011662
155 0.783203125 -0.134643555 -0.023727417 0.156625597 -0.124254089 -0.279237635
156 9.941059113 -0.000015259 -0.000038147 -0.258870176 1.208138449 -0.026394740
157 3.403720856 0.000000000 0.000038147 -0.009093961 0.939657871 -0.001132441
158 2.546592712 -0.000015259 -0.000030518 0.050622334 0.928087349 0.026112669
159 0.805175781 0.000000000 0.000000000 0.007970885 -0.148203970 -0.014094421
160 9.898437500 0.000015259 0.000022888 0.008520768 1.208195160 -0.016983373
161 3.537109375 0.000015259 0.000000000 -0.000193491 0.912542382 0.000193491
162 2.507812500 -0.000015259 0.000011444 0.000320821 0.943623568 -0.000320821
163 0.821777344 0.246826172 -0.027450562 -0.155297577 -0.088051341 0.272296809
164 9.687316895 0.000022888 -0.000053406 0.342851519 1.121789534 -0.008737843
165 3.679668427 -0.000015259 0.000030518 -0.002974323 0.934332562 -0.000146806
166 2.700630188 -0.000015259 -0.000019073 -0.032371169 0.978263485 -0.042071145
167 0.519531250 0.395996094 -0.161743164 -0.478495596 0.316187846 0.763124936
168 6.753906250 0.000005722 -0.000015259 0.300769486 0.115172368 -0.360966190
169 4.462753296 0.000007629 0.000030518 0.078557963 0.005930337 -0.087042230
170 86.264892578 -0.000015259 -0.000001907 -0.469288654 -1.112478866 -2.504140731
171 2.875000000 0.000015259 0.000015259 0.400911319 0.446985077 0.541165118
172 8.134399414 -0.000015259 -0.000015259 0.051249432 -0.358300185 -0.023322689
173 8.134380341 0.000000000 0.000001907 0.042005894 -0.224545209 -0.103997330
174 8.134401321 0.000000000 0.000017166 0.021924501 -0.166581472 -0.131421243
175 8.134383202 -0.000030518 0.000011444 -0.057956985 -0.117882222 -0.121830859
176 8.134395599 0.000000000 -0.000015259 -0.066177452 -0.091878254 -0.133575496
177 8.134382248 0.000000000 0.000000000 -0.082112487 -0.065699814 -0.136054907
178 8.134397507 -0.000015259 -0.000007629 -0.102371108 -0.040852167 -0.122818845
179 8.132812500 -0.000015259 -0.000007629 -0.140625089 0.335558064 0.337826711
180 86.264892578 -0.000015259 -0.000001907 -1.572065920 -0.426409006 -1.785711977
181 2.875000000 0.000007629 -0.000030518 -0.133911636 0.390197745 -0.047927818
182 8.134384155 0.000000000 -0.000045776 -0.093334340 -0.096183038 -0.283454210
183 8.134407043 0.000000000 -0.000015259 -0.118577862 0.050764319 -0.202893786
184 8.134418488 0.000000000 -0.000030518 -0.123398664 0.112784590 -0.159571462
185 8.134395599 0.000007629 0.000000000 -0.338776320 0.150146066 -0.197694393
186 8.134393692 0.000000000 0.000030518 -0.301038198 0.166064302 -0.124094621
187 8.134375572 0.000015259 -0.000030518 -0.268593017 0.146854050 -0.046513554
188 8.134401321 0.000000000 -0.000007629 -0.226429884 0.118820956 -0.000036898
189 8.132812500 0.000015259 -0.000003815 -0.332546296 0.301490038 -0.281758898
190 25.357383728 -1.346624374 -0.631866455 1.749852752 0.890164275 -1.586487335
191 10.586959839 0.000000000 -0.000030518 0.623796377 0.227411010 -0.017553744
192 19.962806702 -1.182567596 -0.493774414 -2.827724317 1.210077460 0.137379431
193 26.542930603 -0.000061035 5.258399963 -0.025240764 -0.713955355 -3.101589890
194 5.210937500 -0.000001907 0.000015259 -0.004459529 0.042703275 -0.059158081
195 11.580818176 -0.000003815 0.000000000 0.000000000 0.373150501 0.000000000
196 30.590766907 -0.110170364 0.305751801 -0.085298892 -0.411021005 0.067568696
197 7.470642090 0.014274597 0.148304462 -0.004235768 0.290942749 -0.012834017
198 9.857986450 6.173837662 -12.156152725 2.343721255 0.103353816 3.040407058
199 9.858200073 -6.068101883 -12.208473206 -2.352349825 0.104146931 -3.041265021
200 20.049377441 0.061208725 -14.093132019 3.134587295 0.926499159 3.136067236
201 5.580169678 -0.000003815 0.000015259 -0.318290906 0.933349234 -0.440741565
202 6.841293335 0.000000000 -0.000015259 0.001485902 0.125337475 0.058133860
203 6.916397095 0.000007629 0.000000000 -0.284057675 0.169796178 -0.000010178
204 24.600051880 -1.878301620 -11.667308807 -2.002800253 -0.732025296 -0.963281651
205 24.600051880 -1.878301620 -11.667308807 -1.536345236 -0.230748013 -1.702389711
206 24.600051880 -1.878301620 -11.667308807 -1.665549243 0.097947933 -2.370679697
207 24.599975586 1.980123520 -11.650838852 2.009399481 -0.739004495 0.958897021
208 24.599975586 1.980123520 -11.650838852 1.535182712 -0.239155086 1.702686470
209 24.599975586 1.980123520 -11.650838852 1.659403831 0.091981346 2.370144970
210 7.570632935 3.876308441 6.930503845 -2.049238070 1.047095500 -0.535595520
211 7.418075562 -3.974512100 7.604160309 1.014907748 -1.024031318 -2.618339091
212 -86.807075500 0.000003206 0.000005000 0.000000000 0.000000000 0.000244115
213 0.000000000 -0.000000000 0.000000000 0.000000000 0.000000000 0.000244115
214 0.000000000 -0.000000000 0.000000000 0.000000000 0.000000000 0.000244115
215 0.000000000 -0.000000000 0.000000000 0.000000000 0.000000000 0.000244115
216 0.000000000 -0.000000000 0.000000000 0.000000000 0.000000000 0.000244115
217 0.000000000 -0.000000000 0.000000000 0.000000000 0.000000000 0.000244115
218 0.000000000 -0.000000000 0.000000000 0.000000000 0.000000000 0.000244115
219 0.000000000 -0.000000000 0.000000000 0.000000000 0.000000000 0.000244115
220 0.000000000 -0.000000000 0.000000000 0.000000000 0.000000000 0.000244115
221 0.000000000 -0.000000000 0.000000000 0.000000000 0.000000000 0.000244115
222 0.000000000 -0.000000000 0.000000000 0.000000000 0.000000000 0.000244115
223 0.000000000 -0.000000000 0.000000000 0.000000000 0.000000000 0.000244115
end
