version 1
nodes
0 "Bone000" -1
1 "Bone001" 0
2 "Bone079" 1
3 "Bone080" 2
4 "Bone0126" 3
5 "Bone0127" 4
6 "Bone0128" 5
7 "Bone0148" 6
8 "Bone0168" 7
9 "ReimuGusset" -1
10 "Bone002" 1
11 "Bone003" 10
12 "Bone004" 11
13 "Bone005" 12
14 "Bone006" 10
15 "Bone007" 14
16 "Bone008" 15
17 "Bone009" 10
18 "Bone010" 17
19 "Bone011" 18
20 "Bone012" 19
21 "Bone013" 20
22 "Bone014" 10
23 "Bone015" 22
24 "Bone016" 23
25 "Bone017" 24
26 "Bone018" 25
27 "Bone019" 10
28 "Bone020" 27
29 "Bone021" 28
30 "Bone022" 29
31 "Bone023" 30
32 "Bone024" 10
33 "Bone025" 32
34 "Bone026" 33
35 "Bone027" 34
36 "Bone028" 35
37 "Bone029" 10
38 "Bone030" 37
39 "Bone031" 38
40 "Bone032" 39
41 "Bone033" 40
42 "Bone034" 10
43 "Bone035" 42
44 "Bone036" 43
45 "Bone037" 44
46 "Bone038" 45
47 "Bone039" 10
48 "Bone040" 47
49 "Bone041" 48
50 "Bone042" 49
51 "Bone043" 50
52 "Bone044" 10
53 "Bone045" 52
54 "Bone046" 53
55 "Bone047" 54
56 "Bone048" 55
57 "Bone049" 10
58 "Bone050" 57
59 "Bone051" 58
60 "Bone052" 59
61 "Bone053" 60
62 "Bone054" 10
63 "Bone055" 62
64 "Bone056" 63
65 "Bone057" 64
66 "Bone058" 65
67 "Bone059" 10
68 "Bone060" 67
69 "Bone061" 68
70 "Bone062" 69
71 "Bone063" 70
72 "Bone064" 10
73 "Bone065" 72
74 "Bone066" 73
75 "Bone067" 74
76 "Bone068" 75
77 "Bone069" 10
78 "Bone070" 77
79 "Bone071" 78
80 "Bone072" 79
81 "Bone073" 80
82 "Bone074" 10
83 "Bone075" 82
84 "Bone076" 83
85 "Bone077" 84
86 "Bone078" 85
87 "Bone081" 3
88 "Bone082" 87
89 "Bone083" 88
90 "Bone084" 88
91 "Bone085" 90
92 "Bone086" 88
93 "Bone087" 92
94 "Bone088" 93
95 "Bone089" 94
96 "Bone090" 95
97 "Bone091" 96
98 "Bone092" 97
99 "Bone093" 98
100 "Bone094" 93
101 "Bone095" 100
102 "Bone096" 101
103 "Bone097" 102
104 "Bone098" 103
105 "Bone099" 93
106 "Bone0100" 105
107 "Bone0101" 106
108 "Bone0102" 107
109 "Bone0103" 93
110 "Bone0104" 109
111 "Bone0105" 110
112 "Bone0106" 92
113 "Bone0107" 112
114 "Bone0108" 113
115 "Bone0109" 114
116 "Bone0110" 115
117 "Bone0111" 112
118 "Bone0112" 117
119 "Bone0113" 118
120 "Bone0114" 119
121 "Bone0115" 112
122 "Bone0116" 121
123 "Bone0117" 122
124 "Bone0118" 123
125 "Bone0119" 112
126 "Bone0120" 125
127 "Bone0121" 126
128 "Bone0122" 127
129 "Bone0123" 112
130 "Bone0124" 129
131 "Bone0125" 130
132 "Bone0129" 6
133 "Bone0130" 132
134 "Bone0131" 133
135 "Bone0132" 134
136 "Bone0133" 135
137 "Bone0134" 136
138 "Bone0135" 137
139 "Bone0136" 132
140 "Bone0137" 139
141 "Bone0138" 140
142 "Bone0139" 141
143 "Bone0140" 142
144 "Bone0141" 132
145 "Bone0142" 144
146 "Bone0143" 145
147 "Bone0144" 146
148 "Bone0145" 132
149 "Bone0146" 148
150 "Bone0147" 149
151 "Bone0149" 7
152 "Bone0150" 151
153 "Bone0151" 152
154 "Bone0152" 153
155 "Bone0153" 7
156 "Bone0154" 155
157 "Bone0155" 156
158 "Bone0156" 157
159 "Bone0157" 7
160 "Bone0158" 159
161 "Bone0159" 160
162 "Bone0160" 161
163 "Bone0161" 7
164 "Bone0162" 163
165 "Bone0163" 164
166 "Bone0164" 165
167 "Bone0165" 7
168 "Bone0166" 167
169 "Bone0167" 168
170 "Bone0169" 8
171 "Bone0170" 170
172 "Bone0171" 171
173 "Bone0172" 172
174 "Bone0173" 173
175 "Bone0174" 174
176 "Bone0175" 175
177 "Bone0176" 176
178 "Bone0177" 177
179 "Bone0178" 178
180 "Bone0179" 8
181 "Bone0180" 180
182 "Bone0181" 181
183 "Bone0182" 182
184 "Bone0183" 183
185 "Bone0184" 184
186 "Bone0185" 185
187 "Bone0186" 186
188 "Bone0187" 187
189 "Bone0188" 188
190 "Bone0189" 5
191 "Bone0190" 190
192 "Bone0191" 5
193 "Bone0192" 3
194 "Bone0193" 193
195 "Bone0194" 194
196 "Bone0195" 3
197 "Bone0196" 196
198 "Bone0197" 197
199 "Bone0198" 197
200 "Bone0199" 197
201 "Bone0200" 200
202 "Bone0201" 201
203 "Bone0202" 202
204 "Bone0203" 197
205 "Bone0204" 197
206 "Bone0205" 197
207 "Bone0206" 197
208 "Bone0207" 197
209 "Bone0208" 197
210 "Bone0209" 197
211 "Bone0210" 197
212 "Bon" -1
213 "ReimuSkirt" -1
214 "ReimuColth" -1
215 "ReimuBody" -1
216 "ReimuShoes" -1
217 "ReimuHand" -1
218 "ReimuFrontHair" -1
219 "ReimuFace" -1
220 "ReimuHair" -1
221 "ReimuRibon" -1
222 "ReimuRibon001" -1
223 "_M3_Anim_Data" -1
end
skeleton
time 0
0 -16.314270020 10.158942223 0.000005000 2.709422712 -1.313319886 1.581033394
1 88.476783752 -0.000055313 -0.000013590 3.141592654 0.000000000 3.141592654
2 -43.495719910 -0.000049591 4.662870407 -0.000431821 0.038240646 3.141584396
3 9.507705688 0.000003815 -0.000020981 -0.967385968 -0.284908437 -0.189504775
4 23.267868042 2.189132690 -3.705406189 1.456154893 -0.000364046 1.571112984
5 11.648437500 0.000000954 0.000061035 0.017976010 0.285801169 0.003109734
6 29.776115417 -0.000017166 -0.000152588 -0.000086027 0.003366362 0.000172489
7 25.612224579 -0.000019073 0.000091553 1.078826643 0.578490454 0.001316293
8 8.674346924 -1.907180786 -2.936538696 -0.551336544 -0.109697996 1.608018152
9 0.000000000 -0.000000000 0.000000000 0.000000000 0.000000000 0.000244115
10 -43.495719910 -0.000049591 4.662870407 0.000000000 0.000000000 0.000000000
11 21.580337524 10.273413658 -4.495086670 -0.011812980 -0.039969603 0.292048325
12 45.674194336 -0.000015259 0.000013351 -3.140116596 0.125154589 0.000092488
13 55.039112091 0.000005722 -0.000008106 -3.103804510 1.141052449 0.033789948
14 21.580284119 -10.273576736 -4.495073318 0.016511136 -0.104780987 -0.018153709
15 45.674217224 0.000030518 -0.000011444 -3.141297078 0.808441039 0.000032558
16 55.039123535 -0.000038147 -0.000038147 3.102597511 1.141037797 -0.034871996
17 0.161666870 -1.532186508 -10.638456345 2.956990494 0.526752650 -0.151013429
18 14.463714600 -0.000007629 0.000000000 -0.081047097 0.098843631 0.122873034
19 20.708938599 -0.000022888 -0.000038147 -0.018906173 1.042343404 -0.129867721
20 20.709037781 -0.000005722 0.000030518 0.137138204 0.332087223 0.170346316
21 20.709545135 -0.000009537 0.000030518 0.082831653 -0.154984765 0.012887985
22 0.118850708 -3.636028290 -10.382867813 2.434484461 0.425713246 -0.445235725
23 14.125000000 -0.000020981 -0.000015259 -0.035357820 0.066164596 0.134633092
24 20.265319824 -0.000019073 0.000000000 0.479875945 1.096145194 0.688230612
25 20.265319824 0.000000000 0.000015259 0.149754479 0.251937636 0.202737894
26 20.265625000 -0.000022888 -0.000003815 0.123441198 -0.110923635 0.012539870
27 0.430816650 -8.824714661 -7.827322006 2.282323870 0.372581612 -0.530156543
28 12.544494629 0.000007629 -0.000015259 -0.226312762 0.088937254 0.286364603
29 19.343734741 -0.000030518 -0.000045776 0.592443263 0.895425486 1.060986776
30 19.343750000 -0.000015259 -0.000012398 0.151223091 0.192780881 0.215441929
31 19.343750000 -0.000015259 0.000002861 0.093342565 -0.103909232 0.054682139
32 -0.019638062 -12.396471024 -3.323648453 2.008620014 0.143381469 -0.543463158
33 11.042053223 0.000005722 -0.000015259 -0.280019281 -0.016154575 0.312987514
34 19.073436737 -0.000005722 -0.000038147 0.489612452 0.712330487 1.114663822
35 19.073341370 -0.000015259 -0.000011444 0.139677456 0.145034766 0.213519184
36 19.073867798 -0.000007629 0.000007629 -0.027780791 -0.121876130 0.149460383
37 0.143417358 -12.177965164 2.328493118 1.518810137 -0.161343062 -0.494035262
38 10.827308655 0.000007629 -0.000030518 -0.131549432 -0.109362908 0.202705545
39 18.731544495 0.000003815 0.000000000 0.353316078 0.561305202 1.058372898
40 18.731609344 -0.000022888 -0.000007629 0.116622275 0.098600154 0.200240202
41 18.732189178 -0.000022888 0.000003815 -0.175404907 -0.195814121 0.242546335
42 0.706604004 -9.159467697 6.887685776 0.979654380 -0.265100170 -0.190766461
43 10.843429565 -0.000005722 -0.000015259 -0.069004954 -0.288914202 0.137551559
44 18.864486694 0.000009537 -0.000022888 0.208210749 0.378825132 0.968856882
45 18.864482880 -0.000022888 0.000007629 0.089859623 0.040751115 0.179576779
46 18.864944458 -0.000015259 -0.000007629 -0.285204721 -0.282617522 0.289021106
47 0.843048096 -2.753784180 9.486446381 0.706399089 -0.191889080 -0.034259716
48 10.832725525 0.000007629 0.000007629 -0.364999828 -0.321717952 0.221549338
49 19.399490356 0.000003815 -0.000045776 0.053981107 0.107048960 0.875873095
50 19.399677277 -0.000007629 -0.000015259 0.065509529 -0.029426973 0.142104035
51 19.400068283 -0.000030518 -0.000015259 -0.179936730 -0.428399075 0.185958615
52 0.161682129 1.532159805 -10.638368607 -3.013842378 0.543413680 0.027915022
53 14.463706970 -0.000007629 -0.000015259 0.104403894 0.089976443 -0.015888168
54 20.708992004 -0.000017166 -0.000003815 -0.109808637 0.630607781 -0.508074417
55 20.709014893 0.000009537 0.000019073 0.103667141 0.423380317 0.062169563
56 20.709590912 -0.000006676 -0.000007629 -0.064421769 -0.144651026 0.083224303
57 0.118804932 3.636004448 -10.383043289 -2.469501322 0.494057419 0.352816628
58 14.125000000 -0.000015259 -0.000015259 0.054307670 0.064149439 -0.027718143
59 20.265319824 0.000003815 -0.000015259 0.004570033 0.198213612 -0.435754649
60 20.265342712 0.000013351 -0.000003815 0.056623393 0.409822065 -0.076099520
61 20.265625000 0.000001907 0.000007629 -0.105205472 -0.089332292 0.085107503
62 0.430816650 8.824708939 -7.827398300 -2.307420255 0.452967450 0.452620192
63 12.544555664 0.000015259 -0.000015259 0.245184585 0.067840966 -0.182236525
64 19.343750000 -0.000017166 -0.000007629 0.049254103 -0.143040858 -0.259679754
65 19.343750000 0.000003815 -0.000015259 0.030128844 0.228202023 -0.172729921
66 19.343750000 0.000011444 -0.000038147 -0.082675344 -0.079576628 0.044623398
67 -0.019577026 12.396468163 -3.323724747 -2.011439473 0.240529451 0.496970188
68 11.042060852 -0.000007629 0.000000000 0.285536427 -0.042143309 -0.210604091
69 19.073402405 -0.000001907 -0.000045776 0.014692787 -0.319444080 -0.012509107
70 19.073368073 0.000007629 -0.000030518 0.024278671 0.068921306 -0.149682811
71 19.073940277 0.000005722 -0.000030518 0.024702754 -0.107571286 -0.047670449
72 0.143478394 12.177964211 2.328407288 -1.513386731 -0.054237607 0.499916606
73 10.827339172 -0.000015259 0.000007629 0.124171125 -0.120014946 -0.095783260
74 18.731567383 0.000010490 -0.000007629 -0.041078169 -0.384800865 0.228076607
75 18.731578827 -0.000010014 -0.000068665 0.022465079 -0.020117064 -0.085888114
76 18.732147217 0.000002861 0.000030518 0.151081217 -0.198904426 -0.136094813
77 0.706604004 9.159472466 6.887771606 -0.986945522 -0.175781400 0.251635302
78 10.843391418 0.000004768 0.000003815 0.038460992 -0.293620479 -0.024626197
79 18.864517212 -0.000007629 -0.000038147 -0.084707069 -0.370078904 0.447594987
80 18.864459991 -0.000005722 -0.000007629 0.026348433 -0.065982014 -0.018489586
81 18.865047455 -0.000015259 -0.000038147 0.240280501 -0.303775304 -0.175747099
82 0.842971802 2.753786087 9.486438751 -0.713310361 -0.121941749 0.116538659
83 10.832771301 -0.000001907 0.000015259 0.329574558 -0.358807636 -0.112837668
84 19.399612427 0.000003815 -0.000038147 -0.083498066 -0.246084582 0.653510534
85 19.399597168 -0.000022888 -0.000015259 0.036963839 -0.082828048 0.050663009
86 19.400173187 -0.000011444 -0.000015259 0.109390643 -0.442391243 -0.056873656
87 23.268264771 -2.187709808 -3.705850601 -1.456154893 0.000364046 -1.570479669
88 11.648437500 -0.000030518 0.000030518 -0.517022202 -0.040922835 -1.340284487
89 19.962635040 1.182556152 -0.494796753 2.827724317 1.210077460 -0.137379431
90 25.357295990 1.346595764 -0.632659912 -1.513901498 0.285943878 2.281857106
91 10.585937500 0.000007629 -0.000022888 -0.623342345 0.227380332 0.017522868
92 29.775835037 0.000000000 -0.000091553 0.488860450 0.905332260 -1.111409727
93 22.736808777 -0.004570007 -0.007400513 -0.403634162 -0.194474916 -2.864551704
94 0.073730469 -0.706542969 -0.275878906 -1.538924781 0.713172667 0.506421140
95 13.120170593 0.000022888 0.000022888 -1.109040047 -0.029376343 -0.378882088
96 12.350074768 -0.000015259 -0.000015259 -0.944941473 0.214067090 -0.142327452
97 15.541244507 -0.000045776 -0.000007629 -0.154214660 0.007645065 0.091037322
98 14.906250000 -0.000015259 0.000003815 -0.558373471 -0.344284924 -0.017526740
99 14.182762146 -0.000030518 -0.000015259 -0.283436883 0.565158333 0.005035658
100 6.140625000 -0.523925781 -0.378906250 0.011896414 0.659252397 0.512570655
101 11.348442078 0.000007629 -0.000038147 -2.684665310 -0.361027086 0.043340594
102 12.005210876 -0.000015259 -0.000030518 -0.516110203 0.222844520 -0.123166549
103 15.865591049 -0.000022888 0.000007629 -0.028187651 -0.015717962 0.149794675
104 14.851562500 -0.000015259 0.000007629 -0.602971193 0.548619168 -0.005326657
105 12.538974762 -0.414978027 -0.272300720 0.252276695 0.601837764 0.538036254
106 10.619346619 0.000000000 0.000007629 2.995964647 -0.311354992 0.161940637
107 12.043018341 -0.000015259 0.000030518 -0.016635275 0.248542413 -0.000860173
108 15.310400009 -0.000015259 -0.000015259 -0.421142219 0.518417852 -0.022033187
109 19.857913971 0.000007629 0.000000000 0.191685864 0.569485449 0.610657573
110 10.617187500 0.000015259 0.000022888 -0.431034002 -0.291912163 0.166860291
111 11.091686249 0.000007629 -0.000030518 -2.957031938 -0.407219133 -0.279420241
112 25.612260818 0.000007629 -0.000152588 -0.952077214 -0.199340542 0.082461341
113 0.732421875 0.378173828 -0.043365479 -0.298448110 -0.042506783 0.541930270
114 9.421440125 0.000015259 -0.000022888 0.376985193 0.989139988 -0.158374132
115 3.208984375 -0.000007629 -0.000007629 -0.000900778 0.927088290 0.001093729
116 2.421096802 0.000022888 0.000019073 -0.050443158 0.688441461 -0.044503315
117 0.783203125 0.134643555 -0.023910522 -0.156336213 -0.123510422 0.279151765
118 9.940933228 -0.000007629 -0.000007629 0.161817679 0.963323119 -0.082617437
119 3.403709412 -0.000007629 -0.000015259 -0.009001117 0.689879404 -0.004885124
120 2.546600342 0.000007629 0.000000000 -0.042829088 0.678048449 -0.013732072
121 0.805175781 0.000000000 0.000000000 -0.007963538 -0.147251916 0.014089588
122 9.898437500 0.000000000 0.000038147 -0.011887432 0.857189831 0.004722858
123 3.537029266 0.000000000 -0.000030518 0.015666009 0.561720338 0.009460674
124 2.507812500 -0.000007629 0.000007629 0.001414853 0.592390064 0.014690864
125 0.821777344 -0.246826172 -0.028747559 0.155124828 -0.087466036 -0.272238366
126 9.687484741 -0.000026703 0.000015259 -0.214202260 0.792087249 0.164834178
127 3.679679871 0.000000000 0.000015259 -0.003198186 0.592472491 -0.001607877
128 2.700599670 0.000000000 -0.000015259 0.031346709 0.636686851 0.032782188
129 0.519042969 -0.395996094 -0.161987305 0.477878787 0.316754060 -0.763355711
130 6.753906250 -0.000005722 -0.000045776 -0.536221635 0.681769393 0.000560917
131 4.462627411 -0.000034332 0.000000000 -0.078001298 0.008849486 0.122395973
132 22.736743927 0.004549980 -0.007263184 0.544751585 0.024601174 -2.593515372
133 0.073730469 0.706542969 -0.276367188 1.374709249 -0.377617159 -0.482800581
134 13.119304657 0.000015259 -0.000015259 1.054527280 -0.279112319 0.431694234
135 12.350997925 0.000015259 -0.000015259 0.597862114 -0.065831165 0.017210847
136 15.540859222 0.000000000 0.000030518 -0.052790426 -0.157932103 -0.006995290
137 14.906250000 -0.000011444 -0.000015259 -0.096745531 -0.154319463 -0.047386717
138 14.182880402 -0.000003815 0.000030518 -0.295865260 -0.119988718 0.037047962
139 6.140625000 0.523925781 -0.378662109 -0.631971196 -0.393041870 -0.618015209
140 11.348976135 0.000007629 0.000015259 3.057619941 -0.302685529 -0.344232618
141 12.004642487 0.000000000 -0.000030518 0.263245497 -0.098238740 -0.023215237
142 15.865940094 -0.000001907 -0.000015259 0.129567333 -0.125087889 -0.103929152
143 14.851562500 -0.000002861 0.000000000 0.012331675 -0.134700030 -0.062180221
144 12.539043427 0.414962769 -0.272758484 -0.573477720 -0.418880283 -0.523939681
145 10.619075775 -0.000001907 -0.000030518 -2.857284111 -0.241749777 -0.377459864
146 12.043624878 -0.000003815 -0.000015259 -0.147340253 -0.072408037 0.031329422
147 15.309879303 0.000001907 0.000015259 -0.211953117 -0.157239039 -0.002917584
148 19.857963562 -0.000022888 0.000038147 -0.527134533 -0.436688163 -0.530884247
149 10.618190765 0.000000000 0.000000000 0.713210499 -0.322189031 -0.313672401
150 11.091796875 0.000007629 -0.000015259 1.474112712 0.418694860 -1.463267307
151 0.732421875 -0.378417969 -0.043029785 0.298829922 -0.043211786 -0.541974052
152 9.421363831 -0.000030518 0.000007629 -0.470241755 1.108872100 0.050969701
153 3.208984375 0.000015259 0.000000000 0.000857873 1.057455893 -0.001098300
154 2.421054840 0.000000000 -0.000034332 0.043174526 0.819359608 0.045011662
155 0.783203125 -0.134643555 -0.023712158 0.156625597 -0.124254089 -0.279237635
156 9.941059113 0.000000000 -0.000030518 -0.258870176 1.208138449 -0.026394740
157 3.403701782 0.000000000 0.000030518 -0.009093961 0.939657871 -0.001132441
158 2.546592712 0.000000000 -0.000034332 0.050622334 0.928087349 0.026112669
159 0.805175781 0.000000000 0.000000000 0.007970885 -0.148203970 -0.014094421
160 9.898437500 -0.000015259 0.000015259 0.008520768 1.208195160 -0.016983373
161 3.537109375 -0.000030518 0.000015259 -0.000193491 0.912542382 0.000193491
162 2.507812500 -0.000030518 0.000007629 0.000320821 0.943623568 -0.000320821
163 0.821777344 0.246826172 -0.027450562 -0.155297577 -0.088051341 0.272296809
164 9.687324524 0.000015259 -0.000053406 0.342851519 1.121789534 -0.008737843
165 3.679656982 0.000000000 0.000030518 -0.002974323 0.934332562 -0.000146806
166 2.700630188 0.000000000 -0.000015259 -0.032371169 0.978263485 -0.042071145
167 0.519531250 0.395996094 -0.161743164 -0.478495596 0.316187846 0.763124936
168 6.753906250 -0.000007629 -0.000030518 0.300769486 0.115172368 -0.360966190
169 4.462749481 0.000000000 0.000030518 0.078557963 0.005930337 -0.087042230
170 86.264892578 0.000053406 0.000061035 1.364525670 -0.493967854 1.769104489
171 2.875000000 0.000007629 -0.000030518 0.256233944 0.299840052 0.153729168
172 8.134368896 0.000000000 0.000000000 0.126611377 -0.143878901 0.032662650
173 8.134399414 0.000000000 0.000000000 0.092713424 -0.030614507 -0.020000814
174 8.134391785 0.000000000 0.000000000 0.069520898 -0.005928597 -0.033200731
175 8.134384155 0.000000000 0.000000000 -0.002128681 0.010329552 -0.027719942
176 8.134384155 -0.000030518 -0.000045776 -0.008206542 0.011003796 -0.032329779
177 8.134384155 -0.000045776 -0.000030518 -0.023217065 0.015684290 -0.032210106
178 8.134399414 0.000000000 0.000000000 -0.042470361 0.021518349 -0.023510645
179 8.132812500 -0.000015259 -0.000030518 -0.068334582 0.178608529 0.127167520
180 86.264892578 0.000053406 0.000061035 -0.086536274 -1.107013642 2.632027763
181 2.875000000 0.000015259 0.000000000 -0.299093671 0.479221225 -0.416129435
182 8.134414673 0.000000000 0.000000000 -0.163366236 -0.033856053 -0.148086132
183 8.134384155 0.000000000 0.000000000 -0.167690457 0.036972224 -0.032218216
184 8.134429932 0.000000000 -0.000038147 -0.150124576 0.043095347 0.003252124
185 8.134384155 -0.000015259 -0.000011444 -0.369777179 0.047103210 -0.022865044
186 8.134384155 0.000015259 0.000026703 -0.340464844 0.026721885 0.000048637
187 8.134368896 0.000000000 -0.000015259 -0.305013696 0.001480995 0.015317334
188 8.134399414 0.000000000 0.000015259 -0.250576783 -0.017215266 0.012521548
189 8.132812500 0.000000000 0.000015259 -0.260945607 0.229749111 -0.175072315
190 25.357345581 -1.346612930 -0.631881714 -0.507386033 0.109577653 2.787031705
191 10.586948395 0.000007629 -0.000045776 0.718517120 -0.526689017 -0.592603091
192 19.962787628 -1.182558060 -0.493774414 -2.827724317 1.210077460 0.137379431
193 26.542861938 -0.000034332 5.258386612 -0.000098679 -0.575889304 -3.141563427
194 5.210937500 0.000003815 0.000015259 0.120493872 0.108474958 0.283429027
195 11.580818176 0.000015259 -0.000030518 0.000000000 0.373150501 0.000000000
196 30.590713501 -0.110137939 0.305744171 0.826453465 0.178169105 -0.202602845
197 7.470626831 0.014289856 0.148300171 -0.004185161 0.324223802 -0.012754535
198 9.858001709 6.173873901 -12.156160355 2.343721255 0.103353816 3.040407058
199 9.858215332 -6.068092346 -12.208475113 -2.352349825 0.104146931 -3.041265021
200 20.049377441 0.061241150 -14.093141556 3.134587295 0.926499159 3.136067236
201 5.580184937 -0.000015259 0.000030518 -0.123041919 0.364916589 -0.440639304
202 6.841278076 -0.000007629 -0.000038147 0.094265434 -0.070235762 -0.109284526
203 6.916412354 -0.000009537 0.000007629 -0.284057675 0.169796178 -0.000010178
204 24.600067139 -1.878257751 -11.667314529 -2.002800253 -0.732025296 -0.963281651
205 24.600067139 -1.878257751 -11.667314529 -1.536345236 -0.230748013 -1.702389711
206 24.600067139 -1.878257751 -11.667314529 -1.665549243 0.097947933 -2.370679697
207 24.599960327 1.980178833 -11.650854111 2.009399481 -0.739004495 0.958897021
208 24.599960327 1.980178833 -11.650854111 1.535182712 -0.239155086 1.702686470
209 24.599960327 1.980178833 -11.650854111 1.659403831 0.091981346 2.370144970
210 7.570648193 3.876312256 6.930494308 -2.049238070 1.047095500 -0.535595520
211 7.418060303 -3.974502563 7.604156494 1.014907748 -1.024031318 -2.618339091
212 -86.807075500 0.000003206 0.000005000 0.000000000 0.000000000 0.000244115
213 0.000000000 -0.000000000 0.000000000 0.000000000 0.000000000 0.000244115
214 0.000000000 -0.000000000 0.000000000 0.000000000 0.000000000 0.000244115
215 0.000000000 -0.000000000 0.000000000 0.000000000 0.000000000 0.000244115
216 0.000000000 -0.000000000 0.000000000 0.000000000 0.000000000 0.000244115
217 0.000000000 -0.000000000 0.000000000 0.000000000 0.000000000 0.000244115
218 0.000000000 -0.000000000 0.000000000 0.000000000 0.000000000 0.000244115
219 0.000000000 -0.000000000 0.000000000 0.000000000 0.000000000 0.000244115
220 0.000000000 -0.000000000 0.000000000 0.000000000 0.000000000 0.000244115
221 0.000000000 -0.000000000 0.000000000 0.000000000 0.000000000 0.000244115
222 0.000000000 -0.000000000 0.000000000 0.000000000 0.000000000 0.000244115
223 0.000000000 -0.000000000 0.000000000 0.000000000 0.000000000 0.000244115
time 1
0 -16.076452255 9.563930511 0.000005000 2.744093296 -1.319030902 1.582063954
1 88.476783752 -0.000055313 -0.000013590 3.141592654 0.000000000 3.141592654
2 -43.495719910 -0.000049591 4.662870407 0.006391067 0.038844780 -3.141468508
3 9.507705688 0.000003815 -0.000020981 -0.950625806 -0.283379138 -0.187296785
4 23.267868042 2.189132690 -3.705406189 1.456154893 -0.000364046 1.571112984
5 11.648437500 0.000000954 0.000061035 0.008982512 0.260202065 0.024070801
6 29.776115417 -0.000017166 -0.000152588 0.001294764 0.005179009 0.000003353
7 25.612224579 -0.000019073 0.000091553 1.212392638 0.577041313 -0.039830668
8 8.674346924 -1.907180786 -2.936538696 -0.551336544 -0.109697996 1.608018152
9 0.000000000 -0.000000000 0.000000000 0.000000000 0.000000000 0.000244115
10 -43.495719910 -0.000049591 4.662870407 0.000000000 0.000000000 0.000000000
11 21.580337524 10.273413658 -4.495086670 -0.011142326 -0.044964678 0.287889613
12 45.674194336 -0.000015259 0.000013351 -3.140114916 0.136659376 0.000101131
13 55.039112091 0.000005722 -0.000008106 -3.103279964 1.143920570 0.034315759
14 21.580284119 -10.273576736 -4.495073318 0.023297073 -0.098282939 -0.022061523
15 45.674217224 0.000030518 -0.000011444 -3.141297078 0.808441039 0.000032558
16 55.039123535 -0.000038147 -0.000038147 3.102597511 1.141037797 -0.034871996
17 0.161666870 -1.532186508 -10.638456345 2.956990494 0.526752650 -0.151013429
18 14.463714600 -0.000007629 0.000000000 -0.081047097 0.098843631 0.122873034
19 20.708938599 -0.000022888 -0.000038147 -0.059471560 0.801884908 -0.065265612
20 20.709037781 -0.000005722 0.000030518 0.012272615 0.585206321 0.182069815
21 20.709545135 -0.000009537 0.000030518 0.082831653 -0.154984765 0.012887985
22 0.118850708 -3.636028290 -10.382867813 2.434484465 0.425713324 -0.445235796
23 14.125000000 -0.000020981 -0.000015259 -0.035357820 0.066164596 0.134633092
24 20.265319824 -0.000019073 0.000000000 0.160105467 0.858382550 0.409390780
25 20.265319824 0.000000000 0.000015259 0.070332114 0.535490877 0.364918448
26 20.265625000 -0.000022888 -0.000003815 0.123441198 -0.110923635 0.012539870
27 0.430816650 -8.824714661 -7.827322006 2.282323870 0.372581612 -0.530156543
28 12.544494629 0.000007629 -0.000015259 -0.226312762 0.088937254 0.286364603
29 19.343734741 -0.000030518 -0.000045776 0.252107052 0.728965527 0.703229941
30 19.343750000 -0.000015259 -0.000012398 0.087268348 0.442606090 0.478839877
31 19.343750000 -0.000015259 0.000002861 0.093342565 -0.103909232 0.054682139
32 -0.019638062 -12.396471024 -3.323648453 2.008620014 0.143381469 -0.543463158
33 11.042053223 0.000005722 -0.000015259 -0.280019281 -0.016154575 0.312987514
34 19.073436737 -0.000005722 -0.000038147 0.219874407 0.580003708 0.789774098
35 19.073341370 -0.000015259 -0.000011444 0.071807795 0.349202462 0.518758545
36 19.073867798 -0.000007629 0.000007629 -0.027780791 -0.121876130 0.149460383
37 0.143417358 -12.177965164 2.328493118 1.518810137 -0.161343062 -0.494035262
38 10.827308655 0.000007629 -0.000030518 -0.131549432 -0.109362908 0.202705545
39 18.731544495 0.000003815 0.000000000 0.147761034 0.444639057 0.778083888
40 18.731609344 -0.000022888 -0.000007629 0.036681786 0.257571858 0.512206791
41 18.732189178 -0.000022888 0.000003815 -0.175404907 -0.195814121 0.242546335
42 0.706604004 -9.159467697 6.887685776 0.979654380 -0.265100170 -0.190766461
43 10.843429565 -0.000005722 -0.000015259 -0.069004954 -0.288914202 0.137551559
44 18.864486694 0.000009537 -0.000022888 0.061778361 0.283120675 0.734501361
45 18.864482880 -0.000022888 0.000007629 -0.009170103 0.140909961 0.476595116
46 18.864944458 -0.000015259 -0.000007629 -0.285204721 -0.282617522 0.289021106
47 0.843048096 -2.753784180 9.486446381 0.706399089 -0.191889080 -0.034259716
48 10.832725525 0.000007629 0.000007629 -0.364999828 -0.321717952 0.221549338
49 19.399490356 0.000003815 -0.000045776 -0.033612372 0.054906635 0.675592192
50 19.399677277 -0.000007629 -0.000015259 -0.056423136 -0.016341374 0.412250585
51 19.400068283 -0.000030518 -0.000015259 -0.179936730 -0.428399075 0.185958615
52 0.161682129 1.532159805 -10.638368607 -3.013842378 0.543413680 0.027915022
53 14.463706970 -0.000007629 -0.000015259 0.104403894 0.089976443 -0.015888168
54 20.708992004 -0.000017166 -0.000003815 -0.127140507 0.495979292 -0.367442941
55 20.709014893 0.000009537 0.000019073 -0.068926012 0.554748910 -0.045942338
56 20.709590912 -0.000006676 -0.000007629 -0.064421769 -0.144651026 0.083224303
57 0.118804932 3.636004448 -10.383043289 -2.469501322 0.494057419 0.352816628
58 14.125000000 -0.000015259 -0.000015259 0.054307670 0.064149439 -0.027718143
59 20.265319824 0.000003815 -0.000015259 -0.066707997 0.155454088 -0.346336632
60 20.265342712 0.000013351 -0.000003815 -0.101805007 0.412302663 -0.171104471
61 20.265625000 0.000001907 0.000007629 -0.105205472 -0.089332292 0.085107503
62 0.430816650 8.824708939 -7.827398300 -2.307420255 0.452967450 0.452620192
63 12.544555664 0.000015259 -0.000015259 0.245184585 0.067840966 -0.182236525
64 19.343750000 -0.000017166 -0.000007629 -0.035576535 -0.114568493 -0.220653011
65 19.343750000 0.000003815 -0.000015259 -0.088652184 0.161952306 -0.216579179
66 19.343750000 0.000011444 -0.000038147 -0.082675344 -0.079576628 0.044623398
67 -0.019577026 12.396468163 -3.323724747 -2.011439473 0.240529451 0.496970188
68 11.042060852 -0.000007629 0.000000000 0.285536427 -0.042143309 -0.210604091
69 19.073402405 -0.000001907 -0.000045776 -0.051311019 -0.256760296 -0.034122263
70 19.073368073 0.000007629 -0.000030518 -0.071029783 -0.032895958 -0.138539466
71 19.073940277 0.000005722 -0.000030518 0.024702754 -0.107571286 -0.047670449
72 0.143478394 12.177964211 2.328407288 -1.513386731 -0.054237607 0.499916606
73 10.827339172 -0.000015259 0.000007629 0.124171125 -0.120014946 -0.095783260
74 18.731567383 0.000010490 -0.000007629 -0.082260575 -0.315056774 0.149547033
75 18.731578827 -0.000010014 -0.000068665 -0.071073381 -0.142977775 -0.019241238
76 18.732147217 0.000002861 0.000030518 0.151081217 -0.198904426 -0.136094813
77 0.706604004 9.159472466 6.887771606 -0.986945522 -0.175781400 0.251635302
78 10.843391418 0.000004768 0.000003815 0.038460992 -0.293620479 -0.024626197
79 18.864517212 -0.000007629 -0.000038147 -0.110801311 -0.313025808 0.322981127
80 18.864459991 -0.000005722 -0.000007629 -0.080091843 -0.192164223 0.106351724
81 18.865047455 -0.000015259 -0.000038147 0.240280501 -0.303775304 -0.175747099
82 0.842971802 2.753786087 9.486438751 -0.713310361 -0.121941749 0.116538659
83 10.832771301 -0.000001907 0.000015259 0.329574558 -0.358807636 -0.112837668
84 19.399612427 0.000003815 -0.000038147 -0.117097951 -0.224164880 0.493923523
85 19.399597168 -0.000022888 -0.000015259 -0.088593898 -0.178840959 0.241045594
86 19.400173187 -0.000011444 -0.000015259 0.109390654 -0.442391300 -0.056873665
87 23.268264771 -2.187709808 -3.705850601 -1.456154893 0.000364046 -1.570479669
88 11.648437500 -0.000030518 0.000030518 -0.506265356 -0.033423090 -1.323266530
89 19.962635040 1.182556152 -0.494796753 2.827724317 1.210077460 -0.137379431
90 25.357295990 1.346595764 -0.632659912 -0.976356550 0.800654772 2.297839018
91 10.585937500 0.000007629 -0.000022888 -0.623342345 0.227380332 0.017522868
92 29.775835037 0.000000000 -0.000091553 0.473637254 0.878890635 -1.099758235
93 22.736808777 -0.004570007 -0.007400513 -0.403634162 -0.194474916 -2.864551704
94 0.073730469 -0.706542969 -0.275878906 -1.226768361 0.852887101 0.734266386
95 13.120170593 0.000022888 0.000022888 -1.107659353 0.100925152 -0.710982744
96 12.350074768 -0.000015259 -0.000015259 -0.792585260 0.135397015 -0.133522140
97 15.541244507 -0.000045776 -0.000007629 -0.258988369 -0.036852986 -0.032290088
98 14.906250000 -0.000015259 0.000003815 -0.222036614 -0.343896057 0.038449485
99 14.182762146 -0.000030518 -0.000015259 -0.283436883 0.565158333 0.005035658
100 6.140625000 -0.523925781 -0.378906250 0.229839193 0.785502507 0.718870112
101 11.348442078 0.000007629 -0.000038147 -2.563104289 -0.630595650 -0.162885189
102 12.005210876 -0.000015259 -0.000030518 -0.407972070 0.156904955 -0.119273784
103 15.865591049 -0.000022888 0.000007629 -0.484485258 -0.051060002 0.087257219
104 14.851562500 -0.000015259 0.000007629 -0.602971193 0.548619168 -0.005326657
105 12.538974762 -0.414978027 -0.272300720 0.382665437 0.729244301 0.697236954
106 10.619346619 0.000000000 0.000007629 3.070412946 -0.572924747 0.044835110
107 12.043018341 -0.000015259 0.000030518 -0.135887208 0.241747649 -0.024025596
108 15.310400009 -0.000015259 -0.000015259 -0.421142219 0.518417852 -0.022033187
109 19.857913971 0.000007629 0.000000000 0.379401098 0.728293736 0.730866986
110 10.617187500 0.000015259 0.000022888 -0.395953986 -0.581180064 0.128003729
111 11.091686249 0.000007629 -0.000030518 -2.957031938 -0.407219133 -0.279420241
112 25.612260818 0.000007629 -0.000152588 -0.952077214 -0.199340542 0.082461341
113 0.732421875 0.378173828 -0.043365479 -0.298448110 -0.042506783 0.541930270
114 9.421440125 0.000015259 -0.000022888 0.376985193 0.989139988 -0.158374132
115 3.208984375 -0.000007629 -0.000007629 -0.000900778 0.927088290 0.001093729
116 2.421096802 0.000022888 0.000019073 -0.050443158 0.688441461 -0.044503315
117 0.783203125 0.134643555 -0.023910522 -0.156336210 -0.123510421 0.279151750
118 9.940933228 -0.000007629 -0.000007629 0.161817679 0.963323119 -0.082617437
119 3.403709412 -0.000007629 -0.000015259 -0.009001117 0.689879404 -0.004885124
120 2.546600342 0.000007629 0.000000000 -0.042829088 0.678048449 -0.013732072
121 0.805175781 0.000000000 0.000000000 -0.007963538 -0.147251916 0.014089588
122 9.898437500 0.000000000 0.000038147 -0.011887432 0.857189831 0.004722858
123 3.537029266 0.000000000 -0.000030518 0.015666009 0.561720338 0.009460674
124 2.507812500 -0.000007629 0.000007629 0.001414853 0.592390064 0.014690864
125 0.821777344 -0.246826172 -0.028747559 0.155124828 -0.087466036 -0.272238366
126 9.687484741 -0.000026703 0.000015259 -0.214202260 0.792087249 0.164834178
127 3.679679871 0.000000000 0.000015259 -0.003198186 0.592472491 -0.001607877
128 2.700599670 0.000000000 -0.000015259 0.031346709 0.636686851 0.032782188
129 0.519042969 -0.395996094 -0.161987305 0.477878787 0.316754060 -0.763355711
130 6.753906250 -0.000005722 -0.000045776 -0.536221635 0.681769393 0.000560917
131 4.462627411 -0.000034332 0.000000000 -0.078001298 0.008849486 0.122395973
132 22.736743927 0.004549980 -0.007263184 0.541471441 0.025838046 -2.602848330
133 0.073730469 0.706542969 -0.276367188 1.665432976 0.229507745 -0.199333693
134 13.119304657 0.000015259 -0.000015259 0.353442951 -0.303260668 1.187072361
135 12.350997925 0.000015259 -0.000015259 0.287827665 0.047141875 0.205898887
136 15.540859222 0.000000000 0.000030518 -0.318395522 -0.167066278 -0.116221471
137 14.906250000 -0.000011444 -0.000015259 -0.304628403 -0.121349770 -0.217319224
138 14.182880402 -0.000003815 0.000030518 -0.294391054 -0.118231662 0.036605555
139 6.140625000 0.523925781 -0.378662109 -0.279720404 0.213331599 -0.385707529
140 11.348976135 0.000007629 0.000015259 2.387095976 -0.891501655 -0.867043387
141 12.004642487 0.000000000 -0.000030518 -0.204006804 -0.068660408 0.135523491
142 15.865940094 -0.000001907 -0.000015259 -0.138356361 0.032956941 -0.247969439
143 14.851562500 -0.000002861 0.000000000 0.013596048 -0.132922495 -0.063807897
144 12.539043427 0.414962769 -0.272758484 -0.313151484 0.164046362 -0.274975364
145 10.619075775 -0.000001907 -0.000030518 2.856697173 -0.743794813 -0.904316071
146 12.043624878 -0.000003815 -0.000015259 -0.548281547 0.033813710 0.192696843
147 15.309879303 0.000001907 0.000015259 -0.210867770 -0.155438477 -0.003280311
148 19.857963562 -0.000022888 0.000038147 -0.308951177 0.115846349 -0.317286949
149 10.618190765 0.000000000 0.000000000 0.411960593 -0.895848107 -0.679839863
150 11.091796875 0.000007629 -0.000015259 1.478094851 0.416606723 -1.457535390
151 0.732421875 -0.378417969 -0.043029785 0.298829922 -0.043211786 -0.541974052
152 9.421363831 -0.000030518 0.000007629 -0.470241755 1.108872100 0.050969701
153 3.208984375 0.000015259 0.000000000 0.000857873 1.057455893 -0.001098300
154 2.421054840 0.000000000 -0.000034332 0.043174526 0.819359608 0.045011662
155 0.783203125 -0.134643555 -0.023712158 0.156625597 -0.124254089 -0.279237635
156 9.941059113 0.000000000 -0.000030518 -0.258870176 1.208138449 -0.026394740
157 3.403701782 0.000000000 0.000030518 -0.009093961 0.939657871 -0.001132441
158 2.546592712 0.000000000 -0.000034332 0.050622334 0.928087349 0.026112669
159 0.805175781 0.000000000 0.000000000 0.007970885 -0.148203970 -0.014094421
160 9.898437500 -0.000015259 0.000015259 0.008520768 1.208195160 -0.016983373
161 3.537109375 -0.000030518 0.000015259 -0.000193491 0.912542382 0.000193491
162 2.507812500 -0.000030518 0.000007629 0.000320821 0.943623568 -0.000320821
163 0.821777344 0.246826172 -0.027450562 -0.155297577 -0.088051341 0.272296809
164 9.687324524 0.000015259 -0.000053406 0.342851519 1.121789534 -0.008737843
165 3.679656982 0.000000000 0.000030518 -0.002974323 0.934332562 -0.000146806
166 2.700630188 0.000000000 -0.000015259 -0.032371169 0.978263485 -0.042071145
167 0.519531250 0.395996094 -0.161743164 -0.478495596 0.316187846 0.763124936
168 6.753906250 -0.000007629 -0.000030518 0.300769486 0.115172368 -0.360966190
169 4.462749481 0.000000000 0.000030518 0.078557963 0.005930337 -0.087042230
170 86.264892578 0.000053406 0.000061035 1.884427988 0.848469397 2.511332620
171 2.875000000 0.000007629 -0.000030518 0.763179909 0.440722202 0.966675809
172 8.134368896 0.000000000 0.000000000 0.176457387 0.041858628 0.860040054
173 8.134399414 0.000000000 0.000000000 0.098000671 0.004381996 0.163125150
174 8.134391785 0.000000000 0.000000000 0.067817605 -0.062869322 -0.091596519
175 8.134384155 0.000000000 0.000000000 -0.007301442 -0.047472216 -0.081874222
176 8.134384155 -0.000030518 -0.000045776 -0.009545408 -0.035363016 -0.046195227
177 8.134384155 -0.000045776 -0.000030518 -0.020470922 -0.025051032 -0.026765066
178 8.134399414 0.000000000 0.000000000 -0.038014499 -0.015037858 -0.018967088
179 8.132812500 -0.000015259 -0.000030518 -0.068334582 0.178608529 0.127167520
180 86.264892578 0.000053406 0.000061035 -1.764165113 0.498196696 -2.358438992
181 2.875000000 0.000015259 0.000000000 -0.232907697 1.496448106 -0.446842257
182 8.134414673 0.000000000 0.000000000 -0.051615101 0.622165237 -0.336759572
183 8.134384155 0.000000000 0.000000000 -0.022543001 0.139649051 -0.054973925
184 8.134429932 0.000000000 -0.000038147 -0.057114440 -0.049516447 0.066382714
185 8.134384155 -0.000015259 -0.000011444 -0.307638213 -0.028087222 0.032397371
186 8.134384155 0.000015259 0.000026703 -0.301929575 -0.021857862 0.031965451
187 8.134368896 0.000000000 -0.000015259 -0.289576752 -0.030058022 0.020609701
188 8.134399414 0.000000000 0.000015259 -0.254722023 -0.027390422 -0.007980298
189 8.132812500 0.000000000 0.000015259 -0.260945607 0.229749111 -0.175072315
190 25.357345581 -1.346612930 -0.631881714 -0.275019881 0.528407909 2.874948050
191 10.586948395 0.000007629 -0.000045776 0.718206788 -0.524234978 -0.590720796
192 19.962787628 -1.182558060 -0.493774414 -2.827724317 1.210077460 0.137379431
193 26.542861938 -0.000034332 5.258386612 -0.000098679 -0.575889304 -3.141563427
194 5.210937500 0.000003815 0.000015259 0.055352695 0.165087703 0.729260103
195 11.580818176 0.000015259 -0.000030518 0.000000000 0.373150501 0.000000000
196 30.590713501 -0.110137939 0.305744171 0.808878552 0.176617762 -0.197300822
197 7.470626831 0.014289856 0.148300171 -0.009789567 0.324191127 -0.012796393
198 9.858001709 6.173873901 -12.156160355 2.343721255 0.103353816 3.040407058
199 9.858215332 -6.068092346 -12.208475113 -2.352349825 0.104146931 -3.041265021
200 20.049377441 0.061241150 -14.093141556 3.134587295 0.926499159 3.136067236
201 5.580184937 -0.000015259 0.000030518 -0.639089646 0.683113549 -0.880951488
202 6.841278076 -0.000007629 -0.000038147 -0.087407290 0.003862708 -0.270906805
203 6.916412354 -0.000009537 0.000007629 -0.284057675 0.169796178 -0.000010178
204 24.600067139 -1.878257751 -11.667314529 -2.002800253 -0.732025296 -0.963281651
205 24.600067139 -1.878257751 -11.667314529 -1.536345236 -0.230748013 -1.702389711
206 24.600067139 -1.878257751 -11.667314529 -1.665549243 0.097947933 -2.370679697
207 24.599960327 1.980178833 -11.650854111 2.009399481 -0.739004495 0.958897021
208 24.599960327 1.980178833 -11.650854111 1.535182712 -0.239155086 1.702686470
209 24.599960327 1.980178833 -11.650854111 1.659403831 0.091981346 2.370144970
210 7.570648193 3.876312256 6.930494308 -2.049238070 1.047095500 -0.535595520
211 7.418060303 -3.974502563 7.604156494 1.014907748 -1.024031318 -2.618339091
212 -86.807075500 0.000003206 0.000005000 0.000000000 0.000000000 0.000244115
213 0.000000000 -0.000000000 0.000000000 0.000000000 0.000000000 0.000244115
214 0.000000000 -0.000000000 0.000000000 0.000000000 0.000000000 0.000244115
215 0.000000000 -0.000000000 0.000000000 0.000000000 0.000000000 0.000244115
216 0.000000000 -0.000000000 0.000000000 0.000000000 0.000000000 0.000244115
217 0.000000000 -0.000000000 0.000000000 0.000000000 0.000000000 0.000244115
218 0.000000000 -0.000000000 0.000000000 0.000000000 0.000000000 0.000244115
219 0.000000000 -0.000000000 0.000000000 0.000000000 0.000000000 0.000244115
220 0.000000000 -0.000000000 0.000000000 0.000000000 0.000000000 0.000244115
221 0.000000000 -0.000000000 0.000000000 0.000000000 0.000000000 0.000244115
222 0.000000000 -0.000000000 0.000000000 0.000000000 0.000000000 0.000244115
223 0.000000000 -0.000000000 0.000000000 0.000000000 0.000000000 0.000244115
time 2
0 -15.410564423 7.897893429 0.000005000 2.793012889 -1.335053302 1.585442222
1 88.476783752 -0.000055313 -0.000013590 3.141592654 -0.000000000 3.141592654
2 -43.495719910 -0.000049591 4.662870407 0.025652612 0.040568321 -3.141072212
3 9.507705688 0.000003815 -0.000020981 -0.903800742 -0.279247940 -0.181304069
4 23.267868042 2.189132690 -3.705406189 1.456154893 -0.000364046 1.571112984
5 11.648437500 0.000000954 0.000061035 -0.016123131 0.227819731 0.080195551
6 29.776115417 -0.000017166 -0.000152588 0.005606768 0.010446512 -0.000747579
7 25.612224579 -0.000019073 0.000091553 1.446185079 0.572798495 -0.139598523
8 8.674346924 -1.907180786 -2.936538696 -0.551336544 -0.109697996 1.608018152
9 0.000000000 -0.000000000 0.000000000 0.000000000 0.000000000 0.000244115
10 -43.495719910 -0.000049591 4.662870407 0.000000000 0.000000000 0.000000000
11 21.580337524 10.273413658 -4.495086670 -0.009217246 -0.055023599 0.276153774
12 45.674194336 -0.000015259 0.000013351 -3.140111587 0.156912076 0.000116438
13 55.039112091 0.000005722 -0.000008106 -3.102063621 1.152028332 0.035660373
14 21.580284119 -10.273576736 -4.495073318 0.040019259 -0.080142235 -0.030550824
15 45.674217224 0.000030518 -0.000011444 -3.141297078 0.808441039 0.000032558
16 55.039123535 -0.000038147 -0.000038147 3.102597511 1.141037797 -0.034871996
17 0.161666870 -1.532186508 -10.638456345 2.956990494 0.526752650 -0.151013429
18 14.463714600 -0.000007629 0.000000000 -0.081047097 0.098843631 0.122873034
19 20.708938599 -0.000022888 -0.000038147 -0.014462203 0.528993350 -0.033250735
20 20.709037781 -0.000005722 0.000030518 0.070349607 0.782655615 0.183244960
21 20.709545135 -0.000009537 0.000030518 0.082831653 -0.154984765 0.012887985
22 0.118850708 -3.636028290 -10.382867813 2.434484515 0.425713259 -0.445235709
23 14.125000000 -0.000020981 -0.000015259 -0.035357820 0.066164596 0.134633092
24 20.265319824 -0.000019073 0.000000000 0.066093459 0.567163768 0.220381581
25 20.265319824 0.000000000 0.000015259 0.212968174 0.747534968 0.528013301
26 20.265625000 -0.000022888 -0.000003815 0.123441198 -0.110923635 0.012539870
27 0.430816650 -8.824714661 -7.827322006 2.282323870 0.372581612 -0.530156543
28 12.544494629 0.000007629 -0.000015259 -0.226312762 0.088937254 0.286364603
29 19.343734741 -0.000030518 -0.000045776 0.105692797 0.490925462 0.385903617
30 19.343750000 -0.000015259 -0.000012398 0.257320118 0.627726298 0.744938614
31 19.343750000 -0.000015259 0.000002861 0.093342565 -0.103909232 0.054682139
32 -0.019638062 -12.396471024 -3.323648453 2.008620014 0.143381469 -0.543463158
33 11.042053223 0.000005722 -0.000015259 -0.280019281 -0.016154575 0.312987514
34 19.073436737 -0.000005722 -0.000038147 0.099020958 0.393975338 0.449862865
35 19.073341370 -0.000015259 -0.000011444 0.225205993 0.501315332 0.830496310
36 19.073867798 -0.000007629 0.000007629 -0.027780791 -0.121876130 0.149460383
37 0.143417358 -12.177965164 2.328493118 1.518810137 -0.161343062 -0.494035262
38 10.827308655 0.000007629 -0.000030518 -0.131549432 -0.109362908 0.202705545
39 18.731544495 0.000003815 0.000000000 0.069297873 0.301770130 0.458949571
40 18.731609344 -0.000022888 -0.000007629 0.155834590 0.375064516 0.838641684
41 18.732189178 -0.000022888 0.000003815 -0.175404907 -0.195814121 0.242546335
42 0.706604004 -9.159467697 6.887685776 0.979654380 -0.265100170 -0.190766461
43 10.843429565 -0.000005722 -0.000015259 -0.069004954 -0.288914202 0.137551559
44 18.864486694 0.000009537 -0.000022888 0.030324558 0.193622450 0.461696936
45 18.864482880 -0.000022888 0.000007629 0.058800792 0.203090989 0.780926213
46 18.864944458 -0.000015259 -0.000007629 -0.285204721 -0.282617522 0.289021106
47 0.843048096 -2.753784180 9.486446381 0.706399089 -0.191889080 -0.034259716
48 10.832725525 0.000007629 0.000007629 -0.364999828 -0.321717952 0.221549338
49 19.399490356 0.000003815 -0.000045776 -0.017034129 0.038662118 0.453805361
50 19.399677277 -0.000007629 -0.000015259 -0.043340592 -0.039398513 0.670170839
51 19.400068283 -0.000030518 -0.000015259 -0.179936730 -0.428399075 0.185958615
52 0.161682129 1.532159805 -10.638368607 -3.013842378 0.543413680 0.027915022
53 14.463706970 -0.000007629 -0.000015259 0.104403894 0.089976443 -0.015888168
54 20.708992004 -0.000017166 -0.000003815 -0.051153483 0.329955401 -0.230078983
55 20.709014893 0.000009537 0.000019073 -0.072844661 0.659902835 -0.171703118
56 20.709590912 -0.000006676 -0.000007629 -0.064421769 -0.144651026 0.083224303
57 0.118804932 3.636004448 -10.383043289 -2.469501322 0.494057419 0.352816628
58 14.125000000 -0.000015259 -0.000015259 0.054307670 0.064149439 -0.027718143
59 20.265319824 0.000003815 -0.000015259 -0.034043477 0.093922936 -0.225648570
60 20.265342712 0.000013351 -0.000003815 -0.085900899 0.419880401 -0.295593603
61 20.265625000 0.000001907 0.000007629 -0.105205472 -0.089332292 0.085107503
62 0.430816650 8.824708939 -7.827398300 -2.307420255 0.452967450 0.452620192
63 12.544555664 0.000015259 -0.000015259 0.245184585 0.067840966 -0.182236525
64 19.343750000 -0.000017166 -0.000007629 -0.028629649 -0.097556709 -0.133706138
65 19.343750000 0.000003815 -0.000015259 -0.047365189 0.116142195 -0.310913165
66 19.343750000 0.000011444 -0.000038147 -0.082675344 -0.079576628 0.044623398
67 -0.019577026 12.396468163 -3.323724747 -2.011439473 0.240529451 0.496970188
68 11.042060852 -0.000007629 0.000000000 0.285536427 -0.042143309 -0.210604091
69 19.073402405 -0.000001907 -0.000045776 -0.044378269 -0.195363516 0.003221727
70 19.073368073 0.000007629 -0.000030518 -0.023410581 -0.115151138 -0.197677568
71 19.073940277 0.000005722 -0.000030518 0.024702754 -0.107571286 -0.047670449
72 0.143478394 12.177964211 2.328407288 -1.513386731 -0.054237607 0.499916606
73 10.827339172 -0.000015259 0.000007629 0.124171125 -0.120014946 -0.095783260
74 18.731567383 0.000010490 -0.000007629 -0.061916531 -0.230849763 0.134192863
75 18.731578827 -0.000010014 -0.000068665 -0.032551684 -0.260678765 -0.030648108
76 18.732147217 0.000002861 0.000030518 0.151081217 -0.198904426 -0.136094813
77 0.706604004 9.159472466 6.887771606 -0.986945522 -0.175781400 0.251635302
78 10.843391418 0.000004768 0.000003815 0.038460992 -0.293620479 -0.024626197
79 18.864517212 -0.000007629 -0.000038147 -0.073013325 -0.221681499 0.249709549
80 18.864459991 -0.000005722 -0.000007629 -0.064315769 -0.333877981 0.167063441
81 18.865047455 -0.000015259 -0.000038147 0.240280501 -0.303775304 -0.175747099
82 0.842971802 2.753786087 9.486438751 -0.713310361 -0.121941749 0.116538659
83 10.832771301 -0.000001907 0.000015259 0.329574558 -0.358807636 -0.112837668
84 19.399612427 0.000003815 -0.000038147 -0.069044175 -0.152576285 0.355274973
85 19.399597168 -0.000022888 -0.000015259 -0.097163216 -0.305938252 0.394735854
86 19.400173187 -0.000011444 -0.000015259 0.109390654 -0.442391300 -0.056873665
87 23.268264771 -2.187709808 -3.705850601 -1.456154893 0.000364046 -1.570479669
88 11.648437500 -0.000030518 0.000030518 -0.476065294 -0.012505157 -1.275648932
89 19.962635040 1.182556152 -0.494796753 2.827724317 1.210077460 -0.137379431
90 25.357295990 1.346595764 -0.632659912 0.241645142 1.336942262 -2.798934342
91 10.585937500 0.000007629 -0.000022888 -0.623342345 0.227380332 0.017522868
92 29.775835037 0.000000000 -0.000091553 0.431018310 0.804855590 -1.067103169
93 22.736808777 -0.004570007 -0.007400513 -0.403634162 -0.194474916 -2.864551704
94 0.073730469 -0.706542969 -0.275878906 -0.516633176 0.660470299 1.434042018
95 13.120170593 0.000022888 0.000022888 -1.257208838 0.336845713 -1.132908197
96 12.350074768 -0.000015259 -0.000015259 -0.738425907 0.216878565 -0.051273711
97 15.541244507 -0.000045776 -0.000007629 -0.223993116 -0.154350270 -0.117915264
98 14.906250000 -0.000015259 0.000003815 -0.212016858 -0.305227625 0.105015927
99 14.182762146 -0.000030518 -0.000015259 -0.283436883 0.565158333 0.005035658
100 6.140625000 -0.523925781 -0.378906250 0.916304480 0.576347903 1.410911994
101 11.348442078 0.000007629 -0.000038147 -2.192818009 -0.887960237 -0.746074583
102 12.005210876 -0.000015259 -0.000030518 -0.339645043 0.216726103 -0.041444406
103 15.865591049 -0.000022888 0.000007629 -0.378687585 -0.109729222 0.042436856
104 14.851562500 -0.000015259 0.000007629 -0.602971193 0.548619168 -0.005326657
105 12.538974762 -0.414978027 -0.272300720 1.010551076 0.553242864 1.352352313
106 10.619346619 0.000000000 0.000007629 -2.896177269 -0.888271925 -0.488382864
107 12.043018341 -0.000015259 0.000030518 -0.035712812 0.279854045 0.023740581
108 15.310400009 -0.000015259 -0.000015259 -0.421142219 0.518417852 -0.022033187
109 19.857913971 0.000007629 0.000000000 0.964079247 0.642323349 1.353219944
110 10.617187500 0.000015259 0.000022888 -0.110066718 -0.942694647 -0.377397189
111 11.091686249 0.000007629 -0.000030518 -2.957031938 -0.407219133 -0.279420241
112 25.612260818 0.000007629 -0.000152588 -0.952077214 -0.199340542 0.082461341
113 0.732421875 0.378173828 -0.043365479 -0.298448110 -0.042506783 0.541930270
114 9.421440125 0.000015259 -0.000022888 0.376985193 0.989139988 -0.158374132
115 3.208984375 -0.000007629 -0.000007629 -0.000900778 0.927088290 0.001093729
116 2.421096802 0.000022888 0.000019073 -0.050443158 0.688441461 -0.044503315
117 0.783203125 0.134643555 -0.023910522 -0.156422393 -0.123498386 0.279157033
118 9.940933228 -0.000007629 -0.000007629 0.161817679 0.963323119 -0.082617437
119 3.403709412 -0.000007629 -0.000015259 -0.009001117 0.689879404 -0.004885124
120 2.546600342 0.000007629 0.000000000 -0.042829088 0.678048449 -0.013732072
121 0.805175781 0.000000000 0.000000000 -0.007963538 -0.147251916 0.014089588
122 9.898437500 0.000000000 0.000038147 -0.011887432 0.857189831 0.004722858
123 3.537029266 0.000000000 -0.000030518 0.015666009 0.561720338 0.009460674
124 2.507812500 -0.000007629 0.000007629 0.001414853 0.592390064 0.014690864
125 0.821777344 -0.246826172 -0.028747559 0.155124828 -0.087466036 -0.272238366
126 9.687484741 -0.000026703 0.000015259 -0.214202260 0.792087249 0.164834178
127 3.679679871 0.000000000 0.000015259 -0.003198186 0.592472491 -0.001607877
128 2.700599670 0.000000000 -0.000015259 0.031346709 0.636686851 0.032782188
129 0.519042969 -0.395996094 -0.161987305 0.477878787 0.316754060 -0.763355711
130 6.753906250 -0.000005722 -0.000045776 -0.536221635 0.681769393 0.000560917
131 4.462627411 -0.000034332 0.000000000 -0.078001298 0.008849486 0.122395973
132 22.736743927 0.004549980 -0.007263184 0.532327404 0.029223422 -2.628919789
133 0.073730469 0.706542969 -0.276367188 2.114898924 0.766459628 0.300396248
134 13.119304657 0.000015259 -0.000015259 0.471295521 -0.115318222 1.325704966
135 12.350997925 0.000015259 -0.000015259 0.524567840 0.360050383 0.725239921
136 15.540859222 0.000000000 0.000030518 -0.160160074 0.028825166 0.129765814
137 14.906250000 -0.000011444 -0.000015259 -0.127624943 -0.245572419 -0.094088556
138 14.182880402 -0.000003815 0.000030518 -0.290175643 -0.113173486 0.035600561
139 6.140625000 0.523925781 -0.378662109 0.248139049 0.803055159 0.122790420
140 11.348976135 0.000007629 0.000015259 2.687232457 -1.229432436 -0.921790980
141 12.004642487 0.000000000 -0.000030518 -0.048399274 0.100744047 0.729153223
142 15.865940094 -0.000001907 -0.000015259 -0.030393275 -0.081723418 0.020682749
143 14.851562500 -0.000002861 0.000000000 0.017175808 -0.127605244 -0.065634522
144 12.539043427 0.414962769 -0.272758484 0.106827214 0.724831148 0.181141198
145 10.619075775 -0.000001907 -0.000030518 -3.131234562 -1.015187025 -1.041408639
146 12.043624878 -0.000003815 -0.000015259 -0.286048428 0.359774054 0.686663808
147 15.309879303 0.000001907 0.000015259 -0.207526110 -0.150130401 -0.004440077
148 19.857963562 -0.000022888 0.000038147 0.060356202 0.674777143 0.087444307
149 10.618190765 0.000000000 0.000000000 0.604217874 -1.227619752 -0.558250758
150 11.091796875 0.000007629 -0.000015259 1.489568751 0.410379820 -1.440724262
151 0.732421875 -0.378417969 -0.043029785 0.298829922 -0.043211786 -0.541974052
152 9.421363831 -0.000030518 0.000007629 -0.470241755 1.108872100 0.050969701
153 3.208984375 0.000015259 0.000000000 0.000857873 1.057455893 -0.001098300
154 2.421054840 0.000000000 -0.000034332 0.043174526 0.819359608 0.045011662
155 0.783203125 -0.134643555 -0.023712158 0.156625597 -0.124254089 -0.279237635
156 9.941059113 0.000000000 -0.000030518 -0.258870176 1.208138449 -0.026394740
157 3.403701782 0.000000000 0.000030518 -0.009093961 0.939657871 -0.001132441
158 2.546592712 0.000000000 -0.000034332 0.050622334 0.928087349 0.026112669
159 0.805175781 0.000000000 0.000000000 0.007970885 -0.148203970 -0.014094421
160 9.898437500 -0.000015259 0.000015259 0.008520768 1.208195160 -0.016983373
161 3.537109375 -0.000030518 0.000015259 -0.000193491 0.912542382 0.000193491
162 2.507812500 -0.000030518 0.000007629 0.000320821 0.943623568 -0.000320821
163 0.821777344 0.246826172 -0.027450562 -0.155297577 -0.088051341 0.272296809
164 9.687324524 0.000015259 -0.000053406 0.342851519 1.121789534 -0.008737843
165 3.679656982 0.000000000 0.000030518 -0.002974323 0.934332562 -0.000146806
166 2.700630188 0.000000000 -0.000015259 -0.032371169 0.978263485 -0.042071145
167 0.519531250 0.395996094 -0.161743164 -0.478495596 0.316187846 0.763124936
168 6.753906250 -0.000007629 -0.000030518 0.300769486 0.115172368 -0.360966190
169 4.462749481 0.000000000 0.000030518 0.078557963 0.005930337 -0.087042230
170 86.264892578 0.000053406 0.000061035 2.694674002 1.156389805 -3.072822959
171 2.875000000 0.000007629 -0.000030518 0.242043134 0.841181734 0.134842953
172 8.134368896 0.000000000 0.000000000 0.449205010 0.477072278 1.071281719
173 8.134399414 0.000000000 0.000000000 0.319645738 0.493376215 0.744563651
174 8.134391785 0.000000000 0.000000000 0.090127012 0.058707912 0.094741006
175 8.134384155 0.000000000 0.000000000 0.019755836 -0.148695073 -0.096463641
176 8.134384155 -0.000030518 -0.000045776 0.017762002 -0.132894186 -0.088585981
177 8.134384155 -0.000045776 -0.000030518 0.004692412 -0.061827544 -0.034431008
178 8.134399414 0.000000000 0.000000000 -0.010004697 -0.020289280 -0.000848047
179 8.132812500 -0.000015259 -0.000030518 -0.068334582 0.178608529 0.127167520
180 86.264892578 0.000053406 0.000061035 -1.641644645 0.483901583 -1.904818711
181 2.875000000 0.000015259 0.000000000 -0.043052369 0.834531430 0.259547438
182 8.134414673 0.000000000 0.000000000 -0.101822809 1.093167122 0.286311382
183 8.134384155 0.000000000 0.000000000 -0.055139980 0.745834564 0.410690397
184 8.134429932 0.000000000 -0.000038147 -0.148537518 0.096970700 0.088311143
185 8.134384155 -0.000015259 -0.000011444 -0.353070713 -0.097791710 -0.115715653
186 8.134384155 0.000015259 0.000026703 -0.326783713 -0.084473059 -0.099426135
187 8.134368896 0.000000000 -0.000015259 -0.300441720 -0.056619097 -0.041737582
188 8.134399414 0.000000000 0.000015259 -0.260041310 -0.024459130 -0.023267992
189 8.132812500 0.000000000 0.000015259 -0.260945607 0.229749111 -0.175072315
190 25.357345581 -1.346612930 -0.631881714 0.457467787 1.040126707 -2.752636539
191 10.586948395 0.000007629 -0.000045776 0.717301075 -0.517125399 -0.585306425
192 19.962787628 -1.182558060 -0.493774414 -2.827724317 1.210077460 0.137379431
193 26.542861938 -0.000034332 5.258386612 -0.000098679 -0.575889304 -3.141563427
194 5.210937500 0.000003815 0.000015259 0.287299644 0.277055516 1.218980375
195 11.580818176 0.000015259 -0.000030518 0.000000000 0.373150501 0.000000000
196 30.590713501 -0.110137939 0.305744171 0.759852152 0.172169041 -0.182568064
197 7.470626831 0.014289856 0.148300171 -0.025270825 0.324201754 -0.012792470
198 9.858001709 6.173873901 -12.156160355 2.343721255 0.103353816 3.040407058
199 9.858215332 -6.068092346 -12.208475113 -2.352349825 0.104146931 -3.041265021
200 20.049377441 0.061241150 -14.093141556 3.134587295 0.926499159 3.136067236
201 5.580184937 -0.000015259 0.000030518 -1.152447867 0.899300161 -1.436023457
202 6.841278076 -0.000007629 -0.000038147 -0.109691022 0.324096620 -0.448536517
203 6.916412354 -0.000009537 0.000007629 -0.284057675 0.169796178 -0.000010178
204 24.600067139 -1.878257751 -11.667314529 -2.002800253 -0.732025296 -0.963281651
205 24.600067139 -1.878257751 -11.667314529 -1.536345236 -0.230748013 -1.702389711
206 24.600067139 -1.878257751 -11.667314529 -1.665549243 0.097947933 -2.370679697
207 24.599960327 1.980178833 -11.650854111 2.009399481 -0.739004495 0.958897021
208 24.599960327 1.980178833 -11.650854111 1.535182712 -0.239155086 1.702686470
209 24.599960327 1.980178833 -11.650854111 1.659403831 0.091981346 2.370144970
210 7.570648193 3.876312256 6.930494308 -2.049238070 1.047095500 -0.535595520
211 7.418060303 -3.974502563 7.604156494 1.014907748 -1.024031318 -2.618339091
212 -86.807075500 0.000003206 0.000005000 0.000000000 0.000000000 0.000244115
213 0.000000000 -0.000000000 0.000000000 0.000000000 0.000000000 0.000244115
214 0.000000000 -0.000000000 0.000000000 0.000000000 0.000000000 0.000244115
215 0.000000000 -0.000000000 0.000000000 0.000000000 0.000000000 0.000244115
216 0.000000000 -0.000000000 0.000000000 0.000000000 0.000000000 0.000244115
217 0.000000000 -0.000000000 0.000000000 0.000000000 0.000000000 0.000244115
218 0.000000000 -0.000000000 0.000000000 0.000000000 0.000000000 0.000244115
219 0.000000000 -0.000000000 0.000000000 0.000000000 0.000000000 0.000244115
220 0.000000000 -0.000000000 0.000000000 0.000000000 0.000000000 0.000244115
221 0.000000000 -0.000000000 0.000000000 0.000000000 0.000000000 0.000244115
222 0.000000000 -0.000000000 0.000000000 0.000000000 0.000000000 0.000244115
223 0.000000000 -0.000000000 0.000000000 0.000000000 0.000000000 0.000244115
time 3
0 -14.387949944 5.339337349 0.000005000 2.853605956 -1.359469992 1.590743868
1 88.476783752 -0.000055313 -0.000013590 3.141592654 -0.000000000 3.141592654
2 -43.495719910 -0.000049591 4.662870407 0.055115697 0.043231646 -3.140400795
3 9.507705688 0.000003815 -0.000020981 -0.831846144 -0.272823543 -0.172000347
4 23.267868042 2.189132690 -3.705406189 1.456154893 -0.000364046 1.571112984
5 11.648437500 0.000000954 0.000061035 -0.054880369 0.189464546 0.165692216
6 29.776115417 -0.000017166 -0.000152588 0.012067620 0.018483697 -0.001873875
7 25.612224579 -0.000019073 0.000091553 1.730271560 0.565889125 -0.268354039
8 8.674346924 -1.907180786 -2.936538696 -0.551336544 -0.109697996 1.608018152
9 0.000000000 -0.000000000 0.000000000 0.000000000 0.000000000 0.000244115
10 -43.495719910 -0.000049591 4.662870407 0.000000000 0.000000000 0.000000000
11 21.580337524 10.273413658 -4.495086670 -0.006296760 -0.069265328 0.258226344
12 45.674194336 -0.000015259 0.000013351 -3.140114362 0.184548030 0.000050111
13 55.039112091 0.000005722 -0.000008106 -3.100213326 1.164386438 0.037577954
14 21.580284119 -10.273576736 -4.495073318 0.065125282 -0.052257313 -0.042741696
15 45.674217224 0.000030518 -0.000011444 -3.141297078 0.808441039 0.000032558
16 55.039123535 -0.000038147 -0.000038147 3.102597511 1.141037797 -0.034871996
17 0.161666870 -1.532186508 -10.638456345 2.956990494 0.526752650 -0.151013429
18 14.463714600 -0.000007629 0.000000000 -0.081047097 0.098843631 0.122873034
19 20.708938599 -0.000022888 -0.000038147 -0.004778463 0.243973596 -0.032589657
20 20.709037781 -0.000005722 0.000030518 0.077650625 0.875886722 0.218110688
21 20.709545135 -0.000009537 0.000030518 0.082831653 -0.154984765 0.012887985
22 0.118850708 -3.636028290 -10.382867813 2.434484465 0.425713324 -0.445235796
23 14.125000000 -0.000020981 -0.000015259 -0.035357820 0.066164596 0.134633092
24 20.265319824 -0.000019073 0.000000000 0.018595048 0.255960119 0.056533571
25 20.265319824 0.000000000 0.000015259 0.288147389 0.835799990 0.674055594
26 20.265625000 -0.000022888 -0.000003815 0.123441198 -0.110923635 0.012539870
27 0.430816650 -8.824714661 -7.827322006 2.282323870 0.372581612 -0.530156543
28 12.544494629 0.000007629 -0.000015259 -0.226312762 0.088937254 0.286364603
29 19.343734741 -0.000030518 -0.000045776 0.031501634 0.210259062 0.090158151
30 19.343750000 -0.000015259 -0.000012398 0.355523053 0.699763871 0.963232151
31 19.343750000 -0.000015259 0.000002861 0.093342565 -0.103909232 0.054682139
32 -0.019638062 -12.396471024 -3.323648453 2.008620014 0.143381469 -0.543463158
33 11.042053223 0.000005722 -0.000015259 -0.280019281 -0.016154575 0.312987514
34 19.073436737 -0.000005722 -0.000038147 0.032568237 0.161989781 0.087202446
35 19.073341370 -0.000015259 -0.000011444 0.318949644 0.560013396 1.100867534
36 19.073867798 -0.000007629 0.000007629 -0.027780791 -0.121876130 0.149460383
37 0.143417358 -12.177965164 2.328493118 1.518810137 -0.161343062 -0.494035262
38 10.827308655 0.000007629 -0.000030518 -0.131549432 -0.109362908 0.202705545
39 18.731544495 0.000003815 0.000000000 0.023009604 0.126378627 0.074993335
40 18.731609344 -0.000022888 -0.000007629 0.227193407 0.419729198 1.153145182
41 18.732189178 -0.000022888 0.000003815 -0.175404907 -0.195814121 0.242546335
42 0.706604004 -9.159467697 6.887685776 0.979654380 -0.265100170 -0.190766461
43 10.843429565 -0.000005722 -0.000015259 -0.069004954 -0.288914202 0.137551559
44 18.864486694 0.000009537 -0.000022888 0.008305224 0.105407190 0.108104814
45 18.864482880 -0.000022888 0.000007629 0.072474709 0.213560230 1.100533236
46 18.864944458 -0.000015259 -0.000007629 -0.285204721 -0.282617522 0.289021106
47 0.843048096 -2.753784180 9.486446381 0.706399089 -0.191889080 -0.034259716
48 10.832725525 0.000007629 0.000007629 -0.364999828 -0.321717952 0.221549338
49 19.399490356 0.000003815 -0.000045776 -0.008861547 0.065949604 0.175079645
50 19.399677277 -0.000007629 -0.000015259 -0.108514342 -0.103572206 0.950279136
51 19.400068283 -0.000030518 -0.000015259 -0.179936730 -0.428399075 0.185958615
52 0.161682129 1.532159805 -10.638368607 -3.013842378 0.543413680 0.027915022
53 14.463706970 -0.000007629 -0.000015259 0.104403894 0.089976443 -0.015888168
54 20.708992004 -0.000017166 -0.000003815 -0.021534434 0.141815598 -0.113916600
55 20.709014893 0.000009537 0.000019073 -0.116503993 0.713515838 -0.230175861
56 20.709590912 -0.000006676 -0.000007629 -0.064421769 -0.144651026 0.083224303
57 0.118804932 3.636004448 -10.383043289 -2.469501322 0.494057419 0.352816628
58 14.125000000 -0.000015259 -0.000015259 0.054307670 0.064149439 -0.027718143
59 20.265319824 0.000003815 -0.000015259 -0.027826233 0.012959326 -0.093360777
60 20.265342712 0.000013351 -0.000003815 -0.118403068 0.427521917 -0.372877222
61 20.265625000 0.000001907 0.000007629 -0.105205472 -0.089332292 0.085107503
62 0.430816650 8.824708939 -7.827398300 -2.307420255 0.452967450 0.452620192
63 12.544555664 0.000015259 -0.000015259 0.245184585 0.067840966 -0.182236525
64 19.343750000 -0.000017166 -0.000007629 -0.039834067 -0.094743159 -0.012891138
65 19.343750000 0.000003815 -0.000015259 -0.060412980 0.099087291 -0.400215933
66 19.343750000 0.000011444 -0.000038147 -0.082675344 -0.079576628 0.044623398
67 -0.019577026 12.396468163 -3.323724747 -2.011439473 0.240529451 0.496970188
68 11.042060852 -0.000007629 0.000000000 0.285536427 -0.042143309 -0.210604091
69 19.073402405 -0.000001907 -0.000045776 -0.055608670 -0.136193047 0.088898479
70 19.073368073 0.000007629 -0.000030518 -0.017241785 -0.169668035 -0.293542995
71 19.073940277 0.000005722 -0.000030518 0.024702754 -0.107571286 -0.047670449
72 0.143478394 12.177964211 2.328407288 -1.513386731 -0.054237607 0.499916606
73 10.827339172 -0.000015259 0.000007629 0.124171125 -0.120014946 -0.095783260
74 18.731567383 0.000010490 -0.000007629 -0.062599648 -0.129447907 0.173620662
75 18.731578827 -0.000010014 -0.000068665 -0.021859048 -0.377477211 -0.104764596
76 18.732147217 0.000002861 0.000030518 0.151081217 -0.198904426 -0.136094813
77 0.706604004 9.159472466 6.887771606 -0.986945522 -0.175781400 0.251635302
78 10.843391418 0.000004768 0.000003815 0.038460992 -0.293620479 -0.024626197
79 18.864517212 -0.000007629 -0.000038147 -0.057914019 -0.087648336 0.219574348
80 18.864459991 -0.000005722 -0.000007629 -0.090131662 -0.512048397 0.181313968
81 18.865047455 -0.000015259 -0.000038147 0.240280501 -0.303775304 -0.175747099
82 0.842971802 2.753786087 9.486438751 -0.713310361 -0.121941749 0.116538659
83 10.832771301 -0.000001907 0.000015259 0.329574558 -0.358807636 -0.112837668
84 19.399612427 0.000003815 -0.000038147 -0.042737353 -0.018469013 0.224397397
85 19.399597168 -0.000022888 -0.000015259 -0.186324608 -0.482295630 0.550470918
86 19.400173187 -0.000011444 -0.000015259 0.109395722 -0.442479549 -0.056880201
87 23.268264771 -2.187709808 -3.705850601 -1.456154893 0.000364046 -1.570479669
88 11.648437500 -0.000030518 0.000030518 -0.429761613 0.019623138 -1.202082506
89 19.962635040 1.182556152 -0.494796753 2.827724317 1.210077460 -0.137379431
90 25.357295990 1.346595764 -0.632659912 1.286972841 1.057271987 -1.840295343
91 10.585937500 0.000007629 -0.000022888 -0.623342345 0.227380332 0.017522868
92 29.775835037 0.000000000 -0.000091553 0.365554037 0.691214595 -1.016965263
93 22.736808777 -0.004570007 -0.007400513 -0.403634162 -0.194474916 -2.864551704
94 0.073730469 -0.706542969 -0.275878906 -0.217305625 0.380103990 1.723302760
95 13.120170593 0.000022888 0.000022888 -1.156455260 0.082923225 -1.003013551
96 12.350074768 -0.000015259 -0.000015259 -0.740310960 0.790228565 -0.066185174
97 15.541244507 -0.000045776 -0.000007629 -0.164367393 -0.022120201 0.142339498
98 14.906250000 -0.000015259 0.000003815 -0.195758647 -0.239222043 0.165489474
99 14.182762146 -0.000030518 -0.000015259 -0.283436883 0.565158333 0.005035658
100 6.140625000 -0.523925781 -0.378906250 1.180818602 0.325675187 1.691761470
101 11.348442078 0.000007629 -0.000038147 -2.484170725 -0.898146571 -0.307851299
102 12.005210876 -0.000015259 -0.000030518 -0.277132998 0.789573343 0.046591144
103 15.865591049 -0.000022888 0.000007629 -0.321002658 0.127398797 0.192036182
104 14.851562500 -0.000015259 0.000007629 -0.602971193 0.548619168 -0.005326657
105 12.538974762 -0.414978027 -0.272300720 1.272017557 0.317893072 1.652523453
106 10.619346619 0.000000000 0.000007629 -3.087929028 -0.879192260 -0.209457527
107 12.043018341 -0.000015259 0.000030518 0.172323292 0.702558707 0.392828113
108 15.310400009 -0.000015259 -0.000015259 -0.421142219 0.518417852 -0.022033187
109 19.857913971 0.000007629 0.000000000 1.278050464 0.390748297 1.704668822
110 10.617187500 0.000015259 0.000022888 -0.208346396 -0.981069223 -0.238170997
111 11.091686249 0.000007629 -0.000030518 -2.957031938 -0.407219133 -0.279420241
112 25.612260818 0.000007629 -0.000152588 -0.952077214 -0.199340542 0.082461341
113 0.732421875 0.378173828 -0.043365479 -0.298448110 -0.042506783 0.541930270
114 9.421440125 0.000015259 -0.000022888 0.376985193 0.989139988 -0.158374132
115 3.208984375 -0.000007629 -0.000007629 -0.000900778 0.927088290 0.001093729
116 2.421096802 0.000022888 0.000019073 -0.050443158 0.688441461 -0.044503315
117 0.783203125 0.134643555 -0.023910522 -0.156336213 -0.123510422 0.279151765
118 9.940933228 -0.000007629 -0.000007629 0.161817679 0.963323119 -0.082617437
119 3.403709412 -0.000007629 -0.000015259 -0.009001117 0.689879404 -0.004885124
120 2.546600342 0.000007629 0.000000000 -0.042829088 0.678048449 -0.013732072
121 0.805175781 0.000000000 0.000000000 -0.007963538 -0.147251916 0.014089588
122 9.898437500 0.000000000 0.000038147 -0.011887432 0.857189831 0.004722858
123 3.537029266 0.000000000 -0.000030518 0.015666009 0.561720338 0.009460674
124 2.507812500 -0.000007629 0.000007629 0.001414853 0.592390064 0.014690864
125 0.821777344 -0.246826172 -0.028747559 0.155124828 -0.087466036 -0.272238366
126 9.687484741 -0.000026703 0.000015259 -0.214202260 0.792087249 0.164834178
127 3.679679871 0.000000000 0.000015259 -0.003198186 0.592472491 -0.001607877
128 2.700599670 0.000000000 -0.000015259 0.031346709 0.636686851 0.032782188
129 0.519042969 -0.395996094 -0.161987305 0.477878787 0.316754060 -0.763355711
130 6.753906250 -0.000005722 -0.000045776 -0.536221635 0.681769393 0.000560917
131 4.462627411 -0.000034332 0.000000000 -0.078001298 0.008849486 0.122395973
132 22.736743927 0.004549980 -0.007263184 0.518346713 0.034471991 -2.669077951
133 0.073730469 0.706542969 -0.276367188 2.548788508 0.947604628 0.754438062
134 13.119304657 0.000015259 -0.000015259 0.633575221 -0.002279686 0.783299960
135 12.350997925 0.000015259 -0.000015259 0.730918768 0.712452838 1.048465054
136 15.540859222 0.000000000 0.000030518 -0.112462321 0.599800781 0.425156812
137 14.906250000 -0.000011444 -0.000015259 -0.213316462 -0.038698664 0.139870310
138 14.182880402 -0.000003815 0.000030518 -0.283321739 -0.105100713 0.033861443
139 6.140625000 0.523925781 -0.378662109 0.776111170 0.997155648 0.636893226
140 11.348976135 0.000007629 0.000015259 2.079155749 -0.811838817 -0.080321019
141 12.004642487 0.000000000 -0.000030518 0.092748683 0.435007471 1.211655295
142 15.865940094 -0.000001907 -0.000015259 -0.073365924 0.116666862 0.614750693
143 14.851562500 -0.000002861 0.000000000 0.022975786 -0.119093091 -0.067535787
144 12.539043427 0.414962769 -0.272758484 0.519892702 0.938114441 0.603855300
145 10.619075775 -0.000001907 -0.000030518 2.717836082 -0.740804695 -0.330168340
146 12.043624878 -0.000003815 -0.000015259 -0.024853424 0.740257755 1.122224102
147 15.309879303 0.000001907 0.000015259 -0.202227287 -0.141551601 -0.006140996
148 19.857963562 -0.000022888 0.000038147 0.464698451 0.922861425 0.502043581
149 10.618190765 0.000000000 0.000000000 0.090822099 -0.850598285 0.045262658
150 11.091796875 0.000007629 -0.000015259 1.507908156 0.400320310 -1.413947715
151 0.732421875 -0.378417969 -0.043029785 0.298829922 -0.043211786 -0.541974052
152 9.421363831 -0.000030518 0.000007629 -0.470241755 1.108872100 0.050969701
153 3.208984375 0.000015259 0.000000000 0.000857873 1.057455893 -0.001098300
154 2.421054840 0.000000000 -0.000034332 0.043174526 0.819359608 0.045011662
155 0.783203125 -0.134643555 -0.023712158 0.156625597 -0.124254089 -0.279237635
156 9.941059113 0.000000000 -0.000030518 -0.258870176 1.208138449 -0.026394740
157 3.403701782 0.000000000 0.000030518 -0.009093961 0.939657871 -0.001132441
158 2.546592712 0.000000000 -0.000034332 0.050622334 0.928087349 0.026112669
159 0.805175781 0.000000000 0.000000000 0.007970885 -0.148203970 -0.014094421
160 9.898437500 -0.000015259 0.000015259 0.008520768 1.208195160 -0.016983373
161 3.537109375 -0.000030518 0.000015259 -0.000193491 0.912542382 0.000193491
162 2.507812500 -0.000030518 0.000007629 0.000320821 0.943623568 -0.000320821
163 0.821777344 0.246826172 -0.027450562 -0.155297577 -0.088051341 0.272296809
164 9.687324524 0.000015259 -0.000053406 0.342851519 1.121789534 -0.008737843
165 3.679656982 0.000000000 0.000030518 -0.002974323 0.934332562 -0.000146806
166 2.700630188 0.000000000 -0.000015259 -0.032371169 0.978263485 -0.042071145
167 0.519531250 0.395996094 -0.161743164 -0.478495596 0.316187846 0.763124936
168 6.753906250 -0.000007629 -0.000030518 0.300769486 0.115172368 -0.360966190
169 4.462749481 0.000000000 0.000030518 0.078557963 0.005930337 -0.087042230
170 86.264892578 0.000053406 0.000061035 -1.506201076 1.191684637 -1.469469401
171 2.875000000 0.000007629 -0.000030518 -0.285630773 0.615173565 -0.616576345
172 8.134368896 0.000000000 0.000000000 0.069639969 0.427496405 -0.152018113
173 8.134399414 0.000000000 0.000000000 -0.491833696 1.342957399 -0.655798647
174 8.134391785 0.000000000 0.000000000 -0.067681240 0.969006557 -0.190458564
175 8.134384155 0.000000000 0.000000000 0.008799308 0.085119888 0.048328997
176 8.134384155 -0.000030518 -0.000045776 0.011529628 -0.259009776 0.119567834
177 8.134384155 -0.000045776 -0.000030518 0.000480413 -0.182203996 0.081107284
178 8.134399414 0.000000000 0.000000000 -0.019824431 -0.045350117 0.032657011
179 8.132812500 -0.000015259 -0.000030518 -0.068334582 0.178608529 0.127167520
180 86.264892578 0.000053406 0.000061035 -1.568899697 0.300525138 -1.591039851
181 2.875000000 0.000015259 0.000000000 0.028586326 0.471946538 0.185481582
182 8.134414673 0.000000000 0.000000000 -0.088249640 0.381224348 -0.033933377
183 8.134384155 0.000000000 0.000000000 -0.605517174 1.412521134 -0.525411072
184 8.134429932 0.000000000 -0.000038147 -0.019506002 0.985024813 0.109805246
185 8.134384155 -0.000015259 -0.000011444 -0.223446111 0.098876937 -0.029625382
186 8.134384155 0.000015259 0.000026703 -0.221251692 -0.243144677 -0.057220344
187 8.134368896 0.000000000 -0.000015259 -0.212246817 -0.189590935 -0.033984214
188 8.134399414 0.000000000 0.000015259 -0.181130610 -0.078378562 -0.000077803
189 8.132812500 0.000000000 0.000015259 -0.260945607 0.229749111 -0.175072315
190 25.357345581 -1.346612930 -0.631881714 1.628320361 1.003690302 -1.648342560
191 10.586948395 0.000007629 -0.000045776 0.715837342 -0.505569938 -0.576506485
192 19.962787628 -1.182558060 -0.493774414 -2.827724317 1.210077460 0.137379431
193 26.542861938 -0.000034332 5.258386612 -0.000098679 -0.575889304 -3.141563427
194 5.210937500 0.000003815 0.000015259 0.178786731 0.324346257 0.873772192
195 11.580818176 0.000015259 -0.000030518 0.000000000 0.373150501 0.000000000
196 30.590713501 -0.110137939 0.305744171 0.684517911 0.165359159 -0.159864446
197 7.470626831 0.014289856 0.148300171 -0.049147982 0.324209834 -0.012763650
198 9.858001709 6.173873901 -12.156160355 2.343721255 0.103353816 3.040407058
199 9.858215332 -6.068092346 -12.208475113 -2.352349825 0.104146931 -3.041265021
200 20.049377441 0.061241150 -14.093141556 3.134587295 0.926499159 3.136067236
201 5.580184937 -0.000015259 0.000030518 -1.030620625 1.016445232 -1.230143503
202 6.841278076 -0.000007629 -0.000038147 -0.321410103 0.801865535 -0.691373703
203 6.916412354 -0.000009537 0.000007629 -0.284057675 0.169796178 -0.000010178
204 24.600067139 -1.878257751 -11.667314529 -2.002800253 -0.732025296 -0.963281651
205 24.600067139 -1.878257751 -11.667314529 -1.536345236 -0.230748013 -1.702389711
206 24.600067139 -1.878257751 -11.667314529 -1.665549243 0.097947933 -2.370679697
207 24.599960327 1.980178833 -11.650854111 2.009399481 -0.739004495 0.958897021
208 24.599960327 1.980178833 -11.650854111 1.535182712 -0.239155086 1.702686470
209 24.599960327 1.980178833 -11.650854111 1.659403831 0.091981346 2.370144970
210 7.570648193 3.876312256 6.930494308 -2.049238070 1.047095500 -0.535595520
211 7.418060303 -3.974502563 7.604156494 1.014907748 -1.024031318 -2.618339091
212 -86.807075500 0.000003206 0.000005000 0.000000000 0.000000000 0.000244115
213 0.000000000 -0.000000000 0.000000000 0.000000000 0.000000000 0.000244115
214 0.000000000 -0.000000000 0.000000000 0.000000000 0.000000000 0.000244115
215 0.000000000 -0.000000000 0.000000000 0.000000000 0.000000000 0.000244115
216 0.000000000 -0.000000000 0.000000000 0.000000000 0.000000000 0.000244115
217 0.000000000 -0.000000000 0.000000000 0.000000000 0.000000000 0.000244115
218 0.000000000 -0.000000000 0.000000000 0.000000000 0.000000000 0.000244115
219 0.000000000 -0.000000000 0.000000000 0.000000000 0.000000000 0.000244115
220 0.000000000 -0.000000000 0.000000000 0.000000000 0.000000000 0.000244115
221 0.000000000 -0.000000000 0.000000000 0.000000000 0.000000000 0.000244115
222 0.000000000 -0.000000000 0.000000000 0.000000000 0.000000000 0.000244115
223 0.000000000 -0.000000000 0.000000000 0.000000000 0.000000000 0.000244115
time 4
0 -13.079955101 2.066765547 0.000005000 2.923500120 -1.390782971 1.597084913
1 88.476783752 -0.000055313 -0.000013590 3.141592654 0.000000000 3.141592654
2 -43.495719910 -0.000049591 4.662870407 0.092895732 0.046659269 -3.139596344
3 9.507705688 0.000003815 -0.000020981 -0.739824575 -0.264632335 -0.160098167
4 23.267868042 2.189132690 -3.705406189 1.456154893 -0.000364046 1.571112984
5 11.648437500 0.000000954 0.000061035 -0.104353237 0.146104669 0.274606420
6 29.776115417 -0.000017166 -0.000152588 0.020411739 0.028693690 -0.003332993
7 25.612224579 -0.000019073 0.000091553 2.012747493 0.556661246 -0.396959040
8 8.674346924 -1.907180786 -2.936538696 -0.551336544 -0.109697996 1.608018152
9 0.000000000 -0.000000000 0.000000000 0.000000000 0.000000000 0.000244115
10 -43.495719910 -0.000049591 4.662870407 0.000000000 0.000000000 0.000000000
11 21.580337524 10.273413658 -4.495086670 -0.002525703 -0.086820558 0.235308996
12 45.674194336 -0.000015259 0.000013351 -3.140108262 0.217862501 0.000075508
13 55.039112091 0.000005722 -0.000008106 -3.097755024 1.180215397 0.040166769
14 21.580284119 -10.273576736 -4.495073318 0.096891012 -0.016552247 -0.058021092
15 45.674217224 0.000030518 -0.000011444 -3.141297078 0.808441039 0.000032558
16 55.039123535 -0.000038147 -0.000038147 3.102597511 1.141037797 -0.034871996
17 0.161666870 -1.532186508 -10.638456345 2.956990494 0.526752650 -0.151013429
18 14.463714600 -0.000007629 0.000000000 -0.081047097 0.098843631 0.122873034
19 20.708938599 -0.000022888 -0.000038147 0.007657271 -0.010476702 -0.060472299
20 20.709037781 -0.000005722 0.000030518 0.076570004 0.838059329 0.215994318
21 20.709545135 -0.000009537 0.000030518 0.082831653 -0.154984765 0.012887985
22 0.118850708 -3.636028290 -10.382867813 2.434500799 0.425744052 -0.445148713
23 14.125000000 -0.000020981 -0.000015259 -0.035357820 0.066164596 0.134633092
24 20.265319824 -0.000019073 0.000000000 0.024056211 -0.012903863 -0.098345943
25 20.265319824 0.000000000 0.000015259 0.266816678 0.798474173 0.651191050
26 20.265625000 -0.000022888 -0.000003815 0.123441198 -0.110923635 0.012539870
27 0.430816650 -8.824714661 -7.827322006 2.282323870 0.372581612 -0.530156543
28 12.544494629 0.000007629 -0.000015259 -0.226312762 0.088937254 0.286364603
29 19.343734741 -0.000030518 -0.000045776 0.040519493 -0.033104095 -0.175138813
30 19.343750000 -0.000015259 -0.000012398 0.338845053 0.676473201 0.949659955
31 19.343750000 -0.000015259 0.000002861 0.093342565 -0.103909232 0.054682139
32 -0.019638062 -12.396471024 -3.323648453 2.008620014 0.143381469 -0.543463158
33 11.042053223 0.000005722 -0.000015259 -0.280019281 -0.016154575 0.312987514
34 19.073436737 -0.000005722 -0.000038147 0.049978319 -0.041962741 -0.252595356
35 19.073341370 -0.000015259 -0.000011444 0.324639956 0.549201164 1.140417379
36 19.073867798 -0.000007629 0.000007629 -0.027780791 -0.121876130 0.149460383
37 0.143417358 -12.177965164 2.328493118 1.518810137 -0.161343062 -0.494035262
38 10.827308655 0.000007629 -0.000030518 -0.131549432 -0.109362908 0.202705545
39 18.731544495 0.000003815 0.000000000 0.045669940 -0.029473843 -0.314541996
40 18.731609344 -0.000022888 -0.000007629 0.250193318 0.412545499 1.278457415
41 18.732189178 -0.000022888 0.000003815 -0.175404907 -0.195814121 0.242546335
42 0.706604004 -9.159467697 6.887685776 0.979654380 -0.265100170 -0.190766461
43 10.843429565 -0.000005722 -0.000015259 -0.069004954 -0.288914202 0.137551559
44 18.864486694 0.000009537 -0.000022888 0.019340909 0.038340644 -0.290747238
45 18.864482880 -0.000022888 0.000007629 0.073952369 0.193501215 1.310515409
46 18.864944458 -0.000015259 -0.000007629 -0.285204721 -0.282617522 0.289021106
47 0.843048096 -2.753784180 9.486446381 0.706399089 -0.191889080 -0.034259716
48 10.832725525 0.000007629 0.000007629 -0.364999828 -0.321717952 0.221549338
49 19.399490356 0.000003815 -0.000045776 -0.010559888 0.142502286 -0.154943144
50 19.399677277 -0.000007629 -0.000015259 -0.183060190 -0.170416769 1.196307361
51 19.400068283 -0.000030518 -0.000015259 -0.179936730 -0.428399075 0.185958615
52 0.161682129 1.532159805 -10.638368607 -3.013842378 0.543413680 0.027915022
53 14.463706970 -0.000007629 -0.000015259 0.104403894 0.089976443 -0.015888168
54 20.708992004 -0.000017166 -0.000003815 -0.009012152 -0.041583354 -0.031672033
55 20.709014893 0.000009537 0.000019073 -0.107204142 0.685193374 -0.227109726
56 20.709590912 -0.000006676 -0.000007629 -0.064421769 -0.144651026 0.083224303
57 0.118804932 3.636004448 -10.383043289 -2.469501322 0.494057419 0.352816628
58 14.125000000 -0.000015259 -0.000015259 0.054307670 0.064149439 -0.027718143
59 20.265319824 0.000003815 -0.000015259 -0.027672324 -0.078207203 0.027173542
60 20.265342712 0.000013351 -0.000003815 -0.114571614 0.408699065 -0.389916724
61 20.265625000 0.000001907 0.000007629 -0.105205472 -0.089332292 0.085107503
62 0.430816650 8.824708939 -7.827398300 -2.307420255 0.452967450 0.452620192
63 12.544555664 0.000015259 -0.000015259 0.245184585 0.067840966 -0.182236525
64 19.343750000 -0.000017166 -0.000007629 -0.048400555 -0.107279024 0.119048631
65 19.343750000 0.000003815 -0.000015259 -0.057881799 0.092766548 -0.448807353
66 19.343750000 0.000011444 -0.000038147 -0.082675344 -0.079576628 0.044623398
67 -0.019577026 12.396468163 -3.323724747 -2.011439473 0.240529451 0.496970188
68 11.042060852 -0.000007629 0.000000000 0.285536427 -0.042143309 -0.210604091
69 19.073402405 -0.000001907 -0.000045776 -0.061447629 -0.085409733 0.207318940
70 19.073368073 0.000007629 -0.000030518 0.000910083 -0.195959460 -0.383802998
71 19.073940277 0.000005722 -0.000030518 0.024702754 -0.107571286 -0.047670449
72 0.143478394 12.177964211 2.328407288 -1.513386731 -0.054237607 0.499916606
73 10.827339172 -0.000015259 0.000007629 0.124171125 -0.120014946 -0.095783260
74 18.731567383 0.000010490 -0.000007629 -0.057321753 -0.016760378 0.261495498
75 18.731578827 -0.000010014 -0.000068665 0.018451009 -0.476714653 -0.215941218
76 18.732147217 0.000002861 0.000030518 0.151081217 -0.198904426 -0.136094813
77 0.706604004 9.159472466 6.887771606 -0.986945522 -0.175781400 0.251635302
78 10.843391418 0.000004768 0.000003815 0.038460992 -0.293620479 -0.024626197
79 18.864517212 -0.000007629 -0.000038147 -0.040300284 0.089345619 0.234067528
80 18.864459991 -0.000005722 -0.000007629 -0.094105263 -0.707322622 0.160378115
81 18.865047455 -0.000015259 -0.000038147 0.240280501 -0.303775304 -0.175747099
82 0.842971802 2.753786087 9.486438751 -0.713310361 -0.121941749 0.116538659
83 10.832771301 -0.000001907 0.000015259 0.329574558 -0.358807636 -0.112837668
84 19.399612427 0.000003815 -0.000038147 -0.028653315 0.182989683 0.102919291
85 19.399597168 -0.000022888 -0.000015259 -0.307347797 -0.668947840 0.724502703
86 19.400173187 -0.000011444 -0.000015259 0.109390654 -0.442391300 -0.056873665
87 23.268264771 -2.187709808 -3.705850601 -1.456154893 0.000364046 -1.570479669
88 11.648437500 -0.000030518 0.000030518 -0.370477782 0.060762043 -1.107741014
89 19.962635040 1.182556152 -0.494796753 2.827724317 1.210077460 -0.137379431
90 25.357295990 1.346595764 -0.632659912 1.279019888 0.861721298 -1.876370782
91 10.585937500 0.000007629 -0.000022888 -0.623342345 0.227380332 0.017522868
92 29.775835037 0.000000000 -0.000091553 0.281887483 0.545794085 -0.952851578
93 22.736808777 -0.004570007 -0.007400513 -0.403634162 -0.194474916 -2.864551704
94 0.073730469 -0.706542969 -0.275878906 -0.287617568 0.312887263 1.673088419
95 13.120170593 0.000022888 0.000022888 -1.116683989 -0.032612919 -0.574835139
96 12.350074768 -0.000015259 -0.000015259 -0.836853512 0.861536682 -0.144740290
97 15.541244507 -0.000045776 -0.000007629 -0.044673530 0.420427664 0.500318657
98 14.906250000 -0.000015259 0.000003815 -0.183014792 -0.039810212 0.334256808
99 14.182762146 -0.000030518 -0.000015259 -0.283436883 0.565158333 0.005035658
100 6.140625000 -0.523925781 -0.378906250 1.094940425 0.280463667 1.632764125
101 11.348442078 0.000007629 -0.000038147 -2.652782142 -0.525075438 -0.032881861
102 12.005210876 -0.000015259 -0.000030518 -0.325279899 0.876267532 0.032987888
103 15.865591049 -0.000022888 0.000007629 -0.189403242 0.611297465 0.414816249
104 14.851562500 -0.000015259 0.000007629 -0.602971193 0.548619168 -0.005326657
105 12.538974762 -0.414978027 -0.272300720 1.185802817 0.273885428 1.597093751
106 10.619346619 0.000000000 0.000007629 3.057519670 -0.492717340 0.011443718
107 12.043018341 -0.000015259 0.000030518 0.253015954 0.816130120 0.545096673
108 15.310400009 -0.000015259 -0.000015259 -0.421142219 0.518417852 -0.022033187
109 19.857913971 0.000007629 0.000000000 1.182911210 0.312975971 1.647248953
110 10.617187500 0.000015259 0.000022888 -0.371698819 -0.568387817 -0.012953644
111 11.091686249 0.000007629 -0.000030518 -2.957031938 -0.407219133 -0.279420241
112 25.612260818 0.000007629 -0.000152588 -0.952077214 -0.199340542 0.082461341
113 0.732421875 0.378173828 -0.043365479 -0.298448110 -0.042506783 0.541930270
114 9.421440125 0.000015259 -0.000022888 0.376985193 0.989139988 -0.158374132
115 3.208984375 -0.000007629 -0.000007629 -0.000900778 0.927088290 0.001093729
116 2.421096802 0.000022888 0.000019073 -0.050443158 0.688441461 -0.044503315
117 0.783203125 0.134643555 -0.023910522 -0.156336213 -0.123510422 0.279151765
118 9.940933228 -0.000007629 -0.000007629 0.161817679 0.963323119 -0.082617437
119 3.403709412 -0.000007629 -0.000015259 -0.009001117 0.689879404 -0.004885124
120 2.546600342 0.000007629 0.000000000 -0.042829088 0.678048449 -0.013732072
121 0.805175781 0.000000000 0.000000000 -0.007963538 -0.147251916 0.014089588
122 9.898437500 0.000000000 0.000038147 -0.011887432 0.857189831 0.004722858
123 3.537029266 0.000000000 -0.000030518 0.015666009 0.561720338 0.009460674
124 2.507812500 -0.000007629 0.000007629 0.001414853 0.592390064 0.014690864
125 0.821777344 -0.246826172 -0.028747559 0.155124828 -0.087466036 -0.272238366
126 9.687484741 -0.000026703 0.000015259 -0.214202260 0.792087249 0.164834178
127 3.679679871 0.000000000 0.000015259 -0.003198186 0.592472491 -0.001607877
128 2.700599670 0.000000000 -0.000015259 0.031346709 0.636686851 0.032782188
129 0.519042969 -0.395996094 -0.161987305 0.477878787 0.316754060 -0.763355711
130 6.753906250 -0.000005722 -0.000045776 -0.536221635 0.681769393 0.000560917
131 4.462627411 -0.000034332 0.000000000 -0.078001298 0.008849486 0.122395973
132 22.736743927 0.004549980 -0.007263184 0.500387511 0.041232176 -2.720233645
133 0.073730469 0.706542969 -0.276367188 2.713809481 0.972395993 0.927875730
134 13.119304657 0.000015259 -0.000015259 0.691382129 -0.012677093 0.427139988
135 12.350997925 0.000015259 -0.000015259 0.467723627 0.559358705 0.477491227
136 15.540859222 0.000000000 0.000030518 -0.006011344 1.078263775 0.439781582
137 14.906250000 -0.000011444 -0.000015259 -0.089737798 0.571723288 0.447648310
138 14.182880402 -0.000003815 0.000030518 -0.274132588 -0.094157496 0.031576673
139 6.140625000 0.523925781 -0.378662109 0.978659851 1.012812513 0.838676883
140 11.348976135 0.000007629 0.000015259 2.105878912 -0.426014626 -0.022608224
141 12.004642487 0.000000000 -0.000030518 -0.015058803 0.453887508 0.695751693
142 15.865940094 -0.000001907 -0.000015259 0.201103946 0.517314013 1.127064878
143 14.851562500 -0.000002861 0.000000000 0.030739401 -0.107648079 -0.069620685
144 12.539043427 0.414962769 -0.272758484 0.686280574 0.973195109 0.776041072
145 10.619075775 -0.000001907 -0.000030518 2.684001033 -0.385660818 -0.141203693
146 12.043624878 -0.000003815 -0.000015259 -0.286932192 0.683547282 0.568998759
147 15.309879303 0.000001907 0.000015259 -0.195071459 -0.129894834 -0.008566016
148 19.857963562 -0.000022888 0.000038147 0.659468316 0.970994402 0.702914709
149 10.618190765 0.000000000 0.000000000 0.026749929 -0.471882296 0.069763392
150 11.091796875 0.000007629 -0.000015259 1.532775739 0.386739122 -1.377565799
151 0.732421875 -0.378417969 -0.043029785 0.298829922 -0.043211786 -0.541974052
152 9.421363831 -0.000030518 0.000007629 -0.470241755 1.108872100 0.050969701
153 3.208984375 0.000015259 0.000000000 0.000857873 1.057455893 -0.001098300
154 2.421054840 0.000000000 -0.000034332 0.043174526 0.819359608 0.045011662
155 0.783203125 -0.134643555 -0.023712158 0.156625597 -0.124254089 -0.279237635
156 9.941059113 0.000000000 -0.000030518 -0.258870176 1.208138449 -0.026394740
157 3.403701782 0.000000000 0.000030518 -0.009093961 0.939657871 -0.001132441
158 2.546592712 0.000000000 -0.000034332 0.050622334 0.928087349 0.026112669
159 0.805175781 0.000000000 0.000000000 0.007970885 -0.148203970 -0.014094421
160 9.898437500 -0.000015259 0.000015259 0.008520768 1.208195160 -0.016983373
161 3.537109375 -0.000030518 0.000015259 -0.000193491 0.912542382 0.000193491
162 2.507812500 -0.000030518 0.000007629 0.000320821 0.943623568 -0.000320821
163 0.821777344 0.246826172 -0.027450562 -0.155297577 -0.088051341 0.272296809
164 9.687324524 0.000015259 -0.000053406 0.342851519 1.121789534 -0.008737843
165 3.679656982 0.000000000 0.000030518 -0.002974323 0.934332562 -0.000146806
166 2.700630188 0.000000000 -0.000015259 -0.032371169 0.978263485 -0.042071145
167 0.519531250 0.395996094 -0.161743164 -0.478495596 0.316187846 0.763124936
168 6.753906250 -0.000007629 -0.000030518 0.300769486 0.115172368 -0.360966190
169 4.462749481 0.000000000 0.000030518 0.078557963 0.005930337 -0.087042230
170 86.264892578 0.000053406 0.000061035 0.342108464 0.595384860 -0.612023457
171 2.875000000 0.000007629 -0.000030518 -0.151854865 -0.037245014 -0.658419606
172 8.134368896 0.000000000 0.000000000 0.053084898 -0.280026860 -0.447190835
173 8.134399414 0.000000000 0.000000000 -0.081255011 -0.190310597 -0.453118332
174 8.134391785 0.000000000 0.000000000 -0.223057720 -0.382421981 -0.789452208
175 8.134384155 0.000000000 0.000000000 -0.233579483 -0.104244387 -1.401418985
176 8.134384155 -0.000030518 -0.000045776 -0.163398886 0.156535091 -0.374539527
177 8.134384155 -0.000045776 -0.000030518 -0.061849254 0.065884606 0.180875934
178 8.134399414 0.000000000 0.000000000 -0.060318468 -0.000369054 0.220145042
179 8.132812500 -0.000015259 -0.000030518 -0.068334582 0.178608529 0.127167520
180 86.264892578 0.000053406 0.000061035 -1.567393312 0.116199444 -1.376884596
181 2.875000000 0.000015259 0.000000000 -0.022821095 0.286495827 0.119672396
182 8.134414673 0.000000000 0.000000000 -0.101733992 0.023453948 -0.014677995
183 8.134384155 0.000000000 0.000000000 -0.125204977 0.354992300 -0.114423273
184 8.134429932 0.000000000 -0.000038147 -0.717551586 0.901950280 -1.125245780
185 8.134384155 -0.000015259 -0.000011444 -1.187296266 0.954586429 -1.495772172
186 8.134384155 0.000015259 0.000026703 -0.231522078 0.200978716 0.029045230
187 8.134368896 0.000000000 -0.000015259 -0.276781745 -0.285838788 0.212656688
188 8.134399414 0.000000000 0.000015259 -0.224023071 -0.217250905 0.093655266
189 8.132812500 0.000000000 0.000015259 -0.260945607 0.229749111 -0.175072315
190 25.357345581 -1.346612930 -0.631881714 1.844028157 0.836813488 -1.460564424
191 10.586948395 0.000007629 -0.000045776 0.713888152 -0.490029137 -0.564705022
192 19.962787628 -1.182558060 -0.493774414 -2.827724317 1.210077460 0.137379431
193 26.542861938 -0.000034332 5.258386612 -0.000098679 -0.575889304 -3.141563427
194 5.210937500 0.000003815 0.000015259 0.025059558 0.252327043 0.307600102
195 11.580818176 0.000015259 -0.000030518 0.000000000 0.373150501 0.000000000
196 30.590713501 -0.110137939 0.305744171 0.588113592 0.156296954 -0.130798956
197 7.470626831 0.014289856 0.148300171 -0.079614618 0.324172452 -0.012850278
198 9.858001709 6.173873901 -12.156160355 2.343721255 0.103353816 3.040407058
199 9.858215332 -6.068092346 -12.208475113 -2.352349825 0.104146931 -3.041265021
200 20.049377441 0.061241150 -14.093141556 3.134587295 0.926499159 3.136067236
201 5.580184937 -0.000015259 0.000030518 -0.255587401 0.706103647 -0.375984682
202 6.841278076 -0.000007629 -0.000038147 -0.586096898 0.936000161 -1.150690754
203 6.916412354 -0.000009537 0.000007629 -0.284057675 0.169796178 -0.000010178
204 24.600067139 -1.878257751 -11.667314529 -2.002800253 -0.732025296 -0.963281651
205 24.600067139 -1.878257751 -11.667314529 -1.536345236 -0.230748013 -1.702389711
206 24.600067139 -1.878257751 -11.667314529 -1.665549243 0.097947933 -2.370679697
207 24.599960327 1.980178833 -11.650854111 2.009399481 -0.739004495 0.958897021
208 24.599960327 1.980178833 -11.650854111 1.535182712 -0.239155086 1.702686470
209 24.599960327 1.980178833 -11.650854111 1.659403831 0.091981346 2.370144970
210 7.570648193 3.876312256 6.930494308 -2.049238070 1.047095500 -0.535595520
211 7.418060303 -3.974502563 7.604156494 1.014907748 -1.024031318 -2.618339091
212 -86.807075500 0.000003206 0.000005000 0.000000000 0.000000000 0.000244115
213 0.000000000 -0.000000000 0.000000000 0.000000000 0.000000000 0.000244115
214 0.000000000 -0.000000000 0.000000000 0.000000000 0.000000000 0.000244115
215 0.000000000 -0.000000000 0.000000000 0.000000000 0.000000000 0.000244115
216 0.000000000 -0.000000000 0.000000000 0.000000000 0.000000000 0.000244115
217 0.000000000 -0.000000000 0.000000000 0.000000000 0.000000000 0.000244115
218 0.000000000 -0.000000000 0.000000000 0.000000000 0.000000000 0.000244115
219 0.000000000 -0.000000000 0.000000000 0.000000000 0.000000000 0.000244115
220 0.000000000 -0.000000000 0.000000000 0.000000000 0.000000000 0.000244115
221 0.000000000 -0.000000000 0.000000000 0.000000000 0.000000000 0.000244115
222 0.000000000 -0.000000000 0.000000000 0.000000000 0.000000000 0.000244115
223 0.000000000 -0.000000000 0.000000000 0.000000000 0.000000000 0.000244115
time 5
0 -11.557923317 -1.741319418 0.000005000 2.999336602 -1.427185810 1.604871886
1 88.476783752 -0.000055313 -0.000013590 3.141592654 0.000000000 3.141592654
2 -43.495719910 -0.000049591 4.662870407 0.136864926 0.050676341 -3.138637864
3 9.507705688 0.000003815 -0.000020981 -0.632766055 -0.255074705 -0.146229050
4 23.267868042 2.189132690 -3.705406189 1.456154893 -0.000364046 1.571112984
5 11.648437500 0.000000954 0.000061035 -0.162002012 0.098747515 0.401039478
6 29.776115417 -0.000017166 -0.000152588 0.030116701 0.040651680 -0.005000113
7 25.612224579 -0.000019073 0.000091553 2.243833696 0.545168042 -0.495728884
8 8.674346924 -1.907180786 -2.936538696 -0.551336544 -0.109697996 1.608018152
9 0.000000000 -0.000000000 0.000000000 0.000000000 0.000000000 0.000244115
10 -43.495719910 -0.000049591 4.662870407 0.000000000 0.000000000 0.000000000
11 21.580337524 10.273413658 -4.495086670 0.001930523 -0.106828755 0.208595905
12 45.674194336 -0.000015259 0.000013351 -3.140099781 0.255414400 0.000104668
13 55.039112091 0.000005722 -0.000008106 -3.094775785 1.198631856 0.043276750
14 21.580284119 -10.273576736 -4.495073318 0.133662920 0.024882619 -0.075526415
15 45.674217224 0.000030518 -0.000011444 -3.141297078 0.808441039 0.000032558
16 55.039123535 -0.000038147 -0.000038147 3.102597511 1.141037797 -0.034871996
17 0.161666870 -1.532186508 -10.638456345 2.956990494 0.526752650 -0.151013429
18 14.463714600 -0.000007629 0.000000000 -0.081047097 0.098843631 0.122873034
19 20.708938599 -0.000022888 -0.000038147 0.024194094 -0.203052544 -0.110285246
20 20.709037781 -0.000005722 0.000030518 0.044825021 0.679706724 0.164887431
21 20.709545135 -0.000009537 0.000030518 0.082831653 -0.154984765 0.012887985
22 0.118850708 -3.636028290 -10.382867813 2.434484465 0.425713324 -0.445235796
23 14.125000000 -0.000020981 -0.000015259 -0.035357820 0.066164596 0.134633092
24 20.265319824 -0.000019073 0.000000000 0.055922070 -0.199363803 -0.242539589
25 20.265319824 0.000000000 0.000015259 0.152294720 0.641381269 0.470295175
26 20.265625000 -0.000022888 -0.000003815 0.123441198 -0.110923635 0.012539870
27 0.430816650 -8.824714661 -7.827322006 2.282323870 0.372581612 -0.530156543
28 12.544494629 0.000007629 -0.000015259 -0.226312762 0.088937254 0.286364603
29 19.343734741 -0.000030518 -0.000045776 0.085564343 -0.186558616 -0.395348382
30 19.343750000 -0.000015259 -0.000012398 0.196271936 0.551390825 0.688160520
31 19.343750000 -0.000015259 0.000002861 0.093342565 -0.103909232 0.054682139
32 -0.019638062 -12.396471024 -3.323648453 2.008620014 0.143381469 -0.543463158
33 11.042053223 0.000005722 -0.000015259 -0.280019281 -0.016154575 0.312987514
34 19.073436737 -0.000005722 -0.000038147 0.101079420 -0.159930933 -0.525136918
35 19.073341370 -0.000015259 -0.000011444 0.203543124 0.465568159 0.876004783
36 19.073867798 -0.000007629 0.000007629 -0.027780791 -0.121876130 0.149460383
37 0.143417358 -12.177965164 2.328493118 1.518810137 -0.161343062 -0.494035262
38 10.827308655 0.000007629 -0.000030518 -0.131549432 -0.109362908 0.202705545
39 18.731544495 0.000003815 0.000000000 0.093515311 -0.110404411 -0.629362238
40 18.731609344 -0.000022888 -0.000007629 0.177129296 0.365186683 1.092062624
41 18.732189178 -0.000022888 0.000003815 -0.175404907 -0.195814121 0.242546335
42 0.706604004 -9.159467697 6.887685776 0.979654380 -0.265100170 -0.190766461
43 10.843429565 -0.000005722 -0.000015259 -0.069004954 -0.288914202 0.137551559
44 18.864486694 0.000009537 -0.000022888 0.036083487 0.019872794 -0.635812578
45 18.864482880 -0.000022888 0.000007629 0.042020488 0.156353704 1.285559169
46 18.864944458 -0.000015259 -0.000007629 -0.285204721 -0.282617522 0.289021106
47 0.843048096 -2.753784180 9.486446381 0.706399089 -0.191889080 -0.034259716
48 10.832725525 0.000007629 0.000007629 -0.364999828 -0.321717952 0.221549338
49 19.399490356 0.000003815 -0.000045776 -0.047635568 0.250020614 -0.474064828
50 19.399677277 -0.000007629 -0.000015259 -0.244657690 -0.223665901 1.301356032
51 19.400068283 -0.000030518 -0.000015259 -0.179936730 -0.428399075 0.185958615
52 0.161682129 1.532159805 -10.638368607 -3.013842378 0.543413680 0.027915022
53 14.463706970 -0.000007629 -0.000015259 0.104403894 0.089976443 -0.015888168
54 20.708992004 -0.000017166 -0.000003815 -0.008382239 -0.195337997 0.012963695
55 20.709014893 0.000009537 0.000019073 -0.076248332 0.573100028 -0.180762656
56 20.709590912 -0.000006676 -0.000007629 -0.064421769 -0.144651026 0.083224303
57 0.118804932 3.636004448 -10.383043289 -2.469501322 0.494057419 0.352816628
58 14.125000000 -0.000015259 -0.000015259 0.054307670 0.064149439 -0.027718143
59 20.265319824 0.000003815 -0.000015259 -0.036297127 -0.165912169 0.118124865
60 20.265342712 0.000013351 -0.000003815 -0.094182089 0.353379643 -0.344289929
61 20.265625000 0.000001907 0.000007629 -0.105205472 -0.089332292 0.085107503
62 0.430816650 8.824708939 -7.827398300 -2.307420255 0.452967450 0.452620192
63 12.544555664 0.000015259 -0.000015259 0.245184585 0.067840966 -0.182236525
64 19.343750000 -0.000017166 -0.000007629 -0.059585947 -0.132700690 0.236163722
65 19.343750000 0.000003815 -0.000015259 -0.056568006 0.086656707 -0.430971419
66 19.343750000 0.000011444 -0.000038147 -0.082675344 -0.079576628 0.044623398
67 -0.019577026 12.396468163 -3.323724747 -2.011439473 0.240529451 0.496970188
68 11.042060852 -0.000007629 0.000000000 0.285536427 -0.042143309 -0.210604091
69 19.073402405 -0.000001907 -0.000045776 -0.064914506 -0.051810083 0.332599978
70 19.073368073 0.000007629 -0.000030518 0.003446588 -0.190310187 -0.421813426
71 19.073940277 0.000005722 -0.000030518 0.024702754 -0.107571286 -0.047670449
72 0.143478394 12.177964211 2.328407288 -1.513386731 -0.054237607 0.499916606
73 10.827339172 -0.000015259 0.000007629 0.124171125 -0.120014946 -0.095783260
74 18.731567383 0.000010490 -0.000007629 -0.043647348 0.087496485 0.381369881
75 18.731578827 -0.000010014 -0.000068665 0.053205563 -0.522403104 -0.313953788
76 18.732147217 0.000002861 0.000030518 0.151081217 -0.198904426 -0.136094813
77 0.706604004 9.159472466 6.887771606 -0.986945522 -0.175781400 0.251635302
78 10.843391418 0.000004768 0.000003815 0.038460992 -0.293620479 -0.024626197
79 18.864517212 -0.000007629 -0.000038147 -0.013691914 0.283704736 0.295161662
80 18.864459991 -0.000005722 -0.000007629 -0.078919741 -0.854368208 0.106749081
81 18.865047455 -0.000015259 -0.000038147 0.240280501 -0.303775304 -0.175747099
82 0.842971802 2.753786087 9.486438751 -0.713310361 -0.121941749 0.116538659
83 10.832771301 -0.000001907 0.000015259 0.329574558 -0.358807636 -0.112837668
84 19.399612427 0.000003815 -0.000038147 -0.037618282 0.422983913 0.004902348
85 19.399597168 -0.000022888 -0.000015259 -0.428811500 -0.800350391 0.860454394
86 19.400173187 -0.000011444 -0.000015259 0.109390654 -0.442391300 -0.056873665
87 23.268264771 -2.187709808 -3.705850601 -1.456154893 0.000364046 -1.570479669
88 11.648437500 -0.000030518 0.000030518 -0.301528101 0.108618582 -0.997368937
89 19.962635040 1.182556152 -0.494796753 2.827724317 1.210077460 -0.137379431
90 25.357295990 1.346595764 -0.632659912 1.130881012 0.776178494 -2.028318997
91 10.585937500 0.000007629 -0.000022888 -0.623342345 0.227380332 0.017522868
92 29.775835037 0.000000000 -0.000091553 0.184497915 0.376628229 -0.878226570
93 22.736808777 -0.004570007 -0.007400513 -0.403634162 -0.194474916 -2.864551704
94 0.073730469 -0.706542969 -0.275878906 -0.482386698 0.379582021 1.500570781
95 13.120170593 0.000022888 0.000022888 -1.114373017 -0.046519158 -0.393836279
96 12.350074768 -0.000015259 -0.000015259 -0.771783340 0.537904882 0.016401533
97 15.541244507 -0.000045776 -0.000007629 -0.006292981 0.478400908 0.593505462
98 14.906250000 -0.000015259 0.000003815 -0.043576389 0.251145713 0.649223166
99 14.182762146 -0.000030518 -0.000015259 -0.283436883 0.565158333 0.005035658
100 6.140625000 -0.523925781 -0.378906250 0.899643644 0.355328660 1.451667701
101 11.348442078 0.000007629 -0.000038147 -2.665550098 -0.357571447 0.017555854
102 12.005210876 -0.000015259 -0.000030518 -0.336128041 0.544182362 0.105927575
103 15.865591049 -0.000022888 0.000007629 -0.115162868 0.677240791 0.535259001
104 14.851562500 -0.000015259 0.000007629 -0.602971193 0.548619168 -0.005326657
105 12.538974762 -0.414978027 -0.272300720 0.993908237 0.347277718 1.409032903
106 10.619346619 0.000000000 0.000007629 3.045983536 -0.307805988 0.061806041
107 12.043018341 -0.000015259 0.000030518 0.078791555 0.520174815 0.383176980
108 15.310400009 -0.000015259 -0.000015259 -0.421142219 0.518417852 -0.022033187
109 19.857913971 0.000007629 0.000000000 0.962890942 0.373638639 1.433250943
110 10.617187500 0.000015259 0.000022888 -0.391709994 -0.343618227 0.041063770
111 11.091686249 0.000007629 -0.000030518 -2.957031938 -0.407219133 -0.279420241
112 25.612260818 0.000007629 -0.000152588 -0.952077214 -0.199340542 0.082461341
113 0.732421875 0.378173828 -0.043365479 -0.298448110 -0.042506783 0.541930270
114 9.421440125 0.000015259 -0.000022888 0.376985193 0.989139988 -0.158374132
115 3.208984375 -0.000007629 -0.000007629 -0.000900778 0.927088290 0.001093729
116 2.421096802 0.000022888 0.000019073 -0.050443158 0.688441461 -0.044503315
117 0.783203125 0.134643555 -0.023910522 -0.156336213 -0.123510422 0.279151765
118 9.940933228 -0.000007629 -0.000007629 0.161817679 0.963323119 -0.082617437
119 3.403709412 -0.000007629 -0.000015259 -0.009001117 0.689879404 -0.004885124
120 2.546600342 0.000007629 0.000000000 -0.042829088 0.678048449 -0.013732072
121 0.805175781 0.000000000 0.000000000 -0.007963538 -0.147251916 0.014089588
122 9.898437500 0.000000000 0.000038147 -0.011887432 0.857189831 0.004722858
123 3.537029266 0.000000000 -0.000030518 0.015666009 0.561720338 0.009460674
124 2.507812500 -0.000007629 0.000007629 0.001414853 0.592390064 0.014690864
125 0.821777344 -0.246826172 -0.028747559 0.155124828 -0.087466036 -0.272238366
126 9.687484741 -0.000026703 0.000015259 -0.214202260 0.792087249 0.164834178
127 3.679679871 0.000000000 0.000015259 -0.003198186 0.592472491 -0.001607877
128 2.700599670 0.000000000 -0.000015259 0.031346709 0.636686851 0.032782188
129 0.519042969 -0.395996094 -0.161987305 0.477878787 0.316754060 -0.763355711
130 6.753906250 -0.000005722 -0.000045776 -0.536221635 0.681769393 0.000560917
131 4.462627411 -0.000034332 0.000000000 -0.078001298 0.008849486 0.122395973
132 22.736743927 0.004549980 -0.007263184 0.479545084 0.049026726 -2.779934159
133 0.073730469 0.706542969 -0.276367188 2.704441381 0.970245212 0.918878896
134 13.119304657 0.000015259 -0.000015259 0.710092622 -0.019335759 0.288505524
135 12.350997925 0.000015259 -0.000015259 0.371979274 0.283009933 0.239396936
136 15.540859222 0.000000000 0.000030518 -0.226879571 0.604063791 0.083875602
137 14.906250000 -0.000011444 -0.000015259 -0.000714606 0.977054732 0.435614372
138 14.182880402 -0.000003815 0.000030518 -0.262731183 -0.080609958 0.028693872
139 6.140625000 0.523925781 -0.378662109 0.970046587 1.002348154 0.831126074
140 11.348976135 0.000007629 0.000015259 2.119086288 -0.274892264 -0.011165438
141 12.004642487 0.000000000 -0.000030518 -0.117987241 0.226497773 0.345101435
142 15.865940094 -0.000001907 -0.000015259 0.021518316 0.455732255 0.576485463
143 14.851562500 -0.000002861 0.000000000 0.040365284 -0.093443040 -0.071736068
144 12.539043427 0.414962769 -0.272758484 0.677494692 0.967005659 0.768429102
145 10.619075775 -0.000001907 -0.000030518 2.687175998 -0.233558906 -0.086770444
146 12.043624878 -0.000003815 -0.000015259 -0.436187154 0.368327134 0.269828518
147 15.309879303 0.000001907 0.000015259 -0.186191634 -0.115573142 -0.011514781
148 19.857963562 -0.000022888 0.000038147 0.668359889 0.964101281 0.713324167
149 10.618190765 0.000000000 0.000000000 0.010009796 -0.308767971 0.067642628
150 11.091796875 0.000007629 -0.000015259 1.563467372 0.369987520 -1.332660935
151 0.732421875 -0.378417969 -0.043029785 0.298829922 -0.043211786 -0.541974052
152 9.421363831 -0.000030518 0.000007629 -0.470241755 1.108872100 0.050969701
153 3.208984375 0.000015259 0.000000000 0.000857873 1.057455893 -0.001098300
154 2.421054840 0.000000000 -0.000034332 0.043174526 0.819359608 0.045011662
155 0.783203125 -0.134643555 -0.023712158 0.156625597 -0.124254089 -0.279237635
156 9.941059113 0.000000000 -0.000030518 -0.258870176 1.208138449 -0.026394740
157 3.403701782 0.000000000 0.000030518 -0.009093961 0.939657871 -0.001132441
158 2.546592712 0.000000000 -0.000034332 0.050622334 0.928087349 0.026112669
159 0.805175781 0.000000000 0.000000000 0.007970885 -0.148203970 -0.014094421
160 9.898437500 -0.000015259 0.000015259 0.008520768 1.208195160 -0.016983373
161 3.537109375 -0.000030518 0.000015259 -0.000193491 0.912542382 0.000193491
162 2.507812500 -0.000030518 0.000007629 0.000320821 0.943623568 -0.000320821
163 0.821777344 0.246826172 -0.027450562 -0.155297577 -0.088051341 0.272296809
164 9.687324524 0.000015259 -0.000053406 0.342851519 1.121789534 -0.008737843
165 3.679656982 0.000000000 0.000030518 -0.002974323 0.934332562 -0.000146806
166 2.700630188 0.000000000 -0.000015259 -0.032371169 0.978263485 -0.042071145
167 0.519531250 0.395996094 -0.161743164 -0.478495596 0.316187846 0.763124936
168 6.753906250 -0.000007629 -0.000030518 0.300769486 0.115172368 -0.360966190
169 4.462749481 0.000000000 0.000030518 0.078557963 0.005930337 -0.087042230
170 86.264892578 0.000053406 0.000061035 1.495655134 -0.085206951 -0.372217096
171 2.875000000 0.000007629 -0.000030518 0.066888182 -0.335795943 -0.102822720
172 8.134368896 0.000000000 0.000000000 -0.273145840 -0.500239137 0.000164904
173 8.134399414 0.000000000 0.000000000 -0.259680804 -0.242396883 0.002166691
174 8.134391785 0.000000000 0.000000000 -0.489789066 -0.249256565 0.086615471
175 8.134384155 0.000000000 0.000000000 0.688250044 -0.296247286 0.086189657
176 8.134384155 -0.000030518 -0.000045776 0.069445210 -0.371495256 1.120969272
177 8.134384155 -0.000045776 -0.000030518 0.469972615 -0.151140470 1.374999924
178 8.134399414 0.000000000 0.000000000 0.148888792 -0.069204288 0.248236217
179 8.132812500 -0.000015259 -0.000030518 -0.068334582 0.178608529 0.127167520
180 86.264892578 0.000053406 0.000061035 -1.620217833 -0.109543526 -1.223274063
181 2.875000000 0.000015259 0.000000000 -0.054299217 0.187699988 0.050662355
182 8.134414673 0.000000000 0.000000000 -0.086512347 -0.120883291 -0.018478135
183 8.134384155 0.000000000 0.000000000 -0.099331785 0.104960862 -0.017597658
184 8.134429932 0.000000000 -0.000038147 -0.075320478 0.218078752 -0.181732181
185 8.134384155 -0.000015259 -0.000011444 -0.674213012 -0.012899287 -0.412657655
186 8.134384155 0.000015259 0.000026703 -0.849165101 0.284983585 -1.444270547
187 8.134368896 0.000000000 -0.000015259 -0.626107882 0.887044290 -0.620601236
188 8.134399414 0.000000000 0.000015259 -0.255089377 0.250702301 0.198143119
189 8.132812500 0.000000000 0.000015259 -0.260945607 0.229749111 -0.175072315
190 25.357345581 -1.346612930 -0.631881714 1.746671969 0.794484859 -1.565054737
191 10.586948395 0.000007629 -0.000045776 0.711522371 -0.470844943 -0.550049423
192 19.962787628 -1.182558060 -0.493774414 -2.827724317 1.210077460 0.137379431
193 26.542861938 -0.000034332 5.258386612 -0.000098679 -0.575889304 -3.141563427
194 5.210937500 0.000003815 0.000015259 -0.040819158 0.231690641 -0.010226408
195 11.580818176 0.000015259 -0.000030518 0.000000000 0.373150501 0.000000000
196 30.590713501 -0.110137939 0.305744171 0.475982250 0.145543225 -0.097047309
197 7.470626831 0.014289856 0.148300171 -0.115085112 0.324225177 -0.012885036
198 9.858001709 6.173873901 -12.156160355 2.343721255 0.103353816 3.040407058
199 9.858215332 -6.068092346 -12.208475113 -2.352349825 0.104146931 -3.041265021
200 20.049377441 0.061241150 -14.093141556 3.134587295 0.926499159 3.136067236
201 5.580184937 -0.000015259 0.000030518 -0.048043502 0.336361933 -0.073940445
202 6.841278076 -0.000007629 -0.000038147 -0.163906034 0.581634111 -0.621330056
203 6.916412354 -0.000009537 0.000007629 -0.284057675 0.169796178 -0.000010178
204 24.600067139 -1.878257751 -11.667314529 -2.002800253 -0.732025296 -0.963281651
205 24.600067139 -1.878257751 -11.667314529 -1.536345236 -0.230748013 -1.702389711
206 24.600067139 -1.878257751 -11.667314529 -1.665549243 0.097947933 -2.370679697
207 24.599960327 1.980178833 -11.650854111 2.009399481 -0.739004495 0.958897021
208 24.599960327 1.980178833 -11.650854111 1.535182712 -0.239155086 1.702686470
209 24.599960327 1.980178833 -11.650854111 1.659403831 0.091981346 2.370144970
210 7.570648193 3.876312256 6.930494308 -2.049238070 1.047095500 -0.535595520
211 7.418060303 -3.974502563 7.604156494 1.014907748 -1.024031318 -2.618339091
212 -86.807075500 0.000003206 0.000005000 0.000000000 0.000000000 0.000244115
213 0.000000000 -0.000000000 0.000000000 0.000000000 0.000000000 0.000244115
214 0.000000000 -0.000000000 0.000000000 0.000000000 0.000000000 0.000244115
215 0.000000000 -0.000000000 0.000000000 0.000000000 0.000000000 0.000244115
216 0.000000000 -0.000000000 0.000000000 0.000000000 0.000000000 0.000244115
217 0.000000000 -0.000000000 0.000000000 0.000000000 0.000000000 0.000244115
218 0.000000000 -0.000000000 0.000000000 0.000000000 0.000000000 0.000244115
219 0.000000000 -0.000000000 0.000000000 0.000000000 0.000000000 0.000244115
220 0.000000000 -0.000000000 0.000000000 0.000000000 0.000000000 0.000244115
221 0.000000000 -0.000000000 0.000000000 0.000000000 0.000000000 0.000244115
222 0.000000000 -0.000000000 0.000000000 0.000000000 0.000000000 0.000244115
223 0.000000000 -0.000000000 0.000000000 0.000000000 0.000000000 0.000244115
time 6
0 -9.893202782 -5.906410694 0.000005000 3.079116155 -1.466959232 1.613042585
1 88.476783752 -0.000055313 -0.000013590 3.141592654 0.000000000 3.141592654
2 -43.495719910 -0.000049591 4.662870407 0.184900739 0.054945522 -3.137624479
3 9.507705688 0.000003815 -0.000020981 -0.515622910 -0.244578311 -0.131125976
4 23.267868042 2.189132690 -3.705406189 1.456154893 -0.000364046 1.571112984
5 11.648437500 0.000000954 0.000061035 -0.224999127 0.048440988 0.539085339
6 29.776115417 -0.000017166 -0.000152588 0.040748050 0.053673811 -0.006851705
7 25.612224579 -0.000019073 0.000091553 2.372956256 0.531612447 -0.535152150
8 8.674346924 -1.907180786 -2.936538696 -0.551336544 -0.109697996 1.608018152
9 0.000000000 -0.000000000 0.000000000 0.000000000 0.000000000 0.000244115
10 -43.495719910 -0.000049591 4.662870407 0.000000000 0.000000000 0.000000000
11 21.580337524 10.273413658 -4.495086670 0.006758024 -0.128439789 0.179372269
12 45.674194336 -0.000015259 0.000013351 -3.140088754 0.295587609 0.000136632
13 55.039112091 0.000005722 -0.000008106 -3.091644593 1.218848600 0.046662450
14 21.580284119 -10.273576736 -4.495073318 0.173644881 0.070259232 -0.094492066
15 45.674217224 0.000030518 -0.000011444 -3.141297078 0.808441039 0.000032558
16 55.039123535 -0.000038147 -0.000038147 3.102597511 1.141037797 -0.034871996
17 0.161666870 -1.532186508 -10.638456345 2.956990494 0.526752650 -0.151013429
18 14.463714600 -0.000007629 0.000000000 -0.081047097 0.098843631 0.122873034
19 20.708938599 -0.000022888 -0.000038147 0.045627690 -0.328630113 -0.172549132
20 20.709037781 -0.000005722 0.000030518 0.017793247 0.464106772 0.093641628
21 20.709545135 -0.000009537 0.000030518 0.082831653 -0.154984765 0.012887985
22 0.118850708 -3.636028290 -10.382867813 2.434484515 0.425713324 -0.445235796
23 14.125000000 -0.000020981 -0.000015259 -0.035357820 0.066164596 0.134633092
24 20.265319824 -0.000019073 0.000000000 0.093908982 -0.304991629 -0.367190261
25 20.265319824 0.000000000 0.000015259 0.062562405 0.419204259 0.260890113
26 20.265625000 -0.000022888 -0.000003815 0.123441198 -0.110923635 0.012539870
27 0.430816650 -8.824714661 -7.827322006 2.282323870 0.372581612 -0.530156543
28 12.544494629 0.000007629 -0.000015259 -0.226312762 0.088937254 0.286364603
29 19.343734741 -0.000030518 -0.000045776 0.129207303 -0.257912824 -0.561176904
30 19.343750000 -0.000015259 -0.000012398 0.077468373 0.348080052 0.364220450
31 19.343750000 -0.000015259 0.000002861 0.093342565 -0.103909232 0.054682139
32 -0.019638062 -12.396471024 -3.323648453 2.008620014 0.143381469 -0.543463158
33 11.042053223 0.000005722 -0.000015259 -0.280019281 -0.016154575 0.312987514
34 19.073436737 -0.000005722 -0.000038147 0.141917805 -0.201755139 -0.716887148
35 19.073341370 -0.000015259 -0.000011444 0.078894196 0.296737309 0.473382421
36 19.073867798 -0.000007629 0.000007629 -0.027780791 -0.121876130 0.149460383
37 0.143417358 -12.177965164 2.328493118 1.518810137 -0.161343062 -0.494035262
38 10.827308655 0.000007629 -0.000030518 -0.131549432 -0.109362908 0.202705545
39 18.731544495 0.000003815 0.000000000 0.123508192 -0.124136309 -0.843426375
40 18.731609344 -0.000022888 -0.000007629 0.069206721 0.248703686 0.659197718
41 18.732189178 -0.000022888 0.000003815 -0.175404907 -0.195814121 0.242546335
42 0.706604004 -9.159467697 6.887685776 0.979654380 -0.265100170 -0.190766461
43 10.843429565 -0.000005722 -0.000015259 -0.069004954 -0.288914202 0.137551559
44 18.864486694 0.000009537 -0.000022888 0.032175933 0.046131282 -0.875411348
45 18.864482880 -0.000022888 0.000007629 0.002891479 0.101216870 0.979788693
46 18.864944458 -0.000015259 -0.000007629 -0.285204721 -0.282617522 0.289021106
47 0.843048096 -2.753784180 9.486446381 0.706399089 -0.191889080 -0.034259716
48 10.832725525 0.000007629 0.000007629 -0.364999828 -0.321717952 0.221549338
49 19.399490356 0.000003815 -0.000045776 -0.116744685 0.361486723 -0.719409900
50 19.399677277 -0.000007629 -0.000015259 -0.243437273 -0.260684009 1.189790520
51 19.400068283 -0.000030518 -0.000015259 -0.179936730 -0.428399075 0.185958615
52 0.161682129 1.532159805 -10.638368607 -3.013842378 0.543413680 0.027915022
53 14.463706970 -0.000007629 -0.000015259 0.104403894 0.089976443 -0.015888168
54 20.708992004 -0.000017166 -0.000003815 -0.008742370 -0.308953883 0.024162230
55 20.709014893 0.000009537 0.000019073 -0.044918940 0.411526868 -0.130370227
56 20.709590912 -0.000006676 -0.000007629 -0.064421769 -0.144651026 0.083224303
57 0.118804932 3.636004448 -10.383043289 -2.469501322 0.494057419 0.352816628
58 14.125000000 -0.000015259 -0.000015259 0.054307670 0.064149439 -0.027718143
59 20.265319824 0.000003815 -0.000015259 -0.046821265 -0.239906050 0.172288166
60 20.265342712 0.000013351 -0.000003815 -0.065923176 0.267682013 -0.264289643
61 20.265625000 0.000001907 0.000007629 -0.105205472 -0.089332292 0.085107503
62 0.430816650 8.824708939 -7.827398300 -2.307420255 0.452967450 0.452620192
63 12.544555664 0.000015259 -0.000015259 0.245184585 0.067840966 -0.182236525
64 19.343750000 -0.000017166 -0.000007629 -0.071684693 -0.165196048 0.320535111
65 19.343750000 0.000003815 -0.000015259 -0.051051158 0.071594044 -0.353559725
66 19.343750000 0.000011444 -0.000038147 -0.082675344 -0.079576628 0.044623398
67 -0.019577026 12.396468163 -3.323724747 -2.011439473 0.240529451 0.496970188
68 11.042060852 -0.000007629 0.000000000 0.285536427 -0.042143309 -0.210604091
69 19.073402405 -0.000001907 -0.000045776 -0.068037597 -0.040145071 0.438397871
70 19.073368073 0.000007629 -0.000030518 -0.007852130 -0.159986659 -0.384757717
71 19.073940277 0.000005722 -0.000030518 0.024702754 -0.107571286 -0.047670449
72 0.143478394 12.177964211 2.328407288 -1.513386731 -0.054237607 0.499916606
73 10.827339172 -0.000015259 0.000007629 0.124171125 -0.120014946 -0.095783260
74 18.731567383 0.000010490 -0.000007629 -0.024628246 0.159664639 0.505023879
75 18.731578827 -0.000010014 -0.000068665 0.054021517 -0.492519469 -0.338192471
76 18.732147217 0.000002861 0.000030518 0.151081217 -0.198904426 -0.136094813
77 0.706604004 9.159472466 6.887771606 -0.986945522 -0.175781400 0.251635302
78 10.843391418 0.000004768 0.000003815 0.038460992 -0.293620479 -0.024626197
79 18.864517212 -0.000007629 -0.000038147 0.028334161 0.447649064 0.395705452
80 18.864459991 -0.000005722 -0.000007629 -0.049976863 -0.879386768 0.044981615
81 18.865047455 -0.000015259 -0.000038147 0.240280501 -0.303775304 -0.175747099
82 0.842971802 2.753786087 9.486438751 -0.713310361 -0.121941749 0.116538659
83 10.832771301 -0.000001907 0.000015259 0.329574558 -0.358807636 -0.112837668
84 19.399612427 0.000003815 -0.000038147 -0.057944875 0.645847531 -0.047987718
85 19.399597168 -0.000022888 -0.000015259 -0.436435084 -0.834301748 0.842206518
86 19.400173187 -0.000011444 -0.000015259 0.109395722 -0.442479549 -0.056880201
87 23.268264771 -2.187709808 -3.705850601 -1.456154893 0.000364046 -1.570479669
88 11.648437500 -0.000030518 0.000030518 -0.226046674 0.160981459 -0.875839325
89 19.962635040 1.182556152 -0.494796753 2.827724317 1.210077460 -0.137379431
90 25.357295990 1.346595764 -0.632659912 0.938568161 0.754010801 -2.205884220
91 10.585937500 0.000007629 -0.000022888 -0.623342345 0.227380332 0.017522868
92 29.775835037 0.000000000 -0.000091553 0.077909710 0.191613456 -0.796667907
93 22.736808777 -0.004570007 -0.007400513 -0.403634162 -0.194474916 -2.864551704
94 0.073730469 -0.706542969 -0.275878906 -0.696196753 0.487938139 1.303197951
95 13.120170593 0.000022888 0.000022888 -1.104623169 -0.019418849 -0.359857760
96 12.350074768 -0.000015259 -0.000015259 -0.761880865 0.330969457 0.077601327
97 15.541244507 -0.000045776 -0.000007629 -0.126945951 0.262960775 0.419264367
98 14.906250000 -0.000015259 0.000003815 -0.007968040 0.271719712 0.709602358
99 14.182762146 -0.000030518 -0.000015259 -0.283436883 0.565158333 0.005035658
100 6.140625000 -0.523925781 -0.378906250 0.692356574 0.466089187 1.246541648
101 11.348442078 0.000007629 -0.000038147 -2.646966107 -0.322743758 -0.003008405
102 12.005210876 -0.000015259 -0.000030518 -0.356982593 0.324663049 0.121514697
103 15.865591049 -0.000022888 0.000007629 -0.248224762 0.423833335 0.410507787
104 14.851562500 -0.000015259 0.000007629 -0.602971193 0.548619168 -0.005326657
105 12.538974762 -0.414978027 -0.272300720 0.790211128 0.457755009 1.191485462
106 10.619346619 0.000000000 0.000007629 3.061173792 -0.270372332 0.049131484
107 12.043018341 -0.000015259 0.000030518 -0.008018304 0.303387484 0.273913926
108 15.310400009 -0.000015259 -0.000015259 -0.421142219 0.518417852 -0.022033187
109 19.857913971 0.000007629 0.000000000 0.727667947 0.485769551 1.180444596
110 10.617187500 0.000015259 0.000022888 -0.377109600 -0.293140888 0.034217238
111 11.091686249 0.000007629 -0.000030518 -2.957031938 -0.407219133 -0.279420241
112 25.612260818 0.000007629 -0.000152588 -0.952077214 -0.199340542 0.082461341
113 0.732421875 0.378173828 -0.043365479 -0.298448110 -0.042506783 0.541930270
114 9.421440125 0.000015259 -0.000022888 0.376985193 0.989139988 -0.158374132
115 3.208984375 -0.000007629 -0.000007629 -0.000900778 0.927088290 0.001093729
116 2.421096802 0.000022888 0.000019073 -0.050443158 0.688441461 -0.044503315
117 0.783203125 0.134643555 -0.023910522 -0.156336213 -0.123510422 0.279151765
118 9.940933228 -0.000007629 -0.000007629 0.161817679 0.963323119 -0.082617437
119 3.403709412 -0.000007629 -0.000015259 -0.009001117 0.689879404 -0.004885124
120 2.546600342 0.000007629 0.000000000 -0.042829088 0.678048449 -0.013732072
121 0.805175781 0.000000000 0.000000000 -0.007963538 -0.147251916 0.014089588
122 9.898437500 0.000000000 0.000038147 -0.011887432 0.857189831 0.004722858
123 3.537029266 0.000000000 -0.000030518 0.015666009 0.561720338 0.009460674
124 2.507812500 -0.000007629 0.000007629 0.001414853 0.592390064 0.014690864
125 0.821777344 -0.246826172 -0.028747559 0.155124828 -0.087466036 -0.272238366
126 9.687484741 -0.000026703 0.000015259 -0.214202260 0.792087249 0.164834178
127 3.679679871 0.000000000 0.000015259 -0.003198186 0.592472491 -0.001607877
128 2.700599670 0.000000000 -0.000015259 0.031346709 0.636686851 0.032782188
129 0.519042969 -0.395996094 -0.161987305 0.477878787 0.316754060 -0.763355711
130 6.753906250 -0.000005722 -0.000045776 -0.536221635 0.681769393 0.000560917
131 4.462627411 -0.000034332 0.000000000 -0.078001298 0.008849486 0.122395973
132 22.736743927 0.004549980 -0.007263184 0.456642815 0.057523621 -2.845190238
133 0.073730469 0.706542969 -0.276367188 2.630860861 0.958340692 0.842467048
134 13.119304657 0.000015259 -0.000015259 0.716413438 -0.019683582 0.250780057
135 12.350997925 0.000015259 -0.000015259 0.356748786 0.157667322 0.153133073
136 15.540859222 0.000000000 0.000030518 -0.249941408 0.279496874 0.077593159
137 14.906250000 -0.000011444 -0.000015259 -0.196213489 0.486535055 0.130430262
138 14.182880402 -0.000003815 0.000030518 -0.249424906 -0.064694731 0.025346693
139 6.140625000 0.523925781 -0.378662109 0.886951995 0.983142232 0.749742979
140 11.348976135 0.000007629 0.000015259 2.123804771 -0.234094960 -0.006238202
141 12.004642487 0.000000000 -0.000030518 -0.134639156 0.108702284 0.207423928
142 15.865940094 -0.000001907 -0.000015259 -0.105990688 0.200210277 0.279118897
143 14.851562500 -0.000002861 0.000000000 0.051684181 -0.076735434 -0.073978779
144 12.539043427 0.414962769 -0.272758484 0.602272956 0.945474951 0.692555617
145 10.619075775 -0.000001907 -0.000030518 2.690767737 -0.190237469 -0.069708362
146 12.043624878 -0.000003815 -0.000015259 -0.463060810 0.204511881 0.168439734
147 15.309879303 0.000001907 0.000015259 -0.175708087 -0.098756312 -0.014979346
148 19.857963562 -0.000022888 0.000038147 0.599324967 0.938151940 0.643898285
149 10.618190765 0.000000000 0.000000000 0.005579078 -0.259493849 0.067357330
150 11.091796875 0.000007629 -0.000015259 1.599522520 0.350316446 -1.279979129
151 0.732421875 -0.378417969 -0.043029785 0.298829922 -0.043211786 -0.541974052
152 9.421363831 -0.000030518 0.000007629 -0.470241755 1.108872100 0.050969701
153 3.208984375 0.000015259 0.000000000 0.000857873 1.057455893 -0.001098300
154 2.421054840 0.000000000 -0.000034332 0.043174526 0.819359608 0.045011662
155 0.783203125 -0.134643555 -0.023712158 0.156625597 -0.124254089 -0.279237635
156 9.941059113 0.000000000 -0.000030518 -0.258870176 1.208138449 -0.026394740
157 3.403701782 0.000000000 0.000030518 -0.009093961 0.939657871 -0.001132441
158 2.546592712 0.000000000 -0.000034332 0.050622334 0.928087349 0.026112669
159 0.805175781 0.000000000 0.000000000 0.007970885 -0.148203970 -0.014094421
160 9.898437500 -0.000015259 0.000015259 0.008520768 1.208195160 -0.016983373
161 3.537109375 -0.000030518 0.000015259 -0.000193491 0.912542382 0.000193491
162 2.507812500 -0.000030518 0.000007629 0.000320821 0.943623568 -0.000320821
163 0.821777344 0.246826172 -0.027450562 -0.155297577 -0.088051341 0.272296809
164 9.687324524 0.000015259 -0.000053406 0.342851519 1.121789534 -0.008737843
165 3.679656982 0.000000000 0.000030518 -0.002974323 0.934332562 -0.000146806
166 2.700630188 0.000000000 -0.000015259 -0.032371169 0.978263485 -0.042071145
167 0.519531250 0.395996094 -0.161743164 -0.478495596 0.316187846 0.763124936
168 6.753906250 -0.000007629 -0.000030518 0.300769486 0.115172368 -0.360966190
169 4.462749481 0.000000000 0.000030518 0.078557963 0.005930337 -0.087042230
170 86.264892578 0.000053406 0.000061035 2.157749148 -0.679895418 -0.171528177
171 2.875000000 0.000007629 -0.000030518 0.276408693 -0.155056315 0.262891463
172 8.134368896 0.000000000 0.000000000 -0.160046000 -0.329446064 0.193360505
173 8.134399414 0.000000000 0.000000000 -0.219351991 -0.099110164 0.085450835
174 8.134391785 0.000000000 0.000000000 -0.387481636 -0.026671077 0.083898640
175 8.134384155 0.000000000 0.000000000 -0.006289425 0.001983027 0.108202029
176 8.134384155 -0.000030518 -0.000045776 -0.000091532 0.114668315 0.167314762
177 8.134384155 -0.000045776 -0.000030518 -0.054402946 0.176861361 0.068095412
178 8.134399414 0.000000000 0.000000000 0.021628372 0.570615251 0.186864686
179 8.132812500 -0.000015259 -0.000030518 -0.068334582 0.178608529 0.127167520
180 86.264892578 0.000053406 0.000061035 -1.729389030 -0.430893237 -1.147405337
181 2.875000000 0.000015259 0.000000000 -0.118891739 0.143490710 -0.044273513
182 8.134414673 0.000000000 0.000000000 -0.110825115 -0.181388229 -0.048078543
183 8.134384155 0.000000000 0.000000000 -0.133283058 0.001171648 0.004593283
184 8.134429932 0.000000000 -0.000038147 -0.147623116 0.069490736 0.000835100
185 8.134384155 -0.000015259 -0.000011444 -0.287347153 0.090454130 -0.091949599
186 8.134384155 0.000015259 0.000026703 -0.219504346 0.036952377 -0.226878932
187 8.134368896 0.000000000 -0.000015259 -0.212192916 0.029798878 -0.269700691
188 8.134399414 0.000000000 0.000015259 -0.245331925 0.252783307 -0.537962943
189 8.132812500 0.000000000 0.000015259 -0.260945607 0.229749111 -0.175072315
190 25.357345581 -1.346612930 -0.631881714 1.536635520 0.805198293 -1.768910390
191 10.586948395 0.000007629 -0.000045776 0.708640943 -0.448264728 -0.532788644
192 19.962787628 -1.182558060 -0.493774414 -2.827724317 1.210077460 0.137379431
193 26.542861938 -0.000034332 5.258386612 -0.000098679 -0.575889304 -3.141563427
194 5.210937500 0.000003815 0.000015259 -0.072021870 0.282761305 -0.131333929
195 11.580818176 0.000015259 -0.000030518 0.000000000 0.373150501 0.000000000
196 30.590713501 -0.110137939 0.305744171 0.353335461 0.133439209 -0.060084201
197 7.470626831 0.014289856 0.148300171 -0.153912699 0.324229862 -0.012852865
198 9.858001709 6.173873901 -12.156160355 2.343721255 0.103353816 3.040407058
199 9.858215332 -6.068092346 -12.208475113 -2.352349825 0.104146931 -3.041265021
200 20.049377441 0.061241150 -14.093141556 3.134587295 0.926499159 3.136067236
201 5.580184937 -0.000015259 0.000030518 -0.013176504 0.144348182 0.010471191
202 6.841278076 -0.000007629 -0.000038147 -0.021131070 0.149687579 -0.195357820
203 6.916412354 -0.000009537 0.000007629 -0.284057675 0.169796178 -0.000010178
204 24.600067139 -1.878257751 -11.667314529 -2.002800253 -0.732025296 -0.963281651
205 24.600067139 -1.878257751 -11.667314529 -1.536345236 -0.230748013 -1.702389711
206 24.600067139 -1.878257751 -11.667314529 -1.665549243 0.097947933 -2.370679697
207 24.599960327 1.980178833 -11.650854111 2.009399481 -0.739004495 0.958897021
208 24.599960327 1.980178833 -11.650854111 1.535182712 -0.239155086 1.702686470
209 24.599960327 1.980178833 -11.650854111 1.659403831 0.091981346 2.370144970
210 7.570648193 3.876312256 6.930494308 -2.049238070 1.047095500 -0.535595520
211 7.418060303 -3.974502563 7.604156494 1.014907748 -1.024031318 -2.618339091
212 -86.807075500 0.000003206 0.000005000 0.000000000 0.000000000 0.000244115
213 0.000000000 -0.000000000 0.000000000 0.000000000 0.000000000 0.000244115
214 0.000000000 -0.000000000 0.000000000 0.000000000 0.000000000 0.000244115
215 0.000000000 -0.000000000 0.000000000 0.000000000 0.000000000 0.000244115
216 0.000000000 -0.000000000 0.000000000 0.000000000 0.000000000 0.000244115
217 0.000000000 -0.000000000 0.000000000 0.000000000 0.000000000 0.000244115
218 0.000000000 -0.000000000 0.000000000 0.000000000 0.000000000 0.000244115
219 0.000000000 -0.000000000 0.000000000 0.000000000 0.000000000 0.000244115
220 0.000000000 -0.000000000 0.000000000 0.000000000 0.000000000 0.000244115
221 0.000000000 -0.000000000 0.000000000 0.000000000 0.000000000 0.000244115
222 0.000000000 -0.000000000 0.000000000 0.000000000 0.000000000 0.000244115
223 0.000000000 -0.000000000 0.000000000 0.000000000 0.000000000 0.000244115
time 7
0 -8.157135010 -10.250008583 0.000005000 -3.123829537 -1.508478999 1.621866820
1 88.476783752 -0.000055313 -0.000013590 3.141592654 0.000000000 3.141592654
2 -43.495719910 -0.000049591 4.662870407 0.235057213 0.059475152 -3.136568165
3 9.507705688 0.000003815 -0.000020981 -0.393431803 -0.233653275 -0.115357418
4 23.267868042 2.189132690 -3.705406189 1.456154893 -0.000364046 1.571112984
5 11.648437500 0.000000954 0.000061035 -0.290710805 -0.003993514 0.682939749
6 29.776115417 -0.000017166 -0.000152588 0.051788900 0.067245309 -0.008797850
7 25.612224579 -0.000019073 0.000091553 2.420963029 0.508067381 -0.429834463
8 8.674346924 -1.907180786 -2.936538696 -0.551336544 -0.109697996 1.608018152
9 0.000000000 -0.000000000 0.000000000 0.000000000 0.000000000 0.000244115
10 -43.495719910 -0.000049591 4.662870407 0.000000000 0.000000000 0.000000000
11 21.580337524 10.273413658 -4.495086670 0.011821853 -0.150767635 0.148916509
12 45.674194336 -0.000015259 0.000013351 -3.140090555 0.336844481 0.000080295
13 55.039112091 0.000005722 -0.000008106 -3.088301778 1.239846351 0.050134983
14 21.580284119 -10.273576736 -4.495073318 0.215184903 0.117603335 -0.114079536
15 45.674217224 0.000030518 -0.000011444 -3.141297078 0.808441039 0.000032558
16 55.039123535 -0.000038147 -0.000038147 3.102597511 1.141037797 -0.034871996
17 0.161666870 -1.532186508 -10.638456345 2.956990494 0.526752650 -0.151013429
18 14.463714600 -0.000007629 0.000000000 -0.081047097 0.098843631 0.122873034
19 20.708938599 -0.000022888 -0.000038147 0.067461625 -0.398941102 -0.237027831
20 20.709037781 -0.000005722 0.000030518 0.006500115 0.262320109 0.024191433
21 20.709545135 -0.000009537 0.000030518 0.082831653 -0.154984765 0.012887985
22 0.118850708 -3.636028290 -10.382867813 2.434484465 0.425713324 -0.445235796
23 14.125000000 -0.000020981 -0.000015259 -0.035357820 0.066164596 0.134633092
24 20.265319824 -0.000019073 0.000000000 0.123949829 -0.351908141 -0.466011653
25 20.265319824 0.000000000 0.000015259 0.027386054 0.217741903 0.089859758
26 20.265625000 -0.000022888 -0.000003815 0.123441198 -0.110923635 0.012539870
27 0.430816650 -8.824714661 -7.827322006 2.282323870 0.372581612 -0.530156543
28 12.544494629 0.000007629 -0.000015259 -0.226312762 0.088937254 0.286364603
29 19.343734741 -0.000030518 -0.000045776 0.155470456 -0.276472292 -0.675892887
30 19.343750000 -0.000015259 -0.000012398 0.035857625 0.164500495 0.108686038
31 19.343750000 -0.000015259 0.000002861 0.093342565 -0.103909232 0.054682139
32 -0.019638062 -12.396471024 -3.323648453 2.008620014 0.143381469 -0.543463158
33 11.042053223 0.000005722 -0.000015259 -0.280019281 -0.016154575 0.312987514
34 19.073436737 -0.000005722 -0.000038147 0.159232523 -0.198934312 -0.840053966
35 19.073341370 -0.000015259 -0.000011444 0.035092570 0.133329876 0.140889427
36 19.073867798 -0.000007629 0.000007629 -0.027780791 -0.121876130 0.149460383
37 0.143417358 -12.177965164 2.328493118 1.518810137 -0.161343062 -0.494035262
38 10.827308655 0.000007629 -0.000030518 -0.131549432 -0.109362908 0.202705545
39 18.731544495 0.000003815 0.000000000 0.126049354 -0.100729392 -0.974286944
40 18.731609344 -0.000022888 -0.000007629 0.022602721 0.113249957 0.237870745
41 18.732189178 -0.000022888 0.000003815 -0.175404907 -0.195814121 0.242546335
42 0.706604004 -9.159467697 6.887685776 0.979654380 -0.265100170 -0.190766461
43 10.843429565 -0.000005722 -0.000015259 -0.069004954 -0.288914202 0.137551559
44 18.864486694 0.000009537 -0.000022888 0.004144204 0.097303604 -1.020106239
45 18.864482880 -0.000022888 0.000007629 -0.012015742 0.037717907 0.515708620
46 18.864944458 -0.000015259 -0.000007629 -0.285204721 -0.282617522 0.289021106
47 0.843048096 -2.753784180 9.486446381 0.706399089 -0.191889080 -0.034259716
48 10.832725525 0.000007629 0.000007629 -0.364999828 -0.321717952 0.221549338
49 19.399490356 0.000003815 -0.000045776 -0.198283915 0.465125125 -0.874336896
50 19.399677277 -0.000007629 -0.000015259 -0.166308829 -0.257798015 0.853979995
51 19.400068283 -0.000030518 -0.000015259 -0.179936730 -0.428399075 0.185958615
52 0.161682129 1.532159805 -10.638368607 -3.013842378 0.543413680 0.027915022
53 14.463706970 -0.000007629 -0.000015259 0.104403894 0.089976443 -0.015888168
54 20.708992004 -0.000017166 -0.000003815 -0.005449381 -0.383939731 0.009940358
55 20.709014893 0.000009537 0.000019073 -0.025162044 0.248340241 -0.095473333
56 20.709590912 -0.000006676 -0.000007629 -0.064421769 -0.144651026 0.083224303
57 0.118804932 3.636004448 -10.383043289 -2.469501322 0.494057419 0.352816628
58 14.125000000 -0.000015259 -0.000015259 0.054307670 0.064149439 -0.027718143
59 20.265319824 0.000003815 -0.000015259 -0.054261564 -0.296136952 0.192741944
60 20.265342712 0.000013351 -0.000003815 -0.044151178 0.171404625 -0.182281320
61 20.265625000 0.000001907 0.000007629 -0.105205472 -0.089332292 0.085107503
62 0.430816650 8.824708939 -7.827398300 -2.307420255 0.452967450 0.452620192
63 12.544555664 0.000015259 -0.000015259 0.245184585 0.067840966 -0.182236525
64 19.343750000 -0.000017166 -0.000007629 -0.082396754 -0.198781210 0.367403983
65 19.343750000 0.000003815 -0.000015259 -0.045050560 0.045898160 -0.247963731
66 19.343750000 0.000011444 -0.000038147 -0.082675344 -0.079576628 0.044623398
67 -0.019577026 12.396468163 -3.323724747 -2.011439473 0.240529451 0.496970188
68 11.042060852 -0.000007629 0.000000000 0.285536427 -0.042143309 -0.210604091
69 19.073402405 -0.000001907 -0.000045776 -0.073320155 -0.047487119 0.509682108
70 19.073368073 0.000007629 -0.000030518 -0.025124290 -0.119570522 -0.289220256
71 19.073940277 0.000005722 -0.000030518 0.024702754 -0.107571286 -0.047670449
72 0.143478394 12.177964211 2.328407288 -1.513386731 -0.054237607 0.499916606
73 10.827339172 -0.000015259 0.000007629 0.124171125 -0.120014946 -0.095783260
74 18.731567383 0.000010490 -0.000007629 -0.010501011 0.190376488 0.605331076
75 18.731578827 -0.000010014 -0.000068665 0.019669641 -0.397445139 -0.277337845
76 18.732147217 0.000002861 0.000030518 0.151081217 -0.198904426 -0.136094813
77 0.706604004 9.159472466 6.887771606 -0.986945522 -0.175781400 0.251635302
78 10.843391418 0.000004768 0.000003815 0.038460992 -0.293620479 -0.024626197
79 18.864517212 -0.000007629 -0.000038147 0.077188442 0.546199721 0.512818832
80 18.864459991 -0.000005722 -0.000007629 -0.037702556 -0.759508788 0.012725846
81 18.865047455 -0.000015259 -0.000038147 0.240280501 -0.303775304 -0.175747099
82 0.842971802 2.753786087 9.486438751 -0.713310361 -0.121941749 0.116538659
83 10.832771301 -0.000001907 0.000015259 0.329574558 -0.358807636 -0.112837668
84 19.399612427 0.000003815 -0.000038147 -0.063436733 0.812164454 -0.037153722
85 19.399597168 -0.000022888 -0.000015259 -0.302153333 -0.747114613 0.638962269
86 19.400173187 -0.000011444 -0.000015259 0.109395722 -0.442479549 -0.056880201
87 23.268264771 -2.187709808 -3.705850601 -1.456154893 0.000364046 -1.570479669
88 11.648437500 -0.000030518 0.000030518 -0.147410872 0.215496116 -0.748149403
89 19.962635040 1.182556152 -0.494796753 2.827724317 1.210077460 -0.137379431
90 25.357295990 1.346595764 -0.632659912 0.740633344 0.783273083 -2.378421071
91 10.585937500 0.000007629 -0.000022888 -0.623342345 0.227380332 0.017522868
92 29.775835037 0.000000000 -0.000091553 -0.033112009 -0.001344453 -0.711476155
93 22.736808777 -0.004570007 -0.007400513 -0.403634162 -0.194474916 -2.864551704
94 0.073730469 -0.706542969 -0.275878906 -0.891950095 0.586011157 1.119286625
95 13.120170593 0.000022888 0.000022888 -1.096530469 0.037098751 -0.373119986
96 12.350074768 -0.000015259 -0.000015259 -0.753404260 0.260751034 0.099585035
97 15.541244507 -0.000045776 -0.000007629 -0.188188101 0.113615334 0.308714569
98 14.906250000 -0.000015259 0.000003815 -0.118311872 0.142562080 0.526518794
99 14.182762146 -0.000030518 -0.000015259 -0.283436883 0.565158333 0.005035658
100 6.140625000 -0.523925781 -0.378906250 0.499935190 0.563648496 1.052145583
101 11.348442078 0.000007629 -0.000038147 -2.618830950 -0.328251345 -0.064568802
102 12.005210876 -0.000015259 -0.000030518 -0.358357389 0.245802089 0.129030796
103 15.865591049 -0.000022888 0.000007629 -0.327920746 0.238872921 0.326636412
104 14.851562500 -0.000015259 0.000007629 -0.602971193 0.548619168 -0.005326657
105 12.538974762 -0.414978027 -0.272300720 0.593522262 0.555256030 0.977952553
106 10.619346619 0.000000000 0.000007629 3.084008282 -0.283649665 -0.008349115
107 12.043018341 -0.000015259 0.000030518 -0.029622661 0.217490781 0.235357068
108 15.310400009 -0.000015259 -0.000015259 -0.421142219 0.518417852 -0.022033187
109 19.857913971 0.000007629 0.000000000 0.491460181 0.588159565 0.921884040
110 10.617187500 0.000015259 0.000022888 -0.349577735 -0.303653687 -0.027457488
111 11.091686249 0.000007629 -0.000030518 -2.957031938 -0.407219133 -0.279420241
112 25.612260818 0.000007629 -0.000152588 -0.952077214 -0.199340542 0.082461341
113 0.732421875 0.378173828 -0.043365479 -0.298448110 -0.042506783 0.541930270
114 9.421440125 0.000015259 -0.000022888 0.376985193 0.989139988 -0.158374132
115 3.208984375 -0.000007629 -0.000007629 -0.000900778 0.927088290 0.001093729
116 2.421096802 0.000022888 0.000019073 -0.050443158 0.688441461 -0.044503315
117 0.783203125 0.134643555 -0.023910522 -0.156336213 -0.123510422 0.279151765
118 9.940933228 -0.000007629 -0.000007629 0.161817679 0.963323119 -0.082617437
119 3.403709412 -0.000007629 -0.000015259 -0.009001117 0.689879404 -0.004885124
120 2.546600342 0.000007629 0.000000000 -0.042829088 0.678048449 -0.013732072
121 0.805175781 0.000000000 0.000000000 -0.007963538 -0.147251916 0.014089588
122 9.898437500 0.000000000 0.000038147 -0.011887432 0.857189831 0.004722858
123 3.537029266 0.000000000 -0.000030518 0.015666009 0.561720338 0.009460674
124 2.507812500 -0.000007629 0.000007629 0.001414853 0.592390064 0.014690864
125 0.821777344 -0.246826172 -0.028747559 0.155124828 -0.087466036 -0.272238366
126 9.687484741 -0.000026703 0.000015259 -0.214202260 0.792087249 0.164834178
127 3.679679871 0.000000000 0.000015259 -0.003198186 0.592472491 -0.001607877
128 2.700599670 0.000000000 -0.000015259 0.031346709 0.636686851 0.032782188
129 0.519042969 -0.395996094 -0.161987305 0.477878787 0.316754060 -0.763355711
130 6.753906250 -0.000005722 -0.000045776 -0.536221635 0.681769393 0.000560917
131 4.462627411 -0.000034332 0.000000000 -0.078001298 0.008849486 0.122395973
132 22.736743927 0.004549980 -0.007263184 0.432871648 0.066490667 -2.913190741
133 0.073730469 0.706542969 -0.276367188 2.546030523 0.934158179 0.752714264
134 13.119304657 0.000015259 -0.000015259 0.716910169 -0.018799555 0.251221842
135 12.350997925 0.000015259 -0.000015259 0.354825567 0.117416100 0.120727318
136 15.540859222 0.000000000 0.000030518 -0.254895518 0.145512516 0.075236308
137 14.906250000 -0.000011444 -0.000015259 -0.242534158 0.216198631 0.111056558
138 14.182880402 -0.000003815 0.000030518 -0.234251848 -0.046671505 0.021488874
139 6.140625000 0.523925781 -0.378662109 0.791475111 0.951674709 0.655390024
140 11.348976135 0.000007629 0.000015259 2.123985376 -0.234404966 -0.005389516
141 12.004642487 0.000000000 -0.000030518 -0.135225713 0.070221901 0.156172425
142 15.865940094 -0.000001907 -0.000015259 -0.131397065 0.079392484 0.166482355
143 14.851562500 -0.000002861 0.000000000 0.064521974 -0.057873401 -0.076187446
144 12.539043427 0.414962769 -0.272758484 0.514885321 0.909330888 0.603711286
145 10.619075775 -0.000001907 -0.000030518 2.691004861 -0.189171888 -0.067475966
146 12.043624878 -0.000003815 -0.000015259 -0.468001026 0.145972640 0.128924111
147 15.309879303 0.000001907 0.000015259 -0.163916124 -0.079698568 -0.018933332
148 19.857963562 -0.000022888 0.000038147 0.513453103 0.896195208 0.556792036
149 10.618190765 0.000000000 0.000000000 0.005857027 -0.256440415 0.065313823
150 11.091796875 0.000007629 -0.000015259 1.640373929 0.327951041 -1.220287336
151 0.732421875 -0.378417969 -0.043029785 0.298829922 -0.043211786 -0.541974052
152 9.421363831 -0.000030518 0.000007629 -0.470241755 1.108872100 0.050969701
153 3.208984375 0.000015259 0.000000000 0.000857873 1.057455893 -0.001098300
154 2.421054840 0.000000000 -0.000034332 0.043174526 0.819359608 0.045011662
155 0.783203125 -0.134643555 -0.023712158 0.156625597 -0.124254089 -0.279237635
156 9.941059113 0.000000000 -0.000030518 -0.258870176 1.208138449 -0.026394740
157 3.403701782 0.000000000 0.000030518 -0.009093961 0.939657871 -0.001132441
158 2.546592712 0.000000000 -0.000034332 0.050622334 0.928087349 0.026112669
159 0.805175781 0.000000000 0.000000000 0.007970885 -0.148203970 -0.014094421
160 9.898437500 -0.000015259 0.000015259 0.008520768 1.208195160 -0.016983373
161 3.537109375 -0.000030518 0.000015259 -0.000193491 0.912542382 0.000193491
162 2.507812500 -0.000030518 0.000007629 0.000320821 0.943623568 -0.000320821
163 0.821777344 0.246826172 -0.027450562 -0.155297577 -0.088051341 0.272296809
164 9.687324524 0.000015259 -0.000053406 0.342851519 1.121789534 -0.008737843
165 3.679656982 0.000000000 0.000030518 -0.002974323 0.934332562 -0.000146806
166 2.700630188 0.000000000 -0.000015259 -0.032371169 0.978263485 -0.042071145
167 0.519531250 0.395996094 -0.161743164 -0.478495596 0.316187846 0.763124936
168 6.753906250 -0.000007629 -0.000030518 0.300769486 0.115172368 -0.360966190
169 4.462749481 0.000000000 0.000030518 0.078557963 0.005930337 -0.087042230
170 86.264892578 0.000053406 0.000061035 2.156990483 -1.083820058 0.381110378
171 2.875000000 0.000007629 -0.000030518 0.363431943 0.069838344 0.357005973
172 8.134368896 0.000000000 0.000000000 0.122921962 -0.213309522 0.176009400
173 8.134399414 0.000000000 0.000000000 0.055184233 -0.045967299 0.068793466
174 8.134391785 0.000000000 0.000000000 -0.107456184 -0.000397051 0.037625614
175 8.134384155 0.000000000 0.000000000 -0.114821127 0.028146457 0.029338893
176 8.134384155 -0.000030518 -0.000045776 -0.084653962 0.041354119 0.007408074
177 8.134384155 -0.000045776 -0.000030518 -0.089868716 0.049069835 -0.015690018
178 8.134399414 0.000000000 0.000000000 -0.096857811 0.067312300 -0.072710534
179 8.132812500 -0.000015259 -0.000030518 -0.068334582 0.178608529 0.127167520
180 86.264892578 0.000053406 0.000061035 -1.864025336 -0.822213442 -1.154799180
181 2.875000000 0.000015259 0.000000000 -0.223853801 0.167846963 -0.171593058
182 8.134414673 0.000000000 0.000000000 -0.143069201 -0.172425805 -0.108073359
183 8.134384155 0.000000000 0.000000000 -0.165253500 -0.024979902 -0.020279329
184 8.134429932 0.000000000 -0.000038147 -0.167792036 0.010112533 0.006945641
185 8.134384155 -0.000015259 -0.000011444 -0.397037644 0.035181094 -0.031735191
186 8.134384155 0.000015259 0.000026703 -0.386562116 0.037810065 -0.033352969
187 8.134368896 0.000000000 -0.000015259 -0.372119971 0.047268198 -0.034993305
188 8.134399414 0.000000000 0.000015259 -0.333257262 0.100174042 -0.037631857
189 8.132812500 0.000000000 0.000015259 -0.260945607 0.229749111 -0.175072315
190 25.357345581 -1.346612930 -0.631881714 1.277933571 0.815629607 -2.013900328
191 10.586948395 0.000007629 -0.000045776 0.705465484 -0.422711911 -0.513352496
192 19.962787628 -1.182558060 -0.493774414 -2.827724317 1.210077460 0.137379431
193 26.542861938 -0.000034332 5.258386612 -0.000098679 -0.575889304 -3.141563427
194 5.210937500 0.000003815 0.000015259 -0.085057216 0.352515705 -0.133956277
195 11.580818176 0.000015259 -0.000030518 0.000000000 0.373150501 0.000000000
196 30.590713501 -0.110137939 0.305744171 0.225415777 0.120390325 -0.021516347
197 7.470626831 0.014289856 0.148300171 -0.194378177 0.324199679 -0.012817939
198 9.858001709 6.173873901 -12.156160355 2.343721255 0.103353816 3.040407058
199 9.858215332 -6.068092346 -12.208475113 -2.352349825 0.104146931 -3.041265021
200 20.049377441 0.061241150 -14.093141556 3.134587295 0.926499159 3.136067236
201 5.580184937 -0.000015259 0.000030518 -0.016617394 0.066125285 0.009382609
202 6.841278076 -0.000007629 -0.000038147 -0.019424404 -0.080629938 -0.041119164
203 6.916412354 -0.000009537 0.000007629 -0.284057675 0.169796178 -0.000010178
204 24.600067139 -1.878257751 -11.667314529 -2.002800253 -0.732025296 -0.963281651
205 24.600067139 -1.878257751 -11.667314529 -1.536345236 -0.230748013 -1.702389711
206 24.600067139 -1.878257751 -11.667314529 -1.665549243 0.097947933 -2.370679697
207 24.599960327 1.980178833 -11.650854111 2.009399481 -0.739004495 0.958897021
208 24.599960327 1.980178833 -11.650854111 1.535182712 -0.239155086 1.702686470
209 24.599960327 1.980178833 -11.650854111 1.659403831 0.091981346 2.370144970
210 7.570648193 3.876312256 6.930494308 -2.049238070 1.047095500 -0.535595520
211 7.418060303 -3.974502563 7.604156494 1.014907748 -1.024031318 -2.618339091
212 -86.807075500 0.000003206 0.000005000 0.000000000 0.000000000 0.000244115
213 0.000000000 -0.000000000 0.000000000 0.000000000 0.000000000 0.000244115
214 0.000000000 -0.000000000 0.000000000 0.000000000 0.000000000 0.000244115
215 0.000000000 -0.000000000 0.000000000 0.000000000 0.000000000 0.000244115
216 0.000000000 -0.000000000 0.000000000 0.000000000 0.000000000 0.000244115
217 0.000000000 -0.000000000 0.000000000 0.000000000 0.000000000 0.000244115
218 0.000000000 -0.000000000 0.000000000 0.000000000 0.000000000 0.000244115
219 0.000000000 -0.000000000 0.000000000 0.000000000 0.000000000 0.000244115
220 0.000000000 -0.000000000 0.000000000 0.000000000 0.000000000 0.000244115
221 0.000000000 -0.000000000 0.000000000 0.000000000 0.000000000 0.000244115
222 0.000000000 -0.000000000 0.000000000 0.000000000 0.000000000 0.000244115
223 0.000000000 -0.000000000 0.000000000 0.000000000 0.000000000 0.000244115
time 8
0 -6.421067715 -14.593605995 0.000005000 -3.045950057 -1.550007757 1.631204226
1 88.476783752 -0.000055313 -0.000013590 3.141592654 0.000000000 3.141592654
2 -43.495719910 -0.000049591 4.662870407 0.285202741 0.064008386 -3.135453115
3 9.507705688 0.000003815 -0.000020981 -0.271289646 -0.222704260 -0.099556939
4 23.267868042 2.189132690 -3.705406189 1.456154893 -0.000364046 1.571112984
5 11.648437500 0.000000954 0.000061035 -0.356427072 -0.057635457 0.826746756
6 29.776115417 -0.000017166 -0.000152588 0.062814900 0.080845411 -0.010682500
7 25.612224579 -0.000019073 0.000091553 2.447172039 0.475233199 -0.182364514
8 8.674346924 -1.907180786 -2.936538696 -0.551336544 -0.109697996 1.608018152
9 0.000000000 -0.000000000 0.000000000 0.000000000 0.000000000 0.000244115
10 -43.495719910 -0.000049591 4.662870407 0.000000000 0.000000000 0.000000000
11 21.580337524 10.273413658 -4.495086670 0.016887580 -0.172945146 0.118435816
12 45.674194336 -0.000015259 0.000013351 -3.140168165 0.377631390 0.000096451
13 55.039112091 0.000005722 -0.000008106 -3.085109430 1.260900680 0.053518034
14 21.580284119 -10.273576736 -4.495073318 0.256745722 0.164907212 -0.133647370
15 45.674217224 0.000030518 -0.000011444 -3.141297078 0.808441039 0.000032558
16 55.039123535 -0.000038147 -0.000038147 3.102597511 1.141037797 -0.034871996
17 0.161666870 -1.532186508 -10.638456345 2.956990494 0.526752650 -0.151013429
18 14.463714600 -0.000007629 0.000000000 -0.081047097 0.098843631 0.122873034
19 20.708938599 -0.000022888 -0.000038147 0.085610592 -0.429943148 -0.295569201
20 20.709037781 -0.000005722 0.000030518 0.007147510 0.109309602 -0.036869511
21 20.709545135 -0.000009537 0.000030518 0.082831653 -0.154984765 0.012887985
22 0.118850708 -3.636028290 -10.382867813 2.434484515 0.425713259 -0.445235709
23 14.125000000 -0.000020981 -0.000015259 -0.035357820 0.066164596 0.134633092
24 20.265319824 -0.000019073 0.000000000 0.142061763 -0.362469545 -0.538537487
25 20.265319824 0.000000000 0.000015259 0.023606931 0.076958298 -0.037621984
26 20.265625000 -0.000022888 -0.000003815 0.123441198 -0.110923635 0.012539870
27 0.430816650 -8.824714661 -7.827322006 2.282323870 0.372581612 -0.530156543
28 12.544494629 0.000007629 -0.000015259 -0.226312762 0.088937254 0.286364603
29 19.343734741 -0.000030518 -0.000045776 0.164799224 -0.266866423 -0.750313335
30 19.343750000 -0.000015259 -0.000012398 0.034578004 0.047484788 -0.068275730
31 19.343750000 -0.000015259 0.000002861 0.093342565 -0.103909232 0.054682139
32 -0.019638062 -12.396471024 -3.323648453 2.008620014 0.143381469 -0.543463158
33 11.042053223 0.000005722 -0.000015259 -0.280019281 -0.016154575 0.312987514
34 19.073436737 -0.000005722 -0.000038147 0.157808047 -0.174784425 -0.914057724
35 19.073341370 -0.000015259 -0.000011444 0.036095418 0.035644591 -0.083740186
36 19.073867798 -0.000007629 0.000007629 -0.027780791 -0.121876130 0.149460383
37 0.143417358 -12.177965164 2.328493118 1.518810137 -0.161343062 -0.494035262
38 10.827308655 0.000007629 -0.000030518 -0.131549432 -0.109362908 0.202705545
39 18.731544495 0.000003815 0.000000000 0.109527891 -0.061291976 -1.047818000
40 18.731609344 -0.000022888 -0.000007629 0.023899728 0.035543762 -0.054751240
41 18.732189178 -0.000022888 0.000003815 -0.175404907 -0.195814121 0.242546335
42 0.706604004 -9.159467697 6.887685776 0.979654380 -0.265100170 -0.190766461
43 10.843429565 -0.000005722 -0.000015259 -0.069004954 -0.288914202 0.137551559
44 18.864486694 0.000009537 -0.000022888 -0.037698487 0.157890089 -1.096887462
45 18.864482880 -0.000022888 0.000007629 -0.000502366 0.015074252 0.116766103
46 18.864944458 -0.000015259 -0.000007629 -0.285204721 -0.282617522 0.289021106
47 0.843048096 -2.753784180 9.486446381 0.706399089 -0.191889080 -0.034259716
48 10.832725525 0.000007629 0.000007629 -0.364999828 -0.321717952 0.221549338
49 19.399490356 0.000003815 -0.000045776 -0.273338299 0.558253765 -0.950383899
50 19.399677277 -0.000007629 -0.000015259 -0.068852921 -0.174314166 0.431077018
51 19.400068283 -0.000030518 -0.000015259 -0.179936730 -0.428399075 0.185958615
52 0.161682129 1.532159805 -10.638368607 -3.013842378 0.543413680 0.027915022
53 14.463706970 -0.000007629 -0.000015259 0.104403894 0.089976443 -0.015888168
54 20.708992004 -0.000017166 -0.000003815 0.001729617 -0.427410013 -0.019365741
55 20.709014893 0.000009537 0.000019073 -0.014043370 0.113367521 -0.078195878
56 20.709590912 -0.000006676 -0.000007629 -0.064421769 -0.144651026 0.083224303
57 0.118804932 3.636004448 -10.383043289 -2.469501322 0.494057419 0.352816628
58 14.125000000 -0.000015259 -0.000015259 0.054307670 0.064149439 -0.027718143
59 20.265319824 0.000003815 -0.000015259 -0.056585183 -0.334563078 0.187740860
60 20.265342712 0.000013351 -0.000003815 -0.031766838 0.083000948 -0.116729950
61 20.265625000 0.000001907 0.000007629 -0.105205472 -0.089332292 0.085107503
62 0.430816650 8.824708939 -7.827398300 -2.307420255 0.452967450 0.452620192
63 12.544555664 0.000015259 -0.000015259 0.245184585 0.067840966 -0.182236525
64 19.343750000 -0.000017166 -0.000007629 -0.089616977 -0.228807625 0.381802134
65 19.343750000 0.000003815 -0.000015259 -0.041255469 0.013776934 -0.145977491
66 19.343750000 0.000011444 -0.000038147 -0.082675344 -0.079576628 0.044623398
67 -0.019577026 12.396468163 -3.323724747 -2.011439473 0.240529451 0.496970188
68 11.042060852 -0.000007629 0.000000000 0.285536427 -0.042143309 -0.210604091
69 19.073402405 -0.000001907 -0.000045776 -0.080255480 -0.066756228 0.544575215
70 19.073368073 0.000007629 -0.000030518 -0.038848296 -0.084561941 -0.171826187
71 19.073940277 0.000005722 -0.000030518 0.024702754 -0.107571286 -0.047670449
72 0.143478394 12.177964211 2.328407288 -1.513386731 -0.054237607 0.499916606
73 10.827339172 -0.000015259 0.000007629 0.124171125 -0.120014946 -0.095783260
74 18.731567383 0.000010490 -0.000007629 -0.007481768 0.186700449 0.668425927
75 18.731578827 -0.000010014 -0.000068665 -0.019841045 -0.273734334 -0.167911804
76 18.732147217 0.000002861 0.000030518 0.151081217 -0.198904426 -0.136094813
77 0.706604004 9.159472466 6.887771606 -0.986945522 -0.175781400 0.251635302
78 10.843391418 0.000004768 0.000003815 0.038460992 -0.293620479 -0.024626197
79 18.864517212 -0.000007629 -0.000038147 0.113636883 0.577501033 0.615106364
80 18.864459991 -0.000005722 -0.000007629 -0.045052946 -0.540766086 0.020015043
81 18.865047455 -0.000015259 -0.000038147 0.240280501 -0.303775304 -0.175747099
82 0.842971802 2.753786087 9.486438751 -0.713310361 -0.121941749 0.116538659
83 10.832771301 -0.000001907 0.000015259 0.329574558 -0.358807636 -0.112837668
84 19.399612427 0.000003815 -0.000038147 -0.034588206 0.910081604 0.038727706
85 19.399597168 -0.000022888 -0.000015259 -0.153191569 -0.533471323 0.392213039
86 19.400173187 -0.000011444 -0.000015259 0.109390654 -0.442391300 -0.056873665
87 23.268264771 -2.187709808 -3.705850601 -1.456154893 0.000364046 -1.570479669
88 11.648437500 -0.000030518 0.000030518 -0.068865498 0.270063242 -0.619214688
89 19.962635040 1.182556152 -0.494796753 2.827724317 1.210077460 -0.137379431
90 25.357295990 1.346595764 -0.632659912 0.574666222 0.870229671 -2.516105752
91 10.585937500 0.000007629 -0.000022888 -0.623342345 0.227380332 0.017522868
92 29.775835037 0.000000000 -0.000091553 -0.144191030 -0.194313092 -0.626323920
93 22.736808777 -0.004570007 -0.007400513 -0.403634162 -0.194474916 -2.864551704
94 0.073730469 -0.706542969 -0.275878906 -1.037350461 0.658295296 0.980406293
95 13.120170593 0.000022888 0.000022888 -1.095178785 0.105237644 -0.409144967
96 12.350074768 -0.000015259 -0.000015259 -0.734722474 0.273526974 0.126558626
97 15.541244507 -0.000045776 -0.000007629 -0.200078533 0.052103838 0.276518819
98 14.906250000 -0.000015259 0.000003815 -0.183184695 0.048760996 0.397589403
99 14.182762146 -0.000030518 -0.000015259 -0.283436883 0.565158333 0.005035658
100 6.140625000 -0.523925781 -0.378906250 0.350360055 0.634005293 0.899388259
101 11.348442078 0.000007629 -0.000038147 -2.587133491 -0.352990103 -0.147395463
102 12.005210876 -0.000015259 -0.000030518 -0.341429365 0.252811810 0.157262459
103 15.865591049 -0.000022888 0.000007629 -0.348480667 0.161126536 0.304484133
104 14.851562500 -0.000015259 0.000007629 -0.602971193 0.548619168 -0.005326657
105 12.538974762 -0.414978027 -0.272300720 0.427673148 0.624172335 0.797749114
106 10.619346619 0.000000000 0.000007629 3.111421941 -0.320789488 -0.093187864
107 12.043018341 -0.000015259 0.000030518 -0.017561849 0.206782837 0.259444214
108 15.310400009 -0.000015259 -0.000015259 -0.421142219 0.518417852 -0.022033187
109 19.857913971 0.000007629 0.000000000 0.270399683 0.659382528 0.680485352
110 10.617187500 0.000015259 0.000022888 -0.313337713 -0.338913359 -0.127978919
111 11.091686249 0.000007629 -0.000030518 -2.957031938 -0.407219133 -0.279420241
112 25.612260818 0.000007629 -0.000152588 -0.952077214 -0.199340542 0.082461341
113 0.732421875 0.378173828 -0.043365479 -0.298448110 -0.042506783 0.541930270
114 9.421440125 0.000015259 -0.000022888 0.376985193 0.989139988 -0.158374132
115 3.208984375 -0.000007629 -0.000007629 -0.000900778 0.927088290 0.001093729
116 2.421096802 0.000022888 0.000019073 -0.050443158 0.688441461 -0.044503315
117 0.783203125 0.134643555 -0.023910522 -0.156336213 -0.123510422 0.279151765
118 9.940933228 -0.000007629 -0.000007629 0.161817679 0.963323119 -0.082617437
119 3.403709412 -0.000007629 -0.000015259 -0.009001117 0.689879404 -0.004885124
120 2.546600342 0.000007629 0.000000000 -0.042829088 0.678048449 -0.013732072
121 0.805175781 0.000000000 0.000000000 -0.007963538 -0.147251916 0.014089588
122 9.898437500 0.000000000 0.000038147 -0.011887432 0.857189831 0.004722858
123 3.537029266 0.000000000 -0.000030518 0.015666009 0.561720338 0.009460674
124 2.507812500 -0.000007629 0.000007629 0.001414853 0.592390064 0.014690864
125 0.821777344 -0.246826172 -0.028747559 0.155124828 -0.087466036 -0.272238366
126 9.687484741 -0.000026703 0.000015259 -0.214202260 0.792087249 0.164834178
127 3.679679871 0.000000000 0.000015259 -0.003198186 0.592472491 -0.001607877
128 2.700599670 0.000000000 -0.000015259 0.031346709 0.636686851 0.032782188
129 0.519042969 -0.395996094 -0.161987305 0.477878787 0.316754060 -0.763355711
130 6.753906250 -0.000005722 -0.000045776 -0.536221635 0.681769393 0.000560917
131 4.462627411 -0.000034332 0.000000000 -0.078001298 0.008849486 0.122395973
132 22.736743927 0.004549980 -0.007263184 0.409047005 0.075399011 -2.981236954
133 0.073730469 0.706542969 -0.276367188 2.475651304 0.898191534 0.675744117
134 13.119304657 0.000015259 -0.000015259 0.715315935 -0.015664056 0.266461339
135 12.350997925 0.000015259 -0.000015259 0.354999937 0.111009496 0.111567610
136 15.540859222 0.000000000 0.000030518 -0.255651526 0.100092137 0.069141058
137 14.906250000 -0.000011444 -0.000015259 -0.251419104 0.108536156 0.100908441
138 14.182880402 -0.000003815 0.000030518 -0.217513269 -0.026772139 0.017251654
139 6.140625000 0.523925781 -0.378662109 0.710956711 0.908726415 0.575061658
140 11.348976135 0.000007629 0.000015259 2.122052180 -0.250345700 -0.004625762
141 12.004642487 0.000000000 -0.000030518 -0.134318266 0.063090641 0.142076394
142 15.865940094 -0.000001907 -0.000015259 -0.135197779 0.039837936 0.122248640
143 14.851562500 -0.000002861 0.000000000 0.078710432 -0.036934927 -0.078540904
144 12.539043427 0.414962769 -0.272758484 0.440606248 0.860657530 0.527601515
145 10.619075775 -0.000001907 -0.000030518 2.689894411 -0.204664797 -0.069929275
146 12.043624878 -0.000003815 -0.000015259 -0.468606423 0.132236024 0.116142902
147 15.309879303 0.000001907 0.000015259 -0.150850668 -0.058642618 -0.023280035
148 19.857963562 -0.000022888 0.000038147 0.438541966 0.840635645 0.480363528
149 10.618190765 0.000000000 0.000000000 0.006965931 -0.272494345 0.063615593
150 11.091796875 0.000007629 -0.000015259 1.685610740 0.303323341 -1.154214726
151 0.732421875 -0.378417969 -0.043029785 0.298829922 -0.043211786 -0.541974052
152 9.421363831 -0.000030518 0.000007629 -0.470241755 1.108872100 0.050969701
153 3.208984375 0.000015259 0.000000000 0.000857873 1.057455893 -0.001098300
154 2.421054840 0.000000000 -0.000034332 0.043174526 0.819359608 0.045011662
155 0.783203125 -0.134643555 -0.023712158 0.156625597 -0.124254089 -0.279237635
156 9.941059113 0.000000000 -0.000030518 -0.258870176 1.208138449 -0.026394740
157 3.403701782 0.000000000 0.000030518 -0.009093961 0.939657871 -0.001132441
158 2.546592712 0.000000000 -0.000034332 0.050622334 0.928087349 0.026112669
159 0.805175781 0.000000000 0.000000000 0.007970885 -0.148203970 -0.014094421
160 9.898437500 -0.000015259 0.000015259 0.008520768 1.208195160 -0.016983373
161 3.537109375 -0.000030518 0.000015259 -0.000193491 0.912542382 0.000193491
162 2.507812500 -0.000030518 0.000007629 0.000320821 0.943623568 -0.000320821
163 0.821777344 0.246826172 -0.027450562 -0.155297577 -0.088051341 0.272296809
164 9.687324524 0.000015259 -0.000053406 0.342851519 1.121789534 -0.008737843
165 3.679656982 0.000000000 0.000030518 -0.002974323 0.934332562 -0.000146806
166 2.700630188 0.000000000 -0.000015259 -0.032371169 0.978263485 -0.042071145
167 0.519531250 0.395996094 -0.161743164 -0.478495596 0.316187846 0.763124936
168 6.753906250 -0.000007629 -0.000030518 0.300769486 0.115172368 -0.360966190
169 4.462749481 0.000000000 0.000030518 0.078557963 0.005930337 -0.087042230
170 86.264892578 0.000053406 0.000061035 1.670911769 -1.102725884 1.129193630
171 2.875000000 0.000007629 -0.000030518 0.293614648 0.198416290 0.337876026
172 8.134368896 0.000000000 0.000000000 0.053394056 -0.159638120 0.113169861
173 8.134399414 0.000000000 0.000000000 0.039382863 -0.025331763 0.019273366
174 8.134391785 0.000000000 0.000000000 0.046269521 0.003373441 -0.000267302
175 8.134384155 0.000000000 0.000000000 -0.013420183 0.019195251 0.004791589
176 8.134384155 -0.000030518 -0.000045776 -0.007878566 0.017080266 -0.002743224
177 8.134384155 -0.000045776 -0.000030518 -0.009664801 0.018861483 -0.008809659
178 8.134399414 0.000000000 0.000000000 -0.019295323 0.020247330 -0.012971567
179 8.132812500 -0.000015259 -0.000030518 -0.068334582 0.178608529 0.127167520
180 86.264892578 0.000053406 0.000061035 -1.904236874 -1.125602359 -1.277784547
181 2.875000000 0.000015259 0.000000000 -0.312475076 0.240744203 -0.270509924
182 8.134414673 0.000000000 0.000000000 -0.156862889 -0.116280412 -0.148600277
183 8.134384155 0.000000000 0.000000000 -0.169044780 0.003013218 -0.040105930
184 8.134429932 0.000000000 -0.000038147 -0.166889247 0.023424065 -0.007849693
185 8.134384155 -0.000015259 -0.000011444 -0.379365352 0.036169614 -0.039647840
186 8.134384155 0.000015259 0.000026703 -0.347434378 0.027208740 -0.021252222
187 8.134368896 0.000000000 -0.000015259 -0.317563333 0.016040359 -0.005191165
188 8.134399414 0.000000000 0.000015259 -0.269101210 0.015244339 -0.001279684
189 8.132812500 0.000000000 0.000015259 -0.260945607 0.229749111 -0.175072315
190 25.357345581 -1.346612930 -0.631881714 1.009943629 0.803112919 -2.264516058
191 10.586948395 0.000007629 -0.000045776 0.701917367 -0.394379841 -0.491779848
192 19.962787628 -1.182558060 -0.493774414 -2.827724317 1.210077460 0.137379431
193 26.542861938 -0.000034332 5.258386612 -0.000098679 -0.575889304 -3.141563427
194 5.210937500 0.000003815 0.000015259 -0.078281293 0.405668978 -0.069291049
195 11.580818176 0.000015259 -0.000030518 0.000000000 0.373150501 0.000000000
196 30.590713501 -0.110137939 0.305744171 0.097413473 0.106647299 0.016973248
197 7.470626831 0.014289856 0.148300171 -0.234849300 0.324207570 -0.012867361
198 9.858001709 6.173873901 -12.156160355 2.343721255 0.103353816 3.040407058
199 9.858215332 -6.068092346 -12.208475113 -2.352349825 0.104146931 -3.041265021
200 20.049377441 0.061241150 -14.093141556 3.134587295 0.926499159 3.136067236
201 5.580184937 -0.000015259 0.000030518 -0.025258943 0.047448526 -0.016487580
202 6.841278076 -0.000007629 -0.000038147 -0.021066027 -0.176850917 -0.008704867
203 6.916412354 -0.000009537 0.000007629 -0.284057675 0.169796178 -0.000010178
204 24.600067139 -1.878257751 -11.667314529 -2.002800253 -0.732025296 -0.963281651
205 24.600067139 -1.878257751 -11.667314529 -1.536345236 -0.230748013 -1.702389711
206 24.600067139 -1.878257751 -11.667314529 -1.665549243 0.097947933 -2.370679697
207 24.599960327 1.980178833 -11.650854111 2.009399481 -0.739004495 0.958897021
208 24.599960327 1.980178833 -11.650854111 1.535182712 -0.239155086 1.702686470
209 24.599960327 1.980178833 -11.650854111 1.659403831 0.091981346 2.370144970
210 7.570648193 3.876312256 6.930494308 -2.049238070 1.047095500 -0.535595520
211 7.418060303 -3.974502563 7.604156494 1.014907748 -1.024031318 -2.618339091
212 -86.807075500 0.000003206 0.000005000 0.000000000 0.000000000 0.000244115
213 0.000000000 -0.000000000 0.000000000 0.000000000 0.000000000 0.000244115
214 0.000000000 -0.000000000 0.000000000 0.000000000 0.000000000 0.000244115
215 0.000000000 -0.000000000 0.000000000 0.000000000 0.000000000 0.000244115
216 0.000000000 -0.000000000 0.000000000 0.000000000 0.000000000 0.000244115
217 0.000000000 -0.000000000 0.000000000 0.000000000 0.000000000 0.000244115
218 0.000000000 -0.000000000 0.000000000 0.000000000 0.000000000 0.000244115
219 0.000000000 -0.000000000 0.000000000 0.000000000 0.000000000 0.000244115
220 0.000000000 -0.000000000 0.000000000 0.000000000 0.000000000 0.000244115
221 0.000000000 -0.000000000 0.000000000 0.000000000 0.000000000 0.000244115
222 0.000000000 -0.000000000 0.000000000 0.000000000 0.000000000 0.000244115
223 0.000000000 -0.000000000 0.000000000 0.000000000 0.000000000 0.000244115
time 9
0 -4.756345272 -18.758699417 0.000005000 0.169045457 -1.551226623 -1.501596462
1 88.476783752 -0.000055313 -0.000013590 3.141592654 -0.000000000 3.141592654
2 -43.495719910 -0.000049591 4.662870407 0.333260222 0.068400951 -3.134462909
3 9.507705688 0.000003815 -0.000020981 -0.154174524 -0.212247588 -0.084403535
4 23.267868042 2.189132690 -3.705406189 1.456154893 -0.000364046 1.571112984
5 11.648437500 0.000000954 0.000061035 -0.419394293 -0.111480543 0.964492962
6 29.776115417 -0.000017166 -0.000152588 0.073484192 0.093868313 -0.012544140
7 25.612224579 -0.000019073 0.000091553 2.458094000 0.445975356 0.104141378
8 8.674346924 -1.907180786 -2.936538696 -0.551336544 -0.109697996 1.608018152
9 0.000000000 -0.000000000 0.000000000 0.000000000 0.000000000 0.000244115
10 -43.495719910 -0.000049591 4.662870407 0.000000000 0.000000000 0.000000000
11 21.580337524 10.273413658 -4.495086670 0.021697619 -0.194130016 0.089158867
12 45.674194336 -0.000015259 0.000013351 -3.140173666 0.416460400 0.000035155
13 55.039112091 0.000005722 -0.000008106 -3.081798990 1.281042916 0.056956359
14 21.580284119 -10.273576736 -4.495073318 0.296450481 0.210256761 -0.152228849
15 45.674217224 0.000030518 -0.000011444 -3.141297078 0.808441039 0.000032558
16 55.039123535 -0.000038147 -0.000038147 3.102597511 1.141037797 -0.034871996
17 0.161666870 -1.532186508 -10.638456345 2.956990494 0.526752650 -0.151013429
18 14.463714600 -0.000007629 0.000000000 -0.081047097 0.098843631 0.122873034
19 20.708938599 -0.000022888 -0.000038147 0.097975097 -0.435384311 -0.342832195
20 20.709037781 -0.000005722 0.000030518 0.013035653 0.006106796 -0.088466032
21 20.709545135 -0.000009537 0.000030518 0.082831653 -0.154984765 0.012887985
22 0.118850708 -3.636028290 -10.382867813 2.434484515 0.425713259 -0.445235709
23 14.125000000 -0.000020981 -0.000015259 -0.035357820 0.066164596 0.134633092
24 20.265319824 -0.000019073 0.000000000 0.149400771 -0.352805485 -0.587237558
25 20.265319824 0.000000000 0.000015259 0.030666537 -0.008642216 -0.130147281
26 20.265625000 -0.000022888 -0.000003815 0.123441198 -0.110923635 0.012539870
27 0.430816650 -8.824714661 -7.827322006 2.282323870 0.372581612 -0.530156543
28 12.544494629 0.000007629 -0.000015259 -0.226312762 0.088937254 0.286364603
29 19.343734741 -0.000030518 -0.000045776 0.162540901 -0.244102972 -0.794400559
30 19.343750000 -0.000015259 -0.000012398 0.043398018 -0.014411632 -0.186470000
31 19.343750000 -0.000015259 0.000002861 0.093342565 -0.103909232 0.054682139
32 -0.019638062 -12.396471024 -3.323648453 2.008620014 0.143381469 -0.543463158
33 11.042053223 0.000005722 -0.000015259 -0.280019281 -0.016154575 0.312987514
34 19.073436737 -0.000005722 -0.000038147 0.145891018 -0.142716474 -0.953932969
35 19.073341370 -0.000015259 -0.000011444 0.045772766 -0.008249471 -0.227058804
36 19.073867798 -0.000007629 0.000007629 -0.027780791 -0.121876130 0.149460383
37 0.143417358 -12.177965164 2.328493118 1.518810137 -0.161343062 -0.494035262
38 10.827308655 0.000007629 -0.000030518 -0.131549432 -0.109362908 0.202705545
39 18.731544495 0.000003815 0.000000000 0.084334847 -0.017608841 -1.082785872
40 18.731609344 -0.000022888 -0.000007629 0.032942346 0.010974886 -0.237613258
41 18.732189178 -0.000022888 0.000003815 -0.175404907 -0.195814121 0.242546335
42 0.706604004 -9.159467697 6.887685776 0.979654380 -0.265100170 -0.190766461
43 10.843429565 -0.000005722 -0.000015259 -0.069004954 -0.288914202 0.137551559
44 18.864486694 0.000009537 -0.000022888 -0.081555259 0.218443590 -1.126851312
45 18.864482880 -0.000022888 0.000007629 0.008029896 0.037896998 -0.147005592
46 18.864944458 -0.000015259 -0.000007629 -0.285204721 -0.282617522 0.289021106
47 0.843048096 -2.753784180 9.486446381 0.706399089 -0.191889080 -0.034259716
48 10.832725525 0.000007629 0.000007629 -0.364999828 -0.321717952 0.221549338
49 19.399490356 0.000003815 -0.000045776 -0.264860678 0.442507811 -0.926852985
50 19.399677277 -0.000007629 -0.000015259 -0.020328212 -0.033745811 0.098197941
51 19.400068283 -0.000030518 -0.000015259 -0.179936730 -0.428399075 0.185958615
52 0.161682129 1.532159805 -10.638368607 -3.013842378 0.543413680 0.027915022
53 14.463706970 -0.000007629 -0.000015259 0.104403894 0.089976443 -0.015888168
54 20.708992004 -0.000017166 -0.000003815 0.010799182 -0.447005522 -0.054510131
55 20.709014893 0.000009537 0.000019073 -0.007243817 0.013637849 -0.074214689
56 20.709590912 -0.000006676 -0.000007629 -0.064421769 -0.144651026 0.083224303
57 0.118804932 3.636004448 -10.383043289 -2.469501322 0.494057419 0.352816628
58 14.125000000 -0.000015259 -0.000015259 0.054307670 0.064149439 -0.027718143
59 20.265319824 0.000003815 -0.000015259 -0.054196163 -0.357206495 0.166744311
60 20.265342712 0.000013351 -0.000003815 -0.025967738 0.011161505 -0.071723938
61 20.265625000 0.000001907 0.000007629 -0.105205472 -0.089332292 0.085107503
62 0.430816650 8.824708939 -7.827398300 -2.307420255 0.452967450 0.452620192
63 12.544555664 0.000015259 -0.000015259 0.245184585 0.067840966 -0.182236525
64 19.343750000 -0.000017166 -0.000007629 -0.092295214 -0.252202183 0.372509818
65 19.343750000 0.000003815 -0.000015259 -0.040053443 -0.019514236 -0.064287692
66 19.343750000 0.000011444 -0.000038147 -0.082675344 -0.079576628 0.044623398
67 -0.019577026 12.396468163 -3.323724747 -2.011439473 0.240529451 0.496970188
68 11.042060852 -0.000007629 0.000000000 0.285536427 -0.042143309 -0.210604091
69 19.073402405 -0.000001907 -0.000045776 -0.086742390 -0.090494783 0.549300578
70 19.073368073 0.000007629 -0.000030518 -0.046935344 -0.063321832 -0.062275248
71 19.073940277 0.000005722 -0.000030518 0.024702754 -0.107571286 -0.047670449
72 0.143478394 12.177964211 2.328407288 -1.513386731 -0.054237607 0.499916606
73 10.827339172 -0.000015259 0.000007629 0.124171125 -0.120014946 -0.095783260
74 18.731567383 0.000010490 -0.000007629 -0.014236089 0.162105183 0.694528581
75 18.731578827 -0.000010014 -0.000068665 -0.044938199 -0.161638487 -0.048424775
76 18.732147217 0.000002861 0.000030518 0.151081217 -0.198904426 -0.136094813
77 0.706604004 9.159472466 6.887771606 -0.986945522 -0.175781400 0.251635302
78 10.843391418 0.000004768 0.000003815 0.038460992 -0.293620479 -0.024626197
79 18.864517212 -0.000007629 -0.000038147 0.126243577 0.560526477 0.681552731
80 18.864459991 -0.000005722 -0.000007629 -0.055579090 -0.306002573 0.058378826
81 18.865047455 -0.000015259 -0.000038147 0.240280501 -0.303775304 -0.175747099
82 0.842971802 2.753786087 9.486438751 -0.713310361 -0.121941749 0.116538659
83 10.832771301 -0.000001907 0.000015259 0.329574558 -0.358807636 -0.112837668
84 19.399612427 0.000003815 -0.000038147 -0.029319870 0.777956335 0.056193196
85 19.399597168 -0.000022888 -0.000015259 -0.076070656 -0.266550154 0.223955817
86 19.400173187 -0.000011444 -0.000015259 0.109390654 -0.442391300 -0.056873665
87 23.268264771 -2.187709808 -3.705850601 -1.456154893 0.000364046 -1.570479669
88 11.648437500 -0.000030518 0.000030518 0.006590443 0.322425095 -0.493775651
89 19.962635040 1.182556152 -0.494796753 2.827724317 1.210077460 -0.137379431
90 25.357295990 1.346595764 -0.632659912 0.520728753 1.034613622 -2.548753898
91 10.585937500 0.000007629 -0.000022888 -0.623342345 0.227380332 0.017522868
92 29.775835037 0.000000000 -0.000091553 -0.250713367 -0.379329771 -0.544701043
93 22.736808777 -0.004570007 -0.007400513 -0.403634162 -0.194474916 -2.864551704
94 0.073730469 -0.706542969 -0.275878906 -1.087397808 0.716532235 0.929586017
95 13.120170593 0.000022888 0.000022888 -1.105693901 0.173609357 -0.476693072
96 12.350074768 -0.000015259 -0.000015259 -0.706562992 0.348300908 0.161920440
97 15.541244507 -0.000045776 -0.000007629 -0.187757329 0.047361271 0.303229879
98 14.906250000 -0.000015259 0.000003815 -0.202325887 0.009483150 0.345029318
99 14.182762146 -0.000030518 -0.000015259 -0.283436883 0.565158333 0.005035658
100 6.140625000 -0.523925781 -0.378906250 0.291271721 0.692139415 0.834613260
101 11.348442078 0.000007629 -0.000038147 -2.549692496 -0.407798713 -0.249053764
102 12.005210876 -0.000015259 -0.000030518 -0.307570915 0.325546818 0.206425181
103 15.865591049 -0.000022888 0.000007629 -0.335495575 0.158437280 0.329946272
104 14.851562500 -0.000015259 0.000007629 -0.602971193 0.548619168 -0.005326657
105 12.538974762 -0.414978027 -0.272300720 0.339456227 0.682680813 0.697636554
106 10.619346619 0.000000000 0.000007629 -3.133909248 -0.393132175 -0.207136497
107 12.043018341 -0.000015259 0.000030518 0.021425868 0.249835958 0.338165706
108 15.310400009 -0.000015259 -0.000015259 -0.421142219 0.518417852 -0.022033187
109 19.857913971 0.000007629 0.000000000 0.103542819 0.720408211 0.495456141
110 10.617187500 0.000015259 0.000022888 -0.258186528 -0.408854961 -0.278538053
111 11.091686249 0.000007629 -0.000030518 -2.957031938 -0.407219133 -0.279420241
112 25.612260818 0.000007629 -0.000152588 -0.952077214 -0.199340542 0.082461341
113 0.732421875 0.378173828 -0.043365479 -0.298448110 -0.042506783 0.541930270
114 9.421440125 0.000015259 -0.000022888 0.376985193 0.989139988 -0.158374132
115 3.208984375 -0.000007629 -0.000007629 -0.000900778 0.927088290 0.001093729
116 2.421096802 0.000022888 0.000019073 -0.050443158 0.688441461 -0.044503315
117 0.783203125 0.134643555 -0.023910522 -0.156336213 -0.123510422 0.279151765
118 9.940933228 -0.000007629 -0.000007629 0.161817679 0.963323119 -0.082617437
119 3.403709412 -0.000007629 -0.000015259 -0.009001117 0.689879404 -0.004885124
120 2.546600342 0.000007629 0.000000000 -0.042829088 0.678048449 -0.013732072
121 0.805175781 0.000000000 0.000000000 -0.007963538 -0.147251916 0.014089588
122 9.898437500 0.000000000 0.000038147 -0.011887432 0.857189831 0.004722858
123 3.537029266 0.000000000 -0.000030518 0.015666009 0.561720338 0.009460674
124 2.507812500 -0.000007629 0.000007629 0.001414853 0.592390064 0.014690864
125 0.821777344 -0.246826172 -0.028747559 0.155124828 -0.087466036 -0.272238366
126 9.687484741 -0.000026703 0.000015259 -0.214202260 0.792087249 0.164834178
127 3.679679871 0.000000000 0.000015259 -0.003198186 0.592472491 -0.001607877
128 2.700599670 0.000000000 -0.000015259 0.031346709 0.636686851 0.032782188
129 0.519042969 -0.395996094 -0.161987305 0.477878787 0.316754060 -0.763355711
130 6.753906250 -0.000005722 -0.000045776 -0.536221635 0.681769393 0.000560917
131 4.462627411 -0.000034332 0.000000000 -0.078001298 0.008849486 0.122395973
132 22.736743927 0.004549980 -0.007263184 0.386272848 0.083912810 -3.046456162
133 0.073730469 0.706542969 -0.276367188 2.430837524 0.856805018 0.623225173
134 13.119304657 0.000015259 -0.000015259 0.712654041 -0.008711925 0.288932879
135 12.350997925 0.000015259 -0.000015259 0.355146232 0.119052969 0.112342402
136 15.540859222 0.000000000 0.000030518 -0.255579332 0.090704654 0.064668306
137 14.906250000 -0.000011444 -0.000015259 -0.254128846 0.072572379 0.093343644
138 14.182880402 -0.000003815 0.000030518 -0.199413979 -0.005144335 0.012746161
139 6.140625000 0.523925781 -0.378662109 0.656459512 0.860942920 0.519398288
140 11.348976135 0.000007629 0.000015259 2.118276730 -0.273983684 -0.001070269
141 12.004642487 0.000000000 -0.000030518 -0.133970354 0.068577295 0.143987155
142 15.865940094 -0.000001907 -0.000015259 -0.135409038 0.031808472 0.108652729
143 14.851562500 -0.000002861 0.000000000 0.094088392 -0.014351378 -0.080889877
144 12.539043427 0.414962769 -0.272758484 0.389256244 0.805999326 0.473949185
145 10.619075775 -0.000001907 -0.000030518 2.687718913 -0.228623785 -0.072399976
146 12.043624878 -0.000003815 -0.000015259 -0.468606941 0.137327305 0.115481488
147 15.309879303 0.000001907 0.000015259 -0.136713112 -0.035751735 -0.028012700
148 19.857963562 -0.000022888 0.000038147 0.385407386 0.778256181 0.425372117
149 10.618190765 0.000000000 0.000000000 0.007595187 -0.298962672 0.064947283
150 11.091796875 0.000007629 -0.000015259 1.734527253 0.276612567 -1.082737266
151 0.732421875 -0.378417969 -0.043029785 0.298829922 -0.043211786 -0.541974052
152 9.421363831 -0.000030518 0.000007629 -0.470241755 1.108872100 0.050969701
153 3.208984375 0.000015259 0.000000000 0.000857873 1.057455893 -0.001098300
154 2.421054840 0.000000000 -0.000034332 0.043174526 0.819359608 0.045011662
155 0.783203125 -0.134643555 -0.023712158 0.156625597 -0.124254089 -0.279237635
156 9.941059113 0.000000000 -0.000030518 -0.258870176 1.208138449 -0.026394740
157 3.403701782 0.000000000 0.000030518 -0.009093961 0.939657871 -0.001132441
158 2.546592712 0.000000000 -0.000034332 0.050622334 0.928087349 0.026112669
159 0.805175781 0.000000000 0.000000000 0.007970885 -0.148203970 -0.014094421
160 9.898437500 -0.000015259 0.000015259 0.008520768 1.208195160 -0.016983373
161 3.537109375 -0.000030518 0.000015259 -0.000193491 0.912542382 0.000193491
162 2.507812500 -0.000030518 0.000007629 0.000320821 0.943623568 -0.000320821
163 0.821777344 0.246826172 -0.027450562 -0.155297577 -0.088051341 0.272296809
164 9.687324524 0.000015259 -0.000053406 0.342851519 1.121789534 -0.008737843
165 3.679656982 0.000000000 0.000030518 -0.002974323 0.934332562 -0.000146806
166 2.700630188 0.000000000 -0.000015259 -0.032371169 0.978263485 -0.042071145
167 0.519531250 0.395996094 -0.161743164 -0.478495596 0.316187846 0.763124936
168 6.753906250 -0.000007629 -0.000030518 0.300769486 0.115172368 -0.360966190
169 4.462749481 0.000000000 0.000030518 0.078557963 0.005930337 -0.087042230
170 86.264892578 0.000053406 0.000061035 1.452199491 -1.016608195 1.483114012
171 2.875000000 0.000007629 -0.000030518 0.257354621 0.259202843 0.309727324
172 8.134368896 0.000000000 0.000000000 0.038553119 -0.133201647 0.078783715
173 8.134399414 0.000000000 0.000000000 0.022730886 -0.007247252 -0.007937776
174 8.134391785 0.000000000 0.000000000 -0.003360230 0.018600834 -0.027136750
175 8.134384155 0.000000000 0.000000000 -0.093018681 0.032350490 -0.021642359
176 8.134384155 -0.000030518 -0.000045776 -0.113971007 0.029933724 -0.025486677
177 8.134384155 -0.000045776 -0.000030518 -0.143654868 0.031816270 -0.024533420
178 8.134399414 0.000000000 0.000000000 -0.178767312 0.034468972 -0.014790753
179 8.132812500 -0.000015259 -0.000030518 -0.068334582 0.178608529 0.127167520
180 86.264892578 0.000053406 0.000061035 -1.697725616 -1.277662483 -1.620920862
181 2.875000000 0.000015259 0.000000000 -0.351181574 0.309902982 -0.312265411
182 8.134414673 0.000000000 0.000000000 -0.153557892 -0.072007588 -0.154543488
183 8.134384155 0.000000000 0.000000000 -0.156079711 0.030476799 -0.038839942
184 8.134429932 0.000000000 -0.000038147 -0.149447311 0.046382165 -0.004858232
185 8.134384155 -0.000015259 -0.000011444 -0.353809175 0.055893846 -0.035697051
186 8.134384155 0.000015259 0.000026703 -0.318967380 0.042116221 -0.011584845
187 8.134368896 0.000000000 -0.000015259 -0.292889397 0.023381112 0.008854362
188 8.134399414 0.000000000 0.000015259 -0.255098304 0.009326352 0.013685275
189 8.132812500 0.000000000 0.000015259 -0.260945607 0.229749111 -0.175072315
190 25.357345581 -1.346612930 -0.631881714 0.764436440 0.766598726 -2.491364032
191 10.586948395 0.000007629 -0.000045776 0.698023049 -0.363831238 -0.468386144
192 19.962787628 -1.182558060 -0.493774414 -2.827724317 1.210077460 0.137379431
193 26.542861938 -0.000034332 5.258386612 -0.000098679 -0.575889304 -3.141563427
194 5.210937500 0.000003815 0.000015259 -0.056229688 0.426978695 0.024652910
195 11.580818176 0.000015259 -0.000030518 0.000000000 0.373150501 0.000000000
196 30.590713501 -0.110137939 0.305744171 -0.025160215 0.092764969 0.053886369
197 7.470626831 0.014289856 0.148300171 -0.273734666 0.324148369 -0.012901586
198 9.858001709 6.173873901 -12.156160355 2.343721255 0.103353816 3.040407058
199 9.858215332 -6.068092346 -12.208475113 -2.352349825 0.104146931 -3.041265021
200 20.049377441 0.061241150 -14.093141556 3.134587295 0.926499159 3.136067236
201 5.580184937 -0.000015259 0.000030518 -0.031189915 0.055320525 -0.040936858
202 6.841278076 -0.000007629 -0.000038147 -0.016015746 -0.206265898 -0.013789431
203 6.916412354 -0.000009537 0.000007629 -0.284057675 0.169796178 -0.000010178
204 24.600067139 -1.878257751 -11.667314529 -2.002800253 -0.732025296 -0.963281651
205 24.600067139 -1.878257751 -11.667314529 -1.536345236 -0.230748013 -1.702389711
206 24.600067139 -1.878257751 -11.667314529 -1.665549243 0.097947933 -2.370679697
207 24.599960327 1.980178833 -11.650854111 2.009399481 -0.739004495 0.958897021
208 24.599960327 1.980178833 -11.650854111 1.535182712 -0.239155086 1.702686470
209 24.599960327 1.980178833 -11.650854111 1.659403831 0.091981346 2.370144970
210 7.570648193 3.876312256 6.930494308 -2.049238070 1.047095500 -0.535595520
211 7.418060303 -3.974502563 7.604156494 1.014907748 -1.024031318 -2.618339091
212 -86.807075500 0.000003206 0.000005000 0.000000000 0.000000000 0.000244115
213 0.000000000 -0.000000000 0.000000000 0.000000000 0.000000000 0.000244115
214 0.000000000 -0.000000000 0.000000000 0.000000000 0.000000000 0.000244115
215 0.000000000 -0.000000000 0.000000000 0.000000000 0.000000000 0.000244115
216 0.000000000 -0.000000000 0.000000000 0.000000000 0.000000000 0.000244115
217 0.000000000 -0.000000000 0.000000000 0.000000000 0.000000000 0.000244115
218 0.000000000 -0.000000000 0.000000000 0.000000000 0.000000000 0.000244115
219 0.000000000 -0.000000000 0.000000000 0.000000000 0.000000000 0.000244115
220 0.000000000 -0.000000000 0.000000000 0.000000000 0.000000000 0.000244115
221 0.000000000 -0.000000000 0.000000000 0.000000000 0.000000000 0.000244115
222 0.000000000 -0.000000000 0.000000000 0.000000000 0.000000000 0.000244115
223 0.000000000 -0.000000000 0.000000000 0.000000000 0.000000000 0.000244115
time 10
0 -3.234316111 -22.566780090 0.000005000 0.235929169 -1.514815213 -1.494237541
1 88.476783752 -0.000055313 -0.000013590 3.141592654 0.000000000 3.141592654
2 -43.495719910 -0.000049591 4.662870407 0.377209484 0.072288550 -3.133504388
3 9.507705688 0.000003815 -0.000020981 -0.047087855 -0.202694776 -0.070558340
4 23.267868042 2.189132690 -3.705406189 1.456154893 -0.000364046 1.571112984
5 11.648437500 0.000000954 0.000061035 -0.476998037 -0.164529255 1.090425482
6 29.776115417 -0.000017166 -0.000152588 0.083119544 0.105779797 -0.014197554
7 25.612224579 -0.000019073 0.000091553 2.460227916 0.433318189 0.326833689
8 8.674346924 -1.907180786 -2.936538696 -0.551336544 -0.109697996 1.608018152
9 0.000000000 -0.000000000 0.000000000 0.000000000 0.000000000 0.000244115
10 -43.495719910 -0.000049591 4.662870407 0.000000000 0.000000000 0.000000000
11 21.580337524 10.273413658 -4.495086670 0.026137401 -0.213332346 0.062499567
12 45.674194336 -0.000015259 0.000013351 -3.140161091 0.451640141 0.000063189
13 55.039112091 0.000005722 -0.000008106 -3.079073677 1.299502259 0.059870151
14 21.580284119 -10.273576736 -4.495073318 0.332775314 0.251777084 -0.169229551
15 45.674217224 0.000030518 -0.000011444 -3.141297078 0.808441039 0.000032558
16 55.039123535 -0.000038147 -0.000038147 3.102597511 1.141037797 -0.034871996
17 0.161666870 -1.532186508 -10.638456345 2.956990494 0.526752650 -0.151013429
18 14.463714600 -0.000007629 0.000000000 -0.081047097 0.098843631 0.122873034
19 20.708938599 -0.000022888 -0.000038147 0.104194748 -0.425041492 -0.375797540
20 20.709037781 -0.000005722 0.000030518 0.020488934 -0.060168929 -0.131372959
21 20.709545135 -0.000009537 0.000030518 0.082831653 -0.154984765 0.012887985
22 0.118850708 -3.636028290 -10.382867813 2.434484465 0.425713324 -0.445235796
23 14.125000000 -0.000020981 -0.000015259 -0.035357820 0.066164596 0.134633092
24 20.265319824 -0.000019073 0.000000000 0.148848357 -0.333096106 -0.614471476
25 20.265319824 0.000000000 0.000015259 0.039488704 -0.057777422 -0.197689212
26 20.265625000 -0.000022888 -0.000003815 0.123441198 -0.110923635 0.012539870
27 0.430816650 -8.824714661 -7.827322006 2.282323870 0.372581612 -0.530156543
28 12.544494629 0.000007629 -0.000015259 -0.226312762 0.088937254 0.286364603
29 19.343734741 -0.000030518 -0.000045776 0.153828848 -0.217194307 -0.814096142
30 19.343750000 -0.000015259 -0.000012398 0.052084065 -0.044070158 -0.266641947
31 19.343750000 -0.000015259 0.000002861 0.093342565 -0.103909232 0.054682139
32 -0.019638062 -12.396471024 -3.323648453 2.008620014 0.143381469 -0.543463158
33 11.042053223 0.000005722 -0.000015259 -0.280019281 -0.016154575 0.312987514
34 19.073436737 -0.000005722 -0.000038147 0.129792124 -0.110195291 -0.967462927
35 19.073341370 -0.000015259 -0.000011444 0.053529353 -0.023374283 -0.319934386
36 19.073867798 -0.000007629 0.000007629 -0.027780791 -0.121876130 0.149460383
37 0.143417358 -12.177965164 2.328493118 1.518810137 -0.161343062 -0.494035262
38 10.827308655 0.000007629 -0.000030518 -0.131549432 -0.109362908 0.202705545
39 18.731544495 0.000003815 0.000000000 0.058539353 0.023339878 -1.088909497
40 18.731609344 -0.000022888 -0.000007629 0.037980543 0.013233392 -0.351471344
41 18.732189178 -0.000022888 0.000003815 -0.175404907 -0.195814121 0.242546335
42 0.706604004 -9.159467697 6.887685776 0.979654380 -0.265100170 -0.190766461
43 10.843429565 -0.000005722 -0.000015259 -0.069004954 -0.288914202 0.137551559
44 18.864486694 0.000009537 -0.000022888 -0.117999241 0.272149861 -1.121864175
45 18.864482880 -0.000022888 0.000007629 0.005743549 0.080748348 -0.307658285
46 18.864944458 -0.000015259 -0.000007629 -0.285204721 -0.282617522 0.289021106
47 0.843048096 -2.753784180 9.486446381 0.706399089 -0.191889080 -0.034259716
48 10.832725525 0.000007629 0.000007629 -0.364999828 -0.321717952 0.221549338
49 19.399490356 0.000003815 -0.000045776 -0.242197673 0.340532713 -0.863309111
50 19.399677277 -0.000007629 -0.000015259 -0.017603884 0.110010388 -0.108912344
51 19.400068283 -0.000030518 -0.000015259 -0.179936730 -0.428399075 0.185958615
52 0.161682129 1.532159805 -10.638368607 -3.013842378 0.543413680 0.027915022
53 14.463706970 -0.000007629 -0.000015259 0.104403894 0.089976443 -0.015888168
54 20.708992004 -0.000017166 -0.000003815 0.019417130 -0.449035525 -0.087688729
55 20.709014893 0.000009537 0.000019073 -0.002180972 -0.056588139 -0.078624669
56 20.709590912 -0.000006676 -0.000007629 -0.064421769 -0.144651026 0.083224303
57 0.118804932 3.636004448 -10.383043289 -2.469501322 0.494057419 0.352816628
58 14.125000000 -0.000015259 -0.000015259 0.054307670 0.064149439 -0.027718143
59 20.265319824 0.000003815 -0.000015259 -0.048732731 -0.366209608 0.138459581
60 20.265342712 0.000013351 -0.000003815 -0.023212802 -0.043860218 -0.044134041
61 20.265625000 0.000001907 0.000007629 -0.105205472 -0.089332292 0.085107503
62 0.430816650 8.824708939 -7.827398300 -2.307420255 0.452967450 0.452620192
63 12.544555664 0.000015259 -0.000015259 0.245184585 0.067840966 -0.182236525
64 19.343750000 -0.000017166 -0.000007629 -0.090796315 -0.267276343 0.348309945
65 19.343750000 0.000003815 -0.000015259 -0.040358303 -0.050536657 -0.005543373
66 19.343750000 0.000011444 -0.000038147 -0.082675344 -0.079576628 0.044623398
67 -0.019577026 12.396468163 -3.323724747 -2.011439473 0.240529451 0.496970188
68 11.042060852 -0.000007629 0.000000000 0.285536427 -0.042143309 -0.210604091
69 19.073402405 -0.000001907 -0.000045776 -0.090838289 -0.112883904 0.532206980
70 19.073368073 0.000007629 -0.000030518 -0.051268946 -0.056148448 0.026490631
71 19.073940277 0.000005722 -0.000030518 0.024702754 -0.107571286 -0.047670449
72 0.143478394 12.177964211 2.328407288 -1.513386731 -0.054237607 0.499916606
73 10.827339172 -0.000015259 0.000007629 0.124171125 -0.120014946 -0.095783260
74 18.731567383 0.000010490 -0.000007629 -0.025645541 0.128447497 0.690154066
75 18.731578827 -0.000010014 -0.000068665 -0.055529139 -0.081456305 0.060260475
76 18.732147217 0.000002861 0.000030518 0.151081217 -0.198904426 -0.136094813
77 0.706604004 9.159472466 6.887771606 -0.986945522 -0.175781400 0.251635302
78 10.843391418 0.000004768 0.000003815 0.038460992 -0.293620479 -0.024626197
79 18.864517212 -0.000007629 -0.000038147 0.117226557 0.516519236 0.708357535
80 18.864459991 -0.000005722 -0.000007629 -0.058707010 -0.114075758 0.117847850
81 18.865047455 -0.000015259 -0.000038147 0.240280501 -0.303775304 -0.175747099
82 0.842971802 2.753786087 9.486438751 -0.713310361 -0.121941749 0.116538659
83 10.832771301 -0.000001907 0.000015259 0.329574558 -0.358807636 -0.112837668
84 19.399612427 0.000003815 -0.000038147 -0.026000205 0.622380826 0.068642005
85 19.399597168 -0.000022888 -0.000015259 -0.049290386 -0.028127389 0.144073312
86 19.400173187 -0.000011444 -0.000015259 0.109395722 -0.442479549 -0.056880201
87 23.268264771 -2.187709808 -3.705850601 -1.456154893 0.000364046 -1.570479669
88 11.648437500 -0.000030518 0.000030518 0.075507669 0.370302366 -0.376935741
89 19.962635040 1.182556152 -0.494796753 2.827724317 1.210077460 -0.137379431
90 25.357295990 1.346595764 -0.632659912 0.947211600 1.263797670 -2.117222704
91 10.585937500 0.000007629 -0.000022888 -0.623342345 0.227380332 0.017522868
92 29.775835037 0.000000000 -0.000091553 -0.348125180 -0.548522897 -0.470104201
93 22.736808777 -0.004570007 -0.007400513 -0.403634162 -0.194474916 -2.864551704
94 0.073730469 -0.706542969 -0.275878906 -1.003010794 0.780735420 1.003645121
95 13.120170593 0.000022888 0.000022888 -1.133083892 0.221299855 -0.586588984
96 12.350074768 -0.000015259 -0.000015259 -0.677019064 0.484360901 0.188030605
97 15.541244507 -0.000045776 -0.000007629 -0.161182277 0.090932097 0.368037696
98 14.906250000 -0.000015259 0.000003815 -0.201616904 0.007987564 0.338478776
99 14.182762146 -0.000030518 -0.000015259 -0.283436883 0.565158333 0.005035658
100 6.140625000 -0.523925781 -0.378906250 0.372623893 0.764987043 0.904890917
101 11.348442078 0.000007629 -0.000038147 -2.503002206 -0.513902782 -0.363786539
102 12.005210876 -0.000015259 -0.000030518 -0.259076247 0.469789955 0.260593045
103 15.865591049 -0.000022888 0.000007629 -0.301752127 0.216036733 0.380652834
104 14.851562500 -0.000015259 0.000007629 -0.602971193 0.548619168 -0.005326657
105 12.538974762 -0.414978027 -0.272300720 0.389819728 0.769619129 0.735613179
106 10.619346619 0.000000000 0.000007629 -3.070154445 -0.531676271 -0.360448940
107 12.043018341 -0.000015259 0.000030518 0.092900271 0.355656224 0.463138271
108 15.310400009 -0.000015259 -0.000015259 -0.421142219 0.518417852 -0.022033187
109 19.857913971 0.000007629 0.000000000 0.043738076 0.831628825 0.417563383
110 10.617187500 0.000015259 0.000022888 -0.143004006 -0.546476944 -0.531536068
111 11.091686249 0.000007629 -0.000030518 -2.957031938 -0.407219133 -0.279420241
112 25.612260818 0.000007629 -0.000152588 -0.952077214 -0.199340542 0.082461341
113 0.732421875 0.378173828 -0.043365479 -0.298448110 -0.042506783 0.541930270
114 9.421440125 0.000015259 -0.000022888 0.376985193 0.989139988 -0.158374132
115 3.208984375 -0.000007629 -0.000007629 -0.000900778 0.927088290 0.001093729
116 2.421096802 0.000022888 0.000019073 -0.050443158 0.688441461 -0.044503315
117 0.783203125 0.134643555 -0.023910522 -0.156336213 -0.123510422 0.279151765
118 9.940933228 -0.000007629 -0.000007629 0.161817679 0.963323119 -0.082617437
119 3.403709412 -0.000007629 -0.000015259 -0.009001117 0.689879404 -0.004885124
120 2.546600342 0.000007629 0.000000000 -0.042829088 0.678048449 -0.013732072
121 0.805175781 0.000000000 0.000000000 -0.007963538 -0.147251916 0.014089588
122 9.898437500 0.000000000 0.000038147 -0.011887432 0.857189831 0.004722858
123 3.537029266 0.000000000 -0.000030518 0.015666009 0.561720338 0.009460674
124 2.507812500 -0.000007629 0.000007629 0.001414853 0.592390064 0.014690864
125 0.821777344 -0.246826172 -0.028747559 0.155124828 -0.087466036 -0.272238366
126 9.687484741 -0.000026703 0.000015259 -0.214202260 0.792087249 0.164834178
127 3.679679871 0.000000000 0.000015259 -0.003198186 0.592472491 -0.001607877
128 2.700599670 0.000000000 -0.000015259 0.031346709 0.636686851 0.032782188
129 0.519042969 -0.395996094 -0.161987305 0.477878787 0.316754060 -0.763355711
130 6.753906250 -0.000005722 -0.000045776 -0.536221635 0.681769393 0.000560917
131 4.462627411 -0.000034332 0.000000000 -0.078001298 0.008849486 0.122395973
132 22.736743927 0.004549980 -0.007263184 0.365390476 0.091718647 -3.106095497
133 0.073730469 0.706542969 -0.276367188 2.412038270 0.820167193 0.596585211
134 13.119304657 0.000015259 -0.000015259 0.709553102 0.002594258 0.316431707
135 12.350997925 0.000015259 -0.000015259 0.354766696 0.136037591 0.117532134
136 15.540859222 0.000000000 0.000030518 -0.255904721 0.096929499 0.061509128
137 14.906250000 -0.000011444 -0.000015259 -0.254623535 0.065169350 0.089818496
138 14.182880402 -0.000003815 0.000030518 -0.180153001 0.017782172 0.007841085
139 6.140625000 0.523925781 -0.378662109 0.628135636 0.818680139 0.488249358
140 11.348976135 0.000007629 0.000015259 2.112729465 -0.303165769 0.006574329
141 12.004642487 0.000000000 -0.000030518 -0.134110250 0.081508423 0.153743832
142 15.865940094 -0.000001907 -0.000015259 -0.135074942 0.036397297 0.108870616
143 14.851562500 -0.000002861 0.000000000 0.110493583 0.009716700 -0.083343395
144 12.539043427 0.414962769 -0.272758484 0.360692272 0.755588702 0.442421094
145 10.619075775 -0.000001907 -0.000030518 2.684548328 -0.258700341 -0.073063644
146 12.043624878 -0.000003815 -0.000015259 -0.468836829 0.152850498 0.120300945
147 15.309879303 0.000001907 0.000015259 -0.121698016 -0.011439864 -0.033031123
148 19.857963562 -0.000022888 0.000038147 0.354164715 0.719185346 0.391630813
149 10.618190765 0.000000000 0.000000000 0.006567997 -0.333354899 0.071298342
150 11.091796875 0.000007629 -0.000015259 1.786626917 0.248161552 -1.006491938
151 0.732421875 -0.378417969 -0.043029785 0.298829922 -0.043211786 -0.541974052
152 9.421363831 -0.000030518 0.000007629 -0.470241755 1.108872100 0.050969701
153 3.208984375 0.000015259 0.000000000 0.000857873 1.057455893 -0.001098300
154 2.421054840 0.000000000 -0.000034332 0.043174526 0.819359608 0.045011662
155 0.783203125 -0.134643555 -0.023712158 0.156625597 -0.124254089 -0.279237635
156 9.941059113 0.000000000 -0.000030518 -0.258870176 1.208138449 -0.026394740
157 3.403701782 0.000000000 0.000030518 -0.009093961 0.939657871 -0.001132441
158 2.546592712 0.000000000 -0.000034332 0.050622334 0.928087349 0.026112669
159 0.805175781 0.000000000 0.000000000 0.007970885 -0.148203970 -0.014094421
160 9.898437500 -0.000015259 0.000015259 0.008520768 1.208195160 -0.016983373
161 3.537109375 -0.000030518 0.000015259 -0.000193491 0.912542382 0.000193491
162 2.507812500 -0.000030518 0.000007629 0.000320821 0.943623568 -0.000320821
163 0.821777344 0.246826172 -0.027450562 -0.155297577 -0.088051341 0.272296809
164 9.687324524 0.000015259 -0.000053406 0.342851519 1.121789534 -0.008737843
165 3.679656982 0.000000000 0.000030518 -0.002974323 0.934332562 -0.000146806
166 2.700630188 0.000000000 -0.000015259 -0.032371169 0.978263485 -0.042071145
167 0.519531250 0.395996094 -0.161743164 -0.478495596 0.316187846 0.763124936
168 6.753906250 -0.000007629 -0.000030518 0.300769486 0.115172368 -0.360966190
169 4.462749481 0.000000000 0.000030518 0.078557963 0.005930337 -0.087042230
170 86.264892578 0.000053406 0.000061035 1.372525356 -0.978647657 1.619225133
171 2.875000000 0.000007629 -0.000030518 0.240630170 0.286848693 0.297945489
172 8.134368896 0.000000000 0.000000000 0.029116846 -0.124334397 0.063241586
173 8.134399414 0.000000000 0.000000000 0.013987320 -0.000278259 -0.021927377
174 8.134391785 0.000000000 0.000000000 -0.004531722 0.026756434 -0.041844826
175 8.134384155 0.000000000 0.000000000 -0.080323832 0.041533404 -0.037269945
176 8.134384155 -0.000030518 -0.000045776 -0.079262559 0.040175840 -0.041513633
177 8.134384155 -0.000045776 -0.000030518 -0.079196904 0.042026433 -0.040635746
178 8.134399414 0.000000000 0.000000000 -0.079613573 0.043972677 -0.030525819
179 8.132812500 -0.000015259 -0.000030518 -0.068334582 0.178608529 0.127167520
180 86.264892578 0.000053406 0.000061035 -1.451465408 -1.295522869 -1.935177809
181 2.875000000 0.000015259 0.000000000 -0.350137049 0.348740105 -0.321819015
182 8.134414673 0.000000000 0.000000000 -0.134910277 -0.052441080 -0.152999615
183 8.134384155 0.000000000 0.000000000 -0.132345251 0.044449429 -0.036953004
184 8.134429932 0.000000000 -0.000038147 -0.123384932 0.060476698 -0.002525542
185 8.134384155 -0.000015259 -0.000011444 -0.322953176 0.070417994 -0.033352592
186 8.134384155 0.000015259 0.000026703 -0.284247794 0.056464030 -0.005202874
187 8.134368896 0.000000000 -0.000015259 -0.254504685 0.036600711 0.019425851
188 8.134399414 0.000000000 0.000015259 -0.211717421 0.019840643 0.027407155
189 8.132812500 0.000000000 0.000015259 -0.260945607 0.229749111 -0.175072315
190 25.357345581 -1.346612930 -0.631881714 0.559643914 0.718968685 -2.678365031
191 10.586948395 0.000007629 -0.000045776 0.693933442 -0.331182080 -0.443512429
192 19.962787628 -1.182558060 -0.493774414 -2.827724317 1.210077460 0.137379431
193 26.542861938 -0.000034332 5.258386612 -0.000098679 -0.575889304 -3.141563427
194 5.210937500 0.000003815 0.000015259 -0.029013546 0.417777588 0.116938640
195 11.580818176 0.000015259 -0.000030518 0.000000000 0.373150501 0.000000000
196 30.590713501 -0.110137939 0.305744171 -0.137245344 0.078966555 0.087685020
197 7.470626831 0.014289856 0.148300171 -0.309163920 0.324165755 -0.012807726
198 9.858001709 6.173873901 -12.156160355 2.343721255 0.103353816 3.040407058
199 9.858215332 -6.068092346 -12.208475113 -2.352349825 0.104146931 -3.041265021
200 20.049377441 0.061241150 -14.093141556 3.134587295 0.926499159 3.136067236
201 5.580184937 -0.000015259 0.000030518 -0.033906887 0.072704155 -0.057910184
202 6.841278076 -0.000007629 -0.000038147 -0.009528848 -0.210701999 -0.023991137
203 6.916412354 -0.000009537 0.000007629 -0.284057675 0.169796178 -0.000010178
204 24.600067139 -1.878257751 -11.667314529 -2.002800253 -0.732025296 -0.963281651
205 24.600067139 -1.878257751 -11.667314529 -1.536345236 -0.230748013 -1.702389711
206 24.600067139 -1.878257751 -11.667314529 -1.665549243 0.097947933 -2.370679697
207 24.599960327 1.980178833 -11.650854111 2.009399481 -0.739004495 0.958897021
208 24.599960327 1.980178833 -11.650854111 1.535182712 -0.239155086 1.702686470
209 24.599960327 1.980178833 -11.650854111 1.659403831 0.091981346 2.370144970
210 7.570648193 3.876312256 6.930494308 -2.049238070 1.047095500 -0.535595520
211 7.418060303 -3.974502563 7.604156494 1.014907748 -1.024031318 -2.618339091
212 -86.807075500 0.000003206 0.000005000 0.000000000 0.000000000 0.000244115
213 0.000000000 -0.000000000 0.000000000 0.000000000 0.000000000 0.000244115
214 0.000000000 -0.000000000 0.000000000 0.000000000 0.000000000 0.000244115
215 0.000000000 -0.000000000 0.000000000 0.000000000 0.000000000 0.000244115
216 0.000000000 -0.000000000 0.000000000 0.000000000 0.000000000 0.000244115
217 0.000000000 -0.000000000 0.000000000 0.000000000 0.000000000 0.000244115
218 0.000000000 -0.000000000 0.000000000 0.000000000 0.000000000 0.000244115
219 0.000000000 -0.000000000 0.000000000 0.000000000 0.000000000 0.000244115
220 0.000000000 -0.000000000 0.000000000 0.000000000 0.000000000 0.000244115
221 0.000000000 -0.000000000 0.000000000 0.000000000 0.000000000 0.000244115
222 0.000000000 -0.000000000 0.000000000 0.000000000 0.000000000 0.000244115
223 0.000000000 -0.000000000 0.000000000 0.000000000 0.000000000 0.000244115
time 11
0 -1.926318884 -25.839353561 0.000005000 0.292958419 -1.483543572 -1.488148531
1 88.476783752 -0.000055313 -0.000013590 3.141592654 0.000000000 3.141592654
2 -43.495719910 -0.000049591 4.662870407 0.414986451 0.075770880 -3.132695390
3 9.507705688 0.000003815 -0.000020981 0.044858721 -0.194463673 -0.058687141
4 23.267868042 2.189132690 -3.705406189 1.456154893 -0.000364046 1.571112984
5 11.648437500 0.000000954 0.000061035 -0.526516078 -0.215949273 1.198565118
6 29.776115417 -0.000017166 -0.000152588 0.091469441 0.116049797 -0.015628913
7 25.612224579 -0.000019073 0.000091553 2.428417935 0.494432358 0.456938695
8 8.674346924 -1.907180786 -2.936538696 -0.551336544 -0.109697996 1.608018152
9 0.000000000 -0.000000000 0.000000000 0.000000000 0.000000000 0.000244115
10 -43.495719910 -0.000049591 4.662870407 0.000000000 0.000000000 0.000000000
11 21.580337524 10.273413658 -4.495086670 0.029935307 -0.229904126 0.039562100
12 45.674194336 -0.000015259 0.000013351 -3.140148926 0.481716883 0.000087971
13 55.039112091 0.000005722 -0.000008106 -3.076522940 1.315367300 0.062485192
14 21.580284119 -10.273576736 -4.495073318 0.363857842 0.287419532 -0.183838418
15 45.674217224 0.000030518 -0.000011444 -3.141297078 0.808441039 0.000032558
16 55.039123535 -0.000038147 -0.000038147 3.102597511 1.141037797 -0.034871996
17 0.161666870 -1.532186508 -10.638456345 2.956990494 0.526752650 -0.151013429
18 14.463714600 -0.000007629 0.000000000 -0.081047097 0.098843631 0.122873034
19 20.708938599 -0.000022888 -0.000038147 0.104570146 -0.404953480 -0.391701893
20 20.709037781 -0.000005722 0.000030518 0.028211063 -0.104319412 -0.167807798
21 20.709545135 -0.000009537 0.000030518 0.082831653 -0.154984765 0.012887985
22 0.118850708 -3.636028290 -10.382867813 2.434484515 0.425713259 -0.445235709
23 14.125000000 -0.000020981 -0.000015259 -0.035357820 0.066164596 0.134633092
24 20.265319824 -0.000019073 0.000000000 0.142799053 -0.309248056 -0.620293690
25 20.265319824 0.000000000 0.000015259 0.047894844 -0.087301900 -0.249897971
26 20.265625000 -0.000022888 -0.000003815 0.123441198 -0.110923635 0.012539870
27 0.430816650 -8.824714661 -7.827322006 2.282323870 0.372581612 -0.530156543
28 12.544494629 0.000007629 -0.000015259 -0.226312762 0.088937254 0.286364603
29 19.343734741 -0.000030518 -0.000045776 0.142612253 -0.191160960 -0.810939642
30 19.343750000 -0.000015259 -0.000012398 0.059335407 -0.058515080 -0.325914044
31 19.343750000 -0.000015259 0.000002861 0.093342565 -0.103909232 0.054682139
32 -0.019638062 -12.396471024 -3.323648453 2.008620014 0.143381469 -0.543463158
33 11.042053223 0.000005722 -0.000015259 -0.280019281 -0.016154575 0.312987514
34 19.073436737 -0.000005722 -0.000038147 0.114402272 -0.082098777 -0.956695758
35 19.073341370 -0.000015259 -0.000011444 0.059103845 -0.026441802 -0.386617796
36 19.073867798 -0.000007629 0.000007629 -0.027780791 -0.121876130 0.149460383
37 0.143417358 -12.177965164 2.328493118 1.518810137 -0.161343062 -0.494035262
38 10.827308655 0.000007629 -0.000030518 -0.131549432 -0.109362908 0.202705545
39 18.731544495 0.000003815 0.000000000 0.038096717 0.056348388 -1.068581887
40 18.731609344 -0.000022888 -0.000007629 0.039950517 0.025062167 -0.429500434
41 18.732189178 -0.000022888 0.000003815 -0.175404907 -0.195814121 0.242546335
42 0.706604004 -9.159467697 6.887685776 0.979654380 -0.265100170 -0.190766461
43 10.843429565 -0.000005722 -0.000015259 -0.069004954 -0.288914202 0.137551559
44 18.864486694 0.000009537 -0.000022888 -0.139067588 0.312784838 -1.086104285
45 18.864482880 -0.000022888 0.000007629 -0.002390879 0.126540059 -0.409771014
46 18.864944458 -0.000015259 -0.000007629 -0.285204721 -0.282617522 0.289021106
47 0.843048096 -2.753784180 9.486446381 0.706399089 -0.191889080 -0.034259716
48 10.832725525 0.000007629 0.000007629 -0.364999828 -0.321717952 0.221549338
49 19.399490356 0.000003815 -0.000045776 -0.211902611 0.266255969 -0.778172791
50 19.399677277 -0.000007629 -0.000015259 -0.033875230 0.233457769 -0.228962467
51 19.400068283 -0.000030518 -0.000015259 -0.179936730 -0.428399075 0.185958615
52 0.161682129 1.532159805 -10.638368607 -3.013842378 0.543413680 0.027915022
53 14.463706970 -0.000007629 -0.000015259 0.104403894 0.089976443 -0.015888168
54 20.708992004 -0.000017166 -0.000003815 0.025509075 -0.437670627 -0.112993486
55 20.709014893 0.000009537 0.000019073 0.002640122 -0.107244478 -0.087821025
56 20.709590912 -0.000006676 -0.000007629 -0.064421769 -0.144651026 0.083224303
57 0.118804932 3.636004448 -10.383043289 -2.469501322 0.494057419 0.352816628
58 14.125000000 -0.000015259 -0.000015259 0.054307670 0.064149439 -0.027718143
59 20.265319824 0.000003815 -0.000015259 -0.042022210 -0.363139575 0.109582683
60 20.265342712 0.000013351 -0.000003815 -0.021411443 -0.086488080 -0.028364951
61 20.265625000 0.000001907 0.000007629 -0.105205472 -0.089332292 0.085107503
62 0.430816650 8.824708939 -7.827398300 -2.307420255 0.452967450 0.452620192
63 12.544555664 0.000015259 -0.000015259 0.245184585 0.067840966 -0.182236525
64 19.343750000 -0.000017166 -0.000007629 -0.085932444 -0.273081154 0.316557988
65 19.343750000 0.000003815 -0.000015259 -0.041218019 -0.078648770 0.035233843
66 19.343750000 0.000011444 -0.000038147 -0.082675344 -0.079576628 0.044623398
67 -0.019577026 12.396468163 -3.323724747 -2.011439473 0.240529451 0.496970188
68 11.042060852 -0.000007629 0.000000000 0.285536427 -0.042143309 -0.210604091
69 19.073402405 -0.000001907 -0.000045776 -0.091482915 -0.130056189 0.500298186
70 19.073368073 0.000007629 -0.000030518 -0.053994519 -0.059348216 0.094588156
71 19.073940277 0.000005722 -0.000030518 0.024702754 -0.107571286 -0.047670449
72 0.143478394 12.177964211 2.328407288 -1.513386731 -0.054237607 0.499916606
73 10.827339172 -0.000015259 0.000007629 0.124171125 -0.120014946 -0.095783260
74 18.731567383 0.000010490 -0.000007629 -0.037328741 0.093847434 0.662755900
75 18.731578827 -0.000010014 -0.000068665 -0.058103814 -0.032987113 0.152068301
76 18.732147217 0.000002861 0.000030518 0.151081217 -0.198904426 -0.136094813
77 0.706604004 9.159472466 6.887771606 -0.986945522 -0.175781400 0.251635302
78 10.843391418 0.000004768 0.000003815 0.038460992 -0.293620479 -0.024626197
79 18.864517212 -0.000007629 -0.000038147 0.095385457 0.460570996 0.700685679
80 18.864459991 -0.000005722 -0.000007629 -0.053548244 0.020665306 0.188147115
81 18.865047455 -0.000015259 -0.000038147 0.240280501 -0.303775304 -0.175747099
82 0.842971802 2.753786087 9.486438751 -0.713310361 -0.121941749 0.116538659
83 10.832771301 -0.000001907 0.000015259 0.329574558 -0.358807636 -0.112837668
84 19.399612427 0.000003815 -0.000038147 -0.023508300 0.492410395 0.079029642
85 19.399597168 -0.000022888 -0.000015259 -0.038614596 0.154041113 0.125606942
86 19.400173187 -0.000011444 -0.000015259 0.109395715 -0.442479516 -0.056880197
87 23.268264771 -2.187709808 -3.705850601 -1.456154893 0.000364046 -1.570479669
88 11.648437500 -0.000030518 0.000030518 0.134806561 0.411433676 -0.273421715
89 19.962635040 1.182556152 -0.494796753 2.827724317 1.210077460 -0.137379431
90 25.357295990 1.346595764 -0.632659912 2.164940528 1.163193629 -0.914254468
91 10.585937500 0.000007629 -0.000022888 -0.623342345 0.227380332 0.017522868
92 29.775835037 0.000000000 -0.000091553 -0.431834161 -0.694023443 -0.405951520
93 22.736808777 -0.004570007 -0.007400513 -0.403634162 -0.194474916 -2.864551704
94 0.073730469 -0.706542969 -0.275878906 -0.792249392 0.849020690 1.195475329
95 13.120170593 0.000022888 0.000022888 -1.164309969 0.210204621 -0.704178077
96 12.350074768 -0.000015259 -0.000015259 -0.669294428 0.663394971 0.173924844
97 15.541244507 -0.000045776 -0.000007629 -0.123060430 0.182961284 0.455264705
98 14.906250000 -0.000015259 0.000003815 -0.193873524 0.030478362 0.359394395
99 14.182762146 -0.000030518 -0.000015259 -0.283436883 0.565158333 0.005035658
100 6.140625000 -0.523925781 -0.378906250 0.604075434 0.850907871 1.117857847
101 11.348442078 0.000007629 -0.000038147 -2.467412640 -0.656823190 -0.435016097
102 12.005210876 -0.000015259 -0.000030518 -0.212239828 0.677367379 0.290106710
103 15.865591049 -0.000022888 0.000007629 -0.254062230 0.330389462 0.440313978
104 14.851562500 -0.000015259 0.000007629 -0.602971193 0.548619168 -0.005326657
105 12.538974762 -0.414978027 -0.272300720 0.626208160 0.890617715 0.954964302
106 10.619346619 0.000000000 0.000007629 -2.982495106 -0.725790821 -0.510831013
107 12.043018341 -0.000015259 0.000030518 0.206240804 0.529023728 0.622579317
108 15.310400009 -0.000015259 -0.000015259 -0.421142219 0.518417852 -0.022033187
109 19.857913971 0.000007629 0.000000000 0.185302647 1.038627174 0.539068031
110 10.617187500 0.000015259 0.000022888 0.091595525 -0.722645933 -0.918857411
111 11.091686249 0.000007629 -0.000030518 -2.957031938 -0.407219133 -0.279420241
112 25.612260818 0.000007629 -0.000152588 -0.952077214 -0.199340542 0.082461341
113 0.732421875 0.378173828 -0.043365479 -0.298448110 -0.042506783 0.541930270
114 9.421440125 0.000015259 -0.000022888 0.376985193 0.989139988 -0.158374132
115 3.208984375 -0.000007629 -0.000007629 -0.000900778 0.927088290 0.001093729
116 2.421096802 0.000022888 0.000019073 -0.050443158 0.688441461 -0.044503315
117 0.783203125 0.134643555 -0.023910522 -0.156336213 -0.123510422 0.279151765
118 9.940933228 -0.000007629 -0.000007629 0.161817679 0.963323119 -0.082617437
119 3.403709412 -0.000007629 -0.000015259 -0.009001117 0.689879404 -0.004885124
120 2.546600342 0.000007629 0.000000000 -0.042829088 0.678048449 -0.013732072
121 0.805175781 0.000000000 0.000000000 -0.007963538 -0.147251916 0.014089588
122 9.898437500 0.000000000 0.000038147 -0.011887432 0.857189831 0.004722858
123 3.537029266 0.000000000 -0.000030518 0.015666009 0.561720338 0.009460674
124 2.507812500 -0.000007629 0.000007629 0.001414853 0.592390064 0.014690864
125 0.821777344 -0.246826172 -0.028747559 0.155124828 -0.087466036 -0.272238366
126 9.687484741 -0.000026703 0.000015259 -0.214202260 0.792087249 0.164834178
127 3.679679871 0.000000000 0.000015259 -0.003198186 0.592472491 -0.001607877
128 2.700599670 0.000000000 -0.000015259 0.031346709 0.636686851 0.032782188
129 0.519042969 -0.395996094 -0.161987305 0.477878787 0.316754060 -0.763355711
130 6.753906250 -0.000005722 -0.000045776 -0.536221635 0.681769393 0.000560917
131 4.462627411 -0.000034332 0.000000000 -0.078001298 0.008849486 0.122395973
132 22.736743927 0.004549980 -0.007263184 0.347457133 0.098406815 3.125885053
133 0.073730469 0.706542969 -0.276367188 2.412636596 0.799646385 0.590576402
134 13.119304657 0.000015259 -0.000015259 0.706164619 0.018333322 0.348429230
135 12.350997925 0.000015259 -0.000015259 0.353675593 0.160772559 0.124615005
136 15.540859222 0.000000000 0.000030518 -0.257057015 0.110899138 0.058016711
137 14.906250000 -0.000011444 -0.000015259 -0.255290835 0.069031618 0.088438794
138 14.182880402 -0.000003815 0.000030518 -0.159834849 0.041957357 0.002702083
139 6.140625000 0.523925781 -0.378662109 0.619276329 0.793645659 0.475046500
140 11.348976135 0.000007629 0.000015259 2.104791693 -0.337224218 0.019208094
141 12.004642487 0.000000000 -0.000030518 -0.134680046 0.101578441 0.167826267
142 15.865940094 -0.000001907 -0.000015259 -0.135012460 0.048187664 0.115282460
143 14.851562500 -0.000002861 0.000000000 0.127679564 0.035094569 -0.085761502
144 12.539043427 0.414962769 -0.272758484 0.349415507 0.721400975 0.427339870
145 10.619075775 -0.000001907 -0.000030518 2.680253674 -0.294239566 -0.070819447
146 12.043624878 -0.000003815 -0.000015259 -0.469386884 0.177074150 0.127366809
147 15.309879303 0.000001907 0.000015259 -0.105818860 0.014053995 -0.038261382
148 19.857963562 -0.000022888 0.000038147 0.339550792 0.676000527 0.373536967
149 10.618190765 0.000000000 0.000000000 0.003129595 -0.375558224 0.084832527
150 11.091796875 0.000007629 -0.000015259 1.841488871 0.218196520 -0.926349849
151 0.732421875 -0.378417969 -0.043029785 0.298829922 -0.043211786 -0.541974052
152 9.421363831 -0.000030518 0.000007629 -0.470241755 1.108872100 0.050969701
153 3.208984375 0.000015259 0.000000000 0.000857873 1.057455893 -0.001098300
154 2.421054840 0.000000000 -0.000034332 0.043174526 0.819359608 0.045011662
155 0.783203125 -0.134643555 -0.023712158 0.156625597 -0.124254089 -0.279237635
156 9.941059113 0.000000000 -0.000030518 -0.258870176 1.208138449 -0.026394740
157 3.403701782 0.000000000 0.000030518 -0.009093961 0.939657871 -0.001132441
158 2.546592712 0.000000000 -0.000034332 0.050622334 0.928087349 0.026112669
159 0.805175781 0.000000000 0.000000000 0.007970885 -0.148203970 -0.014094421
160 9.898437500 -0.000015259 0.000015259 0.008520768 1.208195160 -0.016983373
161 3.537109375 -0.000030518 0.000015259 -0.000193491 0.912542382 0.000193491
162 2.507812500 -0.000030518 0.000007629 0.000320821 0.943623568 -0.000320821
163 0.821777344 0.246826172 -0.027450562 -0.155297577 -0.088051341 0.272296809
164 9.687324524 0.000015259 -0.000053406 0.342851519 1.121789534 -0.008737843
165 3.679656982 0.000000000 0.000030518 -0.002974323 0.934332562 -0.000146806
166 2.700630188 0.000000000 -0.000015259 -0.032371169 0.978263485 -0.042071145
167 0.519531250 0.395996094 -0.161743164 -0.478495596 0.316187846 0.763124936
168 6.753906250 -0.000007629 -0.000030518 0.300769486 0.115172368 -0.360966190
169 4.462749481 0.000000000 0.000030518 0.078557963 0.005930337 -0.087042230
170 86.264892578 0.000053406 0.000061035 1.301575759 -1.015255057 1.736264053
171 2.875000000 0.000007629 -0.000030518 0.255848970 0.307551537 0.309322613
172 8.134368896 0.000000000 0.000000000 0.040024242 -0.120943394 0.062024143
173 8.134399414 0.000000000 0.000000000 0.028425964 -0.001664274 -0.028684700
174 8.134391785 0.000000000 0.000000000 0.012497057 0.024413127 -0.051475450
175 8.134384155 0.000000000 0.000000000 -0.062976378 0.039324494 -0.048836631
176 8.134384155 -0.000030518 -0.000045776 -0.065848969 0.038713107 -0.054923468
177 8.134384155 -0.000045776 -0.000030518 -0.076494128 0.041862734 -0.055521534
178 8.134399414 0.000000000 0.000000000 -0.096528639 0.046009440 -0.046137877
179 8.132812500 -0.000015259 -0.000030518 -0.068334582 0.178608529 0.127167520
180 86.264892578 0.000053406 0.000061035 -1.367699994 -1.221897804 -2.053821679
181 2.875000000 0.000015259 0.000000000 -0.328794501 0.368971318 -0.305188524
182 8.134414673 0.000000000 0.000000000 -0.122136583 -0.047964462 -0.148764887
183 8.134384155 0.000000000 0.000000000 -0.122260992 0.049947892 -0.037575049
184 8.134429932 0.000000000 -0.000038147 -0.116779094 0.068031302 -0.003459283
185 8.134384155 -0.000015259 -0.000011444 -0.320922798 0.079291509 -0.034367246
186 8.134384155 0.000015259 0.000026703 -0.287818679 0.065948492 -0.003015188
187 8.134368896 0.000000000 -0.000015259 -0.265557671 0.044994604 0.025174141
188 8.134399414 0.000000000 0.000015259 -0.232746876 0.025746586 0.035841967
189 8.132812500 0.000000000 0.000015259 -0.260945607 0.229749111 -0.175072315
190 25.357345581 -1.346612930 -0.631881714 0.399922537 0.679582503 -2.823063822
191 10.586948395 0.000007629 -0.000045776 0.689652557 -0.296880294 -0.417387742
192 19.962787628 -1.182558060 -0.493774414 -2.827724317 1.210077460 0.137379431
193 26.542861938 -0.000034332 5.258386612 -0.000098679 -0.575889304 -3.141563427
194 5.210937500 0.000003815 0.000015259 -0.003767572 0.391996118 0.189711570
195 11.580818176 0.000015259 -0.000030518 0.000000000 0.373150501 0.000000000
196 30.590713501 -0.110137939 0.305744171 -0.233670640 0.065691942 0.116713635
197 7.470626831 0.014289856 0.148300171 -0.339655543 0.324156952 -0.012860892
198 9.858001709 6.173873901 -12.156160355 2.343721255 0.103353816 3.040407058
199 9.858215332 -6.068092346 -12.208475113 -2.352349825 0.104146931 -3.041265021
200 20.049377441 0.061241150 -14.093141556 3.134587295 0.926499159 3.136067236
201 5.580184937 -0.000015259 0.000030518 -0.034640399 0.092047083 -0.068757430
202 6.841278076 -0.000007629 -0.000038147 -0.003860983 -0.210400704 -0.032489777
203 6.916412354 -0.000009537 0.000007629 -0.284057675 0.169796178 -0.000010178
204 24.600067139 -1.878257751 -11.667314529 -2.002800253 -0.732025296 -0.963281651
205 24.600067139 -1.878257751 -11.667314529 -1.536345236 -0.230748013 -1.702389711
206 24.600067139 -1.878257751 -11.667314529 -1.665549243 0.097947933 -2.370679697
207 24.599960327 1.980178833 -11.650854111 2.009399481 -0.739004495 0.958897021
208 24.599960327 1.980178833 -11.650854111 1.535182712 -0.239155086 1.702686470
209 24.599960327 1.980178833 -11.650854111 1.659403831 0.091981346 2.370144970
210 7.570648193 3.876312256 6.930494308 -2.049238070 1.047095500 -0.535595520
211 7.418060303 -3.974502563 7.604156494 1.014907748 -1.024031318 -2.618339091
212 -86.807075500 0.000003206 0.000005000 0.000000000 0.000000000 0.000244115
213 0.000000000 -0.000000000 0.000000000 0.000000000 0.000000000 0.000244115
214 0.000000000 -0.000000000 0.000000000 0.000000000 0.000000000 0.000244115
215 0.000000000 -0.000000000 0.000000000 0.000000000 0.000000000 0.000244115
216 0.000000000 -0.000000000 0.000000000 0.000000000 0.000000000 0.000244115
217 0.000000000 -0.000000000 0.000000000 0.000000000 0.000000000 0.000244115
218 0.000000000 -0.000000000 0.000000000 0.000000000 0.000000000 0.000244115
219 0.000000000 -0.000000000 0.000000000 0.000000000 0.000000000 0.000244115
220 0.000000000 -0.000000000 0.000000000 0.000000000 0.000000000 0.000244115
221 0.000000000 -0.000000000 0.000000000 0.000000000 0.000000000 0.000244115
222 0.000000000 -0.000000000 0.000000000 0.000000000 0.000000000 0.000244115
223 0.000000000 -0.000000000 0.000000000 0.000000000 0.000000000 0.000244115
time 12
0 -0.903704762 -28.397911072 0.000005000 0.336639054 -1.459098197 -1.483006804
1 88.476783752 -0.000055313 -0.000013590 3.141592654 -0.000000000 3.141592654
2 -43.495719910 -0.000049591 4.662870407 0.444488712 0.078387710 -3.132017546
3 9.507705688 0.000003815 -0.000020981 0.116763374 -0.188117477 -0.049329241
4 23.267868042 2.189132690 -3.705406189 1.456154893 -0.000364046 1.571112984
5 11.648437500 0.000000954 0.000061035 -0.565187410 -0.264663768 1.283136044
6 29.776115417 -0.000017166 -0.000152588 0.098025742 0.124053980 -0.016766459
7 25.612224579 -0.000019073 0.000091553 2.332140680 0.607907117 0.534557923
8 8.674346924 -1.907180786 -2.936538696 -0.551336544 -0.109697996 1.608018152
9 0.000000000 -0.000000000 0.000000000 0.000000000 0.000000000 0.000244115
10 -43.495719910 -0.000049591 4.662870407 0.000000000 0.000000000 0.000000000
11 21.580337524 10.273413658 -4.495086670 0.032940805 -0.242681173 0.021552060
12 45.674194336 -0.000015259 0.000013351 -3.140138504 0.505127129 0.000107844
13 55.039112091 0.000005722 -0.000008106 -3.074870612 1.327719613 0.064262492
14 21.580284119 -10.273576736 -4.495073318 0.388238452 0.315357233 -0.195157933
15 45.674217224 0.000030518 -0.000011444 -3.141297078 0.808441039 0.000032558
16 55.039123535 -0.000038147 -0.000038147 3.102597511 1.141037797 -0.034871996
17 0.161666870 -1.532186508 -10.638456345 2.956990494 0.526752650 -0.151013429
18 14.463714600 -0.000007629 0.000000000 -0.081047097 0.098843631 0.122873034
19 20.708938599 -0.000022888 -0.000038147 0.099437245 -0.377980434 -0.387400776
20 20.709037781 -0.000005722 0.000030518 0.036449230 -0.138656848 -0.201118078
21 20.709545135 -0.000009537 0.000030518 0.082831653 -0.154984765 0.012887985
22 0.118850708 -3.636028290 -10.382867813 2.434484465 0.425713324 -0.445235796
23 14.125000000 -0.000020981 -0.000015259 -0.035357820 0.066164596 0.134633092
24 20.265319824 -0.000019073 0.000000000 0.132824569 -0.284171006 -0.602063652
25 20.265319824 0.000000000 0.000015259 0.056745824 -0.109642018 -0.296035367
26 20.265625000 -0.000022888 -0.000003815 0.123441198 -0.110923635 0.012539870
27 0.430816650 -8.824714661 -7.827322006 2.282323870 0.372581612 -0.530156543
28 12.544494629 0.000007629 -0.000015259 -0.226312762 0.088937254 0.286364603
29 19.343734741 -0.000030518 -0.000045776 0.130877423 -0.169049369 -0.781910907
30 19.343750000 -0.000015259 -0.000012398 0.066845382 -0.068908309 -0.378353206
31 19.343750000 -0.000015259 0.000002861 0.093342565 -0.103909232 0.054682139
32 -0.019638062 -12.396471024 -3.323648453 2.008620014 0.143381469 -0.543463158
33 11.042053223 0.000005722 -0.000015259 -0.280019281 -0.016154575 0.312987514
34 19.073436737 -0.000005722 -0.000038147 0.102493808 -0.061936990 -0.918155958
35 19.073341370 -0.000015259 -0.000011444 0.064780303 -0.027308043 -0.445102058
36 19.073867798 -0.000007629 0.000007629 -0.027780791 -0.121876130 0.149460383
37 0.143417358 -12.177965164 2.328493118 1.518810137 -0.161343062 -0.494035262
38 10.827308655 0.000007629 -0.000030518 -0.131549432 -0.109362908 0.202705545
39 18.731544495 0.000003815 0.000000000 0.027415409 0.077017571 -1.018661330
40 18.731609344 -0.000022888 -0.000007629 0.041438610 0.037559652 -0.495637348
41 18.732189178 -0.000022888 0.000003815 -0.175404907 -0.195814121 0.242546335
42 0.706604004 -9.159467697 6.887685776 0.979654380 -0.265100170 -0.190766461
43 10.843429565 -0.000005722 -0.000015259 -0.069004954 -0.288914202 0.137551559
44 18.864486694 0.000009537 -0.000022888 -0.138786878 0.333477208 -1.018015869
45 18.864482880 -0.000022888 0.000007629 -0.012134118 0.168681880 -0.487359829
46 18.864944458 -0.000015259 -0.000007629 -0.285204721 -0.282617522 0.289021106
47 0.843048096 -2.753784180 9.486446381 0.706399089 -0.191889080 -0.034259716
48 10.832725525 0.000007629 0.000007629 -0.364999828 -0.321717952 0.221549338
49 19.399490356 0.000003815 -0.000045776 -0.173801033 0.230930356 -0.671412430
50 19.399677277 -0.000007629 -0.000015259 -0.054544870 0.336480644 -0.303737444
51 19.400068283 -0.000030518 -0.000015259 -0.179936730 -0.428399075 0.185958615
52 0.161682129 1.532159805 -10.638368607 -3.013842378 0.543413680 0.027915022
53 14.463706970 -0.000007629 -0.000015259 0.104403894 0.089976443 -0.015888168
54 20.708992004 -0.000017166 -0.000003815 0.028331596 -0.414494227 -0.126175601
55 20.709014893 0.000009537 0.000019073 0.007629255 -0.148320523 -0.099106596
56 20.709590912 -0.000006676 -0.000007629 -0.064421769 -0.144651026 0.083224303
57 0.118804932 3.636004448 -10.383043289 -2.469501322 0.494057419 0.352816628
58 14.125000000 -0.000015259 -0.000015259 0.054307670 0.064149439 -0.027718143
59 20.265319824 0.000003815 -0.000015259 -0.035374019 -0.348506815 0.084788962
60 20.265342712 0.000013351 -0.000003815 -0.019761695 -0.122586710 -0.019024627
61 20.265625000 0.000001907 0.000007629 -0.105205472 -0.089332292 0.085107503
62 0.430816650 8.824708939 -7.827398300 -2.307420255 0.452967450 0.452620192
63 12.544555664 0.000015259 -0.000015259 0.245184585 0.067840966 -0.182236525
64 19.343750000 -0.000017166 -0.000007629 -0.078681031 -0.268588909 0.281683083
65 19.343750000 0.000003815 -0.000015259 -0.042211671 -0.105345852 0.065695030
66 19.343750000 0.000011444 -0.000038147 -0.082675344 -0.079576628 0.044623398
67 -0.019577026 12.396468163 -3.323724747 -2.011439473 0.240529451 0.496970188
68 11.042060852 -0.000007629 0.000000000 0.285536427 -0.042143309 -0.210604091
69 19.073402405 -0.000001907 -0.000045776 -0.088590019 -0.139628948 0.458255803
70 19.073368073 0.000007629 -0.000030518 -0.056270709 -0.069247635 0.148879867
71 19.073940277 0.000005722 -0.000030518 0.024702754 -0.107571286 -0.047670449
72 0.143478394 12.177964211 2.328407288 -1.513386731 -0.054237607 0.499916606
73 10.827339172 -0.000015259 0.000007629 0.124171125 -0.120014946 -0.095783260
74 18.731567383 0.000010490 -0.000007629 -0.046311222 0.062882178 0.617004298
75 18.731578827 -0.000010014 -0.000068665 -0.057681237 -0.007331134 0.229984457
76 18.732147217 0.000002861 0.000030518 0.151081217 -0.198904426 -0.136094813
77 0.706604004 9.159472466 6.887771606 -0.986945522 -0.175781400 0.251635302
78 10.843391418 0.000004768 0.000003815 0.038460992 -0.293620479 -0.024626197
79 18.864517212 -0.000007629 -0.000038147 0.068018828 0.400547462 0.663753508
80 18.864459991 -0.000005722 -0.000007629 -0.043146249 0.109722776 0.262473338
81 18.865047455 -0.000015259 -0.000038147 0.240280501 -0.303775304 -0.175747099
82 0.842971802 2.753786087 9.486438751 -0.713310361 -0.121941749 0.116538659
83 10.832771301 -0.000001907 0.000015259 0.329574558 -0.358807636 -0.112837668
84 19.399612427 0.000003815 -0.000038147 -0.021077436 0.404777711 0.088939500
85 19.399597168 -0.000022888 -0.000015259 -0.027804425 0.288848420 0.143513721
86 19.400173187 -0.000011444 -0.000015259 0.109395730 -0.442479549 -0.056880206
87 23.268264771 -2.187709808 -3.705850601 -1.456154893 0.000364046 -1.570479669
88 11.648437500 -0.000030518 0.000030518 0.181114482 0.443620150 -0.188197997
89 19.962635040 1.182556152 -0.494796753 2.827724317 1.210077460 -0.137379431
90 25.357295990 1.346595764 -0.632659912 2.477441237 0.840778459 -0.627755369
91 10.585937500 0.000007629 -0.000022888 -0.623342345 0.227380332 0.017522868
92 29.775835037 0.000000000 -0.000091553 -0.497246496 -0.807704815 -0.355832749
93 22.736808777 -0.004570007 -0.007400513 -0.403634162 -0.194474916 -2.864551704
94 0.073730469 -0.706542969 -0.275878906 -0.536418400 0.902865622 1.429881093
95 13.120170593 0.000022888 0.000022888 -1.170772113 0.136397811 -0.760045071
96 12.350074768 -0.000015259 -0.000015259 -0.714419404 0.827399859 0.092052209
97 15.541244507 -0.000045776 -0.000007629 -0.070549972 0.312716713 0.553666233
98 14.906250000 -0.000015259 0.000003815 -0.177165178 0.075951308 0.406272589
99 14.182762146 -0.000030518 -0.000015259 -0.283436883 0.565158333 0.005035658
100 6.140625000 -0.523925781 -0.378906250 0.896413018 0.916271974 1.387260240
101 11.348442078 0.000007629 -0.000038147 -2.497712274 -0.756849810 -0.376834004
102 12.005210876 -0.000015259 -0.000030518 -0.201564743 0.894861627 0.262504425
103 15.865591049 -0.000022888 0.000007629 -0.190152639 0.493698955 0.506468724
104 14.851562500 -0.000015259 0.000007629 -0.602971193 0.548619168 -0.005326657
105 12.538974762 -0.414978027 -0.272300720 0.976745059 0.981815482 1.283327316
106 10.619346619 0.000000000 0.000007629 -2.966217787 -0.864175520 -0.513042488
107 12.043018341 -0.000015259 0.000030518 0.378042933 0.738321957 0.821436892
108 15.310400009 -0.000015259 -0.000015259 -0.421142219 0.518417852 -0.022033187
109 19.857913971 0.000007629 0.000000000 0.678780230 1.222881086 1.011671294
110 10.617187500 0.000015259 0.000022888 0.301152728 -0.805044943 -1.213304330
111 11.091686249 0.000007629 -0.000030518 -2.957031938 -0.407219133 -0.279420241
112 25.612260818 0.000007629 -0.000152588 -0.952077214 -0.199340542 0.082461341
113 0.732421875 0.378173828 -0.043365479 -0.298448110 -0.042506783 0.541930270
114 9.421440125 0.000015259 -0.000022888 0.376985193 0.989139988 -0.158374132
115 3.208984375 -0.000007629 -0.000007629 -0.000900778 0.927088290 0.001093729
116 2.421096802 0.000022888 0.000019073 -0.050443158 0.688441461 -0.044503315
117 0.783203125 0.134643555 -0.023910522 -0.156336213 -0.123510422 0.279151765
118 9.940933228 -0.000007629 -0.000007629 0.161817679 0.963323119 -0.082617437
119 3.403709412 -0.000007629 -0.000015259 -0.009001117 0.689879404 -0.004885124
120 2.546600342 0.000007629 0.000000000 -0.042829088 0.678048449 -0.013732072
121 0.805175781 0.000000000 0.000000000 -0.007963538 -0.147251916 0.014089588
122 9.898437500 0.000000000 0.000038147 -0.011887432 0.857189831 0.004722858
123 3.537029266 0.000000000 -0.000030518 0.015666009 0.561720338 0.009460674
124 2.507812500 -0.000007629 0.000007629 0.001414853 0.592390064 0.014690864
125 0.821777344 -0.246826172 -0.028747559 0.155124828 -0.087466036 -0.272238366
126 9.687484741 -0.000026703 0.000015259 -0.214202260 0.792087249 0.164834178
127 3.679679871 0.000000000 0.000015259 -0.003198186 0.592472491 -0.001607877
128 2.700599670 0.000000000 -0.000015259 0.031346709 0.636686851 0.032782188
129 0.519042969 -0.395996094 -0.161987305 0.477878787 0.316754060 -0.763355711
130 6.753906250 -0.000005722 -0.000045776 -0.536221635 0.681769393 0.000560917
131 4.462627411 -0.000034332 0.000000000 -0.078001298 0.008849486 0.122395973
132 22.736743927 0.004549980 -0.007263184 0.333401341 0.103635218 3.085846296
133 0.073730469 0.706542969 -0.276367188 2.423095645 0.807607457 0.597631737
134 13.119304657 0.000015259 -0.000015259 0.702690663 0.037791470 0.386086303
135 12.350997925 0.000015259 -0.000015259 0.351867901 0.193587085 0.131432891
136 15.540859222 0.000000000 0.000030518 -0.259221104 0.129021951 0.051994429
137 14.906250000 -0.000011444 -0.000015259 -0.256530256 0.076317403 0.087038859
138 14.182880402 -0.000003815 0.000030518 -0.138727704 0.067063029 -0.002583205
139 6.140625000 0.523925781 -0.378662109 0.619425521 0.798772242 0.469863591
140 11.348976135 0.000007629 0.000015259 2.093987301 -0.376996238 0.037779444
141 12.004642487 0.000000000 -0.000030518 -0.135398593 0.129757437 0.183692992
142 15.865940094 -0.000001907 -0.000015259 -0.135184379 0.065907648 0.123127746
143 14.851562500 -0.000002861 0.000000000 0.145586546 0.061446151 -0.088111946
144 12.539043427 0.414962769 -0.272758484 0.346362119 0.716707326 0.419336650
145 10.619075775 -0.000001907 -0.000030518 2.674731663 -0.335591659 -0.065013507
146 12.043624878 -0.000003815 -0.000015259 -0.470409563 0.210656955 0.133676869
147 15.309879303 0.000001907 0.000015259 -0.089345857 0.040654670 -0.043734761
148 19.857963562 -0.000022888 0.000038147 0.334058179 0.662940248 0.363125794
149 10.618190765 0.000000000 0.000000000 -0.003945758 -0.426684824 0.108744891
150 11.091796875 0.000007629 -0.000015259 1.898505231 0.187096885 -0.843098508
151 0.732421875 -0.378417969 -0.043029785 0.298829922 -0.043211786 -0.541974052
152 9.421363831 -0.000030518 0.000007629 -0.470241755 1.108872100 0.050969701
153 3.208984375 0.000015259 0.000000000 0.000857873 1.057455893 -0.001098300
154 2.421054840 0.000000000 -0.000034332 0.043174526 0.819359608 0.045011662
155 0.783203125 -0.134643555 -0.023712158 0.156625597 -0.124254089 -0.279237635
156 9.941059113 0.000000000 -0.000030518 -0.258870176 1.208138449 -0.026394740
157 3.403701782 0.000000000 0.000030518 -0.009093961 0.939657871 -0.001132441
158 2.546592712 0.000000000 -0.000034332 0.050622334 0.928087349 0.026112669
159 0.805175781 0.000000000 0.000000000 0.007970885 -0.148203970 -0.014094421
160 9.898437500 -0.000015259 0.000015259 0.008520768 1.208195160 -0.016983373
161 3.537109375 -0.000030518 0.000015259 -0.000193491 0.912542382 0.000193491
162 2.507812500 -0.000030518 0.000007629 0.000320821 0.943623568 -0.000320821
163 0.821777344 0.246826172 -0.027450562 -0.155297577 -0.088051341 0.272296809
164 9.687324524 0.000015259 -0.000053406 0.342851519 1.121789534 -0.008737843
165 3.679656982 0.000000000 0.000030518 -0.002974323 0.934332562 -0.000146806
166 2.700630188 0.000000000 -0.000015259 -0.032371169 0.978263485 -0.042071145
167 0.519531250 0.395996094 -0.161743164 -0.478495596 0.316187846 0.763124936
168 6.753906250 -0.000007629 -0.000030518 0.300769486 0.115172368 -0.360966190
169 4.462749481 0.000000000 0.000030518 0.078557963 0.005930337 -0.087042230
170 86.264892578 0.000053406 0.000061035 1.175960171 -1.104277949 1.921589518
171 2.875000000 0.000007629 -0.000030518 0.281630331 0.332464357 0.336124563
172 8.134368896 0.000000000 0.000000000 0.048117197 -0.116997440 0.063271523
173 8.134399414 0.000000000 0.000000000 0.035242954 -0.005750123 -0.036275791
174 8.134391785 0.000000000 0.000000000 0.017224840 0.018322588 -0.061746071
175 8.134384155 0.000000000 0.000000000 -0.060765358 0.032995023 -0.060001010
176 8.134384155 -0.000030518 -0.000045776 -0.066077510 0.033128871 -0.067011644
177 8.134384155 -0.000045776 -0.000030518 -0.077750455 0.037441589 -0.068513194
178 8.134399414 0.000000000 0.000000000 -0.094953226 0.043253358 -0.059542104
179 8.132812500 -0.000015259 -0.000030518 -0.068334582 0.178608529 0.127167520
180 86.264892578 0.000053406 0.000061035 -1.398582165 -1.087661799 -2.047422718
181 2.875000000 0.000015259 0.000000000 -0.300484686 0.383311041 -0.269702760
182 8.134414673 0.000000000 0.000000000 -0.115161576 -0.045534590 -0.141579298
183 8.134384155 0.000000000 0.000000000 -0.116877894 0.055405502 -0.039054203
184 8.134429932 0.000000000 -0.000038147 -0.111963893 0.075426275 -0.005786168
185 8.134384155 -0.000015259 -0.000011444 -0.315751710 0.087517800 -0.037475678
186 8.134384155 0.000015259 0.000026703 -0.280391701 0.074840534 -0.003500657
187 8.134368896 0.000000000 -0.000015259 -0.253837938 0.053795159 0.027345240
188 8.134399414 0.000000000 0.000015259 -0.214036563 0.034120333 0.040358435
189 8.132812500 0.000000000 0.000015259 -0.260945607 0.229749111 -0.175072315
190 25.357345581 -1.346612930 -0.631881714 0.284965747 0.671197797 -2.928553358
191 10.586948395 0.000007629 -0.000045776 0.685200896 -0.261266366 -0.390187477
192 19.962787628 -1.182558060 -0.493774414 -2.827724317 1.210077460 0.137379431
193 26.542861938 -0.000034332 5.258386612 -0.000098679 -0.575889304 -3.141563427
194 5.210937500 0.000003815 0.000015259 0.018878001 0.367367880 0.241826268
195 11.580818176 0.000015259 -0.000030518 0.000000000 0.373150501 0.000000000
196 30.590713501 -0.110137939 0.305744171 -0.308985439 0.053273470 0.139433302
197 7.470626831 0.014289856 0.148300171 -0.363551971 0.324159467 -0.012887343
198 9.858001709 6.173873901 -12.156160355 2.343721255 0.103353816 3.040407058
199 9.858215332 -6.068092346 -12.208475113 -2.352349825 0.104146931 -3.041265021
200 20.049377441 0.061241150 -14.093141556 3.134587295 0.926499159 3.136067236
201 5.580184937 -0.000015259 0.000030518 -0.035077924 0.111283281 -0.076762626
202 6.841278076 -0.000007629 -0.000038147 0.000766880 -0.215372499 -0.040022600
203 6.916412354 -0.000009537 0.000007629 -0.284057675 0.169796178 -0.000010178
204 24.600067139 -1.878257751 -11.667314529 -2.002800253 -0.732025296 -0.963281651
205 24.600067139 -1.878257751 -11.667314529 -1.536345236 -0.230748013 -1.702389711
206 24.600067139 -1.878257751 -11.667314529 -1.665549243 0.097947933 -2.370679697
207 24.599960327 1.980178833 -11.650854111 2.009399481 -0.739004495 0.958897021
208 24.599960327 1.980178833 -11.650854111 1.535182712 -0.239155086 1.702686470
209 24.599960327 1.980178833 -11.650854111 1.659403831 0.091981346 2.370144970
210 7.570648193 3.876312256 6.930494308 -2.049238070 1.047095500 -0.535595520
211 7.418060303 -3.974502563 7.604156494 1.014907748 -1.024031318 -2.618339091
212 -86.807075500 0.000003206 0.000005000 0.000000000 0.000000000 0.000244115
213 0.000000000 -0.000000000 0.000000000 0.000000000 0.000000000 0.000244115
214 0.000000000 -0.000000000 0.000000000 0.000000000 0.000000000 0.000244115
215 0.000000000 -0.000000000 0.000000000 0.000000000 0.000000000 0.000244115
216 0.000000000 -0.000000000 0.000000000 0.000000000 0.000000000 0.000244115
217 0.000000000 -0.000000000 0.000000000 0.000000000 0.000000000 0.000244115
218 0.000000000 -0.000000000 0.000000000 0.000000000 0.000000000 0.000244115
219 0.000000000 -0.000000000 0.000000000 0.000000000 0.000000000 0.000244115
220 0.000000000 -0.000000000 0.000000000 0.000000000 0.000000000 0.000244115
221 0.000000000 -0.000000000 0.000000000 0.000000000 0.000000000 0.000244115
222 0.000000000 -0.000000000 0.000000000 0.000000000 0.000000000 0.000244115
223 0.000000000 -0.000000000 0.000000000 0.000000000 0.000000000 0.000244115
time 13
0 -0.237816691 -30.063947678 0.000005000 0.364829070 -1.443137625 -1.479528708
1 88.476783752 -0.000055313 -0.000013590 3.141592654 -0.000000000 3.141592654
2 -43.495719910 -0.000049591 4.662870407 0.463679512 0.080152431 -3.131624792
3 9.507705688 0.000003815 -0.000020981 0.163610497 -0.183923609 -0.043301599
4 23.267868042 2.189132690 -3.705406189 1.456154893 -0.000364046 1.571112984
5 11.648437500 0.000000954 0.000061035 -0.590420871 -0.309679557 1.338146639
6 29.776115417 -0.000017166 -0.000152588 0.102192201 0.129251793 -0.017545537
7 25.612224579 -0.000019073 0.000091553 2.170162844 0.669010753 0.560256061
8 8.674346924 -1.907180786 -2.936538696 -0.551336544 -0.109697996 1.608018152
9 0.000000000 -0.000000000 0.000000000 0.000000000 0.000000000 0.000244115
10 -43.495719910 -0.000049591 4.662870407 0.000000000 0.000000000 0.000000000
11 21.580337524 10.273413658 -4.495086670 0.034862295 -0.251103223 0.009869910
12 45.674194336 -0.000015259 0.000013351 -3.140131284 0.520296847 0.000121021
13 55.039112091 0.000005722 -0.000008106 -3.073460832 1.335727945 0.065734976
14 21.580284119 -10.273576736 -4.495073318 0.404034597 0.333437468 -0.202579898
15 45.674217224 0.000030518 -0.000011444 -3.141297078 0.808441039 0.000032558
16 55.039123535 -0.000038147 -0.000038147 3.102597511 1.141037797 -0.034871996
17 0.161666870 -1.532186508 -10.638456345 2.956990494 0.526752650 -0.151013429
18 14.463714600 -0.000007629 0.000000000 -0.081047097 0.098843631 0.122873034
19 20.708938599 -0.000022888 -0.000038147 0.088711485 -0.342863761 -0.358047729
20 20.709037781 -0.000005722 0.000030518 0.046735499 -0.174325983 -0.236185318
21 20.709545135 -0.000009537 0.000030518 0.082831653 -0.154984765 0.012887985
22 0.118850708 -3.636028290 -10.382867813 2.434484515 0.425713259 -0.445235709
23 14.125000000 -0.000020981 -0.000015259 -0.035357820 0.066164596 0.134633092
24 20.265319824 -0.000019073 0.000000000 0.118909747 -0.257441065 -0.553010684
25 20.265319824 0.000000000 0.000015259 0.068045633 -0.134573221 -0.345561184
26 20.265625000 -0.000022888 -0.000003815 0.123441198 -0.110923635 0.012539870
27 0.430816650 -8.824714661 -7.827322006 2.282323870 0.372581612 -0.530156543
28 12.544494629 0.000007629 -0.000015259 -0.226312762 0.088937254 0.286364603
29 19.343734741 -0.000030518 -0.000045776 0.119082863 -0.151794912 -0.718002720
30 19.343750000 -0.000015259 -0.000012398 0.076951439 -0.083015325 -0.437140273
31 19.343750000 -0.000015259 0.000002861 0.093342565 -0.103909232 0.054682139
32 -0.019638062 -12.396471024 -3.323648453 2.008620014 0.143381469 -0.543463158
33 11.042053223 0.000005722 -0.000015259 -0.280019281 -0.016154575 0.312987514
34 19.073436737 -0.000005722 -0.000038147 0.095287480 -0.052013586 -0.841713949
35 19.073341370 -0.000015259 -0.000011444 0.073064408 -0.032313814 -0.511539586
36 19.073867798 -0.000007629 0.000007629 -0.027780791 -0.121876130 0.149460383
37 0.143417358 -12.177965164 2.328493118 1.518810137 -0.161343062 -0.494035262
38 10.827308655 0.000007629 -0.000030518 -0.131549432 -0.109362908 0.202705545
39 18.731544495 0.000003815 0.000000000 0.029121719 0.080532683 -0.928474145
40 18.731609344 -0.000022888 -0.000007629 0.044668593 0.045987258 -0.568954073
41 18.732189178 -0.000022888 0.000003815 -0.175404907 -0.195814121 0.242546335
42 0.706604004 -9.159467697 6.887685776 0.979654380 -0.265100170 -0.190766461
43 10.843429565 -0.000005722 -0.000015259 -0.069004954 -0.288914202 0.137551559
44 18.864486694 0.000009537 -0.000022888 -0.113068744 0.325811928 -0.909811041
45 18.864482880 -0.000022888 0.000007629 -0.022588715 0.205799080 -0.565492042
46 18.864944458 -0.000015259 -0.000007629 -0.285204721 -0.282617522 0.289021106
47 0.843048096 -2.753784180 9.486446381 0.706399089 -0.191889080 -0.034259716
48 10.832725525 0.000007629 0.000007629 -0.364999828 -0.321717952 0.221549338
49 19.399490356 0.000003815 -0.000045776 -0.132702669 0.207785451 -0.556240389
50 19.399677277 -0.000007629 -0.000015259 -0.077537237 0.427042215 -0.364869695
51 19.400068283 -0.000030518 -0.000015259 -0.179936730 -0.428399075 0.185958615
52 0.161682129 1.532159805 -10.638368607 -3.013842378 0.543413680 0.027915022
53 14.463706970 -0.000007629 -0.000015259 0.104403894 0.089976443 -0.015888168
54 20.708992004 -0.000017166 -0.000003815 0.027166267 -0.377949619 -0.123475790
55 20.709014893 0.000009537 0.000019073 0.013779260 -0.189888973 -0.111749283
56 20.709590912 -0.000006676 -0.000007629 -0.064421769 -0.144651026 0.083224303
57 0.118804932 3.636004448 -10.383043289 -2.469501322 0.494057419 0.352816628
58 14.125000000 -0.000015259 -0.000015259 0.054307670 0.064149439 -0.027718143
59 20.265319824 0.000003815 -0.000015259 -0.029598825 -0.320585335 0.066708222
60 20.265342712 0.000013351 -0.000003815 -0.017908689 -0.159530870 -0.011038268
61 20.265625000 0.000001907 0.000007629 -0.105205472 -0.089332292 0.085107503
62 0.430816650 8.824708939 -7.827398300 -2.307420255 0.452967450 0.452620192
63 12.544555664 0.000015259 -0.000015259 0.245184585 0.067840966 -0.182236525
64 19.343750000 -0.000017166 -0.000007629 -0.069633392 -0.252085006 0.245307274
65 19.343750000 0.000003815 -0.000015259 -0.043748606 -0.134175665 0.094176205
66 19.343750000 0.000011444 -0.000038147 -0.082675344 -0.079576628 0.044623398
67 -0.019577026 12.396468163 -3.323724747 -2.011439473 0.240529451 0.496970188
68 11.042060852 -0.000007629 0.000000000 0.285536427 -0.042143309 -0.210604091
69 19.073402405 -0.000001907 -0.000045776 -0.082166605 -0.139856110 0.406804896
70 19.073368073 0.000007629 -0.000030518 -0.059053226 -0.084203470 0.199436913
71 19.073940277 0.000005722 -0.000030518 0.024702754 -0.107571286 -0.047670449
72 0.143478394 12.177964211 2.328407288 -1.513386731 -0.054237607 0.499916606
73 10.827339172 -0.000015259 0.000007629 0.124171125 -0.120014946 -0.095783260
74 18.731567383 0.000010490 -0.000007629 -0.051618477 0.037274811 0.553194872
75 18.731578827 -0.000010014 -0.000068665 -0.056786596 0.004997793 0.302814923
76 18.732147217 0.000002861 0.000030518 0.151081217 -0.198904426 -0.136094813
77 0.706604004 9.159472466 6.887771606 -0.986945522 -0.175781400 0.251635302
78 10.843391418 0.000004768 0.000003815 0.038460992 -0.293620479 -0.024626197
79 18.864517212 -0.000007629 -0.000038147 0.039221745 0.337890341 0.598848800
80 18.864459991 -0.000005722 -0.000007629 -0.029460444 0.171414773 0.340350208
81 18.865047455 -0.000015259 -0.000038147 0.240280501 -0.303775304 -0.175747099
82 0.842971802 2.753786087 9.486438751 -0.713310361 -0.121941749 0.116538659
83 10.832771301 -0.000001907 0.000015259 0.329574558 -0.358807636 -0.112837668
84 19.399612427 0.000003815 -0.000038147 -0.018643783 0.326543620 0.098891439
85 19.399597168 -0.000022888 -0.000015259 -0.012234539 0.396058165 0.181718453
86 19.400173187 -0.000011444 -0.000015259 0.109395722 -0.442479549 -0.056880201
87 23.268264771 -2.187709808 -3.705850601 -1.456154893 0.000364046 -1.570479669
88 11.648437500 -0.000030518 0.000030518 0.211330147 0.464522311 -0.126262201
89 19.962635040 1.182556152 -0.494796753 2.827724317 1.210077460 -0.137379431
90 25.357295990 1.346595764 -0.632659912 2.549488139 0.658734059 -0.579459739
91 10.585937500 0.000007629 -0.000022888 -0.623342345 0.227380332 0.017522868
92 29.775835037 0.000000000 -0.000091553 -0.539851920 -0.881696033 -0.323131900
93 22.736808777 -0.004570007 -0.007400513 -0.403634162 -0.194474916 -2.864551704
94 0.073730469 -0.706542969 -0.275878906 -0.331824372 0.947990978 1.615150062
95 13.120170593 0.000022888 0.000022888 -1.156047058 0.042784212 -0.752050837
96 12.350074768 -0.000015259 -0.000015259 -0.811900206 0.908496757 -0.044942911
97 15.541244507 -0.000045776 -0.000007629 -0.014777203 0.443349170 0.636657963
98 14.906250000 -0.000015259 0.000003815 -0.149314666 0.142964587 0.470504341
99 14.182762146 -0.000030518 -0.000015259 -0.283436883 0.565158333 0.005035658
100 6.140625000 -0.523925781 -0.378906250 1.121746166 0.963886483 1.590549956
101 11.348442078 0.000007629 -0.000038147 -2.582233347 -0.769908073 -0.223608014
102 12.005210876 -0.000015259 -0.000030518 -0.277677078 1.030998104 0.139764116
103 15.865591049 -0.000022888 0.000007629 -0.118536785 0.666529567 0.567969177
104 14.851562500 -0.000015259 0.000007629 -0.602971193 0.548619168 -0.005326657
105 12.538974762 -0.414978027 -0.272300720 1.250505668 1.030294690 1.533858650
106 10.619346619 0.000000000 0.000007629 -3.072358984 -0.874406010 -0.329630627
107 12.043018341 -0.000015259 0.000030518 0.555415386 0.916288815 0.991886643
108 15.310400009 -0.000015259 -0.000015259 -0.421142219 0.518417852 -0.022033187
109 19.857913971 0.000007629 0.000000000 1.232405802 1.258878476 1.545825139
110 10.617187500 0.000015259 0.000022888 0.279311179 -0.821541536 -1.165029210
111 11.091686249 0.000007629 -0.000030518 -2.957031938 -0.407219133 -0.279420241
112 25.612260818 0.000007629 -0.000152588 -0.952077214 -0.199340542 0.082461341
113 0.732421875 0.378173828 -0.043365479 -0.298448110 -0.042506783 0.541930270
114 9.421440125 0.000015259 -0.000022888 0.376985193 0.989139988 -0.158374132
115 3.208984375 -0.000007629 -0.000007629 -0.000900778 0.927088290 0.001093729
116 2.421096802 0.000022888 0.000019073 -0.050443158 0.688441461 -0.044503315
117 0.783203125 0.134643555 -0.023910522 -0.156336213 -0.123510422 0.279151765
118 9.940933228 -0.000007629 -0.000007629 0.161817679 0.963323119 -0.082617437
119 3.403709412 -0.000007629 -0.000015259 -0.009001117 0.689879404 -0.004885124
120 2.546600342 0.000007629 0.000000000 -0.042829088 0.678048449 -0.013732072
121 0.805175781 0.000000000 0.000000000 -0.007963538 -0.147251916 0.014089588
122 9.898437500 0.000000000 0.000038147 -0.011887432 0.857189831 0.004722858
123 3.537029266 0.000000000 -0.000030518 0.015666009 0.561720338 0.009460674
124 2.507812500 -0.000007629 0.000007629 0.001414853 0.592390064 0.014690864
125 0.821777344 -0.246826172 -0.028747559 0.155124828 -0.087466036 -0.272238366
126 9.687484741 -0.000026703 0.000015259 -0.214202260 0.792087249 0.164834178
127 3.679679871 0.000000000 0.000015259 -0.003198186 0.592472491 -0.001607877
128 2.700599670 0.000000000 -0.000015259 0.031346709 0.636686851 0.032782188
129 0.519042969 -0.395996094 -0.161987305 0.477878787 0.316754060 -0.763355711
130 6.753906250 -0.000005722 -0.000045776 -0.536221635 0.681769393 0.000560917
131 4.462627411 -0.000034332 0.000000000 -0.078001298 0.008849486 0.122395973
132 22.736743927 0.004549980 -0.007263184 0.324282738 0.107004392 3.059749149
133 0.073730469 0.706542969 -0.276367188 2.430851263 0.858929655 0.607003831
134 13.119304657 0.000015259 -0.000015259 0.698930870 0.061593922 0.433501436
135 12.350997925 0.000015259 -0.000015259 0.348960104 0.236199921 0.135572516
136 15.540859222 0.000000000 0.000030518 -0.262906173 0.148196978 0.041055851
137 14.906250000 -0.000011444 -0.000015259 -0.258983758 0.081239274 0.083797096
138 14.182880402 -0.000003815 0.000030518 -0.117003479 0.092864176 -0.007952992
139 6.140625000 0.523925781 -0.378662109 0.612050470 0.850217081 0.457187335
140 11.348976135 0.000007629 0.000015259 2.077768204 -0.425753247 0.065536211
141 12.004642487 0.000000000 -0.000030518 -0.136291746 0.169050291 0.198767598
142 15.865940094 -0.000001907 -0.000015259 -0.135915180 0.089653023 0.128316421
143 14.851562500 -0.000002861 0.000000000 0.163974334 0.088528428 -0.090548377
144 12.539043427 0.414962769 -0.272758484 0.338745937 0.758030423 0.405404474
145 10.619075775 -0.000001907 -0.000030518 2.666607526 -0.385818849 -0.052695363
146 12.043624878 -0.000003815 -0.000015259 -0.472525922 0.256687764 0.135674842
147 15.309879303 0.000001907 0.000015259 -0.072449724 0.067948223 -0.049395559
148 19.857963562 -0.000022888 0.000038147 0.327274682 0.698369462 0.349497696
149 10.618190765 0.000000000 0.000000000 -0.018575514 -0.490922827 0.150812255
150 11.091796875 0.000007629 -0.000015259 1.957040981 0.155151650 -0.757560207
151 0.732421875 -0.378417969 -0.043029785 0.298829922 -0.043211786 -0.541974052
152 9.421363831 -0.000030518 0.000007629 -0.470241755 1.108872100 0.050969701
153 3.208984375 0.000015259 0.000000000 0.000857873 1.057455893 -0.001098300
154 2.421054840 0.000000000 -0.000034332 0.043174526 0.819359608 0.045011662
155 0.783203125 -0.134643555 -0.023712158 0.156625597 -0.124254089 -0.279237635
156 9.941059113 0.000000000 -0.000030518 -0.258870176 1.208138449 -0.026394740
157 3.403701782 0.000000000 0.000030518 -0.009093961 0.939657871 -0.001132441
158 2.546592712 0.000000000 -0.000034332 0.050622334 0.928087349 0.026112669
159 0.805175781 0.000000000 0.000000000 0.007970885 -0.148203970 -0.014094421
160 9.898437500 -0.000015259 0.000015259 0.008520768 1.208195160 -0.016983373
161 3.537109375 -0.000030518 0.000015259 -0.000193491 0.912542382 0.000193491
162 2.507812500 -0.000030518 0.000007629 0.000320821 0.943623568 -0.000320821
163 0.821777344 0.246826172 -0.027450562 -0.155297577 -0.088051341 0.272296809
164 9.687324524 0.000015259 -0.000053406 0.342851519 1.121789534 -0.008737843
165 3.679656982 0.000000000 0.000030518 -0.002974323 0.934332562 -0.000146806
166 2.700630188 0.000000000 -0.000015259 -0.032371169 0.978263485 -0.042071145
167 0.519531250 0.395996094 -0.161743164 -0.478495596 0.316187846 0.763124936
168 6.753906250 -0.000007629 -0.000030518 0.300769486 0.115172368 -0.360966190
169 4.462749481 0.000000000 0.000030518 0.078557963 0.005930337 -0.087042230
170 86.264892578 0.000053406 0.000061035 0.843933324 -1.245145312 2.302979129
171 2.875000000 0.000007629 -0.000030518 0.296230835 0.357911058 0.369562492
172 8.134368896 0.000000000 0.000000000 0.041877227 -0.121984971 0.048048076
173 8.134399414 0.000000000 0.000000000 0.027134196 -0.016936881 -0.063000420
174 8.134391785 0.000000000 0.000000000 0.006633693 0.008242641 -0.088477444
175 8.134384155 0.000000000 0.000000000 -0.074088012 0.025524376 -0.083378756
176 8.134384155 -0.000030518 -0.000045776 -0.082006980 0.029177290 -0.087622566
177 8.134384155 -0.000045776 -0.000030518 -0.096680366 0.036918074 -0.086169268
178 8.134399414 0.000000000 0.000000000 -0.117787760 0.045653360 -0.073974403
179 8.132812500 -0.000015259 -0.000030518 -0.068334582 0.178608529 0.127167520
180 86.264892578 0.000053406 0.000061035 -1.480155425 -0.883165424 -1.949299587
181 2.875000000 0.000015259 0.000000000 -0.276615334 0.391695840 -0.234683148
182 8.134414673 0.000000000 0.000000000 -0.109987580 -0.034086991 -0.154255650
183 8.134384155 0.000000000 0.000000000 -0.112481057 0.074688819 -0.057851765
184 8.134429932 0.000000000 -0.000038147 -0.107202336 0.096671567 -0.021201092
185 8.134384155 -0.000015259 -0.000011444 -0.309992109 0.108046848 -0.051107990
186 8.134384155 0.000015259 0.000026703 -0.273356561 0.094938968 -0.010014235
187 8.134368896 0.000000000 -0.000015259 -0.246727094 0.071759633 0.026522782
188 8.134399414 0.000000000 0.000015259 -0.208652189 0.049605304 0.043426165
189 8.132812500 0.000000000 0.000015259 -0.260945607 0.229749111 -0.175072315
190 25.357345581 -1.346612930 -0.631881714 0.214766471 0.722846763 -2.997622025
191 10.586948395 0.000007629 -0.000045776 0.680583038 -0.224584541 -0.362313222
192 19.962787628 -1.182558060 -0.493774414 -2.827724317 1.210077460 0.137379431
193 26.542861938 -0.000034332 5.258386612 -0.000098679 -0.575889304 -3.141563427
194 5.210937500 0.000003815 0.000015259 0.043570294 0.362336573 0.285798864
195 11.580818176 0.000015259 -0.000030518 0.000000000 0.373150501 0.000000000
196 30.590713501 -0.110137939 0.305744171 -0.358061578 0.042217050 0.154236189
197 7.470626831 0.014289856 0.148300171 -0.379030522 0.324184179 -0.012860943
198 9.858001709 6.173873901 -12.156160355 2.343721255 0.103353816 3.040407058
199 9.858215332 -6.068092346 -12.208475113 -2.352349825 0.104146931 -3.041265021
200 20.049377441 0.061241150 -14.093141556 3.134587295 0.926499159 3.136067236
201 5.580184937 -0.000015259 0.000030518 -0.036640484 0.131338808 -0.085750516
202 6.841278076 -0.000007629 -0.000038147 0.004953728 -0.235448780 -0.049960674
203 6.916412354 -0.000009537 0.000007629 -0.284057675 0.169796178 -0.000010178
204 24.600067139 -1.878257751 -11.667314529 -2.002800253 -0.732025296 -0.963281651
205 24.600067139 -1.878257751 -11.667314529 -1.536345236 -0.230748013 -1.702389711
206 24.600067139 -1.878257751 -11.667314529 -1.665549243 0.097947933 -2.370679697
207 24.599960327 1.980178833 -11.650854111 2.009399481 -0.739004495 0.958897021
208 24.599960327 1.980178833 -11.650854111 1.535182712 -0.239155086 1.702686470
209 24.599960327 1.980178833 -11.650854111 1.659403831 0.091981346 2.370144970
210 7.570648193 3.876312256 6.930494308 -2.049238070 1.047095500 -0.535595520
211 7.418060303 -3.974502563 7.604156494 1.014907748 -1.024031318 -2.618339091
212 -86.807075500 0.000003206 0.000005000 0.000000000 0.000000000 0.000244115
213 0.000000000 -0.000000000 0.000000000 0.000000000 0.000000000 0.000244115
214 0.000000000 -0.000000000 0.000000000 0.000000000 0.000000000 0.000244115
215 0.000000000 -0.000000000 0.000000000 0.000000000 0.000000000 0.000244115
216 0.000000000 -0.000000000 0.000000000 0.000000000 0.000000000 0.000244115
217 0.000000000 -0.000000000 0.000000000 0.000000000 0.000000000 0.000244115
218 0.000000000 -0.000000000 0.000000000 0.000000000 0.000000000 0.000244115
219 0.000000000 -0.000000000 0.000000000 0.000000000 0.000000000 0.000244115
220 0.000000000 -0.000000000 0.000000000 0.000000000 0.000000000 0.000244115
221 0.000000000 -0.000000000 0.000000000 0.000000000 0.000000000 0.000244115
222 0.000000000 -0.000000000 0.000000000 0.000000000 0.000000000 0.000244115
223 0.000000000 -0.000000000 0.000000000 0.000000000 0.000000000 0.000244115
time 14
0 0.000001340 -30.658960342 0.000005000 0.374738038 -1.437473892 -1.478292260
1 88.476783752 -0.000055313 -0.000013590 3.141592654 -0.000000000 3.141592654
2 -43.495719910 -0.000049591 4.662870407 0.470532402 0.080766296 -3.131461003
3 9.507705688 0.000003815 -0.000020981 0.180420396 -0.182401323 -0.041174270
4 23.267868042 2.189132690 -3.705406189 1.456154893 -0.000364046 1.571112984
5 11.648437500 0.000000954 0.000061035 -0.599395187 -0.350176618 1.357782778
6 29.776115417 -0.000017166 -0.000152588 0.103725560 0.131188278 -0.017780692
7 25.612224579 -0.000019073 0.000091553 1.855217820 0.625416261 0.368040496
8 8.674346924 -1.907180786 -2.936538696 -0.551336544 -0.109697996 1.608018152
9 0.000000000 -0.000000000 0.000000000 0.000000000 0.000000000 0.000244115
10 -43.495719910 -0.000049591 4.662870407 0.000000000 0.000000000 0.000000000
11 21.580337524 10.273413658 -4.495086670 0.035557061 -0.254078368 0.005727697
12 45.674194336 -0.000015259 0.000013351 -3.140128641 0.525657953 0.000125738
13 55.039112091 0.000005722 -0.000008106 -3.073135155 1.338699108 0.066061093
14 21.580284119 -10.273576736 -4.495073318 0.409682914 0.340004048 -0.205271253
15 45.674217224 0.000030518 -0.000011444 -3.141297078 0.808441039 0.000032558
16 55.039123535 -0.000038147 -0.000038147 3.102597511 1.141037797 -0.034871996
17 0.161666870 -1.532186508 -10.638456345 2.956990494 0.526752650 -0.151013429
18 14.463714600 -0.000007629 0.000000000 -0.081047097 0.098843631 0.122873034
19 20.708938599 -0.000022888 -0.000038147 0.071605204 -0.292727348 -0.295171836
20 20.709037781 -0.000005722 0.000030518 0.062376426 -0.223876367 -0.280740189
21 20.709545135 -0.000009537 0.000030518 0.082831653 -0.154984765 0.012887985
22 0.118850708 -3.636028290 -10.382867813 2.434484515 0.425713259 -0.445235709
23 14.125000000 -0.000020981 -0.000015259 -0.035357820 0.066164596 0.134633092
24 20.265319824 -0.000019073 0.000000000 0.099503843 -0.223617671 -0.459492864
25 20.265319824 0.000000000 0.000015259 0.086274692 -0.172807463 -0.411827028
26 20.265625000 -0.000022888 -0.000003815 0.123441198 -0.110923635 0.012539870
27 0.430816650 -8.824714661 -7.827322006 2.282323870 0.372581612 -0.530156543
28 12.544494629 0.000007629 -0.000015259 -0.226312762 0.088937254 0.286364603
29 19.343734741 -0.000030518 -0.000045776 0.105180026 -0.136688451 -0.600955581
30 19.343750000 -0.000015259 -0.000012398 0.094583893 -0.108793084 -0.519314135
31 19.343750000 -0.000015259 0.000002861 0.093342565 -0.103909232 0.054682139
32 -0.019638062 -12.396471024 -3.323648453 2.008620014 0.143381469 -0.543463158
33 11.042053223 0.000005722 -0.000015259 -0.280019281 -0.016154575 0.312987514
34 19.073436737 -0.000005722 -0.000038147 0.091018798 -0.052924571 -0.706082908
35 19.073341370 -0.000015259 -0.000011444 0.087605838 -0.047177677 -0.604070008
36 19.073867798 -0.000007629 0.000007629 -0.027780791 -0.121876130 0.149460383
37 0.143417358 -12.177965164 2.328493118 1.518810137 -0.161343062 -0.494035262
38 10.827308655 0.000007629 -0.000030518 -0.131549432 -0.109362908 0.202705545
39 18.731544495 0.000003815 0.000000000 0.042294958 0.062184416 -0.776917572
40 18.731609344 -0.000022888 -0.000007629 0.051970759 0.046463300 -0.668050308
41 18.732189178 -0.000022888 0.000003815 -0.175404907 -0.195814121 0.242546335
42 0.706604004 -9.159467697 6.887685776 0.979654380 -0.265100170 -0.190766461
43 10.843429565 -0.000005722 -0.000015259 -0.069004954 -0.288914202 0.137551559
44 18.864486694 0.000009537 -0.000022888 -0.063359604 0.278405930 -0.747134182
45 18.864482880 -0.000022888 0.000007629 -0.034760367 0.237020947 -0.663454057
46 18.864944458 -0.000015259 -0.000007629 -0.285204721 -0.282617522 0.289021106
47 0.843048096 -2.753784180 9.486446381 0.706399089 -0.191889080 -0.034259716
48 10.832725525 0.000007629 0.000007629 -0.364999828 -0.321717952 0.221549338
49 19.399490356 0.000003815 -0.000045776 -0.090749399 0.195022418 -0.438362306
50 19.399677277 -0.000007629 -0.000015259 -0.106898091 0.512178552 -0.435199500
51 19.400068283 -0.000030518 -0.000015259 -0.179936730 -0.428399075 0.185958615
52 0.161682129 1.532159805 -10.638368607 -3.013842378 0.543413680 0.027915022
53 14.463706970 -0.000007629 -0.000015259 0.104403894 0.089976443 -0.015888168
54 20.708992004 -0.000017166 -0.000003815 0.021879159 -0.321033258 -0.101521185
55 20.709014893 0.000009537 0.000019073 0.022212855 -0.244775685 -0.125876313
56 20.709590912 -0.000006676 -0.000007629 -0.064421769 -0.144651026 0.083224303
57 0.118804932 3.636004448 -10.383043289 -2.469501322 0.494057419 0.352816628
58 14.125000000 -0.000015259 -0.000015259 0.054307670 0.064149439 -0.027718143
59 20.265319824 0.000003815 -0.000015259 -0.024473026 -0.273932791 0.055488385
60 20.265342712 0.000013351 -0.000003815 -0.016332380 -0.207010494 0.001002315
61 20.265625000 0.000001907 0.000007629 -0.105205472 -0.089332292 0.085107503
62 0.430816650 8.824708939 -7.827398300 -2.307420255 0.452967450 0.452620192
63 12.544555664 0.000015259 -0.000015259 0.245184585 0.067840966 -0.182236525
64 19.343750000 -0.000017166 -0.000007629 -0.058808286 -0.219613048 0.204889938
65 19.343750000 0.000003815 -0.000015259 -0.047018257 -0.170964569 0.131067478
66 19.343750000 0.000011444 -0.000038147 -0.082675344 -0.079576628 0.044623398
67 -0.019577026 12.396468163 -3.323724747 -2.011439473 0.240529451 0.496970188
68 11.042060852 -0.000007629 0.000000000 0.285536427 -0.042143309 -0.210604091
69 19.073402405 -0.000001907 -0.000045776 -0.072325075 -0.129008804 0.341746630
70 19.073368073 0.000007629 -0.000030518 -0.063734034 -0.104359551 0.259137289
71 19.073940277 0.000005722 -0.000030518 0.024702754 -0.107571286 -0.047670449
72 0.143478394 12.177964211 2.328407288 -1.513386731 -0.054237607 0.499916606
73 10.827339172 -0.000015259 0.000007629 0.124171125 -0.120014946 -0.095783260
74 18.731567383 0.000010490 -0.000007629 -0.053149934 0.016442276 0.466367479
75 18.731578827 -0.000010014 -0.000068665 -0.056177793 0.011414539 0.382744005
76 18.732147217 0.000002861 0.000030518 0.151081217 -0.198904426 -0.136094813
77 0.706604004 9.159472466 6.887771606 -0.986945522 -0.175781400 0.251635302
78 10.843391418 0.000004768 0.000003815 0.038460992 -0.293620479 -0.024626197
79 18.864517212 -0.000007629 -0.000038147 0.010704323 0.268189072 0.502439666
80 18.864459991 -0.000005722 -0.000007629 -0.012229064 0.222117009 0.426430343
81 18.865047455 -0.000015259 -0.000038147 0.240280501 -0.303775304 -0.175747099
82 0.842971802 2.753786087 9.486438751 -0.713310361 -0.121941749 0.116538659
83 10.832771301 -0.000001907 0.000015259 0.329574558 -0.358807636 -0.112837668
84 19.399612427 0.000003815 -0.000038147 -0.016618693 0.270462637 0.107297148
85 19.399597168 -0.000022888 -0.000015259 0.009995873 0.494641235 0.232362152
86 19.400173187 -0.000011444 -0.000015259 0.109390654 -0.442391300 -0.056873665
87 23.268264771 -2.187709808 -3.705850601 -1.456154893 0.000364046 -1.570479669
88 11.648437500 -0.000030518 0.000030518 0.222058897 0.472060874 -0.092334255
89 19.962635040 1.182556152 -0.494796753 2.827724317 1.210077460 -0.137379431
90 25.357295990 1.346595764 -0.632659912 2.575580993 0.663148227 -0.565536384
91 10.585937500 0.000007629 -0.000022888 -0.623342345 0.227380332 0.017522868
92 29.775835037 0.000000000 -0.000091553 -0.555055227 -0.908129580 -0.311479355
93 22.736808777 -0.004570007 -0.007400513 -0.403634162 -0.194474916 -2.864551704
94 0.073730469 -0.706542969 -0.275878906 -0.234757381 1.019367758 1.698245399
95 13.120170593 0.000022888 0.000022888 -1.139325377 -0.048512621 -0.729592866
96 12.350074768 -0.000015259 -0.000015259 -0.894998318 0.897504062 -0.154116018
97 15.541244507 -0.000045776 -0.000007629 0.012897325 0.523249177 0.673512931
98 14.906250000 -0.000015259 0.000003815 -0.122469296 0.204475859 0.530521246
99 14.182762146 -0.000030518 -0.000015259 -0.283436883 0.565158333 0.005035658
100 6.140625000 -0.523925781 -0.378906250 1.201431588 1.035441194 1.651860304
101 11.348442078 0.000007629 -0.000038147 -2.663897976 -0.731785476 -0.065106966
102 12.005210876 -0.000015259 -0.000030518 -0.394718495 1.038050092 -0.010096271
103 15.865591049 -0.000022888 0.000007629 -0.071019556 0.783329441 0.605227563
104 14.851562500 -0.000015259 0.000007629 -0.602971193 0.548619168 -0.005326657
105 12.538974762 -0.414978027 -0.272300720 1.319389838 1.094247988 1.581173911
106 10.619346619 0.000000000 0.000007629 3.094890782 -0.783642668 -0.115789033
107 12.043018341 -0.000015259 0.000030518 0.582349621 1.016479316 0.987818765
108 15.310400009 -0.000015259 -0.000015259 -0.421142219 0.518417852 -0.022033187
109 19.857913971 0.000007629 0.000000000 1.351795669 1.280284314 1.647291075
110 10.617187500 0.000015259 0.000022888 0.097564173 -0.800039433 -0.873414578
111 11.091686249 0.000007629 -0.000030518 -2.957031938 -0.407219133 -0.279420241
112 25.612260818 0.000007629 -0.000152588 -0.952077214 -0.199340542 0.082461341
113 0.732421875 0.378173828 -0.043365479 -0.298448110 -0.042506783 0.541930270
114 9.421440125 0.000015259 -0.000022888 0.376985193 0.989139988 -0.158374132
115 3.208984375 -0.000007629 -0.000007629 -0.000900778 0.927088290 0.001093729
116 2.421096802 0.000022888 0.000019073 -0.050443158 0.688441461 -0.044503315
117 0.783203125 0.134643555 -0.023910522 -0.156336213 -0.123510422 0.279151765
118 9.940933228 -0.000007629 -0.000007629 0.161817679 0.963323119 -0.082617437
119 3.403709412 -0.000007629 -0.000015259 -0.009001117 0.689879404 -0.004885124
120 2.546600342 0.000007629 0.000000000 -0.042829088 0.678048449 -0.013732072
121 0.805175781 0.000000000 0.000000000 -0.007963538 -0.147251916 0.014089588
122 9.898437500 0.000000000 0.000038147 -0.011887432 0.857189831 0.004722858
123 3.537029266 0.000000000 -0.000030518 0.015666009 0.561720338 0.009460674
124 2.507812500 -0.000007629 0.000007629 0.001414853 0.592390064 0.014690864
125 0.821777344 -0.246826172 -0.028747559 0.155124828 -0.087466036 -0.272238366
126 9.687484741 -0.000026703 0.000015259 -0.214202260 0.792087249 0.164834178
127 3.679679871 0.000000000 0.000015259 -0.003198186 0.592472491 -0.001607877
128 2.700599670 0.000000000 -0.000015259 0.031346709 0.636686851 0.032782188
129 0.519042969 -0.395996094 -0.161987305 0.477878787 0.316754060 -0.763355711
130 6.753906250 -0.000005722 -0.000045776 -0.536221635 0.681769393 0.000560917
131 4.462627411 -0.000034332 0.000000000 -0.078001298 0.008849486 0.122395973
132 22.736743927 0.004549980 -0.007263184 0.320995105 0.108285484 3.050417382
133 0.073730469 0.706542969 -0.276367188 2.410158698 0.985550188 0.596763333
134 13.119304657 0.000015259 -0.000015259 0.693484904 0.098411142 0.508641343
135 12.350997925 0.000015259 -0.000015259 0.341752795 0.296478499 0.133621148
136 15.540859222 0.000000000 0.000030518 -0.270812602 0.163118478 0.023267214
137 14.906250000 -0.000011444 -0.000015259 -0.266020617 0.074143178 0.079166568
138 14.182880402 -0.000003815 0.000030518 -0.094924880 0.119200920 -0.013546174
139 6.140625000 0.523925781 -0.378662109 0.552879663 0.980849011 0.394130362
140 11.348976135 0.000007629 0.000015259 2.044790981 -0.500094490 0.118638793
141 12.004642487 0.000000000 -0.000030518 -0.139510811 0.228771043 0.211577372
142 15.865940094 -0.000001907 -0.000015259 -0.140081126 0.118130238 0.126939022
143 14.851562500 -0.000002861 0.000000000 0.182613929 0.116072720 -0.092899330
144 12.539043427 0.414962769 -0.272758484 0.292230221 0.877744469 0.350641756
145 10.619075775 -0.000001907 -0.000030518 2.648877893 -0.462132516 -0.022492767
146 12.043624878 -0.000003815 -0.000015259 -0.478859668 0.325327872 0.128391109
147 15.309879303 0.000001907 0.000015259 -0.055209586 0.095782451 -0.055127123
148 19.857963562 -0.000022888 0.000038147 0.293622964 0.815632564 0.306361187
149 10.618190765 0.000000000 0.000000000 -0.053428848 -0.585891474 0.234806832
150 11.091796875 0.000007629 -0.000015259 2.016719937 0.122664978 -0.670326168
151 0.732421875 -0.378417969 -0.043029785 0.298829922 -0.043211786 -0.541974052
152 9.421363831 -0.000030518 0.000007629 -0.470241755 1.108872100 0.050969701
153 3.208984375 0.000015259 0.000000000 0.000857873 1.057455893 -0.001098300
154 2.421054840 0.000000000 -0.000034332 0.043174526 0.819359608 0.045011662
155 0.783203125 -0.134643555 -0.023712158 0.156625597 -0.124254089 -0.279237635
156 9.941059113 0.000000000 -0.000030518 -0.258870176 1.208138449 -0.026394740
157 3.403701782 0.000000000 0.000030518 -0.009093961 0.939657871 -0.001132441
158 2.546592712 0.000000000 -0.000034332 0.050622334 0.928087349 0.026112669
159 0.805175781 0.000000000 0.000000000 0.007970885 -0.148203970 -0.014094421
160 9.898437500 -0.000015259 0.000015259 0.008520768 1.208195160 -0.016983373
161 3.537109375 -0.000030518 0.000015259 -0.000193491 0.912542382 0.000193491
162 2.507812500 -0.000030518 0.000007629 0.000320821 0.943623568 -0.000320821
163 0.821777344 0.246826172 -0.027450562 -0.155297577 -0.088051341 0.272296809
164 9.687324524 0.000015259 -0.000053406 0.342851519 1.121789534 -0.008737843
165 3.679656982 0.000000000 0.000030518 -0.002974323 0.934332562 -0.000146806
166 2.700630188 0.000000000 -0.000015259 -0.032371169 0.978263485 -0.042071145
167 0.519531250 0.395996094 -0.161743164 -0.478495596 0.316187846 0.763124936
168 6.753906250 -0.000007629 -0.000030518 0.300769486 0.115172368 -0.360966190
169 4.462749481 0.000000000 0.000030518 0.078557963 0.005930337 -0.087042230
170 86.264892578 0.000053406 0.000061035 -0.221111405 -1.016699831 -2.576061778
171 2.875000000 0.000007629 -0.000030518 0.367989540 0.414354584 0.412524917
172 8.134368896 0.000000000 0.000000000 0.116529274 -0.213577841 0.012538759
173 8.134399414 0.000000000 0.000000000 0.120781974 -0.148593218 -0.105636698
174 8.134391785 0.000000000 0.000000000 0.109317588 -0.127434506 -0.119562035
175 8.134384155 0.000000000 0.000000000 0.035088456 -0.103034635 -0.101348369
176 8.134384155 -0.000030518 -0.000045776 0.027594476 -0.093103472 -0.101919259
177 8.134384155 -0.000045776 -0.000030518 0.007380375 -0.081414667 -0.098304844
178 8.134399414 0.000000000 0.000000000 -0.022411736 -0.068393445 -0.087794172
179 8.132812500 -0.000015259 -0.000030518 -0.068334582 0.178608529 0.127167520
180 86.264892578 0.000053406 0.000061035 -1.556883855 -0.336457943 -1.830962117
181 2.875000000 0.000015259 0.000000000 -0.238891527 0.387398203 -0.155182160
182 8.134414673 0.000000000 0.000000000 -0.115740067 -0.011789563 -0.214679892
183 8.134384155 0.000000000 0.000000000 -0.124656722 0.123989664 -0.137033894
184 8.134429932 0.000000000 -0.000038147 -0.120902033 0.154863388 -0.085388726
185 8.134384155 -0.000015259 -0.000011444 -0.319765717 0.163941195 -0.099229706
186 8.134384155 0.000015259 0.000026703 -0.277792917 0.148198123 -0.031504024
187 8.134368896 0.000000000 -0.000015259 -0.249828734 0.114651050 0.022971234
188 8.134399414 0.000000000 0.000015259 -0.212638019 0.080904388 0.049229380
189 8.132812500 0.000000000 0.000015259 -0.260945607 0.229749111 -0.175072315
190 25.357345581 -1.346612930 -0.631881714 0.179533732 0.883309775 -3.039482422
191 10.586948395 0.000007629 -0.000045776 0.675915550 -0.187267806 -0.333774436
192 19.962787628 -1.182558060 -0.493774414 -2.827724317 1.210077460 0.137379431
193 26.542861938 -0.000034332 5.258386612 -0.000098679 -0.575889304 -3.141563427
194 5.210937500 0.000003815 0.000015259 0.085263096 0.408992320 0.356528090
195 11.580818176 0.000015259 -0.000030518 0.000000000 0.373150501 0.000000000
196 30.590713501 -0.110137939 0.305744171 -0.375577754 0.032754369 0.159517163
197 7.470626831 0.014289856 0.148300171 -0.384644316 0.324142270 -0.012886894
198 9.858001709 6.173873901 -12.156160355 2.343721255 0.103353816 3.040407058
199 9.858215332 -6.068092346 -12.208475113 -2.352349825 0.104146931 -3.041265021
200 20.049377441 0.061241150 -14.093141556 3.134587295 0.926499159 3.136067236
201 5.580184937 -0.000015259 0.000030518 -0.044187008 0.152042274 -0.106537983
202 6.841278076 -0.000007629 -0.000038147 0.011229490 -0.300097435 -0.072512030
203 6.916412354 -0.000009537 0.000007629 -0.284057675 0.169796178 -0.000010178
204 24.600067139 -1.878257751 -11.667314529 -2.002800253 -0.732025296 -0.963281651
205 24.600067139 -1.878257751 -11.667314529 -1.536345236 -0.230748013 -1.702389711
206 24.600067139 -1.878257751 -11.667314529 -1.665549243 0.097947933 -2.370679697
207 24.599960327 1.980178833 -11.650854111 2.009399481 -0.739004495 0.958897021
208 24.599960327 1.980178833 -11.650854111 1.535182712 -0.239155086 1.702686470
209 24.599960327 1.980178833 -11.650854111 1.659403831 0.091981346 2.370144970
210 7.570648193 3.876312256 6.930494308 -2.049238070 1.047095500 -0.535595520
211 7.418060303 -3.974502563 7.604156494 1.014907748 -1.024031318 -2.618339091
212 -86.807075500 0.000003206 0.000005000 0.000000000 0.000000000 0.000244115
213 0.000000000 -0.000000000 0.000000000 0.000000000 0.000000000 0.000244115
214 0.000000000 -0.000000000 0.000000000 0.000000000 0.000000000 0.000244115
215 0.000000000 -0.000000000 0.000000000 0.000000000 0.000000000 0.000244115
216 0.000000000 -0.000000000 0.000000000 0.000000000 0.000000000 0.000244115
217 0.000000000 -0.000000000 0.000000000 0.000000000 0.000000000 0.000244115
218 0.000000000 -0.000000000 0.000000000 0.000000000 0.000000000 0.000244115
219 0.000000000 -0.000000000 0.000000000 0.000000000 0.000000000 0.000244115
220 0.000000000 -0.000000000 0.000000000 0.000000000 0.000000000 0.000244115
221 0.000000000 -0.000000000 0.000000000 0.000000000 0.000000000 0.000244115
222 0.000000000 -0.000000000 0.000000000 0.000000000 0.000000000 0.000244115
223 0.000000000 -0.000000000 0.000000000 0.000000000 0.000000000 0.000244115
time 15
0 0.000001325 -30.314645767 0.000005000 0.372717453 -1.440973307 -1.479406683
1 88.476783752 -0.000055313 -0.000013590 3.141592654 0.000000000 3.141592654
2 -43.495719910 -0.000049591 4.662870407 0.465278689 0.080248405 -3.131624796
3 9.507705688 0.000003815 -0.000020981 0.170426976 -0.184402843 -0.041635309
4 23.267868042 2.189132690 -3.705406189 1.456154893 -0.000364046 1.571112984
5 11.648437500 0.000000954 0.000061035 -0.488261477 -0.378174535 1.356426694
6 29.776115417 -0.000017166 -0.000152588 0.071452608 0.129854846 -0.008162349
7 25.612224579 -0.000019073 0.000091553 1.473898582 0.544457922 0.009409103
8 8.674346924 -1.907180786 -2.936538696 -0.551336544 -0.109697996 1.608018152
9 0.000000000 -0.000000000 0.000000000 0.000000000 0.000000000 0.000244115
10 -43.495719910 -0.000049591 4.662870407 0.000000000 0.000000000 0.000000000
11 21.580337524 10.273413658 -4.495086670 0.035188188 -0.251642887 0.005903769
12 45.674194336 -0.000015259 0.000013351 -3.140130847 0.521190075 0.000121805
13 55.039112091 0.000005722 -0.000008106 -3.073273506 1.336386035 0.065922358
14 21.580284119 -10.273576736 -4.495073318 0.405288758 0.330717525 -0.203269088
15 45.674217224 0.000030518 -0.000011444 -3.141297078 0.808441039 0.000032558
16 55.039123535 -0.000038147 -0.000038147 3.102597511 1.141037797 -0.034871996
17 0.161666870 -1.532186508 -10.638456345 2.956990494 0.526752650 -0.151013429
18 14.463714600 -0.000007629 0.000000000 -0.081047097 0.098843631 0.122873034
19 20.708938599 -0.000022888 -0.000038147 0.050741994 -0.224039572 -0.202045484
20 20.709037781 -0.000005722 0.000030518 0.083463092 -0.286648130 -0.335631846
21 20.709545135 -0.000009537 0.000030518 0.082831653 -0.154984765 0.012887985
22 0.118850708 -3.636028290 -10.382867813 2.434484465 0.425713324 -0.445235796
23 14.125000000 -0.000020981 -0.000015259 -0.035357820 0.066164596 0.134633092
24 20.265319824 -0.000019073 0.000000000 0.075746253 -0.178724756 -0.323177269
25 20.265319824 0.000000000 0.000015259 0.111267075 -0.221684523 -0.492529008
26 20.265625000 -0.000022888 -0.000003815 0.123441198 -0.110923635 0.012539870
27 0.430816650 -8.824714661 -7.827322006 2.282323870 0.372581612 -0.530156543
28 12.544494629 0.000007629 -0.000015259 -0.226312762 0.088937254 0.286364603
29 19.343734741 -0.000030518 -0.000045776 0.087549985 -0.120063950 -0.430682140
30 19.343750000 -0.000015259 -0.000012398 0.117863244 -0.143190427 -0.617542526
31 19.343750000 -0.000015259 0.000002861 0.093342565 -0.103909232 0.054682139
32 -0.019638062 -12.396471024 -3.323648453 2.008620014 0.143381469 -0.543463158
33 11.042053223 0.000005722 -0.000015259 -0.280019281 -0.016154575 0.312987514
34 19.073436737 -0.000005722 -0.000038147 0.084780405 -0.062445141 -0.512957266
35 19.073341370 -0.000015259 -0.000011444 0.107256623 -0.069370709 -0.708245789
36 19.073867798 -0.000007629 0.000007629 -0.027780791 -0.121876130 0.149460383
37 0.143417358 -12.177965164 2.328493118 1.518810137 -0.161343062 -0.494035262
38 10.827308655 0.000007629 -0.000030518 -0.131549432 -0.109362908 0.202705545
39 18.731544495 0.000003815 0.000000000 0.056977388 0.022007318 -0.570046521
40 18.731609344 -0.000022888 -0.000007629 0.062154671 0.038821859 -0.770653120
41 18.732189178 -0.000022888 0.000003815 -0.175404907 -0.195814121 0.242546335
42 0.706604004 -9.159467697 6.887685776 0.979654380 -0.265100170 -0.190766461
43 10.843429565 -0.000005722 -0.000015259 -0.069004954 -0.288914202 0.137551559
44 18.864486694 0.000009537 -0.000022888 -0.009777895 0.190134052 -0.547474748
45 18.864482880 -0.000022888 0.000007629 -0.045505802 0.255509362 -0.755808735
46 18.864944458 -0.000015259 -0.000007629 -0.285204721 -0.282617522 0.289021106
47 0.843048096 -2.753784180 9.486446381 0.706399089 -0.191889080 -0.034259716
48 10.832725525 0.000007629 0.000007629 -0.364999828 -0.321717952 0.221549338
49 19.399490356 0.000003815 -0.000045776 -0.050031328 0.191190041 -0.323789308
50 19.399677277 -0.000007629 -0.000015259 -0.137382373 0.576576327 -0.500107593
51 19.400068283 -0.000030518 -0.000015259 -0.179936730 -0.428399075 0.185958615
52 0.161682129 1.532159805 -10.638368607 -3.013842378 0.543413680 0.027915022
53 14.463706970 -0.000007629 -0.000015259 0.104403894 0.089976443 -0.015888168
54 20.708992004 -0.000017166 -0.000003815 0.013737146 -0.241361464 -0.063759031
55 20.709014893 0.000009537 0.000019073 0.032206556 -0.314576761 -0.142619899
56 20.709590912 -0.000006676 -0.000007629 -0.064421769 -0.144651026 0.083224303
57 0.118804932 3.636004448 -10.383043289 -2.469501322 0.494057419 0.352816628
58 14.125000000 -0.000015259 -0.000015259 0.054307670 0.064149439 -0.027718143
59 20.265319824 0.000003815 -0.000015259 -0.020921136 -0.206582839 0.047734292
60 20.265342712 0.000013351 -0.000003815 -0.016967905 -0.267993558 0.017965668
61 20.265625000 0.000001907 0.000007629 -0.105205472 -0.089332292 0.085107503
62 0.430816650 8.824708939 -7.827398300 -2.307420255 0.452967450 0.452620192
63 12.544555664 0.000015259 -0.000015259 0.245184585 0.067840966 -0.182236525
64 19.343750000 -0.000017166 -0.000007629 -0.047998283 -0.169491034 0.156560826
65 19.343750000 0.000003815 -0.000015259 -0.054752937 -0.218100181 0.178724000
66 19.343750000 0.000011444 -0.000038147 -0.082675344 -0.079576628 0.044623398
67 -0.019577026 12.396468163 -3.323724747 -2.011439473 0.240529451 0.496970188
68 11.042060852 -0.000007629 0.000000000 0.285536427 -0.042143309 -0.210604091
69 19.073402405 -0.000001907 -0.000045776 -0.061121276 -0.105560144 0.259471143
70 19.073368073 0.000007629 -0.000030518 -0.072650237 -0.130656209 0.330000560
71 19.073940277 0.000005722 -0.000030518 0.024702754 -0.107571286 -0.047670449
72 0.143478394 12.177964211 2.328407288 -1.513386731 -0.054237607 0.499916606
73 10.827339172 -0.000015259 0.000007629 0.124171125 -0.120014946 -0.095783260
74 18.731567383 0.000010490 -0.000007629 -0.051606592 0.002242904 0.355044568
75 18.731578827 -0.000010014 -0.000068665 -0.057318861 0.012344994 0.468335176
76 18.732147217 0.000002861 0.000030518 0.151081217 -0.198904426 -0.136094813
77 0.706604004 9.159472466 6.887771606 -0.986945522 -0.175781400 0.251635302
78 10.843391418 0.000004768 0.000003815 0.038460992 -0.293620479 -0.024626197
79 18.864517212 -0.000007629 -0.000038147 -0.013622403 0.194152036 0.378739856
80 18.864459991 -0.000005722 -0.000007629 0.005761357 0.260975808 0.513101465
81 18.865047455 -0.000015259 -0.000038147 0.240280501 -0.303775304 -0.175747099
82 0.842971802 2.753786087 9.486438751 -0.713310361 -0.121941749 0.116538659
83 10.832771301 -0.000001907 0.000015259 0.329574558 -0.358807636 -0.112837668
84 19.399612427 0.000003815 -0.000038147 -0.015542330 0.248947036 0.112425579
85 19.399597168 -0.000022888 -0.000015259 0.035297528 0.575837715 0.286477088
86 19.400173187 -0.000011444 -0.000015259 0.109395722 -0.442479549 -0.056880201
87 23.268264771 -2.187709808 -3.705850601 -1.456154893 0.000364046 -1.570479669
88 11.648437500 -0.000030518 0.000030518 0.212748991 0.471010651 -0.076112551
89 19.962635040 1.182556152 -0.494796753 2.827724317 1.210077460 -0.137379431
90 25.357295990 1.346595764 -0.632659912 2.561943838 0.825856682 -0.575323894
91 10.585937500 0.000007629 -0.000022888 -0.623342345 0.227380332 0.017522868
92 29.775835037 0.000000000 -0.000091553 -0.543619653 -0.887788903 -0.319718003
93 22.736808777 -0.004570007 -0.007400513 -0.403634162 -0.194474916 -2.864551704
94 0.073730469 -0.706542969 -0.275878906 -0.307039292 1.120076955 1.623253899
95 13.120170593 0.000022888 0.000022888 -1.127084676 -0.133756420 -0.704479941
96 12.350074768 -0.000015259 -0.000015259 -0.920239656 0.836039388 -0.184217374
97 15.541244507 -0.000045776 -0.000007629 0.011745031 0.536579129 0.680143153
98 14.906250000 -0.000015259 0.000003815 -0.103740976 0.235925750 0.578341006
99 14.182762146 -0.000030518 -0.000015259 -0.283436883 0.565158333 0.005035658
100 6.140625000 -0.523925781 -0.378906250 1.049064907 1.130538343 1.492052539
101 11.348442078 0.000007629 -0.000038147 -2.725719681 -0.660062107 0.071803522
102 12.005210876 -0.000015259 -0.000030518 -0.446787106 0.960404720 -0.069168223
103 15.865591049 -0.000022888 0.000007629 -0.048290866 0.823899068 0.633273149
104 14.851562500 -0.000015259 0.000007629 -0.602971193 0.548619168 -0.005326657
105 12.538974762 -0.414978027 -0.272300720 1.084361884 1.170263209 1.334883439
106 10.619346619 0.000000000 0.000007629 3.029444690 -0.626600524 0.045180302
107 12.043018341 -0.000015259 0.000030518 0.448883756 1.026474448 0.825351985
108 15.310400009 -0.000015259 -0.000015259 -0.421142219 0.518417852 -0.022033187
109 19.857913971 0.000007629 0.000000000 0.967504771 1.319121643 1.254005602
110 10.617187500 0.000015259 0.000022888 -0.109082564 -0.687325552 -0.537372728
111 11.091686249 0.000007629 -0.000030518 -2.957031938 -0.407219133 -0.279420241
112 25.612260818 0.000007629 -0.000152588 -0.952077214 -0.199340542 0.082461341
113 0.732421875 0.378173828 -0.043365479 -0.298448110 -0.042506783 0.541930270
114 9.421440125 0.000015259 -0.000022888 0.376985193 0.989139988 -0.158374132
115 3.208984375 -0.000007629 -0.000007629 -0.000900778 0.927088290 0.001093729
116 2.421096802 0.000022888 0.000019073 -0.050443158 0.688441461 -0.044503315
117 0.783203125 0.134643555 -0.023910522 -0.156336213 -0.123510422 0.279151765
118 9.940933228 -0.000007629 -0.000007629 0.161817679 0.963323119 -0.082617437
119 3.403709412 -0.000007629 -0.000015259 -0.009001117 0.689879404 -0.004885124
120 2.546600342 0.000007629 0.000000000 -0.042829088 0.678048449 -0.013732072
121 0.805175781 0.000000000 0.000000000 -0.007963538 -0.147251916 0.014089588
122 9.898437500 0.000000000 0.000038147 -0.011887432 0.857189831 0.004722858
123 3.537029266 0.000000000 -0.000030518 0.015666009 0.561720338 0.009460674
124 2.507812500 -0.000007629 0.000007629 0.001414853 0.592390064 0.014690864
125 0.821777344 -0.246826172 -0.028747559 0.155124828 -0.087466036 -0.272238366
126 9.687484741 -0.000026703 0.000015259 -0.214202260 0.792087249 0.164834178
127 3.679679871 0.000000000 0.000015259 -0.003198186 0.592472491 -0.001607877
128 2.700599670 0.000000000 -0.000015259 0.031346709 0.636686851 0.032782188
129 0.519042969 -0.395996094 -0.161987305 0.477878787 0.316754060 -0.763355711
130 6.753906250 -0.000005722 -0.000045776 -0.536221635 0.681769393 0.000560917
131 4.462627411 -0.000034332 0.000000000 -0.078001298 0.008849486 0.122395973
132 22.736743927 0.004549980 -0.007263184 0.323548594 0.106603510 3.058773262
133 0.073730469 0.706542969 -0.276367188 2.549132583 1.150530457 0.761202622
134 13.119304657 0.000015259 -0.000015259 0.675480757 0.123745531 0.632804527
135 12.350997925 0.000015259 -0.000015259 0.335275309 0.369530136 0.169657933
136 15.540859222 0.000000000 0.000030518 -0.283527935 0.178241826 0.015024868
137 14.906250000 -0.000011444 -0.000015259 -0.278386125 0.051503951 0.072493783
138 14.182880402 -0.000003815 0.000030518 -0.072643858 0.145671781 -0.019159371
139 6.140625000 0.523925781 -0.378662109 0.585192761 1.185144954 0.432809893
140 11.348976135 0.000007629 0.000015259 1.985024925 -0.623391290 0.173950473
141 12.004642487 0.000000000 -0.000030518 -0.145511952 0.295696679 0.264323995
142 15.865940094 -0.000001907 -0.000015259 -0.151629650 0.141990221 0.136164994
143 14.851562500 -0.000002861 0.000000000 0.201524471 0.143927857 -0.095246781
144 12.539043427 0.414962769 -0.272758484 0.297746438 1.083422169 0.362789623
145 10.619075775 -0.000001907 -0.000030518 2.611841325 -0.587345631 -0.008330334
146 12.043624878 -0.000003815 -0.000015259 -0.489225912 0.415595101 0.162486257
147 15.309879303 0.000001907 0.000015259 -0.037784851 0.123910783 -0.060911802
148 19.857963562 -0.000022888 0.000038147 0.289553954 1.032954943 0.307597732
149 10.618190765 0.000000000 0.000000000 -0.121874029 -0.736966696 0.342606956
150 11.091796875 0.000007629 -0.000015259 2.076873774 0.089777457 -0.582359069
151 0.732421875 -0.378417969 -0.043029785 0.298829922 -0.043211786 -0.541974052
152 9.421363831 -0.000030518 0.000007629 -0.470241755 1.108872100 0.050969701
153 3.208984375 0.000015259 0.000000000 0.000857873 1.057455893 -0.001098300
154 2.421054840 0.000000000 -0.000034332 0.043174526 0.819359608 0.045011662
155 0.783203125 -0.134643555 -0.023712158 0.156625597 -0.124254089 -0.279237635
156 9.941059113 0.000000000 -0.000030518 -0.258870176 1.208138449 -0.026394740
157 3.403701782 0.000000000 0.000030518 -0.009093961 0.939657871 -0.001132441
158 2.546592712 0.000000000 -0.000034332 0.050622334 0.928087349 0.026112669
159 0.805175781 0.000000000 0.000000000 0.007970885 -0.148203970 -0.014094421
160 9.898437500 -0.000015259 0.000015259 0.008520768 1.208195160 -0.016983373
161 3.537109375 -0.000030518 0.000015259 -0.000193491 0.912542382 0.000193491
162 2.507812500 -0.000030518 0.000007629 0.000320821 0.943623568 -0.000320821
163 0.821777344 0.246826172 -0.027450562 -0.155297577 -0.088051341 0.272296809
164 9.687324524 0.000015259 -0.000053406 0.342851519 1.121789534 -0.008737843
165 3.679656982 0.000000000 0.000030518 -0.002974323 0.934332562 -0.000146806
166 2.700630188 0.000000000 -0.000015259 -0.032371169 0.978263485 -0.042071145
167 0.519531250 0.395996094 -0.161743164 -0.478495596 0.316187846 0.763124936
168 6.753906250 -0.000007629 -0.000030518 0.300769486 0.115172368 -0.360966190
169 4.462749481 0.000000000 0.000030518 0.078557963 0.005930337 -0.087042230
170 86.264892578 0.000053406 0.000061035 1.909595207 0.178426595 -2.591020597
171 2.875000000 0.000007629 -0.000030518 -0.388174215 0.767619155 0.082181604
172 8.134368896 0.000000000 0.000000000 -0.176190603 -0.127991638 0.089920659
173 8.134399414 0.000000000 0.000000000 -0.062722547 -0.145226813 0.114845335
174 8.134391785 0.000000000 0.000000000 -0.015385265 -0.148534381 0.127343318
175 8.134384155 0.000000000 0.000000000 -0.051295712 -0.133561337 0.130294507
176 8.134384155 -0.000030518 -0.000045776 -0.034720636 -0.138464358 0.102053181
177 8.134384155 -0.000045776 -0.000030518 -0.034057916 -0.134140255 0.079053334
178 8.134399414 0.000000000 0.000000000 -0.044471426 -0.124993238 0.066203584
179 8.132812500 -0.000015259 -0.000030518 -0.068334582 0.178608529 0.127167520
180 86.264892578 0.000053406 0.000061035 -1.599552304 0.064427563 -1.759356044
181 2.875000000 0.000015259 0.000000000 -0.123005164 0.399342662 -0.005600543
182 8.134414673 0.000000000 0.000000000 -0.092984385 -0.029715467 -0.177658654
183 8.134384155 0.000000000 0.000000000 -0.106295593 0.123474001 -0.163316094
184 8.134429932 0.000000000 -0.000038147 -0.103228514 0.169789678 -0.137000278
185 8.134384155 -0.000015259 -0.000011444 -0.301628942 0.186460489 -0.163809795
186 8.134384155 0.000015259 0.000026703 -0.252902862 0.185319323 -0.088211390
187 8.134368896 0.000000000 -0.000015259 -0.214779698 0.158450409 -0.019294262
188 8.134399414 0.000000000 0.000015259 -0.167003360 0.126300834 0.019792895
189 8.132812500 0.000000000 0.000015259 -0.260945607 0.229749111 -0.175072315
190 25.357345581 -1.346612930 -0.631881714 0.381849551 1.150094595 -2.853893407
191 10.586948395 0.000007629 -0.000045776 0.671132091 -0.149575536 -0.305118755
192 19.962787628 -1.182558060 -0.493774414 -2.827724317 1.210077460 0.137379431
193 26.542861938 -0.000034332 5.258386612 -0.000098679 -0.575889304 -3.141563427
194 5.210937500 0.000003815 0.000015259 0.170798615 0.529918273 0.502965544
195 11.580818176 0.000015259 -0.000030518 0.000000000 0.373150501 0.000000000
196 30.590713501 -0.110137939 0.305744171 -0.375154622 0.025606106 0.157339931
197 7.470626831 0.014289856 0.148300171 -0.380375120 0.324208608 -0.012909065
198 9.858001709 6.173873901 -12.156160355 2.343721255 0.103353816 3.040407058
199 9.858215332 -6.068092346 -12.208475113 -2.352349825 0.104146931 -3.041265021
200 20.049377441 0.061241150 -14.093141556 3.134587295 0.926499159 3.136067236
201 5.580184937 -0.000015259 0.000030518 -0.083406317 0.147722376 -0.200004708
202 6.841278076 -0.000007629 -0.000038147 0.035076795 -0.462376448 -0.157393256
203 6.916412354 -0.000009537 0.000007629 -0.284057675 0.169796178 -0.000010178
204 24.600067139 -1.878257751 -11.667314529 -2.002800253 -0.732025296 -0.963281651
205 24.600067139 -1.878257751 -11.667314529 -1.536345236 -0.230748013 -1.702389711
206 24.600067139 -1.878257751 -11.667314529 -1.665549243 0.097947933 -2.370679697
207 24.599960327 1.980178833 -11.650854111 2.009399481 -0.739004495 0.958897021
208 24.599960327 1.980178833 -11.650854111 1.535182712 -0.239155086 1.702686470
209 24.599960327 1.980178833 -11.650854111 1.659403831 0.091981346 2.370144970
210 7.570648193 3.876312256 6.930494308 -2.049238070 1.047095500 -0.535595520
211 7.418060303 -3.974502563 7.604156494 1.014907748 -1.024031318 -2.618339091
212 -86.807075500 0.000003206 0.000005000 0.000000000 0.000000000 0.000244115
213 0.000000000 -0.000000000 0.000000000 0.000000000 0.000000000 0.000244115
214 0.000000000 -0.000000000 0.000000000 0.000000000 0.000000000 0.000244115
215 0.000000000 -0.000000000 0.000000000 0.000000000 0.000000000 0.000244115
216 0.000000000 -0.000000000 0.000000000 0.000000000 0.000000000 0.000244115
217 0.000000000 -0.000000000 0.000000000 0.000000000 0.000000000 0.000244115
218 0.000000000 -0.000000000 0.000000000 0.000000000 0.000000000 0.000244115
219 0.000000000 -0.000000000 0.000000000 0.000000000 0.000000000 0.000244115
220 0.000000000 -0.000000000 0.000000000 0.000000000 0.000000000 0.000244115
221 0.000000000 -0.000000000 0.000000000 0.000000000 0.000000000 0.000244115
222 0.000000000 -0.000000000 0.000000000 0.000000000 0.000000000 0.000244115
223 0.000000000 -0.000000000 0.000000000 0.000000000 0.000000000 0.000244115
time 16
0 0.000001283 -29.341583252 0.000005000 0.366485792 -1.450818103 -1.482111873
1 88.476783752 -0.000055313 -0.000013590 3.141592654 0.000000000 3.141592654
2 -43.495719910 -0.000049591 4.662870407 0.450346691 0.078922422 -3.131924656
3 9.507705688 0.000003815 -0.000020981 0.142368246 -0.190167998 -0.042982889
4 23.267868042 2.189132690 -3.705406189 1.456154893 -0.000364046 1.571112984
5 11.648437500 0.000000954 0.000061035 -0.223417480 -0.391902019 1.350564085
6 29.776115417 -0.000017166 -0.000152588 -0.011742431 0.126383794 0.016728352
7 25.612224579 -0.000019073 0.000091553 1.288982212 0.500841792 -0.187566814
8 8.674346924 -1.907180786 -2.936538696 -0.551336544 -0.109697996 1.608018152
9 0.000000000 -0.000000000 0.000000000 0.000000000 0.000000000 0.000244115
10 -43.495719910 -0.000049591 4.662870407 0.000000000 0.000000000 0.000000000
11 21.580337524 10.273413658 -4.495086670 0.033998175 -0.244946956 0.006426463
12 45.674194336 -0.000015259 0.000013351 -3.140136923 0.508515314 0.000110766
13 55.039112091 0.000005722 -0.000008106 -3.074217903 1.330126976 0.064915546
14 21.580284119 -10.273576736 -4.495073318 0.392946689 0.304608628 -0.197556063
15 45.674217224 0.000030518 -0.000011444 -3.141297078 0.808441039 0.000032558
16 55.039123535 -0.000038147 -0.000038147 3.102597511 1.141037797 -0.034871996
17 0.161666870 -1.532186508 -10.638456345 2.956990494 0.526752650 -0.151013429
18 14.463714600 -0.000007629 0.000000000 -0.081047097 0.098843631 0.122873034
19 20.708938599 -0.000022888 -0.000038147 0.033053076 -0.141622736 -0.092208981
20 20.709037781 -0.000005722 0.000030518 0.106842541 -0.348151735 -0.387564163
21 20.709545135 -0.000009537 0.000030518 0.082831653 -0.154984765 0.012887985
22 0.118850708 -3.636028290 -10.382867813 2.434484465 0.425713324 -0.445235796
23 14.125000000 -0.000020981 -0.000015259 -0.035357820 0.066164596 0.134633092
24 20.265319824 -0.000019073 0.000000000 0.054679608 -0.124603770 -0.163899603
25 20.265319824 0.000000000 0.000015259 0.137267839 -0.267459674 -0.562214413
26 20.265625000 -0.000022888 -0.000003815 0.123441198 -0.110923635 0.012539870
27 0.430816650 -8.824714661 -7.827322006 2.282323870 0.372581612 -0.530156543
28 12.544494629 0.000007629 -0.000015259 -0.226312762 0.088937254 0.286364603
29 19.343734741 -0.000030518 -0.000045776 0.069656519 -0.100409000 -0.233433597
30 19.343750000 -0.000015259 -0.000012398 0.141126223 -0.175528863 -0.692686397
31 19.343750000 -0.000015259 0.000002861 0.093342565 -0.103909232 0.054682139
32 -0.019638062 -12.396471024 -3.323648453 2.008620014 0.143381469 -0.543463158
33 11.042053223 0.000005722 -0.000015259 -0.280019281 -0.016154575 0.312987514
34 19.073436737 -0.000005722 -0.000038147 0.074594410 -0.075111491 -0.295488405
35 19.073341370 -0.000015259 -0.000011444 0.125495432 -0.092477695 -0.774832673
36 19.073867798 -0.000007629 0.000007629 -0.027780791 -0.121876130 0.149460383
37 0.143417358 -12.177965164 2.328493118 1.518810137 -0.161343062 -0.494035262
38 10.827308655 0.000007629 -0.000030518 -0.131549432 -0.109362908 0.202705545
39 18.731544495 0.000003815 0.000000000 0.062597723 -0.028982841 -0.347858338
40 18.731609344 -0.000022888 -0.000007629 0.073750144 0.023778537 -0.822228336
41 18.732189178 -0.000022888 0.000003815 -0.175404907 -0.195814121 0.242546335
42 0.706604004 -9.159467697 6.887685776 0.979654380 -0.265100170 -0.190766461
43 10.843429565 -0.000005722 -0.000015259 -0.069004954 -0.288914202 0.137551559
44 18.864486694 0.000009537 -0.000022888 0.025490087 0.081621198 -0.351987922
45 18.864482880 -0.000022888 0.000007629 -0.044610961 0.252236391 -0.792056050
46 18.864944458 -0.000015259 -0.000007629 -0.285204721 -0.282617522 0.289021106
47 0.843048096 -2.753784180 9.486446381 0.706399089 -0.191889080 -0.034259716
48 10.832725525 0.000007629 0.000007629 -0.364999828 -0.321717952 0.221549338
49 19.399490356 0.000003815 -0.000045776 -0.014924742 0.246601641 -0.223316765
50 19.399677277 -0.000007629 -0.000015259 -0.148587041 0.596802634 -0.525207237
51 19.400068283 -0.000030518 -0.000015259 -0.179936730 -0.428399075 0.185958615
52 0.161682129 1.532159805 -10.638368607 -3.013842378 0.543413680 0.027915022
53 14.463706970 -0.000007629 -0.000015259 0.104403894 0.089976443 -0.015888168
54 20.708992004 -0.000017166 -0.000003815 0.006362436 -0.144657821 -0.017337169
55 20.709014893 0.000009537 0.000019073 0.042859724 -0.387162827 -0.158901592
56 20.709590912 -0.000006676 -0.000007629 -0.064421769 -0.144651026 0.083224303
57 0.118804932 3.636004448 -10.383043289 -2.469501322 0.494057419 0.352816628
58 14.125000000 -0.000015259 -0.000015259 0.054307670 0.064149439 -0.027718143
59 20.265319824 0.000003815 -0.000015259 -0.018741620 -0.122557824 0.040415672
60 20.265342712 0.000013351 -0.000003815 -0.019809797 -0.334360365 0.037485908
61 20.265625000 0.000001907 0.000007629 -0.105205472 -0.089332292 0.085107503
62 0.430816650 8.824708939 -7.827398300 -2.307420255 0.452967450 0.452620192
63 12.544555664 0.000015259 -0.000015259 0.245184585 0.067840966 -0.182236525
64 19.343750000 -0.000017166 -0.000007629 -0.039235334 -0.104147631 0.100119422
65 19.343750000 0.000003815 -0.000015259 -0.066670938 -0.269981915 0.230978749
66 19.343750000 0.000011444 -0.000038147 -0.082675344 -0.079576628 0.044623398
67 -0.019577026 12.396468163 -3.323724747 -2.011439473 0.240529451 0.496970188
68 11.042060852 -0.000007629 0.000000000 0.285536427 -0.042143309 -0.210604091
69 19.073402405 -0.000001907 -0.000045776 -0.050801808 -0.070196836 0.163004177
70 19.073368073 0.000007629 -0.000030518 -0.084633714 -0.159947958 0.401175823
71 19.073940277 0.000005722 -0.000030518 0.024702754 -0.107571286 -0.047670449
72 0.143478394 12.177964211 2.328407288 -1.513386731 -0.054237607 0.499916606
73 10.827339172 -0.000015259 0.000007629 0.124171125 -0.120014946 -0.095783260
74 18.731567383 0.000010490 -0.000007629 -0.047836429 -0.003508170 0.226523319
75 18.731578827 -0.000010014 -0.000068665 -0.060394963 0.007440467 0.544128327
76 18.732147217 0.000002861 0.000030518 0.151081217 -0.198904426 -0.136094813
77 0.706604004 9.159472466 6.887771606 -0.986945522 -0.175781400 0.251635302
78 10.843391418 0.000004768 0.000003815 0.038460992 -0.293620479 -0.024626197
79 18.864517212 -0.000007629 -0.000038147 -0.028736363 0.123193247 0.240558648
80 18.864459991 -0.000005722 -0.000007629 0.019297836 0.282031972 0.579321077
81 18.865047455 -0.000015259 -0.000038147 0.240280501 -0.303775304 -0.175747099
82 0.842971802 2.753786087 9.486438751 -0.713310361 -0.121941749 0.116538659
83 10.832771301 -0.000001907 0.000015259 0.329574558 -0.358807636 -0.112837668
84 19.399612427 0.000003815 -0.000038147 -0.015266128 0.263160589 0.113849977
85 19.399597168 -0.000022888 -0.000015259 0.053460327 0.618873918 0.324703084
86 19.400173187 -0.000011444 -0.000015259 0.109395722 -0.442479549 -0.056880201
87 23.268264771 -2.187709808 -3.705850601 -1.456154893 0.000364046 -1.570479669
88 11.648437500 -0.000030518 0.000030518 0.185970958 0.468088040 -0.063670931
89 19.962635040 1.182556152 -0.494796753 2.827724317 1.210077460 -0.137379431
90 25.357295990 1.346595764 -0.632659912 2.477449046 1.075026444 -0.646955539
91 10.585937500 0.000007629 -0.000022888 -0.623342345 0.227380332 0.017522868
92 29.775835037 0.000000000 -0.000091553 -0.511446834 -0.830227715 -0.342923771
93 22.736808777 -0.004570007 -0.007400513 -0.403634162 -0.194474916 -2.864551704
94 0.073730469 -0.706542969 -0.275878906 -0.625408126 1.210546981 1.310907953
95 13.120170593 0.000022888 0.000022888 -1.117244096 -0.212110904 -0.668759848
96 12.350074768 -0.000015259 -0.000015259 -0.918357178 0.744743760 -0.177070437
97 15.541244507 -0.000045776 -0.000007629 -0.000894917 0.499230854 0.683971220
98 14.906250000 -0.000015259 0.000003815 -0.089892171 0.232723720 0.627546970
99 14.182762146 -0.000030518 -0.000015259 -0.283436883 0.565158333 0.005035658
100 6.140625000 -0.523925781 -0.378906250 0.609131578 1.182571253 1.053999665
101 11.348442078 0.000007629 -0.000038147 -2.762172149 -0.562245787 0.186354242
102 12.005210876 -0.000015259 -0.000030518 -0.462851396 0.832876321 -0.080989173
103 15.865591049 -0.000022888 0.000007629 -0.028919872 0.809306834 0.677842396
104 14.851562500 -0.000015259 0.000007629 -0.602971193 0.548619168 -0.005326657
105 12.538974762 -0.414978027 -0.272300720 0.584628609 1.170566760 0.833008423
106 10.619346619 0.000000000 0.000007629 3.010051098 -0.441486935 0.160225913
107 12.043018341 -0.000015259 0.000030518 0.248234800 0.953203132 0.594246037
108 15.310400009 -0.000015259 -0.000015259 -0.421142219 0.518417852 -0.022033187
109 19.857913971 0.000007629 0.000000000 0.352053350 1.260373786 0.638257360
110 10.617187500 0.000015259 0.000022888 -0.246814087 -0.502121577 -0.272102737
111 11.091686249 0.000007629 -0.000030518 -2.957031938 -0.407219133 -0.279420241
112 25.612260818 0.000007629 -0.000152588 -0.952077214 -0.199340542 0.082461341
113 0.732421875 0.378173828 -0.043365479 -0.298448110 -0.042506783 0.541930270
114 9.421440125 0.000015259 -0.000022888 0.376985193 0.989139988 -0.158374132
115 3.208984375 -0.000007629 -0.000007629 -0.000900778 0.927088290 0.001093729
116 2.421096802 0.000022888 0.000019073 -0.050443158 0.688441461 -0.044503315
117 0.783203125 0.134643555 -0.023910522 -0.156336213 -0.123510422 0.279151765
118 9.940933228 -0.000007629 -0.000007629 0.161817679 0.963323119 -0.082617437
119 3.403709412 -0.000007629 -0.000015259 -0.009001117 0.689879404 -0.004885124
120 2.546600342 0.000007629 0.000000000 -0.042829088 0.678048449 -0.013732072
121 0.805175781 0.000000000 0.000000000 -0.007963538 -0.147251916 0.014089588
122 9.898437500 0.000000000 0.000038147 -0.011887432 0.857189831 0.004722858
123 3.537029266 0.000000000 -0.000030518 0.015666009 0.561720338 0.009460674
124 2.507812500 -0.000007629 0.000007629 0.001414853 0.592390064 0.014690864
125 0.821777344 -0.246826172 -0.028747559 0.155124828 -0.087466036 -0.272238366
126 9.687484741 -0.000026703 0.000015259 -0.214202260 0.792087249 0.164834178
127 3.679679871 0.000000000 0.000015259 -0.003198186 0.592472491 -0.001607877
128 2.700599670 0.000000000 -0.000015259 0.031346709 0.636686851 0.032782188
129 0.519042969 -0.395996094 -0.161987305 0.477878787 0.316754060 -0.763355711
130 6.753906250 -0.000005722 -0.000045776 -0.536221635 0.681769393 0.000560917
131 4.462627411 -0.000034332 0.000000000 -0.078001298 0.008849486 0.122395973
132 22.736743927 0.004549980 -0.007263184 0.330646770 0.101914966 3.082450494
133 0.073730469 0.706542969 -0.276367188 -3.118737516 1.213333029 1.398373295
134 13.119304657 0.000015259 -0.000015259 0.665060368 0.136038584 0.746891976
135 12.350997925 0.000015259 -0.000015259 0.360019526 0.461788343 0.269458343
136 15.540859222 0.000000000 0.000030518 -0.277695483 0.222895505 0.021343371
137 14.906250000 -0.000011444 -0.000015259 -0.266270318 0.038185406 0.054821167
138 14.182880402 -0.000003815 0.000030518 -0.050400695 0.172293746 -0.024720260
139 6.140625000 0.523925781 -0.378662109 1.335737986 1.355993100 1.183715532
140 11.348976135 0.000007629 0.000015259 1.931981801 -0.738426246 0.219163783
141 12.004642487 0.000000000 -0.000030518 -0.123950758 0.375409970 0.382263742
142 15.865940094 -0.000001907 -0.000015259 -0.140685772 0.179426633 0.177352086
143 14.851562500 -0.000002861 0.000000000 0.220477843 0.171742266 -0.097544426
144 12.539043427 0.414962769 -0.272758484 0.766943182 1.302916511 0.840925754
145 10.619075775 -0.000001907 -0.000030518 2.588510396 -0.712963098 -0.018706402
146 12.043624878 -0.000003815 -0.000015259 -0.462978520 0.532455497 0.263239243
147 15.309879303 0.000001907 0.000015259 -0.020409107 0.151995692 -0.066667055
148 19.857963562 -0.000022888 0.000038147 0.639863244 1.287515405 0.665326574
149 10.618190765 0.000000000 0.000000000 -0.203571422 -0.873738915 0.463934613
150 11.091796875 0.000007629 -0.000015259 2.137021560 0.056919817 -0.494449206
151 0.732421875 -0.378417969 -0.043029785 0.298829922 -0.043211786 -0.541974052
152 9.421363831 -0.000030518 0.000007629 -0.470241755 1.108872100 0.050969701
153 3.208984375 0.000015259 0.000000000 0.000857873 1.057455893 -0.001098300
154 2.421054840 0.000000000 -0.000034332 0.043174526 0.819359608 0.045011662
155 0.783203125 -0.134643555 -0.023712158 0.156625597 -0.124254089 -0.279237635
156 9.941059113 0.000000000 -0.000030518 -0.258870176 1.208138449 -0.026394740
157 3.403701782 0.000000000 0.000030518 -0.009093961 0.939657871 -0.001132441
158 2.546592712 0.000000000 -0.000034332 0.050622334 0.928087349 0.026112669
159 0.805175781 0.000000000 0.000000000 0.007970885 -0.148203970 -0.014094421
160 9.898437500 -0.000015259 0.000015259 0.008520768 1.208195160 -0.016983373
161 3.537109375 -0.000030518 0.000015259 -0.000193491 0.912542382 0.000193491
162 2.507812500 -0.000030518 0.000007629 0.000320821 0.943623568 -0.000320821
163 0.821777344 0.246826172 -0.027450562 -0.155297577 -0.088051341 0.272296809
164 9.687324524 0.000015259 -0.000053406 0.342851519 1.121789534 -0.008737843
165 3.679656982 0.000000000 0.000030518 -0.002974323 0.934332562 -0.000146806
166 2.700630188 0.000000000 -0.000015259 -0.032371169 0.978263485 -0.042071145
167 0.519531250 0.395996094 -0.161743164 -0.478495596 0.316187846 0.763124936
168 6.753906250 -0.000007629 -0.000030518 0.300769486 0.115172368 -0.360966190
169 4.462749481 0.000000000 0.000030518 0.078557963 0.005930337 -0.087042230
170 86.264892578 0.000053406 0.000061035 2.016512872 1.208692091 2.330341758
171 2.875000000 0.000007629 -0.000030518 -0.902656246 0.780552863 -1.105429060
172 8.134368896 0.000000000 0.000000000 -0.253183405 0.421897119 -0.347662223
173 8.134399414 0.000000000 0.000000000 -0.122511141 0.258719855 0.083585132
174 8.134391785 0.000000000 0.000000000 -0.079706633 0.135146579 0.189723192
175 8.134384155 0.000000000 0.000000000 -0.110356523 0.110342118 0.182750128
176 8.134384155 -0.000030518 -0.000045776 -0.085351719 0.084993068 0.153218905
177 8.134384155 -0.000045776 -0.000030518 -0.074623175 0.066509558 0.141191129
178 8.134399414 0.000000000 0.000000000 -0.076025911 0.048775762 0.141439968
179 8.132812500 -0.000015259 -0.000030518 -0.068334582 0.178608529 0.127167520
180 86.264892578 0.000053406 0.000061035 -1.602305778 0.874509716 -1.652502329
181 2.875000000 0.000015259 0.000000000 -0.294561882 0.514971472 -0.152498693
182 8.134414673 0.000000000 0.000000000 -0.226824267 0.105904068 -0.480910233
183 8.134384155 0.000000000 0.000000000 -0.245613434 0.270933030 -0.232580277
184 8.134429932 0.000000000 -0.000038147 -0.216016496 0.256991704 -0.034408345
185 8.134384155 -0.000015259 -0.000011444 -0.408572526 0.242305874 -0.014570440
186 8.134384155 0.000015259 0.000026703 -0.364908454 0.178700831 0.075375895
187 8.134368896 0.000000000 -0.000015259 -0.337088777 0.097994540 0.124034476
188 8.134399414 0.000000000 0.000015259 -0.291485070 0.033557589 0.125435890
189 8.132812500 0.000000000 0.000015259 -0.260945607 0.229749111 -0.175072315
190 25.357345581 -1.346612930 -0.631881714 1.570620475 1.261513027 -1.709266609
191 10.586948395 0.000007629 -0.000045776 0.666445070 -0.111963910 -0.276431583
192 19.962787628 -1.182558060 -0.493774414 -2.827724317 1.210077460 0.137379431
193 26.542861938 -0.000034332 5.258386612 -0.000098679 -0.575889304 -3.141563427
194 5.210937500 0.000003815 0.000015259 0.282093248 0.671602418 0.655296000
195 11.580818176 0.000015259 -0.000030518 0.000000000 0.373150501 0.000000000
196 30.590713501 -0.110137939 0.305744171 -0.373413692 0.020381655 0.151444863
197 7.470626831 0.014289856 0.148300171 -0.368263209 0.324186317 -0.012867783
198 9.858001709 6.173873901 -12.156160355 2.343721255 0.103353816 3.040407058
199 9.858215332 -6.068092346 -12.208475113 -2.352349825 0.104146931 -3.041265021
200 20.049377441 0.061241150 -14.093141556 3.134587295 0.926499159 3.136067236
201 5.580184937 -0.000015259 0.000030518 -0.180717110 0.036655200 -0.468939260
202 6.841278076 -0.000007629 -0.000038147 0.133702139 -0.658728330 -0.428315114
203 6.916412354 -0.000009537 0.000007629 -0.284057675 0.169796178 -0.000010178
204 24.600067139 -1.878257751 -11.667314529 -2.002800253 -0.732025296 -0.963281651
205 24.600067139 -1.878257751 -11.667314529 -1.536345236 -0.230748013 -1.702389711
206 24.600067139 -1.878257751 -11.667314529 -1.665549243 0.097947933 -2.370679697
207 24.599960327 1.980178833 -11.650854111 2.009399481 -0.739004495 0.958897021
208 24.599960327 1.980178833 -11.650854111 1.535182712 -0.239155086 1.702686470
209 24.599960327 1.980178833 -11.650854111 1.659403831 0.091981346 2.370144970
210 7.570648193 3.876312256 6.930494308 -2.049238070 1.047095500 -0.535595520
211 7.418060303 -3.974502563 7.604156494 1.014907748 -1.024031318 -2.618339091
212 -86.807075500 0.000003206 0.000005000 0.000000000 0.000000000 0.000244115
213 0.000000000 -0.000000000 0.000000000 0.000000000 0.000000000 0.000244115
214 0.000000000 -0.000000000 0.000000000 0.000000000 0.000000000 0.000244115
215 0.000000000 -0.000000000 0.000000000 0.000000000 0.000000000 0.000244115
216 0.000000000 -0.000000000 0.000000000 0.000000000 0.000000000 0.000244115
217 0.000000000 -0.000000000 0.000000000 0.000000000 0.000000000 0.000244115
218 0.000000000 -0.000000000 0.000000000 0.000000000 0.000000000 0.000244115
219 0.000000000 -0.000000000 0.000000000 0.000000000 0.000000000 0.000244115
220 0.000000000 -0.000000000 0.000000000 0.000000000 0.000000000 0.000244115
221 0.000000000 -0.000000000 0.000000000 0.000000000 0.000000000 0.000244115
222 0.000000000 -0.000000000 0.000000000 0.000000000 0.000000000 0.000244115
223 0.000000000 -0.000000000 0.000000000 0.000000000 0.000000000 0.000244115
time 17
0 0.000001216 -27.829593658 0.000005000 0.356851675 -1.466177785 -1.486781617
1 88.476783752 -0.000055313 -0.000013590 3.141592654 0.000000000 3.141592654
2 -43.495719910 -0.000049591 4.662870407 0.427110686 0.076820151 -3.132438226
3 9.507705688 0.000003815 -0.000020981 0.098770930 -0.199004358 -0.045131618
4 23.267868042 2.189132690 -3.705406189 1.456154893 -0.000364046 1.571112984
5 11.648437500 0.000000954 0.000061035 0.092720315 -0.400130262 1.337773212
6 29.776115417 -0.000017166 -0.000152588 -0.125552715 0.121094592 0.050786041
7 25.612224579 -0.000019073 0.000091553 1.293442257 0.502913009 -0.194097899
8 8.674346924 -1.907180786 -2.936538696 -0.551336544 -0.109697996 1.608018152
9 0.000000000 -0.000000000 0.000000000 0.000000000 0.000000000 0.000244115
10 -43.495719910 -0.000049591 4.662870407 0.000000000 0.000000000 0.000000000
11 21.580337524 10.273413658 -4.495086670 0.032174937 -0.234429846 0.007250360
12 45.674194336 -0.000015259 0.000013351 -3.140145888 0.488741618 0.000093878
13 55.039112091 0.000005722 -0.000008106 -3.076014507 1.320390221 0.063055940
14 21.580284119 -10.273576736 -4.495073318 0.373699692 0.263803592 -0.188714096
15 45.674217224 0.000030518 -0.000011444 -3.141297078 0.808441039 0.000032558
16 55.039123535 -0.000038147 -0.000038147 3.102597511 1.141037797 -0.034871996
17 0.161666870 -1.532186508 -10.638456345 2.956990494 0.526752650 -0.151013429
18 14.463714600 -0.000007629 0.000000000 -0.081047097 0.098843631 0.122873034
19 20.708938599 -0.000022888 -0.000038147 0.024108923 -0.043200455 0.031168399
20 20.709037781 -0.000005722 0.000030518 0.130666222 -0.405403125 -0.427359894
21 20.709545135 -0.000009537 0.000030518 0.082831653 -0.154984765 0.012887985
22 0.118850708 -3.636028290 -10.382867813 2.434484465 0.425713324 -0.445235796
23 14.125000000 -0.000020981 -0.000015259 -0.035357820 0.066164596 0.134633092
24 20.265319824 -0.000019073 0.000000000 0.041636687 -0.058868160 0.011384451
25 20.265319824 0.000000000 0.000015259 0.160617550 -0.307915035 -0.604640863
26 20.265625000 -0.000022888 -0.000003815 0.123441198 -0.110923635 0.012539870
27 0.430816650 -8.824714661 -7.827322006 2.282323870 0.372581612 -0.530156543
28 12.544494629 0.000007629 -0.000015259 -0.226312762 0.088937254 0.286364603
29 19.343734741 -0.000030518 -0.000045776 0.055052871 -0.072813133 -0.021965949
30 19.343750000 -0.000015259 -0.000012398 0.159546679 -0.204832085 -0.722216912
31 19.343750000 -0.000015259 0.000002861 0.093342565 -0.103909232 0.054682139
32 -0.019638062 -12.396471024 -3.323648453 2.008620014 0.143381469 -0.543463158
33 11.042053223 0.000005722 -0.000015259 -0.280019281 -0.016154575 0.312987514
34 19.073436737 -0.000005722 -0.000038147 0.061305635 -0.082431872 -0.071427838
35 19.073341370 -0.000015259 -0.000011444 0.139027595 -0.116188447 -0.779754891
36 19.073867798 -0.000007629 0.000007629 -0.027780791 -0.121876130 0.149460383
37 0.143417358 -12.177965164 2.328493118 1.518810137 -0.161343062 -0.494035262
38 10.827308655 0.000007629 -0.000030518 -0.131549432 -0.109362908 0.202705545
39 18.731544495 0.000003815 0.000000000 0.056833887 -0.076905040 -0.129216731
40 18.731609344 -0.000022888 -0.000007629 0.085760598 0.001022807 -0.802422612
41 18.732189178 -0.000022888 0.000003815 -0.175404907 -0.195814121 0.242546335
42 0.706604004 -9.159467697 6.887685776 0.979654380 -0.265100170 -0.190766461
43 10.843429565 -0.000005722 -0.000015259 -0.069004954 -0.288914202 0.137551559
44 18.864486694 0.000009537 -0.000022888 0.038813038 -0.025176014 -0.171303791
45 18.864482880 -0.000022888 0.000007629 -0.028001058 0.225908852 -0.758986340
46 18.864944458 -0.000015259 -0.000007629 -0.285204721 -0.282617522 0.289021106
47 0.843048096 -2.753784180 9.486446381 0.706399089 -0.191889080 -0.034259716
48 10.832725525 0.000007629 0.000007629 -0.364999828 -0.321717952 0.221549338
49 19.399490356 0.000003815 -0.000045776 0.009668130 0.077425290 -0.136908664
50 19.399677277 -0.000007629 -0.000015259 -0.131642497 0.568412430 -0.502263245
51 19.400068283 -0.000030518 -0.000015259 -0.179936730 -0.428399075 0.185958615
52 0.161682129 1.532159805 -10.638368607 -3.013842378 0.543413680 0.027915022
53 14.463706970 -0.000007629 -0.000015259 0.104403894 0.089976443 -0.015888168
54 20.708992004 -0.000017166 -0.000003815 0.003633420 -0.028555094 0.035775197
55 20.709014893 0.000009537 0.000019073 0.054438289 -0.460134022 -0.170507629
56 20.709590912 -0.000006676 -0.000007629 -0.064421769 -0.144651026 0.083224303
57 0.118804932 3.636004448 -10.383043289 -2.469501322 0.494057419 0.352816628
58 14.125000000 -0.000015259 -0.000015259 0.054307670 0.064149439 -0.027718143
59 20.265319824 0.000003815 -0.000015259 -0.016803977 -0.019849199 0.031676363
60 20.265342712 0.000013351 -0.000003815 -0.024775733 -0.405248499 0.062644476
61 20.265625000 0.000001907 0.000007629 -0.105205472 -0.089332292 0.085107503
62 0.430816650 8.824708939 -7.827398300 -2.307420255 0.452967450 0.452620192
63 12.544555664 0.000015259 -0.000015259 0.245184585 0.067840966 -0.182236525
64 19.343750000 -0.000017166 -0.000007629 -0.033545365 -0.023266522 0.033630697
65 19.343750000 0.000003815 -0.000015259 -0.082437875 -0.323568679 0.289271066
66 19.343750000 0.000011444 -0.000038147 -0.082675344 -0.079576628 0.044623398
67 -0.019577026 12.396468163 -3.323724747 -2.011439473 0.240529451 0.496970188
68 11.042060852 -0.000007629 0.000000000 0.285536427 -0.042143309 -0.210604091
69 19.073402405 -0.000001907 -0.000045776 -0.043050233 -0.024785277 0.052259061
70 19.073368073 0.000007629 -0.000030518 -0.097874971 -0.187198542 0.469018205
71 19.073940277 0.000005722 -0.000030518 0.024702754 -0.107571286 -0.047670449
72 0.143478394 12.177964211 2.328407288 -1.513386731 -0.054237607 0.499916606
73 10.827339172 -0.000015259 0.000007629 0.124171125 -0.120014946 -0.095783260
74 18.731567383 0.000010490 -0.000007629 -0.042506315 -0.003978674 0.085151590
75 18.731578827 -0.000010014 -0.000068665 -0.063500861 0.001848485 0.600222492
76 18.732147217 0.000002861 0.000030518 0.151081217 -0.198904426 -0.136094813
77 0.706604004 9.159472466 6.887771606 -0.986945522 -0.175781400 0.251635302
78 10.843391418 0.000004768 0.000003815 0.038460992 -0.293620479 -0.024626197
79 18.864517212 -0.000007629 -0.000038147 -0.033500504 0.054437751 0.096800815
80 18.864459991 -0.000005722 -0.000007629 0.025350788 0.288705811 0.610848501
81 18.865047455 -0.000015259 -0.000038147 0.240280501 -0.303775304 -0.175747099
82 0.842971802 2.753786087 9.486438751 -0.713310361 -0.121941749 0.116538659
83 10.832771301 -0.000001907 0.000015259 0.329574558 -0.358807636 -0.112837668
84 19.399612427 0.000003815 -0.000038147 -0.020786867 0.113722802 0.029771033
85 19.399597168 -0.000022888 -0.000015259 0.056518688 0.620850931 0.330809204
86 19.400173187 -0.000011444 -0.000015259 0.109390654 -0.442391300 -0.056873665
87 23.268264771 -2.187709808 -3.705850601 -1.456154893 0.000364046 -1.570479669
88 11.648437500 -0.000030518 0.000030518 0.143745753 0.463488173 -0.054333766
89 19.962635040 1.182556152 -0.494796753 2.827724317 1.210077460 -0.137379431
90 25.357295990 1.346595764 -0.632659912 2.144709906 1.339539403 -0.968187102
91 10.585937500 0.000007629 -0.000022888 -0.623342345 0.227380332 0.017522868
92 29.775835037 0.000000000 -0.000091553 -0.461321757 -0.740739190 -0.379104229
93 22.736808777 -0.004570007 -0.007400513 -0.403634162 -0.194474916 -2.864551704
94 0.073730469 -0.706542969 -0.275878906 -1.242327889 1.233256246 0.701464108
95 13.120170593 0.000022888 0.000022888 -1.108970778 -0.302592910 -0.631054463
96 12.350074768 -0.000015259 -0.000015259 -0.929281216 0.619763661 -0.188456311
97 15.541244507 -0.000045776 -0.000007629 -0.028448765 0.411449478 0.687606706
98 14.906250000 -0.000015259 0.000003815 -0.084164654 0.178299483 0.697774775
99 14.182762146 -0.000030518 -0.000015259 -0.283436883 0.565158333 0.005035658
100 6.140625000 -0.523925781 -0.378906250 0.057151250 1.127263007 0.503768520
101 11.348442078 0.000007629 -0.000038147 -2.784320653 -0.466639316 0.292904138
102 12.005210876 -0.000015259 -0.000030518 -0.495551014 0.651895108 -0.124614349
103 15.865591049 -0.000022888 0.000007629 -0.030122205 0.742059743 0.720644967
104 14.851562500 -0.000015259 0.000007629 -0.602971193 0.548619168 -0.005326657
105 12.538974762 -0.414978027 -0.272300720 0.149226716 1.065543310 0.394674039
106 10.619346619 0.000000000 0.000007629 3.014500601 -0.282007150 0.251921023
107 12.043018341 -0.000015259 0.000030518 0.029675002 0.800446934 0.318089116
108 15.310400009 -0.000015259 -0.000015259 -0.421142219 0.518417852 -0.022033187
109 19.857913971 0.000007629 0.000000000 0.020654667 1.118363737 0.306534978
110 10.617187500 0.000015259 0.000022888 -0.312443266 -0.328454986 -0.082050969
111 11.091686249 0.000007629 -0.000030518 -2.957031938 -0.407219133 -0.279420241
112 25.612260818 0.000007629 -0.000152588 -0.952077214 -0.199340542 0.082461341
113 0.732421875 0.378173828 -0.043365479 -0.298448110 -0.042506783 0.541930270
114 9.421440125 0.000015259 -0.000022888 0.376985193 0.989139988 -0.158374132
115 3.208984375 -0.000007629 -0.000007629 -0.000900778 0.927088290 0.001093729
116 2.421096802 0.000022888 0.000019073 -0.050443158 0.688441461 -0.044503315
117 0.783203125 0.134643555 -0.023910522 -0.156336213 -0.123510422 0.279151765
118 9.940933228 -0.000007629 -0.000007629 0.161817679 0.963323119 -0.082617437
119 3.403709412 -0.000007629 -0.000015259 -0.009001117 0.689879404 -0.004885124
120 2.546600342 0.000007629 0.000000000 -0.042829088 0.678048449 -0.013732072
121 0.805175781 0.000000000 0.000000000 -0.007963538 -0.147251916 0.014089588
122 9.898437500 0.000000000 0.000038147 -0.011887432 0.857189831 0.004722858
123 3.537029266 0.000000000 -0.000030518 0.015666009 0.561720338 0.009460674
124 2.507812500 -0.000007629 0.000007629 0.001414853 0.592390064 0.014690864
125 0.821777344 -0.246826172 -0.028747559 0.155124828 -0.087466036 -0.272238366
126 9.687484741 -0.000026703 0.000015259 -0.214202260 0.792087249 0.164834178
127 3.679679871 0.000000000 0.000015259 -0.003198186 0.592472491 -0.001607877
128 2.700599670 0.000000000 -0.000015259 0.031346709 0.636686851 0.032782188
129 0.519042969 -0.395996094 -0.161987305 0.477878787 0.316754060 -0.763355711
130 6.753906250 -0.000005722 -0.000045776 -0.536221635 0.681769393 0.000560917
131 4.462627411 -0.000034332 0.000000000 -0.078001298 0.008849486 0.122395973
132 22.736743927 0.004549980 -0.007263184 0.341625331 0.094634504 3.119256083
133 0.073730469 0.706542969 -0.276367188 -2.434596447 1.156637089 2.098154205
134 13.119304657 0.000015259 -0.000015259 0.689185127 0.205833848 0.771400164
135 12.350997925 0.000015259 -0.000015259 0.411126695 0.602975790 0.399749530
136 15.540859222 0.000000000 0.000030518 -0.269971664 0.321162752 0.050621074
137 14.906250000 -0.000011444 -0.000015259 -0.257435976 0.050137065 0.046972702
138 14.182880402 -0.000003815 0.000030518 -0.028265999 0.198557084 -0.030317044
139 6.140625000 0.523925781 -0.378662109 2.561869742 1.285447834 2.399521061
140 11.348976135 0.000007629 0.000015259 1.887716140 -0.744722521 0.322851165
141 12.004642487 0.000000000 -0.000030518 -0.070641077 0.507021501 0.539090003
142 15.865940094 -0.000001907 -0.000015259 -0.117792388 0.248749594 0.271345053
143 14.851562500 -0.000002861 0.000000000 0.239149806 0.199327637 -0.099760278
144 12.539043427 0.414962769 -0.272758484 2.087697892 1.335788860 2.155869081
145 10.619075775 -0.000001907 -0.000030518 2.555163221 -0.764708223 0.062446820
146 12.043624878 -0.000003815 -0.000015259 -0.399962493 0.704275874 0.382952855
147 15.309879303 0.000001907 0.000015259 -0.003234308 0.179782172 -0.072413915
148 19.857963562 -0.000022888 0.000038147 2.051242932 1.374303700 2.068967966
149 10.618190765 0.000000000 0.000000000 -0.304973132 -0.889171661 0.657338714
150 11.091796875 0.000007629 -0.000015259 2.196672668 0.024348340 -0.407226977
151 0.732421875 -0.378417969 -0.043029785 0.298829922 -0.043211786 -0.541974052
152 9.421363831 -0.000030518 0.000007629 -0.470241755 1.108872100 0.050969701
153 3.208984375 0.000015259 0.000000000 0.000857873 1.057455893 -0.001098300
154 2.421054840 0.000000000 -0.000034332 0.043174526 0.819359608 0.045011662
155 0.783203125 -0.134643555 -0.023712158 0.156625597 -0.124254089 -0.279237635
156 9.941059113 0.000000000 -0.000030518 -0.258870176 1.208138449 -0.026394740
157 3.403701782 0.000000000 0.000030518 -0.009093961 0.939657871 -0.001132441
158 2.546592712 0.000000000 -0.000034332 0.050622334 0.928087349 0.026112669
159 0.805175781 0.000000000 0.000000000 0.007970885 -0.148203970 -0.014094421
160 9.898437500 -0.000015259 0.000015259 0.008520768 1.208195160 -0.016983373
161 3.537109375 -0.000030518 0.000015259 -0.000193491 0.912542382 0.000193491
162 2.507812500 -0.000030518 0.000007629 0.000320821 0.943623568 -0.000320821
163 0.821777344 0.246826172 -0.027450562 -0.155297577 -0.088051341 0.272296809
164 9.687324524 0.000015259 -0.000053406 0.342851519 1.121789534 -0.008737843
165 3.679656982 0.000000000 0.000030518 -0.002974323 0.934332562 -0.000146806
166 2.700630188 0.000000000 -0.000015259 -0.032371169 0.978263485 -0.042071145
167 0.519531250 0.395996094 -0.161743164 -0.478495596 0.316187846 0.763124936
168 6.753906250 -0.000007629 -0.000030518 0.300769486 0.115172368 -0.360966190
169 4.462749481 0.000000000 0.000030518 0.078557963 0.005930337 -0.087042230
170 86.264892578 0.000053406 0.000061035 1.469362160 0.940972686 1.656368800
171 2.875000000 0.000007629 -0.000030518 -0.335894887 0.571884752 -0.568435207
172 8.134368896 0.000000000 0.000000000 -0.012190309 0.259202658 -0.581319684
173 8.134399414 0.000000000 0.000000000 -0.049510860 0.429542242 -0.522199601
174 8.134391785 0.000000000 0.000000000 -0.008315539 0.399596442 -0.296995845
175 8.134384155 0.000000000 0.000000000 -0.051193741 0.312072187 -0.113340974
176 8.134384155 -0.000030518 -0.000045776 -0.045603544 0.221059745 -0.035206738
177 8.134384155 -0.000045776 -0.000030518 -0.057040348 0.169472560 -0.014639201
178 8.134399414 0.000000000 0.000000000 -0.073944550 0.149957256 -0.001226247
179 8.132812500 -0.000015259 -0.000030518 -0.068334582 0.178608529 0.127167520
180 86.264892578 0.000053406 0.000061035 -1.734862707 1.281453963 -1.852924421
181 2.875000000 0.000015259 0.000000000 -0.024907400 0.373231781 0.173072670
182 8.134414673 0.000000000 0.000000000 -0.066586273 -0.051054776 -0.452648835
183 8.134384155 0.000000000 0.000000000 -0.137718916 0.208413236 -0.605941468
184 8.134429932 0.000000000 -0.000038147 -0.125309593 0.304865123 -0.453962137
185 8.134384155 -0.000015259 -0.000011444 -0.276176325 0.275191367 -0.314679120
186 8.134384155 0.000015259 0.000026703 -0.214951073 0.228969531 -0.127881252
187 8.134368896 0.000000000 -0.000015259 -0.199268009 0.170870060 -0.021562421
188 8.134399414 0.000000000 0.000015259 -0.185906387 0.129822025 0.022718451
189 8.132812500 0.000000000 0.000015259 -0.260945607 0.229749111 -0.175072315
190 25.357345581 -1.346612930 -0.631881714 2.436553952 1.004989810 -0.885672843
191 10.586948395 0.000007629 -0.000045776 0.661712699 -0.074606918 -0.247916717
192 19.962787628 -1.182558060 -0.493774414 -2.827724317 1.210077460 0.137379431
193 26.542861938 -0.000034332 5.258386612 -0.000098679 -0.575889304 -3.141563427
194 5.210937500 0.000003815 0.000015259 0.275213198 0.721243021 0.596937222
195 11.580818176 0.000015259 -0.000030518 0.000000000 0.373150501 0.000000000
196 30.590713501 -0.110137939 0.305744171 -0.369430764 0.016415702 0.142744253
197 7.470626831 0.014289856 0.148300171 -0.349514523 0.324191033 -0.012892034
198 9.858001709 6.173873901 -12.156160355 2.343721255 0.103353816 3.040407058
199 9.858215332 -6.068092346 -12.208475113 -2.352349825 0.104146931 -3.041265021
200 20.049377441 0.061241150 -14.093141556 3.134587295 0.926499159 3.136067236
201 5.580184937 -0.000015259 0.000030518 -0.208684139 -0.027954157 -0.571370319
202 6.841278076 -0.000007629 -0.000038147 0.386629974 -0.744692528 -0.910661326
203 6.916412354 -0.000009537 0.000007629 -0.284057675 0.169796178 -0.000010178
204 24.600067139 -1.878257751 -11.667314529 -2.002800253 -0.732025296 -0.963281651
205 24.600067139 -1.878257751 -11.667314529 -1.536345236 -0.230748013 -1.702389711
206 24.600067139 -1.878257751 -11.667314529 -1.665549243 0.097947933 -2.370679697
207 24.599960327 1.980178833 -11.650854111 2.009399481 -0.739004495 0.958897021
208 24.599960327 1.980178833 -11.650854111 1.535182712 -0.239155086 1.702686470
209 24.599960327 1.980178833 -11.650854111 1.659403831 0.091981346 2.370144970
210 7.570648193 3.876312256 6.930494308 -2.049238070 1.047095500 -0.535595520
211 7.418060303 -3.974502563 7.604156494 1.014907748 -1.024031318 -2.618339091
212 -86.807075500 0.000003206 0.000005000 0.000000000 0.000000000 0.000244115
213 0.000000000 -0.000000000 0.000000000 0.000000000 0.000000000 0.000244115
214 0.000000000 -0.000000000 0.000000000 0.000000000 0.000000000 0.000244115
215 0.000000000 -0.000000000 0.000000000 0.000000000 0.000000000 0.000244115
216 0.000000000 -0.000000000 0.000000000 0.000000000 0.000000000 0.000244115
217 0.000000000 -0.000000000 0.000000000 0.000000000 0.000000000 0.000244115
218 0.000000000 -0.000000000 0.000000000 0.000000000 0.000000000 0.000244115
219 0.000000000 -0.000000000 0.000000000 0.000000000 0.000000000 0.000244115
220 0.000000000 -0.000000000 0.000000000 0.000000000 0.000000000 0.000244115
221 0.000000000 -0.000000000 0.000000000 0.000000000 0.000000000 0.000244115
222 0.000000000 -0.000000000 0.000000000 0.000000000 0.000000000 0.000244115
223 0.000000000 -0.000000000 0.000000000 0.000000000 0.000000000 0.000244115
time 18
0 0.000001131 -25.868497849 0.000005000 0.343247013 -1.486179035 -1.492400540
1 88.476783752 -0.000055313 -0.000013590 3.141592654 -0.000000000 3.141592654
2 -43.495719910 -0.000049591 4.662870407 0.396960630 0.074119726 -3.133110075
3 9.507705688 0.000003815 -0.000020981 0.042211754 -0.210537049 -0.047785455
4 23.267868042 2.189132690 -3.705406189 1.456154893 -0.000364046 1.571112984
5 11.648437500 0.000000954 0.000061035 0.357726521 -0.411176457 1.315333130
6 29.776115417 -0.000017166 -0.000152588 -0.249650010 0.114439303 0.087877671
7 25.612224579 -0.000019073 0.000091553 1.306068622 0.508929232 -0.199738032
8 8.674346924 -1.907180786 -2.936538696 -0.551336544 -0.109697996 1.608018152
9 0.000000000 -0.000000000 0.000000000 0.000000000 0.000000000 0.000244115
10 -43.495719910 -0.000049591 4.662870407 0.000000000 0.000000000 0.000000000
11 21.580337524 10.273413658 -4.495086670 0.029811251 -0.220880232 0.008419490
12 45.674194336 -0.000015259 0.000013351 -3.140156625 0.463072616 0.000072515
13 55.039112091 0.000005722 -0.000008106 -3.077894981 1.307750208 0.061111864
14 21.580284119 -10.273576736 -4.495073318 0.348714925 0.210763577 -0.177282073
15 45.674217224 0.000030518 -0.000011444 -3.141297078 0.808441039 0.000032558
16 55.039123535 -0.000038147 -0.000038147 3.102597511 1.141037797 -0.034871996
17 0.161666870 -1.532186508 -10.638456345 2.956990494 0.526752650 -0.151013429
18 14.463714600 -0.000007629 0.000000000 -0.081047097 0.098843631 0.122873034
19 20.708938599 -0.000022888 -0.000038147 0.028067033 0.067553912 0.160998406
20 20.709037781 -0.000005722 0.000030518 0.145798875 -0.447728640 -0.437499805
21 20.709545135 -0.000009537 0.000030518 0.082831653 -0.154984765 0.012887985
22 0.118850708 -3.636028290 -10.382867813 2.434484515 0.425713259 -0.445235709
23 14.125000000 -0.000020981 -0.000015259 -0.035357820 0.066164596 0.134633092
24 20.265319824 -0.000019073 0.000000000 0.040511149 0.015766082 0.188639860
25 20.265319824 0.000000000 0.000015259 0.170064328 -0.333977316 -0.596135558
26 20.265625000 -0.000022888 -0.000003815 0.123441198 -0.110923635 0.012539870
27 0.430816650 -8.824714661 -7.827322006 2.282323870 0.372581612 -0.530156543
28 12.544494629 0.000007629 -0.000015259 -0.226312762 0.088937254 0.286364603
29 19.343734741 -0.000030518 -0.000045776 0.046748487 -0.036865553 0.181946970
30 19.343750000 -0.000015259 -0.000012398 0.162664857 -0.223394045 -0.680764318
31 19.343750000 -0.000015259 0.000002861 0.093342565 -0.103909232 0.054682139
32 -0.019638062 -12.396471024 -3.323648453 2.008620014 0.143381469 -0.543463158
33 11.042053223 0.000005722 -0.000015259 -0.280019281 -0.016154575 0.312987514
34 19.073436737 -0.000005722 -0.000038147 0.047699197 -0.079570324 0.134994242
35 19.073341370 -0.000015259 -0.000011444 0.139351088 -0.133641790 -0.704705781
36 19.073867798 -0.000007629 0.000007629 -0.027780791 -0.121876130 0.149460383
37 0.143417358 -12.177965164 2.328493118 1.518810137 -0.161343062 -0.494035262
38 10.827308655 0.000007629 -0.000030518 -0.131549432 -0.109362908 0.202705545
39 18.731544495 0.000003815 0.000000000 0.042684029 -0.111053645 0.064653595
40 18.731609344 -0.000022888 -0.000007629 0.091232770 -0.023292828 -0.703335628
41 18.732189178 -0.000022888 0.000003815 -0.175404907 -0.195814121 0.242546335
42 0.706604004 -9.159467697 6.887685776 0.979654380 -0.265100170 -0.190766461
43 10.843429565 -0.000005722 -0.000015259 -0.069004954 -0.288914202 0.137551559
44 18.864486694 0.000009537 -0.000022888 0.034142479 -0.113243433 -0.015078671
45 18.864482880 -0.000022888 0.000007629 -0.003022124 0.181174592 -0.657761462
46 18.864944458 -0.000015259 -0.000007629 -0.285204721 -0.282617522 0.289021106
47 0.843048096 -2.753784180 9.486446381 0.706399089 -0.191889080 -0.034259716
48 10.832725525 0.000007629 0.000007629 -0.364999828 -0.321717952 0.221549338
49 19.399490356 0.000003815 -0.000045776 0.018692491 -0.067637684 -0.064643454
50 19.399677277 -0.000007629 -0.000015259 -0.093835668 0.494924029 -0.435147485
51 19.400068283 -0.000030518 -0.000015259 -0.179936730 -0.428399075 0.185958615
52 0.161682129 1.532159805 -10.638368607 -3.013842378 0.543413680 0.027915022
53 14.463706970 -0.000007629 -0.000015259 0.104403894 0.089976443 -0.015888168
54 20.708992004 -0.000017166 -0.000003815 0.007636741 0.104508952 0.093004778
55 20.709014893 0.000009537 0.000019073 0.062478025 -0.522815443 -0.169820310
56 20.709590912 -0.000006676 -0.000007629 -0.064421769 -0.144651026 0.083224303
57 0.118804932 3.636004448 -10.383043289 -2.469501322 0.494057419 0.352816628
58 14.125000000 -0.000015259 -0.000015259 0.054307670 0.064149439 -0.027718143
59 20.265319824 0.000003815 -0.000015259 -0.015953343 0.100679331 0.019593810
60 20.265342712 0.000013351 -0.000003815 -0.033092524 -0.472494756 0.094568984
61 20.265625000 0.000001907 0.000007629 -0.105205472 -0.089332292 0.085107503
62 0.430816650 8.824708939 -7.827398300 -2.307420255 0.452967450 0.452620192
63 12.544555664 0.000015259 -0.000015259 0.245184585 0.067840966 -0.182236525
64 19.343750000 -0.000017166 -0.000007629 -0.033767642 0.070689767 -0.043611355
65 19.343750000 0.000003815 -0.000015259 -0.100635389 -0.370638897 0.348429544
66 19.343750000 0.000011444 -0.000038147 -0.082675344 -0.079576628 0.044623398
67 -0.019577026 12.396468163 -3.323724747 -2.011439473 0.240529451 0.496970188
68 11.042060852 -0.000007629 0.000000000 0.285536427 -0.042143309 -0.210604091
69 19.073402405 -0.000001907 -0.000045776 -0.040397544 0.026681402 -0.069021647
70 19.073368073 0.000007629 -0.000030518 -0.109117278 -0.206322059 0.521575840
71 19.073940277 0.000005722 -0.000030518 0.024702754 -0.107571286 -0.047670449
72 0.143478394 12.177964211 2.328407288 -1.513386731 -0.054237607 0.499916606
73 10.827339172 -0.000015259 0.000007629 0.124171125 -0.120014946 -0.095783260
74 18.731567383 0.000010490 -0.000007629 -0.036992402 -0.001880695 -0.059629167
75 18.731578827 -0.000010014 -0.000068665 -0.065153562 -0.001550614 0.621900659
76 18.732147217 0.000002861 0.000030518 0.151081217 -0.198904426 -0.136094813
77 0.706604004 9.159472466 6.887771606 -0.986945522 -0.175781400 0.251635302
78 10.843391418 0.000004768 0.000003815 0.038460992 -0.293620479 -0.024626197
79 18.864517212 -0.000007629 -0.000038147 -0.028735222 -0.009301885 -0.040442626
80 18.864459991 -0.000005722 -0.000007629 0.021202526 0.279964685 0.594963281
81 18.865047455 -0.000015259 -0.000038147 0.240280501 -0.303775304 -0.175747099
82 0.842971802 2.753786087 9.486438751 -0.713310361 -0.121941749 0.116538659
83 10.832771301 -0.000001907 0.000015259 0.329574558 -0.358807636 -0.112837668
84 19.399612427 0.000003815 -0.000038147 -0.015067567 -0.020806924 -0.045598880
85 19.399597168 -0.000022888 -0.000015259 0.041814573 0.577703729 0.300004843
86 19.400173187 -0.000011444 -0.000015259 0.109395722 -0.442479549 -0.056880201
87 23.268264771 -2.187709808 -3.705850601 -1.456154893 0.000364046 -1.570479669
88 11.648437500 -0.000030518 0.000030518 0.088133430 0.457248194 -0.047706233
89 19.962635040 1.182556152 -0.494796753 2.827724317 1.210077460 -0.137379431
90 25.357295990 1.346595764 -0.632659912 0.792729927 1.418022216 -2.313356644
91 10.585937500 0.000007629 -0.000022888 -0.623342345 0.227380332 0.017522868
92 29.775835037 0.000000000 -0.000091553 -0.396189220 -0.624707335 -0.426332929
93 22.736808777 -0.004570007 -0.007400513 -0.403634162 -0.194474916 -2.864551704
94 0.073730469 -0.706542969 -0.275878906 -1.784556542 1.142913803 0.166585156
95 13.120170593 0.000022888 0.000022888 -1.102955509 -0.367642455 -0.609638235
96 12.350074768 -0.000015259 -0.000015259 -0.976983113 0.473666837 -0.275798853
97 15.541244507 -0.000045776 -0.000007629 -0.089668110 0.293715354 0.636109560
98 14.906250000 -0.000015259 0.000003815 -0.099830604 0.052000974 0.786270265
99 14.182762146 -0.000030518 -0.000015259 -0.283436883 0.565158333 0.005035658
100 6.140625000 -0.523925781 -0.378906250 -0.285320315 1.004607456 0.161566505
101 11.348442078 0.000007629 -0.000038147 -2.787376825 -0.413197330 0.348971803
102 12.005210876 -0.000015259 -0.000030518 -0.550041104 0.442459168 -0.239660500
103 15.865591049 -0.000022888 0.000007629 -0.111486399 0.626459692 0.665113077
104 14.851562500 -0.000015259 0.000007629 -0.602971193 0.548619168 -0.005326657
105 12.538974762 -0.414978027 -0.272300720 -0.066020561 0.940460915 0.176144918
106 10.619346619 0.000000000 0.000007629 3.027193552 -0.199352553 0.297770340
107 12.043018341 -0.000015259 0.000030518 -0.143722205 0.601214736 0.044537129
108 15.310400009 -0.000015259 -0.000015259 -0.421142219 0.518417852 -0.022033187
109 19.857913971 0.000007629 0.000000000 -0.085742209 0.992213893 0.200912856
110 10.617187500 0.000015259 0.000022888 -0.337532069 -0.233277848 0.033753424
111 11.091686249 0.000007629 -0.000030518 -2.957031938 -0.407219133 -0.279420241
112 25.612260818 0.000007629 -0.000152588 -0.952077214 -0.199340542 0.082461341
113 0.732421875 0.378173828 -0.043365479 -0.298448110 -0.042506783 0.541930270
114 9.421440125 0.000015259 -0.000022888 0.376985193 0.989139988 -0.158374132
115 3.208984375 -0.000007629 -0.000007629 -0.000900778 0.927088290 0.001093729
116 2.421096802 0.000022888 0.000019073 -0.050443158 0.688441461 -0.044503315
117 0.783203125 0.134643555 -0.023910522 -0.156336213 -0.123510422 0.279151765
118 9.940933228 -0.000007629 -0.000007629 0.161817679 0.963323119 -0.082617437
119 3.403709412 -0.000007629 -0.000015259 -0.009001117 0.689879404 -0.004885124
120 2.546600342 0.000007629 0.000000000 -0.042829088 0.678048449 -0.013732072
121 0.805175781 0.000000000 0.000000000 -0.007963538 -0.147251916 0.014089588
122 9.898437500 0.000000000 0.000038147 -0.011887432 0.857189831 0.004722858
123 3.537029266 0.000000000 -0.000030518 0.015666009 0.561720338 0.009460674
124 2.507812500 -0.000007629 0.000007629 0.001414853 0.592390064 0.014690864
125 0.821777344 -0.246826172 -0.028747559 0.155124828 -0.087466036 -0.272238366
126 9.687484741 -0.000026703 0.000015259 -0.214202260 0.792087249 0.164834178
127 3.679679871 0.000000000 0.000015259 -0.003198186 0.592472491 -0.001607877
128 2.700599670 0.000000000 -0.000015259 0.031346709 0.636686851 0.032782188
129 0.519042969 -0.395996094 -0.161987305 0.477878787 0.316754060 -0.763355711
130 6.753906250 -0.000005722 -0.000045776 -0.536221635 0.681769393 0.000560917
131 4.462627411 -0.000034332 0.000000000 -0.078001298 0.008849486 0.122395973
132 22.736743927 0.004549980 -0.007263184 0.355884767 0.085128794 -3.116354739
133 0.073730469 0.706542969 -0.276367188 -1.832016598 1.097757082 2.723416497
134 13.119304657 0.000015259 -0.000015259 0.720241989 0.261700749 0.627038745
135 12.350997925 0.000015259 -0.000015259 0.480228792 0.807573483 0.505680911
136 15.540859222 0.000000000 0.000030518 -0.265682294 0.501108619 0.087384441
137 14.906250000 -0.000011444 -0.000015259 -0.255165038 0.114047516 0.076035444
138 14.182880402 -0.000003815 0.000030518 -0.006635042 0.224381515 -0.035755230
139 6.140625000 0.523925781 -0.378662109 -3.059613061 1.129446320 3.058497684
140 11.348976135 0.000007629 0.000015259 1.950056317 -0.573827536 0.343348079
141 12.004642487 0.000000000 -0.000030518 0.017622528 0.707519229 0.679160353
142 15.865940094 -0.000001907 -0.000015259 -0.074022187 0.380883969 0.424841273
143 14.851562500 -0.000002861 0.000000000 0.257567208 0.226422294 -0.101856747
144 12.539043427 0.414962769 -0.272758484 2.946305488 1.182353233 3.003603884
145 10.619075775 -0.000001907 -0.000030518 2.567056422 -0.628034310 0.162578169
146 12.043624878 -0.000003815 -0.000015259 -0.333559014 0.941847645 0.443523036
147 15.309879303 0.000001907 0.000015259 0.013679336 0.207101533 -0.078093124
148 19.857963562 -0.000022888 0.000038147 2.993330255 1.204003271 2.997985971
149 10.618190765 0.000000000 0.000000000 -0.270688113 -0.712371873 0.711354366
150 11.091796875 0.000007629 -0.000015259 2.255252221 -0.007553776 -0.321656308
151 0.732421875 -0.378417969 -0.043029785 0.298829922 -0.043211786 -0.541974052
152 9.421363831 -0.000030518 0.000007629 -0.470241755 1.108872100 0.050969701
153 3.208984375 0.000015259 0.000000000 0.000857873 1.057455893 -0.001098300
154 2.421054840 0.000000000 -0.000034332 0.043174526 0.819359608 0.045011662
155 0.783203125 -0.134643555 -0.023712158 0.156625597 -0.124254089 -0.279237635
156 9.941059113 0.000000000 -0.000030518 -0.258870176 1.208138449 -0.026394740
157 3.403701782 0.000000000 0.000030518 -0.009093961 0.939657871 -0.001132441
158 2.546592712 0.000000000 -0.000034332 0.050622334 0.928087349 0.026112669
159 0.805175781 0.000000000 0.000000000 0.007970885 -0.148203970 -0.014094421
160 9.898437500 -0.000015259 0.000015259 0.008520768 1.208195160 -0.016983373
161 3.537109375 -0.000030518 0.000015259 -0.000193491 0.912542382 0.000193491
162 2.507812500 -0.000030518 0.000007629 0.000320821 0.943623568 -0.000320821
163 0.821777344 0.246826172 -0.027450562 -0.155297577 -0.088051341 0.272296809
164 9.687324524 0.000015259 -0.000053406 0.342851519 1.121789534 -0.008737843
165 3.679656982 0.000000000 0.000030518 -0.002974323 0.934332562 -0.000146806
166 2.700630188 0.000000000 -0.000015259 -0.032371169 0.978263485 -0.042071145
167 0.519531250 0.395996094 -0.161743164 -0.478495596 0.316187846 0.763124936
168 6.753906250 -0.000007629 -0.000030518 0.300769486 0.115172368 -0.360966190
169 4.462749481 0.000000000 0.000030518 0.078557963 0.005930337 -0.087042230
170 86.264892578 0.000053406 0.000061035 1.467405208 1.028247789 1.637329397
171 2.875000000 0.000007629 -0.000030518 -0.115897418 0.477306626 -0.319671428
172 8.134368896 0.000000000 0.000000000 0.051323466 -0.006453726 -0.283549441
173 8.134399414 0.000000000 0.000000000 0.003458958 0.147789658 -0.376042623
174 8.134391785 0.000000000 0.000000000 -0.067049330 0.248442395 -0.474299690
175 8.134384155 0.000000000 0.000000000 -0.194804638 0.343657762 -0.446974102
176 8.134384155 -0.000030518 -0.000045776 -0.164736070 0.357643222 -0.276969500
177 8.134384155 -0.000045776 -0.000030518 -0.128160838 0.284848095 -0.114814582
178 8.134399414 0.000000000 0.000000000 -0.126273436 0.207279291 -0.017585927
179 8.132812500 -0.000015259 -0.000030518 -0.068334582 0.178608529 0.127167520
180 86.264892578 0.000053406 0.000061035 -1.715096722 1.190131418 -1.838744706
181 2.875000000 0.000015259 0.000000000 0.140564733 0.349187682 0.389088524
182 8.134414673 0.000000000 0.000000000 -0.053199646 -0.131403711 -0.094407724
183 8.134384155 0.000000000 0.000000000 -0.070943101 0.012178363 -0.340038055
184 8.134429932 0.000000000 -0.000038147 -0.117064501 0.110587441 -0.491135128
185 8.134384155 -0.000015259 -0.000011444 -0.386305507 0.211463344 -0.593373923
186 8.134384155 0.000015259 0.000026703 -0.356528118 0.340573532 -0.412061927
187 8.134368896 0.000000000 -0.000015259 -0.281703893 0.309747146 -0.162543125
188 8.134399414 0.000000000 0.000015259 -0.219970403 0.211442785 -0.016450257
189 8.132812500 0.000000000 0.000015259 -0.260945607 0.229749111 -0.175072315
190 25.357345581 -1.346612930 -0.631881714 2.816463607 0.817855948 -0.503027825
191 10.586948395 0.000007629 -0.000045776 0.657166990 -0.037929215 -0.219984974
192 19.962787628 -1.182558060 -0.493774414 -2.827724317 1.210077460 0.137379431
193 26.542861938 -0.000034332 5.258386612 -0.000098679 -0.575889304 -3.141563427
194 5.210937500 0.000003815 0.000015259 0.135112495 0.585895980 0.340429469
195 11.580818176 0.000015259 -0.000030518 0.000000000 0.373150501 0.000000000
196 30.590713501 -0.110137939 0.305744171 -0.362294615 0.013100625 0.132317614
197 7.470626831 0.014289856 0.148300171 -0.325207607 0.324204238 -0.012885248
198 9.858001709 6.173873901 -12.156160355 2.343721255 0.103353816 3.040407058
199 9.858215332 -6.068092346 -12.208475113 -2.352349825 0.104146931 -3.041265021
200 20.049377441 0.061241150 -14.093141556 3.134587295 0.926499159 3.136067236
201 5.580184937 -0.000015259 0.000030518 -0.085997147 0.192891137 -0.224004833
202 6.841278076 -0.000007629 -0.000038147 0.705068393 -0.942643525 -1.139142949
203 6.916412354 -0.000009537 0.000007629 -0.284057675 0.169796178 -0.000010178
204 24.600067139 -1.878257751 -11.667314529 -2.002800253 -0.732025296 -0.963281651
205 24.600067139 -1.878257751 -11.667314529 -1.536345236 -0.230748013 -1.702389711
206 24.600067139 -1.878257751 -11.667314529 -1.665549243 0.097947933 -2.370679697
207 24.599960327 1.980178833 -11.650854111 2.009399481 -0.739004495 0.958897021
208 24.599960327 1.980178833 -11.650854111 1.535182712 -0.239155086 1.702686470
209 24.599960327 1.980178833 -11.650854111 1.659403831 0.091981346 2.370144970
210 7.570648193 3.876312256 6.930494308 -2.049238070 1.047095500 -0.535595520
211 7.418060303 -3.974502563 7.604156494 1.014907748 -1.024031318 -2.618339091
212 -86.807075500 0.000003206 0.000005000 0.000000000 0.000000000 0.000244115
213 0.000000000 -0.000000000 0.000000000 0.000000000 0.000000000 0.000244115
214 0.000000000 -0.000000000 0.000000000 0.000000000 0.000000000 0.000244115
215 0.000000000 -0.000000000 0.000000000 0.000000000 0.000000000 0.000244115
216 0.000000000 -0.000000000 0.000000000 0.000000000 0.000000000 0.000244115
217 0.000000000 -0.000000000 0.000000000 0.000000000 0.000000000 0.000244115
218 0.000000000 -0.000000000 0.000000000 0.000000000 0.000000000 0.000244115
219 0.000000000 -0.000000000 0.000000000 0.000000000 0.000000000 0.000244115
220 0.000000000 -0.000000000 0.000000000 0.000000000 0.000000000 0.000244115
221 0.000000000 -0.000000000 0.000000000 0.000000000 0.000000000 0.000244115
222 0.000000000 -0.000000000 0.000000000 0.000000000 0.000000000 0.000244115
223 0.000000000 -0.000000000 0.000000000 0.000000000 0.000000000 0.000244115
time 19
0 0.000001029 -23.548118591 0.000005000 0.326408013 -1.509750549 -1.499071101
1 88.476783752 -0.000055313 -0.000013590 3.141592654 0.000000000 3.141592654
2 -43.495719910 -0.000049591 4.662870407 0.361279784 0.070898055 -3.133819323
3 9.507705688 0.000003815 -0.000020981 -0.024573677 -0.224138745 -0.051099064
4 23.267868042 2.189132690 -3.705406189 1.456154893 -0.000364046 1.571112984
5 11.648437500 0.000000954 0.000061035 0.468789907 -0.433786761 1.281005768
6 29.776115417 -0.000017166 -0.000152588 -0.363455418 0.106864828 0.121955078
7 25.612224579 -0.000019073 0.000091553 1.325294191 0.518133128 -0.204737278
8 8.674346924 -1.907180786 -2.936538696 -0.551336544 -0.109697996 1.608018152
9 0.000000000 -0.000000000 0.000000000 0.000000000 0.000000000 0.000244115
10 -43.495719910 -0.000049591 4.662870407 0.000000000 0.000000000 0.000000000
11 21.580337524 10.273413658 -4.495086670 0.027020636 -0.204822496 0.009805972
12 45.674194336 -0.000015259 0.000013351 -3.140168042 0.432795878 0.000048053
13 55.039112091 0.000005722 -0.000008106 -3.080039301 1.292794290 0.058780028
14 21.580284119 -10.273576736 -4.495073318 0.319112366 0.147695891 -0.163706306
15 45.674217224 0.000030518 -0.000011444 -3.141297078 0.808441039 0.000032558
16 55.039123535 -0.000038147 -0.000038147 3.102597511 1.141037797 -0.034871996
17 0.161666870 -1.532186508 -10.638456345 2.956990494 0.526752650 -0.151013429
18 14.463714600 -0.000007629 0.000000000 -0.081047097 0.098843631 0.122873034
19 20.708938599 -0.000022888 -0.000038147 0.046515450 0.181898071 0.287215492
20 20.709037781 -0.000005722 0.000030518 0.141169345 -0.459625513 -0.399434938
21 20.709545135 -0.000009537 0.000030518 0.082831653 -0.154984765 0.012887985
22 0.118850708 -3.636028290 -10.382867813 2.434484515 0.425713259 -0.445235709
23 14.125000000 -0.000020981 -0.000015259 -0.035357820 0.066164596 0.134633092
24 20.265319824 -0.000019073 0.000000000 0.052087634 0.092265717 0.350955886
25 20.265319824 0.000000000 0.000015259 0.156322300 -0.333619583 -0.519568436
26 20.265625000 -0.000022888 -0.000003815 0.123441198 -0.110923635 0.012539870
27 0.430816650 -8.824714661 -7.827322006 2.282323870 0.372581612 -0.530156543
28 12.544494629 0.000007629 -0.000015259 -0.226312762 0.088937254 0.286364603
29 19.343734741 -0.000030518 -0.000045776 0.046647930 0.003752865 0.358063614
30 19.343750000 -0.000015259 -0.000012398 0.144648228 -0.220959617 -0.560795378
31 19.343750000 -0.000015259 0.000002861 0.093342565 -0.103909232 0.054682139
32 -0.019638062 -12.396471024 -3.323648453 2.008620014 0.143381469 -0.543463158
33 11.042053223 0.000005722 -0.000015259 -0.280019281 -0.016154575 0.312987514
34 19.073436737 -0.000005722 -0.000038147 0.037898624 -0.067083736 0.305807745
35 19.073341370 -0.000015259 -0.000011444 0.123517080 -0.136109212 -0.556412856
36 19.073867798 -0.000007629 0.000007629 -0.027780791 -0.121876130 0.149460383
37 0.143417358 -12.177965164 2.328493118 1.518810137 -0.161343062 -0.494035262
38 10.827308655 0.000007629 -0.000030518 -0.131549432 -0.109362908 0.202705545
39 18.731544495 0.000003815 0.000000000 0.027116271 -0.128686968 0.221201576
40 18.731609344 -0.000022888 -0.000007629 0.086672926 -0.041760504 -0.543591412
41 18.732189178 -0.000022888 0.000003815 -0.175404907 -0.195814121 0.242546335
42 0.706604004 -9.159467697 6.887685776 0.979654380 -0.265100170 -0.190766461
43 10.843429565 -0.000005722 -0.000015259 -0.069004954 -0.288914202 0.137551559
44 18.864486694 0.000009537 -0.000022888 0.020368995 -0.175567424 0.111612574
45 18.864482880 -0.000022888 0.000007629 0.019458858 0.126500223 -0.511298931
46 18.864944458 -0.000015259 -0.000007629 -0.285204721 -0.282617522 0.289021106
47 0.843048096 -2.753784180 9.486446381 0.706399089 -0.191889080 -0.034259716
48 10.832725525 0.000007629 0.000007629 -0.364999828 -0.321717952 0.221549338
49 19.399490356 0.000003815 -0.000045776 0.017681469 -0.180100868 -0.003850036
50 19.399677277 -0.000007629 -0.000015259 -0.051804993 0.389926944 -0.342686236
51 19.400068283 -0.000030518 -0.000015259 -0.179936730 -0.428399075 0.185958615
52 0.161682129 1.532159805 -10.638368607 -3.013842378 0.543413680 0.027915022
53 14.463706970 -0.000007629 -0.000015259 0.104403894 0.089976443 -0.015888168
54 20.708992004 -0.000017166 -0.000003815 0.019849493 0.246893621 0.149858324
55 20.709014893 0.000009537 0.000019073 0.061284603 -0.556744439 -0.147118362
56 20.709590912 -0.000006676 -0.000007629 -0.064421769 -0.144651026 0.083224303
57 0.118804932 3.636004448 -10.383043289 -2.469501322 0.494057419 0.352816628
58 14.125000000 -0.000015259 -0.000015259 0.054307670 0.064149439 -0.027718143
59 20.265319824 0.000003815 -0.000015259 -0.017195571 0.233354061 0.002330013
60 20.265342712 0.000013351 -0.000003815 -0.043988238 -0.520290561 0.132127208
61 20.265625000 0.000001907 0.000007629 -0.105205472 -0.089332292 0.085107503
62 0.430816650 8.824708939 -7.827398300 -2.307420255 0.452967450 0.452620192
63 12.544555664 0.000015259 -0.000015259 0.245184585 0.067840966 -0.182236525
64 19.343750000 -0.000017166 -0.000007629 -0.042349602 0.171277701 -0.130061235
65 19.343750000 0.000003815 -0.000015259 -0.115495474 -0.398673389 0.396493787
66 19.343750000 0.000011444 -0.000038147 -0.082675344 -0.079576628 0.044623398
67 -0.019577026 12.396468163 -3.323724747 -2.011439473 0.240529451 0.496970188
68 11.042060852 -0.000007629 0.000000000 0.285536427 -0.042143309 -0.210604091
69 19.073402405 -0.000001907 -0.000045776 -0.044058377 0.078507900 -0.193062079
70 19.073368073 0.000007629 -0.000030518 -0.112844315 -0.210982572 0.542651948
71 19.073940277 0.000005722 -0.000030518 0.024702754 -0.107571286 -0.047670449
72 0.143478394 12.177964211 2.328407288 -1.513386731 -0.054237607 0.499916606
73 10.827339172 -0.000015259 0.000007629 0.124171125 -0.120014946 -0.095783260
74 18.731567383 0.000010490 -0.000007629 -0.032131495 0.000406565 -0.195418352
75 18.731578827 -0.000010014 -0.000068665 -0.064265176 -0.001921972 0.596464376
76 18.732147217 0.000002861 0.000030518 0.151081217 -0.198904426 -0.136094813
77 0.706604004 9.159472466 6.887771606 -0.986945522 -0.175781400 0.251635302
78 10.843391418 0.000004768 0.000003815 0.038460992 -0.293620479 -0.024626197
79 18.864517212 -0.000007629 -0.000038147 -0.017516951 -0.064630567 -0.159986180
80 18.864459991 -0.000005722 -0.000007629 0.007471383 0.254003886 0.529453313
81 18.865047455 -0.000015259 -0.000038147 0.240280501 -0.303775304 -0.175747099
82 0.842971802 2.753786087 9.486438751 -0.713310361 -0.121941749 0.116538659
83 10.832771301 -0.000001907 0.000015259 0.329574558 -0.358807636 -0.112837668
84 19.399612427 0.000003815 -0.000038147 -0.002647544 -0.132667586 -0.107404295
85 19.399597168 -0.000022888 -0.000015259 0.017776797 0.493252068 0.242883288
86 19.400173187 -0.000011444 -0.000015259 0.109390654 -0.442391300 -0.056873665
87 23.268264771 -2.187709808 -3.705850601 -1.456154893 0.000364046 -1.570479669
88 11.648437500 -0.000030518 0.000030518 0.021125274 0.449659939 -0.043167221
89 19.962635040 1.182556152 -0.494796753 2.827724317 1.210077460 -0.137379431
90 25.357295990 1.346595764 -0.632659912 0.246239599 1.287226809 -2.859961985
91 10.585937500 0.000007629 -0.000022888 -0.623342345 0.227380332 0.017522868
92 29.775835037 0.000000000 -0.000091553 -0.319017399 -0.487501091 -0.482457409
93 22.736808777 -0.004570007 -0.007400513 -0.403634162 -0.194474916 -2.864551704
94 0.073730469 -0.706542969 -0.275878906 -2.059042130 1.028722670 -0.103531707
95 13.120170593 0.000022888 0.000022888 -1.097684178 -0.370367648 -0.609492027
96 12.350074768 -0.000015259 -0.000015259 -1.044392042 0.353014940 -0.432799647
97 15.541244507 -0.000045776 -0.000007629 -0.178251969 0.219066248 0.473980408
98 14.906250000 -0.000015259 0.000003815 -0.162036678 -0.134592168 0.829054961
99 14.182762146 -0.000030518 -0.000015259 -0.283436883 0.565158333 0.005035658
100 6.140625000 -0.523925781 -0.378906250 -0.442268591 0.906234518 0.002774619
101 11.348442078 0.000007629 -0.000038147 -2.776478591 -0.409017558 0.342424302
102 12.005210876 -0.000015259 -0.000030518 -0.596070818 0.268740003 -0.390843735
103 15.865591049 -0.000022888 0.000007629 -0.267205966 0.497805535 0.462397529
104 14.851562500 -0.000015259 0.000007629 -0.602971193 0.548619168 -0.005326657
105 12.538974762 -0.414978027 -0.272300720 -0.142858971 0.860800899 0.096673081
106 10.619346619 0.000000000 0.000007629 3.034620826 -0.188423698 0.303506081
107 12.043018341 -0.000015259 0.000030518 -0.245114220 0.428830831 -0.175604466
108 15.310400009 -0.000015259 -0.000015259 -0.421142219 0.518417852 -0.022033187
109 19.857913971 0.000007629 0.000000000 -0.081186133 0.920915623 0.207449854
110 10.617187500 0.000015259 0.000022888 -0.351590068 -0.213733568 0.099647602
111 11.091686249 0.000007629 -0.000030518 -2.957031938 -0.407219133 -0.279420241
112 25.612260818 0.000007629 -0.000152588 -0.952077214 -0.199340542 0.082461341
113 0.732421875 0.378173828 -0.043365479 -0.298448110 -0.042506783 0.541930270
114 9.421440125 0.000015259 -0.000022888 0.376985193 0.989139988 -0.158374132
115 3.208984375 -0.000007629 -0.000007629 -0.000900778 0.927088290 0.001093729
116 2.421096802 0.000022888 0.000019073 -0.050443158 0.688441461 -0.044503315
117 0.783203125 0.134643555 -0.023910522 -0.156336213 -0.123510422 0.279151765
118 9.940933228 -0.000007629 -0.000007629 0.161817679 0.963323119 -0.082617437
119 3.403709412 -0.000007629 -0.000015259 -0.009001117 0.689879404 -0.004885124
120 2.546600342 0.000007629 0.000000000 -0.042829088 0.678048449 -0.013732072
121 0.805175781 0.000000000 0.000000000 -0.007963538 -0.147251916 0.014089588
122 9.898437500 0.000000000 0.000038147 -0.011887432 0.857189831 0.004722858
123 3.537029266 0.000000000 -0.000030518 0.015666009 0.561720338 0.009460674
124 2.507812500 -0.000007629 0.000007629 0.001414853 0.592390064 0.014690864
125 0.821777344 -0.246826172 -0.028747559 0.155124828 -0.087466036 -0.272238366
126 9.687484741 -0.000026703 0.000015259 -0.214202260 0.792087249 0.164834178
127 3.679679871 0.000000000 0.000015259 -0.003198186 0.592472491 -0.001607877
128 2.700599670 0.000000000 -0.000015259 0.031346709 0.636686851 0.032782188
129 0.519042969 -0.395996094 -0.161987305 0.477878787 0.316754060 -0.763355711
130 6.753906250 -0.000005722 -0.000045776 -0.536221635 0.681769393 0.000560917
131 4.462627411 -0.000034332 0.000000000 -0.078001298 0.008849486 0.122395973
132 22.736743927 0.004549980 -0.007263184 0.372698415 0.073944007 -3.059952990
133 0.073730469 0.706542969 -0.276367188 -1.246728474 0.982570309 -2.936577593
134 13.119304657 0.000015259 -0.000015259 0.719725986 0.131849310 0.365123797
135 12.350997925 0.000015259 -0.000015259 0.495971424 0.946178300 0.512198430
136 15.540859222 0.000000000 0.000030518 -0.264238512 0.762367665 0.147936652
137 14.906250000 -0.000011444 -0.000015259 -0.264284604 0.254686874 0.170838449
138 14.182880402 -0.000003815 0.000030518 0.014425097 0.249505578 -0.041082852
139 6.140625000 0.523925781 -0.378662109 -2.585306930 0.939431380 -2.735180203
140 11.348976135 0.000007629 0.000015259 2.087535769 -0.317826308 0.157588210
141 12.004642487 0.000000000 -0.000030518 0.045048184 0.835371312 0.683555405
142 15.865940094 -0.000001907 -0.000015259 0.006837009 0.553470209 0.656583211
143 14.851562500 -0.000002861 0.000000000 0.275387515 0.252754466 -0.103936308
144 12.539043427 0.414962769 -0.272758484 -2.805939101 0.983063217 -2.753323782
145 10.619075775 -0.000001907 -0.000030518 2.667213577 -0.330267126 0.076930744
146 12.043624878 -0.000003815 -0.000015259 -0.383528587 1.083061717 0.341058600
147 15.309879303 0.000001907 0.000015259 0.030199784 0.233688582 -0.083575421
148 19.857963562 -0.000022888 0.000038147 -2.780355247 0.995783665 -2.783346732
149 10.618190765 0.000000000 0.000000000 -0.101229543 -0.407138835 0.468422011
150 11.091796875 0.000007629 -0.000015259 2.312240801 -0.038670260 -0.238438808
151 0.732421875 -0.378417969 -0.043029785 0.298829922 -0.043211786 -0.541974052
152 9.421363831 -0.000030518 0.000007629 -0.470241755 1.108872100 0.050969701
153 3.208984375 0.000015259 0.000000000 0.000857873 1.057455893 -0.001098300
154 2.421054840 0.000000000 -0.000034332 0.043174526 0.819359608 0.045011662
155 0.783203125 -0.134643555 -0.023712158 0.156625597 -0.124254089 -0.279237635
156 9.941059113 0.000000000 -0.000030518 -0.258870176 1.208138449 -0.026394740
157 3.403701782 0.000000000 0.000030518 -0.009093961 0.939657871 -0.001132441
158 2.546592712 0.000000000 -0.000034332 0.050622334 0.928087349 0.026112669
159 0.805175781 0.000000000 0.000000000 0.007970885 -0.148203970 -0.014094421
160 9.898437500 -0.000015259 0.000015259 0.008520768 1.208195160 -0.016983373
161 3.537109375 -0.000030518 0.000015259 -0.000193491 0.912542382 0.000193491
162 2.507812500 -0.000030518 0.000007629 0.000320821 0.943623568 -0.000320821
163 0.821777344 0.246826172 -0.027450562 -0.155297577 -0.088051341 0.272296809
164 9.687324524 0.000015259 -0.000053406 0.342851519 1.121789534 -0.008737843
165 3.679656982 0.000000000 0.000030518 -0.002974323 0.934332562 -0.000146806
166 2.700630188 0.000000000 -0.000015259 -0.032371169 0.978263485 -0.042071145
167 0.519531250 0.395996094 -0.161743164 -0.478495596 0.316187846 0.763124936
168 6.753906250 -0.000007629 -0.000030518 0.300769486 0.115172368 -0.360966190
169 4.462749481 0.000000000 0.000030518 0.078557963 0.005930337 -0.087042230
170 86.264892578 0.000053406 0.000061035 1.447612694 1.236200534 1.570002233
171 2.875000000 0.000007629 -0.000030518 -0.035296784 0.442953435 -0.232479100
172 8.134368896 0.000000000 0.000000000 0.077311719 -0.110031444 -0.068462682
173 8.134399414 0.000000000 0.000000000 0.056678798 0.026712812 -0.136055871
174 8.134391785 0.000000000 0.000000000 0.025664499 0.074238443 -0.284475187
175 8.134384155 0.000000000 0.000000000 -0.085933436 0.127908586 -0.413934792
176 8.134384155 -0.000030518 -0.000045776 -0.121743627 0.206867994 -0.475645700
177 8.134384155 -0.000045776 -0.000030518 -0.125812257 0.262738813 -0.405815829
178 8.134399414 0.000000000 0.000000000 -0.100585044 0.256456682 -0.252137588
179 8.132812500 -0.000015259 -0.000030518 -0.068334582 0.178608529 0.127167520
180 86.264892578 0.000053406 0.000061035 -1.630620423 0.983002699 -1.693188556
181 2.875000000 0.000015259 0.000000000 0.194016450 0.333717836 0.492308591
182 8.134414673 0.000000000 0.000000000 -0.096226448 -0.111403953 0.139710794
183 8.134384155 0.000000000 0.000000000 -0.108776313 0.016876321 -0.077703165
184 8.134429932 0.000000000 -0.000038147 -0.130939763 0.082182992 -0.245345920
185 8.134384155 -0.000015259 -0.000011444 -0.385437238 0.170478082 -0.436202917
186 8.134384155 0.000015259 0.000026703 -0.389670007 0.352445718 -0.441771426
187 8.134368896 0.000000000 -0.000015259 -0.335371583 0.462206598 -0.286769609
188 8.134399414 0.000000000 0.000015259 -0.232181193 0.404491990 -0.081338818
189 8.132812500 0.000000000 0.000015259 -0.260945607 0.229749111 -0.175072315
190 25.357345581 -1.346612930 -0.631881714 3.098548580 0.800899390 -0.169305233
191 10.586948395 0.000007629 -0.000045776 0.652676634 -0.002293842 -0.192800766
192 19.962787628 -1.182558060 -0.493774414 -2.827724317 1.210077460 0.137379431
193 26.542861938 -0.000034332 5.258386612 -0.000098679 -0.575889304 -3.141563427
194 5.210937500 0.000003815 0.000015259 0.045767182 0.347069431 0.136615320
195 11.580818176 0.000015259 -0.000030518 0.000000000 0.373150501 0.000000000
196 30.590713501 -0.110137939 0.305744171 -0.351282875 0.009645276 0.121010662
197 7.470626831 0.014289856 0.148300171 -0.296340476 0.324190750 -0.012825547
198 9.858001709 6.173873901 -12.156160355 2.343721255 0.103353816 3.040407058
199 9.858215332 -6.068092346 -12.208475113 -2.352349825 0.104146931 -3.041265021
200 20.049377441 0.061241150 -14.093141556 3.134587295 0.926499159 3.136067236
201 5.580184937 -0.000015259 0.000030518 0.053044495 0.440391531 0.051960365
202 6.841278076 -0.000007629 -0.000038147 0.254725237 -0.892612836 -0.406835658
203 6.916412354 -0.000009537 0.000007629 -0.284057675 0.169796178 -0.000010178
204 24.600067139 -1.878257751 -11.667314529 -2.002800253 -0.732025296 -0.963281651
205 24.600067139 -1.878257751 -11.667314529 -1.536345236 -0.230748013 -1.702389711
206 24.600067139 -1.878257751 -11.667314529 -1.665549243 0.097947933 -2.370679697
207 24.599960327 1.980178833 -11.650854111 2.009399481 -0.739004495 0.958897021
208 24.599960327 1.980178833 -11.650854111 1.535182712 -0.239155086 1.702686470
209 24.599960327 1.980178833 -11.650854111 1.659403831 0.091981346 2.370144970
210 7.570648193 3.876312256 6.930494308 -2.049238070 1.047095500 -0.535595520
211 7.418060303 -3.974502563 7.604156494 1.014907748 -1.024031318 -2.618339091
212 -86.807075500 0.000003206 0.000005000 0.000000000 0.000000000 0.000244115
213 0.000000000 -0.000000000 0.000000000 0.000000000 0.000000000 0.000244115
214 0.000000000 -0.000000000 0.000000000 0.000000000 0.000000000 0.000244115
215 0.000000000 -0.000000000 0.000000000 0.000000000 0.000000000 0.000244115
216 0.000000000 -0.000000000 0.000000000 0.000000000 0.000000000 0.000244115
217 0.000000000 -0.000000000 0.000000000 0.000000000 0.000000000 0.000244115
218 0.000000000 -0.000000000 0.000000000 0.000000000 0.000000000 0.000244115
219 0.000000000 -0.000000000 0.000000000 0.000000000 0.000000000 0.000244115
220 0.000000000 -0.000000000 0.000000000 0.000000000 0.000000000 0.000244115
221 0.000000000 -0.000000000 0.000000000 0.000000000 0.000000000 0.000244115
222 0.000000000 -0.000000000 0.000000000 0.000000000 0.000000000 0.000244115
223 0.000000000 -0.000000000 0.000000000 0.000000000 0.000000000 0.000244115
time 20
0 0.000000916 -20.958274841 0.000005000 0.306763216 -1.536012812 -1.506792443
1 88.476783752 -0.000055313 -0.000013590 3.141592654 -0.000000000 3.141592654
2 -43.495719910 -0.000049591 4.662870407 0.321511900 0.067278031 -3.134703816
3 9.507705688 0.000003815 -0.000020981 -0.099319128 -0.239378478 -0.054647126
4 23.267868042 2.189132690 -3.705406189 1.456154893 -0.000364046 1.571112984
5 11.648437500 0.000000954 0.000061035 0.458841438 -0.469194408 1.216681243
6 29.776115417 -0.000017166 -0.000152588 -0.446785909 0.098846329 0.146902101
7 25.612224579 -0.000019073 0.000091553 1.350042835 0.529890297 -0.208893057
8 8.674346924 -1.907180786 -2.936538696 -0.551336544 -0.109697996 1.608018152
9 0.000000000 -0.000000000 0.000000000 0.000000000 0.000000000 0.000244115
10 -43.495719910 -0.000049591 4.662870407 0.000000000 0.000000000 0.000000000
11 21.580337524 10.273413658 -4.495086670 0.023990989 -0.186868113 0.011363947
12 45.674194336 -0.000015259 0.000013351 -3.140160740 0.398920047 0.000113333
13 55.039112091 0.000005722 -0.000008106 -3.082771258 1.276102313 0.055983040
14 21.580284119 -10.273576736 -4.495073318 0.286169755 0.076982352 -0.148605328
15 45.674217224 0.000030518 -0.000011444 -3.141297078 0.808441039 0.000032558
16 55.039123535 -0.000038147 -0.000038147 3.102597511 1.141037797 -0.034871996
17 0.161666870 -1.532186508 -10.638456345 2.956990494 0.526752650 -0.151013429
18 14.463714600 -0.000007629 0.000000000 -0.081047097 0.098843631 0.122873034
19 20.708938599 -0.000022888 -0.000038147 0.076436160 0.288945205 0.399638779
20 20.709037781 -0.000005722 0.000030518 0.113931899 -0.426596860 -0.309158547
21 20.709545135 -0.000009537 0.000030518 0.082831653 -0.154984765 0.012887985
22 0.118850708 -3.636028290 -10.382867813 2.434484515 0.425713259 -0.445235709
23 14.125000000 -0.000020981 -0.000015259 -0.035357820 0.066164596 0.134633092
24 20.265319824 -0.000019073 0.000000000 0.073141601 0.163280339 0.486193189
25 20.265319824 0.000000000 0.000015259 0.122213800 -0.296060521 -0.382838122
26 20.265625000 -0.000022888 -0.000003815 0.123441198 -0.110923635 0.012539870
27 0.430816650 -8.824714661 -7.827322006 2.282323870 0.372581612 -0.530156543
28 12.544494629 0.000007629 -0.000015259 -0.226312762 0.088937254 0.286364603
29 19.343734741 -0.000030518 -0.000045776 0.053500949 0.044527894 0.496201605
30 19.343750000 -0.000015259 -0.000012398 0.112639484 -0.190077861 -0.387003424
31 19.343750000 -0.000015259 0.000002861 0.093342565 -0.103909232 0.054682139
32 -0.019638062 -12.396471024 -3.323648453 2.008620014 0.143381469 -0.543463158
33 11.042053223 0.000005722 -0.000015259 -0.280019281 -0.016154575 0.312987514
34 19.073436737 -0.000005722 -0.000038147 0.033332964 -0.048400708 0.435362254
35 19.073341370 -0.000015259 -0.000011444 0.098946536 -0.119323827 -0.370600205
36 19.073867798 -0.000007629 0.000007629 -0.027780791 -0.121876130 0.149460383
37 0.143417358 -12.177965164 2.328493118 1.518810137 -0.161343062 -0.494035262
38 10.827308655 0.000007629 -0.000030518 -0.131549432 -0.109362908 0.202705545
39 18.731544495 0.000003815 0.000000000 0.014600273 -0.132712656 0.338300801
40 18.731609344 -0.000022888 -0.000007629 0.074994234 -0.049610201 -0.361421415
41 18.732189178 -0.000022888 0.000003815 -0.175404907 -0.195814121 0.242546335
42 0.706604004 -9.159467697 6.887685776 0.979654380 -0.265100170 -0.190766461
43 10.843429565 -0.000005722 -0.000015259 -0.069004954 -0.288914202 0.137551559
44 18.864486694 0.000009537 -0.000022888 0.005013946 -0.213650908 0.208887842
45 18.864482880 -0.000022888 0.000007629 0.032517924 0.072093052 -0.352423151
46 18.864944458 -0.000015259 -0.000007629 -0.285204721 -0.282617522 0.289021106
47 0.843048096 -2.753784180 9.486446381 0.706399089 -0.191889080 -0.034259716
48 10.832725525 0.000007629 0.000007629 -0.364999828 -0.321717952 0.221549338
49 19.399490356 0.000003815 -0.000045776 0.011356879 -0.259935551 0.047008474
50 19.399677277 -0.000007629 -0.000015259 -0.019399163 0.273676449 -0.246117991
51 19.400068283 -0.000030518 -0.000015259 -0.179936730 -0.428399075 0.185958615
52 0.161682129 1.532159805 -10.638368607 -3.013842378 0.543413680 0.027915022
53 14.463706970 -0.000007629 -0.000015259 0.104403894 0.089976443 -0.015888168
54 20.708992004 -0.000017166 -0.000003815 0.039109150 0.385952924 0.201293698
55 20.709014893 0.000009537 0.000019073 0.047772323 -0.542306287 -0.098531491
56 20.709590912 -0.000006676 -0.000007629 -0.064421769 -0.144651026 0.083224303
57 0.118804932 3.636004448 -10.383043289 -2.469501322 0.494057419 0.352816628
58 14.125000000 -0.000015259 -0.000015259 0.054307670 0.064149439 -0.027718143
59 20.265319824 0.000003815 -0.000015259 -0.022127358 0.367246410 -0.021757147
60 20.265342712 0.000013351 -0.000003815 -0.053343533 -0.529274441 0.168660916
61 20.265625000 0.000001907 0.000007629 -0.105205472 -0.089332292 0.085107503
62 0.430816650 8.824708939 -7.827398300 -2.307420255 0.452967450 0.452620192
63 12.544555664 0.000015259 -0.000015259 0.245184585 0.067840966 -0.182236525
64 19.343750000 -0.000017166 -0.000007629 -0.059969889 0.267803062 -0.221179924
65 19.343750000 0.000003815 -0.000015259 -0.118520101 -0.395024307 0.416985252
66 19.343750000 0.000011444 -0.000038147 -0.082675344 -0.079576628 0.044623398
67 -0.019577026 12.396468163 -3.323724747 -2.011439473 0.240529451 0.496970188
68 11.042060852 -0.000007629 0.000000000 0.285536427 -0.042143309 -0.210604091
69 19.073402405 -0.000001907 -0.000045776 -0.053011008 0.124223068 -0.309452986
70 19.073368073 0.000007629 -0.000030518 -0.105661111 -0.197031911 0.518902653
71 19.073940277 0.000005722 -0.000030518 0.024702754 -0.107571286 -0.047670449
72 0.143478394 12.177964211 2.328407288 -1.513386731 -0.054237607 0.499916606
73 10.827339172 -0.000015259 0.000007629 0.124171125 -0.120014946 -0.095783260
74 18.731567383 0.000010490 -0.000007629 -0.027960649 0.001121325 -0.311002137
75 18.731578827 -0.000010014 -0.000068665 -0.060742715 0.000406771 0.521959989
76 18.732147217 0.000002861 0.000030518 0.151081217 -0.198904426 -0.136094813
77 0.706604004 9.159472466 6.887771606 -0.986945522 -0.175781400 0.251635302
78 10.843391418 0.000004768 0.000003815 0.038460992 -0.293620479 -0.024626197
79 18.864517212 -0.000007629 -0.000038147 -0.003625902 -0.109730991 -0.254731169
80 18.864459991 -0.000005722 -0.000007629 -0.010508672 0.211804808 0.426786361
81 18.865047455 -0.000015259 -0.000038147 0.240280501 -0.303775304 -0.175747099
82 0.842971802 2.753786087 9.486438751 -0.713310361 -0.121941749 0.116538659
83 10.832771301 -0.000001907 0.000015259 0.329574558 -0.358807636 -0.112837668
84 19.399612427 0.000003815 -0.000038147 0.011345730 -0.219204758 -0.152667010
85 19.399597168 -0.000022888 -0.000015259 -0.004183389 0.381799745 0.177011995
86 19.400173187 -0.000011444 -0.000015259 0.109390654 -0.442391300 -0.056873665
87 23.268264771 -2.187709808 -3.705850601 -1.456154893 0.000364046 -1.570479669
88 11.648437500 -0.000030518 0.000030518 -0.055204698 0.440788533 -0.040245433
89 19.962635040 1.182556152 -0.494796753 2.827724317 1.210077460 -0.137379431
90 25.357295990 1.346595764 -0.632659912 0.190806657 1.187581692 -2.921190568
91 10.585937500 0.000007629 -0.000022888 -0.623342345 0.227380332 0.017522868
92 29.775835037 0.000000000 -0.000091553 -0.232724055 -0.334319414 -0.545491087
93 22.736808777 -0.004570007 -0.007400513 -0.403634162 -0.194474916 -2.864551704
94 0.073730469 -0.706542969 -0.275878906 -2.190732999 0.957003531 -0.234151752
95 13.120170593 0.000022888 0.000022888 -1.095749909 -0.328276783 -0.630492841
96 12.350074768 -0.000015259 -0.000015259 -1.109026197 0.292499634 -0.595645083
97 15.541244507 -0.000045776 -0.000007629 -0.267827168 0.249012950 0.249829248
98 14.906250000 -0.000015259 0.000003815 -0.252883307 -0.309065536 0.736480311
99 14.182762146 -0.000030518 -0.000015259 -0.283436883 0.565158333 0.005035658
100 6.140625000 -0.523925781 -0.378906250 -0.505302900 0.861716721 -0.062982018
101 11.348442078 0.000007629 -0.000038147 -2.769496303 -0.441853975 0.311390668
102 12.005210876 -0.000015259 -0.000030518 -0.627855330 0.169534830 -0.526570511
103 15.865591049 -0.000022888 0.000007629 -0.422228222 0.401265631 0.188615415
104 14.851562500 -0.000015259 0.000007629 -0.602971193 0.548619168 -0.005326657
105 12.538974762 -0.414978027 -0.272300720 -0.144814922 0.833536619 0.093655609
106 10.619346619 0.000000000 0.000007629 3.029601709 -0.219502220 0.304317023
107 12.043018341 -0.000015259 0.000030518 -0.300282635 0.325397980 -0.330489286
108 15.310400009 -0.000015259 -0.000015259 -0.421142219 0.518417852 -0.022033187
109 19.857913971 0.000007629 0.000000000 -0.008544152 0.896962935 0.283773981
110 10.617187500 0.000015259 0.000022888 -0.369569066 -0.236781871 0.151307836
111 11.091686249 0.000007629 -0.000030518 -2.957031938 -0.407219133 -0.279420241
112 25.612260818 0.000007629 -0.000152588 -0.952077214 -0.199340542 0.082461341
113 0.732421875 0.378173828 -0.043365479 -0.298448110 -0.042506783 0.541930270
114 9.421440125 0.000015259 -0.000022888 0.376985193 0.989139988 -0.158374132
115 3.208984375 -0.000007629 -0.000007629 -0.000900778 0.927088290 0.001093729
116 2.421096802 0.000022888 0.000019073 -0.050443158 0.688441461 -0.044503315
117 0.783203125 0.134643555 -0.023910522 -0.156336213 -0.123510422 0.279151765
118 9.940933228 -0.000007629 -0.000007629 0.161817679 0.963323119 -0.082617437
119 3.403709412 -0.000007629 -0.000015259 -0.009001117 0.689879404 -0.004885124
120 2.546600342 0.000007629 0.000000000 -0.042829088 0.678048449 -0.013732072
121 0.805175781 0.000000000 0.000000000 -0.007963538 -0.147251916 0.014089588
122 9.898437500 0.000000000 0.000038147 -0.011887432 0.857189831 0.004722858
123 3.537029266 0.000000000 -0.000030518 0.015666009 0.561720338 0.009460674
124 2.507812500 -0.000007629 0.000007629 0.001414853 0.592390064 0.014690864
125 0.821777344 -0.246826172 -0.028747559 0.155124828 -0.087466036 -0.272238366
126 9.687484741 -0.000026703 0.000015259 -0.214202260 0.792087249 0.164834178
127 3.679679871 0.000000000 0.000015259 -0.003198186 0.592472491 -0.001607877
128 2.700599670 0.000000000 -0.000015259 0.031346709 0.636686851 0.032782188
129 0.519042969 -0.395996094 -0.161987305 0.477878787 0.316754060 -0.763355711
130 6.753906250 -0.000005722 -0.000045776 -0.536221635 0.681769393 0.000560917
131 4.462627411 -0.000034332 0.000000000 -0.078001298 0.008849486 0.122395973
132 22.736743927 0.004549980 -0.007263184 0.391556397 0.061463588 -2.996982175
133 0.073730469 0.706542969 -0.276367188 -0.918910478 0.737422613 -2.567312301
134 13.119304657 0.000015259 -0.000015259 0.746441558 -0.112435112 0.139609339
135 12.350997925 0.000015259 -0.000015259 0.386284983 0.809936432 0.317710114
136 15.540859222 0.000000000 0.000030518 -0.234606630 1.028357699 0.209773298
137 14.906250000 -0.000011444 -0.000015259 -0.218826731 0.485637380 0.348589487
138 14.182880402 -0.000003815 0.000030518 0.034688922 0.273658589 -0.046207980
139 6.140625000 0.523925781 -0.378662109 -2.334613045 0.685559387 -2.468856579
140 11.348976135 0.000007629 0.000015259 2.169541223 -0.101414669 -0.089465107
141 12.004642487 0.000000000 -0.000030518 -0.073240694 0.708085863 0.427637412
142 15.865940094 -0.000001907 -0.000015259 0.144783406 0.721258022 0.862957678
143 14.851562500 -0.000002861 0.000000000 0.292645494 0.278116688 -0.105803068
144 12.539043427 0.414962769 -0.272758484 -2.526254644 0.733932243 -2.478690048
145 10.619075775 -0.000001907 -0.000030518 2.729207833 -0.048956532 -0.105200799
146 12.043624878 -0.000003815 -0.000015259 -0.509089688 0.882900738 0.115221466
147 15.309879303 0.000001907 0.000015259 0.046011050 0.259263274 -0.088855362
148 19.857963562 -0.000022888 0.000038147 -2.505329369 0.757247357 -2.515763328
149 10.618190765 0.000000000 0.000000000 -0.003445962 -0.117530142 0.149668817
150 11.091796875 0.000007629 -0.000015259 2.367070372 -0.068504824 -0.158291329
151 0.732421875 -0.378417969 -0.043029785 0.298829922 -0.043211786 -0.541974052
152 9.421363831 -0.000030518 0.000007629 -0.470241755 1.108872100 0.050969701
153 3.208984375 0.000015259 0.000000000 0.000857873 1.057455893 -0.001098300
154 2.421054840 0.000000000 -0.000034332 0.043174526 0.819359608 0.045011662
155 0.783203125 -0.134643555 -0.023712158 0.156625597 -0.124254089 -0.279237635
156 9.941059113 0.000000000 -0.000030518 -0.258870176 1.208138449 -0.026394740
157 3.403701782 0.000000000 0.000030518 -0.009093961 0.939657871 -0.001132441
158 2.546592712 0.000000000 -0.000034332 0.050622334 0.928087349 0.026112669
159 0.805175781 0.000000000 0.000000000 0.007970885 -0.148203970 -0.014094421
160 9.898437500 -0.000015259 0.000015259 0.008520768 1.208195160 -0.016983373
161 3.537109375 -0.000030518 0.000015259 -0.000193491 0.912542382 0.000193491
162 2.507812500 -0.000030518 0.000007629 0.000320821 0.943623568 -0.000320821
163 0.821777344 0.246826172 -0.027450562 -0.155297577 -0.088051341 0.272296809
164 9.687324524 0.000015259 -0.000053406 0.342851519 1.121789534 -0.008737843
165 3.679656982 0.000000000 0.000030518 -0.002974323 0.934332562 -0.000146806
166 2.700630188 0.000000000 -0.000015259 -0.032371169 0.978263485 -0.042071145
167 0.519531250 0.395996094 -0.161743164 -0.478495596 0.316187846 0.763124936
168 6.753906250 -0.000007629 -0.000030518 0.300769486 0.115172368 -0.360966190
169 4.462749481 0.000000000 0.000030518 0.078557963 0.005930337 -0.087042230
170 86.264892578 0.000053406 0.000061035 1.297146635 1.257367642 1.360123419
171 2.875000000 0.000007629 -0.000030518 -0.048683310 0.417148920 -0.233610648
172 8.134368896 0.000000000 0.000000000 0.055562870 -0.141590585 0.007312552
173 8.134399414 0.000000000 0.000000000 0.034715506 0.001407020 0.018412926
174 8.134391785 0.000000000 0.000000000 0.001232678 0.051379149 -0.086513271
175 8.134384155 0.000000000 0.000000000 -0.106927739 0.092382323 -0.215175063
176 8.134384155 -0.000030518 -0.000045776 -0.158773753 0.156874767 -0.343101895
177 8.134384155 -0.000045776 -0.000030518 -0.226195103 0.262807696 -0.398518022
178 8.134399414 0.000000000 0.000000000 -0.272094396 0.356843024 -0.320919880
179 8.132812500 -0.000015259 -0.000030518 -0.068334582 0.178608529 0.127167520
180 86.264892578 0.000053406 0.000061035 -1.591677735 0.953054413 -1.598340816
181 2.875000000 0.000015259 0.000000000 0.183831743 0.301931598 0.502936304
182 8.134414673 0.000000000 0.000000000 -0.113591915 -0.127300593 0.227649678
183 8.134384155 0.000000000 0.000000000 -0.116444895 0.012949654 0.076650722
184 8.134429932 0.000000000 -0.000038147 -0.124376660 0.071808329 -0.047400198
185 8.134384155 -0.000015259 -0.000011444 -0.353755029 0.141425303 -0.227123208
186 8.134384155 0.000015259 0.000026703 -0.338306754 0.269176072 -0.280531189
187 8.134368896 0.000000000 -0.000015259 -0.310944635 0.419419121 -0.249522733
188 8.134399414 0.000000000 0.000015259 -0.229186946 0.513094966 -0.135626430
189 8.132812500 0.000000000 0.000015259 -0.260945607 0.229749111 -0.175072315
190 25.357345581 -1.346612930 -0.631881714 -2.884698285 0.837432409 0.188557377
191 10.586948395 0.000007629 -0.000045776 0.648339864 0.031986960 -0.166614100
192 19.962787628 -1.182558060 -0.493774414 -2.827724317 1.210077460 0.137379431
193 26.542861938 -0.000034332 5.258386612 -0.000098679 -0.575889304 -3.141563427
194 5.210937500 0.000003815 0.000015259 0.019775623 0.137794669 0.037015385
195 11.580818176 0.000015259 -0.000030518 0.000000000 0.373150501 0.000000000
196 30.590713501 -0.110137939 0.305744171 -0.335392878 0.005467559 0.109875701
197 7.470626831 0.014289856 0.148300171 -0.264285018 0.324183110 -0.012853382
198 9.858001709 6.173873901 -12.156160355 2.343721255 0.103353816 3.040407058
199 9.858215332 -6.068092346 -12.208475113 -2.352349825 0.104146931 -3.041265021
200 20.049377441 0.061241150 -14.093141556 3.134587295 0.926499159 3.136067236
201 5.580184937 -0.000015259 0.000030518 0.111299106 0.605988635 0.142648785
202 6.841278076 -0.000007629 -0.000038147 0.045466075 -0.491219793 -0.037568218
203 6.916412354 -0.000009537 0.000007629 -0.284057675 0.169796178 -0.000010178
204 24.600067139 -1.878257751 -11.667314529 -2.002800253 -0.732025296 -0.963281651
205 24.600067139 -1.878257751 -11.667314529 -1.536345236 -0.230748013 -1.702389711
206 24.600067139 -1.878257751 -11.667314529 -1.665549243 0.097947933 -2.370679697
207 24.599960327 1.980178833 -11.650854111 2.009399481 -0.739004495 0.958897021
208 24.599960327 1.980178833 -11.650854111 1.535182712 -0.239155086 1.702686470
209 24.599960327 1.980178833 -11.650854111 1.659403831 0.091981346 2.370144970
210 7.570648193 3.876312256 6.930494308 -2.049238070 1.047095500 -0.535595520
211 7.418060303 -3.974502563 7.604156494 1.014907748 -1.024031318 -2.618339091
212 -86.807075500 0.000003206 0.000005000 0.000000000 0.000000000 0.000244115
213 0.000000000 -0.000000000 0.000000000 0.000000000 0.000000000 0.000244115
214 0.000000000 -0.000000000 0.000000000 0.000000000 0.000000000 0.000244115
215 0.000000000 -0.000000000 0.000000000 0.000000000 0.000000000 0.000244115
216 0.000000000 -0.000000000 0.000000000 0.000000000 0.000000000 0.000244115
217 0.000000000 -0.000000000 0.000000000 0.000000000 0.000000000 0.000244115
218 0.000000000 -0.000000000 0.000000000 0.000000000 0.000000000 0.000244115
219 0.000000000 -0.000000000 0.000000000 0.000000000 0.000000000 0.000244115
220 0.000000000 -0.000000000 0.000000000 0.000000000 0.000000000 0.000244115
221 0.000000000 -0.000000000 0.000000000 0.000000000 0.000000000 0.000244115
222 0.000000000 -0.000000000 0.000000000 0.000000000 0.000000000 0.000244115
223 0.000000000 -0.000000000 0.000000000 0.000000000 0.000000000 0.000244115
time 21
0 0.000000795 -18.188787460 0.000005000 0.281672644 -1.564219944 -1.512328845
1 88.476783752 -0.000055313 -0.000013590 3.141592654 -0.000000000 3.141592654
2 -43.495719910 -0.000049591 4.662870407 0.279002607 0.063489965 -3.135552701
3 9.507705688 0.000003815 -0.000020981 -0.179147179 -0.255698586 -0.058537430
4 23.267868042 2.189132690 -3.705406189 1.456154893 -0.000364046 1.571112984
5 11.648437500 0.000000954 0.000061035 0.431292608 -0.511573534 1.112362125
6 29.776115417 -0.000017166 -0.000152588 -0.479020200 0.090710879 0.156573002
7 25.612224579 -0.000019073 0.000091553 1.378886498 0.543594537 -0.212626565
8 8.674346924 -1.907180786 -2.936538696 -0.551336544 -0.109697996 1.608018152
9 0.000000000 -0.000000000 0.000000000 0.000000000 0.000000000 0.000244115
10 -43.495719910 -0.000049591 4.662870407 0.000000000 0.000000000 0.000000000
11 21.580337524 10.273413658 -4.495086670 0.020643963 -0.167625070 0.013078732
12 45.674194336 -0.000015259 0.000013351 -3.140082171 0.362790306 0.000101526
13 55.039112091 0.000005722 -0.000008106 -3.085329775 1.258338012 0.053235304
14 21.580284119 -10.273576736 -4.495073318 0.250852376 0.001032680 -0.132468202
15 45.674217224 0.000030518 -0.000011444 -3.141297078 0.808441039 0.000032558
16 55.039123535 -0.000038147 -0.000038147 3.102597511 1.141037797 -0.034871996
17 0.161666870 -1.532186508 -10.638456345 2.956990494 0.526752650 -0.151013429
18 14.463714600 -0.000007629 0.000000000 -0.081047097 0.098843631 0.122873034
19 20.708938599 -0.000022888 -0.000038147 0.111688147 0.381204216 0.490808124
20 20.709037781 -0.000005722 0.000030518 0.076835797 -0.344071150 -0.186463561
21 20.709545135 -0.000009537 0.000030518 0.082831653 -0.154984765 0.012887985
22 0.118850708 -3.636028290 -10.382867813 2.434484465 0.425713324 -0.445235796
23 14.125000000 -0.000020981 -0.000015259 -0.035357820 0.066164596 0.134633092
24 20.265319824 -0.000019073 0.000000000 0.098035360 0.224660600 0.589426695
25 20.265319824 0.000000000 0.000015259 0.084640820 -0.222382018 -0.219516902
26 20.265625000 -0.000022888 -0.000003815 0.123441198 -0.110923635 0.012539870
27 0.430816650 -8.824714661 -7.827322006 2.282323870 0.372581612 -0.530156543
28 12.544494629 0.000007629 -0.000015259 -0.226312762 0.088937254 0.286364603
29 19.343734741 -0.000030518 -0.000045776 0.064242985 0.082194998 0.596670567
30 19.343750000 -0.000015259 -0.000012398 0.082394026 -0.135879386 -0.202920570
31 19.343750000 -0.000015259 0.000002861 0.093342565 -0.103909232 0.054682139
32 -0.019638062 -12.396471024 -3.323648453 2.008620014 0.143381469 -0.543463158
33 11.042053223 0.000005722 -0.000015259 -0.280019281 -0.016154575 0.312987514
34 19.073436737 -0.000005722 -0.000038147 0.033228636 -0.026950731 0.527658305
35 19.073341370 -0.000015259 -0.000011444 0.076766731 -0.088013675 -0.189374663
36 19.073867798 -0.000007629 0.000007629 -0.027780791 -0.121876130 0.149460383
37 0.143417358 -12.177965164 2.328493118 1.518810137 -0.161343062 -0.494035262
38 10.827308655 0.000007629 -0.000030518 -0.131549432 -0.109362908 0.202705545
39 18.731544495 0.000003815 0.000000000 0.006604710 -0.127282535 0.421585861
40 18.731609344 -0.000022888 -0.000007629 0.061947230 -0.047638425 -0.192586243
41 18.732189178 -0.000022888 0.000003815 -0.175404907 -0.195814121 0.242546335
42 0.706604004 -9.159467697 6.887685776 0.979654380 -0.265100170 -0.190766461
43 10.843429565 -0.000005722 -0.000015259 -0.069004954 -0.288914202 0.137551559
44 18.864486694 0.000009537 -0.000022888 -0.007936375 -0.232778208 0.280719041
45 18.864482880 -0.000022888 0.000007629 0.035980552 0.026227020 -0.207459356
46 18.864944458 -0.000015259 -0.000007629 -0.285204721 -0.282617522 0.289021106
47 0.843048096 -2.753784180 9.486446381 0.706399089 -0.191889080 -0.034259716
48 10.832725525 0.000007629 0.000007629 -0.364999828 -0.321717952 0.221549338
49 19.399490356 0.000003815 -0.000045776 0.003164472 -0.311761371 0.089443180
50 19.399677277 -0.000007629 -0.000015259 -0.000342583 0.165288759 -0.159042950
51 19.400068283 -0.000030518 -0.000015259 -0.179936730 -0.428399075 0.185958615
52 0.161682129 1.532159805 -10.638368607 -3.013842378 0.543413680 0.027915022
53 14.463706970 -0.000007629 -0.000015259 0.104403894 0.089976443 -0.015888168
54 20.708992004 -0.000017166 -0.000003815 0.061439954 0.509793273 0.242268354
55 20.709014893 0.000009537 0.000019073 0.028182087 -0.468838657 -0.033268284
56 20.709590912 -0.000006676 -0.000007629 -0.064421769 -0.144651026 0.083224303
57 0.118804932 3.636004448 -10.383043289 -2.469501322 0.494057419 0.352816628
58 14.125000000 -0.000015259 -0.000015259 0.054307670 0.064149439 -0.027718143
59 20.265319824 0.000003815 -0.000015259 -0.031864592 0.489023993 -0.053153363
60 20.265342712 0.000013351 -0.000003815 -0.055004265 -0.485395541 0.193819459
61 20.265625000 0.000001907 0.000007629 -0.105205472 -0.089332292 0.085107503
62 0.430816650 8.824708939 -7.827398300 -2.307420255 0.452967450 0.452620192
63 12.544555664 0.000015259 -0.000015259 0.245184585 0.067840966 -0.182236525
64 19.343750000 -0.000017166 -0.000007629 -0.084208318 0.349864180 -0.309943134
65 19.343750000 0.000003815 -0.000015259 -0.105102558 -0.352871925 0.397838400
66 19.343750000 0.000011444 -0.000038147 -0.082675344 -0.079576628 0.044623398
67 -0.019577026 12.396468163 -3.323724747 -2.011439473 0.240529451 0.496970188
68 11.042060852 -0.000007629 0.000000000 0.285536427 -0.042143309 -0.210604091
69 19.073402405 -0.000001907 -0.000045776 -0.064079343 0.159082675 -0.408790266
70 19.073368073 0.000007629 -0.000030518 -0.089115506 -0.164420680 0.448641335
71 19.073940277 0.000005722 -0.000030518 0.024702754 -0.107571286 -0.047670449
72 0.143478394 12.177964211 2.328407288 -1.513386731 -0.054237607 0.499916606
73 10.827339172 -0.000015259 0.000007629 0.124171125 -0.120014946 -0.095783260
74 18.731567383 0.000010490 -0.000007629 -0.024172199 -0.000674525 -0.400174482
75 18.731578827 -0.000010014 -0.000068665 -0.055910422 0.003783158 0.410167913
76 18.732147217 0.000002861 0.000030518 0.151081217 -0.198904426 -0.136094813
77 0.706604004 9.159472466 6.887771606 -0.986945522 -0.175781400 0.251635302
78 10.843391418 0.000004768 0.000003815 0.038460992 -0.293620479 -0.024626197
79 18.864517212 -0.000007629 -0.000038147 0.009535469 -0.144710390 -0.322288653
80 18.864459991 -0.000005722 -0.000007629 -0.025808655 0.158967722 0.308341087
81 18.865047455 -0.000015259 -0.000038147 0.240280501 -0.303775304 -0.175747099
82 0.842971802 2.753786087 9.486438751 -0.713310361 -0.121941749 0.116538659
83 10.832771301 -0.000001907 0.000015259 0.329574558 -0.358807636 -0.112837668
84 19.399612427 0.000003815 -0.000038147 0.023070194 -0.281948042 -0.181196480
85 19.399597168 -0.000022888 -0.000015259 -0.017863682 0.263431932 0.115862072
86 19.400173187 -0.000011444 -0.000015259 0.109395722 -0.442479549 -0.056880201
87 23.268264771 -2.187709808 -3.705850601 -1.456154893 0.000364046 -1.570479669
88 11.648437500 -0.000030518 0.000030518 -0.139017930 0.430915772 -0.038353664
89 19.962635040 1.182556152 -0.494796753 2.827724317 1.210077460 -0.137379431
90 25.357295990 1.346595764 -0.632659912 0.248067391 1.139589193 -2.872968504
91 10.585937500 0.000007629 -0.000022888 -0.623342345 0.227380332 0.017522868
92 29.775835037 0.000000000 -0.000091553 -0.140160841 -0.170399336 -0.613433111
93 22.736808777 -0.004570007 -0.007400513 -0.403634162 -0.194474916 -2.864551704
94 0.073730469 -0.706542969 -0.275878906 -2.269375702 0.935121813 -0.313842379
95 13.120170593 0.000022888 0.000022888 -1.100442263 -0.278741041 -0.681404388
96 12.350074768 -0.000015259 -0.000015259 -1.171957239 0.298942246 -0.724965055
97 15.541244507 -0.000045776 -0.000007629 -0.350084547 0.365483811 0.059736247
98 14.906250000 -0.000015259 0.000003815 -0.309120393 -0.372363227 0.504782662
99 14.182762146 -0.000030518 -0.000015259 -0.283436883 0.565158333 0.005035658
100 6.140625000 -0.523925781 -0.378906250 -0.528727884 0.862851647 -0.089435359
101 11.348442078 0.000007629 -0.000038147 -2.782594111 -0.506954410 0.296050388
102 12.005210876 -0.000015259 -0.000030518 -0.660583253 0.146086053 -0.634291743
103 15.865591049 -0.000022888 0.000007629 -0.541721935 0.364217357 -0.064244980
104 14.851562500 -0.000015259 0.000007629 -0.602971193 0.548619168 -0.005326657
105 12.538974762 -0.414978027 -0.272300720 -0.105229179 0.843062660 0.133527577
106 10.619346619 0.000000000 0.000007629 3.007968471 -0.272793215 0.330834235
107 12.043018341 -0.000015259 0.000030518 -0.341016883 0.291087545 -0.438826898
108 15.310400009 -0.000015259 -0.000015259 -0.421142219 0.518417852 -0.022033187
109 19.857913971 0.000007629 0.000000000 0.115053104 0.898705733 0.412445030
110 10.617187500 0.000015259 0.000022888 -0.398111815 -0.278974532 0.215720931
111 11.091686249 0.000007629 -0.000030518 -2.957031938 -0.407219133 -0.279420241
112 25.612260818 0.000007629 -0.000152588 -0.952077214 -0.199340542 0.082461341
113 0.732421875 0.378173828 -0.043365479 -0.298448110 -0.042506783 0.541930270
114 9.421440125 0.000015259 -0.000022888 0.376985193 0.989139988 -0.158374132
115 3.208984375 -0.000007629 -0.000007629 -0.000900778 0.927088290 0.001093729
116 2.421096802 0.000022888 0.000019073 -0.050443158 0.688441461 -0.044503315
117 0.783203125 0.134643555 -0.023910522 -0.156336213 -0.123510422 0.279151765
118 9.940933228 -0.000007629 -0.000007629 0.161817679 0.963323119 -0.082617437
119 3.403709412 -0.000007629 -0.000015259 -0.009001117 0.689879404 -0.004885124
120 2.546600342 0.000007629 0.000000000 -0.042829088 0.678048449 -0.013732072
121 0.805175781 0.000000000 0.000000000 -0.007963538 -0.147251916 0.014089588
122 9.898437500 0.000000000 0.000038147 -0.011887432 0.857189831 0.004722858
123 3.537029266 0.000000000 -0.000030518 0.015666009 0.561720338 0.009460674
124 2.507812500 -0.000007629 0.000007629 0.001414853 0.592390064 0.014690864
125 0.821777344 -0.246826172 -0.028747559 0.155124828 -0.087466036 -0.272238366
126 9.687484741 -0.000026703 0.000015259 -0.214202260 0.792087249 0.164834178
127 3.679679871 0.000000000 0.000015259 -0.003198186 0.592472491 -0.001607877
128 2.700599670 0.000000000 -0.000015259 0.031346709 0.636686851 0.032782188
129 0.519042969 -0.395996094 -0.161987305 0.477878787 0.316754060 -0.763355711
130 6.753906250 -0.000005722 -0.000045776 -0.536221635 0.681769393 0.000560917
131 4.462627411 -0.000034332 0.000000000 -0.078001298 0.008849486 0.122395973
132 22.736743927 0.004549980 -0.007263184 0.411662314 0.048091544 -2.929664579
133 0.073730469 0.706542969 -0.276367188 -0.802795168 0.496992506 -2.425100732
134 13.119304657 0.000015259 -0.000015259 0.803996715 -0.309846404 -0.009099315
135 12.350997925 0.000015259 -0.000015259 0.349424247 0.460606960 0.134271611
136 15.540859222 0.000000000 0.000030518 -0.334027795 0.967739025 -0.017782972
137 14.906250000 -0.000011444 -0.000015259 -0.057135658 0.846709427 0.529906097
138 14.182880402 -0.000003815 0.000030518 0.054003883 0.296650891 -0.051130891
139 6.140625000 0.523925781 -0.378662109 -2.230229108 0.464799008 -2.363378516
140 11.348976135 0.000007629 0.000015259 2.200968716 0.025418120 -0.278645505
141 12.004642487 0.000000000 -0.000030518 -0.121091729 0.398849446 0.191963355
142 15.865940094 -0.000001907 -0.000015259 0.087495337 0.759398572 0.603220293
143 14.851562500 -0.000002861 0.000000000 0.308981880 0.302227055 -0.107594921
144 12.539043427 0.414962769 -0.272758484 -2.405695654 0.522778879 -2.372632469
145 10.619075775 -0.000001907 -0.000030518 2.742356278 0.118474521 -0.264694705
146 12.043624878 -0.000003815 -0.000015259 -0.489473577 0.493837618 0.029722522
147 15.309879303 0.000001907 0.000015259 0.061067336 0.283634113 -0.093820849
148 19.857963562 -0.000022888 0.000038147 -2.385328292 0.559509904 -2.411909743
149 10.618190765 0.000000000 0.000000000 0.021575371 0.053210237 -0.078977295
150 11.091796875 0.000007629 -0.000015259 2.419190562 -0.096970857 -0.082099413
151 0.732421875 -0.378417969 -0.043029785 0.298829922 -0.043211786 -0.541974052
152 9.421363831 -0.000030518 0.000007629 -0.470241755 1.108872100 0.050969701
153 3.208984375 0.000015259 0.000000000 0.000857873 1.057455893 -0.001098300
154 2.421054840 0.000000000 -0.000034332 0.043174526 0.819359608 0.045011662
155 0.783203125 -0.134643555 -0.023712158 0.156625597 -0.124254089 -0.279237635
156 9.941059113 0.000000000 -0.000030518 -0.258870176 1.208138449 -0.026394740
157 3.403701782 0.000000000 0.000030518 -0.009093961 0.939657871 -0.001132441
158 2.546592712 0.000000000 -0.000034332 0.050622334 0.928087349 0.026112669
159 0.805175781 0.000000000 0.000000000 0.007970885 -0.148203970 -0.014094421
160 9.898437500 -0.000015259 0.000015259 0.008520768 1.208195160 -0.016983373
161 3.537109375 -0.000030518 0.000015259 -0.000193491 0.912542382 0.000193491
162 2.507812500 -0.000030518 0.000007629 0.000320821 0.943623568 -0.000320821
163 0.821777344 0.246826172 -0.027450562 -0.155297577 -0.088051341 0.272296809
164 9.687324524 0.000015259 -0.000053406 0.342851519 1.121789534 -0.008737843
165 3.679656982 0.000000000 0.000030518 -0.002974323 0.934332562 -0.000146806
166 2.700630188 0.000000000 -0.000015259 -0.032371169 0.978263485 -0.042071145
167 0.519531250 0.395996094 -0.161743164 -0.478495596 0.316187846 0.763124936
168 6.753906250 -0.000007629 -0.000030518 0.300769486 0.115172368 -0.360966190
169 4.462749481 0.000000000 0.000030518 0.078557963 0.005930337 -0.087042230
170 86.264892578 0.000053406 0.000061035 1.349871350 0.975870211 1.416914547
171 2.875000000 0.000007629 -0.000030518 -0.087024529 0.376780785 -0.246308195
172 8.134368896 0.000000000 0.000000000 0.028531725 -0.143125419 -0.055018395
173 8.134399414 0.000000000 0.000000000 0.010160793 -0.012006868 0.018584261
174 8.134391785 0.000000000 0.000000000 -0.011118613 0.034648925 0.006023200
175 8.134384155 0.000000000 0.000000000 -0.095047516 0.073733805 -0.043893939
176 8.134384155 -0.000030518 -0.000045776 -0.113278218 0.110532035 -0.131300195
177 8.134384155 -0.000045776 -0.000030518 -0.142628765 0.179108234 -0.211509544
178 8.134399414 0.000000000 0.000000000 -0.182600235 0.275770043 -0.249265676
179 8.132812500 -0.000015259 -0.000030518 -0.068334582 0.178608529 0.127167520
180 86.264892578 0.000053406 0.000061035 -1.497588534 1.255522825 -1.490852032
181 2.875000000 0.000015259 0.000000000 0.144713163 0.272874822 0.467098254
182 8.134414673 0.000000000 0.000000000 -0.113047891 -0.153508354 0.150591884
183 8.134384155 0.000000000 0.000000000 -0.115441857 -0.009551389 0.069735110
184 8.134429932 0.000000000 -0.000038147 -0.116277492 0.040005812 0.030621579
185 8.134384155 -0.000015259 -0.000011444 -0.332942934 0.088455559 -0.076910140
186 8.134384155 0.000015259 0.000026703 -0.304917183 0.148272536 -0.109626761
187 8.134368896 0.000000000 -0.000015259 -0.275724075 0.241551437 -0.110843571
188 8.134399414 0.000000000 0.000015259 -0.217399692 0.361516004 -0.079597321
189 8.132812500 0.000000000 0.000015259 -0.260945607 0.229749111 -0.175072315
190 25.357345581 -1.346612930 -0.631881714 -2.587118308 0.845196517 0.526335616
191 10.586948395 0.000007629 -0.000045776 0.644307379 0.064539136 -0.141776886
192 19.962787628 -1.182558060 -0.493774414 -2.827724317 1.210077460 0.137379431
193 26.542861938 -0.000034332 5.258386612 -0.000098679 -0.575889304 -3.141563427
194 5.210937500 0.000003815 0.000015259 0.015962191 -0.002121836 0.006284402
195 11.580818176 0.000015259 -0.000030518 0.000000000 0.373150501 0.000000000
196 30.590713501 -0.110137939 0.305744171 -0.313985655 -0.000275427 0.099886145
197 7.470626831 0.014289856 0.148300171 -0.229916898 0.324234892 -0.012852729
198 9.858001709 6.173873901 -12.156160355 2.343721255 0.103353816 3.040407058
199 9.858215332 -6.068092346 -12.208475113 -2.352349825 0.104146931 -3.041265021
200 20.049377441 0.061241150 -14.093141556 3.134587295 0.926499159 3.136067236
201 5.580184937 -0.000015259 0.000030518 0.105538143 0.701933454 0.124378309
202 6.841278076 -0.000007629 -0.000038147 0.026016724 -0.220331245 0.032558881
203 6.916412354 -0.000009537 0.000007629 -0.284057675 0.169796178 -0.000010178
204 24.600067139 -1.878257751 -11.667314529 -2.002800253 -0.732025296 -0.963281651
205 24.600067139 -1.878257751 -11.667314529 -1.536345236 -0.230748013 -1.702389711
206 24.600067139 -1.878257751 -11.667314529 -1.665549243 0.097947933 -2.370679697
207 24.599960327 1.980178833 -11.650854111 2.009399481 -0.739004495 0.958897021
208 24.599960327 1.980178833 -11.650854111 1.535182712 -0.239155086 1.702686470
209 24.599960327 1.980178833 -11.650854111 1.659403831 0.091981346 2.370144970
210 7.570648193 3.876312256 6.930494308 -2.049238070 1.047095500 -0.535595520
211 7.418060303 -3.974502563 7.604156494 1.014907748 -1.024031318 -2.618339091
212 -86.807075500 0.000003206 0.000005000 0.000000000 0.000000000 0.000244115
213 0.000000000 -0.000000000 0.000000000 0.000000000 0.000000000 0.000244115
214 0.000000000 -0.000000000 0.000000000 0.000000000 0.000000000 0.000244115
215 0.000000000 -0.000000000 0.000000000 0.000000000 0.000000000 0.000244115
216 0.000000000 -0.000000000 0.000000000 0.000000000 0.000000000 0.000244115
217 0.000000000 -0.000000000 0.000000000 0.000000000 0.000000000 0.000244115
218 0.000000000 -0.000000000 0.000000000 0.000000000 0.000000000 0.000244115
219 0.000000000 -0.000000000 0.000000000 0.000000000 0.000000000 0.000244115
220 0.000000000 -0.000000000 0.000000000 0.000000000 0.000000000 0.000244115
221 0.000000000 -0.000000000 0.000000000 0.000000000 0.000000000 0.000244115
222 0.000000000 -0.000000000 0.000000000 0.000000000 0.000000000 0.000244115
223 0.000000000 -0.000000000 0.000000000 0.000000000 0.000000000 0.000244115
time 22
0 0.000000670 -15.329479218 0.000005000 -2.882137954 -1.547749630 1.617981768
1 88.476783752 -0.000055313 -0.000013590 3.141592654 -0.000000000 3.141592654
2 -43.495719910 -0.000049591 4.662870407 0.235057213 0.059475152 -3.136568165
3 9.507705688 0.000003815 -0.000020981 -0.261584927 -0.272483947 -0.062556297
4 23.267868042 2.189132690 -3.705406189 1.456154893 -0.000364046 1.571112984
5 11.648437500 0.000000954 0.000061035 0.390026543 -0.558887968 0.977898497
6 29.776115417 -0.000017166 -0.000152588 -0.470563086 0.083043279 0.151208107
7 25.612224579 -0.000019073 0.000091553 1.410283034 0.558586193 -0.215981782
8 8.674346924 -1.907180786 -2.936538696 -0.551336544 -0.109697996 1.608018152
9 0.000000000 -0.000000000 0.000000000 0.000000000 0.000000000 0.000244115
10 -43.495719910 -0.000049591 4.662870407 0.000000000 0.000000000 0.000000000
11 21.580337524 10.273413658 -4.495086670 0.017245702 -0.147874130 0.014908771
12 45.674194336 -0.000015259 0.000013351 -3.140093970 0.325380240 0.000071052
13 55.039112091 0.000005722 -0.000008106 -3.088301778 1.239846351 0.050134983
14 21.580284119 -10.273576736 -4.495073318 0.214388375 -0.077999324 -0.115746223
15 45.674217224 0.000030518 -0.000011444 -3.141297078 0.808441039 0.000032558
16 55.039123535 -0.000038147 -0.000038147 3.102597511 1.141037797 -0.034871996
17 0.161666870 -1.532186508 -10.638456345 2.956990494 0.526752650 -0.151013429
18 14.463714600 -0.000007629 0.000000000 -0.081047097 0.098843631 0.122873034
19 20.708938599 -0.000022888 -0.000038147 0.145378607 0.455741017 0.557336762
20 20.709037781 -0.000005722 0.000030518 0.047915443 -0.225576819 -0.062351172
21 20.709545135 -0.000009537 0.000030518 0.082831653 -0.154984765 0.012887985
22 0.118850708 -3.636028290 -10.382867813 2.434484465 0.425713324 -0.445235796
23 14.125000000 -0.000020981 -0.000015259 -0.035357820 0.066164596 0.134633092
24 20.265319824 -0.000019073 0.000000000 0.122277184 0.275493499 0.662088322
25 20.265319824 0.000000000 0.000015259 0.059014511 -0.128796444 -0.065515011
26 20.265625000 -0.000022888 -0.000003815 0.123441198 -0.110923635 0.012539870
27 0.430816650 -8.824714661 -7.827322006 2.282323870 0.372581612 -0.530156543
28 12.544494629 0.000007629 -0.000015259 -0.226312762 0.088937254 0.286364603
29 19.343734741 -0.000030518 -0.000045776 0.076256684 0.115769158 0.665315121
30 19.343750000 -0.000015259 -0.000012398 0.063575393 -0.072789907 -0.042156748
31 19.343750000 -0.000015259 0.000002861 0.093342565 -0.103909232 0.054682139
32 -0.019638062 -12.396471024 -3.323648453 2.008620014 0.143381469 -0.543463158
33 11.042053223 0.000005722 -0.000015259 -0.280019281 -0.016154575 0.312987514
34 19.073436737 -0.000005722 -0.000038147 0.036229175 -0.004883923 0.590502077
35 19.073341370 -0.000015259 -0.000011444 0.062232167 -0.051760541 -0.038328197
36 19.073867798 -0.000007629 0.000007629 -0.027780791 -0.121876130 0.149460383
37 0.143417358 -12.177965164 2.328493118 1.518810137 -0.161343062 -0.494035262
38 10.827308655 0.000007629 -0.000030518 -0.131549432 -0.109362908 0.202705545
39 18.731544495 0.000003815 0.000000000 0.002775542 -0.116072960 0.479001639
40 18.731609344 -0.000022888 -0.000007629 0.051451005 -0.039700942 -0.055091088
41 18.732189178 -0.000022888 0.000003815 -0.175404907 -0.195814121 0.242546335
42 0.706604004 -9.159467697 6.887685776 0.979654380 -0.265100170 -0.190766461
43 10.843429565 -0.000005722 -0.000015259 -0.069004954 -0.288914202 0.137551559
44 18.864486694 0.000009537 -0.000022888 -0.017293061 -0.238296717 0.332803310
45 18.864482880 -0.000022888 0.000007629 0.033693118 -0.007663959 -0.088732301
46 18.864944458 -0.000015259 -0.000007629 -0.285204721 -0.282617522 0.289021106
47 0.843048096 -2.753784180 9.486446381 0.706399089 -0.191889080 -0.034259716
48 10.832725525 0.000007629 0.000007629 -0.364999828 -0.321717952 0.221549338
49 19.399490356 0.000003815 -0.000045776 -0.005149572 -0.341841525 0.125264009
50 19.399677277 -0.000007629 -0.000015259 0.008054988 0.075447002 -0.086620534
51 19.400068283 -0.000030518 -0.000015259 -0.179936730 -0.428399075 0.185958615
52 0.161682129 1.532159805 -10.638368607 -3.013842378 0.543413680 0.027915022
53 14.463706970 -0.000007629 -0.000015259 0.104403894 0.089976443 -0.015888168
54 20.708992004 -0.000017166 -0.000003815 0.081878007 0.610584924 0.269052536
55 20.709014893 0.000009537 0.000019073 0.013452082 -0.343754179 0.030519875
56 20.709590912 -0.000006676 -0.000007629 -0.064421769 -0.144651026 0.083224303
57 0.118804932 3.636004448 -10.383043289 -2.469501322 0.494057419 0.352816628
58 14.125000000 -0.000015259 -0.000015259 0.054307670 0.064149439 -0.027718143
59 20.265319824 0.000003815 -0.000015259 -0.046347270 0.588183853 -0.090376681
60 20.265342712 0.000013351 -0.000003815 -0.046471863 -0.388430290 0.199672299
61 20.265625000 0.000001907 0.000007629 -0.105205472 -0.089332292 0.085107503
62 0.430816650 8.824708939 -7.827398300 -2.307420255 0.452967450 0.452620192
63 12.544555664 0.000015259 -0.000015259 0.245184585 0.067840966 -0.182236525
64 19.343750000 -0.000017166 -0.000007629 -0.109905480 0.410670981 -0.388460541
65 19.343750000 0.000003815 -0.000015259 -0.080000489 -0.274920876 0.339927883
66 19.343750000 0.000011444 -0.000038147 -0.082675344 -0.079576628 0.044623398
67 -0.019577026 12.396468163 -3.323724747 -2.011439473 0.240529451 0.496970188
68 11.042060852 -0.000007629 0.000000000 0.285536427 -0.042143309 -0.210604091
69 19.073402405 -0.000001907 -0.000045776 -0.073952132 0.181247278 -0.484905164
70 19.073368073 0.000007629 -0.000030518 -0.069473832 -0.118029167 0.343592110
71 19.073940277 0.000005722 -0.000030518 0.024702754 -0.107571286 -0.047670449
72 0.143478394 12.177964211 2.328407288 -1.513386731 -0.054237607 0.499916606
73 10.827339172 -0.000015259 0.000007629 0.124171125 -0.120014946 -0.095783260
74 18.731567383 0.000010490 -0.000007629 -0.020632191 -0.005024187 -0.461451044
75 18.731578827 -0.000010014 -0.000068665 -0.051110192 0.006647823 0.282079390
76 18.732147217 0.000002861 0.000030518 0.151081217 -0.198904426 -0.136094813
77 0.706604004 9.159472466 6.887771606 -0.986945522 -0.175781400 0.251635302
78 10.843391418 0.000004768 0.000003815 0.038460992 -0.293620479 -0.024626197
79 18.864517212 -0.000007629 -0.000038147 0.020013540 -0.171293701 -0.364467087
80 18.864459991 -0.000005722 -0.000007629 -0.034707541 0.103691115 0.194139059
81 18.865047455 -0.000015259 -0.000038147 0.240280501 -0.303775304 -0.175747099
82 0.842971802 2.753786087 9.486438751 -0.713310361 -0.121941749 0.116538659
83 10.832771301 -0.000001907 0.000015259 0.329574558 -0.358807636 -0.112837668
84 19.399612427 0.000003815 -0.000038147 0.030895151 -0.325106269 -0.194218361
85 19.399597168 -0.000022888 -0.000015259 -0.023502391 0.154746023 0.065551137
86 19.400173187 -0.000011444 -0.000015259 0.109390654 -0.442391300 -0.056873665
87 23.268264771 -2.187709808 -3.705850601 -1.456154893 0.000364046 -1.570479669
88 11.648437500 -0.000030518 0.000030518 -0.228254753 0.420195340 -0.037153940
89 19.962635040 1.182556152 -0.494796753 2.827724317 1.210077460 -0.137379431
90 25.357295990 1.346595764 -0.632659912 0.359098080 1.137224872 -2.771245036
91 10.585937500 0.000007629 -0.000022888 -0.623342345 0.227380332 0.017522868
92 29.775835037 0.000000000 -0.000091553 -0.044312721 -0.001394903 -0.684260684
93 22.736808777 -0.004570007 -0.007400513 -0.403634162 -0.194474916 -2.864551704
94 0.073730469 -0.706542969 -0.275878906 -2.349368401 0.948480905 -0.395703477
95 13.120170593 0.000022888 0.000022888 -1.112916093 -0.238585890 -0.769272650
96 12.350074768 -0.000015259 -0.000015259 -1.244674685 0.370337500 -0.820955432
97 15.541244507 -0.000045776 -0.000007629 -0.409669091 0.515251263 -0.038619334
98 14.906250000 -0.000015259 0.000003815 -0.330887545 -0.285759424 0.263938239
99 14.182762146 -0.000030518 -0.000015259 -0.283436883 0.565158333 0.005035658
100 6.140625000 -0.523925781 -0.378906250 -0.552365988 0.894343610 -0.116529193
101 11.348442078 0.000007629 -0.000038147 -2.827459468 -0.608380637 0.316506846
102 12.005210876 -0.000015259 -0.000030518 -0.709744920 0.189836183 -0.725737379
103 15.865591049 -0.000022888 0.000007629 -0.630771918 0.389307446 -0.248881025
104 14.851562500 -0.000015259 0.000007629 -0.602971193 0.548619168 -0.005326657
105 12.538974762 -0.414978027 -0.272300720 -0.049442298 0.874950706 0.189727759
106 10.619346619 0.000000000 0.000007629 2.962317040 -0.344267562 0.401625494
107 12.043018341 -0.000015259 0.000030518 -0.387667671 0.313257618 -0.525506443
108 15.310400009 -0.000015259 -0.000015259 -0.421142219 0.518417852 -0.022033187
109 19.857913971 0.000007629 0.000000000 0.275627837 0.908185290 0.578533468
110 10.617187500 0.000015259 0.000022888 -0.443783761 -0.332833425 0.311120295
111 11.091686249 0.000007629 -0.000030518 -2.957031938 -0.407219133 -0.279420241
112 25.612260818 0.000007629 -0.000152588 -0.952077214 -0.199340542 0.082461341
113 0.732421875 0.378173828 -0.043365479 -0.298448110 -0.042506783 0.541930270
114 9.421440125 0.000015259 -0.000022888 0.376985193 0.989139988 -0.158374132
115 3.208984375 -0.000007629 -0.000007629 -0.000900778 0.927088290 0.001093729
116 2.421096802 0.000022888 0.000019073 -0.050443158 0.688441461 -0.044503315
117 0.783203125 0.134643555 -0.023910522 -0.156336213 -0.123510422 0.279151765
118 9.940933228 -0.000007629 -0.000007629 0.161817679 0.963323119 -0.082617437
119 3.403709412 -0.000007629 -0.000015259 -0.009001117 0.689879404 -0.004885124
120 2.546600342 0.000007629 0.000000000 -0.042829088 0.678048449 -0.013732072
121 0.805175781 0.000000000 0.000000000 -0.007963538 -0.147251916 0.014089588
122 9.898437500 0.000000000 0.000038147 -0.011887432 0.857189831 0.004722858
123 3.537029266 0.000000000 -0.000030518 0.015666009 0.561720338 0.009460674
124 2.507812500 -0.000007629 0.000007629 0.001414853 0.592390064 0.014690864
125 0.821777344 -0.246826172 -0.028747559 0.155124828 -0.087466036 -0.272238366
126 9.687484741 -0.000026703 0.000015259 -0.214202260 0.792087249 0.164834178
127 3.679679871 0.000000000 0.000015259 -0.003198186 0.592472491 -0.001607877
128 2.700599670 0.000000000 -0.000015259 0.031346709 0.636686851 0.032782188
129 0.519042969 -0.395996094 -0.161987305 0.477878787 0.316754060 -0.763355711
130 6.753906250 -0.000005722 -0.000045776 -0.536221635 0.681769393 0.000560917
131 4.462627411 -0.000034332 0.000000000 -0.078001298 0.008849486 0.122395973
132 22.736743927 0.004549980 -0.007263184 0.432462734 0.034269800 -2.860181132
133 0.073730469 0.706542969 -0.276367188 -0.772106596 0.313444708 -2.371665628
134 13.119304657 0.000015259 -0.000015259 0.848659749 -0.434326133 -0.098576062
135 12.350997925 0.000015259 -0.000015259 0.361587003 0.160484084 0.094454534
136 15.540859222 0.000000000 0.000030518 -0.294822790 0.549243582 -0.064055807
137 14.906250000 -0.000011444 -0.000015259 -0.120503534 0.916977432 0.344877479
138 14.182880402 -0.000003815 0.000030518 0.072061208 0.318276082 -0.055711903
139 6.140625000 0.523925781 -0.378662109 -2.188454275 0.299350832 -2.320915905
140 11.348976135 0.000007629 0.000015259 2.204405056 0.085701118 -0.400399217
141 12.004642487 0.000000000 -0.000030518 -0.119866282 0.126289599 0.118389055
142 15.865940094 -0.000001907 -0.000015259 -0.070800476 0.484478232 0.243192390
143 14.851562500 -0.000002861 0.000000000 0.324395426 0.324892890 -0.109314242
144 12.539043427 0.414962769 -0.272758484 -2.350879356 0.364192798 -2.329161806
145 10.619075775 -0.000001907 -0.000030518 2.731315783 0.198332694 -0.375483028
146 12.043624878 -0.000003815 -0.000015259 -0.460633312 0.199021080 0.062714903
147 15.309879303 0.000001907 0.000015259 0.075215269 0.306430972 -0.098559481
148 19.857963562 -0.000022888 0.000038147 -2.329282483 0.409607111 -2.368338094
149 10.618190765 0.000000000 0.000000000 0.019357183 0.131061258 -0.217333921
150 11.091796875 0.000007629 -0.000015259 2.468129769 -0.123655961 -0.010535127
151 0.732421875 -0.378417969 -0.043029785 0.298829922 -0.043211786 -0.541974052
152 9.421363831 -0.000030518 0.000007629 -0.470241755 1.108872100 0.050969701
153 3.208984375 0.000015259 0.000000000 0.000857873 1.057455893 -0.001098300
154 2.421054840 0.000000000 -0.000034332 0.043174526 0.819359608 0.045011662
155 0.783203125 -0.134643555 -0.023712158 0.156625597 -0.124254089 -0.279237635
156 9.941059113 0.000000000 -0.000030518 -0.258870176 1.208138449 -0.026394740
157 3.403701782 0.000000000 0.000030518 -0.009093961 0.939657871 -0.001132441
158 2.546592712 0.000000000 -0.000034332 0.050622334 0.928087349 0.026112669
159 0.805175781 0.000000000 0.000000000 0.007970885 -0.148203970 -0.014094421
160 9.898437500 -0.000015259 0.000015259 0.008520768 1.208195160 -0.016983373
161 3.537109375 -0.000030518 0.000015259 -0.000193491 0.912542382 0.000193491
162 2.507812500 -0.000030518 0.000007629 0.000320821 0.943623568 -0.000320821
163 0.821777344 0.246826172 -0.027450562 -0.155297577 -0.088051341 0.272296809
164 9.687324524 0.000015259 -0.000053406 0.342851519 1.121789534 -0.008737843
165 3.679656982 0.000000000 0.000030518 -0.002974323 0.934332562 -0.000146806
166 2.700630188 0.000000000 -0.000015259 -0.032371169 0.978263485 -0.042071145
167 0.519531250 0.395996094 -0.161743164 -0.478495596 0.316187846 0.763124936
168 6.753906250 -0.000007629 -0.000030518 0.300769486 0.115172368 -0.360966190
169 4.462749481 0.000000000 0.000030518 0.078557963 0.005930337 -0.087042230
170 86.264892578 0.000053406 0.000061035 1.372633868 0.795789853 1.450838519
171 2.875000000 0.000007629 -0.000030518 -0.014834830 0.344256228 -0.176448466
172 8.134368896 0.000000000 0.000000000 0.061224578 -0.158172514 -0.032662044
173 8.134399414 0.000000000 0.000000000 0.053178747 -0.022692158 0.015544619
174 8.134391785 0.000000000 0.000000000 0.044725760 0.018653519 0.019153734
175 8.134384155 0.000000000 0.000000000 -0.021297984 0.044986594 0.008932313
176 8.134384155 -0.000030518 -0.000045776 -0.018838429 0.048269402 -0.036290158
177 8.134384155 -0.000045776 -0.000030518 -0.025107995 0.058524604 -0.095680829
178 8.134399414 0.000000000 0.000000000 -0.042263418 0.077842729 -0.157065795
179 8.132812500 -0.000015259 -0.000030518 -0.068334582 0.178608529 0.127167520
180 86.264892578 0.000053406 0.000061035 -1.262487959 1.452510365 -1.257229503
181 2.875000000 0.000015259 0.000000000 0.197555810 0.250893704 0.523086624
182 8.134414673 0.000000000 0.000000000 -0.085073308 -0.153254060 0.155275216
183 8.134384155 0.000000000 0.000000000 -0.081543940 -0.015807819 0.055250931
184 8.134429932 0.000000000 -0.000038147 -0.075938422 0.024480942 0.032675514
185 8.134384155 -0.000015259 -0.000011444 -0.285033348 0.050870384 -0.035738339
186 8.134384155 0.000015259 0.000026703 -0.252131647 0.062463135 -0.044916909
187 8.134368896 0.000000000 -0.000015259 -0.223232596 0.090958454 -0.053939089
188 8.134399414 0.000000000 0.000015259 -0.178294183 0.147582135 -0.071617328
189 8.132812500 0.000000000 0.000015259 -0.260945607 0.229749111 -0.175072315
190 25.357345581 -1.346612930 -0.631881714 -2.335400060 0.811060391 0.814210560
191 10.586948395 0.000007629 -0.000045776 0.640407028 0.095145454 -0.118404166
192 19.962787628 -1.182558060 -0.493774414 -2.827724317 1.210077460 0.137379431
193 26.542861938 -0.000034332 5.258386612 -0.000098679 -0.575889304 -3.141563427
194 5.210937500 0.000003815 0.000015259 0.015805226 -0.084389127 0.014452198
195 11.580818176 0.000015259 -0.000030518 0.000000000 0.373150501 0.000000000
196 30.590713501 -0.110137939 0.305744171 -0.264396569 -0.006026889 0.089649096
197 7.470626831 0.014289856 0.148300171 -0.194378177 0.324199679 -0.012817939
198 9.858001709 6.173873901 -12.156160355 2.343721255 0.103353816 3.040407058
199 9.858215332 -6.068092346 -12.208475113 -2.352349825 0.104146931 -3.041265021
200 20.049377441 0.061241150 -14.093141556 3.134587295 0.926499159 3.136067236
201 5.580184937 -0.000015259 0.000030518 0.074586672 0.752604994 0.067002838
202 6.841278076 -0.000007629 -0.000038147 0.029897943 -0.082814587 0.039631452
203 6.916412354 -0.000009537 0.000007629 -0.284057675 0.169796178 -0.000010178
204 24.600067139 -1.878257751 -11.667314529 -2.002800253 -0.732025296 -0.963281651
205 24.600067139 -1.878257751 -11.667314529 -1.536345236 -0.230748013 -1.702389711
206 24.600067139 -1.878257751 -11.667314529 -1.665549243 0.097947933 -2.370679697
207 24.599960327 1.980178833 -11.650854111 2.009399481 -0.739004495 0.958897021
208 24.599960327 1.980178833 -11.650854111 1.535182712 -0.239155086 1.702686470
209 24.599960327 1.980178833 -11.650854111 1.659403831 0.091981346 2.370144970
210 7.570648193 3.876312256 6.930494308 -2.049238070 1.047095500 -0.535595520
211 7.418060303 -3.974502563 7.604156494 1.014907748 -1.024031318 -2.618339091
212 -86.807075500 0.000003206 0.000005000 0.000000000 0.000000000 0.000244115
213 0.000000000 -0.000000000 0.000000000 0.000000000 0.000000000 0.000244115
214 0.000000000 -0.000000000 0.000000000 0.000000000 0.000000000 0.000244115
215 0.000000000 -0.000000000 0.000000000 0.000000000 0.000000000 0.000244115
216 0.000000000 -0.000000000 0.000000000 0.000000000 0.000000000 0.000244115
217 0.000000000 -0.000000000 0.000000000 0.000000000 0.000000000 0.000244115
218 0.000000000 -0.000000000 0.000000000 0.000000000 0.000000000 0.000244115
219 0.000000000 -0.000000000 0.000000000 0.000000000 0.000000000 0.000244115
220 0.000000000 -0.000000000 0.000000000 0.000000000 0.000000000 0.000244115
221 0.000000000 -0.000000000 0.000000000 0.000000000 0.000000000 0.000244115
222 0.000000000 -0.000000000 0.000000000 0.000000000 0.000000000 0.000244115
223 0.000000000 -0.000000000 0.000000000 0.000000000 0.000000000 0.000244115
time 23
0 0.000000545 -12.470170975 0.000005000 -2.908691880 -1.518729648 1.608772935
1 88.476783752 -0.000055313 -0.000013590 3.141592654 0.000000000 3.141592654
2 -43.495719910 -0.000049591 4.662870407 0.191152250 0.055542789 -3.137480948
3 9.507705688 0.000003815 -0.000020981 -0.344047742 -0.289264745 -0.066471892
4 23.267868042 2.189132690 -3.705406189 1.456154893 -0.000364046 1.571112984
5 11.648437500 0.000000954 0.000061035 0.339104289 -0.608767122 0.822795926
6 29.776115417 -0.000017166 -0.000152588 -0.446434054 0.075725473 0.136805844
7 25.612224579 -0.000019073 0.000091553 1.443031029 0.574203025 -0.219221899
8 8.674346924 -1.907180786 -2.936538696 -0.551336544 -0.109697996 1.608018152
9 0.000000000 -0.000000000 0.000000000 0.000000000 0.000000000 0.000244115
10 -43.495719910 -0.000049591 4.662870407 0.000000000 0.000000000 0.000000000
11 21.580337524 10.273413658 -4.495086670 0.013791936 -0.128046717 0.016934184
12 45.674194336 -0.000015259 0.000013351 -3.140090971 0.288084648 0.000130594
13 55.039112091 0.000005722 -0.000008106 -3.091078245 1.221476289 0.047167594
14 21.580284119 -10.273576736 -4.495073318 0.177957134 -0.157763616 -0.099057706
15 45.674217224 0.000030518 -0.000011444 -3.141297078 0.808441039 0.000032558
16 55.039123535 -0.000038147 -0.000038147 3.102597511 1.141037797 -0.034871996
17 0.161666870 -1.532186508 -10.638456345 2.956990494 0.526752650 -0.151013429
18 14.463714600 -0.000007629 0.000000000 -0.081047097 0.098843631 0.122873034
19 20.708938599 -0.000022888 -0.000038147 0.172764963 0.512983864 0.599240250
20 20.709037781 -0.000005722 0.000030518 0.034802700 -0.095153215 0.042424429
21 20.709545135 -0.000009537 0.000030518 0.082831653 -0.154984765 0.012887985
22 0.118850708 -3.636028290 -10.382867813 2.434484465 0.425713324 -0.445235796
23 14.125000000 -0.000020981 -0.000015259 -0.035357820 0.066164596 0.134633092
24 20.265319824 -0.000019073 0.000000000 0.142822145 0.316472493 0.708447928
25 20.265319824 0.000000000 0.000015259 0.048709733 -0.034557325 0.060393542
26 20.265625000 -0.000022888 -0.000003815 0.123441198 -0.110923635 0.012539870
27 0.430816650 -8.824714661 -7.827322006 2.282323870 0.372581612 -0.530156543
28 12.544494629 0.000007629 -0.000015259 -0.226312762 0.088937254 0.286364603
29 19.343734741 -0.000030518 -0.000045776 0.087701187 0.144983573 0.709079062
30 19.343750000 -0.000015259 -0.000012398 0.055876655 -0.013126048 0.083073712
31 19.343750000 -0.000015259 0.000002861 0.093342565 -0.103909232 0.054682139
32 -0.019638062 -12.396471024 -3.323648453 2.008620014 0.143381469 -0.543463158
33 11.042053223 0.000005722 -0.000015259 -0.280019281 -0.016154575 0.312987514
34 19.073436737 -0.000005722 -0.000038147 0.040876759 0.016705977 0.631627012
35 19.073341370 -0.000015259 -0.000011444 0.054881939 -0.017484170 0.076565621
36 19.073867798 -0.000007629 0.000007629 -0.027780791 -0.121876130 0.149460383
37 0.143417358 -12.177965164 2.328493118 1.518810137 -0.161343062 -0.494035262
38 10.827308655 0.000007629 -0.000030518 -0.131549432 -0.109362908 0.202705545
39 18.731544495 0.000003815 0.000000000 0.002015524 -0.101301750 0.518016803
40 18.731609344 -0.000022888 -0.000007629 0.044284784 -0.029145023 0.048577319
41 18.732189178 -0.000022888 0.000003815 -0.175404907 -0.195814121 0.242546335
42 0.706604004 -9.159467697 6.887685776 0.979654380 -0.265100170 -0.190766461
43 10.843429565 -0.000005722 -0.000015259 -0.069004954 -0.288914202 0.137551559
44 18.864486694 0.000009537 -0.000022888 -0.023079298 -0.234422201 0.370453621
45 18.864482880 -0.000022888 0.000007629 0.029142830 -0.030509287 0.002404458
46 18.864944458 -0.000015259 -0.000007629 -0.285204721 -0.282617522 0.289021106
47 0.843048096 -2.753784180 9.486446381 0.706399089 -0.191889080 -0.034259716
48 10.832725525 0.000007629 0.000007629 -0.364999828 -0.321717952 0.221549338
49 19.399490356 0.000003815 -0.000045776 -0.012637295 -0.355800754 0.156078747
50 19.399677277 -0.000007629 -0.000015259 0.010087848 0.006793756 -0.029056043
51 19.400068283 -0.000030518 -0.000015259 -0.179936730 -0.428399075 0.185958615
52 0.161682129 1.532159805 -10.638368607 -3.013842378 0.543413680 0.027915022
53 14.463706970 -0.000007629 -0.000015259 0.104403894 0.089976443 -0.015888168
54 20.708992004 -0.000017166 -0.000003815 0.095864507 0.685410551 0.279782697
55 20.709014893 0.000009537 0.000019073 0.008682881 -0.190510427 0.079833159
56 20.709590912 -0.000006676 -0.000007629 -0.064421769 -0.144651026 0.083224303
57 0.118804932 3.636004448 -10.383043289 -2.469501322 0.494057419 0.352816628
58 14.125000000 -0.000015259 -0.000015259 0.054307670 0.064149439 -0.027718143
59 20.265319824 0.000003815 -0.000015259 -0.063640627 0.659097496 -0.129793729
60 20.265342712 0.000013351 -0.000003815 -0.031517544 -0.253712529 0.184933936
61 20.265625000 0.000001907 0.000007629 -0.105205472 -0.089332292 0.085107503
62 0.430816650 8.824708939 -7.827398300 -2.307420255 0.452967450 0.452620192
63 12.544555664 0.000015259 -0.000015259 0.245184585 0.067840966 -0.182236525
64 19.343750000 -0.000017166 -0.000007629 -0.131432840 0.448611227 -0.449892467
65 19.343750000 0.000003815 -0.000015259 -0.054071056 -0.173949776 0.255081900
66 19.343750000 0.000011444 -0.000038147 -0.082675344 -0.079576628 0.044623398
67 -0.019577026 12.396468163 -3.323724747 -2.011439473 0.240529451 0.496970188
68 11.042060852 -0.000007629 0.000000000 0.285536427 -0.042143309 -0.210604091
69 19.073402405 -0.000001907 -0.000045776 -0.080266792 0.191643009 -0.535839492
70 19.073368073 0.000007629 -0.000030518 -0.053587868 -0.066389914 0.223057470
71 19.073940277 0.000005722 -0.000030518 0.024702754 -0.107571286 -0.047670449
72 0.143478394 12.177964211 2.328407288 -1.513386731 -0.054237607 0.499916606
73 10.827339172 -0.000015259 0.000007629 0.124171125 -0.120014946 -0.095783260
74 18.731567383 0.000010490 -0.000007629 -0.017041020 -0.012160478 -0.496943338
75 18.731578827 -0.000010014 -0.000068665 -0.046939893 0.007603620 0.157557580
76 18.732147217 0.000002861 0.000030518 0.151081217 -0.198904426 -0.136094813
77 0.706604004 9.159472466 6.887771606 -0.986945522 -0.175781400 0.251635302
78 10.843391418 0.000004768 0.000003815 0.038460992 -0.293620479 -0.024626197
79 18.864517212 -0.000007629 -0.000038147 0.027012670 -0.191262317 -0.384573047
80 18.864459991 -0.000005722 -0.000007629 -0.037133250 0.052876272 0.096299665
81 18.865047455 -0.000015259 -0.000038147 0.240280501 -0.303775304 -0.175747099
82 0.842971802 2.753786087 9.486438751 -0.713310361 -0.121941749 0.116538659
83 10.832771301 -0.000001907 0.000015259 0.329574558 -0.358807636 -0.112837668
84 19.399612427 0.000003815 -0.000038147 0.034221349 -0.352958661 -0.193774410
85 19.399597168 -0.000022888 -0.000015259 -0.023912680 0.064135881 0.027303168
86 19.400173187 -0.000011444 -0.000015259 0.109390654 -0.442391300 -0.056873665
87 23.268264771 -2.187709808 -3.705850601 -1.456154893 0.000364046 -1.570479669
88 11.648437500 -0.000030518 0.000030518 -0.320915791 0.408705658 -0.035911264
89 19.962635040 1.182556152 -0.494796753 2.827724317 1.210077460 -0.137379431
90 25.357295990 1.346595764 -0.632659912 0.520119689 1.175290945 -2.616991054
91 10.585937500 0.000007629 -0.000022888 -0.623342345 0.227380332 0.017522868
92 29.775835037 0.000000000 -0.000091553 0.051723472 0.167734988 -0.755991365
93 22.736808777 -0.004570007 -0.007400513 -0.403634162 -0.194474916 -2.864551704
94 0.073730469 -0.706542969 -0.275878906 -2.469893276 0.978180397 -0.518119759
95 13.120170593 0.000022888 0.000022888 -1.134258693 -0.198731763 -0.885710282
96 12.350074768 -0.000015259 -0.000015259 -1.334595485 0.502089584 -0.894166183
97 15.541244507 -0.000045776 -0.000007629 -0.412681773 0.659010189 -0.017336097
98 14.906250000 -0.000015259 0.000003815 -0.345348812 -0.111361085 0.135251201
99 14.182762146 -0.000030518 -0.000015259 -0.283436883 0.565158333 0.005035658
100 6.140625000 -0.523925781 -0.378906250 -0.618680508 0.944157506 -0.187341975
101 11.348442078 0.000007629 -0.000038147 -2.913398013 -0.751463341 0.374360374
102 12.005210876 -0.000015259 -0.000030518 -0.785503720 0.298142313 -0.809560647
103 15.865591049 -0.000022888 0.000007629 -0.692605356 0.471005266 -0.346611293
104 14.851562500 -0.000015259 0.000007629 -0.602971193 0.548619168 -0.005326657
105 12.538974762 -0.414978027 -0.272300720 -0.009664188 0.924049530 0.227910397
106 10.619346619 0.000000000 0.000007629 2.877161224 -0.439169262 0.531007500
107 12.043018341 -0.000015259 0.000030518 -0.451274344 0.383983799 -0.605295300
108 15.310400009 -0.000015259 -0.000015259 -0.421142219 0.518417852 -0.022033187
109 19.857913971 0.000007629 0.000000000 0.454905786 0.920014834 0.762084814
110 10.617187500 0.000015259 0.000022888 -0.518362896 -0.398142064 0.455044116
111 11.091686249 0.000007629 -0.000030518 -2.957031938 -0.407219133 -0.279420241
112 25.612260818 0.000007629 -0.000152588 -0.952077214 -0.199340542 0.082461341
113 0.732421875 0.378173828 -0.043365479 -0.298448110 -0.042506783 0.541930270
114 9.421440125 0.000015259 -0.000022888 0.376985193 0.989139988 -0.158374132
115 3.208984375 -0.000007629 -0.000007629 -0.000900778 0.927088290 0.001093729
116 2.421096802 0.000022888 0.000019073 -0.050443158 0.688441461 -0.044503315
117 0.783203125 0.134643555 -0.023910522 -0.156336213 -0.123510422 0.279151765
118 9.940933228 -0.000007629 -0.000007629 0.161817679 0.963323119 -0.082617437
119 3.403709412 -0.000007629 -0.000015259 -0.009001117 0.689879404 -0.004885124
120 2.546600342 0.000007629 0.000000000 -0.042829088 0.678048449 -0.013732072
121 0.805175781 0.000000000 0.000000000 -0.007963538 -0.147251916 0.014089588
122 9.898437500 0.000000000 0.000038147 -0.011887432 0.857189831 0.004722858
123 3.537029266 0.000000000 -0.000030518 0.015666009 0.561720338 0.009460674
124 2.507812500 -0.000007629 0.000007629 0.001414853 0.592390064 0.014690864
125 0.821777344 -0.246826172 -0.028747559 0.155124828 -0.087466036 -0.272238366
126 9.687484741 -0.000026703 0.000015259 -0.214202260 0.792087249 0.164834178
127 3.679679871 0.000000000 0.000015259 -0.003198186 0.592472491 -0.001607877
128 2.700599670 0.000000000 -0.000015259 0.031346709 0.636686851 0.032782188
129 0.519042969 -0.395996094 -0.161987305 0.477878787 0.316754060 -0.763355711
130 6.753906250 -0.000005722 -0.000045776 -0.536221635 0.681769393 0.000560917
131 4.462627411 -0.000034332 0.000000000 -0.078001298 0.008849486 0.122395973
132 22.736743927 0.004549980 -0.007263184 0.453293438 0.020515234 -2.790621249
133 0.073730469 0.706542969 -0.276367188 -0.780661701 0.171027899 -2.357709392
134 13.119304657 0.000015259 -0.000015259 0.881718269 -0.502539609 -0.160921274
135 12.350997925 0.000015259 -0.000015259 0.367664738 -0.021024375 0.102115945
136 15.540859222 0.000000000 0.000030518 -0.258619217 0.231993351 0.000192728
137 14.906250000 -0.000011444 -0.000015259 -0.229792370 0.528527728 0.108718168
138 14.182880402 -0.000003815 0.000030518 0.088808320 0.338152379 -0.059875582
139 6.140625000 0.523925781 -0.378662109 -2.175661866 0.168718505 -2.306183709
140 11.348976135 0.000007629 0.000015259 2.201976841 0.119156858 -0.471524683
141 12.004642487 0.000000000 -0.000030518 -0.116928595 -0.042101851 0.109149459
142 15.865940094 -0.000001907 -0.000015259 -0.114035559 0.209444852 0.115878289
143 14.851562500 -0.000002861 0.000000000 0.338544451 0.345782591 -0.110864603
144 12.539043427 0.414962769 -0.272758484 -2.325306621 0.237388709 -2.311171190
145 10.619075775 -0.000001907 -0.000030518 2.719759016 0.239326665 -0.442632767
146 12.043624878 -0.000003815 -0.000015259 -0.452718028 0.032611536 0.113750693
147 15.309879303 0.000001907 0.000015259 0.088236555 0.327525776 -0.102909468
148 19.857963562 -0.000022888 0.000038147 -2.300889933 0.287312255 -2.348439201
149 10.618190765 0.000000000 0.000000000 0.013479973 0.169654550 -0.294559197
150 11.091796875 0.000007629 -0.000015259 2.513314563 -0.148341917 0.055371699
151 0.732421875 -0.378417969 -0.043029785 0.298829922 -0.043211786 -0.541974052
152 9.421363831 -0.000030518 0.000007629 -0.470241755 1.108872100 0.050969701
153 3.208984375 0.000015259 0.000000000 0.000857873 1.057455893 -0.001098300
154 2.421054840 0.000000000 -0.000034332 0.043174526 0.819359608 0.045011662
155 0.783203125 -0.134643555 -0.023712158 0.156625597 -0.124254089 -0.279237635
156 9.941059113 0.000000000 -0.000030518 -0.258870176 1.208138449 -0.026394740
157 3.403701782 0.000000000 0.000030518 -0.009093961 0.939657871 -0.001132441
158 2.546592712 0.000000000 -0.000034332 0.050622334 0.928087349 0.026112669
159 0.805175781 0.000000000 0.000000000 0.007970885 -0.148203970 -0.014094421
160 9.898437500 -0.000015259 0.000015259 0.008520768 1.208195160 -0.016983373
161 3.537109375 -0.000030518 0.000015259 -0.000193491 0.912542382 0.000193491
162 2.507812500 -0.000030518 0.000007629 0.000320821 0.943623568 -0.000320821
163 0.821777344 0.246826172 -0.027450562 -0.155297577 -0.088051341 0.272296809
164 9.687324524 0.000015259 -0.000053406 0.342851519 1.121789534 -0.008737843
165 3.679656982 0.000000000 0.000030518 -0.002974323 0.934332562 -0.000146806
166 2.700630188 0.000000000 -0.000015259 -0.032371169 0.978263485 -0.042071145
167 0.519531250 0.395996094 -0.161743164 -0.478495596 0.316187846 0.763124936
168 6.753906250 -0.000007629 -0.000030518 0.300769486 0.115172368 -0.360966190
169 4.462749481 0.000000000 0.000030518 0.078557963 0.005930337 -0.087042230
170 86.264892578 0.000053406 0.000061035 1.380087612 0.697381431 1.465521811
171 2.875000000 0.000007629 -0.000030518 0.029778601 0.326823011 -0.119583169
172 8.134368896 0.000000000 0.000000000 0.056502381 -0.169189623 0.012106562
173 8.134399414 0.000000000 0.000000000 0.038731070 -0.031450252 0.041011447
174 8.134391785 0.000000000 0.000000000 0.016563075 0.008046645 0.039603959
175 8.134384155 0.000000000 0.000000000 -0.065356046 0.031691730 0.039303168
176 8.134384155 -0.000030518 -0.000045776 -0.083060874 0.031730418 0.017171666
177 8.134384155 -0.000045776 -0.000030518 -0.112394200 0.039411129 -0.009480905
178 8.134399414 0.000000000 0.000000000 -0.152666491 0.056202688 -0.033918862
179 8.132812500 -0.000015259 -0.000030518 -0.068334582 0.178608529 0.127167520
180 86.264892578 0.000053406 0.000061035 -0.111588286 1.532715914 -0.110062088
181 2.875000000 0.000015259 0.000000000 0.233229214 0.241725917 0.576528006
182 8.134414673 0.000000000 0.000000000 -0.091016813 -0.147374679 0.192053503
183 8.134384155 0.000000000 0.000000000 -0.094183083 -0.018565838 0.073912953
184 8.134429932 0.000000000 -0.000038147 -0.098377433 0.015387519 0.045656244
185 8.134384155 -0.000015259 -0.000011444 -0.320442729 0.035874204 -0.013931018
186 8.134384155 0.000015259 0.000026703 -0.304237001 0.030436994 -0.009382524
187 8.134368896 0.000000000 -0.000015259 -0.294626671 0.030207640 -0.003435534
188 8.134399414 0.000000000 0.000015259 -0.270825653 0.048296547 -0.007452888
189 8.132812500 0.000000000 0.000015259 -0.260945607 0.229749111 -0.175072315
190 25.357345581 -1.346612930 -0.631881714 -2.141259246 0.740823515 1.040687418
191 10.586948395 0.000007629 -0.000045776 0.636904639 0.123418144 -0.096846490
192 19.962787628 -1.182558060 -0.493774414 -2.827724317 1.210077460 0.137379431
193 26.542861938 -0.000034332 5.258386612 -0.000098679 -0.575889304 -3.141563427
194 5.210937500 0.000003815 0.000015259 0.014764372 -0.128266027 0.042217112
195 11.580818176 0.000015259 -0.000030518 0.000000000 0.373150501 0.000000000
196 30.590713501 -0.110137939 0.305744171 -0.173127127 -0.010415356 0.077774517
197 7.470626831 0.014289856 0.148300171 -0.158916352 0.324172012 -0.012879461
198 9.858001709 6.173873901 -12.156160355 2.343721255 0.103353816 3.040407058
199 9.858215332 -6.068092346 -12.208475113 -2.352349825 0.104146931 -3.041265021
200 20.049377441 0.061241150 -14.093141556 3.134587295 0.926499159 3.136067236
201 5.580184937 -0.000015259 0.000030518 0.031616021 0.780014696 -0.001189879
202 6.841278076 -0.000007629 -0.000038147 0.031397997 -0.011841746 0.033829304
203 6.916412354 -0.000009537 0.000007629 -0.284057675 0.169796178 -0.000010178
204 24.600067139 -1.878257751 -11.667314529 -2.002800253 -0.732025296 -0.963281651
205 24.600067139 -1.878257751 -11.667314529 -1.536345236 -0.230748013 -1.702389711
206 24.600067139 -1.878257751 -11.667314529 -1.665549243 0.097947933 -2.370679697
207 24.599960327 1.980178833 -11.650854111 2.009399481 -0.739004495 0.958897021
208 24.599960327 1.980178833 -11.650854111 1.535182712 -0.239155086 1.702686470
209 24.599960327 1.980178833 -11.650854111 1.659403831 0.091981346 2.370144970
210 7.570648193 3.876312256 6.930494308 -2.049238070 1.047095500 -0.535595520
211 7.418060303 -3.974502563 7.604156494 1.014907748 -1.024031318 -2.618339091
212 -86.807075500 0.000003206 0.000005000 0.000000000 0.000000000 0.000244115
213 0.000000000 -0.000000000 0.000000000 0.000000000 0.000000000 0.000244115
214 0.000000000 -0.000000000 0.000000000 0.000000000 0.000000000 0.000244115
215 0.000000000 -0.000000000 0.000000000 0.000000000 0.000000000 0.000244115
216 0.000000000 -0.000000000 0.000000000 0.000000000 0.000000000 0.000244115
217 0.000000000 -0.000000000 0.000000000 0.000000000 0.000000000 0.000244115
218 0.000000000 -0.000000000 0.000000000 0.000000000 0.000000000 0.000244115
219 0.000000000 -0.000000000 0.000000000 0.000000000 0.000000000 0.000244115
220 0.000000000 -0.000000000 0.000000000 0.000000000 0.000000000 0.000244115
221 0.000000000 -0.000000000 0.000000000 0.000000000 0.000000000 0.000244115
222 0.000000000 -0.000000000 0.000000000 0.000000000 0.000000000 0.000244115
223 0.000000000 -0.000000000 0.000000000 0.000000000 0.000000000 0.000244115
time 24
0 0.000000424 -9.700683594 0.000005000 -2.938029842 -1.490578674 1.600616100
1 88.476783752 -0.000055313 -0.000013590 3.141592654 0.000000000 3.141592654
2 -43.495719910 -0.000049591 4.662870407 0.148562104 0.051697902 -3.138350638
3 9.507705688 0.000003815 -0.000020981 -0.423917256 -0.305586419 -0.070370385
4 23.267868042 2.189132690 -3.705406189 1.456154893 -0.000364046 1.571112984
5 11.648437500 0.000000954 0.000061035 0.281944164 -0.659173197 0.656984295
6 29.776115417 -0.000017166 -0.000152588 -0.408491570 0.068466924 0.115997513
7 25.612224579 -0.000019073 0.000091553 1.475901041 0.589842267 -0.222244239
8 8.674346924 -1.907180786 -2.936538696 -0.551336544 -0.109697996 1.608018152
9 0.000000000 -0.000000000 0.000000000 0.000000000 0.000000000 0.000244115
10 -43.495719910 -0.000049591 4.662870407 0.000000000 0.000000000 0.000000000
11 21.580337524 10.273413658 -4.495086670 0.010469283 -0.108831503 0.018880368
12 45.674194336 -0.000015259 0.000013351 -3.140100662 0.251846769 0.000101870
13 55.039112091 0.000005722 -0.000008106 -3.094044515 1.203542829 0.044071743
14 21.580284119 -10.273576736 -4.495073318 0.142680059 -0.235871712 -0.082910125
15 45.674217224 0.000030518 -0.000011444 -3.141297078 0.808441039 0.000032558
16 55.039123535 -0.000038147 -0.000038147 3.102597511 1.141037797 -0.034871996
17 0.161666870 -1.532186508 -10.638456345 2.956990494 0.526752650 -0.151013429
18 14.463714600 -0.000007629 0.000000000 -0.081047097 0.098843631 0.122873034
19 20.708938599 -0.000022888 -0.000038147 0.191115075 0.554330275 0.619016382
20 20.709037781 -0.000005722 0.000030518 0.034426792 0.026865113 0.122446418
21 20.709545135 -0.000009537 0.000030518 0.082831653 -0.154984765 0.012887985
22 0.118850708 -3.636028290 -10.382867813 2.434484465 0.425713324 -0.445235796
23 14.125000000 -0.000020981 -0.000015259 -0.035357820 0.066164596 0.134633092
24 20.265319824 -0.000019073 0.000000000 0.158273180 0.348591383 0.733356219
25 20.265319824 0.000000000 0.000015259 0.049084714 0.048482019 0.155856993
26 20.265625000 -0.000022888 -0.000003815 0.123441198 -0.110923635 0.012539870
27 0.430816650 -8.824714661 -7.827322006 2.282323870 0.372581612 -0.530156543
28 12.544494629 0.000007629 -0.000015259 -0.226312762 0.088937254 0.286364603
29 19.343734741 -0.000030518 -0.000045776 0.097683712 0.169961034 0.734236423
30 19.343750000 -0.000015259 -0.000012398 0.055305844 0.037525475 0.175457202
31 19.343750000 -0.000015259 0.000002861 0.093342565 -0.103909232 0.054682139
32 -0.019638062 -12.396471024 -3.323648453 2.008620014 0.143381469 -0.543463158
33 11.042053223 0.000005722 -0.000015259 -0.280019281 -0.016154575 0.312987514
34 19.073436737 -0.000005722 -0.000038147 0.046230464 0.037149976 0.657032768
35 19.073341370 -0.000015259 -0.000011444 0.052142264 0.011920623 0.160397549
36 19.073867798 -0.000007629 0.000007629 -0.027780791 -0.121876130 0.149460383
37 0.143417358 -12.177965164 2.328493118 1.518810137 -0.161343062 -0.494035262
38 10.827308655 0.000007629 -0.000030518 -0.131549432 -0.109362908 0.202705545
39 18.731544495 0.000003815 0.000000000 0.003369779 -0.084661404 0.544004486
40 18.731609344 -0.000022888 -0.000007629 0.039875133 -0.018050414 0.124219155
41 18.732189178 -0.000022888 0.000003815 -0.175404907 -0.195814121 0.242546335
42 0.706604004 -9.159467697 6.887685776 0.979654380 -0.265100170 -0.190766461
43 10.843429565 -0.000005722 -0.000015259 -0.069004954 -0.288914202 0.137551559
44 18.864486694 0.000009537 -0.000022888 -0.026188459 -0.224183557 0.398164009
45 18.864482880 -0.000022888 0.000007629 0.024528067 -0.044400572 0.070359059
46 18.864944458 -0.000015259 -0.000007629 -0.285204721 -0.282617522 0.289021106
47 0.843048096 -2.753784180 9.486446381 0.706399089 -0.191889080 -0.034259716
48 10.832725525 0.000007629 0.000007629 -0.364999828 -0.321717952 0.221549338
49 19.399490356 0.000003815 -0.000045776 -0.019095261 -0.358104013 0.183355328
50 19.399677277 -0.000007629 -0.000015259 0.008894800 -0.043061797 0.015953764
51 19.400068283 -0.000030518 -0.000015259 -0.179936730 -0.428399075 0.185958615
52 0.161682129 1.532159805 -10.638368607 -3.013842378 0.543413680 0.027915022
53 14.463706970 -0.000007629 -0.000015259 0.104403894 0.089976443 -0.015888168
54 20.708992004 -0.000017166 -0.000003815 0.101253340 0.734661983 0.275454117
55 20.709014893 0.000009537 0.000019073 0.011520689 -0.035480265 0.110788872
56 20.709590912 -0.000006676 -0.000007629 -0.064421769 -0.144651026 0.083224303
57 0.118804932 3.636004448 -10.383043289 -2.469501322 0.494057419 0.352816628
58 14.125000000 -0.000015259 -0.000015259 0.054307670 0.064149439 -0.027718143
59 20.265319824 0.000003815 -0.000015259 -0.080094904 0.700955636 -0.166064236
60 20.265342712 0.000013351 -0.000003815 -0.017176055 -0.104694974 0.153785333
61 20.265625000 0.000001907 0.000007629 -0.105205472 -0.089332292 0.085107503
62 0.430816650 8.824708939 -7.827398300 -2.307420255 0.452967450 0.452620192
63 12.544555664 0.000015259 -0.000015259 0.245184585 0.067840966 -0.182236525
64 19.343750000 -0.000017166 -0.000007629 -0.144949897 0.465756907 -0.490416336
65 19.343750000 0.000003815 -0.000015259 -0.036296001 -0.067450202 0.158685413
66 19.343750000 0.000011444 -0.000038147 -0.082675344 -0.079576628 0.044623398
67 -0.019577026 12.396468163 -3.323724747 -2.011439473 0.240529451 0.496970188
68 11.042060852 -0.000007629 0.000000000 0.285536427 -0.042143309 -0.210604091
69 19.073402405 -0.000001907 -0.000045776 -0.082131026 0.191937704 -0.562449136
70 19.073368073 0.000007629 -0.000030518 -0.044330471 -0.017916330 0.104312663
71 19.073940277 0.000005722 -0.000030518 0.024702754 -0.107571286 -0.047670449
72 0.143478394 12.177964211 2.328407288 -1.513386731 -0.054237607 0.499916606
73 10.827339172 -0.000015259 0.000007629 0.124171125 -0.120014946 -0.095783260
74 18.731567383 0.000010490 -0.000007629 -0.013749410 -0.021514410 -0.510015432
75 18.731578827 -0.000010014 -0.000068665 -0.043362849 0.006418978 0.049078137
76 18.732147217 0.000002861 0.000030518 0.151081217 -0.198904426 -0.136094813
77 0.706604004 9.159472466 6.887771606 -0.986945522 -0.175781400 0.251635302
78 10.843391418 0.000004768 0.000003815 0.038460992 -0.293620479 -0.024626197
79 18.864517212 -0.000007629 -0.000038147 0.030627926 -0.206485583 -0.386342995
80 18.864459991 -0.000005722 -0.000007629 -0.035388393 0.009826758 0.018646606
81 18.865047455 -0.000015259 -0.000038147 0.240280501 -0.303775304 -0.175747099
82 0.842971802 2.753786087 9.486438751 -0.713310361 -0.121941749 0.116538659
83 10.832771301 -0.000001907 0.000015259 0.329574558 -0.358807636 -0.112837668
84 19.399612427 0.000003815 -0.000038147 0.033500965 -0.369068168 -0.182295542
85 19.399597168 -0.000022888 -0.000015259 -0.021839287 -0.007076623 0.000163600
86 19.400173187 -0.000011444 -0.000015259 0.109395722 -0.442479549 -0.056880201
87 23.268264771 -2.187709808 -3.705850601 -1.456154893 0.000364046 -1.570479669
88 11.648437500 -0.000030518 0.000030518 -0.414905744 0.396607766 -0.034105615
89 19.962635040 1.182556152 -0.494796753 2.827724317 1.210077460 -0.137379431
90 25.357295990 1.346595764 -0.632659912 0.769245247 1.248431005 -2.369688316
91 10.585937500 0.000007629 -0.000022888 -0.623342345 0.227380332 0.017522868
92 29.775835037 0.000000000 -0.000091553 0.145349573 0.331540647 -0.826456632
93 22.736808777 -0.004570007 -0.007400513 -0.403634162 -0.194474916 -2.864551704
94 0.073730469 -0.706542969 -0.275878906 -2.646133881 1.004307182 -0.695623512
95 13.120170593 0.000022888 0.000022888 -1.166953193 -0.138219728 -0.996354731
96 12.350074768 -0.000015259 -0.000015259 -1.440333753 0.681360268 -0.952702382
97 15.541244507 -0.000045776 -0.000007629 -0.329962091 0.768112135 0.131212419
98 14.906250000 -0.000015259 0.000003815 -0.335764700 0.061871978 0.136528794
99 14.182762146 -0.000030518 -0.000015259 -0.283436883 0.565158333 0.005035658
100 6.140625000 -0.523925781 -0.378906250 -0.770330015 0.997621829 -0.345007536
101 11.348442078 0.000007629 -0.000038147 -3.031189668 -0.924661460 0.443964265
102 12.005210876 -0.000015259 -0.000030518 -0.890970831 0.470771775 -0.885601256
103 15.865591049 -0.000022888 0.000007629 -0.712446411 0.597304556 -0.344309166
104 14.851562500 -0.000015259 0.000007629 -0.602971193 0.548619168 -0.005326657
105 12.538974762 -0.414978027 -0.272300720 -0.035115201 0.994526803 0.196165543
106 10.619346619 0.000000000 0.000007629 2.729688045 -0.560096835 0.726535999
107 12.043018341 -0.000015259 0.000030518 -0.537055974 0.503921459 -0.678941776
108 15.310400009 -0.000015259 -0.000015259 -0.421142219 0.518417852 -0.022033187
109 19.857913971 0.000007629 0.000000000 0.634593824 0.946770118 0.941901702
110 10.617187500 0.000015259 0.000022888 -0.639079262 -0.469652088 0.666796535
111 11.091686249 0.000007629 -0.000030518 -2.957031938 -0.407219133 -0.279420241
112 25.612260818 0.000007629 -0.000152588 -0.952077214 -0.199340542 0.082461341
113 0.732421875 0.378173828 -0.043365479 -0.298448110 -0.042506783 0.541930270
114 9.421440125 0.000015259 -0.000022888 0.376985193 0.989139988 -0.158374132
115 3.208984375 -0.000007629 -0.000007629 -0.000900778 0.927088290 0.001093729
116 2.421096802 0.000022888 0.000019073 -0.050443158 0.688441461 -0.044503315
117 0.783203125 0.134643555 -0.023910522 -0.156336213 -0.123510422 0.279151765
118 9.940933228 -0.000007629 -0.000007629 0.161817679 0.963323119 -0.082617437
119 3.403709412 -0.000007629 -0.000015259 -0.009001117 0.689879404 -0.004885124
120 2.546600342 0.000007629 0.000000000 -0.042829088 0.678048449 -0.013732072
121 0.805175781 0.000000000 0.000000000 -0.007963538 -0.147251916 0.014089588
122 9.898437500 0.000000000 0.000038147 -0.011887432 0.857189831 0.004722858
123 3.537029266 0.000000000 -0.000030518 0.015666009 0.561720338 0.009460674
124 2.507812500 -0.000007629 0.000007629 0.001414853 0.592390064 0.014690864
125 0.821777344 -0.246826172 -0.028747559 0.155124828 -0.087466036 -0.272238366
126 9.687484741 -0.000026703 0.000015259 -0.214202260 0.792087249 0.164834178
127 3.679679871 0.000000000 0.000015259 -0.003198186 0.592472491 -0.001607877
128 2.700599670 0.000000000 -0.000015259 0.031346709 0.636686851 0.032782188
129 0.519042969 -0.395996094 -0.161987305 0.477878787 0.316754060 -0.763355711
130 6.753906250 -0.000005722 -0.000045776 -0.536221635 0.681769393 0.000560917
131 4.462627411 -0.000034332 0.000000000 -0.078001298 0.008849486 0.122395973
132 22.736743927 0.004549980 -0.007263184 0.473382786 0.007156686 -2.723262881
133 0.073730469 0.706542969 -0.276367188 -0.806371082 0.057797971 -2.362344160
134 13.119304657 0.000015259 -0.000015259 0.909132968 -0.537848386 -0.210963885
135 12.350997925 0.000015259 -0.000015259 0.370042332 -0.119401268 0.109496749
136 15.540859222 0.000000000 0.000030518 -0.252041937 0.056349649 0.059283357
137 14.906250000 -0.000011444 -0.000015259 -0.246467950 0.227145335 0.072975424
138 14.182880402 -0.000003815 0.000030518 0.103988721 0.356152891 -0.063664534
139 6.140625000 0.523925781 -0.378662109 -2.174943277 0.062538731 -2.303320519
140 11.348976135 0.000007629 0.000015259 2.200183665 0.142592850 -0.514628304
141 12.004642487 0.000000000 -0.000030518 -0.115218593 -0.133067151 0.111974431
142 15.865940094 -0.000001907 -0.000015259 -0.125624007 0.039875021 0.077962572
143 14.851562500 -0.000002861 0.000000000 0.351340515 0.364672116 -0.112190649
144 12.539043427 0.414962769 -0.272758484 -2.312825406 0.133133362 -2.304309780
145 10.619075775 -0.000001907 -0.000030518 2.712284895 0.264991362 -0.484485273
146 12.043624878 -0.000003815 -0.000015259 -0.452021075 -0.052130921 0.149690547
147 15.309879303 0.000001907 0.000015259 0.100070194 0.346625271 -0.106868697
148 19.857963562 -0.000022888 0.000038147 -2.285416018 0.185370976 -2.339516331
149 10.618190765 0.000000000 0.000000000 0.008876573 0.194065960 -0.340318884
150 11.091796875 0.000007629 -0.000015259 2.554243801 -0.170606637 0.115143237
151 0.732421875 -0.378417969 -0.043029785 0.298829922 -0.043211786 -0.541974052
152 9.421363831 -0.000030518 0.000007629 -0.470241755 1.108872100 0.050969701
153 3.208984375 0.000015259 0.000000000 0.000857873 1.057455893 -0.001098300
154 2.421054840 0.000000000 -0.000034332 0.043174526 0.819359608 0.045011662
155 0.783203125 -0.134643555 -0.023712158 0.156625597 -0.124254089 -0.279237635
156 9.941059113 0.000000000 -0.000030518 -0.258870176 1.208138449 -0.026394740
157 3.403701782 0.000000000 0.000030518 -0.009093961 0.939657871 -0.001132441
158 2.546592712 0.000000000 -0.000034332 0.050622334 0.928087349 0.026112669
159 0.805175781 0.000000000 0.000000000 0.007970885 -0.148203970 -0.014094421
160 9.898437500 -0.000015259 0.000015259 0.008520768 1.208195160 -0.016983373
161 3.537109375 -0.000030518 0.000015259 -0.000193491 0.912542382 0.000193491
162 2.507812500 -0.000030518 0.000007629 0.000320821 0.943623568 -0.000320821
163 0.821777344 0.246826172 -0.027450562 -0.155297577 -0.088051341 0.272296809
164 9.687324524 0.000015259 -0.000053406 0.342851519 1.121789534 -0.008737843
165 3.679656982 0.000000000 0.000030518 -0.002974323 0.934332562 -0.000146806
166 2.700630188 0.000000000 -0.000015259 -0.032371169 0.978263485 -0.042071145
167 0.519531250 0.395996094 -0.161743164 -0.478495596 0.316187846 0.763124936
168 6.753906250 -0.000007629 -0.000030518 0.300769486 0.115172368 -0.360966190
169 4.462749481 0.000000000 0.000030518 0.078557963 0.005930337 -0.087042230
170 86.264892578 0.000053406 0.000061035 1.385926272 0.623747758 1.481633798
171 2.875000000 0.000007629 -0.000030518 0.052221227 0.318246586 -0.086274153
172 8.134368896 0.000000000 0.000000000 0.054572038 -0.175335594 0.039847013
173 8.134399414 0.000000000 0.000000000 0.039421283 -0.037016455 0.063610792
174 8.134391785 0.000000000 0.000000000 0.023026793 0.001797291 0.061405629
175 8.134384155 0.000000000 0.000000000 -0.047086592 0.024207289 0.063164826
176 8.134384155 -0.000030518 -0.000045776 -0.047084771 0.021141668 0.046910287
177 8.134384155 -0.000045776 -0.000030518 -0.049978794 0.023307834 0.030763582
178 8.134399414 0.000000000 0.000000000 -0.054030621 0.028674574 0.019346653
179 8.132812500 -0.000015259 -0.000030518 -0.068334582 0.178608529 0.127167520
180 86.264892578 0.000053406 0.000061035 1.229438399 1.491374557 1.216427684
181 2.875000000 0.000015259 0.000000000 0.254446213 0.243146350 0.608016925
182 8.134414673 0.000000000 0.000000000 -0.090220642 -0.140623454 0.215924623
183 8.134384155 0.000000000 0.000000000 -0.090638398 -0.017650943 0.093290913
184 8.134429932 0.000000000 -0.000038147 -0.089282720 0.012338284 0.063312579
185 8.134384155 -0.000015259 -0.000011444 -0.302192357 0.028679305 0.004277829
186 8.134384155 0.000015259 0.000026703 -0.273469239 0.014037974 0.009569939
187 8.134368896 0.000000000 -0.000015259 -0.246280175 0.000953844 0.016842342
188 8.134399414 0.000000000 0.000015259 -0.200249437 -0.000501938 0.010547373
189 8.132812500 0.000000000 0.000015259 -0.260945607 0.229749111 -0.175072315
190 25.357345581 -1.346612930 -0.631881714 -2.003462392 0.646174482 1.210022288
191 10.586948395 0.000007629 -0.000045776 0.633672397 0.148988548 -0.077366511
192 19.962787628 -1.182558060 -0.493774414 -2.827724317 1.210077460 0.137379431
193 26.542861938 -0.000034332 5.258386612 -0.000098679 -0.575889304 -3.141563427
194 5.210937500 0.000003815 0.000015259 0.012804190 -0.148526185 0.078181179
195 11.580818176 0.000015259 -0.000030518 0.000000000 0.373150501 0.000000000
196 30.590713501 -0.110137939 0.305744171 -0.052976919 -0.014172015 0.065062323
197 7.470626831 0.014289856 0.148300171 -0.124541888 0.324171257 -0.012854697
198 9.858001709 6.173873901 -12.156160355 2.343721255 0.103353816 3.040407058
199 9.858215332 -6.068092346 -12.208475113 -2.352349825 0.104146931 -3.041265021
200 20.049377441 0.061241150 -14.093141556 3.134587295 0.926499159 3.136067236
201 5.580184937 -0.000015259 0.000030518 -0.022050171 0.794837708 -0.072364499
202 6.841278076 -0.000007629 -0.000038147 0.024478146 0.029531437 0.020649995
203 6.916412354 -0.000009537 0.000007629 -0.284057675 0.169796178 -0.000010178
204 24.600067139 -1.878257751 -11.667314529 -2.002800253 -0.732025296 -0.963281651
205 24.600067139 -1.878257751 -11.667314529 -1.536345236 -0.230748013 -1.702389711
206 24.600067139 -1.878257751 -11.667314529 -1.665549243 0.097947933 -2.370679697
207 24.599960327 1.980178833 -11.650854111 2.009399481 -0.739004495 0.958897021
208 24.599960327 1.980178833 -11.650854111 1.535182712 -0.239155086 1.702686470
209 24.599960327 1.980178833 -11.650854111 1.659403831 0.091981346 2.370144970
210 7.570648193 3.876312256 6.930494308 -2.049238070 1.047095500 -0.535595520
211 7.418060303 -3.974502563 7.604156494 1.014907748 -1.024031318 -2.618339091
212 -86.807075500 0.000003206 0.000005000 0.000000000 0.000000000 0.000244115
213 0.000000000 -0.000000000 0.000000000 0.000000000 0.000000000 0.000244115
214 0.000000000 -0.000000000 0.000000000 0.000000000 0.000000000 0.000244115
215 0.000000000 -0.000000000 0.000000000 0.000000000 0.000000000 0.000244115
216 0.000000000 -0.000000000 0.000000000 0.000000000 0.000000000 0.000244115
217 0.000000000 -0.000000000 0.000000000 0.000000000 0.000000000 0.000244115
218 0.000000000 -0.000000000 0.000000000 0.000000000 0.000000000 0.000244115
219 0.000000000 -0.000000000 0.000000000 0.000000000 0.000000000 0.000244115
220 0.000000000 -0.000000000 0.000000000 0.000000000 0.000000000 0.000244115
221 0.000000000 -0.000000000 0.000000000 0.000000000 0.000000000 0.000244115
222 0.000000000 -0.000000000 0.000000000 0.000000000 0.000000000 0.000244115
223 0.000000000 -0.000000000 0.000000000 0.000000000 0.000000000 0.000244115
time 25
0 0.000000311 -7.110839844 0.000005000 -2.969169559 -1.464202668 1.592986866
1 88.476783752 -0.000055313 -0.000013590 3.141592654 -0.000000000 3.141592654
2 -43.495719910 -0.000049591 4.662870407 0.108814723 0.048112229 -3.139231313
3 9.507705688 0.000003815 -0.000020981 -0.498589501 -0.320790430 -0.073970784
4 23.267868042 2.189132690 -3.705406189 1.456154893 -0.000364046 1.571112984
5 11.648437500 0.000000954 0.000061035 0.222625644 -0.707779095 0.490040942
6 29.776115417 -0.000017166 -0.000152588 -0.358806867 0.060752608 0.091356399
7 25.612224579 -0.000019073 0.000091553 1.508166892 0.604914911 -0.224983376
8 8.674346924 -1.907180786 -2.936538696 -0.551336544 -0.109697996 1.608018152
9 0.000000000 -0.000000000 0.000000000 0.000000000 0.000000000 0.000244115
10 -43.495719910 -0.000049591 4.662870407 0.000000000 0.000000000 0.000000000
11 21.580337524 10.273413658 -4.495086670 0.007343645 -0.090918855 0.020922353
12 45.674194336 -0.000015259 0.000013351 -3.140108226 0.218036154 0.000075641
13 55.039112091 0.000005722 -0.000008106 -3.096588883 1.186859884 0.041397482
14 21.580284119 -10.273576736 -4.495073318 0.109759918 -0.310074128 -0.067747754
15 45.674217224 0.000030518 -0.000011444 -3.141297078 0.808441039 0.000032558
16 55.039123535 -0.000038147 -0.000038147 3.102597511 1.141037797 -0.034871996
17 0.161666870 -1.532186508 -10.638456345 2.956990494 0.526752650 -0.151013429
18 14.463714600 -0.000007629 0.000000000 -0.081047097 0.098843631 0.122873034
19 20.708938599 -0.000022888 -0.000038147 0.199546332 0.581142625 0.619655249
20 20.709037781 -0.000005722 0.000030518 0.041024944 0.131623012 0.180481624
21 20.709545135 -0.000009537 0.000030518 0.082831653 -0.154984765 0.012887985
22 0.118850708 -3.636028290 -10.382867813 2.434484465 0.425713324 -0.445235796
23 14.125000000 -0.000020981 -0.000015259 -0.035357820 0.066164596 0.134633092
24 20.265319824 -0.000019073 0.000000000 0.168126289 0.372540325 0.740951597
25 20.265319824 0.000000000 0.000015259 0.054882053 0.117505242 0.226338286
26 20.265625000 -0.000022888 -0.000003815 0.123441198 -0.110923635 0.012539870
27 0.430816650 -8.824714661 -7.827322006 2.282323870 0.372581612 -0.530156543
28 12.544494629 0.000007629 -0.000015259 -0.226312762 0.088937254 0.286364603
29 19.343734741 -0.000030518 -0.000045776 0.105557512 0.190824301 0.745067496
30 19.343750000 -0.000015259 -0.000012398 0.058043593 0.079064665 0.242866061
31 19.343750000 -0.000015259 0.000002861 0.093342565 -0.103909232 0.054682139
32 -0.019638062 -12.396471024 -3.323648453 2.008620014 0.143381469 -0.543463158
33 11.042053223 0.000005722 -0.000015259 -0.280019281 -0.016154575 0.312987514
34 19.073436737 -0.000005722 -0.000038147 0.051565939 0.056103227 0.670787626
35 19.073341370 -0.000015259 -0.000011444 0.051853941 0.036631085 0.221529213
36 19.073867798 -0.000007629 0.000007629 -0.027780791 -0.121876130 0.149460383
37 0.143417358 -12.177965164 2.328493118 1.518810137 -0.161343062 -0.494035262
38 10.827308655 0.000007629 -0.000030518 -0.131549432 -0.109362908 0.202705545
39 18.731544495 0.000003815 0.000000000 0.006030456 -0.067050350 0.560726719
40 18.731609344 -0.000022888 -0.000007629 0.037222206 -0.007254075 0.179678259
41 18.732189178 -0.000022888 0.000003815 -0.175404907 -0.195814121 0.242546335
42 0.706604004 -9.159467697 6.887685776 0.979654380 -0.265100170 -0.190766461
43 10.843429565 -0.000005722 -0.000015259 -0.069004954 -0.288914202 0.137551559
44 18.864486694 0.000009537 -0.000022888 -0.027118282 -0.209545748 0.418753252
45 18.864482880 -0.000022888 0.000007629 0.020530964 -0.052190125 0.121380414
46 18.864944458 -0.000015259 -0.000007629 -0.285204721 -0.282617522 0.289021106
47 0.843048096 -2.753784180 9.486446381 0.706399089 -0.191889080 -0.034259716
48 10.832725525 0.000007629 0.000007629 -0.364999828 -0.321717952 0.221549338
49 19.399490356 0.000003815 -0.000045776 -0.024438284 -0.351763310 0.208191132
50 19.399677277 -0.000007629 -0.000015259 0.006435427 -0.078502511 0.051756137
51 19.400068283 -0.000030518 -0.000015259 -0.179936730 -0.428399075 0.185958615
52 0.161682129 1.532159805 -10.638368607 -3.013842378 0.543413680 0.027915022
53 14.463706970 -0.000007629 -0.000015259 0.104403894 0.089976443 -0.015888168
54 20.708992004 -0.000017166 -0.000003815 0.098237888 0.759944915 0.259279844
55 20.709014893 0.000009537 0.000019073 0.017119305 0.103970107 0.125786478
56 20.709590912 -0.000006676 -0.000007629 -0.064421769 -0.144651026 0.083224303
57 0.118804932 3.636004448 -10.383043289 -2.469501322 0.494057419 0.352816628
58 14.125000000 -0.000015259 -0.000015259 0.054307670 0.064149439 -0.027718143
59 20.265319824 0.000003815 -0.000015259 -0.091810523 0.716306434 -0.193589693
60 20.265342712 0.000013351 -0.000003815 -0.008360782 0.037472952 0.112048303
61 20.265625000 0.000001907 0.000007629 -0.105205472 -0.089332292 0.085107503
62 0.430816650 8.824708939 -7.827398300 -2.307420255 0.452967450 0.452620192
63 12.544555664 0.000015259 -0.000015259 0.245184585 0.067840966 -0.182236525
64 19.343750000 -0.000017166 -0.000007629 -0.148955027 0.465483446 -0.508581743
65 19.343750000 0.000003815 -0.000015259 -0.029299274 0.029931626 0.062165037
66 19.343750000 0.000011444 -0.000038147 -0.082675344 -0.079576628 0.044623398
67 -0.019577026 12.396468163 -3.323724747 -2.011439473 0.240529451 0.496970188
68 11.042060852 -0.000007629 0.000000000 0.285536427 -0.042143309 -0.210604091
69 19.073402405 -0.000001907 -0.000045776 -0.079789698 0.183959925 -0.566714356
70 19.073368073 0.000007629 -0.000030518 -0.040941628 0.022061113 -0.002005812
71 19.073940277 0.000005722 -0.000030518 0.024702754 -0.107571286 -0.047670449
72 0.143478394 12.177964211 2.328407288 -1.513386731 -0.054237607 0.499916606
73 10.827339172 -0.000015259 0.000007629 0.124171125 -0.120014946 -0.095783260
74 18.731567383 0.000010490 -0.000007629 -0.010807663 -0.032819578 -0.503778643
75 18.731578827 -0.000010014 -0.000068665 -0.040208690 0.003094541 -0.039346855
76 18.732147217 0.000002861 0.000030518 0.151081217 -0.198904426 -0.136094813
77 0.706604004 9.159472466 6.887771606 -0.986945522 -0.175781400 0.251635302
78 10.843391418 0.000004768 0.000003815 0.038460992 -0.293620479 -0.024626197
79 18.864517212 -0.000007629 -0.000038147 0.030992732 -0.217931363 -0.372653352
80 18.864459991 -0.000005722 -0.000007629 -0.031697519 -0.025500705 -0.039916781
81 18.865047455 -0.000015259 -0.000038147 0.240280501 -0.303775304 -0.175747099
82 0.842971802 2.753786087 9.486438751 -0.713310361 -0.121941749 0.116538659
83 10.832771301 -0.000001907 0.000015259 0.329574558 -0.358807636 -0.112837668
84 19.399612427 0.000003815 -0.000038147 0.029414437 -0.376277001 -0.161563498
85 19.399597168 -0.000022888 -0.000015259 -0.019057207 -0.061727631 -0.017720573
86 19.400173187 -0.000011444 -0.000015259 0.109395722 -0.442479549 -0.056880201
87 23.268264771 -2.187709808 -3.705850601 -1.456154893 0.000364046 -1.570479669
88 11.648437500 -0.000030518 0.000030518 -0.508323973 0.384243850 -0.031278940
89 19.962635040 1.182556152 -0.494796753 2.827724317 1.210077460 -0.137379431
90 25.357295990 1.346595764 -0.632659912 1.242321509 1.335078805 -1.891281257
91 10.585937500 0.000007629 -0.000022888 -0.623342345 0.227380332 0.017522868
92 29.775835037 0.000000000 -0.000091553 0.233409666 0.484760744 -0.893824264
93 22.736808777 -0.004570007 -0.007400513 -0.403634162 -0.194474916 -2.864551704
94 0.073730469 -0.706542969 -0.275878906 -2.845380189 1.014763634 -0.895129209
95 13.120170593 0.000022888 0.000022888 -1.204879255 -0.048171671 -1.047588882
96 12.350074768 -0.000015259 -0.000015259 -1.554052787 0.878473698 -1.005282161
97 15.541244507 -0.000045776 -0.000007629 -0.171056647 0.825074684 0.374814173
98 14.906250000 -0.000015259 0.000003815 -0.289273069 0.184553851 0.230134177
99 14.182762146 -0.000030518 -0.000015259 -0.283436883 0.565158333 0.005035658
100 6.140625000 -0.523925781 -0.378906250 -1.004638043 1.031424216 -0.585927176
101 11.348442078 0.000007629 -0.000038147 -3.097365792 -1.082673038 0.435954020
102 12.005210876 -0.000015259 -0.000030518 -1.023914703 0.692020503 -0.960171985
103 15.865591049 -0.000022888 0.000007629 -0.664878608 0.743741519 -0.236904167
104 14.851562500 -0.000015259 0.000007629 -0.602971193 0.548619168 -0.005326657
105 12.538974762 -0.414978027 -0.272300720 -0.191578086 1.079015948 0.027661268
106 10.619346619 0.000000000 0.000007629 2.516568064 -0.692475467 0.958272552
107 12.043018341 -0.000015259 0.000030518 -0.649291079 0.679549323 -0.745581143
108 15.310400009 -0.000015259 -0.000015259 -0.421142219 0.518417852 -0.022033187
109 19.857913971 0.000007629 0.000000000 0.798014411 1.016516233 1.097890215
110 10.617187500 0.000015259 0.000022888 -0.812930738 -0.523309629 0.946313342
111 11.091686249 0.000007629 -0.000030518 -2.957031938 -0.407219133 -0.279420241
112 25.612260818 0.000007629 -0.000152588 -0.952077214 -0.199340542 0.082461341
113 0.732421875 0.378173828 -0.043365479 -0.298448110 -0.042506783 0.541930270
114 9.421440125 0.000015259 -0.000022888 0.376985193 0.989139988 -0.158374132
115 3.208984375 -0.000007629 -0.000007629 -0.000900778 0.927088290 0.001093729
116 2.421096802 0.000022888 0.000019073 -0.050443158 0.688441461 -0.044503315
117 0.783203125 0.134643555 -0.023910522 -0.156336213 -0.123510422 0.279151765
118 9.940933228 -0.000007629 -0.000007629 0.161817679 0.963323119 -0.082617437
119 3.403709412 -0.000007629 -0.000015259 -0.009001117 0.689879404 -0.004885124
120 2.546600342 0.000007629 0.000000000 -0.042829088 0.678048449 -0.013732072
121 0.805175781 0.000000000 0.000000000 -0.007963538 -0.147251916 0.014089588
122 9.898437500 0.000000000 0.000038147 -0.011887432 0.857189831 0.004722858
123 3.537029266 0.000000000 -0.000030518 0.015666009 0.561720338 0.009460674
124 2.507812500 -0.000007629 0.000007629 0.001414853 0.592390064 0.014690864
125 0.821777344 -0.246826172 -0.028747559 0.155124828 -0.087466036 -0.272238366
126 9.687484741 -0.000026703 0.000015259 -0.214202260 0.792087249 0.164834178
127 3.679679871 0.000000000 0.000015259 -0.003198186 0.592472491 -0.001607877
128 2.700599670 0.000000000 -0.000015259 0.031346709 0.636686851 0.032782188
129 0.519042969 -0.395996094 -0.161987305 0.477878787 0.316754060 -0.763355711
130 6.753906250 -0.000005722 -0.000045776 -0.536221635 0.681769393 0.000560917
131 4.462627411 -0.000034332 0.000000000 -0.078001298 0.008849486 0.122395973
132 22.736743927 0.004549980 -0.007263184 0.492243015 -0.005346286 -2.660341295
133 0.073730469 0.706542969 -0.276367188 -0.839900591 -0.030481141 -2.375600698
134 13.119304657 0.000015259 -0.000015259 0.933576273 -0.558701469 -0.257061904
135 12.350997925 0.000015259 -0.000015259 0.371711744 -0.174240466 0.109025116
136 15.540859222 0.000000000 0.000030518 -0.253803702 -0.036848162 0.093502678
137 14.906250000 -0.000011444 -0.000015259 -0.255019326 0.056733293 0.076324292
138 14.182880402 -0.000003815 0.000030518 0.117356010 0.372055455 -0.067040111
139 6.140625000 0.523925781 -0.378662109 -2.179877437 -0.021771512 -2.304757423
140 11.348976135 0.000007629 0.000015259 2.197769947 0.162905413 -0.546725383
141 12.004642487 0.000000000 -0.000030518 -0.114496331 -0.182707080 0.113861095
142 15.865940094 -0.000001907 -0.000015259 -0.130247306 -0.052296076 0.064770390
143 14.851562500 -0.000002861 0.000000000 0.362659460 0.381365335 -0.113417782
144 12.539043427 0.414962769 -0.272758484 -2.306756422 0.049770635 -2.300943413
145 10.619075775 -0.000001907 -0.000030518 2.705583957 0.285983916 -0.516683407
146 12.043624878 -0.000003815 -0.000015259 -0.453090933 -0.096755719 0.171080998
147 15.309879303 0.000001907 0.000015259 0.110503144 0.363413993 -0.110288099
148 19.857963562 -0.000022888 0.000038147 -2.276976268 0.103323188 -2.334758729
149 10.618190765 0.000000000 0.000000000 0.003538675 0.214271248 -0.373445765
150 11.091796875 0.000007629 -0.000015259 2.590305440 -0.190286226 0.167890987
151 0.732421875 -0.378417969 -0.043029785 0.298829922 -0.043211786 -0.541974052
152 9.421363831 -0.000030518 0.000007629 -0.470241755 1.108872100 0.050969701
153 3.208984375 0.000015259 0.000000000 0.000857873 1.057455893 -0.001098300
154 2.421054840 0.000000000 -0.000034332 0.043174526 0.819359608 0.045011662
155 0.783203125 -0.134643555 -0.023712158 0.156625597 -0.124254089 -0.279237635
156 9.941059113 0.000000000 -0.000030518 -0.258870176 1.208138449 -0.026394740
157 3.403701782 0.000000000 0.000030518 -0.009093961 0.939657871 -0.001132441
158 2.546592712 0.000000000 -0.000034332 0.050622334 0.928087349 0.026112669
159 0.805175781 0.000000000 0.000000000 0.007970885 -0.148203970 -0.014094421
160 9.898437500 -0.000015259 0.000015259 0.008520768 1.208195160 -0.016983373
161 3.537109375 -0.000030518 0.000015259 -0.000193491 0.912542382 0.000193491
162 2.507812500 -0.000030518 0.000007629 0.000320821 0.943623568 -0.000320821
163 0.821777344 0.246826172 -0.027450562 -0.155297577 -0.088051341 0.272296809
164 9.687324524 0.000015259 -0.000053406 0.342851519 1.121789534 -0.008737843
165 3.679656982 0.000000000 0.000030518 -0.002974323 0.934332562 -0.000146806
166 2.700630188 0.000000000 -0.000015259 -0.032371169 0.978263485 -0.042071145
167 0.519531250 0.395996094 -0.161743164 -0.478495596 0.316187846 0.763124936
168 6.753906250 -0.000007629 -0.000030518 0.300769486 0.115172368 -0.360966190
169 4.462749481 0.000000000 0.000030518 0.078557963 0.005930337 -0.087042230
170 86.264892578 0.000053406 0.000061035 1.391277577 0.570608310 1.500390503
171 2.875000000 0.000007629 -0.000030518 0.066138920 0.315666467 -0.063644187
172 8.134368896 0.000000000 0.000000000 0.052838014 -0.180990897 0.057032147
173 8.134399414 0.000000000 0.000000000 0.037663215 -0.042255283 0.078149666
174 8.134391785 0.000000000 0.000000000 0.019824810 -0.003356774 0.077156953
175 8.134384155 0.000000000 0.000000000 -0.053254008 0.018408889 0.081134054
176 8.134384155 -0.000030518 -0.000045776 -0.060797039 0.013207328 0.067748450
177 8.134384155 -0.000045776 -0.000030518 -0.077557756 0.012474316 0.056450339
178 8.134399414 0.000000000 0.000000000 -0.103397226 0.013445844 0.052640452
179 8.132812500 -0.000015259 -0.000030518 -0.068334582 0.178608529 0.127167520
180 86.264892578 0.000053406 0.000061035 1.576538439 1.441847929 1.535617671
181 2.875000000 0.000015259 0.000000000 0.270160400 0.254129081 0.629734580
182 8.134414673 0.000000000 0.000000000 -0.089087066 -0.133023688 0.231385147
183 8.134384155 0.000000000 0.000000000 -0.089860308 -0.014936310 0.106482280
184 8.134429932 0.000000000 -0.000038147 -0.089903849 0.012542752 0.076961149
185 8.134384155 -0.000015259 -0.000011444 -0.305852964 0.026592086 0.018960333
186 8.134384155 0.000015259 0.000026703 -0.284812668 0.005530523 0.024582860
187 8.134368896 0.000000000 -0.000015259 -0.270846099 -0.015559192 0.030956795
188 8.134399414 0.000000000 0.000015259 -0.245577056 -0.027263454 0.022239608
189 8.132812500 0.000000000 0.000015259 -0.260945607 0.229749111 -0.175072315
190 25.357345581 -1.346612930 -0.631881714 -1.912808191 0.539842704 1.332162490
191 10.586948395 0.000007629 -0.000045776 0.630849718 0.171548006 -0.060109594
192 19.962787628 -1.182558060 -0.493774414 -2.827724317 1.210077460 0.137379431
193 26.542861938 -0.000034332 5.258386612 -0.000098679 -0.575889304 -3.141563427
194 5.210937500 0.000003815 0.000015259 0.010685989 -0.154763744 0.115943641
195 11.580818176 0.000015259 -0.000030518 0.000000000 0.373150501 0.000000000
196 30.590713501 -0.110137939 0.305744171 0.083304262 -0.018340619 0.052288547
197 7.470626831 0.014289856 0.148300171 -0.092394670 0.324180626 -0.012842894
198 9.858001709 6.173873901 -12.156160355 2.343721255 0.103353816 3.040407058
199 9.858215332 -6.068092346 -12.208475113 -2.352349825 0.104146931 -3.041265021
200 20.049377441 0.061241150 -14.093141556 3.134587295 0.926499159 3.136067236
201 5.580184937 -0.000015259 0.000030518 -0.071159029 0.803956801 -0.134943466
202 6.841278076 -0.000007629 -0.000038147 0.017650587 0.056336702 0.004296927
203 6.916412354 -0.000009537 0.000007629 -0.284057675 0.169796178 -0.000010178
204 24.600067139 -1.878257751 -11.667314529 -2.002800253 -0.732025296 -0.963281651
205 24.600067139 -1.878257751 -11.667314529 -1.536345236 -0.230748013 -1.702389711
206 24.600067139 -1.878257751 -11.667314529 -1.665549243 0.097947933 -2.370679697
207 24.599960327 1.980178833 -11.650854111 2.009399481 -0.739004495 0.958897021
208 24.599960327 1.980178833 -11.650854111 1.535182712 -0.239155086 1.702686470
209 24.599960327 1.980178833 -11.650854111 1.659403831 0.091981346 2.370144970
210 7.570648193 3.876312256 6.930494308 -2.049238070 1.047095500 -0.535595520
211 7.418060303 -3.974502563 7.604156494 1.014907748 -1.024031318 -2.618339091
212 -86.807075500 0.000003206 0.000005000 0.000000000 0.000000000 0.000244115
213 0.000000000 -0.000000000 0.000000000 0.000000000 0.000000000 0.000244115
214 0.000000000 -0.000000000 0.000000000 0.000000000 0.000000000 0.000244115
215 0.000000000 -0.000000000 0.000000000 0.000000000 0.000000000 0.000244115
216 0.000000000 -0.000000000 0.000000000 0.000000000 0.000000000 0.000244115
217 0.000000000 -0.000000000 0.000000000 0.000000000 0.000000000 0.000244115
218 0.000000000 -0.000000000 0.000000000 0.000000000 0.000000000 0.000244115
219 0.000000000 -0.000000000 0.000000000 0.000000000 0.000000000 0.000244115
220 0.000000000 -0.000000000 0.000000000 0.000000000 0.000000000 0.000244115
221 0.000000000 -0.000000000 0.000000000 0.000000000 0.000000000 0.000244115
222 0.000000000 -0.000000000 0.000000000 0.000000000 0.000000000 0.000244115
223 0.000000000 -0.000000000 0.000000000 0.000000000 0.000000000 0.000244115
time 26
0 0.000000209 -4.790456772 0.000005000 -3.001584596 -1.440665336 1.585873522
1 88.476783752 -0.000055313 -0.000013590 3.141592654 0.000000000 3.141592654
2 -43.495719910 -0.000049591 4.662870407 0.073095414 0.044858512 -3.139952173
3 9.507705688 0.000003815 -0.000020981 -0.565541597 -0.334390842 -0.077222243
4 23.267868042 2.189132690 -3.705406189 1.456154893 -0.000364046 1.571112984
5 11.648437500 0.000000954 0.000061035 0.164891692 -0.752468303 0.331694083
6 29.776115417 -0.000017166 -0.000152588 -0.299117081 0.052306226 0.065394721
7 25.612224579 -0.000019073 0.000091553 1.536815071 0.618575390 -0.228275129
8 8.674346924 -1.907180786 -2.936538696 -0.551336544 -0.109697996 1.608018152
9 0.000000000 -0.000000000 0.000000000 0.000000000 0.000000000 0.000244115
10 -43.495719910 -0.000049591 4.662870407 0.000000000 0.000000000 0.000000000
11 21.580337524 10.273413658 -4.495086670 0.004582013 -0.074825502 0.022978158
12 45.674194336 -0.000015259 0.000013351 -3.140113832 0.187755654 0.000052539
13 55.039112091 0.000005722 -0.000008106 -3.099046769 1.171928465 0.038809715
14 21.580284119 -10.273576736 -4.495073318 0.080192119 -0.378015225 -0.054224269
15 45.674217224 0.000030518 -0.000011444 -3.141297078 0.808441039 0.000032558
16 55.039123535 -0.000038147 -0.000038147 3.102597511 1.141037797 -0.034871996
17 0.161666870 -1.532186508 -10.638456345 2.956990494 0.526752650 -0.151013429
18 14.463714600 -0.000007629 0.000000000 -0.081047097 0.098843631 0.122873034
19 20.708938599 -0.000022888 -0.000038147 0.198230559 0.593581621 0.604492373
20 20.709037781 -0.000005722 0.000030518 0.050287011 0.218657046 0.222406691
21 20.709545135 -0.000009537 0.000030518 0.082831653 -0.154984765 0.012887985
22 0.118850708 -3.636028290 -10.382867813 2.434484465 0.425713324 -0.445235796
23 14.125000000 -0.000020981 -0.000015259 -0.035357820 0.066164596 0.134633092
24 20.265319824 -0.000019073 0.000000000 0.171989679 0.388215454 0.733965352
25 20.265319824 0.000000000 0.000015259 0.062778917 0.174216182 0.279230883
26 20.265625000 -0.000022888 -0.000003815 0.123441198 -0.110923635 0.012539870
27 0.430816650 -8.824714661 -7.827322006 2.282323870 0.372581612 -0.530156543
28 12.544494629 0.000007629 -0.000015259 -0.226312762 0.088937254 0.286364603
29 19.343734741 -0.000030518 -0.000045776 0.110861792 0.207206841 0.743880171
30 19.343750000 -0.000015259 -0.000012398 0.062237081 0.113343810 0.293796884
31 19.343750000 -0.000015259 0.000002861 0.093342565 -0.103909232 0.054682139
32 -0.019638062 -12.396471024 -3.323648453 2.008620014 0.143381469 -0.543463158
33 11.042053223 0.000005722 -0.000015259 -0.280019281 -0.016154575 0.312987514
34 19.073436737 -0.000005722 -0.000038147 0.056511437 0.073076212 0.675212811
35 19.073341370 -0.000015259 -0.000011444 0.052827644 0.057619277 0.268198098
36 19.073867798 -0.000007629 0.000007629 -0.027780791 -0.121876130 0.149460383
37 0.143417358 -12.177965164 2.328493118 1.518810137 -0.161343062 -0.494035262
38 10.827308655 0.000007629 -0.000030518 -0.131549432 -0.109362908 0.202705545
39 18.731544495 0.000003815 0.000000000 0.009507989 -0.049204999 0.570260308
40 18.731609344 -0.000022888 -0.000007629 0.035758346 0.002869657 0.222378651
41 18.732189178 -0.000022888 0.000003815 -0.175404907 -0.195814121 0.242546335
42 0.706604004 -9.159467697 6.887685776 0.979654380 -0.265100170 -0.190766461
43 10.843429565 -0.000005722 -0.000015259 -0.069004954 -0.288914202 0.137551559
44 18.864486694 0.000009537 -0.000022888 -0.026498487 -0.191692645 0.434035136
45 18.864482880 -0.000022888 0.000007629 0.017308276 -0.055964223 0.161259694
46 18.864944458 -0.000015259 -0.000007629 -0.285204721 -0.282617522 0.289021106
47 0.843048096 -2.753784180 9.486446381 0.706399089 -0.191889080 -0.034259716
48 10.832725525 0.000007629 0.000007629 -0.364999828 -0.321717952 0.221549338
49 19.399490356 0.000003815 -0.000045776 -0.028705627 -0.338653526 0.231342307
50 19.399677277 -0.000007629 -0.000015259 0.003551686 -0.103943506 0.081344696
51 19.400068283 -0.000030518 -0.000015259 -0.179936730 -0.428399075 0.185958615
52 0.161682129 1.532159805 -10.638368607 -3.013842378 0.543413680 0.027915022
53 14.463706970 -0.000007629 -0.000015259 0.104403894 0.089976443 -0.015888168
54 20.708992004 -0.000017166 -0.000003815 0.089142816 0.762626818 0.236110561
55 20.709014893 0.000009537 0.000019073 0.022262847 0.221853132 0.129374488
56 20.709590912 -0.000006676 -0.000007629 -0.064421769 -0.144651026 0.083224303
57 0.118804932 3.636004448 -10.383043289 -2.469501322 0.494057419 0.352816628
58 14.125000000 -0.000015259 -0.000015259 0.054307670 0.064149439 -0.027718143
59 20.265319824 0.000003815 -0.000015259 -0.095888780 0.708313284 -0.207677696
60 20.265342712 0.000013351 -0.000003815 -0.006722427 0.161457918 0.064676932
61 20.265625000 0.000001907 0.000007629 -0.105205472 -0.089332292 0.085107503
62 0.430816650 8.824708939 -7.827398300 -2.307420255 0.452967450 0.452620192
63 12.544555664 0.000015259 -0.000015259 0.245184585 0.067840966 -0.182236525
64 19.343750000 -0.000017166 -0.000007629 -0.143644570 0.450967512 -0.504403263
65 19.343750000 0.000003815 -0.000015259 -0.031212217 0.111254028 -0.027936599
66 19.343750000 0.000011444 -0.000038147 -0.082675344 -0.079576628 0.044623398
67 -0.019577026 12.396468163 -3.323724747 -2.011439473 0.240529451 0.496970188
68 11.042060852 -0.000007629 0.000000000 0.285536427 -0.042143309 -0.210604091
69 19.073402405 -0.000001907 -0.000045776 -0.074022556 0.169374855 -0.550339243
70 19.073368073 0.000007629 -0.000030518 -0.041156274 0.052285172 -0.092827643
71 19.073940277 0.000005722 -0.000030518 0.024702754 -0.107571286 -0.047670449
72 0.143478394 12.177964211 2.328407288 -1.513386731 -0.054237607 0.499916606
73 10.827339172 -0.000015259 0.000007629 0.124171125 -0.120014946 -0.095783260
74 18.731567383 0.000010490 -0.000007629 -0.008556375 -0.045643243 -0.480231522
75 18.731578827 -0.000010014 -0.000068665 -0.037149035 -0.002034297 -0.109399064
76 18.732147217 0.000002861 0.000030518 0.151081217 -0.198904426 -0.136094813
77 0.706604004 9.159472466 6.887771606 -0.986945522 -0.175781400 0.251635302
78 10.843391418 0.000004768 0.000003815 0.038460992 -0.293620479 -0.024626197
79 18.864517212 -0.000007629 -0.000038147 0.028467281 -0.226276691 -0.345651774
80 18.864459991 -0.000005722 -0.000007629 -0.027277362 -0.054711099 -0.083303762
81 18.865047455 -0.000015259 -0.000038147 0.240280501 -0.303775304 -0.175747099
82 0.842971802 2.753786087 9.486438751 -0.713310361 -0.121941749 0.116538659
83 10.832771301 -0.000001907 0.000015259 0.329574558 -0.358807636 -0.112837668
84 19.399612427 0.000003815 -0.000038147 0.022520094 -0.375945398 -0.133014224
85 19.399597168 -0.000022888 -0.000015259 -0.016497898 -0.104134454 -0.028443331
86 19.400173187 -0.000011444 -0.000015259 0.109390654 -0.442391300 -0.056873665
87 23.268264771 -2.187709808 -3.705850601 -1.456154893 0.000364046 -1.570479669
88 11.648437500 -0.000030518 0.000030518 -0.599099511 0.371612352 -0.026935256
89 19.962635040 1.182556152 -0.494796753 2.827724317 1.210077460 -0.137379431
90 25.357295990 1.346595764 -0.632659912 2.107115393 1.353780696 -1.013295614
91 10.585937500 0.000007629 -0.000022888 -0.623342345 0.227380332 0.017522868
92 29.775835037 0.000000000 -0.000091553 0.313101620 0.621979897 -0.955820227
93 22.736808777 -0.004570007 -0.007400513 -0.403634162 -0.194474916 -2.864551704
94 0.073730469 -0.706542969 -0.275878906 -3.011869229 1.016904107 -1.060821825
95 13.120170593 0.000022888 0.000022888 -1.227455086 0.055583543 -1.009256745
96 12.350074768 -0.000015259 -0.000015259 -1.649331039 1.049855691 -1.043110775
97 15.541244507 -0.000045776 -0.000007629 0.015570124 0.837627796 0.647871856
98 14.906250000 -0.000015259 0.000003815 -0.217295479 0.256689828 0.370335912
99 14.182762146 -0.000030518 -0.000015259 -0.283436883 0.565158333 0.005035658
100 6.140625000 -0.523925781 -0.378906250 -1.238763339 1.036745024 -0.825084234
101 11.348442078 0.000007629 -0.000038147 -2.961270515 -1.151389847 0.221372915
102 12.005210876 -0.000015259 -0.000030518 -1.182272068 0.918381072 -1.052670906
103 15.865591049 -0.000022888 0.000007629 -0.538803537 0.881923762 -0.040260917
104 14.851562500 -0.000015259 0.000007629 -0.602971193 0.548619168 -0.005326657
105 12.538974762 -0.414978027 -0.272300720 -0.494648489 1.135123332 -0.289812163
106 10.619346619 0.000000000 0.000007629 2.312265728 -0.815651435 1.124223227
107 12.043018341 -0.000015259 0.000030518 -0.794264425 0.904905179 -0.819581105
108 15.310400009 -0.000015259 -0.000015259 -0.421142219 0.518417852 -0.022033187
109 19.857913971 0.000007629 0.000000000 0.913681575 1.150540829 1.198284865
110 10.617187500 0.000015259 0.000022888 -1.001276655 -0.534707413 1.229391061
111 11.091686249 0.000007629 -0.000030518 -2.957031938 -0.407219133 -0.279420241
112 25.612260818 0.000007629 -0.000152588 -0.952077214 -0.199340542 0.082461341
113 0.732421875 0.378173828 -0.043365479 -0.298448110 -0.042506783 0.541930270
114 9.421440125 0.000015259 -0.000022888 0.376985193 0.989139988 -0.158374132
115 3.208984375 -0.000007629 -0.000007629 -0.000900778 0.927088290 0.001093729
116 2.421096802 0.000022888 0.000019073 -0.050443158 0.688441461 -0.044503315
117 0.783203125 0.134643555 -0.023910522 -0.156336213 -0.123510422 0.279151765
118 9.940933228 -0.000007629 -0.000007629 0.161817679 0.963323119 -0.082617437
119 3.403709412 -0.000007629 -0.000015259 -0.009001117 0.689879404 -0.004885124
120 2.546600342 0.000007629 0.000000000 -0.042829088 0.678048449 -0.013732072
121 0.805175781 0.000000000 0.000000000 -0.007963538 -0.147251916 0.014089588
122 9.898437500 0.000000000 0.000038147 -0.011887432 0.857189831 0.004722858
123 3.537029266 0.000000000 -0.000030518 0.015666009 0.561720338 0.009460674
124 2.507812500 -0.000007629 0.000007629 0.001414853 0.592390064 0.014690864
125 0.821777344 -0.246826172 -0.028747559 0.155124828 -0.087466036 -0.272238366
126 9.687484741 -0.000026703 0.000015259 -0.214202260 0.792087249 0.164834178
127 3.679679871 0.000000000 0.000015259 -0.003198186 0.592472491 -0.001607877
128 2.700599670 0.000000000 -0.000015259 0.031346709 0.636686851 0.032782188
129 0.519042969 -0.395996094 -0.161987305 0.477878787 0.316754060 -0.763355711
130 6.753906250 -0.000005722 -0.000045776 -0.536221635 0.681769393 0.000560917
131 4.462627411 -0.000034332 0.000000000 -0.078001298 0.008849486 0.122395973
132 22.736743927 0.004549980 -0.007263184 0.509099106 -0.016522362 -2.603943871
133 0.073730469 0.706542969 -0.276367188 -0.874729108 -0.091024172 -2.393059713
134 13.119304657 0.000015259 -0.000015259 0.958151999 -0.575568403 -0.302812612
135 12.350997925 0.000015259 -0.000015259 0.374047079 -0.210450119 0.104118713
136 15.540859222 0.000000000 0.000030518 -0.254566328 -0.089445086 0.108964916
137 14.906250000 -0.000011444 -0.000015259 -0.258259494 -0.035144530 0.078838728
138 14.182880402 -0.000003815 0.000030518 0.128751257 0.385636887 -0.069948264
139 6.140625000 0.523925781 -0.378662109 -2.187423245 -0.080498015 -2.307300344
140 11.348976135 0.000007629 0.000015259 2.194419328 0.182597507 -0.577332014
141 12.004642487 0.000000000 -0.000030518 -0.113520248 -0.215214917 0.114147087
142 15.865940094 -0.000001907 -0.000015259 -0.131687839 -0.102365032 0.057345541
143 14.851562500 -0.000002861 0.000000000 0.372328987 0.395612588 -0.114419893
144 12.539043427 0.414962769 -0.272758484 -2.304727650 -0.008534088 -2.298226046
145 10.619075775 -0.000001907 -0.000030518 2.697928978 0.306709497 -0.547955157
146 12.043624878 -0.000003815 -0.000015259 -0.454345348 -0.125332457 0.185470310
147 15.309879303 0.000001907 0.000015259 0.119354639 0.377766724 -0.113270281
148 19.857963562 -0.000022888 0.000038147 -2.273100850 0.045698991 -2.331014371
149 10.618190765 0.000000000 0.000000000 -0.003361383 0.234198962 -0.403079970
150 11.091796875 0.000007629 -0.000015259 2.621007834 -0.207090676 0.212782980
151 0.732421875 -0.378417969 -0.043029785 0.298829922 -0.043211786 -0.541974052
152 9.421363831 -0.000030518 0.000007629 -0.470241755 1.108872100 0.050969701
153 3.208984375 0.000015259 0.000000000 0.000857873 1.057455893 -0.001098300
154 2.421054840 0.000000000 -0.000034332 0.043174526 0.819359608 0.045011662
155 0.783203125 -0.134643555 -0.023712158 0.156625597 -0.124254089 -0.279237635
156 9.941059113 0.000000000 -0.000030518 -0.258870176 1.208138449 -0.026394740
157 3.403701782 0.000000000 0.000030518 -0.009093961 0.939657871 -0.001132441
158 2.546592712 0.000000000 -0.000034332 0.050622334 0.928087349 0.026112669
159 0.805175781 0.000000000 0.000000000 0.007970885 -0.148203970 -0.014094421
160 9.898437500 -0.000015259 0.000015259 0.008520768 1.208195160 -0.016983373
161 3.537109375 -0.000030518 0.000015259 -0.000193491 0.912542382 0.000193491
162 2.507812500 -0.000030518 0.000007629 0.000320821 0.943623568 -0.000320821
163 0.821777344 0.246826172 -0.027450562 -0.155297577 -0.088051341 0.272296809
164 9.687324524 0.000015259 -0.000053406 0.342851519 1.121789534 -0.008737843
165 3.679656982 0.000000000 0.000030518 -0.002974323 0.934332562 -0.000146806
166 2.700630188 0.000000000 -0.000015259 -0.032371169 0.978263485 -0.042071145
167 0.519531250 0.395996094 -0.161743164 -0.478495596 0.316187846 0.763124936
168 6.753906250 -0.000007629 -0.000030518 0.300769486 0.115172368 -0.360966190
169 4.462749481 0.000000000 0.000030518 0.078557963 0.005930337 -0.087042230
170 86.264892578 0.000053406 0.000061035 1.396863535 0.541356943 1.522602463
171 2.875000000 0.000007629 -0.000030518 0.074246925 0.318447538 -0.047480399
172 8.134368896 0.000000000 0.000000000 0.050764016 -0.188253770 0.070678022
173 8.134399414 0.000000000 0.000000000 0.036263678 -0.048989678 0.089730783
174 8.134391785 0.000000000 0.000000000 0.019118838 -0.009149181 0.089285134
175 8.134384155 0.000000000 0.000000000 -0.052016642 0.013010921 0.094679826
176 8.134384155 -0.000030518 -0.000045776 -0.056401680 0.006737815 0.082558346
177 8.134384155 -0.000045776 -0.000030518 -0.066349451 0.004679703 0.073271017
178 8.134399414 0.000000000 0.000000000 -0.079428800 0.003923203 0.072596350
179 8.132812500 -0.000015259 -0.000030518 -0.068334582 0.178608529 0.127167520
180 86.264892578 0.000053406 0.000061035 1.861483567 1.412805011 1.778436955
181 2.875000000 0.000015259 0.000000000 0.282967793 0.275235434 0.645609604
182 8.134414673 0.000000000 0.000000000 -0.087467086 -0.123377242 0.245155288
183 8.134384155 0.000000000 0.000000000 -0.087896277 -0.010570550 0.117692233
184 8.134429932 0.000000000 -0.000038147 -0.087302165 0.015592515 0.087650153
185 8.134384155 -0.000015259 -0.000011444 -0.301341626 0.028413930 0.029565510
186 8.134384155 0.000015259 0.000026703 -0.277435830 0.003206180 0.036071947
187 8.134368896 0.000000000 -0.000015259 -0.257977235 -0.022762577 0.042647925
188 8.134399414 0.000000000 0.000015259 -0.222421055 -0.039805272 0.033287619
189 8.132812500 0.000000000 0.000015259 -0.260945607 0.229749111 -0.175072315
190 25.357345581 -1.346612930 -0.631881714 -1.859078733 0.435598198 1.416600226
191 10.586948395 0.000007629 -0.000045776 0.628369864 0.190771183 -0.045517121
192 19.962787628 -1.182558060 -0.493774414 -2.827724317 1.210077460 0.137379431
193 26.542861938 -0.000034332 5.258386612 -0.000098679 -0.575889304 -3.141563427
194 5.210937500 0.000003815 0.000015259 0.008675331 -0.153258508 0.152455479
195 11.580818176 0.000015259 -0.000030518 0.000000000 0.373150501 0.000000000
196 30.590713501 -0.110137939 0.305744171 0.223352423 -0.023781080 0.040073285
197 7.470626831 0.014289856 0.148300171 -0.063674734 0.324183676 -0.012778605
198 9.858001709 6.173873901 -12.156160355 2.343721255 0.103353816 3.040407058
199 9.858215332 -6.068092346 -12.208475113 -2.352349825 0.104146931 -3.041265021
200 20.049377441 0.061241150 -14.093141556 3.134587295 0.926499159 3.136067236
201 5.580184937 -0.000015259 0.000030518 -0.113063156 0.815038103 -0.188665156
202 6.841278076 -0.000007629 -0.000038147 0.012783394 0.076930432 -0.013502098
203 6.916412354 -0.000009537 0.000007629 -0.284057675 0.169796178 -0.000010178
204 24.600067139 -1.878257751 -11.667314529 -2.002800253 -0.732025296 -0.963281651
205 24.600067139 -1.878257751 -11.667314529 -1.536345236 -0.230748013 -1.702389711
206 24.600067139 -1.878257751 -11.667314529 -1.665549243 0.097947933 -2.370679697
207 24.599960327 1.980178833 -11.650854111 2.009399481 -0.739004495 0.958897021
208 24.599960327 1.980178833 -11.650854111 1.535182712 -0.239155086 1.702686470
209 24.599960327 1.980178833 -11.650854111 1.659403831 0.091981346 2.370144970
210 7.570648193 3.876312256 6.930494308 -2.049238070 1.047095500 -0.535595520
211 7.418060303 -3.974502563 7.604156494 1.014907748 -1.024031318 -2.618339091
212 -86.807075500 0.000003206 0.000005000 0.000000000 0.000000000 0.000244115
213 0.000000000 -0.000000000 0.000000000 0.000000000 0.000000000 0.000244115
214 0.000000000 -0.000000000 0.000000000 0.000000000 0.000000000 0.000244115
215 0.000000000 -0.000000000 0.000000000 0.000000000 0.000000000 0.000244115
216 0.000000000 -0.000000000 0.000000000 0.000000000 0.000000000 0.000244115
217 0.000000000 -0.000000000 0.000000000 0.000000000 0.000000000 0.000244115
218 0.000000000 -0.000000000 0.000000000 0.000000000 0.000000000 0.000244115
219 0.000000000 -0.000000000 0.000000000 0.000000000 0.000000000 0.000244115
220 0.000000000 -0.000000000 0.000000000 0.000000000 0.000000000 0.000244115
221 0.000000000 -0.000000000 0.000000000 0.000000000 0.000000000 0.000244115
222 0.000000000 -0.000000000 0.000000000 0.000000000 0.000000000 0.000244115
223 0.000000000 -0.000000000 0.000000000 0.000000000 0.000000000 0.000244115
time 27
0 0.000000124 -2.829364061 0.000005000 -3.035031459 -1.420730063 1.579613804
1 88.476783752 -0.000055313 -0.000013590 3.141592654 -0.000000000 3.141592654
2 -43.495719910 -0.000049591 4.662870407 0.043017788 0.042202262 -3.140684655
3 9.507705688 0.000003815 -0.000020981 -0.622112665 -0.345920074 -0.079959749
4 23.267868042 2.189132690 -3.705406189 1.456154893 -0.000364046 1.571112984
5 11.648437500 0.000000954 0.000061035 0.112524415 -0.791117168 0.191721838
6 29.776115417 -0.000017166 -0.000152588 -0.231514971 0.042714045 0.040668415
7 25.612224579 -0.000019073 0.000091553 1.561578842 0.630358337 -0.231792491
8 8.674346924 -1.907180786 -2.936538696 -0.551336544 -0.109697996 1.608018152
9 0.000000000 -0.000000000 0.000000000 0.000000000 0.000000000 0.000244115
10 -43.495719910 -0.000049591 4.662870407 0.000000000 0.000000000 0.000000000
11 21.580337524 10.273413658 -4.495086670 0.002260356 -0.061241034 0.024888667
12 45.674194336 -0.000015259 0.000013351 -3.140110656 0.162107614 0.000120385
13 55.039112091 0.000005722 -0.000008106 -3.100809094 1.159332315 0.036917853
14 21.580284119 -10.273576736 -4.495073318 0.055151242 -0.437456434 -0.042780536
15 45.674217224 0.000030518 -0.000011444 -3.141297078 0.808441039 0.000032558
16 55.039123535 -0.000038147 -0.000038147 3.102597511 1.141037797 -0.034871996
17 0.161666870 -1.532186508 -10.638456345 2.956990494 0.526752650 -0.151013429
18 14.463714600 -0.000007629 0.000000000 -0.081047097 0.098843631 0.122873034
19 20.708938599 -0.000022888 -0.000038147 0.187820786 0.590843654 0.576107265
20 20.709037781 -0.000005722 0.000030518 0.060173399 0.291420824 0.254092897
21 20.709545135 -0.000009537 0.000030518 0.082831653 -0.154984765 0.012887985
22 0.118850708 -3.636028290 -10.382867813 2.434484465 0.425713324 -0.445235796
23 14.125000000 -0.000020981 -0.000015259 -0.035357820 0.066164596 0.134633092
24 20.265319824 -0.000019073 0.000000000 0.169535703 0.394740955 0.713707153
25 20.265319824 0.000000000 0.000015259 0.071471674 0.222116352 0.321775742
26 20.265625000 -0.000022888 -0.000003815 0.123441198 -0.110923635 0.012539870
27 0.430816650 -8.824714661 -7.827322006 2.282323870 0.372581612 -0.530156543
28 12.544494629 0.000007629 -0.000015259 -0.226312762 0.088937254 0.286364603
29 19.343734741 -0.000030518 -0.000045776 0.113038590 0.218422633 0.731670340
30 19.343750000 -0.000015259 -0.000012398 0.067084529 0.142859641 0.335769562
31 19.343750000 -0.000015259 0.000002861 0.093342565 -0.103909232 0.054682139
32 -0.019638062 -12.396471024 -3.323648453 2.008620014 0.143381469 -0.543463158
33 11.042053223 0.000005722 -0.000015259 -0.280019281 -0.016154575 0.312987514
34 19.073436737 -0.000005722 -0.000038147 0.060390888 0.087360065 0.670900858
35 19.073341370 -0.000015259 -0.000011444 0.054455162 0.076173845 0.307166206
36 19.073867798 -0.000007629 0.000007629 -0.027780791 -0.121876130 0.149460383
37 0.143417358 -12.177965164 2.328493118 1.518810137 -0.161343062 -0.494035262
38 10.827308655 0.000007629 -0.000030518 -0.131549432 -0.109362908 0.202705545
39 18.731544495 0.000003815 0.000000000 0.013371656 -0.031570948 0.573424716
40 18.731609344 -0.000022888 -0.000007629 0.034988113 0.012691267 0.258379410
41 18.732189178 -0.000022888 0.000003815 -0.175404907 -0.195814121 0.242546335
42 0.706604004 -9.159467697 6.887685776 0.979654380 -0.265100170 -0.190766461
43 10.843429565 -0.000005722 -0.000015259 -0.069004954 -0.288914202 0.137551559
44 18.864486694 0.000009537 -0.000022888 -0.024662769 -0.171482281 0.444825599
45 18.864482880 -0.000022888 0.000007629 0.014579472 -0.057550618 0.195226757
46 18.864944458 -0.000015259 -0.000007629 -0.285204721 -0.282617522 0.289021106
47 0.843048096 -2.753784180 9.486446381 0.706399089 -0.191889080 -0.034259716
48 10.832725525 0.000007629 0.000007629 -0.364999828 -0.321717952 0.221549338
49 19.399490356 0.000003815 -0.000045776 -0.031960617 -0.319856672 0.253080205
50 19.399677277 -0.000007629 -0.000015259 0.000549976 -0.123114006 0.107599852
51 19.400068283 -0.000030518 -0.000015259 -0.179936730 -0.428399075 0.185958615
52 0.161682129 1.532159805 -10.638368607 -3.013842378 0.543413680 0.027915022
53 14.463706970 -0.000007629 -0.000015259 0.104403894 0.089976443 -0.015888168
54 20.708992004 -0.000017166 -0.000003815 0.076868735 0.743409992 0.211085914
55 20.709014893 0.000009537 0.000019073 0.025504301 0.320068813 0.125822422
56 20.709590912 -0.000006676 -0.000007629 -0.064421769 -0.144651026 0.083224303
57 0.118804932 3.636004448 -10.383043289 -2.469501322 0.494057419 0.352816628
58 14.125000000 -0.000015259 -0.000015259 0.054307670 0.064149439 -0.027718143
59 20.265319824 0.000003815 -0.000015259 -0.091250225 0.679310577 -0.205293287
60 20.265342712 0.000013351 -0.000003815 -0.011474863 0.264741117 0.015191658
61 20.265625000 0.000001907 0.000007629 -0.105205472 -0.089332292 0.085107503
62 0.430816650 8.824708939 -7.827398300 -2.307420255 0.452967450 0.452620192
63 12.544555664 0.000015259 -0.000015259 0.245184585 0.067840966 -0.182236525
64 19.343750000 -0.000017166 -0.000007629 -0.130359458 0.424269075 -0.477990061
65 19.343750000 0.000003815 -0.000015259 -0.038868804 0.176039088 -0.109909637
66 19.343750000 0.000011444 -0.000038147 -0.082675344 -0.079576628 0.044623398
67 -0.019577026 12.396468163 -3.323724747 -2.011439473 0.240529451 0.496970188
68 11.042060852 -0.000007629 0.000000000 0.285536427 -0.042143309 -0.210604091
69 19.073402405 -0.000001907 -0.000045776 -0.065877565 0.149223584 -0.514188687
70 19.073368073 0.000007629 -0.000030518 -0.043048033 0.073906936 -0.169743030
71 19.073940277 0.000005722 -0.000030518 0.024702754 -0.107571286 -0.047670449
72 0.143478394 12.177964211 2.328407288 -1.513386731 -0.054237607 0.499916606
73 10.827339172 -0.000015259 0.000007629 0.124171125 -0.120014946 -0.095783260
74 18.731567383 0.000010490 -0.000007629 -0.007536385 -0.059630616 -0.440288414
75 18.731578827 -0.000010014 -0.000068665 -0.034148476 -0.009153678 -0.165354944
76 18.732147217 0.000002861 0.000030518 0.151081217 -0.198904426 -0.136094813
77 0.706604004 9.159472466 6.887771606 -0.986945522 -0.175781400 0.251635302
78 10.843391418 0.000004768 0.000003815 0.038460992 -0.293620479 -0.024626197
79 18.864517212 -0.000007629 -0.000038147 0.023135793 -0.231664109 -0.306021562
80 18.864459991 -0.000005722 -0.000007629 -0.022707683 -0.080020385 -0.115699052
81 18.865047455 -0.000015259 -0.000038147 0.240280501 -0.303775304 -0.175747099
82 0.842971802 2.753786087 9.486438751 -0.713310361 -0.121941749 0.116538659
83 10.832771301 -0.000001907 0.000015259 0.329574558 -0.358807636 -0.112837668
84 19.399612427 0.000003815 -0.000038147 0.013542421 -0.368902460 -0.097482948
85 19.399597168 -0.000022888 -0.000015259 -0.014271180 -0.138481269 -0.033795572
86 19.400173187 -0.000011444 -0.000015259 0.109390646 -0.442391300 -0.056873653
87 23.268264771 -2.187709808 -3.705850601 -1.456154893 0.000364046 -1.570479669
88 11.648437500 -0.000030518 0.000030518 -0.685254737 0.358927157 -0.020533804
89 19.962635040 1.182556152 -0.494796753 2.827724317 1.210077460 -0.137379431
90 25.357295990 1.346595764 -0.632659912 2.768996962 1.246877762 -0.331095274
91 10.585937500 0.000007629 -0.000022888 -0.623342345 0.227380332 0.017522868
92 29.775835037 0.000000000 -0.000091553 0.381449142 0.738004315 -1.010627792
93 22.736808777 -0.004570007 -0.007400513 -0.403634162 -0.194474916 -2.864551704
94 0.073730469 -0.706542969 -0.275878906 -3.120117600 1.028481718 -1.167098346
95 13.120170593 0.000022888 0.000022888 -1.221020189 0.148638480 -0.903336162
96 12.350074768 -0.000015259 -0.000015259 -1.645057222 1.155809606 -0.997010393
97 15.541244507 -0.000045776 -0.000007629 0.189014689 0.833880519 0.893756052
98 14.906250000 -0.000015259 0.000003815 -0.133278554 0.307948310 0.524650534
99 14.182762146 -0.000030518 -0.000015259 -0.283436883 0.565158333 0.005035658
100 6.140625000 -0.523925781 -0.378906250 -1.398675621 1.036218094 -0.986517972
101 11.348442078 0.000007629 -0.000038147 -2.725528841 -1.077098935 -0.069274466
102 12.005210876 -0.000015259 -0.000030518 -1.336731537 1.092893986 -1.152723362
103 15.865591049 -0.000022888 0.000007629 -0.350806590 0.999104356 0.208255023
104 14.851562500 -0.000015259 0.000007629 -0.602971193 0.548619168 -0.005326657
105 12.538974762 -0.414978027 -0.272300720 -0.795633223 1.137129682 -0.601583172
106 10.619346619 0.000000000 0.000007629 2.265427275 -0.918844220 1.091124404
107 12.043018341 -0.000015259 0.000030518 -0.992176710 1.135173897 -0.943850052
108 15.310400009 -0.000015259 -0.000015259 -0.421142219 0.518417852 -0.022033187
109 19.857913971 0.000007629 0.000000000 0.868360230 1.322680778 1.136289542
110 10.617187500 0.000015259 0.000022888 -1.137123637 -0.530423730 1.406705106
111 11.091686249 0.000007629 -0.000030518 -2.957031938 -0.407219133 -0.279420241
112 25.612260818 0.000007629 -0.000152588 -0.952077214 -0.199340542 0.082461341
113 0.732421875 0.378173828 -0.043365479 -0.298448110 -0.042506783 0.541930270
114 9.421440125 0.000015259 -0.000022888 0.376985193 0.989139988 -0.158374132
115 3.208984375 -0.000007629 -0.000007629 -0.000900778 0.927088290 0.001093729
116 2.421096802 0.000022888 0.000019073 -0.050443158 0.688441461 -0.044503315
117 0.783203125 0.134643555 -0.023910522 -0.156336213 -0.123510422 0.279151765
118 9.940933228 -0.000007629 -0.000007629 0.161817679 0.963323119 -0.082617437
119 3.403709412 -0.000007629 -0.000015259 -0.009001117 0.689879404 -0.004885124
120 2.546600342 0.000007629 0.000000000 -0.042829088 0.678048449 -0.013732072
121 0.805175781 0.000000000 0.000000000 -0.007963538 -0.147251916 0.014089588
122 9.898437500 0.000000000 0.000038147 -0.011887432 0.857189831 0.004722858
123 3.537029266 0.000000000 -0.000030518 0.015666009 0.561720338 0.009460674
124 2.507812500 -0.000007629 0.000007629 0.001414853 0.592390064 0.014690864
125 0.821777344 -0.246826172 -0.028747559 0.155124828 -0.087466036 -0.272238366
126 9.687484741 -0.000026703 0.000015259 -0.214202260 0.792087249 0.164834178
127 3.679679871 0.000000000 0.000015259 -0.003198186 0.592472491 -0.001607877
128 2.700599670 0.000000000 -0.000015259 0.031346709 0.636686851 0.032782188
129 0.519042969 -0.395996094 -0.161987305 0.477878787 0.316754060 -0.763355711
130 6.753906250 -0.000005722 -0.000045776 -0.536221635 0.681769393 0.000560917
131 4.462627411 -0.000034332 0.000000000 -0.078001298 0.008849486 0.122395973
132 22.736743927 0.004549980 -0.007263184 0.523380250 -0.025992795 -2.556192917
133 0.073730469 0.706542969 -0.276367188 -0.904735105 -0.116303621 -2.412342356
134 13.119304657 0.000015259 -0.000015259 0.984890884 -0.595204315 -0.349147928
135 12.350997925 0.000015259 -0.000015259 0.377423038 -0.241141946 0.098812849
136 15.540859222 0.000000000 0.000030518 -0.253609536 -0.123627919 0.115293461
137 14.906250000 -0.000011444 -0.000015259 -0.258010277 -0.085779697 0.076921074
138 14.182880402 -0.000003815 0.000030518 0.137941819 0.396575779 -0.072262613
139 6.140625000 0.523925781 -0.378662109 -2.196228150 -0.106373204 -2.310323071
140 11.348976135 0.000007629 0.000015259 2.189452749 0.203015012 -0.611507703
141 12.004642487 0.000000000 -0.000030518 -0.112730043 -0.243767448 0.114202004
142 15.865940094 -0.000001907 -0.000015259 -0.131890048 -0.133041278 0.050762865
143 14.851562500 -0.000002861 0.000000000 0.380159199 0.407090802 -0.115174590
144 12.539043427 0.414962769 -0.272758484 -2.306374368 -0.034047983 -2.295659702
145 10.619075775 -0.000001907 -0.000030518 2.687763523 0.329713604 -0.582731158
146 12.043624878 -0.000003815 -0.000015259 -0.456237813 -0.150326036 0.198004054
147 15.309879303 0.000001907 0.000015259 0.126589730 0.389373129 -0.115630903
148 19.857963562 -0.000022888 0.000038147 -2.273609977 0.020304883 -2.327965206
149 10.618190765 0.000000000 0.000000000 -0.012624411 0.255937416 -0.433331085
150 11.091796875 0.000007629 -0.000015259 2.645877512 -0.220587931 0.249039309
151 0.732421875 -0.378417969 -0.043029785 0.298829922 -0.043211786 -0.541974052
152 9.421363831 -0.000030518 0.000007629 -0.470241755 1.108872100 0.050969701
153 3.208984375 0.000015259 0.000000000 0.000857873 1.057455893 -0.001098300
154 2.421054840 0.000000000 -0.000034332 0.043174526 0.819359608 0.045011662
155 0.783203125 -0.134643555 -0.023712158 0.156625597 -0.124254089 -0.279237635
156 9.941059113 0.000000000 -0.000030518 -0.258870176 1.208138449 -0.026394740
157 3.403701782 0.000000000 0.000030518 -0.009093961 0.939657871 -0.001132441
158 2.546592712 0.000000000 -0.000034332 0.050622334 0.928087349 0.026112669
159 0.805175781 0.000000000 0.000000000 0.007970885 -0.148203970 -0.014094421
160 9.898437500 -0.000015259 0.000015259 0.008520768 1.208195160 -0.016983373
161 3.537109375 -0.000030518 0.000015259 -0.000193491 0.912542382 0.000193491
162 2.507812500 -0.000030518 0.000007629 0.000320821 0.943623568 -0.000320821
163 0.821777344 0.246826172 -0.027450562 -0.155297577 -0.088051341 0.272296809
164 9.687324524 0.000015259 -0.000053406 0.342851519 1.121789534 -0.008737843
165 3.679656982 0.000000000 0.000030518 -0.002974323 0.934332562 -0.000146806
166 2.700630188 0.000000000 -0.000015259 -0.032371169 0.978263485 -0.042071145
167 0.519531250 0.395996094 -0.161743164 -0.478495596 0.316187846 0.763124936
168 6.753906250 -0.000007629 -0.000030518 0.300769486 0.115172368 -0.360966190
169 4.462749481 0.000000000 0.000030518 0.078557963 0.005930337 -0.087042230
170 86.264892578 0.000053406 0.000061035 1.404508069 0.540807245 1.550440955
171 2.875000000 0.000007629 -0.000030518 0.077338650 0.327301521 -0.037306496
172 8.134368896 0.000000000 0.000000000 0.048478372 -0.198616272 0.084223671
173 8.134399414 0.000000000 0.000000000 0.034971540 -0.058416964 0.102232301
174 8.134391785 0.000000000 0.000000000 0.018088814 -0.016561421 0.101323543
175 8.134384155 0.000000000 0.000000000 -0.052879879 0.006983658 0.107023820
176 8.134384155 -0.000030518 -0.000045776 -0.058415602 0.000172031 0.094587399
177 8.134384155 -0.000045776 -0.000030518 -0.070894535 -0.002846107 0.085461483
178 8.134399414 0.000000000 0.000000000 -0.089153235 -0.005160970 0.085881626
179 8.132812500 -0.000015259 -0.000030518 -0.068334582 0.178608529 0.127167520
180 86.264892578 0.000053406 0.000061035 2.216973038 1.404300048 2.080776596
181 2.875000000 0.000015259 0.000000000 0.292925984 0.306109433 0.655992468
182 8.134414673 0.000000000 0.000000000 -0.086433127 -0.111077117 0.260684450
183 8.134384155 0.000000000 0.000000000 -0.086704558 -0.004029497 0.130468888
184 8.134429932 0.000000000 -0.000038147 -0.086370997 0.020958609 0.098584068
185 8.134384155 -0.000015259 -0.000011444 -0.300549450 0.033129784 0.038293463
186 8.134384155 0.000015259 0.000026703 -0.277948542 0.004189350 0.045524279
187 8.134368896 0.000000000 -0.000015259 -0.261604455 -0.025923444 0.052521590
188 8.134399414 0.000000000 0.000015259 -0.232003442 -0.047346610 0.042028522
189 8.132812500 0.000000000 0.000015259 -0.260945607 0.229749111 -0.175072315
190 25.357345581 -1.346612930 -0.631881714 -1.832842478 0.348202462 1.470064719
191 10.586948395 0.000007629 -0.000045776 0.626476168 0.206309484 -0.033652166
192 19.962787628 -1.182558060 -0.493774414 -2.827724317 1.210077460 0.137379431
193 26.542861938 -0.000034332 5.258386612 -0.000098679 -0.575889304 -3.141563427
194 5.210937500 0.000003815 0.000015259 0.006794064 -0.148408271 0.186380266
195 11.580818176 0.000015259 -0.000030518 0.000000000 0.373150501 0.000000000
196 30.590713501 -0.110137939 0.305744171 0.354343480 -0.031294182 0.029302665
197 7.470626831 0.014289856 0.148300171 -0.039269999 0.324236307 -0.012809601
198 9.858001709 6.173873901 -12.156160355 2.343721255 0.103353816 3.040407058
199 9.858215332 -6.068092346 -12.208475113 -2.352349825 0.104146931 -3.041265021
200 20.049377441 0.061241150 -14.093141556 3.134587295 0.926499159 3.136067236
201 5.580184937 -0.000015259 0.000030518 -0.152611328 0.834151084 -0.240830021
202 6.841278076 -0.000007629 -0.000038147 0.010159920 0.098629505 -0.034069452
203 6.916412354 -0.000009537 0.000007629 -0.284057675 0.169796178 -0.000010178
204 24.600067139 -1.878257751 -11.667314529 -2.002800253 -0.732025296 -0.963281651
205 24.600067139 -1.878257751 -11.667314529 -1.536345236 -0.230748013 -1.702389711
206 24.600067139 -1.878257751 -11.667314529 -1.665549243 0.097947933 -2.370679697
207 24.599960327 1.980178833 -11.650854111 2.009399481 -0.739004495 0.958897021
208 24.599960327 1.980178833 -11.650854111 1.535182712 -0.239155086 1.702686470
209 24.599960327 1.980178833 -11.650854111 1.659403831 0.091981346 2.370144970
210 7.570648193 3.876312256 6.930494308 -2.049238070 1.047095500 -0.535595520
211 7.418060303 -3.974502563 7.604156494 1.014907748 -1.024031318 -2.618339091
212 -86.807075500 0.000003206 0.000005000 0.000000000 0.000000000 0.000244115
213 0.000000000 -0.000000000 0.000000000 0.000000000 0.000000000 0.000244115
214 0.000000000 -0.000000000 0.000000000 0.000000000 0.000000000 0.000244115
215 0.000000000 -0.000000000 0.000000000 0.000000000 0.000000000 0.000244115
216 0.000000000 -0.000000000 0.000000000 0.000000000 0.000000000 0.000244115
217 0.000000000 -0.000000000 0.000000000 0.000000000 0.000000000 0.000244115
218 0.000000000 -0.000000000 0.000000000 0.000000000 0.000000000 0.000244115
219 0.000000000 -0.000000000 0.000000000 0.000000000 0.000000000 0.000244115
220 0.000000000 -0.000000000 0.000000000 0.000000000 0.000000000 0.000244115
221 0.000000000 -0.000000000 0.000000000 0.000000000 0.000000000 0.000244115
222 0.000000000 -0.000000000 0.000000000 0.000000000 0.000000000 0.000244115
223 0.000000000 -0.000000000 0.000000000 0.000000000 0.000000000 0.000244115
time 28
0 0.000000058 -1.317371011 0.000005000 -3.070031189 -1.405328462 1.575135193
1 88.476783752 -0.000055313 -0.000013590 3.141592654 0.000000000 3.141592654
2 -43.495719910 -0.000049591 4.662870407 0.019778754 0.040051688 -3.141196501
3 9.507705688 0.000003815 -0.000020981 -0.665693452 -0.354833479 -0.082046337
4 23.267868042 2.189132690 -3.705406189 1.456154893 -0.000364046 1.571112984
5 11.648437500 0.000000954 0.000061035 0.069456219 -0.821345702 0.079628319
6 29.776115417 -0.000017166 -0.000152588 -0.157836875 0.031624045 0.019927971
7 25.612224579 -0.000019073 0.000091553 1.580924764 0.639579991 -0.235816294
8 8.674346924 -1.907180786 -2.936538696 -0.551336544 -0.109697996 1.608018152
9 0.000000000 -0.000000000 0.000000000 0.000000000 0.000000000 0.000244115
10 -43.495719910 -0.000049591 4.662870407 0.000000000 0.000000000 0.000000000
11 21.580337524 10.273413658 -4.495086670 0.000443181 -0.050770168 0.026756361
12 45.674194336 -0.000015259 0.000013351 -3.140114025 0.142370176 0.000105434
13 55.039112091 0.000005722 -0.000008106 -3.102394896 1.149562499 0.035265651
14 21.580284119 -10.273576736 -4.495073318 0.035906074 -0.485881374 -0.033981894
15 45.674217224 0.000030518 -0.000011444 -3.141297078 0.808441039 0.000032558
16 55.039123535 -0.000038147 -0.000038147 3.102597511 1.141037797 -0.034871996
17 0.161666870 -1.532186508 -10.638456345 2.956990494 0.526752650 -0.151013429
18 14.463714600 -0.000007629 0.000000000 -0.081047097 0.098843631 0.122873034
19 20.708938599 -0.000022888 -0.000038147 0.169387187 0.570696774 0.536802156
20 20.709037781 -0.000005722 0.000030518 0.070403085 0.355019221 0.281069837
21 20.709545135 -0.000009537 0.000030518 0.082831653 -0.154984765 0.012887985
22 0.118850708 -3.636028290 -10.382867813 2.434500799 0.425744052 -0.445148713
23 14.125000000 -0.000020981 -0.000015259 -0.035357820 0.066164596 0.134633092
24 20.265319824 -0.000019073 0.000000000 0.160351992 0.389886829 0.680144802
25 20.265319824 0.000000000 0.000015259 0.080891064 0.264957981 0.360112125
26 20.265625000 -0.000022888 -0.000003815 0.123441198 -0.110923635 0.012539870
27 0.430816650 -8.824714661 -7.827322006 2.282323870 0.372581612 -0.530156543
28 12.544494629 0.000007629 -0.000015259 -0.226312762 0.088937254 0.286364603
29 19.343734741 -0.000030518 -0.000045776 0.111565732 0.222859140 0.707617959
30 19.343750000 -0.000015259 -0.000012398 0.072513628 0.169878606 0.375031067
31 19.343750000 -0.000015259 0.000002861 0.093342565 -0.103909232 0.054682139
32 -0.019638062 -12.396471024 -3.323648453 2.008620014 0.143381469 -0.543463158
33 11.042053223 0.000005722 -0.000015259 -0.280019281 -0.016154575 0.312987514
34 19.073436737 -0.000005722 -0.000038147 0.062855857 0.098061484 0.657192131
35 19.073341370 -0.000015259 -0.000011444 0.056629393 0.093528132 0.344476817
36 19.073867798 -0.000007629 0.000007629 -0.027780791 -0.121876130 0.149460383
37 0.143417358 -12.177965164 2.328493118 1.518810137 -0.161343062 -0.494035262
38 10.827308655 0.000007629 -0.000030518 -0.131549432 -0.109362908 0.202705545
39 18.731544495 0.000003815 0.000000000 0.017238822 -0.014850622 0.569590416
40 18.731609344 -0.000022888 -0.000007629 0.034578010 0.022037617 0.292976644
41 18.732189178 -0.000022888 0.000003815 -0.175404907 -0.195814121 0.242546335
42 0.706604004 -9.159467697 6.887685776 0.979654380 -0.265100170 -0.190766461
43 10.843429565 -0.000005722 -0.000015259 -0.069004954 -0.288914202 0.137551559
44 18.864486694 0.000009537 -0.000022888 -0.021611941 -0.148939954 0.450915128
45 18.864482880 -0.000022888 0.000007629 0.012020572 -0.058288972 0.227688732
46 18.864944458 -0.000015259 -0.000007629 -0.285204721 -0.282617522 0.289021106
47 0.843048096 -2.753784180 9.486446381 0.706399089 -0.191889080 -0.034259716
48 10.832725525 0.000007629 0.000007629 -0.364999828 -0.321717952 0.221549338
49 19.399490356 0.000003815 -0.000045776 -0.033868744 -0.295360913 0.273352782
50 19.399677277 -0.000007629 -0.000015259 -0.002744238 -0.139642521 0.133283128
51 19.400068283 -0.000030518 -0.000015259 -0.179936730 -0.428399075 0.185958615
52 0.161682129 1.532159805 -10.638368607 -3.013842378 0.543413680 0.027915022
53 14.463706970 -0.000007629 -0.000015259 0.104403894 0.089976443 -0.015888168
54 20.708992004 -0.000017166 -0.000003815 0.064274523 0.701519897 0.189047113
55 20.709014893 0.000009537 0.000019073 0.026774041 0.403550296 0.118673082
56 20.709590912 -0.000006676 -0.000007629 -0.064421769 -0.144651026 0.083224303
57 0.118804932 3.636004448 -10.383043289 -2.469501322 0.494057419 0.352816628
58 14.125000000 -0.000015259 -0.000015259 0.054307670 0.064149439 -0.027718143
59 20.265319824 0.000003815 -0.000015259 -0.078292607 0.630548641 -0.184253676
60 20.265342712 0.000013351 -0.000003815 -0.021235385 0.350482301 -0.034268298
61 20.265625000 0.000001907 0.000007629 -0.105205472 -0.089332292 0.085107503
62 0.430816650 8.824708939 -7.827398300 -2.307420255 0.452967450 0.452620192
63 12.544555664 0.000015259 -0.000015259 0.245184585 0.067840966 -0.182236525
64 19.343750000 -0.000017166 -0.000007629 -0.110756732 0.386309410 -0.428787414
65 19.343750000 0.000003815 -0.000015259 -0.050060041 0.227579921 -0.184812913
66 19.343750000 0.000011444 -0.000038147 -0.082675344 -0.079576628 0.044623398
67 -0.019577026 12.396468163 -3.323724747 -2.011439473 0.240529451 0.496970188
68 11.042060852 -0.000007629 0.000000000 0.285536427 -0.042143309 -0.210604091
69 19.073402405 -0.000001907 -0.000045776 -0.056379111 0.124224825 -0.457282832
70 19.073368073 0.000007629 -0.000030518 -0.045535836 0.088694804 -0.236768877
71 19.073940277 0.000005722 -0.000030518 0.024702754 -0.107571286 -0.047670449
72 0.143478394 12.177964211 2.328407288 -1.513386731 -0.054237607 0.499916606
73 10.827339172 -0.000015259 0.000007629 0.124171125 -0.120014946 -0.095783260
74 18.731567383 0.000010490 -0.000007629 -0.008199072 -0.073878009 -0.382870299
75 18.731578827 -0.000010014 -0.000068665 -0.030692587 -0.018290103 -0.212319893
76 18.732147217 0.000002861 0.000030518 0.151081217 -0.198904426 -0.136094813
77 0.706604004 9.159472466 6.887771606 -0.986945522 -0.175781400 0.251635302
78 10.843391418 0.000004768 0.000003815 0.038460992 -0.293620479 -0.024626197
79 18.864517212 -0.000007629 -0.000038147 0.014843922 -0.233245837 -0.253221907
80 18.864459991 -0.000005722 -0.000007629 -0.018031090 -0.103951671 -0.141197514
81 18.865047455 -0.000015259 -0.000038147 0.240280501 -0.303775304 -0.175747099
82 0.842971802 2.753786087 9.486438751 -0.713310361 -0.121941749 0.116538659
83 10.832771301 -0.000001907 0.000015259 0.329574558 -0.358807636 -0.112837668
84 19.399612427 0.000003815 -0.000038147 0.002815507 -0.354514595 -0.054879395
85 19.399597168 -0.000022888 -0.000015259 -0.012412189 -0.169113812 -0.035506948
86 19.400173187 -0.000011444 -0.000015259 0.109390654 -0.442391300 -0.056873665
87 23.268264771 -2.187709808 -3.705850601 -1.456154893 0.000364046 -1.570479669
88 11.648437500 -0.000030518 0.000030518 -0.764883957 0.346425492 -0.011547165
89 19.962635040 1.182556152 -0.494796753 2.827724317 1.210077460 -0.137379431
90 25.357295990 1.346595764 -0.632659912 3.076846989 1.106677904 0.001306576
91 10.585937500 0.000007629 -0.000022888 -0.623342345 0.227380332 0.017522868
92 29.775835037 0.000000000 -0.000091553 0.435402117 0.827440372 -1.056214159
93 22.736808777 -0.004570007 -0.007400513 -0.403634162 -0.194474916 -2.864551704
94 0.073730469 -0.706542969 -0.275878906 3.108708963 1.060822320 -1.218630118
95 13.120170593 0.000022888 0.000022888 -1.195152931 0.222020509 -0.778466173
96 12.350074768 -0.000015259 -0.000015259 -1.483741303 1.174705017 -0.814896293
97 15.541244507 -0.000045776 -0.000007629 0.325255922 0.841573741 1.070621803
98 14.906250000 -0.000015259 0.000003815 -0.042677867 0.369680511 0.672227961
99 14.182762146 -0.000030518 -0.000015259 -0.283436883 0.565158333 0.005035658
100 6.140625000 -0.523925781 -0.378906250 -1.477194727 1.053440568 -1.062973473
101 11.348442078 0.000007629 -0.000038147 -2.594243984 -0.916636867 -0.229879615
102 12.005210876 -0.000015259 -0.000030518 -1.370929886 1.184558779 -1.153704304
103 15.865591049 -0.000022888 0.000007629 -0.137922419 1.096994920 0.456812325
104 14.851562500 -0.000015259 0.000007629 -0.602971193 0.548619168 -0.005326657
105 12.538974762 -0.414978027 -0.272300720 -0.965726001 1.123573679 -0.775593473
106 10.619346619 0.000000000 0.000007629 2.457286910 -0.962430948 0.813491025
107 12.043018341 -0.000015259 0.000030518 -1.263805368 1.301207021 -1.161268203
108 15.310400009 -0.000015259 -0.000015259 -0.421142219 0.518417852 -0.022033187
109 19.857913971 0.000007629 0.000000000 0.261383692 1.439520621 0.519489767
110 10.617187500 0.000015259 0.000022888 -1.169872204 -0.557057173 1.407866887
111 11.091686249 0.000007629 -0.000030518 -2.957031938 -0.407219133 -0.279420241
112 25.612260818 0.000007629 -0.000152588 -0.952077214 -0.199340542 0.082461341
113 0.732421875 0.378173828 -0.043365479 -0.298448110 -0.042506783 0.541930270
114 9.421440125 0.000015259 -0.000022888 0.376985193 0.989139988 -0.158374132
115 3.208984375 -0.000007629 -0.000007629 -0.000900778 0.927088290 0.001093729
116 2.421096802 0.000022888 0.000019073 -0.050443158 0.688441461 -0.044503315
117 0.783203125 0.134643555 -0.023910522 -0.156336213 -0.123510422 0.279151765
118 9.940933228 -0.000007629 -0.000007629 0.161817679 0.963323119 -0.082617437
119 3.403709412 -0.000007629 -0.000015259 -0.009001117 0.689879404 -0.004885124
120 2.546600342 0.000007629 0.000000000 -0.042829088 0.678048449 -0.013732072
121 0.805175781 0.000000000 0.000000000 -0.007963538 -0.147251916 0.014089588
122 9.898437500 0.000000000 0.000038147 -0.011887432 0.857189831 0.004722858
123 3.537029266 0.000000000 -0.000030518 0.015666009 0.561720338 0.009460674
124 2.507812500 -0.000007629 0.000007629 0.001414853 0.592390064 0.014690864
125 0.821777344 -0.246826172 -0.028747559 0.155124828 -0.087466036 -0.272238366
126 9.687484741 -0.000026703 0.000015259 -0.214202260 0.792087249 0.164834178
127 3.679679871 0.000000000 0.000015259 -0.003198186 0.592472491 -0.001607877
128 2.700599670 0.000000000 -0.000015259 0.031346709 0.636686851 0.032782188
129 0.519042969 -0.395996094 -0.161987305 0.477878787 0.316754060 -0.763355711
130 6.753906250 -0.000005722 -0.000045776 -0.536221635 0.681769393 0.000560917
131 4.462627411 -0.000034332 0.000000000 -0.078001298 0.008849486 0.122395973
132 22.736743927 0.004549980 -0.007263184 0.534381965 -0.033288286 -2.519480346
133 0.073730469 0.706542969 -0.276367188 -0.922469904 -0.094659232 -2.431561609
134 13.119304657 0.000015259 -0.000015259 1.017152873 -0.625206596 -0.396402223
135 12.350997925 0.000015259 -0.000015259 0.382105172 -0.272576719 0.097822088
136 15.540859222 0.000000000 0.000030518 -0.250301591 -0.148889808 0.119477404
137 14.906250000 -0.000011444 -0.000015259 -0.254031764 -0.114223031 0.073703689
138 14.182880402 -0.000003815 0.000030518 0.144748593 0.404741690 -0.074004282
139 6.140625000 0.523925781 -0.378662109 -2.204287358 -0.088500289 -2.313550136
140 11.348976135 0.000007629 0.000015259 2.183100434 0.224452862 -0.654271282
141 12.004642487 0.000000000 -0.000030518 -0.111482537 -0.274969430 0.115233385
142 15.865940094 -0.000001907 -0.000015259 -0.130439880 -0.155651980 0.043591499
143 14.851562500 -0.000002861 0.000000000 0.385925489 0.415597577 -0.115819727
144 12.539043427 0.414962769 -0.272758484 -2.311434039 -0.016363636 -2.293331256
145 10.619075775 -0.000001907 -0.000030518 2.674197922 0.357341628 -0.625362788
146 12.043624878 -0.000003815 -0.000015259 -0.458506743 -0.177604773 0.211680944
147 15.309879303 0.000001907 0.000015259 0.131864151 0.397918537 -0.117415832
148 19.857963562 -0.000022888 0.000038147 -2.278526105 0.037234624 -2.325653416
149 10.618190765 0.000000000 0.000000000 -0.024532414 0.281396698 -0.466988896
150 11.091796875 0.000007629 -0.000015259 2.664295247 -0.230632039 0.275887107
151 0.732421875 -0.378417969 -0.043029785 0.298829922 -0.043211786 -0.541974052
152 9.421363831 -0.000030518 0.000007629 -0.470241755 1.108872100 0.050969701
153 3.208984375 0.000015259 0.000000000 0.000857873 1.057455893 -0.001098300
154 2.421054840 0.000000000 -0.000034332 0.043174526 0.819359608 0.045011662
155 0.783203125 -0.134643555 -0.023712158 0.156625597 -0.124254089 -0.279237635
156 9.941059113 0.000000000 -0.000030518 -0.258870176 1.208138449 -0.026394740
157 3.403701782 0.000000000 0.000030518 -0.009093961 0.939657871 -0.001132441
158 2.546592712 0.000000000 -0.000034332 0.050622334 0.928087349 0.026112669
159 0.805175781 0.000000000 0.000000000 0.007970885 -0.148203970 -0.014094421
160 9.898437500 -0.000015259 0.000015259 0.008520768 1.208195160 -0.016983373
161 3.537109375 -0.000030518 0.000015259 -0.000193491 0.912542382 0.000193491
162 2.507812500 -0.000030518 0.000007629 0.000320821 0.943623568 -0.000320821
163 0.821777344 0.246826172 -0.027450562 -0.155297577 -0.088051341 0.272296809
164 9.687324524 0.000015259 -0.000053406 0.342851519 1.121789534 -0.008737843
165 3.679656982 0.000000000 0.000030518 -0.002974323 0.934332562 -0.000146806
166 2.700630188 0.000000000 -0.000015259 -0.032371169 0.978263485 -0.042071145
167 0.519531250 0.395996094 -0.161743164 -0.478495596 0.316187846 0.763124936
168 6.753906250 -0.000007629 -0.000030518 0.300769486 0.115172368 -0.360966190
169 4.462749481 0.000000000 0.000030518 0.078557963 0.005930337 -0.087042230
170 86.264892578 0.000053406 0.000061035 1.416513240 0.569460371 1.585991074
171 2.875000000 0.000007629 -0.000030518 0.074659022 0.344813245 -0.034342229
172 8.134368896 0.000000000 0.000000000 0.046002737 -0.212513925 0.097508746
173 8.134399414 0.000000000 0.000000000 0.033850178 -0.070990974 0.116260550
174 8.134391785 0.000000000 0.000000000 0.017208097 -0.025628297 0.114484641
175 8.134384155 0.000000000 0.000000000 -0.053161274 0.000412293 0.119478351
176 8.134384155 -0.000030518 -0.000045776 -0.058355749 -0.006607909 0.105334074
177 8.134384155 -0.000045776 -0.000030518 -0.070144062 -0.010062022 0.095137466
178 8.134399414 0.000000000 0.000000000 -0.086196043 -0.012920028 0.095458644
179 8.132812500 -0.000015259 -0.000030518 -0.068334582 0.178608529 0.127167520
180 86.264892578 0.000053406 0.000061035 2.717247832 1.403182723 2.526716961
181 2.875000000 0.000015259 0.000000000 0.298174483 0.344652353 0.660217366
182 8.134414673 0.000000000 0.000000000 -0.087050248 -0.096952487 0.279384527
183 8.134384155 0.000000000 0.000000000 -0.087225596 0.004125120 0.145877841
184 8.134429932 0.000000000 -0.000038147 -0.087175590 0.028186727 0.110466924
185 8.134384155 -0.000015259 -0.000011444 -0.301184685 0.039963645 0.045810082
186 8.134384155 0.000015259 0.000026703 -0.278657427 0.007482897 0.053346399
187 8.134368896 0.000000000 -0.000015259 -0.262118663 -0.026724521 0.060910589
188 8.134399414 0.000000000 0.000015259 -0.231109610 -0.051690673 0.049727862
189 8.132812500 0.000000000 0.000015259 -0.260945607 0.229749111 -0.175072315
190 25.357345581 -1.346612930 -0.631881714 -1.826366447 0.294275346 1.495124268
191 10.586948395 0.000007629 -0.000045776 0.625038843 0.217802354 -0.024892917
192 19.962787628 -1.182558060 -0.493774414 -2.827724317 1.210077460 0.137379431
193 26.542861938 -0.000034332 5.258386612 -0.000098679 -0.575889304 -3.141563427
194 5.210937500 0.000003815 0.000015259 0.004792122 -0.144272366 0.218348347
195 11.580818176 0.000015259 -0.000030518 0.000000000 0.373150501 0.000000000
196 30.590713501 -0.110137939 0.305744171 0.463567545 -0.041689655 0.020675090
197 7.470626831 0.014289856 0.148300171 -0.020550099 0.324222976 -0.012807596
198 9.858001709 6.173873901 -12.156160355 2.343721255 0.103353816 3.040407058
199 9.858215332 -6.068092346 -12.208475113 -2.352349825 0.104146931 -3.041265021
200 20.049377441 0.061241150 -14.093141556 3.134587295 0.926499159 3.136067236
201 5.580184937 -0.000015259 0.000030518 -0.200919208 0.866952857 -0.304477509
202 6.841278076 -0.000007629 -0.000038147 0.007983731 0.128661725 -0.061426972
203 6.916412354 -0.000009537 0.000007629 -0.284057675 0.169796178 -0.000010178
204 24.600067139 -1.878257751 -11.667314529 -2.002800253 -0.732025296 -0.963281651
205 24.600067139 -1.878257751 -11.667314529 -1.536345236 -0.230748013 -1.702389711
206 24.600067139 -1.878257751 -11.667314529 -1.665549243 0.097947933 -2.370679697
207 24.599960327 1.980178833 -11.650854111 2.009399481 -0.739004495 0.958897021
208 24.599960327 1.980178833 -11.650854111 1.535182712 -0.239155086 1.702686470
209 24.599960327 1.980178833 -11.650854111 1.659403831 0.091981346 2.370144970
210 7.570648193 3.876312256 6.930494308 -2.049238070 1.047095500 -0.535595520
211 7.418060303 -3.974502563 7.604156494 1.014907748 -1.024031318 -2.618339091
212 -86.807075500 0.000003206 0.000005000 0.000000000 0.000000000 0.000244115
213 0.000000000 -0.000000000 0.000000000 0.000000000 0.000000000 0.000244115
214 0.000000000 -0.000000000 0.000000000 0.000000000 0.000000000 0.000244115
215 0.000000000 -0.000000000 0.000000000 0.000000000 0.000000000 0.000244115
216 0.000000000 -0.000000000 0.000000000 0.000000000 0.000000000 0.000244115
217 0.000000000 -0.000000000 0.000000000 0.000000000 0.000000000 0.000244115
218 0.000000000 -0.000000000 0.000000000 0.000000000 0.000000000 0.000244115
219 0.000000000 -0.000000000 0.000000000 0.000000000 0.000000000 0.000244115
220 0.000000000 -0.000000000 0.000000000 0.000000000 0.000000000 0.000244115
221 0.000000000 -0.000000000 0.000000000 0.000000000 0.000000000 0.000244115
222 0.000000000 -0.000000000 0.000000000 0.000000000 0.000000000 0.000244115
223 0.000000000 -0.000000000 0.000000000 0.000000000 0.000000000 0.000244115
time 29
0 0.000000015 -0.344307989 0.000005000 -3.105854208 -1.395467794 1.572373744
1 88.476783752 -0.000055313 -0.000013590 3.141592654 -0.000000000 3.141592654
2 -43.495719910 -0.000049591 4.662870407 0.004836467 0.038758530 -3.141498915
3 9.507705688 0.000003815 -0.000020981 -0.693698730 -0.360588923 -0.083413096
4 23.267868042 2.189132690 -3.705406189 1.456154893 -0.000364046 1.571112984
5 11.648437500 0.000000954 0.000061035 0.039335739 -0.841130767 0.005291973
6 29.776115417 -0.000017166 -0.000152588 -0.080075383 0.018623290 0.005560407
7 25.612224579 -0.000019073 0.000091553 1.593406504 0.645601996 -0.240418202
8 8.674346924 -1.907180786 -2.936538696 -0.551336544 -0.109697996 1.608018152
9 0.000000000 -0.000000000 0.000000000 0.000000000 0.000000000 0.000244115
10 -43.495719910 -0.000049591 4.662870407 0.000000000 0.000000000 0.000000000
11 21.580337524 10.273413658 -4.495086670 -0.000627574 -0.044020627 0.028506206
12 45.674194336 -0.000015259 0.000013351 -3.140115957 0.129652215 0.000095863
13 55.039112091 0.000005722 -0.000008106 -3.103331337 1.143305115 0.034264115
14 21.580284119 -10.273576736 -4.495073318 0.023526808 -0.521215746 -0.028252050
15 45.674217224 0.000030518 -0.000011444 -3.141297078 0.808441039 0.000032558
16 55.039123535 -0.000038147 -0.000038147 3.102597511 1.141037797 -0.034871996
17 0.161666870 -1.532186508 -10.638456345 2.956990494 0.526752650 -0.151013429
18 14.463714600 -0.000007629 0.000000000 -0.081047097 0.098843631 0.122873034
19 20.708938599 -0.000022888 -0.000038147 0.144307493 0.529260838 0.488386768
20 20.709037781 -0.000005722 0.000030518 0.081497743 0.413774712 0.307742383
21 20.709545135 -0.000009537 0.000030518 0.082831653 -0.154984765 0.012887985
22 0.118850708 -3.636028290 -10.382867813 2.434484461 0.425713246 -0.445235725
23 14.125000000 -0.000020981 -0.000015259 -0.035357820 0.066164596 0.134633092
24 20.265319824 -0.000019073 0.000000000 0.143983909 0.370397412 0.632234972
25 20.265319824 0.000000000 0.000015259 0.091776266 0.306008949 0.399827697
26 20.265625000 -0.000022888 -0.000003815 0.123441198 -0.110923635 0.012539870
27 0.430816650 -8.824714661 -7.827322006 2.282323870 0.372581612 -0.530156543
28 12.544494629 0.000007629 -0.000015259 -0.226312762 0.088937254 0.286364603
29 19.343734741 -0.000030518 -0.000045776 0.105430579 0.218180952 0.669227909
30 19.343750000 -0.000015259 -0.000012398 0.079128992 0.196787943 0.417434168
31 19.343750000 -0.000015259 0.000002861 0.093342565 -0.103909232 0.054682139
32 -0.019638062 -12.396471024 -3.323648453 2.008620014 0.143381469 -0.543463158
33 11.042053223 0.000005722 -0.000015259 -0.280019281 -0.016154575 0.312987514
34 19.073436737 -0.000005722 -0.000038147 0.063288975 0.103768690 0.631436696
35 19.073341370 -0.000015259 -0.000011444 0.059379274 0.110954890 0.385562439
36 19.073867798 -0.000007629 0.000007629 -0.027780791 -0.121876130 0.149460383
37 0.143417358 -12.177965164 2.328493118 1.518810137 -0.161343062 -0.494035262
38 10.827308655 0.000007629 -0.000030518 -0.131549432 -0.109362908 0.202705545
39 18.731544495 0.000003815 0.000000000 0.021069539 0.000528847 0.557047853
40 18.731609344 -0.000022888 -0.000007629 0.034292033 0.031291935 0.331343740
41 18.732189178 -0.000022888 0.000003815 -0.175404907 -0.195814121 0.242546335
42 0.706604004 -9.159467697 6.887685776 0.979654380 -0.265100170 -0.190766461
43 10.843429565 -0.000005722 -0.000015259 -0.069004954 -0.288914202 0.137551559
44 18.864486694 0.000009537 -0.000022888 -0.017380646 -0.123896082 0.451222661
45 18.864482880 -0.000022888 0.000007629 0.009184130 -0.059645917 0.262921089
46 18.864944458 -0.000015259 -0.000007629 -0.285204721 -0.282617522 0.289021106
47 0.843048096 -2.753784180 9.486446381 0.706399089 -0.191889080 -0.034259716
48 10.832725525 0.000007629 0.000007629 -0.364999828 -0.321717952 0.221549338
49 19.399490356 0.000003815 -0.000045776 -0.034351712 -0.264076032 0.291717157
50 19.399677277 -0.000007629 -0.000015259 -0.006664949 -0.156712047 0.160873380
51 19.400068283 -0.000030518 -0.000015259 -0.179936730 -0.428399075 0.185958615
52 0.161682129 1.532159805 -10.638368607 -3.013842378 0.543413680 0.027915022
53 14.463706970 -0.000007629 -0.000015259 0.104403894 0.089976443 -0.015888168
54 20.708992004 -0.000017166 -0.000003815 0.053166799 0.635037960 0.173870634
55 20.709014893 0.000009537 0.000019073 0.026728782 0.477650433 0.110771355
56 20.709590912 -0.000006676 -0.000007629 -0.064421769 -0.144651026 0.083224303
57 0.118804932 3.636004448 -10.383043289 -2.469501322 0.494057419 0.352816628
58 14.125000000 -0.000015259 -0.000015259 0.054307670 0.064149439 -0.027718143
59 20.265319824 0.000003815 -0.000015259 -0.058859709 0.561441667 -0.143325568
60 20.265342712 0.000013351 -0.000003815 -0.034757750 0.423487414 -0.082722930
61 20.265625000 0.000001907 0.000007629 -0.105205472 -0.089332292 0.085107503
62 0.430816650 8.824708939 -7.827398300 -2.307420255 0.452967450 0.452620192
63 12.544555664 0.000015259 -0.000015259 0.245184585 0.067840966 -0.182236525
64 19.343750000 -0.000017166 -0.000007629 -0.086948582 0.336875806 -0.354971352
65 19.343750000 0.000003815 -0.000015259 -0.063485699 0.269799755 -0.254833033
66 19.343750000 0.000011444 -0.000038147 -0.082675344 -0.079576628 0.044623398
67 -0.019577026 12.396468163 -3.323724747 -2.011439473 0.240529451 0.496970188
68 11.042060852 -0.000007629 0.000000000 0.285536427 -0.042143309 -0.210604091
69 19.073402405 -0.000001907 -0.000045776 -0.047057318 0.094873398 -0.377058184
70 19.073368073 0.000007629 -0.000030518 -0.048217137 0.098530879 -0.298588426
71 19.073940277 0.000005722 -0.000030518 0.024702754 -0.107571286 -0.047670449
72 0.143478394 12.177964211 2.328407288 -1.513386731 -0.054237607 0.499916606
73 10.827339172 -0.000015259 0.000007629 0.124171125 -0.120014946 -0.095783260
74 18.731567383 0.000010490 -0.000007629 -0.011455431 -0.087461265 -0.305163563
75 18.731578827 -0.000010014 -0.000068665 -0.026611719 -0.029967146 -0.255676495
76 18.732147217 0.000002861 0.000030518 0.151081217 -0.198904426 -0.136094813
77 0.706604004 9.159472466 6.887771606 -0.986945522 -0.175781400 0.251635302
78 10.843391418 0.000004768 0.000003815 0.038460992 -0.293620479 -0.024626197
79 18.864517212 -0.000007629 -0.000038147 0.003613200 -0.229547776 -0.185230713
80 18.864459991 -0.000005722 -0.000007629 -0.012720125 -0.129141469 -0.163971013
81 18.865047455 -0.000015259 -0.000038147 0.240280501 -0.303775304 -0.175747099
82 0.842971802 2.753786087 9.486438751 -0.713310361 -0.121941749 0.116538659
83 10.832771301 -0.000001907 0.000015259 0.329574558 -0.358807636 -0.112837668
84 19.399612427 0.000003815 -0.000038147 -0.009285072 -0.331180914 -0.004661819
85 19.399597168 -0.000022888 -0.000015259 -0.010729859 -0.200204013 -0.034839677
86 19.400173187 -0.000011444 -0.000015259 0.109395722 -0.442479549 -0.056880201
87 23.268264771 -2.187709808 -3.705850601 -1.456154893 0.000364046 -1.570479669
88 11.648437500 -0.000030518 0.000030518 -0.835858742 0.334204735 0.000463919
89 19.962635040 1.182556152 -0.494796753 2.827724317 1.210077460 -0.137379431
90 25.357295990 1.346595764 -0.632659912 -3.030072128 1.000596379 0.203140257
91 10.585937500 0.000007629 -0.000022888 -0.623342345 0.227380332 0.017522868
92 29.775835037 0.000000000 -0.000091553 0.472238079 0.885002550 -1.090546195
93 22.736808777 -0.004570007 -0.007400513 -0.403634162 -0.194474916 -2.864551704
94 0.073730469 -0.706542969 -0.275878906 3.101063125 1.117855565 -1.222918978
95 13.120170593 0.000022888 0.000022888 -1.165456410 0.286335952 -0.668895174
96 12.350074768 -0.000015259 -0.000015259 -1.276743980 1.115014593 -0.603530142
97 15.541244507 -0.000045776 -0.000007629 0.402867765 0.877491306 1.144639129
98 14.906250000 -0.000015259 0.000003815 0.050290313 0.456342174 0.795778028
99 14.182762146 -0.000030518 -0.000015259 -0.283436883 0.565158333 0.005035658
100 6.140625000 -0.523925781 -0.378906250 -1.486944464 1.097140728 -1.067403294
101 11.348442078 0.000007629 -0.000038147 -2.532119933 -0.749868878 -0.313110329
102 12.005210876 -0.000015259 -0.000030518 -1.206753481 1.191579645 -0.979045197
103 15.865591049 -0.000022888 0.000007629 0.026741723 1.181440701 0.621229614
104 14.851562500 -0.000015259 0.000007629 -0.602971193 0.548619168 -0.005326657
105 12.538974762 -0.414978027 -0.272300720 -1.013652650 1.129369860 -0.820628633
106 10.619346619 0.000000000 0.000007629 2.745755497 -0.904368134 0.445122595
107 12.043018341 -0.000015259 0.000030518 -1.413839747 1.376278739 -1.286996075
108 15.310400009 -0.000015259 -0.000015259 -0.421142219 0.518417852 -0.022033187
109 19.857913971 0.000007629 0.000000000 -0.501046876 1.410001635 -0.244142185
110 10.617187500 0.000015259 0.000022888 -1.070772036 -0.610224059 1.221771991
111 11.091686249 0.000007629 -0.000030518 -2.957031938 -0.407219133 -0.279420241
112 25.612260818 0.000007629 -0.000152588 -0.952077214 -0.199340542 0.082461341
113 0.732421875 0.378173828 -0.043365479 -0.298448110 -0.042506783 0.541930270
114 9.421440125 0.000015259 -0.000022888 0.376985193 0.989139988 -0.158374132
115 3.208984375 -0.000007629 -0.000007629 -0.000900778 0.927088290 0.001093729
116 2.421096802 0.000022888 0.000019073 -0.050443158 0.688441461 -0.044503315
117 0.783203125 0.134643555 -0.023910522 -0.156336213 -0.123510422 0.279151765
118 9.940933228 -0.000007629 -0.000007629 0.161817679 0.963323119 -0.082617437
119 3.403709412 -0.000007629 -0.000015259 -0.009001117 0.689879404 -0.004885124
120 2.546600342 0.000007629 0.000000000 -0.042829088 0.678048449 -0.013732072
121 0.805175781 0.000000000 0.000000000 -0.007963538 -0.147251916 0.014089588
122 9.898437500 0.000000000 0.000038147 -0.011887432 0.857189831 0.004722858
123 3.537029266 0.000000000 -0.000030518 0.015666009 0.561720338 0.009460674
124 2.507812500 -0.000007629 0.000007629 0.001414853 0.592390064 0.014690864
125 0.821777344 -0.246826172 -0.028747559 0.155124828 -0.087466036 -0.272238366
126 9.687484741 -0.000026703 0.000015259 -0.214202260 0.792087249 0.164834178
127 3.679679871 0.000000000 0.000015259 -0.003198186 0.592472491 -0.001607877
128 2.700599670 0.000000000 -0.000015259 0.031346709 0.636686851 0.032782188
129 0.519042969 -0.395996094 -0.161987305 0.477878787 0.316754060 -0.763355711
130 6.753906250 -0.000005722 -0.000045776 -0.536221635 0.681769393 0.000560917
131 4.462627411 -0.000034332 0.000000000 -0.078001298 0.008849486 0.122395973
132 22.736743927 0.004549980 -0.007263184 0.541450769 -0.038057200 -2.495805981
133 0.073730469 0.706542969 -0.276367188 -0.922325950 -0.006837511 -2.449889415
134 13.119304657 0.000015259 -0.000015259 1.062604955 -0.678927576 -0.448542081
135 12.350997925 0.000015259 -0.000015259 0.387453949 -0.308797813 0.107410466
136 15.540859222 0.000000000 0.000030518 -0.244621843 -0.167815240 0.126058651
137 14.906250000 -0.000011444 -0.000015259 -0.246941106 -0.127702506 0.072178122
138 14.182880402 -0.000003815 0.000030518 0.148941520 0.409729634 -0.075033059
139 6.140625000 0.523925781 -0.378662109 -2.208444923 -0.009811380 -2.316058542
140 11.348976135 0.000007629 0.000015259 2.174933096 0.247041901 -0.716244727
141 12.004642487 0.000000000 -0.000030518 -0.109516169 -0.312430355 0.119782993
142 15.865940094 -0.000001907 -0.000015259 -0.126969740 -0.173533382 0.036149776
143 14.851562500 -0.000002861 0.000000000 0.389480746 0.420865807 -0.116118776
144 12.539043427 0.414962769 -0.272758484 -2.317878451 0.061057082 -2.290643298
145 10.619075775 -0.000001907 -0.000030518 2.654638881 0.392020756 -0.685964853
146 12.043624878 -0.000003815 -0.000015259 -0.460500944 -0.209819427 0.228724896
147 15.309879303 0.000001907 0.000015259 0.135211561 0.403282416 -0.118489790
148 19.857963562 -0.000022888 0.000038147 -2.286486970 0.110992389 -2.323835595
149 10.618190765 0.000000000 0.000000000 -0.039852127 0.313196218 -0.510513619
150 11.091796875 0.000007629 -0.000015259 2.675709288 -0.236886660 0.292669973
151 0.732421875 -0.378417969 -0.043029785 0.298829922 -0.043211786 -0.541974052
152 9.421363831 -0.000030518 0.000007629 -0.470241755 1.108872100 0.050969701
153 3.208984375 0.000015259 0.000000000 0.000857873 1.057455893 -0.001098300
154 2.421054840 0.000000000 -0.000034332 0.043174526 0.819359608 0.045011662
155 0.783203125 -0.134643555 -0.023712158 0.156625597 -0.124254089 -0.279237635
156 9.941059113 0.000000000 -0.000030518 -0.258870176 1.208138449 -0.026394740
157 3.403701782 0.000000000 0.000030518 -0.009093961 0.939657871 -0.001132441
158 2.546592712 0.000000000 -0.000034332 0.050622334 0.928087349 0.026112669
159 0.805175781 0.000000000 0.000000000 0.007970885 -0.148203970 -0.014094421
160 9.898437500 -0.000015259 0.000015259 0.008520768 1.208195160 -0.016983373
161 3.537109375 -0.000030518 0.000015259 -0.000193491 0.912542382 0.000193491
162 2.507812500 -0.000030518 0.000007629 0.000320821 0.943623568 -0.000320821
163 0.821777344 0.246826172 -0.027450562 -0.155297577 -0.088051341 0.272296809
164 9.687324524 0.000015259 -0.000053406 0.342851519 1.121789534 -0.008737843
165 3.679656982 0.000000000 0.000030518 -0.002974323 0.934332562 -0.000146806
166 2.700630188 0.000000000 -0.000015259 -0.032371169 0.978263485 -0.042071145
167 0.519531250 0.395996094 -0.161743164 -0.478495596 0.316187846 0.763124936
168 6.753906250 -0.000007629 -0.000030518 0.300769486 0.115172368 -0.360966190
169 4.462749481 0.000000000 0.000030518 0.078557963 0.005930337 -0.087042230
170 86.264892578 0.000053406 0.000061035 1.433382423 0.616291256 1.626146326
171 2.875000000 0.000007629 -0.000030518 0.063179600 0.375969524 -0.041695034
172 8.134368896 0.000000000 0.000000000 0.042973944 -0.228487654 0.105404024
173 8.134399414 0.000000000 0.000000000 0.032027267 -0.086422732 0.128145489
174 8.134391785 0.000000000 0.000000000 0.015977463 -0.035955412 0.126362182
175 8.134384155 0.000000000 0.000000000 -0.054051980 -0.006323290 0.130823079
176 8.134384155 -0.000030518 -0.000045776 -0.059825841 -0.013352200 0.114452968
177 8.134384155 -0.000045776 -0.000030518 -0.072114057 -0.017149052 0.102327073
178 8.134399414 0.000000000 0.000000000 -0.089157745 -0.020619868 0.102059342
179 8.132812500 -0.000015259 -0.000030518 -0.068334582 0.178608529 0.127167520
180 86.264892578 0.000053406 0.000061035 -2.983539736 1.382580137 3.068002784
181 2.875000000 0.000015259 0.000000000 0.296744086 0.387427526 0.658227146
182 8.134414673 0.000000000 0.000000000 -0.090268215 -0.084769146 0.300339184
183 8.134384155 0.000000000 0.000000000 -0.090083426 0.010850307 0.161525860
184 8.134429932 0.000000000 -0.000038147 -0.090703054 0.035191416 0.121021611
185 8.134384155 -0.000015259 -0.000011444 -0.305324010 0.047362043 0.050025199
186 8.134384155 0.000015259 0.000026703 -0.283433015 0.011334688 0.058031146
187 8.134368896 0.000000000 -0.000015259 -0.268075315 -0.027273311 0.066578776
188 8.134399414 0.000000000 0.000015259 -0.238944381 -0.055999351 0.054475210
189 8.132812500 0.000000000 0.000015259 -0.260945607 0.229749111 -0.175072315
190 25.357345581 -1.346612930 -0.631881714 -1.834964574 0.295297677 1.489279807
191 10.586948395 0.000007629 -0.000045776 0.624069836 0.224924279 -0.019418875
192 19.962787628 -1.182558060 -0.493774414 -2.827724317 1.210077460 0.137379431
193 26.542861938 -0.000034332 5.258386612 -0.000098679 -0.575889304 -3.141563427
194 5.210937500 0.000003815 0.000015259 0.001901077 -0.147240607 0.252045389
195 11.580818176 0.000015259 -0.000030518 0.000000000 0.373150501 0.000000000
196 30.590713501 -0.110137939 0.305744171 0.538354578 -0.055968297 0.014922744
197 7.470626831 0.014289856 0.148300171 -0.008470981 0.324198736 -0.012755698
198 9.858001709 6.173873901 -12.156160355 2.343721255 0.103353816 3.040407058
199 9.858215332 -6.068092346 -12.208475113 -2.352349825 0.104146931 -3.041265021
200 20.049377441 0.061241150 -14.093141556 3.134587295 0.926499159 3.136067236
201 5.580184937 -0.000015259 0.000030518 -0.279834973 0.922492850 -0.402700991
202 6.841278076 -0.000007629 -0.000038147 0.002516087 0.178851075 -0.103469914
203 6.916412354 -0.000009537 0.000007629 -0.284057675 0.169796178 -0.000010178
204 24.600067139 -1.878257751 -11.667314529 -2.002800253 -0.732025296 -0.963281651
205 24.600067139 -1.878257751 -11.667314529 -1.536345236 -0.230748013 -1.702389711
206 24.600067139 -1.878257751 -11.667314529 -1.665549243 0.097947933 -2.370679697
207 24.599960327 1.980178833 -11.650854111 2.009399481 -0.739004495 0.958897021
208 24.599960327 1.980178833 -11.650854111 1.535182712 -0.239155086 1.702686470
209 24.599960327 1.980178833 -11.650854111 1.659403831 0.091981346 2.370144970
210 7.570648193 3.876312256 6.930494308 -2.049238070 1.047095500 -0.535595520
211 7.418060303 -3.974502563 7.604156494 1.014907748 -1.024031318 -2.618339091
212 -86.807075500 0.000003206 0.000005000 0.000000000 0.000000000 0.000244115
213 0.000000000 -0.000000000 0.000000000 0.000000000 0.000000000 0.000244115
214 0.000000000 -0.000000000 0.000000000 0.000000000 0.000000000 0.000244115
215 0.000000000 -0.000000000 0.000000000 0.000000000 0.000000000 0.000244115
216 0.000000000 -0.000000000 0.000000000 0.000000000 0.000000000 0.000244115
217 0.000000000 -0.000000000 0.000000000 0.000000000 0.000000000 0.000244115
218 0.000000000 -0.000000000 0.000000000 0.000000000 0.000000000 0.000244115
219 0.000000000 -0.000000000 0.000000000 0.000000000 0.000000000 0.000244115
220 0.000000000 -0.000000000 0.000000000 0.000000000 0.000000000 0.000244115
221 0.000000000 -0.000000000 0.000000000 0.000000000 0.000000000 0.000244115
222 0.000000000 -0.000000000 0.000000000 0.000000000 0.000000000 0.000244115
223 0.000000000 -0.000000000 0.000000000 0.000000000 0.000000000 0.000244115
time 30
0 -0.000000000 0.000007000 0.000005000 3.141592654 -1.392019827 1.570796327
1 88.476783752 -0.000055313 -0.000013590 3.141592654 -0.000000000 3.141592654
2 -43.495719910 -0.000049591 4.662870407 -0.000431821 0.038240646 3.141584396
3 9.507705688 0.000003815 -0.000020981 -0.703692714 -0.362603122 -0.083919253
4 23.267868042 2.189132690 -3.705406189 1.456154893 -0.000364046 1.571112984
5 11.648437500 0.000000954 0.000061035 0.026115841 -0.848269058 -0.021548564
6 29.776115417 -0.000017166 -0.000152588 -0.000086027 0.003366362 0.000172489
7 25.612224579 -0.000019073 0.000091553 1.597990691 0.647751676 -0.245567957
8 8.674346924 -1.907180786 -2.936538696 -0.551336544 -0.109697996 1.608018152
9 0.000000000 -0.000000000 0.000000000 0.000000000 0.000000000 0.000244115
10 -43.495719910 -0.000049591 4.662870407 0.000000000 0.000000000 0.000000000
11 21.580337524 10.273413658 -4.495086670 -0.001058522 -0.041682809 0.030067949
12 45.674194336 -0.000015259 0.000013351 -3.140116596 0.125154589 0.000092488
13 55.039112091 0.000005722 -0.000008106 -3.103804510 1.141052449 0.033789948
14 21.580284119 -10.273576736 -4.495073318 0.019106118 -0.540960306 -0.026259240
15 45.674217224 0.000030518 -0.000011444 -3.141297078 0.808441039 0.000032558
16 55.039123535 -0.000038147 -0.000038147 3.102597511 1.141037797 -0.034871996
17 0.161666870 -1.532186508 -10.638456345 2.956990494 0.526752650 -0.151013429
18 14.463714600 -0.000007629 0.000000000 -0.081047097 0.098843631 0.122873034
19 20.708938599 -0.000022888 -0.000038147 0.114391473 0.461403620 0.432662549
20 20.709037781 -0.000005722 0.000030518 0.094710087 0.470480990 0.338035108
21 20.709545135 -0.000009537 0.000030518 0.082831653 -0.154984765 0.012887985
22 0.118850708 -3.636028290 -10.382867813 2.434484461 0.425713246 -0.445235725
23 14.125000000 -0.000020981 -0.000015259 -0.035357820 0.066164596 0.134633092
24 20.265319824 -0.000019073 0.000000000 0.120564162 0.331056409 0.567440480
25 20.265319824 0.000000000 0.000015259 0.105322095 0.347619310 0.445784469
26 20.265625000 -0.000022888 -0.000003815 0.123441198 -0.110923635 0.012539870
27 0.430816650 -8.824714661 -7.827322006 2.282323870 0.372581612 -0.530156543
28 12.544494629 0.000007629 -0.000015259 -0.226312762 0.088937254 0.286364603
29 19.343734741 -0.000030518 -0.000045776 0.094195406 0.200617189 0.611810906
30 19.343750000 -0.000015259 -0.000012398 0.087878238 0.225402654 0.468806349
31 19.343750000 -0.000015259 0.000002861 0.093342565 -0.103909232 0.054682139
32 -0.019638062 -12.396471024 -3.323648453 2.008620014 0.143381469 -0.543463158
33 11.042053223 0.000005722 -0.000015259 -0.280019281 -0.016154575 0.312987514
34 19.073436737 -0.000005722 -0.000038147 0.061088345 0.102188717 0.588909557
35 19.073341370 -0.000015259 -0.000011444 0.063334883 0.129897531 0.436824980
36 19.073867798 -0.000007629 0.000007629 -0.027780791 -0.121876130 0.149460383
37 0.143417358 -12.177965164 2.328493118 1.518810137 -0.161343062 -0.494035262
38 10.827308655 0.000007629 -0.000030518 -0.131549432 -0.109362908 0.202705545
39 18.731544495 0.000003815 0.000000000 0.024539082 0.013895345 0.531694935
40 18.731609344 -0.000022888 -0.000007629 0.034131606 0.040828769 0.379606509
41 18.732189178 -0.000022888 0.000003815 -0.175404907 -0.195814121 0.242546335
42 0.706604004 -9.159467697 6.887685776 0.979654380 -0.265100170 -0.190766461
43 10.843429565 -0.000005722 -0.000015259 -0.069004954 -0.288914202 0.137551559
44 18.864486694 0.000009537 -0.000022888 -0.011731289 -0.095256658 0.443157317
45 18.864482880 -0.000022888 0.000007629 0.005411262 -0.062856206 0.306309494
46 18.864944458 -0.000015259 -0.000007629 -0.285204721 -0.282617522 0.289021106
47 0.843048096 -2.753784180 9.486446381 0.706399089 -0.191889080 -0.034259716
48 10.832725525 0.000007629 0.000007629 -0.364999828 -0.321717952 0.221549338
49 19.399490356 0.000003815 -0.000045776 -0.032651751 -0.223529566 0.307311788
50 19.399677277 -0.000007629 -0.000015259 -0.011856935 -0.177913792 0.193829785
51 19.400068283 -0.000030518 -0.000015259 -0.179936730 -0.428399075 0.185958615
52 0.161682129 1.532159805 -10.638368607 -3.013842378 0.543413680 0.027915022
53 14.463706970 -0.000007629 -0.000015259 0.104403894 0.089976443 -0.015888168
54 20.708992004 -0.000017166 -0.000003815 0.044177100 0.540865594 0.168387700
55 20.709014893 0.000009537 0.000019073 0.025924203 0.545522827 0.104457287
56 20.709590912 -0.000006676 -0.000007629 -0.064421769 -0.144651026 0.083224303
57 0.118804932 3.636004448 -10.383043289 -2.469501322 0.494057419 0.352816628
58 14.125000000 -0.000015259 -0.000015259 0.054307670 0.064149439 -0.027718143
59 20.265319824 0.000003815 -0.000015259 -0.036380830 0.470492011 -0.082065673
60 20.265342712 0.000013351 -0.000003815 -0.050900812 0.486569762 -0.128441461
61 20.265625000 0.000001907 0.000007629 -0.105205472 -0.089332292 0.085107503
62 0.430816650 8.824708939 -7.827398300 -2.307420255 0.452967450 0.452620192
63 12.544555664 0.000015259 -0.000015259 0.245184585 0.067840966 -0.182236525
64 19.343750000 -0.000017166 -0.000007629 -0.061960544 0.275010508 -0.254082204
65 19.343750000 0.000003815 -0.000015259 -0.078659747 0.305633065 -0.321351038
66 19.343750000 0.000011444 -0.000038147 -0.082675344 -0.079576628 0.044623398
67 -0.019577026 12.396468163 -3.323724747 -2.011439473 0.240529451 0.496970188
68 11.042060852 -0.000007629 0.000000000 0.285536427 -0.042143309 -0.210604091
69 19.073402405 -0.000001907 -0.000045776 -0.039302982 0.061867115 -0.268738493
70 19.073368073 0.000007629 -0.000030518 -0.050708613 0.104586251 -0.359034350
71 19.073940277 0.000005722 -0.000030518 0.024702754 -0.107571286 -0.047670449
72 0.143478394 12.177964211 2.328407288 -1.513386731 -0.054237607 0.499916606
73 10.827339172 -0.000015259 0.000007629 0.124171125 -0.120014946 -0.095783260
74 18.731567383 0.000010490 -0.000007629 -0.018076378 -0.098266566 -0.202298900
75 18.731578827 -0.000010014 -0.000068665 -0.021210731 -0.045113785 -0.300003723
76 18.732147217 0.000002861 0.000030518 0.151081217 -0.198904426 -0.136094813
77 0.706604004 9.159472466 6.887771606 -0.986945522 -0.175781400 0.251635302
78 10.843391418 0.000004768 0.000003815 0.038460992 -0.293620479 -0.024626197
79 18.864517212 -0.000007629 -0.000038147 -0.010912512 -0.217622503 -0.098184051
80 18.864459991 -0.000005722 -0.000007629 -0.006066862 -0.158530386 -0.188041673
81 18.865047455 -0.000015259 -0.000038147 0.240280501 -0.303775304 -0.175747099
82 0.842971802 2.753786087 9.486438751 -0.713310361 -0.121941749 0.116538659
83 10.832771301 -0.000001907 0.000015259 0.329574558 -0.358807636 -0.112837668
84 19.399612427 0.000003815 -0.000038147 -0.021912830 -0.295292858 0.054580362
85 19.399597168 -0.000022888 -0.000015259 -0.008834135 -0.236548895 -0.033200308
86 19.400173187 -0.000011444 -0.000015259 0.109390643 -0.442391243 -0.056873656
87 23.268264771 -2.187709808 -3.705850601 -1.456154893 0.000364046 -1.570479669
88 11.648437500 -0.000030518 0.000030518 -0.896260819 0.322480733 0.016234853
89 19.962635040 1.182556152 -0.494796753 2.827724317 1.210077460 -0.137379431
90 25.357295990 1.346595764 -0.632659912 -2.883710242 0.954943536 0.373617137
91 10.585937500 0.000007629 -0.000022888 -0.623342345 0.227380332 0.017522868
92 29.775835037 0.000000000 -0.000091553 0.488860450 0.905332260 -1.111409727
93 22.736808777 -0.004570007 -0.007400513 -0.403634162 -0.194474916 -2.864551704
94 0.073730469 -0.706542969 -0.275878906 -3.129407012 1.203391672 -1.166463229
95 13.120170593 0.000022888 0.000022888 -1.138164717 0.358815130 -0.582116745
96 12.350074768 -0.000015259 -0.000015259 -1.118524989 1.018767823 -0.445793120
97 15.541244507 -0.000045776 -0.000007629 0.404195305 0.943676957 1.100015087
98 14.906250000 -0.000015259 0.000003815 0.133514222 0.567263936 0.875023532
99 14.182762146 -0.000030518 -0.000015259 -0.283436883 0.565158333 0.005035658
100 6.140625000 -0.523925781 -0.378906250 -1.415739463 1.168330894 -0.988091752
101 11.348442078 0.000007629 -0.000038147 -2.489694385 -0.603923164 -0.385505078
102 12.005210876 -0.000015259 -0.000030518 -0.973873219 1.126179590 -0.749005595
103 15.865591049 -0.000022888 0.000007629 0.031233917 1.257968841 0.589107820
104 14.851562500 -0.000015259 0.000007629 -0.602971193 0.548619168 -0.005326657
105 12.538974762 -0.414978027 -0.272300720 -0.955842810 1.161192220 -0.753898936
106 10.619346619 0.000000000 0.000007629 2.965116072 -0.779694305 0.144396154
107 12.043018341 -0.000015259 0.000030518 -1.139927760 1.377621673 -1.018683278
108 15.310400009 -0.000015259 -0.000015259 -0.421142219 0.518417852 -0.022033187
109 19.857913971 0.000007629 0.000000000 -0.625522515 1.348763465 -0.362902511
110 10.617187500 0.000015259 0.000022888 -0.864836781 -0.640115898 0.892634670
111 11.091686249 0.000007629 -0.000030518 -2.957031938 -0.407219133 -0.279420241
112 25.612260818 0.000007629 -0.000152588 -0.952077214 -0.199340542 0.082461341
113 0.732421875 0.378173828 -0.043365479 -0.298448110 -0.042506783 0.541930270
114 9.421440125 0.000015259 -0.000022888 0.376985193 0.989139988 -0.158374132
115 3.208984375 -0.000007629 -0.000007629 -0.000900778 0.927088290 0.001093729
116 2.421096802 0.000022888 0.000019073 -0.050443158 0.688441461 -0.044503315
117 0.783203125 0.134643555 -0.023910522 -0.156336213 -0.123510422 0.279151765
118 9.940933228 -0.000007629 -0.000007629 0.161817679 0.963323119 -0.082617437
119 3.403709412 -0.000007629 -0.000015259 -0.009001117 0.689879404 -0.004885124
120 2.546600342 0.000007629 0.000000000 -0.042829088 0.678048449 -0.013732072
121 0.805175781 0.000000000 0.000000000 -0.007963538 -0.147251916 0.014089588
122 9.898437500 0.000000000 0.000038147 -0.011887432 0.857189831 0.004722858
123 3.537029266 0.000000000 -0.000030518 0.015666009 0.561720338 0.009460674
124 2.507812500 -0.000007629 0.000007629 0.001414853 0.592390064 0.014690864
125 0.821777344 -0.246826172 -0.028747559 0.155124828 -0.087466036 -0.272238366
126 9.687484741 -0.000026703 0.000015259 -0.214202260 0.792087249 0.164834178
127 3.679679871 0.000000000 0.000015259 -0.003198186 0.592472491 -0.001607877
128 2.700599670 0.000000000 -0.000015259 0.031346709 0.636686851 0.032782188
129 0.519042969 -0.395996094 -0.161987305 0.477878787 0.316754060 -0.763355711
130 6.753906250 -0.000005722 -0.000045776 -0.536221635 0.681769393 0.000560917
131 4.462627411 -0.000034332 0.000000000 -0.078001298 0.008849486 0.122395973
132 22.736743927 0.004549980 -0.007263184 0.543906329 -0.039669232 -2.487441130
133 0.073730469 0.706542969 -0.276367188 -0.907816686 0.186986301 -2.475248217
134 13.119304657 0.000015259 -0.000015259 1.148734378 -0.785837805 -0.531098564
135 12.350997925 0.000015259 -0.000015259 0.391576641 -0.355367941 0.137449820
136 15.540859222 0.000000000 0.000030518 -0.236338791 -0.177345800 0.136182904
137 14.906250000 -0.000011444 -0.000015259 -0.236524313 -0.124496539 0.072298557
138 14.182880402 -0.000003815 0.000030518 0.150419743 0.411431269 -0.075411683
139 6.140625000 0.523925781 -0.378662109 -2.207118219 0.166632466 -2.318774322
140 11.348976135 0.000007629 0.000015259 2.161480856 0.274426236 -0.830519915
141 12.004642487 0.000000000 -0.000030518 -0.106805113 -0.360790977 0.133075085
142 15.865940094 -0.000001907 -0.000015259 -0.119917470 -0.182818467 0.028893185
143 14.851562500 -0.000002861 0.000000000 0.390687215 0.422636310 -0.116268061
144 12.539043427 0.414962769 -0.272758484 -2.323496027 0.233496582 -2.286390183
145 10.619075775 -0.000001907 -0.000030518 2.617940065 0.443217876 -0.797463811
146 12.043624878 -0.000003815 -0.000015259 -0.462160708 -0.249363838 0.253915671
147 15.309879303 0.000001907 0.000015259 0.136290994 0.405072342 -0.118881171
148 19.857963562 -0.000022888 0.000038147 -2.297319366 0.272188582 -2.323220586
149 10.618190765 0.000000000 0.000000000 -0.065113876 0.362186194 -0.587716265
150 11.091796875 0.000007629 -0.000015259 2.679672897 -0.239021833 0.298354898
151 0.732421875 -0.378417969 -0.043029785 0.298829922 -0.043211786 -0.541974052
152 9.421363831 -0.000030518 0.000007629 -0.470241755 1.108872100 0.050969701
153 3.208984375 0.000015259 0.000000000 0.000857873 1.057455893 -0.001098300
154 2.421054840 0.000000000 -0.000034332 0.043174526 0.819359608 0.045011662
155 0.783203125 -0.134643555 -0.023712158 0.156625597 -0.124254089 -0.279237635
156 9.941059113 0.000000000 -0.000030518 -0.258870176 1.208138449 -0.026394740
157 3.403701782 0.000000000 0.000030518 -0.009093961 0.939657871 -0.001132441
158 2.546592712 0.000000000 -0.000034332 0.050622334 0.928087349 0.026112669
159 0.805175781 0.000000000 0.000000000 0.007970885 -0.148203970 -0.014094421
160 9.898437500 -0.000015259 0.000015259 0.008520768 1.208195160 -0.016983373
161 3.537109375 -0.000030518 0.000015259 -0.000193491 0.912542382 0.000193491
162 2.507812500 -0.000030518 0.000007629 0.000320821 0.943623568 -0.000320821
163 0.821777344 0.246826172 -0.027450562 -0.155297577 -0.088051341 0.272296809
164 9.687324524 0.000015259 -0.000053406 0.342851519 1.121789534 -0.008737843
165 3.679656982 0.000000000 0.000030518 -0.002974323 0.934332562 -0.000146806
166 2.700630188 0.000000000 -0.000015259 -0.032371169 0.978263485 -0.042071145
167 0.519531250 0.395996094 -0.161743164 -0.478495596 0.316187846 0.763124936
168 6.753906250 -0.000007629 -0.000030518 0.300769486 0.115172368 -0.360966190
169 4.462749481 0.000000000 0.000030518 0.078557963 0.005930337 -0.087042230
170 86.264892578 0.000053406 0.000061035 1.444529180 0.641907326 1.646737827
171 2.875000000 0.000007629 -0.000030518 0.031587365 0.434344882 -0.071286716
172 8.134368896 0.000000000 0.000000000 0.038619648 -0.240036068 0.089639545
173 8.134399414 0.000000000 0.000000000 0.027501708 -0.102537232 0.125479038
174 8.134391785 0.000000000 0.000000000 0.011549687 -0.047037222 0.130456927
175 8.134384155 0.000000000 0.000000000 -0.058655740 -0.013509986 0.138243035
176 8.134384155 -0.000030518 -0.000045776 -0.065104556 -0.021174702 0.120120178
177 8.134384155 -0.000045776 -0.000030518 -0.078156383 -0.025965161 0.105767766
178 8.134399414 0.000000000 0.000000000 -0.095676622 -0.030283015 0.104860861
179 8.132812500 -0.000015259 -0.000030518 -0.068334582 0.178608529 0.127167520
180 86.264892578 0.000053406 0.000061035 -2.557102912 1.345496447 -2.799586148
181 2.875000000 0.000015259 0.000000000 0.285539397 0.433768494 0.650055888
182 8.134414673 0.000000000 0.000000000 -0.099027035 -0.085445838 0.319366121
183 8.134384155 0.000000000 0.000000000 -0.097734410 0.007390232 0.168445320
184 8.134429932 0.000000000 -0.000038147 -0.098990432 0.036648713 0.122647622
185 8.134384155 -0.000015259 -0.000011444 -0.315191131 0.052706692 0.045572820
186 8.134384155 0.000015259 0.000026703 -0.294183207 0.013984288 0.056663188
187 8.134368896 0.000000000 -0.000015259 -0.280335063 -0.030665498 0.067631506
188 8.134399414 0.000000000 0.000015259 -0.252649091 -0.063780413 0.053722921
189 8.132812500 0.000000000 0.000015259 -0.260945607 0.229749111 -0.175072315
190 25.357345581 -1.346612930 -0.631881714 -1.861926212 0.385171298 1.439235863
191 10.586948395 0.000007629 -0.000045776 0.623796377 0.227411010 -0.017553744
192 19.962787628 -1.182558060 -0.493774414 -2.827724317 1.210077460 0.137379431
193 26.542861938 -0.000034332 5.258386612 -0.000098679 -0.575889304 -3.141563427
194 5.210937500 0.000003815 0.000015259 -0.004358039 -0.171713722 0.300831568
195 11.580818176 0.000015259 -0.000030518 0.000000000 0.373150501 0.000000000
196 30.590713501 -0.110137939 0.305744171 0.566110737 -0.074967066 0.012908458
197 7.470626831 0.014289856 0.148300171 -0.004185161 0.324223802 -0.012754535
198 9.858001709 6.173873901 -12.156160355 2.343721255 0.103353816 3.040407058
199 9.858215332 -6.068092346 -12.208475113 -2.352349825 0.104146931 -3.041265021
200 20.049377441 0.061241150 -14.093141556 3.134587295 0.926499159 3.136067236
201 5.580184937 -0.000015259 0.000030518 -0.437062631 1.010632248 -0.581164353
202 6.841278076 -0.000007629 -0.000038147 -0.017056544 0.275273614 -0.171973666
203 6.916412354 -0.000009537 0.000007629 -0.284057675 0.169796178 -0.000010178
204 24.600067139 -1.878257751 -11.667314529 -2.002800253 -0.732025296 -0.963281651
205 24.600067139 -1.878257751 -11.667314529 -1.536345236 -0.230748013 -1.702389711
206 24.600067139 -1.878257751 -11.667314529 -1.665549243 0.097947933 -2.370679697
207 24.599960327 1.980178833 -11.650854111 2.009399481 -0.739004495 0.958897021
208 24.599960327 1.980178833 -11.650854111 1.535182712 -0.239155086 1.702686470
209 24.599960327 1.980178833 -11.650854111 1.659403831 0.091981346 2.370144970
210 7.570648193 3.876312256 6.930494308 -2.049238070 1.047095500 -0.535595520
211 7.418060303 -3.974502563 7.604156494 1.014907748 -1.024031318 -2.618339091
212 -86.807075500 0.000003206 0.000005000 0.000000000 0.000000000 0.000244115
213 0.000000000 -0.000000000 0.000000000 0.000000000 0.000000000 0.000244115
214 0.000000000 -0.000000000 0.000000000 0.000000000 0.000000000 0.000244115
215 0.000000000 -0.000000000 0.000000000 0.000000000 0.000000000 0.000244115
216 0.000000000 -0.000000000 0.000000000 0.000000000 0.000000000 0.000244115
217 0.000000000 -0.000000000 0.000000000 0.000000000 0.000000000 0.000244115
218 0.000000000 -0.000000000 0.000000000 0.000000000 0.000000000 0.000244115
219 0.000000000 -0.000000000 0.000000000 0.000000000 0.000000000 0.000244115
220 0.000000000 -0.000000000 0.000000000 0.000000000 0.000000000 0.000244115
221 0.000000000 -0.000000000 0.000000000 0.000000000 0.000000000 0.000244115
222 0.000000000 -0.000000000 0.000000000 0.000000000 0.000000000 0.000244115
223 0.000000000 -0.000000000 0.000000000 0.000000000 0.000000000 0.000244115
end
