version 1
nodes
0 "Bone000" -1
1 "Bone001" 0
2 "Bone079" 1
3 "Bone080" 2
4 "Bone0126" 3
5 "Bone0127" 4
6 "Bone0128" 5
7 "Bone0148" 6
8 "Bone0168" 7
9 "ReimuGusset" -1
10 "Bone002" 1
11 "Bone003" 10
12 "Bone004" 11
13 "Bone005" 12
14 "Bone006" 10
15 "Bone007" 14
16 "Bone008" 15
17 "Bone009" 10
18 "Bone010" 17
19 "Bone011" 18
20 "Bone012" 19
21 "Bone013" 20
22 "Bone014" 10
23 "Bone015" 22
24 "Bone016" 23
25 "Bone017" 24
26 "Bone018" 25
27 "Bone019" 10
28 "Bone020" 27
29 "Bone021" 28
30 "Bone022" 29
31 "Bone023" 30
32 "Bone024" 10
33 "Bone025" 32
34 "Bone026" 33
35 "Bone027" 34
36 "Bone028" 35
37 "Bone029" 10
38 "Bone030" 37
39 "Bone031" 38
40 "Bone032" 39
41 "Bone033" 40
42 "Bone034" 10
43 "Bone035" 42
44 "Bone036" 43
45 "Bone037" 44
46 "Bone038" 45
47 "Bone039" 10
48 "Bone040" 47
49 "Bone041" 48
50 "Bone042" 49
51 "Bone043" 50
52 "Bone044" 10
53 "Bone045" 52
54 "Bone046" 53
55 "Bone047" 54
56 "Bone048" 55
57 "Bone049" 10
58 "Bone050" 57
59 "Bone051" 58
60 "Bone052" 59
61 "Bone053" 60
62 "Bone054" 10
63 "Bone055" 62
64 "Bone056" 63
65 "Bone057" 64
66 "Bone058" 65
67 "Bone059" 10
68 "Bone060" 67
69 "Bone061" 68
70 "Bone062" 69
71 "Bone063" 70
72 "Bone064" 10
73 "Bone065" 72
74 "Bone066" 73
75 "Bone067" 74
76 "Bone068" 75
77 "Bone069" 10
78 "Bone070" 77
79 "Bone071" 78
80 "Bone072" 79
81 "Bone073" 80
82 "Bone074" 10
83 "Bone075" 82
84 "Bone076" 83
85 "Bone077" 84
86 "Bone078" 85
87 "Bone081" 3
88 "Bone082" 87
89 "Bone083" 88
90 "Bone084" 88
91 "Bone085" 90
92 "Bone086" 88
93 "Bone087" 92
94 "Bone088" 93
95 "Bone089" 94
96 "Bone090" 95
97 "Bone091" 96
98 "Bone092" 97
99 "Bone093" 98
100 "Bone094" 93
101 "Bone095" 100
102 "Bone096" 101
103 "Bone097" 102
104 "Bone098" 103
105 "Bone099" 93
106 "Bone0100" 105
107 "Bone0101" 106
108 "Bone0102" 107
109 "Bone0103" 93
110 "Bone0104" 109
111 "Bone0105" 110
112 "Bone0106" 92
113 "Bone0107" 112
114 "Bone0108" 113
115 "Bone0109" 114
116 "Bone0110" 115
117 "Bone0111" 112
118 "Bone0112" 117
119 "Bone0113" 118
120 "Bone0114" 119
121 "Bone0115" 112
122 "Bone0116" 121
123 "Bone0117" 122
124 "Bone0118" 123
125 "Bone0119" 112
126 "Bone0120" 125
127 "Bone0121" 126
128 "Bone0122" 127
129 "Bone0123" 112
130 "Bone0124" 129
131 "Bone0125" 130
132 "Bone0129" 6
133 "Bone0130" 132
134 "Bone0131" 133
135 "Bone0132" 134
136 "Bone0133" 135
137 "Bone0134" 136
138 "Bone0135" 137
139 "Bone0136" 132
140 "Bone0137" 139
141 "Bone0138" 140
142 "Bone0139" 141
143 "Bone0140" 142
144 "Bone0141" 132
145 "Bone0142" 144
146 "Bone0143" 145
147 "Bone0144" 146
148 "Bone0145" 132
149 "Bone0146" 148
150 "Bone0147" 149
151 "Bone0149" 7
152 "Bone0150" 151
153 "Bone0151" 152
154 "Bone0152" 153
155 "Bone0153" 7
156 "Bone0154" 155
157 "Bone0155" 156
158 "Bone0156" 157
159 "Bone0157" 7
160 "Bone0158" 159
161 "Bone0159" 160
162 "Bone0160" 161
163 "Bone0161" 7
164 "Bone0162" 163
165 "Bone0163" 164
166 "Bone0164" 165
167 "Bone0165" 7
168 "Bone0166" 167
169 "Bone0167" 168
170 "Bone0169" 8
171 "Bone0170" 170
172 "Bone0171" 171
173 "Bone0172" 172
174 "Bone0173" 173
175 "Bone0174" 174
176 "Bone0175" 175
177 "Bone0176" 176
178 "Bone0177" 177
179 "Bone0178" 178
180 "Bone0179" 8
181 "Bone0180" 180
182 "Bone0181" 181
183 "Bone0182" 182
184 "Bone0183" 183
185 "Bone0184" 184
186 "Bone0185" 185
187 "Bone0186" 186
188 "Bone0187" 187
189 "Bone0188" 188
190 "Bone0189" 5
191 "Bone0190" 190
192 "Bone0191" 5
193 "Bone0192" 3
194 "Bone0193" 193
195 "Bone0194" 194
196 "Bone0195" 3
197 "Bone0196" 196
198 "Bone0197" 197
199 "Bone0198" 197
200 "Bone0199" 197
201 "Bone0200" 200
202 "Bone0201" 201
203 "Bone0202" 202
204 "Bone0203" 197
205 "Bone0204" 197
206 "Bone0205" 197
207 "Bone0206" 197
208 "Bone0207" 197
209 "Bone0208" 197
210 "Bone0209" 197
211 "Bone0210" 197
212 "Bon" -1
213 "ReimuSkirt" -1
214 "ReimuColth" -1
215 "ReimuBody" -1
216 "ReimuShoes" -1
217 "ReimuHand" -1
218 "ReimuFrontHair" -1
219 "ReimuFace" -1
220 "ReimuHair" -1
221 "ReimuRibon" -1
222 "ReimuRibon001" -1
223 "_M3_Anim_Data" -1
end
skeleton
time 0
0 -0.000000000 0.000007000 16.156986237 -0.003799558 -1.395282785 -1.566935497
1 88.476776123 -0.000060002 -0.000010967 3.141592654 0.000000000 3.141592654
2 -43.495712280 -0.000050006 4.662871361 -0.000431821 0.038240646 3.141584396
3 9.507720947 0.000008010 -0.000019073 0.000259512 0.075977006 0.000009863
4 23.267852783 2.189125061 -3.705418587 1.456154893 -0.000364046 1.571112984
5 11.648437500 0.000009537 0.000015259 0.007146093 0.417637940 -0.047901762
6 29.776103973 -0.000013351 -0.000167847 -0.000086027 0.003366362 0.000172489
7 25.612234116 -0.000009537 0.000045776 0.000584474 -0.069261301 -0.337331576
8 8.674331665 -1.907153130 -2.936569214 -0.551336544 -0.109697996 1.608018152
9 0.000000000 -0.000000000 0.000000000 0.000000000 0.000000000 0.000244115
10 -43.495712280 -0.000050006 4.662871361 0.000000000 0.091182069 0.000000000
11 21.580322266 10.273411751 -4.495082855 0.013832470 -0.084294670 0.162886143
12 45.674209595 0.000003815 0.000020027 -3.122851111 0.571359935 0.006224535
13 55.039108276 -0.000009537 -0.000045776 -3.080927885 1.050546036 0.049738035
14 21.580261230 -10.273578644 -4.495067596 0.082999460 -0.696131333 -0.128954139
15 45.674209595 0.000036240 -0.000045776 2.614897225 1.422342065 -0.488318362
16 55.039115906 -0.000043869 -0.000034332 3.123815526 1.281212317 -0.022834941
17 0.161651611 -1.532186985 -10.638456345 2.974056503 0.639070174 -0.088201372
18 14.463714600 -0.000004768 0.000007629 -0.114591126 -0.005829698 0.044604996
19 20.708953857 -0.000013351 -0.000053406 0.739577065 1.279688543 0.941018598
20 20.709030151 -0.000011444 0.000026703 0.769078449 0.388544782 0.096747684
21 20.709548950 -0.000005722 0.000038147 0.060031661 -0.248184069 -0.063279897
22 0.118835449 -3.636027813 -10.382875443 2.401122052 0.565010815 -0.391661065
23 14.125000000 -0.000019073 -0.000007629 -0.104234719 -0.006351798 0.000849947
24 20.265335083 -0.000005722 -0.000022888 0.706685623 0.815875809 1.321691397
25 20.265319824 -0.000022888 0.000011444 0.846409517 0.278022130 0.282970710
26 20.265625000 -0.000015259 0.000007629 0.064527821 -0.169091138 -0.108133939
27 0.430801392 -8.824714661 -7.827322006 2.232175726 0.518197830 -0.480565306
28 12.544494629 0.000013351 -0.000030518 -0.324777967 0.031644913 0.126126665
29 19.343734741 -0.000015259 -0.000022888 0.405079102 0.463149426 1.185949059
30 19.343750000 -0.000022888 -0.000034332 0.829394080 0.139820323 0.304139031
31 19.343750000 -0.000030518 0.000015259 0.005538575 -0.110143893 -0.097251650
32 -0.019668579 -12.396473885 -3.323646545 1.943104759 0.309808744 -0.486149565
33 11.042060852 0.000020981 -0.000030518 -0.371264135 -0.031868899 0.124897935
34 19.073440552 0.000000000 -0.000038147 0.164402274 0.182799929 1.038454946
35 19.073356628 -0.000022888 -0.000015259 0.610047977 0.025230373 0.284671668
36 19.073875427 -0.000022888 0.000007629 -0.124647538 -0.069451873 -0.021972040
37 0.143402100 -12.177963257 2.328496933 1.467806205 -0.014514752 -0.437293015
38 10.827308655 0.000019073 -0.000038147 -0.172653968 -0.044147529 0.056776885
39 18.731552124 0.000009537 -0.000015259 0.030231731 0.032366082 0.697442654
40 18.731613159 -0.000007629 -0.000030518 0.485959313 -0.034657945 0.185784560
41 18.732204437 -0.000015259 -0.000019073 -0.220134146 -0.107909716 0.113384268
42 0.706604004 -9.159461975 6.887687683 0.967587814 -0.151109472 -0.172072042
43 10.843414307 0.000005722 -0.000022888 -0.054477537 -0.245251590 0.092264328
44 18.864501953 0.000021935 -0.000015259 -0.008803402 -0.036489628 0.349156156
45 18.864494324 0.000000000 0.000000000 0.252206189 -0.042308526 0.076811917
46 18.864952087 0.000000000 -0.000026703 -0.340032231 -0.049513343 0.034083318
47 0.843017578 -2.753786802 9.486438751 0.704226287 -0.079110722 -0.038098473
48 10.832717896 0.000011444 0.000001907 -0.347821469 -0.301670043 0.161109605
49 19.399505615 0.000010967 -0.000038147 0.075236417 -0.174777021 0.156075899
50 19.399688721 0.000011444 -0.000015259 -0.050199617 -0.049541705 0.035707505
51 19.400085449 0.000000000 -0.000007629 -0.178677299 -0.010086383 -0.013916070
52 0.161651611 1.532158971 -10.638370514 -2.974192137 0.639081789 0.088065975
53 14.463706970 -0.000005722 -0.000015259 0.114418010 -0.005838491 -0.044518299
54 20.708976746 -0.000018120 0.000000000 -0.952739167 1.291839267 -1.138771293
55 20.709014893 -0.000009537 0.000034332 -0.098907299 0.416631629 -0.106627220
56 20.709583282 -0.000013351 -0.000007629 -0.060131017 -0.248178699 0.063379260
57 0.118789673 3.636004925 -10.383041382 -2.401245177 0.565061607 0.391542835
58 14.125000000 -0.000017166 -0.000022888 0.104061577 -0.006356361 -0.000763197
59 20.265342712 -0.000001907 -0.000022888 -0.750872656 0.841097511 -1.295758704
60 20.265335083 0.000015259 0.000025749 -0.834821913 0.303643614 -0.269781812
61 20.265625000 -0.000015259 0.000022888 -0.064704292 -0.168992522 0.108232342
62 0.430770874 8.824708939 -7.827404022 -2.232344826 0.518357241 0.480488594
63 12.544555664 0.000003815 -0.000015259 0.324691949 0.031625415 -0.126042638
64 19.343750000 -0.000015259 -0.000007629 -0.440347114 0.455921204 -1.228593919
65 19.343750000 0.000022888 0.000003815 -0.732290634 0.159564596 -0.326438430
66 19.343750000 0.000015259 -0.000003815 -0.005629968 -0.110139446 0.097343224
67 -0.019592285 12.396466255 -3.323732376 -1.943213384 0.309882999 0.486061135
68 11.042083740 -0.000015259 0.000000000 0.371087463 -0.031895815 -0.124810133
69 19.073387146 -0.000019073 -0.000030518 -0.189969655 0.184888293 -1.018790359
70 19.073371887 0.000007629 -0.000003815 -0.752863581 0.036969092 -0.293915289
71 19.073940277 0.000000000 0.000004768 0.124474257 -0.069449975 0.021978060
72 0.143447876 12.177963257 2.328411102 -1.442191274 0.040480718 0.437611505
73 10.827331543 -0.000022888 0.000015259 0.198171330 -0.037322629 -0.003276929
74 18.731567383 -0.000011444 0.000007629 -0.041189591 -0.039308946 -0.785582447
75 18.731597900 0.000003815 -0.000045776 -0.675438362 -0.048653951 -0.225729349
76 18.732131958 0.000007629 0.000051498 0.246302772 -0.088993855 -0.064484022
77 0.706604004 9.159473419 6.887775421 -0.946787695 -0.030960815 0.170229048
78 10.843368530 0.000001907 0.000015259 0.082377062 -0.142141351 0.043244059
79 18.864501953 -0.000007629 -0.000022888 0.006866863 -0.265353750 -0.551048733
80 18.864486694 0.000013351 0.000030518 -0.544095067 -0.108092468 -0.147905585
81 18.865077972 0.000000000 -0.000003815 0.307737754 -0.131912125 -0.120669200
82 0.842956543 2.753788710 9.486438751 -0.703863072 -0.070946876 0.038022920
83 10.832778931 0.000000000 0.000028610 0.343495634 -0.255001224 -0.120422484
84 19.399604797 0.000009537 -0.000034332 -0.089602794 -0.259296461 -0.080093450
85 19.399604797 0.000010490 0.000000000 -0.571778465 -0.096368550 -0.002366261
86 19.400199890 0.000015259 0.000007629 0.162591312 -0.159198510 -0.039495977
87 23.268295288 -2.187723637 -3.705861092 -1.456154893 0.000364046 -1.570479669
88 11.648437500 -0.000026703 0.000015259 1.102709936 0.424866839 0.033250634
89 19.962642670 1.182540894 -0.494804382 2.827724317 1.210077460 -0.137379431
90 25.357292175 1.346542358 -0.632682800 2.304792828 -0.049575552 -1.163272133
91 10.585937500 -0.000011444 -0.000007629 -0.623342345 0.227380332 0.017522868
92 29.775838852 -0.000076294 -0.000114441 -0.113562321 0.064265100 -0.272790597
93 22.736850739 -0.004608154 -0.007431030 -0.966762742 0.096210942 -3.094126495
94 0.073730469 -0.706542969 -0.275878906 1.162324489 -0.534599491 2.856902092
95 13.120201111 -0.000007629 0.000007629 -1.038967364 -0.156669979 0.346097457
96 12.350082397 -0.000015259 -0.000017166 -0.475562992 -0.128559770 0.015625865
97 15.541244507 -0.000007629 -0.000015259 -0.370799630 -0.111407064 -0.036437792
98 14.906250000 0.000015259 -0.000015259 -1.252170105 -0.067229393 -0.121206107
99 14.182769775 0.000007629 -0.000015259 -0.234571126 0.212174946 0.176175679
100 6.140625000 -0.523925781 -0.378906250 2.571485935 -0.506306719 2.805349461
101 11.348449707 -0.000007629 -0.000022888 -2.516114107 0.330877445 0.234694449
102 12.005210876 0.000000000 -0.000038147 0.184522672 -0.138071834 -0.010796634
103 15.865596771 -0.000030518 -0.000011444 -0.418361279 -0.089457296 0.062020040
104 14.851562500 -0.000007629 -0.000015259 -0.545771184 0.296635872 0.144460092
105 12.538982391 -0.415008545 -0.272304535 2.616448756 -0.480174825 2.728885857
106 10.619346619 0.000000000 0.000011444 -3.047902648 0.378096474 0.226200858
107 12.043014526 0.000000000 -0.000007629 0.336122031 -0.091173133 -0.079992223
108 15.310409546 0.000007629 -0.000038147 -0.399153764 0.255395645 0.102929787
109 19.857929230 -0.000045776 -0.000026703 2.436604276 -0.476470047 2.668232583
110 10.617187500 0.000000000 0.000015259 -0.363815481 0.317683185 0.291143443
111 11.091682434 -0.000015259 -0.000022888 -3.097065201 -0.159481543 -0.163270048
112 25.612312317 -0.000045776 -0.000190735 -1.074658047 -0.783877734 0.431600139
113 0.732421875 0.378173828 -0.043334961 -0.298448110 -0.042506783 0.541930270
114 9.421440125 0.000019073 -0.000061035 0.218950068 0.377269925 -0.396215787
115 3.208984375 -0.000005722 -0.000015259 -0.000887106 0.290614833 0.001091487
116 2.421077251 -0.000001907 0.000015259 0.021249011 0.054591079 -0.018763379
117 0.783203125 0.134643555 -0.023895264 -0.156336213 -0.123510422 0.279151765
118 9.940940857 0.000003815 -0.000015259 0.114060238 0.646232754 -0.147453852
119 3.403714180 -0.000000954 -0.000015259 0.018865861 0.370406614 -0.013678761
120 2.546600342 0.000000000 -0.000015259 0.002681258 0.359374847 -0.004074885
121 0.805175781 -0.000001907 0.000000000 -0.007963538 -0.147251916 0.014089588
122 9.898437500 -0.000007629 0.000030518 -0.026810585 0.713881890 -0.049893677
123 3.537049294 -0.000003815 -0.000045776 0.002653921 0.418281250 -0.054858271
124 2.507812500 0.000000000 0.000015259 -0.000854959 0.446729404 -0.052867130
125 0.821777344 -0.246826172 -0.028747559 0.155124828 -0.087466036 -0.272238366
126 9.687477112 -0.000015259 0.000000000 -0.190643667 0.692367257 0.197246273
127 3.679668427 0.000000954 0.000045776 0.007496425 0.490298822 -0.009513726
128 2.700592041 0.000003815 -0.000030518 -0.029288244 0.535711386 0.015594438
129 0.519042969 -0.395996094 -0.161987305 0.477878787 0.316754060 -0.763355711
130 6.753906250 0.000000000 -0.000038147 -0.904764200 0.147327600 0.061593977
131 4.462635040 -0.000017166 0.000000000 -0.075832845 0.021200604 0.281047450
132 22.736755371 0.004562378 -0.007324219 0.259262777 0.003974480 2.927913431
133 0.073669434 0.706542969 -0.276367188 -0.105993983 0.604043139 -1.672774588
134 13.119308472 0.000015259 -0.000030518 0.702411809 -0.333115991 0.047808357
135 12.350982666 0.000000000 -0.000015259 0.292770945 -0.038243635 0.055717958
136 15.540866852 0.000000000 0.000000000 -0.341815472 -0.028639223 0.040160884
137 14.906250000 -0.000015259 -0.000007629 -0.288067056 -0.043057165 0.038176947
138 14.182876587 0.000003815 -0.000015259 -0.249886440 0.117038069 -0.292281263
139 6.140625000 0.523925781 -0.378662109 -1.650174834 0.578926402 -1.660653609
140 11.348999023 0.000015259 -0.000001907 2.109567435 -0.027904964 -0.294661756
141 12.004646301 -0.000007629 -0.000015259 -0.199909888 -0.056025155 0.045369606
142 15.865932465 0.000000000 0.000000000 -0.185405956 -0.032947404 0.008352122
143 14.851562500 -0.000007629 0.000000000 0.101079492 0.188920080 -0.294564220
144 12.539028168 0.414958954 -0.272766113 -1.745018624 0.603853485 -1.619334209
145 10.619094849 0.000007629 -0.000014305 2.634199746 0.053711077 -0.291791594
146 12.043609619 0.000000000 -0.000015259 -0.518728115 -0.006948290 0.063026563
147 15.309890747 0.000007629 0.000000000 0.000342988 0.204426702 -0.264777836
148 19.857963562 0.000003815 0.000061035 -1.688314721 0.615674919 -1.622121328
149 10.618202209 0.000007629 -0.000008583 -0.335174848 -0.015894398 -0.196280731
150 11.091812134 0.000007629 -0.000003815 2.749305466 -0.011745064 0.330748632
151 0.732421875 -0.378173828 -0.043029785 0.298829922 -0.043211786 -0.541974052
152 9.421350479 -0.000011444 0.000000000 -0.470241755 1.108872100 0.050969701
153 3.208984375 0.000000954 0.000015259 0.000857873 1.057455893 -0.001098300
154 2.421081543 -0.000001907 -0.000015259 0.043174526 0.819359608 0.045011662
155 0.783203125 -0.134643555 -0.023727417 0.156625597 -0.124254089 -0.279237635
156 9.941061020 -0.000013351 -0.000030518 -0.258870176 1.208138449 -0.026394740
157 3.403717041 -0.000000954 0.000022888 -0.009093961 0.939657871 -0.001132441
158 2.546569824 -0.000002861 -0.000022888 0.050622334 0.928087349 0.026112669
159 0.805175781 0.000003815 -0.000030518 0.007970885 -0.148203970 -0.014094421
160 9.898437500 -0.000006676 0.000015259 0.008520768 1.208195160 -0.016983373
161 3.537109375 -0.000002861 0.000000000 -0.000193491 0.912542382 0.000193491
162 2.507812500 0.000004768 0.000022888 0.000320821 0.943623568 -0.000320821
163 0.821777344 0.246826172 -0.027481079 -0.155297577 -0.088051341 0.272296809
164 9.687316895 -0.000003815 -0.000061035 0.342851519 1.121789534 -0.008737843
165 3.679641724 -0.000001907 0.000038147 -0.002974323 0.934332562 -0.000146806
166 2.700637817 0.000005722 -0.000015259 -0.032371169 0.978263485 -0.042071145
167 0.519531250 0.395996094 -0.161865234 -0.478495596 0.316187846 0.763124936
168 6.753906250 0.000000000 -0.000015259 0.300769486 0.115172368 -0.360966190
169 4.462741852 0.000003815 0.000015259 0.078557963 0.005930337 -0.087042230
170 86.264823914 0.000061035 -0.000015259 0.587903676 0.457491540 1.070263633
171 2.875000000 -0.000003815 0.000000000 -0.103394803 0.672646244 -0.393923729
172 8.134429932 0.000007629 -0.000015259 0.047268661 -0.639269959 -0.242677885
173 8.134384155 0.000015259 0.000000000 -0.540430099 -0.148150417 -0.062833032
174 8.134399414 0.000000000 0.000011444 0.932698929 -0.019961708 -0.058856430
175 8.134384155 0.000011444 0.000000000 -0.148835016 -0.031090050 0.034695476
176 8.134414673 0.000000000 0.000000000 -0.160108455 -0.030446619 -0.001714209
177 8.134380341 -0.000007629 0.000015259 -0.165092600 -0.029597037 -0.016434808
178 8.134407043 -0.000015259 -0.000007629 -0.185157186 -0.029462383 -0.019459362
179 8.132812500 -0.000015259 0.000007629 0.001834669 0.244746969 0.186954362
180 86.264823914 0.000061035 -0.000015259 -1.571182610 -0.000299813 -1.570496398
181 2.875000000 -0.000015259 0.000000000 0.290764701 0.745972224 0.637596590
182 8.134391785 0.000015259 -0.000022888 -0.593497288 -0.419975706 1.804991116
183 8.134387970 -0.000007629 0.000000000 -0.619968233 -0.202600473 0.323867310
184 8.134422302 -0.000015259 -0.000015259 0.443178086 -0.074313380 0.019907572
185 8.134407043 0.000003815 0.000000000 0.042046320 -0.038654832 -0.017738051
186 8.134407043 -0.000003815 0.000045776 0.042620722 -0.029318226 -0.009863936
187 8.134376526 0.000000000 0.000000000 -0.024305257 -0.030973606 0.008578161
188 8.134403229 -0.000011444 0.000015259 0.014619585 -0.040225395 0.011447748
189 8.132812500 0.000011444 0.000015259 -0.004164739 0.007181471 -0.170265960
190 25.357349396 -1.346605301 -0.631912231 -2.118918169 0.775460862 1.145355756
191 10.586967468 0.000000000 -0.000030518 0.623796377 0.227411010 -0.017553744
192 19.962783813 -1.182556152 -0.493804932 -2.827724317 1.210077460 0.137379431
193 26.542907715 -0.000040991 5.258377075 -0.000098679 -0.575889304 -3.141563427
194 5.210937500 0.000002980 0.000007629 0.000000000 0.072781080 0.000000000
195 11.580825806 0.000008998 -0.000045776 0.000000000 0.373150501 0.000000000
196 30.590744019 -0.110147998 0.305732727 -0.001335181 0.101130724 0.012896604
197 7.470626831 0.014281273 0.148307800 -0.004169061 0.004030333 -0.012783420
198 9.858001709 6.173850536 -12.156158447 2.343721255 0.103353816 3.040407058
199 9.858200073 -6.068094254 -12.208475113 -2.352349825 0.104146931 -3.041265021
200 20.049407959 0.061229005 -14.093132019 3.134587295 0.926499159 3.136067236
201 5.580200195 -0.000002995 0.000015259 0.000000000 0.630581499 0.000000000
202 6.841262817 -0.000007011 -0.000022888 0.000000000 -0.052313914 0.000000000
203 6.916412354 -0.000002980 0.000003815 -0.284057675 0.169796178 -0.000010178
204 24.600067139 -1.878276467 -11.667308807 -2.002800253 -0.732025296 -0.963281651
205 24.600067139 -1.878276467 -11.667308807 -1.536345236 -0.230748013 -1.702389711
206 24.600067139 -1.878276467 -11.667308807 -1.665549243 0.097947933 -2.370679697
207 24.599975586 1.980150461 -11.650840759 2.009399481 -0.739004495 0.958897021
208 24.599975586 1.980150461 -11.650840759 1.535182712 -0.239155086 1.702686470
209 24.599975586 1.980150461 -11.650840759 1.659403831 0.091981346 2.370144970
210 7.570648193 3.876312256 6.930503845 -2.049238070 1.047095500 -0.535595520
211 7.418075562 -3.974507570 7.604156494 1.014907748 -1.024031318 -2.618339091
212 -86.807075500 0.000003206 0.000005000 0.000000000 0.000000000 0.000244115
213 0.000000000 -0.000000000 0.000000000 0.000000000 0.000000000 0.000244115
214 0.000000000 -0.000000000 0.000000000 0.000000000 0.000000000 0.000244115
215 0.000000000 -0.000000000 0.000000000 0.000000000 0.000000000 0.000244115
216 0.000000000 -0.000000000 0.000000000 0.000000000 0.000000000 0.000244115
217 0.000000000 -0.000000000 0.000000000 0.000000000 0.000000000 0.000244115
218 0.000000000 -0.000000000 0.000000000 0.000000000 0.000000000 0.000244115
219 0.000000000 -0.000000000 0.000000000 0.000000000 0.000000000 0.000244115
220 0.000000000 -0.000000000 0.000000000 0.000000000 0.000000000 0.000244115
221 0.000000000 -0.000000000 0.000000000 0.000000000 0.000000000 0.000244115
222 0.000000000 -0.000000000 0.000000000 0.000000000 0.000000000 0.000244115
223 0.000000000 -0.000000000 0.000000000 0.000000000 0.000000000 0.000244115
time 1
0 -0.000000003 0.059158999 16.515522003 -0.003591591 -1.351307285 -1.567143331
1 88.476776123 -0.000060002 -0.000010967 3.141592654 0.000000000 3.141592654
2 -43.495712280 -0.000050006 4.662871361 -0.000431821 0.038240646 3.141584396
3 9.507720947 0.000008010 -0.000019073 0.000259512 0.075977006 0.000009863
4 23.267852783 2.189125061 -3.705418587 1.456154893 -0.000364046 1.571112984
5 11.648437500 0.000009537 0.000015259 0.045982926 0.407080384 -0.052757504
6 29.776103973 -0.000013351 -0.000167847 -0.000086027 0.003366362 0.000172489
7 25.612234116 -0.000009537 0.000045776 0.000584474 -0.069261301 -0.337331576
8 8.674331665 -1.907153130 -2.936569214 -0.551336544 -0.109697996 1.608018152
9 0.000000000 -0.000000000 0.000000000 0.000000000 0.000000000 0.000244115
10 -43.495712280 -0.000050006 4.662871361 0.000000000 0.091182069 0.000000000
11 21.580322266 10.273411751 -4.495082855 0.013832470 -0.084294670 0.162886143
12 45.674209595 0.000003815 0.000020027 -3.122918852 0.549356517 0.005800535
13 55.039108276 -0.000009537 -0.000045776 -3.080927885 1.050546036 0.049738035
14 21.580261230 -10.273578644 -4.495067596 0.082999460 -0.696131333 -0.128954139
15 45.674209595 0.000036240 -0.000045776 2.627435783 1.393677647 -0.474509402
16 55.039115906 -0.000043869 -0.000034332 3.123815526 1.281212317 -0.022834941
17 0.161651611 -1.532186985 -10.638456345 2.974056503 0.639070174 -0.088201372
18 14.463714600 -0.000004768 0.000007629 -0.128284679 0.062100080 0.041358840
19 20.708953857 -0.000013351 -0.000053406 0.139688016 0.905963272 0.331885557
20 20.709030151 -0.000011444 0.000026703 0.033368287 0.814602189 0.302523046
21 20.709548950 -0.000005722 0.000038147 0.061206704 -0.236385317 -0.060585126
22 0.118835449 -3.636027813 -10.382875443 2.401122052 0.565010815 -0.391661065
23 14.125000000 -0.000019073 -0.000007629 -0.099098039 0.027077661 0.016202808
24 20.265335083 -0.000005722 -0.000022888 0.257034954 0.673801525 0.758562235
25 20.265319824 -0.000022888 0.000011444 0.122214620 0.549138831 0.696310629
26 20.265625000 -0.000015259 0.000007629 0.068646371 -0.159709692 -0.101359872
27 0.430801392 -8.824714661 -7.827322006 2.232175726 0.518197830 -0.480565306
28 12.544494629 0.000013351 -0.000030518 -0.317637716 0.059281196 0.143346344
29 19.343734741 -0.000015259 -0.000022888 0.149231259 0.399103012 0.751930040
30 19.343750000 -0.000022888 -0.000034332 0.038429151 0.278846625 0.737358799
31 19.343750000 -0.000030518 0.000015259 0.011552333 -0.104950059 -0.088109098
32 -0.019668579 -12.396473885 -3.323646545 1.943104759 0.309808744 -0.486149565
33 11.042060852 0.000020981 -0.000030518 -0.371264135 -0.031868899 0.124897935
34 19.073440552 0.000000000 -0.000038147 0.067372088 0.177260546 0.698474874
35 19.073356628 -0.000022888 -0.000015259 -0.042982035 0.062376529 0.691361821
36 19.073875427 -0.000022888 0.000007629 -0.118153579 -0.069292797 -0.011992769
37 0.143402100 -12.177963257 2.328496933 1.467806205 -0.014514752 -0.437293015
38 10.827308655 0.000019073 -0.000038147 -0.172653968 -0.044147529 0.056776885
39 18.731552124 0.000009537 -0.000015259 0.026921921 0.064273464 0.446937450
40 18.731613159 -0.000007629 -0.000030518 -0.070496834 -0.054590334 0.508636516
41 18.732204437 -0.000015259 -0.000019073 -0.220134146 -0.107909716 0.113384268
42 0.706604004 -9.159461975 6.887687683 0.967587814 -0.151109472 -0.172072042
43 10.843414307 0.000005722 -0.000022888 -0.054477537 -0.245251590 0.092264328
44 18.864501953 0.000021935 -0.000015259 0.015407201 0.033181002 0.196021909
45 18.864494324 0.000000000 0.000000000 -0.043577428 -0.118522865 0.280765747
46 18.864952087 0.000000000 -0.000026703 -0.340032231 -0.049513343 0.034083318
47 0.843017578 -2.753786802 9.486438751 0.704226287 -0.079110722 -0.038098473
48 10.832717896 0.000011444 0.000001907 -0.347821469 -0.301670043 0.161109605
49 19.399505615 0.000010967 -0.000038147 -0.015565956 -0.048011723 0.093832228
50 19.399688721 0.000011444 -0.000015259 -0.014045762 -0.212376364 0.116146249
51 19.400085449 0.000000000 -0.000007629 -0.178677299 -0.010086383 -0.013916070
52 0.161651611 1.532158971 -10.638370514 -2.974192137 0.639081789 0.088065975
53 14.463706970 -0.000005722 -0.000015259 0.105061226 0.033135040 -0.046413717
54 20.708976746 -0.000018120 0.000000000 -0.190075017 0.964703699 -0.329084616
55 20.709014893 -0.000009537 0.000034332 -0.137509302 0.853303193 -0.298625258
56 20.709583282 -0.000013351 -0.000007629 -0.061372561 -0.236382726 0.060517890
57 0.118789673 3.636004925 -10.383041382 -2.401245177 0.565061607 0.391542835
58 14.125000000 -0.000017166 -0.000022888 0.086448148 0.024931458 -0.013092033
59 20.265342712 -0.000001907 -0.000022888 -0.274588907 0.702060148 -0.697376955
60 20.265335083 0.000015259 0.000025749 -0.141517056 0.591685563 -0.669855546
61 20.265625000 -0.000015259 0.000022888 -0.068731401 -0.159794698 0.101283342
62 0.430770874 8.824708939 -7.827404022 -2.232344826 0.518357241 0.480488594
63 12.544555664 0.000003815 -0.000015259 0.324691949 0.031625415 -0.126042638
64 19.343750000 -0.000015259 -0.000007629 -0.173220745 0.405632716 -0.782389521
65 19.343750000 0.000022888 0.000003815 -0.051061517 0.289461017 -0.769902869
66 19.343750000 0.000015259 -0.000003815 -0.011733276 -0.105115135 0.088119990
67 -0.019592285 12.396466255 -3.323732376 -1.943213384 0.309882999 0.486061135
68 11.042083740 -0.000015259 0.000000000 0.371087463 -0.031895815 -0.124810133
69 19.073387146 -0.000019073 -0.000030518 -0.071705892 0.183951179 -0.660226812
70 19.073371887 0.000007629 -0.000003815 0.040788830 0.070125821 -0.699804015
71 19.073940277 0.000000000 0.000004768 0.124474257 -0.069449975 0.021978060
72 0.143447876 12.177963257 2.328411102 -1.442191274 0.040480718 0.437611505
73 10.827331543 -0.000022888 0.000015259 0.198171330 -0.037322629 -0.003276929
74 18.731567383 -0.000011444 0.000007629 -0.012389337 0.013427081 -0.495520576
75 18.731597900 0.000003815 -0.000045776 0.102060053 -0.104112677 -0.574214785
76 18.732131958 0.000007629 0.000051498 0.246302772 -0.088993855 -0.064484022
77 0.706604004 9.159473419 6.887775421 -0.946787695 -0.030960815 0.170229048
78 10.843368530 0.000001907 0.000015259 0.082377062 -0.142141351 0.043244059
79 18.864501953 -0.000007629 -0.000022888 0.024902947 -0.146339951 -0.331884410
80 18.864486694 0.000013351 0.000030518 0.131217332 -0.269703871 -0.405825653
81 18.865077972 0.000000000 -0.000003815 0.307737754 -0.131912125 -0.120669200
82 0.842956543 2.753788710 9.486438751 -0.719558349 -0.081293373 0.044897588
83 10.832778931 0.000000000 0.000028610 0.343495634 -0.255001224 -0.120422484
84 19.399604797 0.000009537 -0.000034332 0.001151905 -0.089103607 -0.010333296
85 19.399604797 0.000010490 0.000000000 0.089271890 -0.286439438 -0.073037188
86 19.400199890 0.000015259 0.000007629 0.162591312 -0.159198510 -0.039495977
87 23.268295288 -2.187723637 -3.705861092 -1.456154893 0.000364046 -1.570479669
88 11.648437500 -0.000026703 0.000015259 1.054940399 0.422267950 0.032575227
89 19.962642670 1.182540894 -0.494804382 2.827724317 1.210077460 -0.137379431
90 25.357292175 1.346542358 -0.632682800 2.253639373 0.733952070 -0.909529424
91 10.585937500 -0.000011444 -0.000007629 -0.623342345 0.227380332 0.017522868
92 29.775838852 -0.000076294 -0.000114441 -0.113562321 0.064265100 -0.272790597
93 22.736850739 -0.004608154 -0.007431030 -0.966762742 0.096210942 -3.094126495
94 0.073730469 -0.706542969 -0.275878906 0.818261524 0.235081159 2.669904346
95 13.120201111 -0.000007629 0.000007629 -1.365085539 -0.581914054 0.858140586
96 12.350082397 -0.000015259 -0.000017166 -0.917562280 -0.311254539 -0.099683065
97 15.541244507 -0.000007629 -0.000015259 -0.424361988 -0.035202293 -0.170418649
98 14.906250000 0.000015259 -0.000015259 -0.399334973 0.032527837 -0.119029225
99 14.182769775 0.000007629 -0.000015259 -0.234571126 0.212174946 0.176175679
100 6.140625000 -0.523925781 -0.378906250 2.185080465 0.348857629 2.573280678
101 11.348449707 -0.000007629 -0.000022888 -2.401476624 0.569467590 0.932577625
102 12.005210876 0.000000000 -0.000038147 -0.468534711 -0.327607047 -0.210295738
103 15.865596771 -0.000030518 -0.000011444 -0.495329351 -0.103233684 -0.133166349
104 14.851562500 -0.000007629 -0.000015259 -0.545771184 0.296635872 0.144460092
105 12.538982391 -0.415008545 -0.272304535 2.235078804 0.423874107 2.466137758
106 10.619346619 0.000000000 0.000011444 -2.931723674 0.663288839 0.950863445
107 12.043014526 0.000000000 -0.000007629 -0.231260315 -0.158478597 -0.378498555
108 15.310409546 0.000007629 -0.000038147 -0.399153764 0.255395645 0.102929787
109 19.857929230 -0.000045776 -0.000026703 2.094021086 0.435424707 2.401218673
110 10.617187500 0.000000000 0.000015259 -0.229309676 0.509592621 1.008995486
111 11.091682434 -0.000015259 -0.000022888 -3.097065201 -0.159481543 -0.163270048
112 25.612312317 -0.000045776 -0.000190735 -1.074658047 -0.783877734 0.431600139
113 0.732421875 0.378173828 -0.043334961 -0.298448110 -0.042506783 0.541930270
114 9.421440125 0.000019073 -0.000061035 0.218950068 0.377269925 -0.396215787
115 3.208984375 -0.000005722 -0.000015259 -0.000887106 0.290614833 0.001091487
116 2.421077251 -0.000001907 0.000015259 0.021249011 0.054591079 -0.018763379
117 0.783203125 0.134643555 -0.023895264 -0.156336213 -0.123510422 0.279151765
118 9.940940857 0.000003815 -0.000015259 0.114060238 0.646232754 -0.147453852
119 3.403714180 -0.000000954 -0.000015259 0.018865861 0.370406614 -0.013678761
120 2.546600342 0.000000000 -0.000015259 0.002681258 0.359374847 -0.004074885
121 0.805175781 -0.000001907 0.000000000 -0.007963538 -0.147251916 0.014089588
122 9.898437500 -0.000007629 0.000030518 -0.026810585 0.713881890 -0.049893677
123 3.537049294 -0.000003815 -0.000045776 0.002656516 0.418193069 -0.054857326
124 2.507812500 0.000000000 0.000015259 -0.000854959 0.446729404 -0.052867130
125 0.821777344 -0.246826172 -0.028747559 0.155124828 -0.087466036 -0.272238366
126 9.687477112 -0.000015259 0.000000000 -0.190643667 0.692367257 0.197246273
127 3.679668427 0.000000954 0.000045776 0.007496425 0.490298822 -0.009513726
128 2.700592041 0.000003815 -0.000030518 -0.029288244 0.535711386 0.015594438
129 0.519042969 -0.395996094 -0.161987305 0.477878787 0.316754060 -0.763355711
130 6.753906250 0.000000000 -0.000038147 -0.904764200 0.147327600 0.061593977
131 4.462635040 -0.000017166 0.000000000 -0.075832845 0.021200604 0.281047450
132 22.736755371 0.004562378 -0.007324219 0.259262777 0.003974480 2.927913431
133 0.073669434 0.706542969 -0.276367188 -0.400628891 1.141535460 -2.121579353
134 13.119308472 0.000015259 -0.000030518 0.649595755 -0.927045039 0.360534398
135 12.350982666 0.000000000 -0.000015259 0.414616392 -0.056470824 0.151720450
136 15.540866852 0.000000000 0.000000000 -0.173095312 -0.021846956 -0.046024304
137 14.906250000 -0.000015259 -0.000007629 -0.161985055 -0.011389841 -0.006956281
138 14.182876587 0.000003815 -0.000015259 -0.249886440 0.117038069 -0.292281263
139 6.140625000 0.523925781 -0.378662109 -1.989795717 1.151490707 -2.148023794
140 11.348999023 0.000015259 -0.000001907 2.313680816 -0.194036575 -0.937395841
141 12.004646301 -0.000007629 -0.000015259 -0.079685542 -0.105101994 0.153032247
142 15.865932465 0.000000000 0.000000000 -0.061499952 0.035897525 -0.057598767
143 14.851562500 -0.000007629 0.000000000 0.101079492 0.188920080 -0.294564220
144 12.539028168 0.414958954 -0.272766113 -2.161047329 1.237681702 -2.125767223
145 10.619094849 0.000007629 -0.000014305 2.716933573 0.026077097 -0.972147629
146 12.043609619 0.000000000 -0.000015259 -0.434830926 -0.007462444 0.202029101
147 15.309890747 0.000007629 0.000000000 0.000342988 0.204426702 -0.264777836
148 19.857963562 0.000003815 0.000061035 -2.138891302 1.255684527 -2.156752050
149 10.618202209 0.000007629 -0.000008583 0.238107385 -0.121493387 -0.822135282
150 11.091812134 0.000007629 -0.000003815 2.749305466 -0.011745064 0.330748632
151 0.732421875 -0.378173828 -0.043029785 0.298829922 -0.043211786 -0.541974052
152 9.421350479 -0.000011444 0.000000000 -0.470241755 1.108872100 0.050969701
153 3.208984375 0.000000954 0.000015259 0.000857873 1.057455893 -0.001098300
154 2.421081543 -0.000001907 -0.000015259 0.043174526 0.819359608 0.045011662
155 0.783203125 -0.134643555 -0.023727417 0.156625597 -0.124254089 -0.279237635
156 9.941061020 -0.000013351 -0.000030518 -0.258870176 1.208138449 -0.026394740
157 3.403717041 -0.000000954 0.000022888 -0.009093961 0.939657871 -0.001132441
158 2.546569824 -0.000002861 -0.000022888 0.050622334 0.928087349 0.026112669
159 0.805175781 0.000003815 -0.000030518 0.007970885 -0.148203970 -0.014094421
160 9.898437500 -0.000006676 0.000015259 0.008520768 1.208195160 -0.016983373
161 3.537109375 -0.000002861 0.000000000 -0.000193491 0.912542382 0.000193491
162 2.507812500 0.000004768 0.000022888 0.000320821 0.943623568 -0.000320821
163 0.821777344 0.246826172 -0.027481079 -0.155297577 -0.088051341 0.272296809
164 9.687316895 -0.000003815 -0.000061035 0.342851519 1.121789534 -0.008737843
165 3.679641724 -0.000001907 0.000038147 -0.002974323 0.934332562 -0.000146806
166 2.700637817 0.000005722 -0.000015259 -0.032371169 0.978263485 -0.042071145
167 0.519531250 0.395996094 -0.161865234 -0.478495596 0.316187846 0.763124936
168 6.753906250 0.000000000 -0.000015259 0.300769486 0.115172368 -0.360966190
169 4.462741852 0.000003815 0.000015259 0.078557963 0.005930337 -0.087042230
170 86.264823914 0.000061035 -0.000015259 0.587903676 0.457491540 1.070263633
171 2.875000000 -0.000003815 0.000000000 -0.103394803 0.672646244 -0.393923729
172 8.134429932 0.000007629 -0.000015259 0.067502818 0.011605950 0.156270032
173 8.134384155 0.000015259 0.000000000 0.264219259 -0.773321774 -0.305947741
174 8.134399414 0.000000000 0.000011444 0.020081965 -0.277213940 -0.083879688
175 8.134384155 0.000011444 0.000000000 -0.054519847 0.040754233 0.028167986
176 8.134414673 0.000000000 0.000000000 -0.039317460 0.037119583 0.021548418
177 8.134380341 -0.000007629 0.000015259 -0.028389227 -0.021796295 -0.009014313
178 8.134407043 -0.000015259 -0.000007629 -0.021354521 -0.043536863 -0.010586901
179 8.132812500 -0.000015259 0.000007629 0.001834669 0.244746969 0.186954362
180 86.264823914 0.000061035 -0.000015259 -1.571182565 -0.000386149 -1.570410029
181 2.875000000 -0.000015259 0.000000000 0.290764701 0.745972224 0.637596590
182 8.134391785 0.000015259 -0.000022888 -0.033591087 0.042094569 1.049678595
183 8.134387970 -0.000007629 0.000000000 -0.157222761 -0.304237638 1.100915801
184 8.134422302 -0.000015259 -0.000015259 -0.009631598 -0.151086871 0.308817615
185 8.134407043 0.000003815 0.000000000 -0.251435197 -0.029146760 -0.079698169
186 8.134407043 -0.000003815 0.000045776 -0.274957905 0.004104112 -0.079972400
187 8.134376526 0.000000000 0.000000000 -0.296933540 -0.020369243 -0.006641587
188 8.134403229 -0.000011444 0.000015259 -0.312598532 -0.052601325 0.008378434
189 8.132812500 0.000011444 0.000015259 -0.004164739 0.007181471 -0.170265960
190 25.357349396 -1.346605301 -0.631912231 -2.949609347 1.162877384 0.108066499
191 10.586967468 0.000000000 -0.000030518 0.623796377 0.227411010 -0.017553744
192 19.962783813 -1.182556152 -0.493804932 -2.827724317 1.210077460 0.137379431
193 26.542907715 -0.000040991 5.258377075 -0.000098679 -0.575889304 -3.141563427
194 5.210937500 0.000002980 0.000007629 0.000000000 0.072781080 0.000000000
195 11.580825806 0.000008998 -0.000045776 0.000000000 0.373150501 0.000000000
196 30.590744019 -0.110147998 0.305732727 -0.001335181 0.101130724 0.012896604
197 7.470626831 0.014281273 0.148307800 -0.004169061 0.004030333 -0.012783420
198 9.858001709 6.173850536 -12.156158447 2.343721255 0.103353816 3.040407058
199 9.858200073 -6.068094254 -12.208475113 -2.352349825 0.104146931 -3.041265021
200 20.049407959 0.061229005 -14.093132019 3.134587295 0.926499159 3.136067236
201 5.580200195 -0.000002995 0.000015259 0.000000000 0.630581499 0.000000000
202 6.841262817 -0.000007011 -0.000022888 0.000000000 -0.052313914 0.000000000
203 6.916412354 -0.000002980 0.000003815 -0.284057675 0.169796178 -0.000010178
204 24.600067139 -1.878276467 -11.667308807 -2.002800253 -0.732025296 -0.963281651
205 24.600067139 -1.878276467 -11.667308807 -1.536345236 -0.230748013 -1.702389711
206 24.600067139 -1.878276467 -11.667308807 -1.665549243 0.097947933 -2.370679697
207 24.599975586 1.980150461 -11.650840759 2.009399481 -0.739004495 0.958897021
208 24.599975586 1.980150461 -11.650840759 1.535182712 -0.239155086 1.702686470
209 24.599975586 1.980150461 -11.650840759 1.659403831 0.091981346 2.370144970
210 7.570648193 3.876312256 6.930503845 -2.049238070 1.047095500 -0.535595520
211 7.418075562 -3.974507570 7.604156494 1.014907748 -1.024031318 -2.618339091
212 -86.807075500 0.000003206 0.000005000 0.000000000 0.000000000 0.000244115
213 0.000000000 -0.000000000 0.000000000 0.000000000 0.000000000 0.000244115
214 0.000000000 -0.000000000 0.000000000 0.000000000 0.000000000 0.000244115
215 0.000000000 -0.000000000 0.000000000 0.000000000 0.000000000 0.000244115
216 0.000000000 -0.000000000 0.000000000 0.000000000 0.000000000 0.000244115
217 0.000000000 -0.000000000 0.000000000 0.000000000 0.000000000 0.000244115
218 0.000000000 -0.000000000 0.000000000 0.000000000 0.000000000 0.000244115
219 0.000000000 -0.000000000 0.000000000 0.000000000 0.000000000 0.000244115
220 0.000000000 -0.000000000 0.000000000 0.000000000 0.000000000 0.000244115
221 0.000000000 -0.000000000 0.000000000 0.000000000 0.000000000 0.000244115
222 0.000000000 -0.000000000 0.000000000 0.000000000 0.000000000 0.000244115
223 0.000000000 -0.000000000 0.000000000 0.000000000 0.000000000 0.000244115
time 2
0 -0.000000010 0.219713002 17.488689423 -0.003770013 -1.231963826 -1.566964393
1 88.476776123 -0.000060002 -0.000010967 3.141592654 0.000000000 3.141592654
2 -43.495712280 -0.000050006 4.662871361 -0.000431821 0.038240646 3.141584396
3 9.507720947 0.000008010 -0.000019073 0.000259512 0.075977006 0.000009863
4 23.267852783 2.189125061 -3.705418587 1.456154893 -0.000364046 1.571112984
5 11.648437500 0.000009537 0.000015259 0.151392212 0.378199356 -0.065831806
6 29.776103973 -0.000013351 -0.000167847 -0.000086027 0.003366362 0.000172489
7 25.612234116 -0.000009537 0.000045776 0.000584474 -0.069261301 -0.337331576
8 8.674331665 -1.907153130 -2.936569214 -0.551336544 -0.109697996 1.608018152
9 0.000000000 -0.000000000 0.000000000 0.000000000 0.000000000 0.000244115
10 -43.495712280 -0.000050006 4.662871361 0.000000000 0.091182069 0.000000000
11 21.580322266 10.273411751 -4.495082855 0.013832470 -0.084294670 0.162886143
12 45.674209595 0.000003815 0.000020027 -3.123135329 0.489698690 0.004789866
13 55.039108276 -0.000009537 -0.000045776 -3.080927885 1.050546036 0.049738035
14 21.580261230 -10.273578644 -4.495067596 0.082999460 -0.696131333 -0.128954139
15 45.674209595 0.000036240 -0.000045776 2.660919638 1.315468996 -0.437656438
16 55.039115906 -0.000043869 -0.000034332 3.123815526 1.281212317 -0.022834941
17 0.161651611 -1.532186985 -10.638456345 2.974056503 0.639070174 -0.088201372
18 14.463714600 -0.000004768 0.000007629 -0.143972624 0.151959482 0.032506237
19 20.708953857 -0.000013351 -0.000053406 0.023738731 0.319045260 0.094168283
20 20.709030151 -0.000011444 0.000026703 0.283558743 1.043578337 0.478709240
21 20.709548950 -0.000005722 0.000038147 0.064495237 -0.204170379 -0.053318957
22 0.118835449 -3.636027813 -10.382875443 2.401122052 0.565010815 -0.391661065
23 14.125000000 -0.000019073 -0.000007629 -0.085095978 0.066837255 0.039254338
24 20.265335083 -0.000005722 -0.000022888 0.047757479 0.327565530 0.183229676
25 20.265319824 -0.000022888 0.000011444 0.431588079 0.738525870 0.986812816
26 20.265625000 -0.000015259 0.000007629 0.079632500 -0.134359051 -0.082955893
27 0.430801392 -8.824714661 -7.827322006 2.232175726 0.518197830 -0.480565306
28 12.544494629 0.000013351 -0.000030518 -0.298247015 0.090849861 0.170435462
29 19.343734741 -0.000015259 -0.000022888 0.044264039 0.241182718 0.130682372
30 19.343750000 -0.000022888 -0.000034332 0.291303431 0.432367137 1.063734185
31 19.343750000 -0.000030518 0.000015259 0.028032618 -0.090956165 -0.063158537
32 -0.019668579 -12.396473885 -3.323646545 1.943104759 0.309808744 -0.486149565
33 11.042060852 0.000020981 -0.000030518 -0.371264135 -0.031868899 0.124897935
34 19.073440552 0.000000000 -0.000038147 0.038392040 0.191174484 0.129259990
35 19.073356628 -0.000022888 -0.000015259 0.107635323 0.122406569 1.095568382
36 19.073875427 -0.000022888 0.000007629 -0.100572024 -0.068663096 0.014958542
37 0.143402100 -12.177963257 2.328496933 1.467806205 -0.014514752 -0.437293015
38 10.827308655 0.000019073 -0.000038147 -0.172653968 -0.044147529 0.056776885
39 18.731552124 0.000009537 -0.000015259 0.018791862 0.181830194 -0.053507982
40 18.731613159 -0.000007629 -0.000030518 -0.023794325 -0.091342928 0.963355137
41 18.732204437 -0.000015259 -0.000019073 -0.220134146 -0.107909716 0.113384268
42 0.706604004 -9.159461975 6.887687683 0.967587814 -0.151109472 -0.172072042
43 10.843414307 0.000005722 -0.000022888 -0.054477537 -0.245251590 0.092264328
44 18.864501953 0.000021935 -0.000015259 -0.011851555 0.269888716 -0.190483210
45 18.864494324 0.000000000 0.000000000 -0.105811800 -0.317280331 0.721917899
46 18.864952087 0.000000000 -0.000026703 -0.340032231 -0.049513343 0.034083318
47 0.843017578 -2.753786802 9.486438751 0.704226287 -0.079110722 -0.038098473
48 10.832717896 0.000011444 0.000001907 -0.347821469 -0.301670043 0.161109605
49 19.399505615 0.000010967 -0.000038147 -0.011087256 0.329401277 -0.072471720
50 19.399688721 0.000011444 -0.000015259 -0.094736119 -0.607933767 0.358208184
51 19.400085449 0.000000000 -0.000007629 -0.178677299 -0.010086383 -0.013916070
52 0.161651611 1.532158971 -10.638370514 -2.974192137 0.639081789 0.088065975
53 14.463706970 -0.000005722 -0.000015259 0.095680191 0.081408246 -0.051459104
54 20.708976746 -0.000018120 0.000000000 -0.014293683 0.404460415 -0.037473339
55 20.709014893 -0.000009537 0.000034332 -0.323391262 1.093882471 -0.468741713
56 20.709583282 -0.000013351 -0.000007629 -0.064807013 -0.204348545 0.052923237
57 0.118789673 3.636004925 -10.383041382 -2.401245177 0.565061607 0.391542835
58 14.125000000 -0.000017166 -0.000022888 0.065162230 0.063330186 -0.034659767
59 20.265342712 -0.000001907 -0.000022888 -0.040330000 0.344307359 -0.121256122
60 20.265335083 0.000015259 0.000025749 -0.469271479 0.780959048 -0.930809391
61 20.265625000 -0.000015259 0.000022888 -0.079882039 -0.134621190 0.082637704
62 0.430770874 8.824708939 -7.827404022 -2.232344826 0.518357241 0.480488594
63 12.544555664 0.000003815 -0.000015259 0.324691949 0.031625415 -0.126042638
64 19.343750000 -0.000015259 -0.000007629 -0.049276054 0.270916358 -0.171250231
65 19.343750000 0.000022888 0.000003815 -0.319127208 0.423329951 -1.094474609
66 19.343750000 0.000015259 -0.000003815 -0.028212053 -0.091384893 0.063000526
67 -0.019592285 12.396466255 -3.323732376 -1.943213384 0.309882999 0.486061135
68 11.042083740 -0.000015259 0.000000000 0.371087463 -0.031895815 -0.124810133
69 19.073387146 -0.000019073 -0.000030518 -0.040078760 0.198527475 -0.083312355
70 19.073371887 0.000007629 -0.000003815 -0.129820060 0.137434771 -1.073240053
71 19.073940277 0.000000000 0.000004768 0.124474257 -0.069449975 0.021978060
72 0.143447876 12.177963257 2.328411102 -1.442191274 0.040480718 0.437611505
73 10.827331543 -0.000022888 0.000015259 0.198171330 -0.037322629 -0.003276929
74 18.731567383 -0.000011444 0.000007629 -0.031577492 0.163793528 0.017330305
75 18.731597900 0.000003815 -0.000045776 0.044868748 -0.139493927 -0.989281750
76 18.732131958 0.000007629 0.000051498 0.246302772 -0.088993855 -0.064484022
77 0.706604004 9.159473419 6.887775421 -0.946787695 -0.030960815 0.170229048
78 10.843368530 0.000001907 0.000015259 0.082377062 -0.142141351 0.043244059
79 18.864501953 -0.000007629 -0.000022888 -0.027024485 0.146635401 0.059999775
80 18.864486694 0.000013351 0.000030518 0.188442282 -0.458429476 -0.821322157
81 18.865077972 0.000000000 -0.000003815 0.307737754 -0.131912125 -0.120669200
82 0.842956543 2.753788710 9.486438751 -0.737898542 -0.109377487 0.063361926
83 10.832778931 0.000000000 0.000028610 0.343495634 -0.255001224 -0.120422484
84 19.399604797 0.000009537 -0.000034332 -0.007770030 0.356803934 0.157608207
85 19.399604797 0.000010490 0.000000000 0.090284414 -0.674124739 -0.294230529
86 19.400199890 0.000015259 0.000007629 0.162591312 -0.159198510 -0.039495977
87 23.268295288 -2.187723637 -3.705861092 -1.456154893 0.000364046 -1.570479669
88 11.648437500 -0.000026703 0.000015259 0.925435164 0.415285299 0.030656057
89 19.962642670 1.182540894 -0.494804382 2.827724317 1.210077460 -0.137379431
90 25.357292175 1.346542358 -0.632682800 -2.920864007 1.267062578 0.318325743
91 10.585937500 -0.000011444 -0.000007629 -0.623342345 0.227380332 0.017522868
92 29.775838852 -0.000076294 -0.000114441 -0.113562321 0.064265100 -0.272790597
93 22.736850739 -0.004608154 -0.007431030 -0.966762742 0.096210942 -3.094126495
94 0.073730469 -0.706542969 -0.275878906 0.447767270 1.022837526 2.362279106
95 13.120201111 -0.000007629 0.000007629 -1.344963019 -0.669661648 0.451246358
96 12.350082397 -0.000015259 -0.000017166 -0.899210705 -0.628856751 -0.715477288
97 15.541244507 -0.000007629 -0.000015259 -0.601116248 0.157796479 -0.567814227
98 14.906250000 0.000015259 -0.000015259 -0.476580613 0.163888181 -0.180979319
99 14.182769775 0.000007629 -0.000015259 -0.234571126 0.212174946 0.176175679
100 6.140625000 -0.523925781 -0.378906250 1.773791444 1.106676040 2.200032111
101 11.348449707 -0.000007629 -0.000022888 -2.643756230 0.239943558 0.698194152
102 12.005210876 0.000000000 -0.000038147 -0.504811960 -0.558812396 -0.859908236
103 15.865596771 -0.000030518 -0.000011444 -0.740325583 0.017859902 -0.637013363
104 14.851562500 -0.000007629 -0.000015259 -0.545771184 0.296635872 0.144460092
105 12.538982391 -0.415008545 -0.272304535 1.807181620 1.147879939 2.043324274
106 10.619346619 0.000000000 0.000011444 3.124770520 0.340356986 0.648919958
107 12.043014526 0.000000000 -0.000007629 -0.433337433 -0.176436216 -0.984121034
108 15.310409546 0.000007629 -0.000038147 -0.399153764 0.255395645 0.102929787
109 19.857929230 -0.000045776 -0.000026703 1.689407526 1.149324078 1.983446219
110 10.617187500 0.000000000 0.000015259 -0.414039693 0.214458322 0.636998021
111 11.091682434 -0.000015259 -0.000022888 -3.097065201 -0.159481543 -0.163270048
112 25.612312317 -0.000045776 -0.000190735 -1.074658047 -0.783877734 0.431600139
113 0.732421875 0.378173828 -0.043334961 -0.298448110 -0.042506783 0.541930270
114 9.421440125 0.000019073 -0.000061035 0.218950068 0.377269925 -0.396215787
115 3.208984375 -0.000005722 -0.000015259 -0.000887106 0.290614833 0.001091487
116 2.421077251 -0.000001907 0.000015259 0.021249011 0.054591079 -0.018763379
117 0.783203125 0.134643555 -0.023895264 -0.156336213 -0.123510422 0.279151765
118 9.940940857 0.000003815 -0.000015259 0.114060238 0.646232754 -0.147453852
119 3.403714180 -0.000000954 -0.000015259 0.018865861 0.370406614 -0.013678761
120 2.546600342 0.000000000 -0.000015259 0.002681258 0.359374847 -0.004074885
121 0.805175781 -0.000001907 0.000000000 -0.007963538 -0.147251916 0.014089588
122 9.898437500 -0.000007629 0.000030518 -0.026810585 0.713881890 -0.049893677
123 3.537049294 -0.000003815 -0.000045776 0.002653921 0.418281250 -0.054858271
124 2.507812500 0.000000000 0.000015259 -0.000854959 0.446729404 -0.052867130
125 0.821777344 -0.246826172 -0.028747559 0.155124828 -0.087466036 -0.272238366
126 9.687477112 -0.000015259 0.000000000 -0.190643667 0.692367257 0.197246273
127 3.679668427 0.000000954 0.000045776 0.007496425 0.490298822 -0.009513726
128 2.700592041 0.000003815 -0.000030518 -0.029288244 0.535711386 0.015594438
129 0.519042969 -0.395996094 -0.161987305 0.477878787 0.316754060 -0.763355711
130 6.753906250 0.000000000 -0.000038147 -0.904764200 0.147327600 0.061593977
131 4.462635040 -0.000017166 0.000000000 -0.075832845 0.021200604 0.281047450
132 22.736755371 0.004562378 -0.007324219 0.259262777 0.003974480 2.927913431
133 0.073669434 0.706542969 -0.276367188 -2.309478113 1.015142729 2.223551283
134 13.119308472 0.000015259 -0.000030518 0.668265159 -0.942512593 0.258302477
135 12.350982666 0.000000000 -0.000015259 0.187192715 -0.390716742 0.833997169
136 15.540866852 0.000000000 0.000000000 -0.308712750 -0.057607329 0.194500090
137 14.906250000 -0.000015259 -0.000007629 -0.316441097 0.026617768 -0.085916546
138 14.182876587 0.000003815 -0.000015259 -0.249886440 0.117038069 -0.292281263
139 6.140625000 0.523925781 -0.378662109 2.371865815 0.985022118 2.189607499
140 11.348999023 0.000015259 -0.000001907 2.229966427 -0.096109523 -0.854516493
141 12.004646301 -0.000007629 -0.000015259 -0.440198243 -0.608698172 0.867621928
142 15.865932465 0.000000000 0.000000000 -0.206188764 -0.169179721 0.130467799
143 14.851562500 -0.000007629 0.000000000 0.101079492 0.188920080 -0.294564220
144 12.539028168 0.414958954 -0.272766113 1.981564886 0.955372833 2.050104645
145 10.619094849 0.000007629 -0.000014305 2.643617199 0.168805422 -0.802570048
146 12.043609619 0.000000000 -0.000015259 -0.673716996 -0.376609000 1.005965471
147 15.309890747 0.000007629 0.000000000 0.000342988 0.204426702 -0.264777836
148 19.857963562 0.000003815 0.000061035 2.005841245 0.938760962 2.026197731
149 10.618202209 0.000007629 -0.000008583 0.074115358 -0.013050902 -0.571659423
150 11.091812134 0.000007629 -0.000003815 2.749305466 -0.011745064 0.330748632
151 0.732421875 -0.378173828 -0.043029785 0.298829922 -0.043211786 -0.541974052
152 9.421350479 -0.000011444 0.000000000 -0.470241755 1.108872100 0.050969701
153 3.208984375 0.000000954 0.000015259 0.000857873 1.057455893 -0.001098300
154 2.421081543 -0.000001907 -0.000015259 0.043174526 0.819359608 0.045011662
155 0.783203125 -0.134643555 -0.023727417 0.156625597 -0.124254089 -0.279237635
156 9.941061020 -0.000013351 -0.000030518 -0.258870176 1.208138449 -0.026394740
157 3.403717041 -0.000000954 0.000022888 -0.009093961 0.939657871 -0.001132441
158 2.546569824 -0.000002861 -0.000022888 0.050622334 0.928087349 0.026112669
159 0.805175781 0.000003815 -0.000030518 0.007970885 -0.148203970 -0.014094421
160 9.898437500 -0.000006676 0.000015259 0.008520768 1.208195160 -0.016983373
161 3.537109375 -0.000002861 0.000000000 -0.000193491 0.912542382 0.000193491
162 2.507812500 0.000004768 0.000022888 0.000320821 0.943623568 -0.000320821
163 0.821777344 0.246826172 -0.027481079 -0.155297577 -0.088051341 0.272296809
164 9.687316895 -0.000003815 -0.000061035 0.342851519 1.121789534 -0.008737843
165 3.679641724 -0.000001907 0.000038147 -0.002974323 0.934332562 -0.000146806
166 2.700637817 0.000005722 -0.000015259 -0.032371169 0.978263485 -0.042071145
167 0.519531250 0.395996094 -0.161865234 -0.478495596 0.316187846 0.763124936
168 6.753906250 0.000000000 -0.000015259 0.300769486 0.115172368 -0.360966190
169 4.462741852 0.000003815 0.000015259 0.078557963 0.005930337 -0.087042230
170 86.264823914 0.000061035 -0.000015259 0.587903676 0.457491540 1.070263633
171 2.875000000 -0.000003815 0.000000000 -0.103394803 0.672646244 -0.393923729
172 8.134429932 0.000007629 -0.000015259 0.271324891 0.752937239 0.560966291
173 8.134384155 0.000015259 0.000000000 0.059210549 -0.407300760 0.006109499
174 8.134399414 0.000000000 0.000011444 0.216872009 -1.056149201 -0.217755592
175 8.134384155 0.000011444 0.000000000 0.017174604 -0.466871652 -0.015884367
176 8.134414673 0.000000000 0.000000000 -0.012523014 -0.038440757 -0.004248662
177 8.134380341 -0.000007629 0.000015259 -0.028900434 0.058336114 -0.001965980
178 8.134407043 -0.000015259 -0.000007629 -0.044829513 0.013667338 0.008845713
179 8.132812500 -0.000015259 0.000007629 0.001834669 0.244746969 0.186954362
180 86.264823914 0.000061035 -0.000015259 -1.570410029 0.000299841 -1.570496396
181 2.875000000 -0.000015259 0.000000000 0.290764701 0.745972224 0.637596590
182 8.134391785 0.000015259 -0.000022888 -0.052868549 0.415270577 0.311632304
183 8.134387970 -0.000007629 0.000000000 0.005715232 0.064897880 0.698357180
184 8.134422302 -0.000015259 -0.000015259 0.006732871 -0.031064570 1.036366363
185 8.134407043 0.000003815 0.000000000 -0.218322296 -0.059525309 0.465579220
186 8.134407043 -0.000003815 0.000045776 -0.209302620 -0.087301309 0.035238221
187 8.134376526 0.000000000 0.000000000 -0.188060366 -0.026790214 -0.055055023
188 8.134403229 -0.000011444 0.000015259 -0.154359337 -0.011112192 -0.008231139
189 8.132812500 0.000011444 0.000015259 -0.004164739 0.007181471 -0.170265960
190 25.357349396 -1.346605301 -0.631912231 2.238250572 0.678110341 -1.138542955
191 10.586967468 0.000000000 -0.000030518 0.623796377 0.227411010 -0.017553744
192 19.962783813 -1.182556152 -0.493804932 -2.827724317 1.210077460 0.137379431
193 26.542907715 -0.000040991 5.258377075 -0.000098679 -0.575889304 -3.141563427
194 5.210937500 0.000002980 0.000007629 0.000000000 0.072781080 0.000000000
195 11.580825806 0.000008998 -0.000045776 0.000000000 0.373150501 0.000000000
196 30.590744019 -0.110147998 0.305732727 -0.001335181 0.101130724 0.012896604
197 7.470626831 0.014281273 0.148307800 -0.004169061 0.004030333 -0.012783420
198 9.858001709 6.173850536 -12.156158447 2.343721255 0.103353816 3.040407058
199 9.858200073 -6.068094254 -12.208475113 -2.352349825 0.104146931 -3.041265021
200 20.049407959 0.061229005 -14.093132019 3.134587295 0.926499159 3.136067236
201 5.580200195 -0.000002995 0.000015259 0.000000000 0.630581499 0.000000000
202 6.841262817 -0.000007011 -0.000022888 0.000000000 -0.052313914 0.000000000
203 6.916412354 -0.000002980 0.000003815 -0.284057675 0.169796178 -0.000010178
204 24.600067139 -1.878276467 -11.667308807 -2.002800253 -0.732025296 -0.963281651
205 24.600067139 -1.878276467 -11.667308807 -1.536345236 -0.230748013 -1.702389711
206 24.600067139 -1.878276467 -11.667308807 -1.665549243 0.097947933 -2.370679697
207 24.599975586 1.980150461 -11.650840759 2.009399481 -0.739004495 0.958897021
208 24.599975586 1.980150461 -11.650840759 1.535182712 -0.239155086 1.702686470
209 24.599975586 1.980150461 -11.650840759 1.659403831 0.091981346 2.370144970
210 7.570648193 3.876312256 6.930503845 -2.049238070 1.047095500 -0.535595520
211 7.418075562 -3.974507570 7.604156494 1.014907748 -1.024031318 -2.618339091
212 -86.807075500 0.000003206 0.000005000 0.000000000 0.000000000 0.000244115
213 0.000000000 -0.000000000 0.000000000 0.000000000 0.000000000 0.000244115
214 0.000000000 -0.000000000 0.000000000 0.000000000 0.000000000 0.000244115
215 0.000000000 -0.000000000 0.000000000 0.000000000 0.000000000 0.000244115
216 0.000000000 -0.000000000 0.000000000 0.000000000 0.000000000 0.000244115
217 0.000000000 -0.000000000 0.000000000 0.000000000 0.000000000 0.000244115
218 0.000000000 -0.000000000 0.000000000 0.000000000 0.000000000 0.000244115
219 0.000000000 -0.000000000 0.000000000 0.000000000 0.000000000 0.000244115
220 0.000000000 -0.000000000 0.000000000 0.000000000 0.000000000 0.000244115
221 0.000000000 -0.000000000 0.000000000 0.000000000 0.000000000 0.000244115
222 0.000000000 -0.000000000 0.000000000 0.000000000 0.000000000 0.000244115
223 0.000000000 -0.000000000 0.000000000 0.000000000 0.000000000 0.000244115
time 3
0 -0.000000020 0.456317991 18.922828674 -0.003685141 -1.056052978 -1.567048072
1 88.476776123 -0.000060002 -0.000010967 3.141592654 0.000000000 3.141592654
2 -43.495712280 -0.000050006 4.662871361 -0.000431821 0.038240646 3.141584396
3 9.507720947 0.000008010 -0.000019073 0.000259512 0.075977006 0.000009863
4 23.267852783 2.189125061 -3.705418587 1.456154893 -0.000364046 1.571112984
5 11.648437500 0.000009537 0.000015259 0.306677637 0.335832401 -0.085164091
6 29.776103973 -0.000013351 -0.000167847 -0.000086027 0.003366362 0.000172489
7 25.612234116 -0.000009537 0.000045776 0.000584474 -0.069261301 -0.337331576
8 8.674331665 -1.907153130 -2.936569214 -0.551336544 -0.109697996 1.608018152
9 0.000000000 -0.000000000 0.000000000 0.000000000 0.000000000 0.000244115
10 -43.495712280 -0.000050006 4.662871361 0.000000000 0.091182069 0.000000000
11 21.580322266 10.273411751 -4.495082855 0.013832470 -0.084294670 0.162886143
12 45.674209595 0.000003815 0.000020027 -3.123379619 0.401725385 0.003356059
13 55.039108276 -0.000009537 -0.000045776 -3.080927885 1.050546036 0.049738035
14 21.580261230 -10.273578644 -4.495067596 0.082999460 -0.696131333 -0.128954139
15 45.674209595 0.000036240 -0.000045776 2.710833442 1.200251084 -0.382691041
16 55.039115906 -0.000043869 -0.000034332 3.123815526 1.281212317 -0.022834941
17 0.161651611 -1.532186985 -10.638456345 2.974056503 0.639070174 -0.088201372
18 14.463714600 -0.000004768 0.000007629 -0.160867316 0.256865614 0.019433995
19 20.708953857 -0.000013351 -0.000053406 0.018553581 -0.090948190 -0.007065828
20 20.709030151 -0.000011444 0.000026703 0.098200229 0.755044032 0.277296535
21 20.709548950 -0.000005722 0.000038147 0.069256973 -0.156781821 -0.042524011
22 0.118835449 -3.636027813 -10.382875443 2.401122052 0.565010815 -0.391661065
23 14.125000000 -0.000019073 -0.000007629 -0.064508503 0.110514809 0.067802891
24 20.265335083 -0.000005722 -0.000022888 0.023535155 0.049776439 -0.121242173
25 20.265319824 -0.000022888 0.000011444 0.207329694 0.627661345 0.624158338
26 20.265625000 -0.000015259 0.000007629 0.095849702 -0.096954524 -0.055791067
27 0.430801392 -8.824714661 -7.827322006 2.232175726 0.518197830 -0.480565306
28 12.544494629 0.000013351 -0.000030518 -0.269610131 0.124815453 0.204654914
29 19.343734741 -0.000015259 -0.000022888 0.025012339 0.086312500 -0.262871777
30 19.343750000 -0.000022888 -0.000034332 0.169309169 0.417535333 0.732463770
31 19.343750000 -0.000030518 0.000015259 0.052331123 -0.070305106 -0.026465272
32 -0.019668579 -12.396473885 -3.323646545 1.943104759 0.309808744 -0.486149565
33 11.042060852 0.000020981 -0.000030518 -0.371264135 -0.031868899 0.124897935
34 19.073440552 0.000000000 -0.000038147 0.006142307 0.182076584 -0.279887813
35 19.073356628 -0.000022888 -0.000015259 0.082570465 0.165254481 0.897276688
36 19.073875427 -0.000022888 0.000007629 -0.074712258 -0.067869714 0.054831613
37 0.143402100 -12.177963257 2.328496933 1.467806205 -0.014514752 -0.437293015
38 10.827308655 0.000019073 -0.000038147 -0.172653968 -0.044147529 0.056776885
39 18.731552124 0.000009537 -0.000015259 -0.030727229 0.258035404 -0.470172648
40 18.731613159 -0.000007629 -0.000030518 -0.021841266 -0.038156055 0.898219349
41 18.732204437 -0.000015259 -0.000019073 -0.220134146 -0.107909716 0.113384268
42 0.706604004 -9.159461975 6.887687683 0.967587814 -0.151109472 -0.172072042
43 10.843414307 0.000005722 -0.000022888 -0.054477537 -0.245251590 0.092264328
44 18.864501953 0.000021935 -0.000015259 -0.124510679 0.462161616 -0.596111745
45 18.864494324 0.000000000 0.000000000 -0.139087528 -0.313006575 0.813646506
46 18.864952087 0.000000000 -0.000026703 -0.340032231 -0.049513343 0.034083318
47 0.843017578 -2.753786802 9.486438751 0.704226287 -0.079110722 -0.038098473
48 10.832717896 0.000011444 0.000001907 -0.347821469 -0.301670043 0.161109605
49 19.399505615 0.000010967 -0.000038147 -0.115481185 0.700920773 -0.290282826
50 19.399688721 0.000011444 -0.000015259 -0.167691896 -0.719421304 0.469266120
51 19.400085449 0.000000000 -0.000007629 -0.178677299 -0.010086383 -0.013916070
52 0.161651611 1.532158971 -10.638370514 -2.974192137 0.639081789 0.088065975
53 14.463706970 -0.000005722 -0.000015259 0.086554597 0.135763625 -0.058984125
54 20.708976746 -0.000018120 0.000000000 0.003247379 0.023976597 0.076280669
55 20.709014893 -0.000009537 0.000034332 -0.117653286 0.825820107 -0.224122394
56 20.709583282 -0.000013351 -0.000007629 -0.069798771 -0.157061721 0.041624057
57 0.118789673 3.636004925 -10.383041382 -2.401245177 0.565061607 0.391542835
58 14.125000000 -0.000017166 -0.000022888 0.041624522 0.106222837 -0.062987215
59 20.265342712 -0.000001907 -0.000022888 -0.007702757 0.061321943 0.172348396
60 20.265335083 0.000015259 0.000025749 -0.215788776 0.648078826 -0.555639546
61 20.265625000 -0.000015259 0.000022888 -0.096272013 -0.097665978 0.055154979
62 0.430770874 8.824708939 -7.827404022 -2.232344826 0.518357241 0.480488594
63 12.544555664 0.000003815 -0.000015259 0.324691949 0.031625415 -0.126042638
64 19.343750000 -0.000015259 -0.000007629 -0.007997976 0.148717373 0.203773598
65 19.343750000 0.000022888 0.000003815 -0.191546810 0.404066797 -0.781215460
66 19.343750000 0.000015259 -0.000003815 -0.052503107 -0.071263811 0.026064961
67 -0.019592285 12.396466255 -3.323732376 -1.943213384 0.309882999 0.486061135
68 11.042083740 -0.000015259 0.000000000 0.371087463 -0.031895815 -0.124810133
69 19.073387146 -0.000019073 -0.000030518 -0.003654748 0.188886286 0.322111239
70 19.073371887 0.000007629 -0.000003815 -0.097103759 0.177182357 -0.846736826
71 19.073940277 0.000000000 0.000004768 0.124474257 -0.069449975 0.021978060
72 0.143447876 12.177963257 2.328411102 -1.442191274 0.040480718 0.437611505
73 10.827331543 -0.000022888 0.000015259 0.198171330 -0.037322629 -0.003276929
74 18.731567383 -0.000011444 0.000007629 0.015363142 0.265634992 0.418630853
75 18.731597900 0.000003815 -0.000045776 0.034026810 -0.079584234 -0.853657493
76 18.732131958 0.000007629 0.000051498 0.246302772 -0.088993855 -0.064484022
77 0.706604004 9.159473419 6.887775421 -0.946787695 -0.030960815 0.170229048
78 10.843368530 0.000001907 0.000015259 0.082377062 -0.142141351 0.043244059
79 18.864501953 -0.000007629 -0.000022888 0.036157612 0.383218946 0.402501926
80 18.864486694 0.000013351 0.000030518 0.192368165 -0.421988163 -0.783049002
81 18.865077972 0.000000000 -0.000003815 0.307737754 -0.131912125 -0.120669200
82 0.842956543 2.753788710 9.486438751 -0.757872791 -0.150691446 0.090645861
83 10.832778931 0.000000000 0.000028610 0.343495634 -0.255001224 -0.120422484
84 19.399604797 0.000009537 -0.000034332 0.103469017 0.754966852 0.382571204
85 19.399604797 0.000010490 0.000000000 0.131843451 -0.665084583 -0.330370429
86 19.400199890 0.000015259 0.000007629 0.162591312 -0.159198510 -0.039495977
87 23.268295288 -2.187723637 -3.705861092 -1.456154893 0.000364046 -1.570479669
88 11.648437500 -0.000026703 0.000015259 0.734508692 0.404939310 0.027927105
89 19.962642670 1.182540894 -0.494804382 2.827724317 1.210077460 -0.137379431
90 25.357292175 1.346542358 -0.632682800 -2.198588604 1.095102520 1.105592245
91 10.585937500 -0.000011444 -0.000007629 -0.623342345 0.227380332 0.017522868
92 29.775838852 -0.000076294 -0.000114441 -0.113562321 0.064265100 -0.272790597
93 22.736850739 -0.004608154 -0.007431030 -0.966762742 0.096210942 -3.094126495
94 0.073730469 -0.706542969 -0.275878906 0.101643251 1.375933058 2.040816668
95 13.120201111 -0.000007629 0.000007629 -1.094423037 -0.272209949 0.040143386
96 12.350082397 -0.000015259 -0.000017166 -0.965810233 -0.436983213 -0.563378350
97 15.541244507 -0.000007629 -0.000015259 -0.906487579 0.357744015 -0.990528841
98 14.906250000 0.000015259 -0.000015259 -0.667844312 0.622318545 -0.403212116
99 14.182769775 0.000007629 -0.000015259 -0.234571126 0.212174946 0.176175679
100 6.140625000 -0.523925781 -0.378906250 1.263879089 1.409504645 1.697186125
101 11.348449707 -0.000007629 -0.000022888 -2.622413025 0.018388611 0.252464794
102 12.005210876 0.000000000 -0.000038147 -0.563050072 -0.375665096 -0.566846892
103 15.865596771 -0.000030518 -0.000011444 -0.924793497 0.071308472 -1.024661234
104 14.851562500 -0.000007629 -0.000015259 -0.545771184 0.296635872 0.144460092
105 12.538982391 -0.415008545 -0.272304535 1.174310906 1.415608081 1.401248230
106 10.619346619 0.000000000 0.000011444 3.107319775 0.090128936 0.242583572
107 12.043014526 0.000000000 -0.000007629 -0.367610609 -0.084637522 -0.622341702
108 15.310409546 0.000007629 -0.000038147 -0.399153764 0.255395645 0.102929787
109 19.857929230 -0.000045776 -0.000026703 1.065956099 1.413357559 1.345499229
110 10.617187500 0.000000000 0.000015259 -0.352054808 0.029550289 0.230625276
111 11.091682434 -0.000015259 -0.000022888 -3.097065201 -0.159481543 -0.163270048
112 25.612312317 -0.000045776 -0.000190735 -1.074658047 -0.783877734 0.431600139
113 0.732421875 0.378173828 -0.043334961 -0.298448110 -0.042506783 0.541930270
114 9.421440125 0.000019073 -0.000061035 0.218950068 0.377269925 -0.396215787
115 3.208984375 -0.000005722 -0.000015259 -0.000887106 0.290614833 0.001091487
116 2.421077251 -0.000001907 0.000015259 0.021249011 0.054591079 -0.018763379
117 0.783203125 0.134643555 -0.023895264 -0.156336213 -0.123510422 0.279151765
118 9.940940857 0.000003815 -0.000015259 0.114060238 0.646232754 -0.147453852
119 3.403714180 -0.000000954 -0.000015259 0.018865861 0.370406614 -0.013678761
120 2.546600342 0.000000000 -0.000015259 0.002681258 0.359374847 -0.004074885
121 0.805175781 -0.000001907 0.000000000 -0.007963538 -0.147251916 0.014089588
122 9.898437500 -0.000007629 0.000030518 -0.026810585 0.713881890 -0.049893677
123 3.537049294 -0.000003815 -0.000045776 0.002653921 0.418281250 -0.054858271
124 2.507812500 0.000000000 0.000015259 -0.000854959 0.446729404 -0.052867130
125 0.821777344 -0.246826172 -0.028747559 0.155124828 -0.087466036 -0.272238366
126 9.687477112 -0.000015259 0.000000000 -0.190643667 0.692367257 0.197246273
127 3.679668427 0.000000954 0.000045776 0.007496425 0.490298822 -0.009513726
128 2.700592041 0.000003815 -0.000030518 -0.029288244 0.535711386 0.015594438
129 0.519042969 -0.395996094 -0.161987305 0.477878787 0.316754060 -0.763355711
130 6.753906250 0.000000000 -0.000038147 -0.904764200 0.147327600 0.061593977
131 4.462635040 -0.000017166 0.000000000 -0.075832845 0.021200604 0.281047450
132 22.736755371 0.004562378 -0.007324219 0.259262777 0.003974480 2.927913431
133 0.073669434 0.706542969 -0.276367188 -2.492492354 0.648302238 2.009192272
134 13.119308472 0.000015259 -0.000030518 0.798165638 -0.296547118 0.031360239
135 12.350982666 0.000000000 -0.000015259 0.192326443 -0.431141650 0.945375578
136 15.540866852 0.000000000 0.000000000 -0.334297208 -0.123300146 1.062593807
137 14.906250000 -0.000015259 -0.000007629 -0.247882558 -0.091669856 0.205909507
138 14.182876587 0.000003815 -0.000015259 -0.249886440 0.117038069 -0.292281263
139 6.140625000 0.523925781 -0.378662109 2.218130503 0.643699041 2.006545627
140 11.348999023 0.000015259 -0.000001907 2.201740280 0.013709297 -0.215097930
141 12.004646301 -0.000007629 -0.000015259 -0.359707252 -0.596104741 0.803995816
142 15.865932465 0.000000000 0.000000000 -0.591556127 -0.775220470 0.979289869
143 14.851562500 -0.000007629 0.000000000 0.101079492 0.188920080 -0.294564220
144 12.539028168 0.414958954 -0.272766113 1.863614610 0.617191134 1.931431777
145 10.619094849 0.000007629 -0.000014305 2.748173618 0.126748842 -0.179767578
146 12.043609619 0.000000000 -0.000015259 -0.545368727 -0.339959380 0.784914406
147 15.309890747 0.000007629 0.000000000 0.000342988 0.204426702 -0.264777836
148 19.857963562 0.000003815 0.000061035 1.896572495 0.602956106 1.918568731
149 10.618202209 0.000007629 -0.000008583 0.025949725 0.020696927 -0.011644860
150 11.091812134 0.000007629 -0.000003815 2.749305466 -0.011745064 0.330748632
151 0.732421875 -0.378173828 -0.043029785 0.298829922 -0.043211786 -0.541974052
152 9.421350479 -0.000011444 0.000000000 -0.470241755 1.108872100 0.050969701
153 3.208984375 0.000000954 0.000015259 0.000857873 1.057455893 -0.001098300
154 2.421081543 -0.000001907 -0.000015259 0.043174526 0.819359608 0.045011662
155 0.783203125 -0.134643555 -0.023727417 0.156625597 -0.124254089 -0.279237635
156 9.941061020 -0.000013351 -0.000030518 -0.258870176 1.208138449 -0.026394740
157 3.403717041 -0.000000954 0.000022888 -0.009093961 0.939657871 -0.001132441
158 2.546569824 -0.000002861 -0.000022888 0.050622334 0.928087349 0.026112669
159 0.805175781 0.000003815 -0.000030518 0.007970885 -0.148203970 -0.014094421
160 9.898437500 -0.000006676 0.000015259 0.008520768 1.208195160 -0.016983373
161 3.537109375 -0.000002861 0.000000000 -0.000193491 0.912542382 0.000193491
162 2.507812500 0.000004768 0.000022888 0.000320821 0.943623568 -0.000320821
163 0.821777344 0.246826172 -0.027481079 -0.155297577 -0.088051341 0.272296809
164 9.687316895 -0.000003815 -0.000061035 0.342851519 1.121789534 -0.008737843
165 3.679641724 -0.000001907 0.000038147 -0.002974323 0.934332562 -0.000146806
166 2.700637817 0.000005722 -0.000015259 -0.032371169 0.978263485 -0.042071145
167 0.519531250 0.395996094 -0.161865234 -0.478495596 0.316187846 0.763124936
168 6.753906250 0.000000000 -0.000015259 0.300769486 0.115172368 -0.360966190
169 4.462741852 0.000003815 0.000015259 0.078557963 0.005930337 -0.087042230
170 86.264823914 0.000061035 -0.000015259 0.587903676 0.457491540 1.070263633
171 2.875000000 -0.000003815 0.000000000 -0.103394803 0.672646244 -0.393923729
172 8.134429932 0.000007629 -0.000015259 0.498942333 1.064230564 0.756378580
173 8.134384155 0.000015259 0.000000000 0.071701778 0.077068849 0.109132356
174 8.134399414 0.000000000 0.000011444 0.076383280 -0.374729452 0.073456287
175 8.134384155 0.000011444 0.000000000 -0.012897950 -0.790832772 0.248897412
176 8.134414673 0.000000000 0.000000000 -0.043144806 -0.769434981 0.333699655
177 8.134380341 -0.000007629 0.000015259 0.014599341 -0.303412904 0.126394516
178 8.134407043 -0.000015259 -0.000007629 -0.006114991 -0.039646435 0.021014469
179 8.132812500 -0.000015259 0.000007629 0.001834669 0.244746969 0.186954362
180 86.264823914 0.000061035 -0.000015259 -1.571182565 -0.000299841 -1.570496396
181 2.875000000 -0.000015259 0.000000000 0.290764701 0.745972224 0.637596590
182 8.134391785 0.000015259 -0.000022888 -0.125344285 0.410267760 -0.029556822
183 8.134387970 -0.000007629 0.000000000 -0.065537120 0.132442061 0.215679693
184 8.134422302 -0.000015259 -0.000015259 -0.034990192 0.082981854 0.421355192
185 8.134407043 0.000003815 0.000000000 -0.186849500 0.081315642 0.709586120
186 8.134407043 -0.000003815 0.000045776 -0.255048859 -0.123124126 0.778179417
187 8.134376526 0.000000000 0.000000000 -0.266465875 -0.176806792 0.321396648
188 8.134403229 -0.000011444 0.000015259 -0.233612448 -0.083179185 0.042559944
189 8.132812500 0.000011444 0.000015259 -0.004164739 0.007181471 -0.170265960
190 25.357349396 -1.346605301 -0.631912231 2.209263450 0.362399807 -1.254411596
191 10.586967468 0.000000000 -0.000030518 0.623796377 0.227411010 -0.017553744
192 19.962783813 -1.182556152 -0.493804932 -2.827724317 1.210077460 0.137379431
193 26.542907715 -0.000040991 5.258377075 -0.000098679 -0.575889304 -3.141563427
194 5.210937500 0.000002980 0.000007629 0.000000000 0.072781080 0.000000000
195 11.580825806 0.000008998 -0.000045776 0.000000000 0.373150501 0.000000000
196 30.590744019 -0.110147998 0.305732727 -0.001335181 0.101130724 0.012896604
197 7.470626831 0.014281273 0.148307800 -0.004169061 0.004030333 -0.012783420
198 9.858001709 6.173850536 -12.156158447 2.343721255 0.103353816 3.040407058
199 9.858200073 -6.068094254 -12.208475113 -2.352349825 0.104146931 -3.041265021
200 20.049407959 0.061229005 -14.093132019 3.134587295 0.926499159 3.136067236
201 5.580200195 -0.000002995 0.000015259 0.000000000 0.630581499 0.000000000
202 6.841262817 -0.000007011 -0.000022888 0.000000000 -0.052313914 0.000000000
203 6.916412354 -0.000002980 0.000003815 -0.284057675 0.169796178 -0.000010178
204 24.600067139 -1.878276467 -11.667308807 -2.002800253 -0.732025296 -0.963281651
205 24.600067139 -1.878276467 -11.667308807 -1.536345236 -0.230748013 -1.702389711
206 24.600067139 -1.878276467 -11.667308807 -1.665549243 0.097947933 -2.370679697
207 24.599975586 1.980150461 -11.650840759 2.009399481 -0.739004495 0.958897021
208 24.599975586 1.980150461 -11.650840759 1.535182712 -0.239155086 1.702686470
209 24.599975586 1.980150461 -11.650840759 1.659403831 0.091981346 2.370144970
210 7.570648193 3.876312256 6.930503845 -2.049238070 1.047095500 -0.535595520
211 7.418075562 -3.974507570 7.604156494 1.014907748 -1.024031318 -2.618339091
212 -86.807075500 0.000003206 0.000005000 0.000000000 0.000000000 0.000244115
213 0.000000000 -0.000000000 0.000000000 0.000000000 0.000000000 0.000244115
214 0.000000000 -0.000000000 0.000000000 0.000000000 0.000000000 0.000244115
215 0.000000000 -0.000000000 0.000000000 0.000000000 0.000000000 0.000244115
216 0.000000000 -0.000000000 0.000000000 0.000000000 0.000000000 0.000244115
217 0.000000000 -0.000000000 0.000000000 0.000000000 0.000000000 0.000244115
218 0.000000000 -0.000000000 0.000000000 0.000000000 0.000000000 0.000244115
219 0.000000000 -0.000000000 0.000000000 0.000000000 0.000000000 0.000244115
220 0.000000000 -0.000000000 0.000000000 0.000000000 0.000000000 0.000244115
221 0.000000000 -0.000000000 0.000000000 0.000000000 0.000000000 0.000244115
222 0.000000000 -0.000000000 0.000000000 0.000000000 0.000000000 0.000244115
223 0.000000000 -0.000000000 0.000000000 0.000000000 0.000000000 0.000244115
time 4
0 -0.000000033 0.743624985 20.664281845 -0.003823015 -0.842454078 -1.566907993
1 88.476776123 -0.000060002 -0.000010967 3.141592654 -0.000000000 3.141592654
2 -43.495712280 -0.000050006 4.662871361 -0.000431821 0.038240646 3.141584396
3 9.507720947 0.000008010 -0.000019073 0.000259512 0.075977006 0.000009863
4 23.267852783 2.189125061 -3.705418587 1.456154893 -0.000364046 1.571112984
5 11.648437500 0.000009537 0.000015259 0.495317793 0.284241361 -0.108581258
6 29.776103973 -0.000013351 -0.000167847 -0.000086027 0.003366362 0.000172489
7 25.612234116 -0.000009537 0.000045776 0.000584474 -0.069261301 -0.337331576
8 8.674331665 -1.907153130 -2.936569214 -0.551336544 -0.109697996 1.608018152
9 0.000000000 -0.000000000 0.000000000 0.000000000 0.000000000 0.000244115
10 -43.495712280 -0.000050006 4.662871361 0.000000000 0.091182069 0.000000000
11 21.580322266 10.273411751 -4.495082855 0.013832470 -0.084294670 0.162886143
12 45.674209595 0.000003815 0.000020027 -3.123739549 0.294975159 0.001517962
13 55.039108276 -0.000009537 -0.000045776 -3.080927885 1.050546036 0.049738035
14 21.580261230 -10.273578644 -4.495067596 0.082999460 -0.696131333 -0.128954139
15 45.674209595 0.000036240 -0.000045776 2.771493389 1.060441125 -0.315971960
16 55.039115906 -0.000043869 -0.000034332 3.123815526 1.281212317 -0.022834941
17 0.161651611 -1.532186985 -10.638456345 2.974056503 0.639070174 -0.088201372
18 14.463714600 -0.000004768 0.000007629 -0.178091611 0.370037003 0.003609454
19 20.708953857 -0.000013351 -0.000053406 0.035942895 -0.321048805 -0.063111041
20 20.709030151 -0.000011444 0.000026703 0.032101126 0.370395238 0.134509358
21 20.709548950 -0.000005722 0.000038147 0.075122292 -0.099228622 -0.029504880
22 0.118835449 -3.636027813 -10.382875443 2.401122052 0.565010815 -0.391661065
23 14.125000000 -0.000019073 -0.000007629 -0.039537728 0.155904332 0.099746623
24 20.265335083 -0.000005722 -0.000022888 0.046770467 -0.095841672 -0.268136030
25 20.265319824 -0.000022888 0.000011444 0.067294609 0.363906563 0.256675622
26 20.265625000 -0.000015259 0.000007629 0.115585898 -0.051513829 -0.022874069
27 0.430801392 -8.824714661 -7.827322006 2.232175726 0.518197830 -0.480565306
28 12.544494629 0.000013351 -0.000030518 -0.234820794 0.159471797 0.243290875
29 19.343734741 -0.000015259 -0.000022888 0.044310192 -0.002318719 -0.455260175
30 19.343750000 -0.000022888 -0.000034332 0.069048711 0.264069919 0.300857805
31 19.343750000 -0.000030518 0.000015259 0.081898482 -0.045151572 0.018111038
32 -0.019668579 -12.396473885 -3.323646545 1.943104759 0.309808744 -0.486149565
33 11.042060852 0.000020981 -0.000030518 -0.371264135 -0.031868899 0.124897935
34 19.073440552 0.000000000 -0.000038147 -0.007155787 0.178603648 -0.469166021
35 19.073356628 -0.000022888 -0.000015259 0.054410217 0.144740041 0.443378471
36 19.073875427 -0.000022888 0.000007629 -0.043234637 -0.066768101 0.103249635
37 0.143402100 -12.177963257 2.328496933 1.467806205 -0.014514752 -0.437293015
38 10.827308655 0.000019073 -0.000038147 -0.172653968 -0.044147529 0.056776885
39 18.731552124 0.000009537 -0.000015259 -0.067514534 0.288341126 -0.678280585
40 18.731613159 -0.000007629 -0.000030518 0.018942909 0.030332839 0.457671800
41 18.732204437 -0.000015259 -0.000019073 -0.220134146 -0.107909716 0.113384268
42 0.706604004 -9.159461975 6.887687683 0.967587814 -0.151109472 -0.172072042
43 10.843414307 0.000005722 -0.000022888 -0.054477537 -0.245251590 0.092264328
44 18.864501953 0.000021935 -0.000015259 -0.221868519 0.539177853 -0.834166825
45 18.864494324 0.000000000 0.000000000 -0.028324373 -0.137357360 0.441854523
46 18.864952087 0.000000000 -0.000026703 -0.340032231 -0.049513343 0.034083318
47 0.843017578 -2.753786802 9.486438751 0.704226287 -0.079110722 -0.038098473
48 10.832717896 0.000011444 0.000001907 -0.347821469 -0.301670043 0.161109605
49 19.399505615 0.000010967 -0.000038147 -0.241366734 0.892242589 -0.473016431
50 19.399688721 0.000011444 -0.000015259 -0.048051514 -0.419072024 0.262995499
51 19.400085449 0.000000000 -0.000007629 -0.178677299 -0.010086383 -0.013916070
52 0.161651611 1.532158971 -10.638370514 -2.974192137 0.639081789 0.088065975
53 14.463706970 -0.000005722 -0.000015259 0.077939812 0.193010171 -0.068146241
54 20.708976746 -0.000018120 0.000000000 -0.004809701 -0.169693177 0.130877677
55 20.709014893 -0.000009537 0.000034332 -0.026070696 0.447195764 -0.079157403
56 20.709583282 -0.000013351 -0.000007629 -0.075915277 -0.099709954 0.027919962
57 0.118789673 3.636004925 -10.383041382 -2.401245177 0.565061607 0.391542835
58 14.125000000 -0.000017166 -0.000022888 0.017103292 0.151242063 -0.095610845
59 20.265342712 -0.000001907 -0.000022888 -0.025396676 -0.086124801 0.312803581
60 20.265335083 0.000015259 0.000025749 -0.063634065 0.372360572 -0.216485834
61 20.265625000 -0.000015259 0.000022888 -0.116089733 -0.052698544 0.021745632
62 0.430770874 8.824708939 -7.827404022 -2.232344826 0.518357241 0.480488594
63 12.544555664 0.000003815 -0.000015259 0.324691949 0.031625415 -0.126042638
64 19.343750000 -0.000015259 -0.000007629 -0.006561305 0.097481990 0.367654104
65 19.343750000 0.000022888 0.000003815 -0.077569114 0.269890540 -0.360134742
66 19.343750000 0.000015259 -0.000003815 -0.081957676 -0.046733405 -0.018736531
67 -0.019592285 12.396466255 -3.323732376 -1.943213384 0.309882999 0.486061135
68 11.042083740 -0.000015259 0.000000000 0.371087463 -0.031895815 -0.124810133
69 19.073387146 -0.000019073 -0.000030518 0.010672843 0.185138367 0.507986665
70 19.073371887 0.000007629 -0.000003815 -0.060344976 0.151993190 -0.407256553
71 19.073940277 0.000000000 0.000004768 0.124474257 -0.069449975 0.021978060
72 0.143447876 12.177963257 2.328411102 -1.442191274 0.040480718 0.437611505
73 10.827331543 -0.000022888 0.000015259 0.198171330 -0.037322629 -0.003276929
74 18.731567383 -0.000011444 0.000007629 0.052440448 0.309390256 0.615473389
75 18.731597900 0.000003815 -0.000045776 -0.021666195 0.004249750 -0.424476018
76 18.732131958 0.000007629 0.000051498 0.246302772 -0.088993855 -0.064484022
77 0.706604004 9.159473419 6.887775421 -0.946787695 -0.030960815 0.170229048
78 10.843368530 0.000001907 0.000015259 0.082377062 -0.142141351 0.043244059
79 18.864501953 -0.000007629 -0.000022888 0.102845129 0.492611468 0.594102688
80 18.864486694 0.000013351 0.000030518 0.036981970 -0.216009609 -0.401824927
81 18.865077972 0.000000000 -0.000003815 0.307737754 -0.131912125 -0.120669200
82 0.842956543 2.753788710 9.486438751 -0.778499261 -0.200924761 0.123778411
83 10.832778931 0.000000000 0.000028610 0.343495634 -0.255001224 -0.120422484
84 19.399604797 0.000009537 -0.000034332 0.263999580 0.954845544 0.617594232
85 19.399604797 0.000010490 0.000000000 0.015145734 -0.283089544 -0.161188089
86 19.400199890 0.000015259 0.000007629 0.162591312 -0.159198510 -0.039495977
87 23.268295288 -2.187723637 -3.705861092 -1.456154893 0.000364046 -1.570479669
88 11.648437500 -0.000026703 0.000015259 0.502694291 0.392392516 0.024559804
89 19.962642670 1.182540894 -0.494804382 2.827724317 1.210077460 -0.137379431
90 25.357292175 1.346542358 -0.632682800 -2.086208441 0.899866846 1.260907599
91 10.585937500 -0.000011444 -0.000007629 -0.623342345 0.227380332 0.017522868
92 29.775838852 -0.000076294 -0.000114441 -0.113562321 0.064265100 -0.272790597
93 22.736850739 -0.004608154 -0.007431030 -0.966762742 0.096210942 -3.094126495
94 0.073730469 -0.706542969 -0.275878906 -2.499670329 1.552490408 -0.548519454
95 13.120201111 -0.000007629 0.000007629 -1.051537541 -0.060800649 -0.074477103
96 12.350082397 -0.000015259 -0.000017166 -0.905807095 -0.183284121 -0.281580090
97 15.541244507 -0.000007629 -0.000015259 -0.635196957 0.184376362 -0.646147215
98 14.906250000 0.000015259 -0.000015259 -0.861596274 0.672685067 -0.774778369
99 14.182769775 0.000007629 -0.000015259 -0.234571126 0.212174946 0.176175679
100 6.140625000 -0.523925781 -0.378906250 -0.771891297 1.506442240 -0.339224879
101 11.348449707 -0.000007629 -0.000022888 -2.601132733 -0.055863885 0.055768295
102 12.005210876 0.000000000 -0.000038147 -0.500563505 -0.159533345 -0.281685194
103 15.865596771 -0.000030518 -0.000011444 -0.717026034 -0.018796165 -0.609793063
104 14.851562500 -0.000007629 -0.000015259 -0.545771184 0.296635872 0.144460092
105 12.538982391 -0.415008545 -0.272304535 -0.519099802 1.471881163 -0.303944834
106 10.619346619 0.000000000 0.000011444 3.111707812 -0.004910955 0.070184980
107 12.043014526 0.000000000 -0.000007629 -0.233139166 0.003510568 -0.302516434
108 15.310409546 0.000007629 -0.000038147 -0.399153764 0.255395645 0.102929787
109 19.857929230 -0.000045776 -0.000026703 -0.569887875 1.467243654 -0.304472575
110 10.617187500 0.000000000 0.000015259 -0.332871487 -0.034406879 0.062075451
111 11.091682434 -0.000015259 -0.000022888 -3.097065201 -0.159481543 -0.163270048
112 25.612312317 -0.000045776 -0.000190735 -1.074658047 -0.783877734 0.431600139
113 0.732421875 0.378173828 -0.043334961 -0.298448110 -0.042506783 0.541930270
114 9.421440125 0.000019073 -0.000061035 0.218950068 0.377269925 -0.396215787
115 3.208984375 -0.000005722 -0.000015259 -0.000887106 0.290614833 0.001091487
116 2.421077251 -0.000001907 0.000015259 0.021249011 0.054591079 -0.018763379
117 0.783203125 0.134643555 -0.023895264 -0.156336213 -0.123510422 0.279151765
118 9.940940857 0.000003815 -0.000015259 0.114060238 0.646232754 -0.147453852
119 3.403714180 -0.000000954 -0.000015259 0.018865861 0.370406614 -0.013678761
120 2.546600342 0.000000000 -0.000015259 0.002681258 0.359374847 -0.004074885
121 0.805175781 -0.000001907 0.000000000 -0.007963538 -0.147251916 0.014089588
122 9.898437500 -0.000007629 0.000030518 -0.026810585 0.713881890 -0.049893677
123 3.537049294 -0.000003815 -0.000045776 0.002653921 0.418281250 -0.054858271
124 2.507812500 0.000000000 0.000015259 -0.000854959 0.446729404 -0.052867130
125 0.821777344 -0.246826172 -0.028747559 0.155124828 -0.087466036 -0.272238366
126 9.687477112 -0.000015259 0.000000000 -0.190643667 0.692367257 0.197246273
127 3.679668427 0.000000954 0.000045776 0.007496425 0.490298822 -0.009513726
128 2.700592041 0.000003815 -0.000030518 -0.029288244 0.535711386 0.015594438
129 0.519042969 -0.395996094 -0.161987305 0.477878787 0.316754060 -0.763355711
130 6.753906250 0.000000000 -0.000038147 -0.904764200 0.147327600 0.061593977
131 4.462635040 -0.000017166 0.000000000 -0.075832845 0.021200604 0.281047450
132 22.736755371 0.004562378 -0.007324219 0.259262777 0.003974480 2.927913431
133 0.073669434 0.706542969 -0.276367188 -2.513643725 0.435340464 1.976209641
134 13.119308472 0.000015259 -0.000030518 0.799962151 -0.028387977 -0.035058266
135 12.350982666 0.000000000 -0.000015259 0.358099635 -0.166122787 0.360839601
136 15.540866852 0.000000000 0.000000000 -0.364555238 -0.128391844 1.050174993
137 14.906250000 -0.000015259 -0.000007629 -0.632875325 -0.427615387 1.159039590
138 14.182876587 0.000003815 -0.000015259 -0.249886440 0.117038069 -0.292281263
139 6.140625000 0.523925781 -0.378662109 2.207167721 0.444737073 1.981790228
140 11.348999023 0.000015259 -0.000001907 2.205843271 0.067065934 0.026290545
141 12.004646301 -0.000007629 -0.000015259 -0.139005896 -0.231069029 0.289027552
142 15.865932465 0.000000000 0.000000000 -0.446517082 -0.661523864 0.737699521
143 14.851562500 -0.000007629 0.000000000 0.101079492 0.188920080 -0.294564220
144 12.539028168 0.414958954 -0.272766113 1.847725526 0.423444950 1.919464844
145 10.619094849 0.000007629 -0.000014305 2.769195250 0.102471889 0.052635533
146 12.043609619 0.000000000 -0.000015259 -0.454231784 -0.113015786 0.285059439
147 15.309890747 0.000007629 0.000000000 0.000342988 0.204426702 -0.264777836
148 19.857963562 0.000003815 0.000061035 1.882750778 0.409974147 1.909976133
149 10.618202209 0.000007629 -0.000008583 0.006663339 0.038724903 0.195640115
150 11.091812134 0.000007629 -0.000003815 2.749305466 -0.011745064 0.330748632
151 0.732421875 -0.378173828 -0.043029785 0.298829922 -0.043211786 -0.541974052
152 9.421350479 -0.000011444 0.000000000 -0.470241755 1.108872100 0.050969701
153 3.208984375 0.000000954 0.000015259 0.000857873 1.057455893 -0.001098300
154 2.421081543 -0.000001907 -0.000015259 0.043174526 0.819359608 0.045011662
155 0.783203125 -0.134643555 -0.023727417 0.156625597 -0.124254089 -0.279237635
156 9.941061020 -0.000013351 -0.000030518 -0.258870176 1.208138449 -0.026394740
157 3.403717041 -0.000000954 0.000022888 -0.009093961 0.939657871 -0.001132441
158 2.546569824 -0.000002861 -0.000022888 0.050622334 0.928087349 0.026112669
159 0.805175781 0.000003815 -0.000030518 0.007970885 -0.148203970 -0.014094421
160 9.898437500 -0.000006676 0.000015259 0.008520768 1.208195160 -0.016983373
161 3.537109375 -0.000002861 0.000000000 -0.000193491 0.912542382 0.000193491
162 2.507812500 0.000004768 0.000022888 0.000320821 0.943623568 -0.000320821
163 0.821777344 0.246826172 -0.027481079 -0.155297577 -0.088051341 0.272296809
164 9.687316895 -0.000003815 -0.000061035 0.342851519 1.121789534 -0.008737843
165 3.679641724 -0.000001907 0.000038147 -0.002974323 0.934332562 -0.000146806
166 2.700637817 0.000005722 -0.000015259 -0.032371169 0.978263485 -0.042071145
167 0.519531250 0.395996094 -0.161865234 -0.478495596 0.316187846 0.763124936
168 6.753906250 0.000000000 -0.000015259 0.300769486 0.115172368 -0.360966190
169 4.462741852 0.000003815 0.000015259 0.078557963 0.005930337 -0.087042230
170 86.264823914 0.000061035 -0.000015259 0.587903676 0.457491540 1.070263633
171 2.875000000 -0.000003815 0.000000000 -0.103394803 0.672646244 -0.393923729
172 8.134429932 0.000007629 -0.000015259 0.645183549 1.277018347 0.820821142
173 8.134384155 0.000015259 0.000000000 0.072430042 0.251697891 0.093206209
174 8.134399414 0.000000000 0.000011444 0.058106561 -0.076674398 0.071760152
175 8.134384155 0.000011444 0.000000000 -0.001630137 -0.245374377 0.139553491
176 8.134414673 0.000000000 0.000000000 0.004069035 -0.410591378 0.219401388
177 8.134380341 -0.000007629 0.000015259 -0.088197379 -0.653390173 0.447504636
178 8.134407043 -0.000015259 -0.000007629 -0.112768821 -0.591343702 0.491984377
179 8.132812500 -0.000015259 0.000007629 0.001834669 0.244746969 0.186954362
180 86.264823914 0.000061035 -0.000015259 -1.570410029 0.000386149 -1.570410029
181 2.875000000 -0.000015259 0.000000000 0.290764701 0.745972224 0.637596590
182 8.134391785 0.000015259 -0.000022888 -0.145293712 0.309844934 -0.198571373
183 8.134387970 -0.000007629 0.000000000 -0.082579294 0.113289317 0.038582495
184 8.134422302 -0.000015259 -0.000015259 -0.068371411 0.071305753 0.147210164
185 8.134407043 0.000003815 0.000000000 -0.254825078 0.088027377 0.224094338
186 8.134407043 -0.000003815 0.000045776 -0.208944968 -0.001756926 0.404332823
187 8.134376526 0.000000000 0.000000000 -0.240879801 -0.177219552 0.676060204
188 8.134403229 -0.000011444 0.000015259 -0.278502328 -0.320243855 0.662284647
189 8.132812500 0.000011444 0.000015259 -0.004164739 0.007181471 -0.170265960
190 25.357349396 -1.346605301 -0.631912231 2.262460552 0.170831954 -1.251226909
191 10.586967468 0.000000000 -0.000030518 0.623796377 0.227411010 -0.017553744
192 19.962783813 -1.182556152 -0.493804932 -2.827724317 1.210077460 0.137379431
193 26.542907715 -0.000040991 5.258377075 -0.000098679 -0.575889304 -3.141563427
194 5.210937500 0.000002980 0.000007629 0.000000000 0.072781080 0.000000000
195 11.580825806 0.000008998 -0.000045776 0.000000000 0.373150501 0.000000000
196 30.590744019 -0.110147998 0.305732727 -0.001335181 0.101130724 0.012896604
197 7.470626831 0.014281273 0.148307800 -0.004169061 0.004030333 -0.012783420
198 9.858001709 6.173850536 -12.156158447 2.343721255 0.103353816 3.040407058
199 9.858200073 -6.068094254 -12.208475113 -2.352349825 0.104146931 -3.041265021
200 20.049407959 0.061229005 -14.093132019 3.134587295 0.926499159 3.136067236
201 5.580200195 -0.000002995 0.000015259 0.000000000 0.630581499 0.000000000
202 6.841262817 -0.000007011 -0.000022888 0.000000000 -0.052313914 0.000000000
203 6.916412354 -0.000002980 0.000003815 -0.284057675 0.169796178 -0.000010178
204 24.600067139 -1.878276467 -11.667308807 -2.002800253 -0.732025296 -0.963281651
205 24.600067139 -1.878276467 -11.667308807 -1.536345236 -0.230748013 -1.702389711
206 24.600067139 -1.878276467 -11.667308807 -1.665549243 0.097947933 -2.370679697
207 24.599975586 1.980150461 -11.650840759 2.009399481 -0.739004495 0.958897021
208 24.599975586 1.980150461 -11.650840759 1.535182712 -0.239155086 1.702686470
209 24.599975586 1.980150461 -11.650840759 1.659403831 0.091981346 2.370144970
210 7.570648193 3.876312256 6.930503845 -2.049238070 1.047095500 -0.535595520
211 7.418075562 -3.974507570 7.604156494 1.014907748 -1.024031318 -2.618339091
212 -86.807075500 0.000003206 0.000005000 0.000000000 0.000000000 0.000244115
213 0.000000000 -0.000000000 0.000000000 0.000000000 0.000000000 0.000244115
214 0.000000000 -0.000000000 0.000000000 0.000000000 0.000000000 0.000244115
215 0.000000000 -0.000000000 0.000000000 0.000000000 0.000000000 0.000244115
216 0.000000000 -0.000000000 0.000000000 0.000000000 0.000000000 0.000244115
217 0.000000000 -0.000000000 0.000000000 0.000000000 0.000000000 0.000244115
218 0.000000000 -0.000000000 0.000000000 0.000000000 0.000000000 0.000244115
219 0.000000000 -0.000000000 0.000000000 0.000000000 0.000000000 0.000244115
220 0.000000000 -0.000000000 0.000000000 0.000000000 0.000000000 0.000244115
221 0.000000000 -0.000000000 0.000000000 0.000000000 0.000000000 0.000244115
222 0.000000000 -0.000000000 0.000000000 0.000000000 0.000000000 0.000244115
223 0.000000000 -0.000000000 0.000000000 0.000000000 0.000000000 0.000244115
time 5
0 -0.000000046 1.056280971 22.559391022 -0.003830459 -0.610091302 -1.566965868
1 88.476776123 -0.000060002 -0.000010967 3.141592654 0.000000000 3.141592654
2 -43.495712280 -0.000050006 4.662871361 -0.000431821 0.038240646 3.141584396
3 9.507720947 0.000008010 -0.000019073 0.000259512 0.075977006 0.000009863
4 23.267852783 2.189125061 -3.705418587 1.456154893 -0.000364046 1.571112984
5 11.648437500 0.000009537 0.000015259 0.700589876 0.228174836 -0.134022876
6 29.776103973 -0.000013351 -0.000167847 -0.000086027 0.003366362 0.000172489
7 25.612234116 -0.000009537 0.000045776 0.000584474 -0.069261301 -0.337331576
8 8.674331665 -1.907153130 -2.936569214 -0.551336544 -0.109697996 1.608018152
9 0.000000000 -0.000000000 0.000000000 0.000000000 0.000000000 0.000244115
10 -43.495712280 -0.000050006 4.662871361 0.000000000 0.091182069 0.000000000
11 21.580322266 10.273411751 -4.495082855 0.013832470 -0.084294670 0.162886143
12 45.674209595 0.000003815 0.000020027 -3.124132749 0.178752194 -0.000515277
13 55.039108276 -0.000009537 -0.000045776 -3.080927885 1.050546036 0.049738035
14 21.580261230 -10.273578644 -4.495067596 0.082999460 -0.696131333 -0.128954139
15 45.674209595 0.000036240 -0.000045776 2.837574664 0.908210481 -0.243207415
16 55.039115906 -0.000043869 -0.000034332 3.123815526 1.281212317 -0.022834941
17 0.161651611 -1.532186985 -10.638456345 2.974056503 0.639070174 -0.088201372
18 14.463714600 -0.000004768 0.000007629 -0.194834398 0.484611568 -0.013644493
19 20.708953857 -0.000013351 -0.000053406 0.055221925 -0.467195073 -0.100953081
20 20.709030151 -0.000011444 0.000026703 0.018218517 0.138028152 0.068156664
21 20.709548950 -0.000005722 0.000038147 0.081542858 -0.036611793 -0.015318298
22 0.118835449 -3.636027813 -10.382875443 2.401122052 0.565010815 -0.391661065
23 14.125000000 -0.000019073 -0.000007629 -0.012356839 0.200642754 0.132718622
24 20.265335083 -0.000005722 -0.000022888 0.068393155 -0.178825044 -0.342605408
25 20.265319824 -0.000022888 0.000011444 0.034847663 0.188693633 0.081187986
26 20.265625000 -0.000015259 0.000007629 0.136994954 -0.002091823 0.012834535
27 0.430801392 -8.824714661 -7.827322006 2.232175726 0.518197830 -0.480565306
28 12.544494629 0.000013351 -0.000030518 -0.196954269 0.193260333 0.283503972
29 19.343734741 -0.000015259 -0.000022888 0.064445796 -0.059364163 -0.553454946
30 19.343750000 -0.000022888 -0.000034332 0.042284753 0.149836197 0.075136813
31 19.343750000 -0.000030518 0.000015259 0.113993149 -0.017815890 0.066608475
32 -0.019668579 -12.396473885 -3.323646545 1.943104759 0.309808744 -0.486149565
33 11.042060852 0.000020981 -0.000030518 -0.371264135 -0.031868899 0.124897935
34 19.073440552 0.000000000 -0.000038147 -0.013374669 0.179186526 -0.545665874
35 19.073356628 -0.000022888 -0.000015259 0.040099629 0.117960284 0.170171767
36 19.073875427 -0.000022888 0.000007629 -0.009033129 -0.065713894 0.155909529
37 0.143402100 -12.177963257 2.328496933 1.467806205 -0.014514752 -0.437293015
38 10.827308655 0.000019073 -0.000038147 -0.172653968 -0.044147529 0.056776885
39 18.731552124 0.000009537 -0.000015259 -0.085888540 0.300551284 -0.766629190
40 18.731613159 -0.000007629 -0.000030518 0.026523482 0.069566124 0.154478629
41 18.732204437 -0.000015259 -0.000019073 -0.220134146 -0.107909716 0.113384268
42 0.706604004 -9.159461975 6.887687683 0.967587814 -0.151109472 -0.172072042
43 10.843414307 0.000005722 -0.000022888 -0.054477537 -0.245251590 0.092264328
44 18.864501953 0.000021935 -0.000015259 -0.272436278 0.566421278 -0.944060695
45 18.864494324 0.000000000 0.000000000 0.010090665 0.013139262 0.139585745
46 18.864952087 0.000000000 -0.000026703 -0.340032231 -0.049513343 0.034083318
47 0.843017578 -2.753786802 9.486438751 0.704226287 -0.079110722 -0.038098473
48 10.832717896 0.000011444 0.000001907 -0.347821469 -0.301670043 0.161109605
49 19.399505615 0.000010967 -0.000038147 -0.329204706 0.971894958 -0.584707737
50 19.399688721 0.000011444 -0.000015259 -0.002320625 -0.113680380 0.100030769
51 19.400085449 0.000000000 -0.000007629 -0.178677299 -0.010086383 -0.013916070
52 0.161651611 1.532158971 -10.638370514 -2.974192137 0.639081789 0.088065975
53 14.463706970 -0.000005722 -0.000015259 0.070036087 0.250054002 -0.078095716
54 20.708976746 -0.000018120 0.000000000 -0.013539852 -0.274904495 0.160110939
55 20.709014893 -0.000009537 0.000034332 -0.004178745 0.220090240 -0.019740989
56 20.709583282 -0.000013351 -0.000007629 -0.082541570 -0.037217577 0.013029009
57 0.118789673 3.636004925 -10.383041382 -2.401245177 0.565061607 0.391542835
58 14.125000000 -0.000017166 -0.000022888 -0.007241464 0.196026654 -0.130035173
59 20.265342712 -0.000001907 -0.000022888 -0.043481766 -0.169352163 0.384816424
60 20.265335083 0.000015259 0.000025749 -0.024043917 0.194613301 -0.057863545
61 20.265625000 -0.000015259 0.000022888 -0.137760652 -0.003771569 -0.014535210
62 0.430770874 8.824708939 -7.827404022 -2.232344826 0.518357241 0.480488594
63 12.544555664 0.000003815 -0.000015259 0.324691949 0.031625415 -0.126042638
64 19.343750000 -0.000015259 -0.000007629 -0.007351363 0.080107262 0.432060975
65 19.343750000 0.000022888 0.000003815 -0.039855247 0.175934445 -0.137519128
66 19.343750000 0.000015259 -0.000003815 -0.114083254 -0.020120212 -0.067515115
67 -0.019592285 12.396466255 -3.323732376 -1.943213384 0.309882999 0.486061135
68 11.042083740 -0.000015259 0.000000000 0.371087463 -0.031895815 -0.124810133
69 19.073387146 -0.000019073 -0.000030518 0.017259750 0.185534564 0.582880026
70 19.073371887 0.000007629 -0.000003815 -0.041795270 0.124169443 -0.147530036
71 19.073940277 0.000000000 0.000004768 0.124474257 -0.069449975 0.021978060
72 0.143447876 12.177963257 2.328411102 -1.442191274 0.040480718 0.437611505
73 10.827331543 -0.000022888 0.000015259 0.198171330 -0.037322629 -0.003276929
74 18.731567383 -0.000011444 0.000007629 0.071533608 0.327433869 0.698326791
75 18.731597900 0.000003815 -0.000045776 -0.033689261 0.058364482 -0.148197282
76 18.732131958 0.000007629 0.000051498 0.246302772 -0.088993855 -0.064484022
77 0.706604004 9.159473419 6.887775421 -0.946787695 -0.030960815 0.170229048
78 10.843368530 0.000001907 0.000015259 0.082377062 -0.142141351 0.043244059
79 18.864501953 -0.000007629 -0.000022888 0.140825804 0.537185852 0.682297588
80 18.864486694 0.000013351 0.000030518 -0.016662988 -0.045537816 -0.146187916
81 18.865077972 0.000000000 -0.000003815 0.307737754 -0.131912125 -0.120669200
82 0.842956543 2.753788710 9.486438751 -0.798787750 -0.255582426 0.159772105
83 10.832778931 0.000000000 0.000028610 0.343495634 -0.255001224 -0.120422484
84 19.399604797 0.000009537 -0.000034332 0.419599135 1.034428137 0.828885174
85 19.399604797 0.000010490 0.000000000 -0.023416414 0.012070018 -0.045810811
86 19.400199890 0.000015259 0.000007629 0.162591312 -0.159198510 -0.039495977
87 23.268295288 -2.187723637 -3.705861092 -1.456154893 0.000364046 -1.570479669
88 11.648437500 -0.000026703 0.000015259 0.250387236 0.378738583 0.020957725
89 19.962642670 1.182540894 -0.494804382 2.827724317 1.210077460 -0.137379431
90 25.357292175 1.346542358 -0.632682800 -2.072146667 0.704670212 1.318348033
91 10.585937500 -0.000011444 -0.000007629 -0.623342345 0.227380332 0.017522868
92 29.775838852 -0.000076294 -0.000114441 -0.113562321 0.064265100 -0.272790597
93 22.736850739 -0.004608154 -0.007431030 -0.966762742 0.096210942 -3.094126495
94 0.073730469 -0.706542969 -0.275878906 3.048320956 1.365534840 -1.274460394
95 13.120201111 -0.000007629 0.000007629 -1.041622552 0.036977205 -0.102744007
96 12.350082397 -0.000015259 -0.000017166 -0.877128479 -0.052561607 -0.162531599
97 15.541244507 -0.000007629 -0.000015259 -0.463883445 0.109926240 -0.370438882
98 14.906250000 0.000015259 -0.000015259 -0.589684099 0.336943129 -0.482252677
99 14.182769775 0.000007629 -0.000015259 -0.234571126 0.212174946 0.176175679
100 6.140625000 -0.523925781 -0.378906250 -1.562887966 1.340229818 -1.132923499
101 11.348449707 -0.000007629 -0.000022888 -2.586179463 -0.069402943 -0.032454827
102 12.005210876 0.000000000 -0.000038147 -0.479824016 -0.051622301 -0.164758983
103 15.865596771 -0.000030518 -0.000011444 -0.605886027 -0.007869250 -0.342725741
104 14.851562500 -0.000007629 -0.000015259 -0.545771184 0.296635872 0.144460092
105 12.538982391 -0.415008545 -0.272304535 -1.241938870 1.318301976 -1.040473776
106 10.619346619 0.000000000 0.000011444 3.120938046 -0.030833007 -0.009782382
107 12.043014526 0.000000000 -0.000007629 -0.192638510 0.048280472 -0.165575331
108 15.310409546 0.000007629 -0.000038147 -0.399153764 0.255395645 0.102929787
109 19.857929230 -0.000045776 -0.000026703 -1.283411678 1.315015090 -1.033472253
110 10.617187500 0.000000000 0.000015259 -0.318288122 -0.048303152 -0.015507053
111 11.091682434 -0.000015259 -0.000022888 -3.097065201 -0.159481543 -0.163270048
112 25.612312317 -0.000045776 -0.000190735 -1.074658047 -0.783877734 0.431600139
113 0.732421875 0.378173828 -0.043334961 -0.298448110 -0.042506783 0.541930270
114 9.421440125 0.000019073 -0.000061035 0.218950068 0.377269925 -0.396215787
115 3.208984375 -0.000005722 -0.000015259 -0.000887106 0.290614833 0.001091487
116 2.421077251 -0.000001907 0.000015259 0.021249011 0.054591079 -0.018763379
117 0.783203125 0.134643555 -0.023895264 -0.156336213 -0.123510422 0.279151765
118 9.940940857 0.000003815 -0.000015259 0.114060238 0.646232754 -0.147453852
119 3.403714180 -0.000000954 -0.000015259 0.018865861 0.370406614 -0.013678761
120 2.546600342 0.000000000 -0.000015259 0.002681258 0.359374847 -0.004074885
121 0.805175781 -0.000001907 0.000000000 -0.007963538 -0.147251916 0.014089588
122 9.898437500 -0.000007629 0.000030518 -0.026810585 0.713881890 -0.049893677
123 3.537049294 -0.000003815 -0.000045776 0.002653921 0.418281250 -0.054858271
124 2.507812500 0.000000000 0.000015259 -0.000854959 0.446729404 -0.052867130
125 0.821777344 -0.246826172 -0.028747559 0.155124828 -0.087466036 -0.272238366
126 9.687477112 -0.000015259 0.000000000 -0.190643667 0.692367257 0.197246273
127 3.679668427 0.000000954 0.000045776 0.007496425 0.490298822 -0.009513726
128 2.700592041 0.000003815 -0.000030518 -0.029288244 0.535711386 0.015594438
129 0.519042969 -0.395996094 -0.161987305 0.477878787 0.316754060 -0.763355711
130 6.753906250 0.000000000 -0.000038147 -0.904764200 0.147327600 0.061593977
131 4.462635040 -0.000017166 0.000000000 -0.075832845 0.021200604 0.281047450
132 22.736755371 0.004562378 -0.007324219 0.259262777 0.003974480 2.927913431
133 0.073669434 0.706542969 -0.276367188 -2.511805979 0.267826332 1.972099430
134 13.119308472 0.000015259 -0.000030518 0.798790729 0.074149484 -0.073919868
135 12.350982666 0.000000000 -0.000015259 0.385400240 -0.037258543 0.133844939
136 15.540866852 0.000000000 0.000000000 -0.253431519 -0.027048716 0.434756891
137 14.906250000 -0.000015259 -0.000007629 -0.525552205 -0.338584835 0.992557855
138 14.182876587 0.000003815 -0.000015259 -0.249886440 0.117038069 -0.292281263
139 6.140625000 0.523925781 -0.378662109 2.218412847 0.280378937 1.983195101
140 11.348999023 0.000015259 -0.000001907 2.214891091 0.100929001 0.115855145
141 12.004646301 -0.000007629 -0.000015259 -0.101165231 -0.067570013 0.110271397
142 15.865932465 0.000000000 0.000000000 -0.162663399 -0.250027965 0.285544194
143 14.851562500 -0.000007629 0.000000000 0.101079492 0.188920080 -0.294564220
144 12.539028168 0.414958954 -0.272766113 1.844646370 0.260458018 1.922716473
145 10.619094849 0.000007629 -0.000014305 2.779062604 0.103709722 0.142654491
146 12.043609619 0.000000000 -0.000015259 -0.439052903 -0.015945561 0.096720897
147 15.309890747 0.000007629 0.000000000 0.000342988 0.204426702 -0.264777836
148 19.857963562 0.000003815 0.000061035 1.881070014 0.246781596 1.915816030
149 10.618202209 0.000007629 -0.000008583 0.003530417 0.052585601 0.275022407
150 11.091812134 0.000007629 -0.000003815 2.749305466 -0.011745064 0.330748632
151 0.732421875 -0.378173828 -0.043029785 0.298829922 -0.043211786 -0.541974052
152 9.421350479 -0.000011444 0.000000000 -0.470241755 1.108872100 0.050969701
153 3.208984375 0.000000954 0.000015259 0.000857873 1.057455893 -0.001098300
154 2.421081543 -0.000001907 -0.000015259 0.043174526 0.819359608 0.045011662
155 0.783203125 -0.134643555 -0.023727417 0.156625597 -0.124254089 -0.279237635
156 9.941061020 -0.000013351 -0.000030518 -0.258870176 1.208138449 -0.026394740
157 3.403717041 -0.000000954 0.000022888 -0.009093961 0.939657871 -0.001132441
158 2.546569824 -0.000002861 -0.000022888 0.050622334 0.928087349 0.026112669
159 0.805175781 0.000003815 -0.000030518 0.007970885 -0.148203970 -0.014094421
160 9.898437500 -0.000006676 0.000015259 0.008520768 1.208195160 -0.016983373
161 3.537109375 -0.000002861 0.000000000 -0.000193491 0.912542382 0.000193491
162 2.507812500 0.000004768 0.000022888 0.000320821 0.943623568 -0.000320821
163 0.821777344 0.246826172 -0.027481079 -0.155297577 -0.088051341 0.272296809
164 9.687316895 -0.000003815 -0.000061035 0.342851519 1.121789534 -0.008737843
165 3.679641724 -0.000001907 0.000038147 -0.002974323 0.934332562 -0.000146806
166 2.700637817 0.000005722 -0.000015259 -0.032371169 0.978263485 -0.042071145
167 0.519531250 0.395996094 -0.161865234 -0.478495596 0.316187846 0.763124936
168 6.753906250 0.000000000 -0.000015259 0.300769486 0.115172368 -0.360966190
169 4.462741852 0.000003815 0.000015259 0.078557963 0.005930337 -0.087042230
170 86.264823914 0.000061035 -0.000015259 0.587903676 0.457491540 1.070263633
171 2.875000000 -0.000003815 0.000000000 -0.103394803 0.672646244 -0.393923729
172 8.134429932 0.000007629 -0.000015259 0.610255074 1.481235666 0.671422377
173 8.134384155 0.000015259 0.000000000 0.070152735 0.318728904 0.051172120
174 8.134399414 0.000000000 0.000011444 0.065316911 0.020941808 0.051819347
175 8.134384155 0.000011444 0.000000000 0.002208323 -0.065872719 0.092974441
176 8.134414673 0.000000000 0.000000000 0.002085350 -0.137708694 0.133025091
177 8.134380341 -0.000007629 0.000015259 -0.003541294 -0.218305775 0.205239311
178 8.134407043 -0.000015259 -0.000007629 -0.011361655 -0.314145956 0.323837747
179 8.132812500 -0.000015259 0.000007629 0.001834669 0.244746969 0.186954362
180 86.264823914 0.000061035 -0.000015259 -1.571182565 -0.000299841 -1.570496396
181 2.875000000 -0.000015259 0.000000000 0.290764701 0.745972224 0.637596590
182 8.134391785 0.000015259 -0.000022888 -0.136545474 0.180763885 -0.320615600
183 8.134387970 -0.000007629 0.000000000 -0.085526025 0.085961027 -0.029191405
184 8.134422302 -0.000015259 -0.000015259 -0.073546838 0.058729981 0.055397268
185 8.134407043 0.000003815 0.000000000 -0.277782608 0.068602873 0.059661894
186 8.134407043 -0.000003815 0.000045776 -0.244761300 0.036351632 0.145712344
187 8.134376526 0.000000000 0.000000000 -0.222165188 -0.035366912 0.261868234
188 8.134403229 -0.000011444 0.000015259 -0.209636917 -0.159788932 0.371765597
189 8.132812500 0.000011444 0.000015259 -0.004164739 0.007181471 -0.170265960
190 25.357349396 -1.346605301 -0.631912231 2.341073085 0.002776388 -1.213928129
191 10.586967468 0.000000000 -0.000030518 0.623796377 0.227411010 -0.017553744
192 19.962783813 -1.182556152 -0.493804932 -2.827724317 1.210077460 0.137379431
193 26.542907715 -0.000040991 5.258377075 -0.000098679 -0.575889304 -3.141563427
194 5.210937500 0.000002980 0.000007629 0.000000000 0.072781080 0.000000000
195 11.580825806 0.000008998 -0.000045776 0.000000000 0.373150501 0.000000000
196 30.590744019 -0.110147998 0.305732727 -0.001335181 0.101130724 0.012896604
197 7.470626831 0.014281273 0.148307800 -0.004169061 0.004030333 -0.012783420
198 9.858001709 6.173850536 -12.156158447 2.343721255 0.103353816 3.040407058
199 9.858200073 -6.068094254 -12.208475113 -2.352349825 0.104146931 -3.041265021
200 20.049407959 0.061229005 -14.093132019 3.134587295 0.926499159 3.136067236
201 5.580200195 -0.000002995 0.000015259 0.000000000 0.630581499 0.000000000
202 6.841262817 -0.000007011 -0.000022888 0.000000000 -0.052313914 0.000000000
203 6.916412354 -0.000002980 0.000003815 -0.284057675 0.169796178 -0.000010178
204 24.600067139 -1.878276467 -11.667308807 -2.002800253 -0.732025296 -0.963281651
205 24.600067139 -1.878276467 -11.667308807 -1.536345236 -0.230748013 -1.702389711
206 24.600067139 -1.878276467 -11.667308807 -1.665549243 0.097947933 -2.370679697
207 24.599975586 1.980150461 -11.650840759 2.009399481 -0.739004495 0.958897021
208 24.599975586 1.980150461 -11.650840759 1.535182712 -0.239155086 1.702686470
209 24.599975586 1.980150461 -11.650840759 1.659403831 0.091981346 2.370144970
210 7.570648193 3.876312256 6.930503845 -2.049238070 1.047095500 -0.535595520
211 7.418075562 -3.974507570 7.604156494 1.014907748 -1.024031318 -2.618339091
212 -86.807075500 0.000003206 0.000005000 0.000000000 0.000000000 0.000244115
213 0.000000000 -0.000000000 0.000000000 0.000000000 0.000000000 0.000244115
214 0.000000000 -0.000000000 0.000000000 0.000000000 0.000000000 0.000244115
215 0.000000000 -0.000000000 0.000000000 0.000000000 0.000000000 0.000244115
216 0.000000000 -0.000000000 0.000000000 0.000000000 0.000000000 0.000244115
217 0.000000000 -0.000000000 0.000000000 0.000000000 0.000000000 0.000244115
218 0.000000000 -0.000000000 0.000000000 0.000000000 0.000000000 0.000244115
219 0.000000000 -0.000000000 0.000000000 0.000000000 0.000000000 0.000244115
220 0.000000000 -0.000000000 0.000000000 0.000000000 0.000000000 0.000244115
221 0.000000000 -0.000000000 0.000000000 0.000000000 0.000000000 0.000244115
222 0.000000000 -0.000000000 0.000000000 0.000000000 0.000000000 0.000244115
223 0.000000000 -0.000000000 0.000000000 0.000000000 0.000000000 0.000244115
time 6
0 -0.000000060 1.368937969 24.454502106 -0.003819771 -0.377625326 -1.566902776
1 88.476776123 -0.000060002 -0.000010967 3.141592654 -0.000000000 3.141592654
2 -43.495712280 -0.000050006 4.662871361 -0.000431821 0.038240646 3.141584396
3 9.507720947 0.000008010 -0.000019073 0.000259512 0.075977006 0.000009863
4 23.267852783 2.189125061 -3.705418587 1.456154893 -0.000364046 1.571112984
5 11.648437500 0.000009537 0.000015259 0.905816063 0.172077900 -0.159485938
6 29.776103973 -0.000013351 -0.000167847 -0.000086027 0.003366362 0.000172489
7 25.612234116 -0.000009537 0.000045776 0.000584474 -0.069261301 -0.337331576
8 8.674331665 -1.907153130 -2.936569214 -0.551336544 -0.109697996 1.608018152
9 0.000000000 -0.000000000 0.000000000 0.000000000 0.000000000 0.000244115
10 -43.495712280 -0.000050006 4.662871361 0.000000000 0.091182069 0.000000000
11 21.580322266 10.273411751 -4.495082855 0.013832470 -0.084294670 0.162886143
12 45.674209595 0.000003815 0.000020027 -3.124484799 0.062527115 -0.002487635
13 55.039108276 -0.000009537 -0.000045776 -3.080927885 1.050546036 0.049738035
14 21.580261230 -10.273578644 -4.495067596 0.082999460 -0.696131333 -0.128954139
15 45.674209595 0.000036240 -0.000045776 2.903739127 0.756037141 -0.170434789
16 55.039115906 -0.000043869 -0.000034332 3.123815526 1.281212317 -0.022834941
17 0.161651611 -1.532186985 -10.638456345 2.974056503 0.639070174 -0.088201372
18 14.463714600 -0.000004768 0.000007629 -0.210373555 0.593586151 -0.030895814
19 20.708953857 -0.000013351 -0.000053406 0.076524059 -0.580102048 -0.134320321
20 20.709030151 -0.000011444 0.000026703 0.018836580 0.015729148 0.034938168
21 20.709548950 -0.000005722 0.000038147 0.087891822 0.025969349 -0.001104547
22 0.118835449 -3.636027813 -10.382875443 2.401122052 0.565010815 -0.391661065
23 14.125000000 -0.000019073 -0.000007629 0.014869314 0.242409869 0.164687742
24 20.265335083 -0.000005722 -0.000022888 0.087620133 -0.240356350 -0.386309926
25 20.265319824 -0.000022888 0.000011444 0.032353807 0.100460182 -0.001139342
26 20.265625000 -0.000015259 0.000007629 0.158498038 0.047245717 0.048621777
27 0.430801392 -8.824714661 -7.827322006 2.232175726 0.518197830 -0.480565306
28 12.544494629 0.000013351 -0.000030518 -0.159129973 0.224614011 0.322619110
29 19.343734741 -0.000015259 -0.000022888 0.085507515 -0.108217225 -0.613053874
30 19.343750000 -0.000022888 -0.000034332 0.040970367 0.091693881 -0.031914092
31 19.343750000 -0.000030518 0.000015259 0.146099018 0.009421160 0.115169086
32 -0.019668579 -12.396473885 -3.323646545 1.943104759 0.309808744 -0.486149565
33 11.042060852 0.000020981 -0.000030518 -0.371264135 -0.031868899 0.124897935
34 19.073440552 0.000000000 -0.000038147 -0.014394920 0.176969488 -0.577700597
35 19.073356628 -0.000022888 -0.000015259 0.038086510 0.109008887 0.041939238
36 19.073875427 -0.000022888 0.000007629 0.025112964 -0.064523510 0.208583558
37 0.143402100 -12.177963257 2.328496933 1.467806205 -0.014514752 -0.437293015
38 10.827308655 0.000019073 -0.000038147 -0.172653968 -0.044147529 0.056776885
39 18.731552124 0.000009537 -0.000015259 -0.092163623 0.303052982 -0.804567164
40 18.731613159 -0.000007629 -0.000030518 0.027572919 0.092407831 0.005768660
41 18.732204437 -0.000015259 -0.000019073 -0.220134146 -0.107909716 0.113384268
42 0.706604004 -9.159461975 6.887687683 0.967587814 -0.151109472 -0.172072042
43 10.843414307 0.000005722 -0.000022888 -0.054477537 -0.245251590 0.092264328
44 18.864501953 0.000021935 -0.000015259 -0.293620066 0.574677166 -0.992361585
45 18.864494324 0.000000000 0.000000000 0.012843569 0.095185226 -0.017017439
46 18.864952087 0.000000000 -0.000026703 -0.340032231 -0.049513343 0.034083318
47 0.843017578 -2.753786802 9.486438751 0.704226287 -0.079110722 -0.038098473
48 10.832717896 0.000011444 0.000001907 -0.347821469 -0.301670043 0.161109605
49 19.399505615 0.000010967 -0.000038147 -0.375496946 1.003901708 -0.641823102
50 19.399688721 0.000011444 -0.000015259 0.002099022 0.059034758 0.015519569
51 19.400085449 0.000000000 -0.000007629 -0.178677299 -0.010086383 -0.013916070
52 0.161651611 1.532158971 -10.638370514 -2.974192137 0.639081789 0.088065975
53 14.463706970 -0.000005722 -0.000015259 0.063098687 0.303787890 -0.088050667
54 20.708976746 -0.000018120 0.000000000 -0.021133327 -0.347151799 0.178767542
55 20.709014893 -0.000009537 0.000034332 0.000849862 0.106649233 0.007824948
56 20.709583282 -0.000013351 -0.000007629 -0.089224668 0.025149288 -0.001814049
57 0.118789673 3.636004925 -10.383041382 -2.401245177 0.565061607 0.391542835
58 14.125000000 -0.000017166 -0.000022888 -0.029914815 0.238052124 -0.163721048
59 20.265342712 -0.000001907 -0.000022888 -0.060018420 -0.230301157 0.428544326
60 20.265335083 0.000015259 0.000025749 -0.017007675 0.105764303 0.016733871
61 20.265625000 -0.000015259 0.000022888 -0.159362725 0.045053378 -0.050893416
62 0.430770874 8.824708939 -7.827404022 -2.232344826 0.518357241 0.480488594
63 12.544555664 0.000003815 -0.000015259 0.324691949 0.031625415 -0.126042638
64 19.343750000 -0.000015259 -0.000007629 -0.009160450 0.070933505 0.458524480
65 19.343750000 0.000022888 0.000003815 -0.032231185 0.135595620 -0.036281912
66 19.343750000 0.000015259 -0.000003815 -0.146110407 0.006474155 -0.116339917
67 -0.019592285 12.396466255 -3.323732376 -1.943213384 0.309882999 0.486061135
68 11.042083740 -0.000015259 0.000000000 0.371087463 -0.031895815 -0.124810133
69 19.073387146 -0.000019073 -0.000030518 0.018495855 0.183323312 0.614478707
70 19.073371887 0.000007629 -0.000003815 -0.038227419 0.114749209 -0.025717634
71 19.073940277 0.000000000 0.000004768 0.124474257 -0.069449975 0.021978060
72 0.143447876 12.177963257 2.328411102 -1.442191274 0.040480718 0.437611505
73 10.827331543 -0.000022888 0.000015259 0.198171330 -0.037322629 -0.003276929
74 18.731567383 -0.000011444 0.000007629 0.078655129 0.332453038 0.734531704
75 18.731597900 0.000003815 -0.000045776 -0.036263903 0.089288431 -0.014842127
76 18.732131958 0.000007629 0.000051498 0.246302772 -0.088993855 -0.064484022
77 0.706604004 9.159473419 6.887775421 -0.946787695 -0.030960815 0.170229048
78 10.843368530 0.000001907 0.000015259 0.082377062 -0.142141351 0.043244059
79 18.864501953 -0.000007629 -0.000022888 0.158150640 0.554187693 0.722970211
80 18.864486694 0.000013351 0.000030518 -0.028642887 0.047795043 -0.020631912
81 18.865077972 0.000000000 -0.000003815 0.307737754 -0.131912125 -0.120669200
82 0.842956543 2.753788710 9.486438751 -0.817683932 -0.310268474 0.195828770
83 10.832778931 0.000000000 0.000028610 0.343495634 -0.255001224 -0.120422484
84 19.399604797 0.000009537 -0.000034332 0.543438220 1.055967834 1.004849402
85 19.399604797 0.000010490 0.000000000 -0.030912243 0.168154728 0.024858162
86 19.400199890 0.000015259 0.000007629 0.162591312 -0.159198510 -0.039495977
87 23.268295288 -2.187723637 -3.705861092 -1.456154893 0.000364046 -1.570479669
88 11.648437500 -0.000026703 0.000015259 -0.001824668 0.365101718 0.017218434
89 19.962642670 1.182540894 -0.494804382 2.827724317 1.210077460 -0.137379431
90 25.357292175 1.346542358 -0.632682800 -2.091159578 0.506934059 1.344475628
91 10.585937500 -0.000011444 -0.000007629 -0.623342345 0.227380332 0.017522868
92 29.775838852 -0.000076294 -0.000114441 -0.113562321 0.064265100 -0.272790597
93 22.736850739 -0.004608154 -0.007431030 -0.966762742 0.096210942 -3.094126495
94 0.073730469 -0.706542969 -0.275878906 2.960614065 1.173774939 -1.354481789
95 13.120201111 -0.000007629 0.000007629 -1.032898765 0.097915572 -0.102824652
96 12.350082397 -0.000015259 -0.000017166 -0.863662443 0.000670686 -0.115753521
97 15.541244507 -0.000007629 -0.000015259 -0.411808652 0.089856543 -0.244421251
98 14.906250000 0.000015259 -0.000015259 -0.473928065 0.203517665 -0.306833162
99 14.182769775 0.000007629 -0.000015259 -0.234571126 0.212174946 0.176175679
100 6.140625000 -0.523925781 -0.378906250 -1.701541259 1.150973179 -1.275916529
101 11.348449707 -0.000007629 -0.000022888 -2.574637458 -0.063356726 -0.088365426
102 12.005210876 0.000000000 -0.000038147 -0.468528420 -0.009280131 -0.120325326
103 15.865596771 -0.000030518 -0.000011444 -0.571079367 0.009738838 -0.229865834
104 14.851562500 -0.000007629 -0.000015259 -0.545771184 0.296635872 0.144460092
105 12.538982391 -0.415008545 -0.272304535 -1.403168492 1.131925982 -1.217172349
106 10.619346619 0.000000000 0.000011444 3.129167124 -0.035548127 -0.063848462
107 12.043014526 0.000000000 -0.000007629 -0.175829578 0.065371692 -0.114101996
108 15.310409546 0.000007629 -0.000038147 -0.399153764 0.255395645 0.102929787
109 19.857929230 -0.000045776 -0.000026703 -1.444881852 1.129127586 -1.212155495
110 10.617187500 0.000000000 0.000015259 -0.307479935 -0.047994992 -0.068855014
111 11.091682434 -0.000015259 -0.000022888 -3.097065201 -0.159481543 -0.163270048
112 25.612312317 -0.000045776 -0.000190735 -1.074658047 -0.783877734 0.431600139
113 0.732421875 0.378173828 -0.043334961 -0.298448110 -0.042506783 0.541930270
114 9.421440125 0.000019073 -0.000061035 0.218950068 0.377269925 -0.396215787
115 3.208984375 -0.000005722 -0.000015259 -0.000887106 0.290614833 0.001091487
116 2.421077251 -0.000001907 0.000015259 0.021249011 0.054591079 -0.018763379
117 0.783203125 0.134643555 -0.023895264 -0.156336213 -0.123510422 0.279151765
118 9.940940857 0.000003815 -0.000015259 0.114060238 0.646232754 -0.147453852
119 3.403714180 -0.000000954 -0.000015259 0.018865861 0.370406614 -0.013678761
120 2.546600342 0.000000000 -0.000015259 0.002681258 0.359374847 -0.004074885
121 0.805175781 -0.000001907 0.000000000 -0.007963538 -0.147251916 0.014089588
122 9.898437500 -0.000007629 0.000030518 -0.026810585 0.713881890 -0.049893677
123 3.537049294 -0.000003815 -0.000045776 0.002653921 0.418281250 -0.054858271
124 2.507812500 0.000000000 0.000015259 -0.000854959 0.446729404 -0.052867130
125 0.821777344 -0.246826172 -0.028747559 0.155124828 -0.087466036 -0.272238366
126 9.687477112 -0.000015259 0.000000000 -0.190643667 0.692367257 0.197246273
127 3.679668427 0.000000954 0.000045776 0.007496425 0.490298822 -0.009513726
128 2.700592041 0.000003815 -0.000030518 -0.029288244 0.535711386 0.015594438
129 0.519042969 -0.395996094 -0.161987305 0.477878787 0.316754060 -0.763355711
130 6.753906250 0.000000000 -0.000038147 -0.904764200 0.147327600 0.061593977
131 4.462635040 -0.000017166 0.000000000 -0.075832845 0.021200604 0.281047450
132 22.736755371 0.004562378 -0.007324219 0.259262777 0.003974480 2.927913431
133 0.073669434 0.706542969 -0.276367188 -2.504738851 0.114016131 1.977487173
134 13.119308472 0.000015259 -0.000030518 0.795195960 0.125296126 -0.100507539
135 12.350982666 0.000000000 -0.000015259 0.385109789 0.006897819 0.046727125
136 15.540866852 0.000000000 0.000000000 -0.237258498 0.009708183 0.195881128
137 14.906250000 -0.000015259 -0.000007629 -0.293227548 -0.117419228 0.429387692
138 14.182876587 0.000003815 -0.000015259 -0.249886440 0.117038069 -0.292281263
139 6.140625000 0.523925781 -0.378662109 2.237428068 0.125821430 1.995025735
140 11.348999023 0.000015259 -0.000001907 2.221017637 0.126143658 0.161232120
141 12.004646301 -0.000007629 -0.000015259 -0.097213782 -0.010395812 0.042163157
142 15.865932465 0.000000000 0.000000000 -0.121223378 -0.084145052 0.137804218
143 14.851562500 -0.000007629 0.000000000 0.101079492 0.188920080 -0.294564220
144 12.539028168 0.414958954 -0.272766113 1.843457633 0.105963769 1.931316717
145 10.619094849 0.000007629 -0.000014305 2.783590403 0.109593844 0.192080280
146 12.043609619 0.000000000 -0.000015259 -0.441644959 0.016306046 0.028100723
147 15.309890747 0.000007629 0.000000000 0.000342988 0.204426702 -0.264777836
148 19.857963562 0.000003815 0.000061035 1.881136887 0.091877716 1.926989553
149 10.618202209 0.000007629 -0.000008583 0.000542639 0.062181183 0.321268351
150 11.091812134 0.000007629 -0.000003815 2.749305466 -0.011745064 0.330748632
151 0.732421875 -0.378173828 -0.043029785 0.298829922 -0.043211786 -0.541974052
152 9.421350479 -0.000011444 0.000000000 -0.470241755 1.108872100 0.050969701
153 3.208984375 0.000000954 0.000015259 0.000857873 1.057455893 -0.001098300
154 2.421081543 -0.000001907 -0.000015259 0.043174526 0.819359608 0.045011662
155 0.783203125 -0.134643555 -0.023727417 0.156625597 -0.124254089 -0.279237635
156 9.941061020 -0.000013351 -0.000030518 -0.258870176 1.208138449 -0.026394740
157 3.403717041 -0.000000954 0.000022888 -0.009093961 0.939657871 -0.001132441
158 2.546569824 -0.000002861 -0.000022888 0.050622334 0.928087349 0.026112669
159 0.805175781 0.000003815 -0.000030518 0.007970885 -0.148203970 -0.014094421
160 9.898437500 -0.000006676 0.000015259 0.008520768 1.208195160 -0.016983373
161 3.537109375 -0.000002861 0.000000000 -0.000193491 0.912542382 0.000193491
162 2.507812500 0.000004768 0.000022888 0.000320821 0.943623568 -0.000320821
163 0.821777344 0.246826172 -0.027481079 -0.155297577 -0.088051341 0.272296809
164 9.687316895 -0.000003815 -0.000061035 0.342851519 1.121789534 -0.008737843
165 3.679641724 -0.000001907 0.000038147 -0.002974323 0.934332562 -0.000146806
166 2.700637817 0.000005722 -0.000015259 -0.032371169 0.978263485 -0.042071145
167 0.519531250 0.395996094 -0.161865234 -0.478495596 0.316187846 0.763124936
168 6.753906250 0.000000000 -0.000015259 0.300769486 0.115172368 -0.360966190
169 4.462741852 0.000003815 0.000015259 0.078557963 0.005930337 -0.087042230
170 86.264823914 0.000061035 -0.000015259 0.587903676 0.457491540 1.070263633
171 2.875000000 -0.000003815 0.000000000 -0.103394803 0.672646244 -0.393923729
172 8.134429932 0.000007629 -0.000015259 -1.810993467 1.445048644 -1.889598923
173 8.134384155 0.000015259 0.000000000 0.059818092 0.354382209 -0.000953186
174 8.134399414 0.000000000 0.000011444 0.066073177 0.054296047 0.037910203
175 8.134384155 0.000011444 0.000000000 0.000084348 -0.009849248 0.070535846
176 8.134414673 0.000000000 0.000000000 -0.000883175 -0.044201095 0.086816294
177 8.134380341 -0.000007629 0.000015259 -0.010177456 -0.068501934 0.117618006
178 8.134407043 -0.000015259 -0.000007629 -0.025738889 -0.099607777 0.174794847
179 8.132812500 -0.000015259 0.000007629 0.001834669 0.244746969 0.186954362
180 86.264823914 0.000061035 -0.000015259 -1.570410029 0.000299841 -1.570496396
181 2.875000000 -0.000015259 0.000000000 0.290764701 0.745972224 0.637596590
182 8.134391785 0.000015259 -0.000022888 -0.111477930 0.045850340 -0.424031044
183 8.134387970 -0.000007629 0.000000000 -0.086905553 0.058219430 -0.066850725
184 8.134422302 -0.000015259 -0.000015259 -0.076915681 0.051934552 0.024961920
185 8.134407043 0.000003815 0.000000000 -0.285151305 0.059488289 0.009167830
186 8.134407043 -0.000003815 0.000045776 -0.254670264 0.039373240 0.053891662
187 8.134376526 0.000000000 0.000000000 -0.231141118 0.006633078 0.110254317
188 8.134403229 -0.000011444 0.000015259 -0.197763657 -0.044378634 0.164736912
189 8.132812500 0.000011444 0.000015259 -0.004164739 0.007181471 -0.170265960
190 25.357349396 -1.346605301 -0.631912231 2.440864182 -0.159523701 -1.149941173
191 10.586967468 0.000000000 -0.000030518 0.623796377 0.227411010 -0.017553744
192 19.962783813 -1.182556152 -0.493804932 -2.827724317 1.210077460 0.137379431
193 26.542907715 -0.000040991 5.258377075 -0.000098679 -0.575889304 -3.141563427
194 5.210937500 0.000002980 0.000007629 0.000000000 0.072781080 0.000000000
195 11.580825806 0.000008998 -0.000045776 0.000000000 0.373150501 0.000000000
196 30.590744019 -0.110147998 0.305732727 -0.001335181 0.101130724 0.012896604
197 7.470626831 0.014281273 0.148307800 -0.004169061 0.004030333 -0.012783420
198 9.858001709 6.173850536 -12.156158447 2.343721255 0.103353816 3.040407058
199 9.858200073 -6.068094254 -12.208475113 -2.352349825 0.104146931 -3.041265021
200 20.049407959 0.061229005 -14.093132019 3.134587295 0.926499159 3.136067236
201 5.580200195 -0.000002995 0.000015259 0.000000000 0.630581499 0.000000000
202 6.841262817 -0.000007011 -0.000022888 0.000000000 -0.052313914 0.000000000
203 6.916412354 -0.000002980 0.000003815 -0.284057675 0.169796178 -0.000010178
204 24.600067139 -1.878276467 -11.667308807 -2.002800253 -0.732025296 -0.963281651
205 24.600067139 -1.878276467 -11.667308807 -1.536345236 -0.230748013 -1.702389711
206 24.600067139 -1.878276467 -11.667308807 -1.665549243 0.097947933 -2.370679697
207 24.599975586 1.980150461 -11.650840759 2.009399481 -0.739004495 0.958897021
208 24.599975586 1.980150461 -11.650840759 1.535182712 -0.239155086 1.702686470
209 24.599975586 1.980150461 -11.650840759 1.659403831 0.091981346 2.370144970
210 7.570648193 3.876312256 6.930503845 -2.049238070 1.047095500 -0.535595520
211 7.418075562 -3.974507570 7.604156494 1.014907748 -1.024031318 -2.618339091
212 -86.807075500 0.000003206 0.000005000 0.000000000 0.000000000 0.000244115
213 0.000000000 -0.000000000 0.000000000 0.000000000 0.000000000 0.000244115
214 0.000000000 -0.000000000 0.000000000 0.000000000 0.000000000 0.000244115
215 0.000000000 -0.000000000 0.000000000 0.000000000 0.000000000 0.000244115
216 0.000000000 -0.000000000 0.000000000 0.000000000 0.000000000 0.000244115
217 0.000000000 -0.000000000 0.000000000 0.000000000 0.000000000 0.000244115
218 0.000000000 -0.000000000 0.000000000 0.000000000 0.000000000 0.000244115
219 0.000000000 -0.000000000 0.000000000 0.000000000 0.000000000 0.000244115
220 0.000000000 -0.000000000 0.000000000 0.000000000 0.000000000 0.000244115
221 0.000000000 -0.000000000 0.000000000 0.000000000 0.000000000 0.000244115
222 0.000000000 -0.000000000 0.000000000 0.000000000 0.000000000 0.000244115
223 0.000000000 -0.000000000 0.000000000 0.000000000 0.000000000 0.000244115
time 7
0 -0.000000072 1.656244993 26.195953369 -0.003868903 -0.164006080 -1.566927424
1 88.476776123 -0.000060002 -0.000010967 3.141592654 0.000000000 3.141592654
2 -43.495712280 -0.000050006 4.662871361 -0.000431821 0.038240646 3.141584396
3 9.507720947 0.000008010 -0.000019073 0.000259512 0.075977006 0.000009863
4 23.267852783 2.189125061 -3.705418587 1.456154893 -0.000364046 1.571112984
5 11.648437500 0.000009537 0.000015259 1.094380303 0.120476196 -0.182953582
6 29.776103973 -0.000013351 -0.000167847 -0.000086027 0.003366362 0.000172489
7 25.612234116 -0.000009537 0.000045776 0.000584474 -0.069261301 -0.337331576
8 8.674331665 -1.907153130 -2.936569214 -0.551336544 -0.109697996 1.608018152
9 0.000000000 -0.000000000 0.000000000 0.000000000 0.000000000 0.000244115
10 -43.495712280 -0.000050006 4.662871361 0.000000000 0.091182069 0.000000000
11 21.580322266 10.273411751 -4.495082855 0.013832470 -0.084294670 0.162886143
12 45.674209595 0.000003815 0.000020027 -3.124919720 -0.044163236 -0.004339914
13 55.039108276 -0.000009537 -0.000045776 -3.080927885 1.050546036 0.049738035
14 21.580261230 -10.273578644 -4.495067596 0.082999460 -0.696131333 -0.128954139
15 45.674209595 0.000036240 -0.000045776 2.964451275 0.616235818 -0.103600725
16 55.039115906 -0.000043869 -0.000034332 3.123815526 1.281212317 -0.022834941
17 0.161651611 -1.532186985 -10.638456345 2.974056503 0.639070174 -0.088201372
18 14.463714600 -0.000004768 0.000007629 -0.223901932 0.690373662 -0.046770952
19 20.708953857 -0.000013351 -0.000053406 0.099971956 -0.672839623 -0.168005843
20 20.709030151 -0.000011444 0.000026703 0.021459113 -0.056127412 0.016928032
21 20.709548950 -0.000005722 0.000038147 0.093749024 0.083547622 0.011878223
22 0.118835449 -3.636027813 -10.382875443 2.401122052 0.565010815 -0.391661065
23 14.125000000 -0.000019073 -0.000007629 0.039747783 0.278899542 0.193379236
24 20.265335083 -0.000005722 -0.000022888 0.105643248 -0.293225190 -0.414931507
25 20.265319824 -0.000022888 0.000011444 0.034075509 0.053762795 -0.043303854
26 20.265625000 -0.000015259 0.000007629 0.178176005 0.092671046 0.081519383
27 0.430801392 -8.824714661 -7.827322006 2.232175726 0.518197830 -0.480565306
28 12.544494629 0.000013351 -0.000030518 -0.124339697 0.251765190 0.357760136
29 19.343734741 -0.000015259 -0.000022888 0.107646258 -0.154504997 -0.653415635
30 19.343750000 -0.000022888 -0.000034332 0.043089801 0.059979286 -0.087962797
31 19.343750000 -0.000030518 0.000015259 0.175581639 0.034508949 0.159711699
32 -0.019668579 -12.396473885 -3.323646545 1.943104759 0.309808744 -0.486149565
33 11.042060852 0.000020981 -0.000030518 -0.371264135 -0.031868899 0.124897935
34 19.073440552 0.000000000 -0.000038147 -0.011158008 0.169640611 -0.592645828
35 19.073356628 -0.000022888 -0.000015259 0.038322361 0.108503591 -0.018669361
36 19.073875427 -0.000022888 0.000007629 0.056495516 -0.063555028 0.256986384
37 0.143402100 -12.177963257 2.328496933 1.467806205 -0.014514752 -0.437293015
38 10.827308655 0.000019073 -0.000038147 -0.172653968 -0.044147529 0.056776885
39 18.731552124 0.000009537 -0.000015259 -0.090537280 0.298146397 -0.820916549
40 18.731613159 -0.000007629 -0.000030518 0.027553835 0.106952013 -0.066919132
41 18.732204437 -0.000015259 -0.000019073 -0.220134146 -0.107909716 0.113384268
42 0.706604004 -9.159461975 6.887687683 0.967587814 -0.151109472 -0.172072042
43 10.843414307 0.000005722 -0.000022888 -0.054477537 -0.245251590 0.092264328
44 18.864501953 0.000021935 -0.000015259 -0.297514774 0.572591975 -1.011191365
45 18.864494324 0.000000000 0.000000000 0.010070325 0.139126782 -0.096593183
46 18.864952087 0.000000000 -0.000026703 -0.340032231 -0.049513343 0.034083318
47 0.843017578 -2.753786802 9.486438751 0.704226287 -0.079110722 -0.038098473
48 10.832717896 0.000011444 0.000001907 -0.347821469 -0.301670043 0.161109605
49 19.399505615 0.000010967 -0.000038147 -0.393049750 1.013705741 -0.664698323
50 19.399688721 0.000011444 -0.000015259 -0.001354736 0.150848015 -0.028236236
51 19.400085449 0.000000000 -0.000007629 -0.178677299 -0.010086383 -0.013916070
52 0.161651611 1.532158971 -10.638370514 -2.974192137 0.639081789 0.088065975
53 14.463706970 -0.000005722 -0.000015259 0.057290761 0.350963168 -0.097145326
54 20.708976746 -0.000018120 0.000000000 -0.028132556 -0.405117198 0.192436859
55 20.709014893 -0.000009537 0.000034332 0.002347549 0.047109749 0.022677068
56 20.709583282 -0.000013351 -0.000007629 -0.095362916 0.082503140 -0.015528590
57 0.118789673 3.636004925 -10.383041382 -2.401245177 0.565061607 0.391542835
58 14.125000000 -0.000017166 -0.000022888 -0.049804514 0.274966891 -0.194223129
59 20.265342712 -0.000001907 -0.000022888 -0.075746044 -0.282075722 0.458651639
60 20.265335083 0.000015259 0.000025749 -0.015879023 0.059259189 0.055928200
61 20.265625000 -0.000015259 0.000022888 -0.179230279 0.089958364 -0.084274964
62 0.430770874 8.824708939 -7.827404022 -2.232344826 0.518357241 0.480488594
63 12.544555664 0.000003815 -0.000015259 0.324691949 0.031625415 -0.126042638
64 19.343750000 -0.000015259 -0.000007629 -0.012660593 0.060398693 0.471614453
65 19.343750000 0.000022888 0.000003815 -0.030645254 0.120322608 0.010953586
66 19.343750000 0.000015259 -0.000003815 -0.175589587 0.030986175 -0.161222786
67 -0.019592285 12.396466255 -3.323732376 -1.943213384 0.309882999 0.486061135
68 11.042083740 -0.000015259 0.000000000 0.371087463 -0.031895815 -0.124810133
69 19.073387146 -0.000019073 -0.000030518 0.015732828 0.175964079 0.629874218
70 19.073371887 0.000007629 -0.000003815 -0.037674183 0.113866305 0.032356608
71 19.073940277 0.000000000 0.000004768 0.124474257 -0.069449975 0.021978060
72 0.143447876 12.177963257 2.328411102 -1.442191274 0.040480718 0.437611505
73 10.827331543 -0.000022888 0.000015259 0.198171330 -0.037322629 -0.003276929
74 18.731567383 -0.000011444 0.000007629 0.078523252 0.329000302 0.752149604
75 18.731597900 0.000003815 -0.000045776 -0.036834667 0.107449386 0.049898406
76 18.732131958 0.000007629 0.000051498 0.246302772 -0.088993855 -0.064484022
77 0.706604004 9.159473419 6.887775421 -0.946787695 -0.030960815 0.170229048
78 10.843368530 0.000001907 0.000015259 0.082377062 -0.142141351 0.043244059
79 18.864501953 -0.000007629 -0.000022888 0.163773023 0.557297839 0.743007069
80 18.864486694 0.000013351 0.000030518 -0.030996299 0.096959524 0.041713689
81 18.865077972 0.000000000 -0.000003815 0.307737754 -0.131912125 -0.120669200
82 0.842956543 2.753788710 9.486438751 -0.834155782 -0.360437159 0.228932981
83 10.832778931 0.000000000 0.000028610 0.343495634 -0.255001224 -0.120422484
84 19.399604797 0.000009537 -0.000034332 0.623997189 1.045843341 1.137427735
85 19.399604797 0.000010490 0.000000000 -0.029144087 0.252361314 0.074986868
86 19.400199890 0.000015259 0.000007629 0.162591312 -0.159198510 -0.039495977
87 23.268295288 -2.187723637 -3.705861092 -1.456154893 0.000364046 -1.570479669
88 11.648437500 -0.000026703 0.000015259 -0.233678700 0.352540792 0.013802675
89 19.962642670 1.182540894 -0.494804382 2.827724317 1.210077460 -0.137379431
90 25.357292175 1.346542358 -0.632682800 -2.128538462 0.321161841 1.352032361
91 10.585937500 -0.000011444 -0.000007629 -0.623342345 0.227380332 0.017522868
92 29.775838852 -0.000076294 -0.000114441 -0.113562321 0.064265100 -0.272790597
93 22.736850739 -0.004608154 -0.007431030 -0.966762742 0.096210942 -3.094126495
94 0.073730469 -0.706542969 -0.275878906 2.912319648 0.992834718 -1.397121648
95 13.120201111 -0.000007629 0.000007629 -1.022352518 0.149052211 -0.095410711
96 12.350082397 -0.000015259 -0.000017166 -0.855817482 0.022935617 -0.095210440
97 15.541244507 -0.000007629 -0.000015259 -0.391248352 0.085727710 -0.195759239
98 14.906250000 0.000015259 -0.000015259 -0.435067340 0.153832941 -0.228692264
99 14.182769775 0.000007629 -0.000015259 -0.234571126 0.212174946 0.176175679
100 6.140625000 -0.523925781 -0.378906250 -1.757452890 0.969517703 -1.337677310
101 11.348449707 -0.000007629 -0.000022888 -2.563036149 -0.052941429 -0.136189732
102 12.005210876 0.000000000 -0.000038147 -0.462028635 0.007643839 -0.101418877
103 15.865596771 -0.000030518 -0.000011444 -0.556431738 0.018857364 -0.189139225
104 14.851562500 -0.000007629 -0.000015259 -0.545771184 0.296635872 0.144460092
105 12.538982391 -0.415008545 -0.272304535 -1.460891304 0.950753790 -1.291361161
106 10.619346619 0.000000000 0.000011444 3.138141546 -0.035726238 -0.111621910
107 12.043014526 0.000000000 -0.000007629 -0.167371645 0.071932299 -0.092652321
108 15.310409546 0.000007629 -0.000038147 -0.399153764 0.255395645 0.102929787
109 19.857929230 -0.000045776 -0.000026703 -1.501689191 0.948130470 -1.287125335
110 10.617187500 0.000000000 0.000015259 -0.296408132 -0.045336729 -0.116744314
111 11.091682434 -0.000015259 -0.000022888 -3.097065201 -0.159481543 -0.163270048
112 25.612312317 -0.000045776 -0.000190735 -1.074658047 -0.783877734 0.431600139
113 0.732421875 0.378173828 -0.043334961 -0.298448110 -0.042506783 0.541930270
114 9.421440125 0.000019073 -0.000061035 0.218950068 0.377269925 -0.396215787
115 3.208984375 -0.000005722 -0.000015259 -0.000887106 0.290614833 0.001091487
116 2.421077251 -0.000001907 0.000015259 0.021249011 0.054591079 -0.018763379
117 0.783203125 0.134643555 -0.023895264 -0.156336213 -0.123510422 0.279151765
118 9.940940857 0.000003815 -0.000015259 0.114060238 0.646232754 -0.147453852
119 3.403714180 -0.000000954 -0.000015259 0.018865861 0.370406614 -0.013678761
120 2.546600342 0.000000000 -0.000015259 0.002681258 0.359374847 -0.004074885
121 0.805175781 -0.000001907 0.000000000 -0.007963538 -0.147251916 0.014089588
122 9.898437500 -0.000007629 0.000030518 -0.026810585 0.713881890 -0.049893677
123 3.537049294 -0.000003815 -0.000045776 0.002653921 0.418281250 -0.054858271
124 2.507812500 0.000000000 0.000015259 -0.000854959 0.446729404 -0.052867130
125 0.821777344 -0.246826172 -0.028747559 0.155124828 -0.087466036 -0.272238366
126 9.687477112 -0.000015259 0.000000000 -0.190643667 0.692367257 0.197246273
127 3.679668427 0.000000954 0.000045776 0.007496425 0.490298822 -0.009513726
128 2.700592041 0.000003815 -0.000030518 -0.029288244 0.535711386 0.015594438
129 0.519042969 -0.395996094 -0.161987305 0.477878787 0.316754060 -0.763355711
130 6.753906250 0.000000000 -0.000038147 -0.904764200 0.147327600 0.061593977
131 4.462635040 -0.000017166 0.000000000 -0.075832845 0.021200604 0.281047450
132 22.736755371 0.004562378 -0.007324219 0.259262777 0.003974480 2.927913431
133 0.073669434 0.706542969 -0.276367188 -2.492920767 -0.023160710 1.991200230
134 13.119308472 0.000015259 -0.000030518 0.791082758 0.162835586 -0.124273959
135 12.350982666 0.000000000 -0.000015259 0.383443380 0.025932188 0.011365183
136 15.540866852 0.000000000 0.000000000 -0.233792917 0.018974750 0.105161746
137 14.906250000 -0.000015259 -0.000007629 -0.249950080 -0.027022419 0.224397253
138 14.182876587 0.000003815 -0.000015259 -0.249886440 0.117038069 -0.292281263
139 6.140625000 0.523925781 -0.378662109 2.265724936 -0.013063624 2.017812560
140 11.348999023 0.000015259 -0.000001907 2.227534881 0.151130899 0.195144663
141 12.004646301 -0.000007629 -0.000015259 -0.096267559 0.014271642 0.014608827
142 15.865932465 0.000000000 0.000000000 -0.110255745 -0.022619477 0.080806573
143 14.851562500 -0.000007629 0.000000000 0.101079492 0.188920080 -0.294564220
144 12.539028168 0.414958954 -0.272766113 1.846614764 -0.033104446 1.946024611
145 10.619094849 0.000007629 -0.000014305 2.787778808 0.117354484 0.231745416
146 12.043609619 0.000000000 -0.000015259 -0.443363527 0.031020766 0.000618162
147 15.309890747 0.000007629 0.000000000 0.000342988 0.204426702 -0.264777836
148 19.857963562 0.000003815 0.000061035 1.885592291 -0.047224370 1.944229219
149 10.618202209 0.000007629 -0.000008583 -0.002343581 0.071168814 0.361798013
150 11.091812134 0.000007629 -0.000003815 2.749305466 -0.011745064 0.330748632
151 0.732421875 -0.378173828 -0.043029785 0.298829922 -0.043211786 -0.541974052
152 9.421350479 -0.000011444 0.000000000 -0.470241755 1.108872100 0.050969701
153 3.208984375 0.000000954 0.000015259 0.000857873 1.057455893 -0.001098300
154 2.421081543 -0.000001907 -0.000015259 0.043174526 0.819359608 0.045011662
155 0.783203125 -0.134643555 -0.023727417 0.156625597 -0.124254089 -0.279237635
156 9.941061020 -0.000013351 -0.000030518 -0.258870176 1.208138449 -0.026394740
157 3.403717041 -0.000000954 0.000022888 -0.009093961 0.939657871 -0.001132441
158 2.546569824 -0.000002861 -0.000022888 0.050622334 0.928087349 0.026112669
159 0.805175781 0.000003815 -0.000030518 0.007970885 -0.148203970 -0.014094421
160 9.898437500 -0.000006676 0.000015259 0.008520768 1.208195160 -0.016983373
161 3.537109375 -0.000002861 0.000000000 -0.000193491 0.912542382 0.000193491
162 2.507812500 0.000004768 0.000022888 0.000320821 0.943623568 -0.000320821
163 0.821777344 0.246826172 -0.027481079 -0.155297577 -0.088051341 0.272296809
164 9.687316895 -0.000003815 -0.000061035 0.342851519 1.121789534 -0.008737843
165 3.679641724 -0.000001907 0.000038147 -0.002974323 0.934332562 -0.000146806
166 2.700637817 0.000005722 -0.000015259 -0.032371169 0.978263485 -0.042071145
167 0.519531250 0.395996094 -0.161865234 -0.478495596 0.316187846 0.763124936
168 6.753906250 0.000000000 -0.000015259 0.300769486 0.115172368 -0.360966190
169 4.462741852 0.000003815 0.000015259 0.078557963 0.005930337 -0.087042230
170 86.264823914 0.000061035 -0.000015259 0.587903676 0.457491540 1.070263633
171 2.875000000 -0.000003815 0.000000000 -0.103394803 0.672646244 -0.393923729
172 8.134429932 0.000007629 -0.000015259 -1.733149855 1.251614070 -1.966371461
173 8.134384155 0.000015259 0.000000000 0.042996830 0.376305264 -0.060904956
174 8.134399414 0.000000000 0.000011444 0.064107914 0.072938284 0.026105450
175 8.134384155 0.000011444 0.000000000 -0.002098084 0.013019402 0.062404840
176 8.134414673 0.000000000 0.000000000 -0.004544284 -0.011589844 0.068749319
177 8.134380341 -0.000007629 0.000015259 -0.014592892 -0.019375458 0.079493126
178 8.134407043 -0.000015259 -0.000007629 -0.028684238 -0.025432782 0.107295503
179 8.132812500 -0.000015259 0.000007629 0.001834669 0.244746969 0.186954362
180 86.264823914 0.000061035 -0.000015259 -1.570410029 0.000299841 -1.570496396
181 2.875000000 -0.000015259 0.000000000 0.290764701 0.745972224 0.637596590
182 8.134391785 0.000015259 -0.000022888 -0.076720220 -0.079196394 -0.511804769
183 8.134387970 -0.000007629 0.000000000 -0.088825791 0.031567590 -0.095454709
184 8.134422302 -0.000015259 -0.000015259 -0.081188518 0.047779274 0.010675315
185 8.134407043 0.000003815 0.000000000 -0.290680847 0.057589131 -0.007122668
186 8.134407043 -0.000003815 0.000045776 -0.262478192 0.039364352 0.025109040
187 8.134376526 0.000000000 0.000000000 -0.241260156 0.014831140 0.058468298
188 8.134403229 -0.000011444 0.000015259 -0.206923364 -0.012322075 0.082877556
189 8.132812500 0.000011444 0.000015259 -0.004164739 0.007181471 -0.170265960
190 25.357349396 -1.346605301 -0.631912231 2.560135952 -0.306553102 -1.053461921
191 10.586967468 0.000000000 -0.000030518 0.623796377 0.227411010 -0.017553744
192 19.962783813 -1.182556152 -0.493804932 -2.827724317 1.210077460 0.137379431
193 26.542907715 -0.000040991 5.258377075 -0.000098679 -0.575889304 -3.141563427
194 5.210937500 0.000002980 0.000007629 0.000000000 0.072781080 0.000000000
195 11.580825806 0.000008998 -0.000045776 0.000000000 0.373150501 0.000000000
196 30.590744019 -0.110147998 0.305732727 -0.001335181 0.101130724 0.012896604
197 7.470626831 0.014281273 0.148307800 -0.004169061 0.004030333 -0.012783420
198 9.858001709 6.173850536 -12.156158447 2.343721255 0.103353816 3.040407058
199 9.858200073 -6.068094254 -12.208475113 -2.352349825 0.104146931 -3.041265021
200 20.049407959 0.061229005 -14.093132019 3.134587295 0.926499159 3.136067236
201 5.580200195 -0.000002995 0.000015259 0.000000000 0.630581499 0.000000000
202 6.841262817 -0.000007011 -0.000022888 0.000000000 -0.052313914 0.000000000
203 6.916412354 -0.000002980 0.000003815 -0.284057675 0.169796178 -0.000010178
204 24.600067139 -1.878276467 -11.667308807 -2.002800253 -0.732025296 -0.963281651
205 24.600067139 -1.878276467 -11.667308807 -1.536345236 -0.230748013 -1.702389711
206 24.600067139 -1.878276467 -11.667308807 -1.665549243 0.097947933 -2.370679697
207 24.599975586 1.980150461 -11.650840759 2.009399481 -0.739004495 0.958897021
208 24.599975586 1.980150461 -11.650840759 1.535182712 -0.239155086 1.702686470
209 24.599975586 1.980150461 -11.650840759 1.659403831 0.091981346 2.370144970
210 7.570648193 3.876312256 6.930503845 -2.049238070 1.047095500 -0.535595520
211 7.418075562 -3.974507570 7.604156494 1.014907748 -1.024031318 -2.618339091
212 -86.807075500 0.000003206 0.000005000 0.000000000 0.000000000 0.000244115
213 0.000000000 -0.000000000 0.000000000 0.000000000 0.000000000 0.000244115
214 0.000000000 -0.000000000 0.000000000 0.000000000 0.000000000 0.000244115
215 0.000000000 -0.000000000 0.000000000 0.000000000 0.000000000 0.000244115
216 0.000000000 -0.000000000 0.000000000 0.000000000 0.000000000 0.000244115
217 0.000000000 -0.000000000 0.000000000 0.000000000 0.000000000 0.000244115
218 0.000000000 -0.000000000 0.000000000 0.000000000 0.000000000 0.000244115
219 0.000000000 -0.000000000 0.000000000 0.000000000 0.000000000 0.000244115
220 0.000000000 -0.000000000 0.000000000 0.000000000 0.000000000 0.000244115
221 0.000000000 -0.000000000 0.000000000 0.000000000 0.000000000 0.000244115
222 0.000000000 -0.000000000 0.000000000 0.000000000 0.000000000 0.000244115
223 0.000000000 -0.000000000 0.000000000 0.000000000 0.000000000 0.000244115
time 8
0 -0.000000083 1.892850041 27.630092621 -0.003861485 0.011832963 -1.566934842
1 88.476776123 -0.000060002 -0.000010967 3.141592654 -0.000000000 3.141592654
2 -43.495712280 -0.000050006 4.662871361 -0.000431821 0.038240646 3.141584396
3 9.507720947 0.000008010 -0.000019073 0.000259512 0.075977006 0.000009863
4 23.267852783 2.189125061 -3.705418587 1.456154893 -0.000364046 1.571112984
5 11.648437500 0.000009537 0.000015259 1.249729368 0.078121573 -0.202218986
6 29.776103973 -0.000013351 -0.000167847 -0.000086027 0.003366362 0.000172489
7 25.612234116 -0.000009537 0.000045776 0.000584474 -0.069261301 -0.337331576
8 8.674331665 -1.907153130 -2.936569214 -0.551336544 -0.109697996 1.608018152
9 0.000000000 -0.000000000 0.000000000 0.000000000 0.000000000 0.000244115
10 -43.495712280 -0.000050006 4.662871361 0.000000000 0.091182069 0.000000000
11 21.580322266 10.273411751 -4.495082855 0.013832470 -0.084294670 0.162886143
12 45.674209595 0.000003815 0.000020027 -3.125196665 -0.132117224 -0.005929170
13 55.039108276 -0.000009537 -0.000045776 -3.080927885 1.050546036 0.049738035
14 21.580261230 -10.273578644 -4.495067596 0.082999460 -0.696131333 -0.128954139
15 45.674209595 0.000036240 -0.000045776 3.014496236 0.500999614 -0.048540468
16 55.039115906 -0.000043869 -0.000034332 3.123815526 1.281212317 -0.022834941
17 0.161651611 -1.532186985 -10.638456345 2.974056503 0.639070174 -0.088201372
18 14.463714600 -0.000004768 0.000007629 -0.234460641 0.767899006 -0.059785441
19 20.708953857 -0.000013351 -0.000053406 0.121604920 -0.739338351 -0.197882131
20 20.709030151 -0.000011444 0.000026703 0.024748156 -0.111986118 0.004232586
21 20.709548950 -0.000005722 0.000038147 0.098498954 0.130953193 0.022659440
22 0.118835449 -3.636027813 -10.382875443 2.401122052 0.565010815 -0.391661065
23 14.125000000 -0.000019073 -0.000007629 0.060344847 0.307789632 0.216581223
24 20.265335083 -0.000005722 -0.000022888 0.120792504 -0.335878866 -0.429682969
25 20.265319824 -0.000022888 0.000011444 0.036834060 0.020754149 -0.071464735
26 20.265625000 -0.000015259 0.000007629 0.194378567 0.130045970 0.108592936
27 0.430801392 -8.824714661 -7.827322006 2.232175726 0.518197830 -0.480565306
28 12.544494629 0.000013351 -0.000030518 -0.095750811 0.273183319 0.386272212
29 19.343734741 -0.000015259 -0.000022888 0.128423554 -0.195468952 -0.675075851
30 19.343750000 -0.000022888 -0.000034332 0.046218638 0.036262699 -0.127571996
31 19.343750000 -0.000030518 0.000015259 0.199840083 0.055131916 0.196478776
32 -0.019668579 -12.396473885 -3.323646545 1.943104759 0.309808744 -0.486149565
33 11.042060852 0.000020981 -0.000030518 -0.371264135 -0.031868899 0.124897935
34 19.073440552 0.000000000 -0.000038147 -0.003825178 0.156918971 -0.596018404
35 19.073356628 -0.000022888 -0.000015259 0.039157474 0.110421045 -0.056726792
36 19.073875427 -0.000022888 0.000007629 0.082434059 -0.062649194 0.296810780
37 0.143402100 -12.177963257 2.328496933 1.467806205 -0.014514752 -0.437293015
38 10.827308655 0.000019073 -0.000038147 -0.172653968 -0.044147529 0.056776885
39 18.731552124 0.000009537 -0.000015259 -0.081666385 0.286292986 -0.820652113
40 18.731613159 -0.000007629 -0.000030518 0.027680391 0.118212267 -0.114651157
41 18.732204437 -0.000015259 -0.000019073 -0.220134146 -0.107909716 0.113384268
42 0.706604004 -9.159461975 6.887687683 0.967587814 -0.151109472 -0.172072042
43 10.843414307 0.000005722 -0.000022888 -0.054477537 -0.245251590 0.092264328
44 18.864501953 0.000021935 -0.000015259 -0.285899938 0.561446596 -1.005137461
45 18.864494324 0.000000000 0.000000000 0.006722416 0.170108658 -0.150133052
46 18.864952087 0.000000000 -0.000026703 -0.340032231 -0.049513343 0.034083318
47 0.843017578 -2.753786802 9.486438751 0.704226287 -0.079110722 -0.038098473
48 10.832717896 0.000011444 0.000001907 -0.347821469 -0.301670043 0.161109605
49 19.399505615 0.000010967 -0.000038147 -0.383516014 1.005603946 -0.656189538
50 19.399688721 0.000011444 -0.000015259 -0.005922993 0.213440584 -0.056895472
51 19.400085449 0.000000000 -0.000007629 -0.178677299 -0.010086383 -0.013916070
52 0.161651611 1.532158971 -10.638370514 -2.974192137 0.639081789 0.088065975
53 14.463706970 -0.000005722 -0.000015259 0.052863900 0.388632586 -0.104676108
54 20.708976746 -0.000018120 0.000000000 -0.033909608 -0.448571173 0.201424029
55 20.709014893 -0.000009537 0.000034332 0.002959685 0.006597635 0.033588776
56 20.709583282 -0.000013351 -0.000007629 -0.100311827 0.129781706 -0.026790362
57 0.118789673 3.636004925 -10.383041382 -2.401245177 0.565061607 0.391542835
58 14.125000000 -0.000017166 -0.000022888 -0.065637463 0.304383705 -0.219183548
59 20.265342712 -0.000001907 -0.000022888 -0.089168587 -0.323497986 0.476325876
60 20.265335083 0.000015259 0.000025749 -0.016318325 0.027120420 0.083627315
61 20.265625000 -0.000015259 0.000022888 -0.195629855 0.126986684 -0.111763570
62 0.430770874 8.824708939 -7.827404022 -2.232344826 0.518357241 0.480488594
63 12.544555664 0.000003815 -0.000015259 0.324691949 0.031625415 -0.126042638
64 19.343750000 -0.000015259 -0.000007629 -0.018001531 0.046930547 0.476916187
65 19.343750000 0.000022888 0.000003815 -0.030471909 0.113701768 0.040464395
66 19.343750000 0.000015259 -0.000003815 -0.199929787 0.051120886 -0.198161748
67 -0.019592285 12.396466255 -3.323732376 -1.943213384 0.309882999 0.486061135
68 11.042083740 -0.000015259 0.000000000 0.371087463 -0.031895815 -0.124810133
69 19.073387146 -0.000019073 -0.000030518 0.009249397 0.163509064 0.634717676
70 19.073371887 0.000007629 -0.000003815 -0.037928177 0.115756032 0.069593419
71 19.073940277 0.000000000 0.000004768 0.124474257 -0.069449975 0.021978060
72 0.143447876 12.177963257 2.328411102 -1.442191274 0.040480718 0.437611505
73 10.827331543 -0.000022888 0.000015259 0.198171330 -0.037322629 -0.003276929
74 18.731567383 -0.000011444 0.000007629 0.071963114 0.318087034 0.756256247
75 18.731597900 0.000003815 -0.000045776 -0.037247597 0.120888613 0.092573726
76 18.732131958 0.000007629 0.000051498 0.246302772 -0.088993855 -0.064484022
77 0.706604004 9.159473419 6.887775421 -0.946787695 -0.030960815 0.170229048
78 10.843368530 0.000001907 0.000015259 0.082377062 -0.142141351 0.043244059
79 18.864501953 -0.000007629 -0.000022888 0.159354314 0.549109622 0.746965030
80 18.864486694 0.000013351 0.000030518 -0.031553978 0.129796914 0.083273447
81 18.865077972 0.000000000 -0.000003815 0.307737754 -0.131912125 -0.120669200
82 0.842956543 2.753788710 9.486438751 -0.847144946 -0.401834379 0.256186788
83 10.832778931 0.000000000 0.000028610 0.343495634 -0.255001224 -0.120422484
84 19.399604797 0.000009537 -0.000034332 0.644469079 1.015497296 1.205207887
85 19.399604797 0.000010490 0.000000000 -0.023421557 0.311953881 0.122582088
86 19.400199890 0.000015259 0.000007629 0.162591312 -0.159198510 -0.039495977
87 23.268295288 -2.187723637 -3.705861092 -1.456154893 0.000364046 -1.570479669
88 11.648437500 -0.000026703 0.000015259 -0.424578787 0.342212726 0.011088499
89 19.962642670 1.182540894 -0.494804382 2.827724317 1.210077460 -0.137379431
90 25.357292175 1.346542358 -0.632682800 -2.173552466 0.169155912 1.345277666
91 10.585937500 -0.000011444 -0.000007629 -0.623342345 0.227380332 0.017522868
92 29.775838852 -0.000076294 -0.000114441 -0.113562321 0.064265100 -0.272790597
93 22.736850739 -0.004608154 -0.007431030 -0.966762742 0.096210942 -3.094126495
94 0.073730469 -0.706542969 -0.275878906 2.881584097 0.842764229 -1.424543565
95 13.120201111 -0.000007629 0.000007629 -1.009922646 0.198378368 -0.088034946
96 12.350082397 -0.000015259 -0.000017166 -0.847894031 0.035965805 -0.082828523
97 15.541244507 -0.000007629 -0.000015259 -0.381786697 0.085688570 -0.181298904
98 14.906250000 0.000015259 -0.000015259 -0.419109679 0.136787710 -0.202082932
99 14.182769775 0.000007629 -0.000015259 -0.234571126 0.212174946 0.176175679
100 6.140625000 -0.523925781 -0.378906250 -1.785001186 0.817625154 -1.371853850
101 11.348449707 -0.000007629 -0.000022888 -2.550906235 -0.043244779 -0.182293898
102 12.005210876 0.000000000 -0.000038147 -0.455482536 0.017381705 -0.090270619
103 15.865596771 -0.000030518 -0.000011444 -0.549024412 0.021936567 -0.178035741
104 14.851562500 -0.000007629 -0.000015259 -0.545771184 0.296635872 0.144460092
105 12.538982391 -0.415008545 -0.272304535 -1.482209583 0.797940970 -1.328458991
106 10.619346619 0.000000000 0.000011444 -3.135440847 -0.036315905 -0.157223726
107 12.043014526 0.000000000 -0.000007629 -0.160048085 0.076627994 -0.079996780
108 15.310409546 0.000007629 -0.000038147 -0.399153764 0.255395645 0.102929787
109 19.857929230 -0.000045776 -0.000026703 -1.521435757 0.795513556 -1.324060527
110 10.617187500 0.000000000 0.000015259 -0.284642722 -0.044163560 -0.162553334
111 11.091682434 -0.000015259 -0.000022888 -3.097065201 -0.159481543 -0.163270048
112 25.612312317 -0.000045776 -0.000190735 -1.074658047 -0.783877734 0.431600139
113 0.732421875 0.378173828 -0.043334961 -0.298448110 -0.042506783 0.541930270
114 9.421440125 0.000019073 -0.000061035 0.218950068 0.377269925 -0.396215787
115 3.208984375 -0.000005722 -0.000015259 -0.000887106 0.290614833 0.001091487
116 2.421077251 -0.000001907 0.000015259 0.021249011 0.054591079 -0.018763379
117 0.783203125 0.134643555 -0.023895264 -0.156336213 -0.123510422 0.279151765
118 9.940940857 0.000003815 -0.000015259 0.114060238 0.646232754 -0.147453852
119 3.403714180 -0.000000954 -0.000015259 0.018865861 0.370406614 -0.013678761
120 2.546600342 0.000000000 -0.000015259 0.002681258 0.359374847 -0.004074885
121 0.805175781 -0.000001907 0.000000000 -0.007963538 -0.147251916 0.014089588
122 9.898437500 -0.000007629 0.000030518 -0.026810585 0.713881890 -0.049893677
123 3.537049294 -0.000003815 -0.000045776 0.002653921 0.418281250 -0.054858271
124 2.507812500 0.000000000 0.000015259 -0.000854959 0.446729404 -0.052867130
125 0.821777344 -0.246826172 -0.028747559 0.155124828 -0.087466036 -0.272238366
126 9.687477112 -0.000015259 0.000000000 -0.190643667 0.692367257 0.197246273
127 3.679668427 0.000000954 0.000045776 0.007496425 0.490298822 -0.009513726
128 2.700592041 0.000003815 -0.000030518 -0.029288244 0.535711386 0.015594438
129 0.519042969 -0.395996094 -0.161987305 0.477878787 0.316754060 -0.763355711
130 6.753906250 0.000000000 -0.000038147 -0.904764200 0.147327600 0.061593977
131 4.462635040 -0.000017166 0.000000000 -0.075832845 0.021200604 0.281047450
132 22.736755371 0.004562378 -0.007324219 0.259262777 0.003974480 2.927913431
133 0.073669434 0.706542969 -0.276367188 -2.476317937 -0.127506872 2.013073822
134 13.119308472 0.000015259 -0.000030518 0.786176058 0.196941622 -0.151221931
135 12.350982666 0.000000000 -0.000015259 0.380506488 0.039071792 -0.009794795
136 15.540866852 0.000000000 0.000000000 -0.234314079 0.024000680 0.067941674
137 14.906250000 -0.000015259 -0.000007629 -0.241839096 0.002726562 0.143436759
138 14.182876587 0.000003815 -0.000015259 -0.249886440 0.117038069 -0.292281263
139 6.140625000 0.523925781 -0.378662109 2.303093313 -0.119364115 2.051732892
140 11.348999023 0.000015259 -0.000001907 2.235974545 0.180750661 0.225429609
141 12.004646301 -0.000007629 -0.000015259 -0.096857094 0.031140284 -0.002978665
142 15.865932465 0.000000000 0.000000000 -0.107634558 0.006470391 0.057489438
143 14.851562500 -0.000007629 0.000000000 0.101079492 0.188920080 -0.294564220
144 12.539028168 0.414958954 -0.272766113 1.856831790 -0.139705360 1.967043673
145 10.619094849 0.000007629 -0.000014305 2.793481035 0.129241801 0.269666860
146 12.043609619 0.000000000 -0.000015259 -0.445739756 0.041989151 -0.017042106
147 15.309890747 0.000007629 0.000000000 0.000342988 0.204426702 -0.264777836
148 19.857963562 0.000003815 0.000061035 1.897287561 -0.153417507 1.967542597
149 10.618202209 0.000007629 -0.000008583 -0.005868269 0.082813571 0.404050885
150 11.091812134 0.000007629 -0.000003815 2.749305466 -0.011745064 0.330748632
151 0.732421875 -0.378173828 -0.043029785 0.298829922 -0.043211786 -0.541974052
152 9.421350479 -0.000011444 0.000000000 -0.470241755 1.108872100 0.050969701
153 3.208984375 0.000000954 0.000015259 0.000857873 1.057455893 -0.001098300
154 2.421081543 -0.000001907 -0.000015259 0.043174526 0.819359608 0.045011662
155 0.783203125 -0.134643555 -0.023727417 0.156625597 -0.124254089 -0.279237635
156 9.941061020 -0.000013351 -0.000030518 -0.258870176 1.208138449 -0.026394740
157 3.403717041 -0.000000954 0.000022888 -0.009093961 0.939657871 -0.001132441
158 2.546569824 -0.000002861 -0.000022888 0.050622334 0.928087349 0.026112669
159 0.805175781 0.000003815 -0.000030518 0.007970885 -0.148203970 -0.014094421
160 9.898437500 -0.000006676 0.000015259 0.008520768 1.208195160 -0.016983373
161 3.537109375 -0.000002861 0.000000000 -0.000193491 0.912542382 0.000193491
162 2.507812500 0.000004768 0.000022888 0.000320821 0.943623568 -0.000320821
163 0.821777344 0.246826172 -0.027481079 -0.155297577 -0.088051341 0.272296809
164 9.687316895 -0.000003815 -0.000061035 0.342851519 1.121789534 -0.008737843
165 3.679641724 -0.000001907 0.000038147 -0.002974323 0.934332562 -0.000146806
166 2.700637817 0.000005722 -0.000015259 -0.032371169 0.978263485 -0.042071145
167 0.519531250 0.395996094 -0.161865234 -0.478495596 0.316187846 0.763124936
168 6.753906250 0.000000000 -0.000015259 0.300769486 0.115172368 -0.360966190
169 4.462741852 0.000003815 0.000015259 0.078557963 0.005930337 -0.087042230
170 86.264823914 0.000061035 -0.000015259 0.587903676 0.457491540 1.070263633
171 2.875000000 -0.000003815 0.000000000 -0.103394803 0.672646244 -0.393923729
172 8.134429932 0.000007629 -0.000015259 -1.554810840 1.085387403 -1.939412246
173 8.134384155 0.000015259 0.000000000 0.020546358 0.389170804 -0.123698659
174 8.134399414 0.000000000 0.000011444 0.056546233 0.088795971 0.012366643
175 8.134384155 0.000011444 0.000000000 -0.009804209 0.028519738 0.057361590
176 8.134414673 0.000000000 0.000000000 -0.013503312 0.004563736 0.061956107
177 8.134380341 -0.000007629 0.000015259 -0.025412068 -0.000642876 0.064935001
178 8.134407043 -0.000015259 -0.000007629 -0.042740456 -0.001581784 0.079570677
179 8.132812500 -0.000015259 0.000007629 0.001834669 0.244746969 0.186954362
180 86.264823914 0.000061035 -0.000015259 -1.570410029 0.000299841 -1.570496396
181 2.875000000 -0.000015259 0.000000000 0.290764701 0.745972224 0.637596590
182 8.134391785 0.000015259 -0.000022888 -0.039823287 -0.183299837 -0.580543794
183 8.134387970 -0.000007629 0.000000000 -0.091465344 0.007756982 -0.119754997
184 8.134422302 -0.000015259 -0.000015259 -0.086701853 0.044602295 0.000398241
185 8.134407043 0.000003815 0.000000000 -0.297207741 0.058431554 -0.014949457
186 8.134407043 -0.000003815 0.000045776 -0.269707389 0.040668711 0.015304755
187 8.134376526 0.000000000 0.000000000 -0.249383108 0.016826852 0.041913962
188 8.134403229 -0.000011444 0.000015259 -0.215728741 -0.004814292 0.054183492
189 8.132812500 0.000011444 0.000015259 -0.004164739 0.007181471 -0.170265960
190 25.357349396 -1.346605301 -0.631912231 2.685207191 -0.417890736 -0.925274711
191 10.586967468 0.000000000 -0.000030518 0.623796377 0.227411010 -0.017553744
192 19.962783813 -1.182556152 -0.493804932 -2.827724317 1.210077460 0.137379431
193 26.542907715 -0.000040991 5.258377075 -0.000098679 -0.575889304 -3.141563427
194 5.210937500 0.000002980 0.000007629 0.000000000 0.072781080 0.000000000
195 11.580825806 0.000008998 -0.000045776 0.000000000 0.373150501 0.000000000
196 30.590744019 -0.110147998 0.305732727 -0.001335181 0.101130724 0.012896604
197 7.470626831 0.014281273 0.148307800 -0.004169061 0.004030333 -0.012783420
198 9.858001709 6.173850536 -12.156158447 2.343721255 0.103353816 3.040407058
199 9.858200073 -6.068094254 -12.208475113 -2.352349825 0.104146931 -3.041265021
200 20.049407959 0.061229005 -14.093132019 3.134587295 0.926499159 3.136067236
201 5.580200195 -0.000002995 0.000015259 0.000000000 0.630581499 0.000000000
202 6.841262817 -0.000007011 -0.000022888 0.000000000 -0.052313914 0.000000000
203 6.916412354 -0.000002980 0.000003815 -0.284057675 0.169796178 -0.000010178
204 24.600067139 -1.878276467 -11.667308807 -2.002800253 -0.732025296 -0.963281651
205 24.600067139 -1.878276467 -11.667308807 -1.536345236 -0.230748013 -1.702389711
206 24.600067139 -1.878276467 -11.667308807 -1.665549243 0.097947933 -2.370679697
207 24.599975586 1.980150461 -11.650840759 2.009399481 -0.739004495 0.958897021
208 24.599975586 1.980150461 -11.650840759 1.535182712 -0.239155086 1.702686470
209 24.599975586 1.980150461 -11.650840759 1.659403831 0.091981346 2.370144970
210 7.570648193 3.876312256 6.930503845 -2.049238070 1.047095500 -0.535595520
211 7.418075562 -3.974507570 7.604156494 1.014907748 -1.024031318 -2.618339091
212 -86.807075500 0.000003206 0.000005000 0.000000000 0.000000000 0.000244115
213 0.000000000 -0.000000000 0.000000000 0.000000000 0.000000000 0.000244115
214 0.000000000 -0.000000000 0.000000000 0.000000000 0.000000000 0.000244115
215 0.000000000 -0.000000000 0.000000000 0.000000000 0.000000000 0.000244115
216 0.000000000 -0.000000000 0.000000000 0.000000000 0.000000000 0.000244115
217 0.000000000 -0.000000000 0.000000000 0.000000000 0.000000000 0.000244115
218 0.000000000 -0.000000000 0.000000000 0.000000000 0.000000000 0.000244115
219 0.000000000 -0.000000000 0.000000000 0.000000000 0.000000000 0.000244115
220 0.000000000 -0.000000000 0.000000000 0.000000000 0.000000000 0.000244115
221 0.000000000 -0.000000000 0.000000000 0.000000000 0.000000000 0.000244115
222 0.000000000 -0.000000000 0.000000000 0.000000000 0.000000000 0.000244115
223 0.000000000 -0.000000000 0.000000000 0.000000000 0.000000000 0.000244115
time 9
0 -0.000000090 2.053404093 28.603260040 -0.003809280 0.131217158 -1.566894460
1 88.476776123 -0.000060002 -0.000010967 3.141592654 -0.000000000 3.141592654
2 -43.495712280 -0.000050006 4.662871361 -0.000431821 0.038240646 3.141584396
3 9.507720947 0.000008010 -0.000019073 0.000259512 0.075977006 0.000009863
4 23.267852783 2.189125061 -3.705418587 1.456154893 -0.000364046 1.571112984
5 11.648437500 0.000009537 0.000015259 1.355138702 0.049360364 -0.215261095
6 29.776103973 -0.000013351 -0.000167847 -0.000086027 0.003366362 0.000172489
7 25.612234116 -0.000009537 0.000045776 0.000584474 -0.069261301 -0.337331576
8 8.674331665 -1.907153130 -2.936569214 -0.551336544 -0.109697996 1.608018152
9 0.000000000 -0.000000000 0.000000000 0.000000000 0.000000000 0.000244115
10 -43.495712280 -0.000050006 4.662871361 0.000000000 0.091182069 0.000000000
11 21.580322266 10.273411751 -4.495082855 0.013832470 -0.084294670 0.162886143
12 45.674209595 0.000003815 0.000020027 -3.125403470 -0.191782203 -0.006933727
13 55.039108276 -0.000009537 -0.000045776 -3.080927885 1.050546036 0.049738035
14 21.580261230 -10.273578644 -4.495067596 0.082999460 -0.696131333 -0.128954139
15 45.674209595 0.000036240 -0.000045776 3.048479380 0.422851094 -0.011249942
16 55.039115906 -0.000043869 -0.000034332 3.123815526 1.281212317 -0.022834941
17 0.161651611 -1.532186985 -10.638456345 2.974056503 0.639070174 -0.088201372
18 14.463714600 -0.000004768 0.000007629 -0.241393074 0.819510471 -0.068623926
19 20.708953857 -0.000013351 -0.000053406 0.130071033 -0.760820345 -0.208783660
20 20.709030151 -0.000011444 0.000026703 0.029361632 -0.175500018 -0.009689387
21 20.709548950 -0.000005722 0.000038147 0.101832417 0.163066679 0.029921057
22 0.118835449 -3.636027813 -10.382875443 2.401122052 0.565010815 -0.391661065
23 14.125000000 -0.000019073 -0.000007629 0.074290742 0.326833962 0.232163256
24 20.265335083 -0.000005722 -0.000022888 0.127474124 -0.358466828 -0.421814091
25 20.265319824 -0.000022888 0.000011444 0.041065843 -0.015459915 -0.101634732
26 20.265625000 -0.000015259 0.000007629 0.205404421 0.155423892 0.126988727
27 0.430801392 -8.824714661 -7.827322006 2.232175726 0.518197830 -0.480565306
28 12.544494629 0.000013351 -0.000030518 -0.076298666 0.287247369 0.405482840
29 19.343734741 -0.000015259 -0.000022888 0.141445443 -0.223368114 -0.665127437
30 19.343750000 -0.000022888 -0.000034332 0.051042595 0.008934617 -0.173025366
31 19.343750000 -0.000030518 0.000015259 0.216369255 0.069185363 0.221378014
32 -0.019668579 -12.396473885 -3.323646545 1.943104759 0.309808744 -0.486149565
33 11.042060852 0.000020981 -0.000030518 -0.371264135 -0.031868899 0.124897935
34 19.073440552 0.000000000 -0.000038147 0.007965095 0.138562573 -0.578842189
35 19.073356628 -0.000022888 -0.000015259 0.039862164 0.113472204 -0.099818087
36 19.073875427 -0.000022888 0.000007629 0.099993075 -0.062059385 0.323806433
37 0.143402100 -12.177963257 2.328496933 1.467806205 -0.014514752 -0.437293015
38 10.827308655 0.000019073 -0.000038147 -0.172653968 -0.044147529 0.056776885
39 18.731552124 0.000009537 -0.000015259 -0.063479278 0.265657910 -0.791572682
40 18.731613159 -0.000007629 -0.000030518 0.027096039 0.131674930 -0.170672535
41 18.732204437 -0.000015259 -0.000019073 -0.220134146 -0.107909716 0.113384268
42 0.706604004 -9.159461975 6.887687683 0.967587814 -0.151109472 -0.172072042
43 10.843414307 0.000005722 -0.000022888 -0.054477537 -0.245251590 0.092264328
44 18.864501953 0.000021935 -0.000015259 -0.251437003 0.536477602 -0.957741874
45 18.864494324 0.000000000 0.000000000 0.000479756 0.206948204 -0.213925979
46 18.864952087 0.000000000 -0.000026703 -0.340032231 -0.049513343 0.034083318
47 0.843017578 -2.753786802 9.486438751 0.704226287 -0.079110722 -0.038098473
48 10.832717896 0.000011444 0.000001907 -0.347821469 -0.301670043 0.161109605
49 19.399505615 0.000010967 -0.000038147 -0.332714563 0.967514794 -0.598578025
50 19.399688721 0.000011444 -0.000015259 -0.013460563 0.286033184 -0.089175028
51 19.400085449 0.000000000 -0.000007629 -0.178677299 -0.010086383 -0.013916070
52 0.161651611 1.532158971 -10.638370514 -2.974192137 0.639081789 0.088065975
53 14.463706970 -0.000005722 -0.000015259 0.050022626 0.413438667 -0.109736591
54 20.708976746 -0.000018120 0.000000000 -0.035914007 -0.465936600 0.201803952
55 20.709014893 -0.000009537 0.000034332 0.003035655 -0.036508295 0.046567663
56 20.709583282 -0.000013351 -0.000007629 -0.103740397 0.161863466 -0.034437330
57 0.118789673 3.636004925 -10.383041382 -2.401245177 0.565061607 0.391542835
58 14.125000000 -0.000017166 -0.000022888 -0.076034531 0.323748893 -0.235892451
59 20.265342712 -0.000001907 -0.000022888 -0.095420418 -0.344902925 0.472917272
60 20.265335083 0.000015259 0.000025749 -0.017716735 -0.007366142 0.115107878
61 20.265625000 -0.000015259 0.000022888 -0.206766175 0.152122187 -0.130493349
62 0.430770874 8.824708939 -7.827404022 -2.232344826 0.518357241 0.480488594
63 12.544555664 0.000003815 -0.000015259 0.324691949 0.031625415 -0.126042638
64 19.343750000 -0.000015259 -0.000007629 -0.025023211 0.031623709 0.468717819
65 19.343750000 0.000022888 0.000003815 -0.030351572 0.108457679 0.073498311
66 19.343750000 0.000015259 -0.000003815 -0.216384910 0.064790359 -0.223244333
67 -0.019592285 12.396466255 -3.323732376 -1.943213384 0.309882999 0.486061135
68 11.042083740 -0.000015259 0.000000000 0.371087463 -0.031895815 -0.124810133
69 19.073387146 -0.000019073 -0.000030518 -0.001481821 0.145552833 0.620924283
70 19.073371887 0.000007629 -0.000003815 -0.037876789 0.119111190 0.112743883
71 19.073940277 0.000000000 0.000004768 0.124474257 -0.069449975 0.021978060
72 0.143447876 12.177963257 2.328411102 -1.442191274 0.040480718 0.437611505
73 10.827331543 -0.000022888 0.000015259 0.198171330 -0.037322629 -0.003276929
74 18.731567383 -0.000011444 0.000007629 0.056848841 0.297234324 0.736524608
75 18.731597900 0.000003815 -0.000045776 -0.036851789 0.136726957 0.143154542
76 18.732131958 0.000007629 0.000051498 0.246302772 -0.088993855 -0.064484022
77 0.706604004 9.159473419 6.887775421 -0.946787695 -0.030960815 0.170229048
78 10.843368530 0.000001907 0.000015259 0.082377062 -0.142141351 0.043244059
79 18.864501953 -0.000007629 -0.000022888 0.139548393 0.524127299 0.723155084
80 18.864486694 0.000013351 0.000030518 -0.030492374 0.166422561 0.132783749
81 18.865077972 0.000000000 -0.000003815 0.307737754 -0.131912125 -0.120669200
82 0.842956543 2.753788710 9.486438751 -0.855650276 -0.429865840 0.274691191
83 10.832778931 0.000000000 0.000028610 0.343495634 -0.255001224 -0.120422484
84 19.399604797 0.000009537 -0.000034332 0.581232317 0.967983408 1.169930708
85 19.399604797 0.000010490 0.000000000 -0.010686188 0.379105200 0.188083184
86 19.400199890 0.000015259 0.000007629 0.162591312 -0.159198510 -0.039495977
87 23.268295288 -2.187723637 -3.705861092 -1.456154893 0.000364046 -1.570479669
88 11.648437500 -0.000026703 0.000015259 -0.554121612 0.335190016 0.009173425
89 19.962642670 1.182540894 -0.494804382 2.827724317 1.210077460 -0.137379431
90 25.357292175 1.346542358 -0.632682800 -2.211908878 0.083529595 1.326008399
91 10.585937500 -0.000011444 -0.000007629 -0.623342345 0.227380332 0.017522868
92 29.775838852 -0.000076294 -0.000114441 -0.113562321 0.064265100 -0.272790597
93 22.736850739 -0.004608154 -0.007431030 -0.966762742 0.096210942 -3.094126495
94 0.073730469 -0.706542969 -0.275878906 2.863925529 0.750585649 -1.442318989
95 13.120201111 -0.000007629 0.000007629 -0.995459371 0.253787621 -0.085658457
96 12.350082397 -0.000015259 -0.000017166 -0.837383149 0.049362550 -0.070926332
97 15.541244507 -0.000007629 -0.000015259 -0.376048132 0.085708409 -0.185634355
98 14.906250000 0.000015259 -0.000015259 -0.413655001 0.132379239 -0.206406719
99 14.182769775 0.000007629 -0.000015259 -0.234571126 0.212174946 0.176175679
100 6.140625000 -0.523925781 -0.378906250 -1.794644403 0.721944220 -1.387630095
101 11.348449707 -0.000007629 -0.000022888 -2.536920354 -0.037524684 -0.232718675
102 12.005210876 0.000000000 -0.000038147 -0.447038371 0.027516388 -0.080014825
103 15.865596771 -0.000030518 -0.000011444 -0.543620263 0.020516963 -0.181582264
104 14.851562500 -0.000007629 -0.000015259 -0.545771184 0.296635872 0.144460092
105 12.538982391 -0.415008545 -0.272304535 -1.484284134 0.700112125 -1.342402326
106 10.619346619 0.000000000 0.000011444 -3.124267021 -0.040131839 -0.205239136
107 12.043014526 0.000000000 -0.000007629 -0.151434700 0.084242014 -0.068179550
108 15.310409546 0.000007629 -0.000038147 -0.399153764 0.255395645 0.102929787
109 19.857929230 -0.000045776 -0.000026703 -1.521773678 0.697748045 -1.337239974
110 10.617187500 0.000000000 0.000015259 -0.271242364 -0.046746969 -0.210851134
111 11.091682434 -0.000015259 -0.000022888 -3.097065201 -0.159481543 -0.163270048
112 25.612312317 -0.000045776 -0.000190735 -1.074658047 -0.783877734 0.431600139
113 0.732421875 0.378173828 -0.043334961 -0.298448110 -0.042506783 0.541930270
114 9.421440125 0.000019073 -0.000061035 0.218950068 0.377269925 -0.396215787
115 3.208984375 -0.000005722 -0.000015259 -0.000887106 0.290614833 0.001091487
116 2.421077251 -0.000001907 0.000015259 0.021249011 0.054591079 -0.018763379
117 0.783203125 0.134643555 -0.023895264 -0.156336213 -0.123510422 0.279151765
118 9.940940857 0.000003815 -0.000015259 0.114060238 0.646232754 -0.147453852
119 3.403714180 -0.000000954 -0.000015259 0.018865861 0.370406614 -0.013678761
120 2.546600342 0.000000000 -0.000015259 0.002681258 0.359374847 -0.004074885
121 0.805175781 -0.000001907 0.000000000 -0.007963538 -0.147251916 0.014089588
122 9.898437500 -0.000007629 0.000030518 -0.026810585 0.713881890 -0.049893677
123 3.537049294 -0.000003815 -0.000045776 0.002653921 0.418281250 -0.054858271
124 2.507812500 0.000000000 0.000015259 -0.000854959 0.446729404 -0.052867130
125 0.821777344 -0.246826172 -0.028747559 0.155124828 -0.087466036 -0.272238366
126 9.687477112 -0.000015259 0.000000000 -0.190643667 0.692367257 0.197246273
127 3.679668427 0.000000954 0.000045776 0.007496425 0.490298822 -0.009513726
128 2.700592041 0.000003815 -0.000030518 -0.029288244 0.535711386 0.015594438
129 0.519042969 -0.395996094 -0.161987305 0.477878787 0.316754060 -0.763355711
130 6.753906250 0.000000000 -0.000038147 -0.904764200 0.147327600 0.061593977
131 4.462635040 -0.000017166 0.000000000 -0.075832845 0.021200604 0.281047450
132 22.736755371 0.004562378 -0.007324219 0.259262777 0.003974480 2.927913431
133 0.073669434 0.706542969 -0.276367188 -2.458853771 -0.169573940 2.038103065
134 13.119308472 0.000015259 -0.000030518 0.779059257 0.235873643 -0.189073142
135 12.350982666 0.000000000 -0.000015259 0.375418704 0.050692944 -0.035547024
136 15.540866852 0.000000000 0.000000000 -0.237640670 0.027469728 0.046540874
137 14.906250000 -0.000015259 -0.000007629 -0.242682374 0.013708717 0.112305168
138 14.182876587 0.000003815 -0.000015259 -0.249886440 0.117038069 -0.292281263
139 6.140625000 0.523925781 -0.378662109 2.341811464 -0.163014368 2.091049859
140 11.348999023 0.000015259 -0.000001907 2.247573059 0.221685669 0.259852833
141 12.004646301 -0.000007629 -0.000015259 -0.099866568 0.045682314 -0.026834915
142 15.865932465 0.000000000 0.000000000 -0.109666384 0.026940065 0.041838308
143 14.851562500 -0.000007629 0.000000000 0.101079492 0.188920080 -0.294564220
144 12.539028168 0.414958954 -0.272766113 1.872130934 -0.184158166 1.988614605
145 10.619094849 0.000007629 -0.000014305 2.802748434 0.150099943 0.314601741
146 12.043609619 0.000000000 -0.000015259 -0.449851966 0.051721951 -0.041067228
147 15.309890747 0.000007629 0.000000000 0.000342988 0.204426702 -0.264777836
148 19.857963562 0.000003815 0.000061035 1.914210030 -0.197099104 1.990847077
149 10.618202209 0.000007629 -0.000008583 -0.011798895 0.100051028 0.459884411
150 11.091812134 0.000007629 -0.000003815 2.749305466 -0.011745064 0.330748632
151 0.732421875 -0.378173828 -0.043029785 0.298829922 -0.043211786 -0.541974052
152 9.421350479 -0.000011444 0.000000000 -0.470241755 1.108872100 0.050969701
153 3.208984375 0.000000954 0.000015259 0.000857873 1.057455893 -0.001098300
154 2.421081543 -0.000001907 -0.000015259 0.043174526 0.819359608 0.045011662
155 0.783203125 -0.134643555 -0.023727417 0.156625597 -0.124254089 -0.279237635
156 9.941061020 -0.000013351 -0.000030518 -0.258870176 1.208138449 -0.026394740
157 3.403717041 -0.000000954 0.000022888 -0.009093961 0.939657871 -0.001132441
158 2.546569824 -0.000002861 -0.000022888 0.050622334 0.928087349 0.026112669
159 0.805175781 0.000003815 -0.000030518 0.007970885 -0.148203970 -0.014094421
160 9.898437500 -0.000006676 0.000015259 0.008520768 1.208195160 -0.016983373
161 3.537109375 -0.000002861 0.000000000 -0.000193491 0.912542382 0.000193491
162 2.507812500 0.000004768 0.000022888 0.000320821 0.943623568 -0.000320821
163 0.821777344 0.246826172 -0.027481079 -0.155297577 -0.088051341 0.272296809
164 9.687316895 -0.000003815 -0.000061035 0.342851519 1.121789534 -0.008737843
165 3.679641724 -0.000001907 0.000038147 -0.002974323 0.934332562 -0.000146806
166 2.700637817 0.000005722 -0.000015259 -0.032371169 0.978263485 -0.042071145
167 0.519531250 0.395996094 -0.161865234 -0.478495596 0.316187846 0.763124936
168 6.753906250 0.000000000 -0.000015259 0.300769486 0.115172368 -0.360966190
169 4.462741852 0.000003815 0.000015259 0.078557963 0.005930337 -0.087042230
170 86.264823914 0.000061035 -0.000015259 0.587903676 0.457491540 1.070263633
171 2.875000000 -0.000003815 0.000000000 -0.103394803 0.672646244 -0.393923729
172 8.134429932 0.000007629 -0.000015259 -1.371795976 0.967520677 -1.876553144
173 8.134384155 0.000015259 0.000000000 -0.008736632 0.404901600 -0.185600032
174 8.134399414 0.000000000 0.000011444 0.041169592 0.107025629 -0.004451819
175 8.134384155 0.000011444 0.000000000 -0.024915617 0.041156730 0.052507207
176 8.134414673 0.000000000 0.000000000 -0.029648008 0.013742323 0.058939750
177 8.134380341 -0.000007629 0.000015259 -0.042886723 0.006979449 0.059604490
178 8.134407043 -0.000015259 -0.000007629 -0.061824327 0.005701702 0.069788221
179 8.132812500 -0.000015259 0.000007629 0.001834669 0.244746969 0.186954362
180 86.264823914 0.000061035 -0.000015259 -1.571182610 -0.000299813 -1.570496398
181 2.875000000 -0.000015259 0.000000000 0.290764701 0.745972224 0.637596590
182 8.134391785 0.000015259 -0.000022888 -0.010843071 -0.256190863 -0.619577527
183 8.134387970 -0.000007629 0.000000000 -0.095054417 -0.012110216 -0.143257600
184 8.134422302 -0.000015259 -0.000015259 -0.093399127 0.042493703 -0.009764937
185 8.134407043 0.000003815 0.000000000 -0.305404982 0.060840049 -0.021860481
186 8.134407043 -0.000003815 0.000045776 -0.278595584 0.042896320 0.010636482
187 8.134376526 0.000000000 0.000000000 -0.259242759 0.017230117 0.036667839
188 8.134403229 -0.000011444 0.000015259 -0.226708869 -0.004646765 0.044664835
189 8.132812500 0.000011444 0.000015259 -0.004164739 0.007181471 -0.170265960
190 25.357349396 -1.346605301 -0.631912231 2.786293255 -0.461618842 -0.787743673
191 10.586967468 0.000000000 -0.000030518 0.623796377 0.227411010 -0.017553744
192 19.962783813 -1.182556152 -0.493804932 -2.827724317 1.210077460 0.137379431
193 26.542907715 -0.000040991 5.258377075 -0.000098679 -0.575889304 -3.141563427
194 5.210937500 0.000002980 0.000007629 0.000000000 0.072781080 0.000000000
195 11.580825806 0.000008998 -0.000045776 0.000000000 0.373150501 0.000000000
196 30.590744019 -0.110147998 0.305732727 -0.001335181 0.101130724 0.012896604
197 7.470626831 0.014281273 0.148307800 -0.004169061 0.004030333 -0.012783420
198 9.858001709 6.173850536 -12.156158447 2.343721255 0.103353816 3.040407058
199 9.858200073 -6.068094254 -12.208475113 -2.352349825 0.104146931 -3.041265021
200 20.049407959 0.061229005 -14.093132019 3.134587295 0.926499159 3.136067236
201 5.580200195 -0.000002995 0.000015259 0.000000000 0.630581499 0.000000000
202 6.841262817 -0.000007011 -0.000022888 0.000000000 -0.052313914 0.000000000
203 6.916412354 -0.000002980 0.000003815 -0.284057675 0.169796178 -0.000010178
204 24.600067139 -1.878276467 -11.667308807 -2.002800253 -0.732025296 -0.963281651
205 24.600067139 -1.878276467 -11.667308807 -1.536345236 -0.230748013 -1.702389711
206 24.600067139 -1.878276467 -11.667308807 -1.665549243 0.097947933 -2.370679697
207 24.599975586 1.980150461 -11.650840759 2.009399481 -0.739004495 0.958897021
208 24.599975586 1.980150461 -11.650840759 1.535182712 -0.239155086 1.702686470
209 24.599975586 1.980150461 -11.650840759 1.659403831 0.091981346 2.370144970
210 7.570648193 3.876312256 6.930503845 -2.049238070 1.047095500 -0.535595520
211 7.418075562 -3.974507570 7.604156494 1.014907748 -1.024031318 -2.618339091
212 -86.807075500 0.000003206 0.000005000 0.000000000 0.000000000 0.000244115
213 0.000000000 -0.000000000 0.000000000 0.000000000 0.000000000 0.000244115
214 0.000000000 -0.000000000 0.000000000 0.000000000 0.000000000 0.000244115
215 0.000000000 -0.000000000 0.000000000 0.000000000 0.000000000 0.000244115
216 0.000000000 -0.000000000 0.000000000 0.000000000 0.000000000 0.000244115
217 0.000000000 -0.000000000 0.000000000 0.000000000 0.000000000 0.000244115
218 0.000000000 -0.000000000 0.000000000 0.000000000 0.000000000 0.000244115
219 0.000000000 -0.000000000 0.000000000 0.000000000 0.000000000 0.000244115
220 0.000000000 -0.000000000 0.000000000 0.000000000 0.000000000 0.000244115
221 0.000000000 -0.000000000 0.000000000 0.000000000 0.000000000 0.000244115
222 0.000000000 -0.000000000 0.000000000 0.000000000 0.000000000 0.000244115
223 0.000000000 -0.000000000 0.000000000 0.000000000 0.000000000 0.000244115
time 10
0 -0.000000092 2.112555981 28.961795807 -0.003815712 0.175196099 -1.566885623
1 88.476776123 -0.000060002 -0.000010967 3.141592654 -0.000000000 3.141592654
2 -43.495712280 -0.000050006 4.662871361 -0.000431821 0.038240646 3.141584396
3 9.507720947 0.000008010 -0.000019073 0.000259512 0.075977006 0.000009863
4 23.267852783 2.189125061 -3.705418587 1.456154893 -0.000364046 1.571112984
5 11.648437500 0.000009537 0.000015259 1.393926127 0.038732187 -0.220075106
6 29.776103973 -0.000013351 -0.000167847 -0.000086027 0.003366362 0.000172489
7 25.612234116 -0.000009537 0.000045776 0.000584474 -0.069261301 -0.337331576
8 8.674331665 -1.907153130 -2.936569214 -0.551336544 -0.109697996 1.608018152
9 0.000000000 -0.000000000 0.000000000 0.000000000 0.000000000 0.000244115
10 -43.495712280 -0.000050006 4.662871361 0.000000000 0.091182069 0.000000000
11 21.580322266 10.273411751 -4.495082855 0.013832470 -0.084294670 0.162886143
12 45.674209595 0.000003815 0.000020027 -3.125444814 -0.213731428 -0.007288440
13 55.039108276 -0.000009537 -0.000045776 -3.080927885 1.050546036 0.049738035
14 21.580261230 -10.273578644 -4.495067596 0.082999460 -0.696131333 -0.128954139
15 45.674209595 0.000036240 -0.000045776 3.061019673 0.394065967 0.002582436
16 55.039115906 -0.000043869 -0.000034332 3.123815526 1.281212317 -0.022834941
17 0.161651611 -1.532186985 -10.638456345 2.974056503 0.639070174 -0.088201372
18 14.463714600 -0.000004768 0.000007629 -0.243942952 0.838156739 -0.071932034
19 20.708953857 -0.000013351 -0.000053406 0.107124321 -0.694362955 -0.174001734
20 20.709030151 -0.000011444 0.000026703 0.039637352 -0.291122067 -0.037050449
21 20.709548950 -0.000005722 0.000038147 0.102997013 0.174976769 0.032641926
22 0.118835449 -3.636027813 -10.382875443 2.401122052 0.565010815 -0.391661065
23 14.125000000 -0.000019073 -0.000007629 0.079471494 0.333737320 0.237856199
24 20.265335083 -0.000005722 -0.000022888 0.114418371 -0.337084778 -0.365065534
25 20.265319824 -0.000022888 0.000011444 0.051358572 -0.082523068 -0.160345641
26 20.265625000 -0.000015259 0.000007629 0.209469426 0.164735501 0.133766086
27 0.430801392 -8.824714661 -7.827322006 2.232175726 0.518197830 -0.480565306
28 12.544494629 0.000013351 -0.000030518 -0.069132594 0.292331228 0.412423771
29 19.343734741 -0.000015259 -0.000022888 0.133497057 -0.221446561 -0.585097800
30 19.343750000 -0.000022888 -0.000034332 0.063013644 -0.041544937 -0.264311177
31 19.343750000 -0.000030518 0.000015259 0.222405272 0.074373403 0.230566563
32 -0.019668579 -12.396473885 -3.323646545 1.943104759 0.309808744 -0.486149565
33 11.042060852 0.000020981 -0.000030518 -0.371264135 -0.031868899 0.124897935
34 19.073440552 0.000000000 -0.000038147 0.025671726 0.111669741 -0.507487730
35 19.073356628 -0.000022888 -0.000015259 0.039102139 0.119588770 -0.190826702
36 19.073875427 -0.000022888 0.000007629 0.106462372 -0.061872308 0.333840816
37 0.143402100 -12.177963257 2.328496933 1.467806205 -0.014514752 -0.437293015
38 10.827308655 0.000019073 -0.000038147 -0.172653968 -0.044147529 0.056776885
39 18.731552124 0.000009537 -0.000015259 -0.029327300 0.226689003 -0.690378593
40 18.731613159 -0.000007629 -0.000030518 0.021407179 0.158185884 -0.288714379
41 18.732204437 -0.000015259 -0.000019073 -0.220134146 -0.107909716 0.113384268
42 0.706604004 -9.159461975 6.887687683 0.967587814 -0.151109472 -0.172072042
43 10.843414307 0.000005722 -0.000022888 -0.054477537 -0.245251590 0.092264328
44 18.864501953 0.000021935 -0.000015259 -0.173980742 0.477120715 -0.815744355
45 18.864494324 0.000000000 0.000000000 -0.020910943 0.278490021 -0.346479057
46 18.864952087 0.000000000 -0.000026703 -0.340032231 -0.049513343 0.034083318
47 0.843017578 -2.753786802 9.486438751 0.704226287 -0.079110722 -0.038098473
48 10.832717896 0.000011444 0.000001907 -0.347821469 -0.301670043 0.161109605
49 19.399505615 0.000010967 -0.000038147 -0.217965920 0.853644782 -0.456506205
50 19.399688721 0.000011444 -0.000015259 -0.036493349 0.426925229 -0.155388323
51 19.400085449 0.000000000 -0.000007629 -0.178677299 -0.010086383 -0.013916070
52 0.161651611 1.532158971 -10.638370514 -2.974192137 0.639081789 0.088065975
53 14.463706970 -0.000005722 -0.000015259 0.048980094 0.422460958 -0.111695859
54 20.708976746 -0.000018120 0.000000000 -0.029454549 -0.427288386 0.183910022
55 20.709014893 -0.000009537 0.000034332 0.001709666 -0.115433742 0.072198140
56 20.709583282 -0.000013351 -0.000007629 -0.105024979 0.173675619 -0.037263266
57 0.118789673 3.636004925 -10.383041382 -2.401245177 0.565061607 0.391542835
58 14.125000000 -0.000017166 -0.000022888 -0.079821050 0.330789453 -0.242059105
59 20.265342712 -0.000001907 -0.000022888 -0.084412879 -0.322894216 0.424169410
60 20.265335083 0.000015259 0.000025749 -0.023082999 -0.070502746 0.177076763
61 20.265625000 -0.000015259 0.000022888 -0.210842908 0.161412860 -0.137357737
62 0.430770874 8.824708939 -7.827404022 -2.232344826 0.518357241 0.480488594
63 12.544555664 0.000003815 -0.000015259 0.324691949 0.031625415 -0.126042638
64 19.343750000 -0.000015259 -0.000007629 -0.032638475 0.018225822 0.423210083
65 19.343750000 0.000022888 0.000003815 -0.029147558 0.099047793 0.142415427
66 19.343750000 0.000015259 -0.000003815 -0.222482835 0.069867773 -0.232497223
67 -0.019592285 12.396466255 -3.323732376 -1.943213384 0.309882999 0.486061135
68 11.042083740 -0.000015259 0.000000000 0.371087463 -0.031895815 -0.124810133
69 19.073387146 -0.000019073 -0.000030518 -0.018075183 0.119346214 0.557243634
70 19.073371887 0.000007629 -0.000003815 -0.035395196 0.126489609 0.203740173
71 19.073940277 0.000000000 0.000004768 0.124474257 -0.069449975 0.021978060
72 0.143447876 12.177963257 2.328411102 -1.442191274 0.040480718 0.437611505
73 10.827331543 -0.000022888 0.000015259 0.198171330 -0.037322629 -0.003276929
74 18.731567383 -0.000011444 0.000007629 0.026241395 0.255723550 0.655806415
75 18.731597900 0.000003815 -0.000045776 -0.031647361 0.168697013 0.250193074
76 18.732131958 0.000007629 0.000051498 0.246302772 -0.088993855 -0.064484022
77 0.706604004 9.159473419 6.887775421 -0.946787695 -0.030960815 0.170229048
78 10.843368530 0.000001907 0.000015259 0.082377062 -0.142141351 0.043244059
79 18.864501953 -0.000007629 -0.000022888 0.090159260 0.459138333 0.633326473
80 18.864486694 0.000013351 0.000030518 -0.021193956 0.238121811 0.236676505
81 18.865077972 0.000000000 -0.000003815 0.307737754 -0.131912125 -0.120669200
82 0.842956543 2.753788710 9.486438751 -0.858773999 -0.440229294 0.281522233
83 10.832778931 0.000000000 0.000028610 0.343495634 -0.255001224 -0.120422484
84 19.399604797 0.000009537 -0.000034332 0.391099945 0.874909903 0.954818384
85 19.399604797 0.000010490 0.000000000 0.028707763 0.502241610 0.322730408
86 19.400199890 0.000015259 0.000007629 0.162591312 -0.159198510 -0.039495977
87 23.268295288 -2.187723637 -3.705861092 -1.456154893 0.000364046 -1.570479669
88 11.648437500 -0.000026703 0.000015259 -0.601787699 0.332581854 0.008552474
89 19.962642670 1.182540894 -0.494804382 2.827724317 1.210077460 -0.137379431
90 25.357292175 1.346542358 -0.632682800 -2.227728853 0.147734822 1.280498498
91 10.585937500 -0.000011444 -0.000007629 -0.623342345 0.227380332 0.017522868
92 29.775838852 -0.000076294 -0.000114441 -0.113562321 0.064265100 -0.272790597
93 22.736850739 -0.004608154 -0.007431030 -0.966762742 0.096210942 -3.094126495
94 0.073730469 -0.706542969 -0.275878906 2.856645592 0.771219755 -1.454978697
95 13.120201111 -0.000007629 0.000007629 -0.973849161 0.360463315 -0.098234754
96 12.350082397 -0.000015259 -0.000017166 -0.819739036 0.069366932 -0.052746407
97 15.541244507 -0.000007629 -0.000015259 -0.376355313 0.080135164 -0.225381509
98 14.906250000 0.000015259 -0.000015259 -0.419039866 0.131909641 -0.251929928
99 14.182769775 0.000007629 -0.000015259 -0.234571126 0.212174946 0.176175679
100 6.140625000 -0.523925781 -0.378906250 -1.788982091 0.737791822 -1.385198797
101 11.348449707 -0.000007629 -0.000022888 -2.511842408 -0.037590267 -0.328894598
102 12.005210876 0.000000000 -0.000038147 -0.433190919 0.043356786 -0.064180934
103 15.865596771 -0.000030518 -0.000011444 -0.540926912 0.006281483 -0.210467969
104 14.851562500 -0.000007629 -0.000015259 -0.545771184 0.296635872 0.144460092
105 12.538982391 -0.415008545 -0.272304535 -1.468298315 0.711479625 -1.328067709
106 10.619346619 0.000000000 0.000011444 -3.103967041 -0.052142964 -0.292706985
107 12.043014526 0.000000000 -0.000007629 -0.138522561 0.101248016 -0.049570602
108 15.310409546 0.000007629 -0.000038147 -0.399153764 0.255395645 0.102929787
109 19.857929230 -0.000045776 -0.000026703 -1.503906020 0.709426833 -1.320748865
110 10.617187500 0.000000000 0.000015259 -0.246603956 -0.057910371 -0.299700582
111 11.091682434 -0.000015259 -0.000022888 -3.097065201 -0.159481543 -0.163270048
112 25.612312317 -0.000045776 -0.000190735 -1.074658047 -0.783877734 0.431600139
113 0.732421875 0.378173828 -0.043334961 -0.298448110 -0.042506783 0.541930270
114 9.421440125 0.000019073 -0.000061035 0.218950068 0.377269925 -0.396215787
115 3.208984375 -0.000005722 -0.000015259 -0.000887106 0.290614833 0.001091487
116 2.421077251 -0.000001907 0.000015259 0.021249011 0.054591079 -0.018763379
117 0.783203125 0.134643555 -0.023895264 -0.156336213 -0.123510422 0.279151765
118 9.940940857 0.000003815 -0.000015259 0.114060238 0.646232754 -0.147453852
119 3.403714180 -0.000000954 -0.000015259 0.018865861 0.370406614 -0.013678761
120 2.546600342 0.000000000 -0.000015259 0.002681258 0.359374847 -0.004074885
121 0.805175781 -0.000001907 0.000000000 -0.007963538 -0.147251916 0.014089588
122 9.898437500 -0.000007629 0.000030518 -0.026810585 0.713881890 -0.049893677
123 3.537049294 -0.000003815 -0.000045776 0.002653921 0.418281250 -0.054858271
124 2.507812500 0.000000000 0.000015259 -0.000854959 0.446729404 -0.052867130
125 0.821777344 -0.246826172 -0.028747559 0.155124828 -0.087466036 -0.272238366
126 9.687477112 -0.000015259 0.000000000 -0.190643667 0.692367257 0.197246273
127 3.679668427 0.000000954 0.000045776 0.007496425 0.490298822 -0.009513726
128 2.700592041 0.000003815 -0.000030518 -0.029288244 0.535711386 0.015594438
129 0.519042969 -0.395996094 -0.161987305 0.477878787 0.316754060 -0.763355711
130 6.753906250 0.000000000 -0.000038147 -0.904764200 0.147327600 0.061593977
131 4.462635040 -0.000017166 0.000000000 -0.075832845 0.021200604 0.281047450
132 22.736755371 0.004562378 -0.007324219 0.259262777 0.003974480 2.927913431
133 0.073669434 0.706542969 -0.276367188 -2.450610895 -0.063719608 2.055610497
134 13.119308472 0.000015259 -0.000030518 0.758560788 0.325870839 -0.282041624
135 12.350982666 0.000000000 -0.000015259 0.366008830 0.064331786 -0.096784664
136 15.540866852 0.000000000 0.000000000 -0.244893775 0.027035508 0.028855149
137 14.906250000 -0.000015259 -0.000007629 -0.250477316 0.016099731 0.113226004
138 14.182876587 0.000003815 -0.000015259 -0.249886440 0.117038069 -0.292281263
139 6.140625000 0.523925781 -0.378662109 2.361215363 -0.051319852 2.122885203
140 11.348999023 0.000015259 -0.000001907 2.281377026 0.314688756 0.351462321
141 12.004646301 -0.000007629 -0.000015259 -0.107495402 0.062856626 -0.087902946
142 15.865932465 0.000000000 0.000000000 -0.118357393 0.046141776 0.022694767
143 14.851562500 -0.000007629 0.000000000 0.101079492 0.188920080 -0.294564220
144 12.539028168 0.414958954 -0.272766113 1.882096399 -0.072332034 1.993815646
145 10.619094849 0.000007629 -0.000014305 2.833996031 0.205309272 0.428497645
146 12.043609619 0.000000000 -0.000015259 -0.458295434 0.062405004 -0.105748980
147 15.309890747 0.000007629 0.000000000 0.000342988 0.204426702 -0.264777836
148 19.857963562 0.000003815 0.000061035 1.924844882 -0.083056029 1.995616897
149 10.618202209 0.000007629 -0.000008583 -0.023822439 0.138181784 0.604556465
150 11.091812134 0.000007629 -0.000003815 2.749305466 -0.011745064 0.330748632
151 0.732421875 -0.378173828 -0.043029785 0.298829922 -0.043211786 -0.541974052
152 9.421350479 -0.000011444 0.000000000 -0.470241755 1.108872100 0.050969701
153 3.208984375 0.000000954 0.000015259 0.000857873 1.057455893 -0.001098300
154 2.421081543 -0.000001907 -0.000015259 0.043174526 0.819359608 0.045011662
155 0.783203125 -0.134643555 -0.023727417 0.156625597 -0.124254089 -0.279237635
156 9.941061020 -0.000013351 -0.000030518 -0.258870176 1.208138449 -0.026394740
157 3.403717041 -0.000000954 0.000022888 -0.009093961 0.939657871 -0.001132441
158 2.546569824 -0.000002861 -0.000022888 0.050622334 0.928087349 0.026112669
159 0.805175781 0.000003815 -0.000030518 0.007970885 -0.148203970 -0.014094421
160 9.898437500 -0.000006676 0.000015259 0.008520768 1.208195160 -0.016983373
161 3.537109375 -0.000002861 0.000000000 -0.000193491 0.912542382 0.000193491
162 2.507812500 0.000004768 0.000022888 0.000320821 0.943623568 -0.000320821
163 0.821777344 0.246826172 -0.027481079 -0.155297577 -0.088051341 0.272296809
164 9.687316895 -0.000003815 -0.000061035 0.342851519 1.121789534 -0.008737843
165 3.679641724 -0.000001907 0.000038147 -0.002974323 0.934332562 -0.000146806
166 2.700637817 0.000005722 -0.000015259 -0.032371169 0.978263485 -0.042071145
167 0.519531250 0.395996094 -0.161865234 -0.478495596 0.316187846 0.763124936
168 6.753906250 0.000000000 -0.000015259 0.300769486 0.115172368 -0.360966190
169 4.462741852 0.000003815 0.000015259 0.078557963 0.005930337 -0.087042230
170 86.264823914 0.000061035 -0.000015259 0.587903676 0.457491540 1.070263633
171 2.875000000 -0.000003815 0.000000000 -0.103394803 0.672646244 -0.393923729
172 8.134429932 0.000007629 -0.000015259 -1.151660874 0.940957669 -1.685241504
173 8.134384155 0.000015259 0.000000000 -0.070275575 0.484788979 -0.277814789
174 8.134399414 0.000000000 0.000011444 0.008344455 0.149120512 -0.035473312
175 8.134384155 0.000011444 0.000000000 -0.054440297 0.045478852 0.052231586
176 8.134414673 0.000000000 0.000000000 -0.060711361 0.002996495 0.064515008
177 8.134380341 -0.000007629 0.000015259 -0.077123536 -0.005123812 0.062056517
178 8.134407043 -0.000015259 -0.000007629 -0.099446968 -0.004846927 0.069394034
179 8.132812500 -0.000015259 0.000007629 0.001834669 0.244746969 0.186954362
180 86.264823914 0.000061035 -0.000015259 -1.571182610 -0.000299813 -1.570496398
181 2.875000000 -0.000015259 0.000000000 0.290764701 0.745972224 0.637596590
182 8.134391785 0.000015259 -0.000022888 -0.011225558 -0.274051438 -0.587693235
183 8.134387970 -0.000007629 0.000000000 -0.099757764 -0.034396823 -0.192726346
184 8.134422302 -0.000015259 -0.000015259 -0.103111883 0.040323242 -0.032771665
185 8.134407043 0.000003815 0.000000000 -0.317177844 0.066750710 -0.033157425
186 8.134407043 -0.000003815 0.000045776 -0.290998805 0.043996787 0.009695044
187 8.134376526 0.000000000 0.000000000 -0.273198183 0.010819805 0.038769346
188 8.134403229 -0.000011444 0.000015259 -0.242293559 -0.013995023 0.042923956
189 8.132812500 0.000011444 0.000015259 -0.004164739 0.007181471 -0.170265960
190 25.357349396 -1.346605301 -0.631912231 2.820771884 -0.350216364 -0.683517808
191 10.586967468 0.000000000 -0.000030518 0.623796377 0.227411010 -0.017553744
192 19.962783813 -1.182556152 -0.493804932 -2.827724317 1.210077460 0.137379431
193 26.542907715 -0.000040991 5.258377075 -0.000098679 -0.575889304 -3.141563427
194 5.210937500 0.000002980 0.000007629 0.000000000 0.072781080 0.000000000
195 11.580825806 0.000008998 -0.000045776 0.000000000 0.373150501 0.000000000
196 30.590744019 -0.110147998 0.305732727 -0.001335181 0.101130724 0.012896604
197 7.470626831 0.014281273 0.148307800 -0.004169061 0.004030333 -0.012783420
198 9.858001709 6.173850536 -12.156158447 2.343721255 0.103353816 3.040407058
199 9.858200073 -6.068094254 -12.208475113 -2.352349825 0.104146931 -3.041265021
200 20.049407959 0.061229005 -14.093132019 3.134587295 0.926499159 3.136067236
201 5.580200195 -0.000002995 0.000015259 0.000000000 0.630581499 0.000000000
202 6.841262817 -0.000007011 -0.000022888 0.000000000 -0.052313914 0.000000000
203 6.916412354 -0.000002980 0.000003815 -0.284057675 0.169796178 -0.000010178
204 24.600067139 -1.878276467 -11.667308807 -2.002800253 -0.732025296 -0.963281651
205 24.600067139 -1.878276467 -11.667308807 -1.536345236 -0.230748013 -1.702389711
206 24.600067139 -1.878276467 -11.667308807 -1.665549243 0.097947933 -2.370679697
207 24.599975586 1.980150461 -11.650840759 2.009399481 -0.739004495 0.958897021
208 24.599975586 1.980150461 -11.650840759 1.535182712 -0.239155086 1.702686470
209 24.599975586 1.980150461 -11.650840759 1.659403831 0.091981346 2.370144970
210 7.570648193 3.876312256 6.930503845 -2.049238070 1.047095500 -0.535595520
211 7.418075562 -3.974507570 7.604156494 1.014907748 -1.024031318 -2.618339091
212 -86.807075500 0.000003206 0.000005000 0.000000000 0.000000000 0.000244115
213 0.000000000 -0.000000000 0.000000000 0.000000000 0.000000000 0.000244115
214 0.000000000 -0.000000000 0.000000000 0.000000000 0.000000000 0.000244115
215 0.000000000 -0.000000000 0.000000000 0.000000000 0.000000000 0.000244115
216 0.000000000 -0.000000000 0.000000000 0.000000000 0.000000000 0.000244115
217 0.000000000 -0.000000000 0.000000000 0.000000000 0.000000000 0.000244115
218 0.000000000 -0.000000000 0.000000000 0.000000000 0.000000000 0.000244115
219 0.000000000 -0.000000000 0.000000000 0.000000000 0.000000000 0.000244115
220 0.000000000 -0.000000000 0.000000000 0.000000000 0.000000000 0.000244115
221 0.000000000 -0.000000000 0.000000000 0.000000000 0.000000000 0.000244115
222 0.000000000 -0.000000000 0.000000000 0.000000000 0.000000000 0.000244115
223 0.000000000 -0.000000000 0.000000000 0.000000000 0.000000000 0.000244115
end
